Language, Program, PowerLimit, PSys, Package, Core, GPU, DRAM, Time(ms), User Time, System Time, Temperature, Memory, Perf
C, binary-trees, -1,  45.98, 25.39, 24.87, 0.00, 1.14, 977, 2636, 200, 48.8, , 1
C, binary-trees, -1,  46.52, 25.53, 25.01, 0.00, 1.15, 980, 2645, 195, 49.8, , 1
C, binary-trees, -1,  46.25, 25.26, 24.75, 0.00, 1.14, 975, 2638, 194, 49.5, , 1
C, binary-trees, -1,  46.34, 25.30, 24.79, 0.00, 1.14, 979, 2633, 205, 49.5, , 1
C, binary-trees, -1,  46.50, 25.28, 24.77, 0.00, 1.14, 976, 2625, 209, 50.0, , 1
C, binary-trees, -1,  46.52, 25.28, 24.77, 0.00, 1.15, 976, 2646, 188, 50.5, , 1
C, binary-trees, -1,  46.64, 25.30, 24.78, 0.00, 1.15, 978, 2631, 203, 50.8, , 1
C, binary-trees, -1,  46.59, 25.38, 24.86, 0.00, 1.15, 982, 2641, 197, 51.2, , 1
C, binary-trees, -1,  46.23, 25.30, 24.79, 0.00, 1.16, 977, 2626, 203, 50.5, , 1
C, binary-trees, -1,  46.09, 25.22, 24.71, 0.00, 1.15, 978, 2627, 209, 51.2, , 1
C, binary-trees, -1,  46.29, 25.18, 24.67, 0.00, 1.15, 977, 2627, 208, 51.2, , 1
C, binary-trees, -1,  46.60, 25.21, 24.69, 0.00, 1.15, 977, 2628, 205, 51.2, , 1
C, binary-trees, -1,  46.75, 25.28, 24.75, 0.00, 1.15, 978, 2627, 208, 51.0, , 1
C, binary-trees, -1,  46.59, 25.17, 24.66, 0.00, 1.14, 976, 2646, 195, 51.2, , 1
C, binary-trees, -1,  46.72, 25.23, 24.70, 0.00, 1.18, 980, 2629, 206, 51.0, , 1
C, binary-trees, -1,  46.98, 25.18, 24.66, 0.00, 1.15, 978, 2630, 208, 51.8, , 1
C, binary-trees, -1,  46.58, 25.07, 24.56, 0.00, 1.15, 976, 2634, 194, 52.2, , 1
C, binary-trees, -1,  46.44, 25.12, 24.60, 0.00, 1.14, 975, 2635, 195, 52.2, , 1
C, binary-trees, -1,  46.88, 25.17, 24.65, 0.00, 1.15, 979, 2658, 188, 52.5, , 1
C, binary-trees, -1,  46.68, 25.02, 24.50, 0.00, 1.15, 975, 2634, 195, 52.0, , 1
C, fannkuch-redux, -1,  94.59, 53.50, 52.81, 0.00, 1.01, 1968, 7812, 0, 52.8, , 1
C, fannkuch-redux, -1,  94.94, 53.52, 52.81, 0.00, 1.01, 1967, 7812, 0, 53.5, , 1
C, fannkuch-redux, -1,  94.44, 53.67, 52.96, 0.00, 1.01, 1968, 7811, 0, 53.8, , 1
C, fannkuch-redux, -1,  95.09, 53.81, 53.11, 0.00, 1.01, 1968, 7811, 0, 54.2, , 1
C, fannkuch-redux, -1,  94.91, 53.57, 52.86, 0.00, 1.01, 1968, 7811, 0, 54.8, , 1
C, fannkuch-redux, -1,  94.28, 53.48, 52.78, 0.00, 1.01, 1968, 7814, 0, 54.2, , 1
C, fannkuch-redux, -1,  95.14, 53.72, 53.02, 0.00, 1.01, 1968, 7812, 0, 54.5, , 1
C, fannkuch-redux, -1,  94.79, 53.58, 52.88, 0.00, 1.01, 1969, 7813, 0, 54.2, , 1
C, fannkuch-redux, -1,  95.05, 53.72, 53.02, 0.00, 1.01, 1968, 7811, 0, 54.2, , 1
C, fannkuch-redux, -1,  95.00, 53.79, 53.09, 0.00, 1.01, 1968, 7811, 2, 54.2, , 1
C, fannkuch-redux, -1,  94.74, 53.73, 53.04, 0.00, 1.01, 1968, 7812, 0, 55.2, , 1
C, fannkuch-redux, -1,  94.73, 53.71, 53.00, 0.00, 1.01, 1969, 7814, 0, 54.8, , 1
C, fannkuch-redux, -1,  94.72, 53.67, 52.96, 0.00, 1.01, 1968, 7813, 0, 54.8, , 1
C, fannkuch-redux, -1,  95.35, 53.79, 53.08, 0.00, 1.01, 1968, 7814, 0, 55.0, , 1
C, fannkuch-redux, -1,  95.08, 53.61, 52.91, 0.00, 1.01, 1967, 7813, 0, 54.8, , 1
C, fannkuch-redux, -1,  95.16, 53.53, 52.82, 0.00, 1.01, 1968, 7812, 0, 55.2, , 1
C, fannkuch-redux, -1,  95.39, 53.75, 53.06, 0.00, 1.01, 1969, 7813, 0, 55.2, , 1
C, fannkuch-redux, -1,  96.00, 53.73, 53.02, 0.00, 1.01, 1969, 7814, 0, 55.8, , 1
C, fannkuch-redux, -1,  94.99, 53.05, 52.35, 0.00, 1.03, 2005, 7961, 1, 56.0, , 1
C, fannkuch-redux, -1,  95.36, 53.85, 53.15, 0.00, 1.01, 1968, 7811, 1, 56.0, , 1
C, fasta, -1,  18.76, 6.63, 6.39, 0.00, 0.34, 666, 647, 19, 48.2, , 1
C, fasta, -1,  18.88, 6.58, 6.34, 0.00, 0.34, 664, 653, 11, 51.2, , 1
C, fasta, -1,  18.82, 6.60, 6.37, 0.00, 0.34, 664, 654, 10, 51.2, , 1
C, fasta, -1,  19.32, 6.76, 6.52, 0.00, 0.35, 669, 660, 8, 51.5, , 1
C, fasta, -1,  19.10, 6.54, 6.30, 0.00, 0.34, 664, 653, 10, 51.5, , 1
C, fasta, -1,  18.75, 6.39, 6.15, 0.00, 0.34, 663, 651, 11, 51.0, , 1
C, fasta, -1,  18.83, 6.51, 6.26, 0.00, 0.34, 664, 649, 15, 51.0, , 1
C, fasta, -1,  18.68, 6.37, 6.13, 0.00, 0.34, 664, 654, 9, 50.8, , 1
C, fasta, -1,  18.70, 6.40, 6.16, 0.00, 0.34, 663, 653, 9, 50.8, , 1
C, fasta, -1,  18.77, 6.41, 6.17, 0.00, 0.34, 664, 645, 18, 51.0, , 1
C, fasta, -1,  18.77, 6.46, 6.22, 0.00, 0.34, 664, 651, 13, 51.0, , 1
C, fasta, -1,  19.01, 6.54, 6.30, 0.00, 0.34, 664, 656, 8, 51.5, , 1
C, fasta, -1,  19.05, 6.48, 6.24, 0.00, 0.34, 665, 649, 16, 51.5, , 1
C, fasta, -1,  18.72, 6.56, 6.33, 0.00, 0.34, 664, 652, 11, 51.8, , 1
C, fasta, -1,  18.76, 6.49, 6.25, 0.00, 0.34, 663, 646, 16, 51.8, , 1
C, fasta, -1,  18.71, 6.38, 6.14, 0.00, 0.34, 664, 650, 12, 51.5, , 1
C, fasta, -1,  18.86, 6.39, 6.14, 0.00, 0.34, 664, 648, 15, 51.5, , 1
C, fasta, -1,  18.99, 6.44, 6.20, 0.00, 0.34, 663, 646, 16, 51.0, , 1
C, fasta, -1,  18.57, 6.39, 6.15, 0.00, 0.34, 664, 636, 27, 51.0, , 1
C, fasta, -1,  18.46, 6.43, 6.20, 0.00, 0.34, 664, 651, 12, 51.2, , 1
C, k-nucleotide, -1,  146.86, 79.15, 77.73, 0.00, 3.78, 3034, 9392, 98, 55.2, , 1
C, k-nucleotide, -1,  143.83, 77.79, 76.49, 0.00, 3.46, 2934, 9218, 96, 54.8, , 1
C, k-nucleotide, -1,  137.93, 75.92, 74.77, 0.00, 2.99, 2770, 8978, 111, 56.0, , 1
C, k-nucleotide, -1,  141.12, 76.87, 75.65, 0.00, 3.16, 2879, 9011, 92, 55.2, , 1
C, k-nucleotide, -1,  137.36, 76.09, 74.94, 0.00, 3.02, 2760, 8941, 112, 56.8, , 1
C, k-nucleotide, -1,  141.05, 77.00, 75.79, 0.00, 3.18, 2832, 9053, 104, 56.2, , 1
C, k-nucleotide, -1,  152.04, 80.70, 79.17, 0.00, 4.11, 3107, 9567, 111, 55.8, , 1
C, k-nucleotide, -1,  141.52, 77.09, 75.88, 0.00, 3.23, 2840, 9090, 90, 56.2, , 1
C, k-nucleotide, -1,  143.93, 78.10, 76.83, 0.00, 3.37, 2915, 9199, 89, 56.2, , 1
C, k-nucleotide, -1,  147.09, 79.48, 78.11, 0.00, 3.65, 2992, 9396, 65, 56.8, , 1
C, k-nucleotide, -1,  139.93, 76.66, 75.49, 0.00, 3.04, 2815, 8980, 83, 56.0, , 1
C, k-nucleotide, -1,  141.27, 77.42, 76.20, 0.00, 3.22, 2850, 9081, 105, 56.8, , 1
C, k-nucleotide, -1,  145.24, 78.72, 77.39, 0.00, 3.51, 2962, 9259, 86, 57.2, , 1
C, k-nucleotide, -1,  145.54, 78.76, 77.42, 0.00, 3.54, 2985, 9234, 94, 56.8, , 1
C, k-nucleotide, -1,  150.98, 81.07, 79.56, 0.00, 4.02, 3106, 9609, 97, 56.5, , 1
C, k-nucleotide, -1,  151.76, 81.17, 79.62, 0.00, 4.15, 3124, 9613, 86, 57.2, , 1
C, k-nucleotide, -1,  143.74, 78.17, 76.89, 0.00, 3.37, 2884, 9258, 96, 58.5, , 1
C, k-nucleotide, -1,  145.32, 78.55, 77.23, 0.00, 3.49, 2965, 9177, 102, 57.2, , 1
C, k-nucleotide, -1,  144.85, 78.38, 77.07, 0.00, 3.46, 2964, 9174, 100, 57.0, , 1
C, k-nucleotide, -1,  149.22, 80.39, 78.96, 0.00, 3.85, 3021, 9422, 89, 57.5, , 1
C, mandelbrot, -1,  47.01, 26.72, 26.39, 0.00, 0.49, 944, 3756, 18, 51.2, , 1
C, mandelbrot, -1,  47.29, 26.87, 26.53, 0.00, 0.49, 944, 3756, 16, 61.5, , 1
C, mandelbrot, -1,  46.87, 26.78, 26.45, 0.00, 0.49, 944, 3754, 17, 51.5, , 1
C, mandelbrot, -1,  46.82, 26.88, 26.56, 0.00, 0.49, 944, 3759, 14, 61.8, , 1
C, mandelbrot, -1,  49.45, 28.08, 27.71, 0.00, 0.53, 997, 3805, 7, 58.8, , 1
C, mandelbrot, -1,  47.76, 27.15, 26.81, 0.00, 0.50, 953, 3766, 6, 50.8, , 1
C, mandelbrot, -1,  47.35, 26.93, 26.59, 0.00, 0.49, 944, 3748, 25, 61.5, , 1
C, mandelbrot, -1,  46.85, 26.76, 26.43, 0.00, 0.49, 944, 3759, 13, 51.8, , 1
C, mandelbrot, -1,  47.19, 26.87, 26.53, 0.00, 0.49, 944, 3763, 10, 61.5, , 1
C, mandelbrot, -1,  46.89, 26.83, 26.49, 0.00, 0.49, 945, 3763, 12, 51.5, , 1
C, mandelbrot, -1,  47.31, 26.93, 26.58, 0.00, 0.49, 944, 3758, 15, 61.2, , 1
C, mandelbrot, -1,  46.89, 26.79, 26.46, 0.00, 0.49, 944, 3758, 15, 51.8, , 1
C, mandelbrot, -1,  47.22, 26.94, 26.60, 0.00, 0.49, 944, 3758, 14, 61.8, , 1
C, mandelbrot, -1,  46.96, 26.76, 26.42, 0.00, 0.49, 944, 3765, 8, 51.8, , 1
C, mandelbrot, -1,  47.13, 26.91, 26.56, 0.00, 0.49, 944, 3764, 8, 61.8, , 1
C, mandelbrot, -1,  46.92, 26.74, 26.41, 0.00, 0.49, 944, 3758, 13, 51.8, , 1
C, mandelbrot, -1,  47.14, 26.82, 26.47, 0.00, 0.49, 944, 3757, 16, 61.8, , 1
C, mandelbrot, -1,  46.82, 25.81, 25.45, 0.00, 0.51, 982, 3906, 17, 61.5, , 1
C, mandelbrot, -1,  47.15, 26.82, 26.49, 0.00, 0.49, 945, 3763, 13, 51.5, , 1
C, mandelbrot, -1,  47.24, 26.92, 26.59, 0.00, 0.49, 944, 3758, 14, 62.0, , 1
C, n-body, -1,  52.73, 19.92, 19.30, 0.00, 0.88, 1726, 1726, 0, 56.0, , 1
C, n-body, -1,  52.87, 19.98, 19.36, 0.00, 0.89, 1726, 1725, 1, 55.8, , 1
C, n-body, -1,  53.29, 20.05, 19.44, 0.00, 0.89, 1731, 1730, 1, 55.8, , 1
C, n-body, -1,  52.55, 19.75, 19.14, 0.00, 0.88, 1724, 1723, 1, 54.8, , 1
C, n-body, -1,  52.67, 19.90, 19.29, 0.00, 0.88, 1726, 1725, 1, 55.5, , 1
C, n-body, -1,  52.81, 19.70, 19.08, 0.00, 0.88, 1725, 1724, 0, 55.8, , 1
C, n-body, -1,  52.26, 19.84, 19.22, 0.00, 0.88, 1725, 1724, 1, 55.2, , 1
C, n-body, -1,  52.17, 19.75, 19.13, 0.00, 0.88, 1723, 1723, 0, 54.2, , 1
C, n-body, -1,  53.02, 19.70, 19.09, 0.00, 0.88, 1724, 1722, 1, 55.0, , 1
C, n-body, -1,  52.37, 19.59, 18.97, 0.00, 0.88, 1724, 1724, 0, 55.2, , 1
C, n-body, -1,  53.00, 19.83, 19.21, 0.00, 0.88, 1725, 1725, 0, 54.2, , 1
C, n-body, -1,  52.61, 19.80, 19.19, 0.00, 0.88, 1723, 1722, 0, 55.2, , 1
C, n-body, -1,  52.90, 19.66, 19.05, 0.00, 0.88, 1724, 1724, 0, 55.0, , 1
C, n-body, -1,  52.61, 19.60, 18.99, 0.00, 0.88, 1724, 1723, 1, 55.0, , 1
C, n-body, -1,  52.64, 19.59, 18.97, 0.00, 0.88, 1724, 1724, 0, 54.5, , 1
C, n-body, -1,  52.57, 19.59, 18.96, 0.00, 0.88, 1724, 1723, 0, 54.0, , 1
C, n-body, -1,  52.43, 19.45, 18.84, 0.00, 0.88, 1723, 1721, 1, 54.8, , 1
C, n-body, -1,  52.58, 19.51, 18.89, 0.00, 0.88, 1724, 1723, 0, 54.0, , 1
C, n-body, -1,  52.82, 19.45, 18.82, 0.00, 0.88, 1724, 1723, 1, 54.8, , 1
C, n-body, -1,  52.14, 19.46, 18.84, 0.00, 0.88, 1723, 1722, 0, 54.5, , 1
C, regex-redux, -1,  31.07, 15.90, 15.62, 0.00, 0.60, 704, 1760, 78, 49.8, , 1
C, regex-redux, -1,  30.59, 15.60, 15.33, 0.00, 0.59, 688, 1751, 77, 56.2, , 1
C, regex-redux, -1,  30.86, 15.78, 15.50, 0.00, 0.59, 689, 1749, 76, 50.0, , 1
C, regex-redux, -1,  30.73, 15.79, 15.52, 0.00, 0.59, 688, 1752, 76, 56.5, , 1
C, regex-redux, -1,  30.53, 15.76, 15.48, 0.00, 0.59, 690, 1746, 83, 50.2, , 1
C, regex-redux, -1,  30.61, 15.96, 15.69, 0.00, 0.59, 690, 1757, 74, 55.5, , 1
C, regex-redux, -1,  30.42, 15.70, 15.43, 0.00, 0.59, 687, 1756, 72, 50.0, , 1
C, regex-redux, -1,  30.54, 15.85, 15.58, 0.00, 0.59, 688, 1753, 75, 56.0, , 1
C, regex-redux, -1,  30.46, 15.82, 15.54, 0.00, 0.59, 687, 1755, 72, 50.8, , 1
C, regex-redux, -1,  30.44, 15.84, 15.57, 0.00, 0.59, 687, 1739, 89, 56.5, , 1
C, regex-redux, -1,  30.26, 15.80, 15.52, 0.00, 0.59, 688, 1759, 70, 50.2, , 1
C, regex-redux, -1,  30.34, 15.71, 15.44, 0.00, 0.59, 688, 1753, 75, 56.0, , 1
C, regex-redux, -1,  30.12, 15.69, 15.42, 0.00, 0.59, 687, 1740, 82, 50.5, , 1
C, regex-redux, -1,  30.48, 15.78, 15.50, 0.00, 0.59, 689, 1756, 74, 56.5, , 1
C, regex-redux, -1,  30.81, 15.97, 15.68, 0.00, 0.59, 690, 1759, 73, 50.2, , 1
C, regex-redux, -1,  30.28, 15.79, 15.51, 0.00, 0.59, 688, 1743, 86, 56.2, , 1
C, regex-redux, -1,  30.58, 15.95, 15.66, 0.00, 0.59, 688, 1757, 72, 50.0, , 1
C, regex-redux, -1,  30.69, 15.89, 15.60, 0.00, 0.59, 688, 1742, 80, 56.5, , 1
C, regex-redux, -1,  30.15, 15.80, 15.52, 0.00, 0.59, 688, 1750, 78, 50.2, , 1
C, regex-redux, -1,  30.37, 15.85, 15.56, 0.00, 0.59, 689, 1747, 82, 56.5, , 1
C, reverse-complement, -1,  3.40, 1.43, 1.37, 0.00, 0.15, 95, 46, 80, 50.2, , 1
C, reverse-complement, -1,  3.42, 1.43, 1.37, 0.00, 0.15, 94, 47, 80, 50.2, , 1
C, reverse-complement, -1,  3.36, 1.41, 1.35, 0.00, 0.15, 92, 48, 76, 50.2, , 1
C, reverse-complement, -1,  3.46, 1.45, 1.37, 0.00, 0.15, 93, 50, 75, 50.2, , 1
C, reverse-complement, -1,  3.46, 1.43, 1.36, 0.00, 0.15, 93, 45, 80, 50.2, , 1
C, reverse-complement, -1,  3.50, 1.46, 1.39, 0.00, 0.15, 94, 47, 79, 50.2, , 1
C, reverse-complement, -1,  3.40, 1.43, 1.36, 0.00, 0.15, 92, 46, 77, 50.2, , 1
C, reverse-complement, -1,  3.32, 1.39, 1.33, 0.00, 0.15, 91, 42, 81, 50.2, , 1
C, reverse-complement, -1,  3.41, 1.44, 1.37, 0.00, 0.15, 92, 50, 75, 55.8, , 1
C, reverse-complement, -1,  3.36, 1.40, 1.34, 0.00, 0.15, 92, 42, 82, 50.2, , 1
C, reverse-complement, -1,  3.37, 1.41, 1.35, 0.00, 0.15, 92, 47, 77, 50.2, , 1
C, reverse-complement, -1,  3.45, 1.44, 1.37, 0.00, 0.15, 93, 49, 77, 50.2, , 1
C, reverse-complement, -1,  3.44, 1.43, 1.36, 0.00, 0.15, 93, 45, 81, 50.2, , 1
C, reverse-complement, -1,  3.45, 1.44, 1.37, 0.00, 0.15, 93, 44, 82, 50.2, , 1
C, reverse-complement, -1,  3.44, 1.43, 1.36, 0.00, 0.15, 93, 46, 79, 50.2, , 1
C, reverse-complement, -1,  3.35, 1.40, 1.33, 0.00, 0.15, 93, 44, 81, 50.2, , 1
C, reverse-complement, -1,  3.37, 1.40, 1.33, 0.00, 0.15, 92, 46, 78, 50.2, , 1
C, reverse-complement, -1,  3.41, 1.42, 1.36, 0.00, 0.15, 92, 44, 81, 55.8, , 1
C, reverse-complement, -1,  3.36, 1.39, 1.34, 0.00, 0.15, 92, 48, 77, 50.0, , 1
C, reverse-complement, -1,  3.40, 1.41, 1.34, 0.00, 0.15, 91, 42, 82, 50.0, , 1
C, spectral-norm, -1,  16.37, 9.67, 9.58, 0.00, 0.16, 306, 1222, 0, 61.0, , 1
C, spectral-norm, -1,  16.36, 9.60, 9.49, 0.00, 0.16, 306, 1222, 0, 50.0, , 1
C, spectral-norm, -1,  16.45, 9.63, 9.52, 0.00, 0.16, 305, 1219, 0, 50.0, , 1
C, spectral-norm, -1,  16.48, 9.69, 9.58, 0.00, 0.16, 306, 1220, 1, 62.0, , 1
C, spectral-norm, -1,  16.35, 9.59, 9.49, 0.00, 0.16, 306, 1217, 4, 50.8, , 1
C, spectral-norm, -1,  16.38, 9.65, 9.53, 0.00, 0.16, 306, 1220, 1, 50.8, , 1
C, spectral-norm, -1,  16.50, 9.66, 9.58, 0.00, 0.16, 306, 1221, 0, 61.8, , 1
C, spectral-norm, -1,  16.30, 9.59, 9.49, 0.00, 0.16, 306, 1223, 0, 50.2, , 1
C, spectral-norm, -1,  16.34, 9.65, 9.56, 0.00, 0.16, 306, 1221, 0, 50.2, , 1
C, spectral-norm, -1,  16.24, 9.47, 9.36, 0.00, 0.16, 310, 1236, 1, 61.2, , 1
C, spectral-norm, -1,  16.37, 9.58, 9.47, 0.00, 0.16, 306, 1222, 0, 50.2, , 1
C, spectral-norm, -1,  16.45, 9.63, 9.53, 0.00, 0.16, 306, 1217, 3, 50.2, , 1
C, spectral-norm, -1,  16.47, 9.59, 9.51, 0.00, 0.16, 305, 1219, 0, 61.0, , 1
C, spectral-norm, -1,  16.25, 9.56, 9.45, 0.00, 0.16, 306, 1222, 0, 50.8, , 1
C, spectral-norm, -1,  16.42, 9.66, 9.54, 0.00, 0.16, 306, 1222, 0, 50.8, , 1
C, spectral-norm, -1,  16.37, 9.65, 9.56, 0.00, 0.16, 306, 1221, 0, 50.8, , 1
C, spectral-norm, -1,  16.38, 9.56, 9.47, 0.00, 0.16, 306, 1221, 0, 51.0, , 1
C, spectral-norm, -1,  16.50, 9.63, 9.52, 0.00, 0.16, 306, 1219, 0, 51.0, , 1
C, spectral-norm, -1,  16.48, 9.65, 9.56, 0.00, 0.16, 306, 1220, 1, 54.5, , 1
C, spectral-norm, -1,  16.23, 9.61, 9.50, 0.00, 0.16, 305, 1219, 0, 50.8, , 1
C++, binary-trees, -1,  42.53, 23.42, 22.92, 0.00, 1.04, 846, 2651, 168, 50.5, , 1
C++, binary-trees, -1,  42.28, 23.64, 23.16, 0.00, 1.03, 821, 2640, 163, 59.0, , 1
C++, binary-trees, -1,  41.30, 22.83, 22.36, 0.00, 1.05, 801, 2568, 134, 50.8, , 1
C++, binary-trees, -1,  42.67, 23.65, 23.12, 0.00, 1.11, 828, 2683, 142, 59.2, , 1
C++, binary-trees, -1,  41.51, 23.05, 22.54, 0.00, 1.08, 807, 2578, 123, 51.5, , 1
C++, binary-trees, -1,  42.16, 23.56, 23.03, 0.00, 1.11, 814, 2656, 121, 58.8, , 1
C++, binary-trees, -1,  41.05, 22.89, 22.41, 0.00, 1.03, 804, 2577, 111, 51.8, , 1
C++, binary-trees, -1,  40.73, 22.77, 22.30, 0.00, 1.05, 773, 2550, 99, 59.8, , 1
C++, binary-trees, -1,  42.26, 23.45, 22.96, 0.00, 1.05, 837, 2638, 176, 51.5, , 1
C++, binary-trees, -1,  41.27, 22.89, 22.41, 0.00, 1.03, 787, 2557, 110, 59.5, , 1
C++, binary-trees, -1,  40.93, 22.68, 22.19, 0.00, 1.05, 801, 2579, 128, 51.5, , 1
C++, binary-trees, -1,  40.99, 23.12, 22.64, 0.00, 1.01, 772, 2533, 111, 61.2, , 1
C++, binary-trees, -1,  40.17, 22.43, 21.96, 0.00, 1.04, 765, 2535, 83, 51.8, , 1
C++, binary-trees, -1,  40.45, 22.77, 22.30, 0.00, 1.02, 763, 2518, 95, 60.2, , 1
C++, binary-trees, -1,  42.67, 23.59, 23.08, 0.00, 1.14, 844, 2690, 155, 51.8, , 1
C++, binary-trees, -1,  41.58, 23.28, 22.80, 0.00, 1.07, 778, 2546, 119, 60.2, , 1
C++, binary-trees, -1,  42.39, 23.51, 23.02, 0.00, 1.05, 837, 2638, 160, 52.0, , 1
C++, binary-trees, -1,  42.37, 23.64, 23.16, 0.00, 1.03, 818, 2633, 153, 59.0, , 1
C++, binary-trees, -1,  42.80, 23.56, 23.08, 0.00, 1.04, 838, 2665, 159, 51.8, , 1
C++, binary-trees, -1,  41.86, 23.31, 22.82, 0.00, 1.05, 808, 2580, 133, 59.2, , 1
C++, fannkuch-redux, -1,  164.10, 88.37, 87.10, 0.00, 1.80, 3528, 13998, 0, 59.8, , 1
C++, fannkuch-redux, -1,  163.80, 88.23, 86.95, 0.00, 1.80, 3529, 13999, 0, 59.8, , 1
C++, fannkuch-redux, -1,  165.17, 89.04, 87.76, 0.00, 1.83, 3563, 14010, 0, 58.2, , 1
C++, fannkuch-redux, -1,  164.52, 88.51, 87.24, 0.00, 1.81, 3532, 13995, 2, 59.5, , 1
C++, fannkuch-redux, -1,  164.32, 88.46, 87.20, 0.00, 1.80, 3527, 14000, 1, 60.2, , 1
C++, fannkuch-redux, -1,  163.29, 88.65, 87.38, 0.00, 1.80, 3527, 13990, 3, 60.0, , 1
C++, fannkuch-redux, -1,  163.13, 88.49, 87.22, 0.00, 1.80, 3525, 13990, 1, 60.8, , 1
C++, fannkuch-redux, -1,  162.71, 88.65, 87.39, 0.00, 1.80, 3527, 13991, 3, 60.5, , 1
C++, fannkuch-redux, -1,  163.07, 88.75, 87.49, 0.00, 1.80, 3527, 13995, 0, 60.2, , 1
C++, fannkuch-redux, -1,  162.97, 88.78, 87.52, 0.00, 1.80, 3527, 13998, 1, 61.2, , 1
C++, fannkuch-redux, -1,  163.00, 88.60, 87.33, 0.00, 1.80, 3527, 13995, 1, 60.5, , 1
C++, fannkuch-redux, -1,  163.17, 88.79, 87.53, 0.00, 1.80, 3526, 13992, 2, 61.2, , 1
C++, fannkuch-redux, -1,  162.99, 88.55, 87.29, 0.00, 1.80, 3526, 13997, 0, 62.0, , 1
C++, fannkuch-redux, -1,  163.07, 88.69, 87.43, 0.00, 1.80, 3527, 13996, 0, 61.5, , 1
C++, fannkuch-redux, -1,  163.02, 88.57, 87.31, 0.00, 1.80, 3527, 14001, 1, 61.8, , 1
C++, fannkuch-redux, -1,  163.24, 89.04, 87.78, 0.00, 1.80, 3528, 13997, 2, 61.2, , 1
C++, fannkuch-redux, -1,  163.56, 88.75, 87.50, 0.00, 1.80, 3526, 13996, 1, 61.5, , 1
C++, fannkuch-redux, -1,  163.74, 89.01, 87.75, 0.00, 1.80, 3526, 13993, 0, 61.8, , 1
C++, fannkuch-redux, -1,  163.89, 88.80, 87.54, 0.00, 1.80, 3527, 13997, 0, 61.8, , 1
C++, fannkuch-redux, -1,  163.92, 88.70, 87.44, 0.00, 1.80, 3527, 13999, 1, 61.8, , 1
C++, fasta, -1,  22.33, 9.51, 9.27, 0.00, 0.34, 659, 1307, 5, 54.0, , 1
C++, fasta, -1,  22.41, 9.54, 9.30, 0.00, 0.34, 659, 1309, 3, 60.0, , 1
C++, fasta, -1,  22.17, 9.53, 9.29, 0.00, 0.34, 659, 1307, 3, 53.5, , 1
C++, fasta, -1,  22.48, 9.63, 9.40, 0.00, 0.34, 659, 1307, 4, 59.5, , 1
C++, fasta, -1,  22.31, 9.51, 9.27, 0.00, 0.34, 660, 1308, 5, 53.8, , 1
C++, fasta, -1,  22.19, 9.52, 9.29, 0.00, 0.34, 659, 1305, 5, 58.8, , 1
C++, fasta, -1,  22.31, 9.50, 9.26, 0.00, 0.34, 659, 1306, 6, 53.5, , 1
C++, fasta, -1,  22.30, 9.52, 9.28, 0.00, 0.34, 659, 1306, 5, 58.8, , 1
C++, fasta, -1,  22.17, 9.50, 9.26, 0.00, 0.34, 659, 1304, 7, 53.5, , 1
C++, fasta, -1,  22.27, 9.52, 9.28, 0.00, 0.34, 659, 1305, 7, 58.5, , 1
C++, fasta, -1,  22.18, 9.54, 9.30, 0.00, 0.34, 659, 1300, 11, 53.0, , 1
C++, fasta, -1,  22.24, 9.57, 9.33, 0.00, 0.34, 658, 1308, 3, 59.0, , 1
C++, fasta, -1,  22.20, 9.50, 9.26, 0.00, 0.34, 658, 1304, 6, 52.8, , 1
C++, fasta, -1,  22.39, 9.52, 9.29, 0.00, 0.34, 659, 1306, 6, 58.8, , 1
C++, fasta, -1,  22.37, 9.57, 9.33, 0.00, 0.34, 659, 1308, 4, 52.8, , 1
C++, fasta, -1,  22.40, 9.59, 9.36, 0.00, 0.34, 659, 1304, 8, 57.8, , 1
C++, fasta, -1,  22.31, 9.55, 9.31, 0.00, 0.34, 659, 1303, 8, 53.5, , 1
C++, fasta, -1,  22.35, 9.58, 9.34, 0.00, 0.34, 659, 1306, 7, 58.0, , 1
C++, fasta, -1,  22.20, 9.51, 9.28, 0.00, 0.34, 659, 1308, 4, 53.2, , 1
C++, fasta, -1,  22.63, 9.61, 9.38, 0.00, 0.34, 661, 1306, 8, 57.8, , 1
C++, k-nucleotide, -1,  76.57, 37.33, 35.83, 0.00, 3.44, 1719, 5103, 143, 58.8, , 1
C++, k-nucleotide, -1,  77.24, 37.84, 36.34, 0.00, 3.52, 1730, 5187, 138, 58.5, , 1
C++, k-nucleotide, -1,  77.31, 37.87, 36.34, 0.00, 3.56, 1728, 5228, 160, 59.2, , 1
C++, k-nucleotide, -1,  79.40, 38.78, 37.20, 0.00, 3.72, 1785, 5362, 149, 59.8, , 1
C++, k-nucleotide, -1,  78.38, 38.52, 36.95, 0.00, 3.65, 1743, 5303, 154, 58.8, , 1
C++, k-nucleotide, -1,  77.28, 37.94, 36.41, 0.00, 3.57, 1745, 5250, 141, 59.5, , 1
C++, k-nucleotide, -1,  78.53, 38.48, 36.89, 0.00, 3.71, 1768, 5352, 151, 59.8, , 1
C++, k-nucleotide, -1,  79.07, 38.82, 37.25, 0.00, 3.73, 1790, 5379, 158, 59.8, , 1
C++, k-nucleotide, -1,  77.63, 38.04, 36.50, 0.00, 3.61, 1749, 5269, 156, 59.2, , 1
C++, k-nucleotide, -1,  79.14, 38.56, 36.99, 0.00, 3.70, 1795, 5392, 168, 59.5, , 1
C++, k-nucleotide, -1,  79.33, 38.74, 37.13, 0.00, 3.80, 1792, 5425, 148, 59.5, , 1
C++, k-nucleotide, -1,  76.59, 37.67, 36.15, 0.00, 3.49, 1736, 5148, 149, 59.5, , 1
C++, k-nucleotide, -1,  76.76, 37.70, 36.19, 0.00, 3.51, 1737, 5174, 139, 59.0, , 1
C++, k-nucleotide, -1,  78.11, 38.34, 36.77, 0.00, 3.66, 1758, 5286, 160, 59.5, , 1
C++, k-nucleotide, -1,  78.14, 38.53, 36.96, 0.00, 3.65, 1760, 5277, 147, 60.0, , 1
C++, k-nucleotide, -1,  77.14, 37.96, 36.43, 0.00, 3.57, 1741, 5251, 139, 59.2, , 1
C++, k-nucleotide, -1,  78.07, 38.39, 36.84, 0.00, 3.65, 1763, 5304, 162, 59.2, , 1
C++, k-nucleotide, -1,  78.76, 38.83, 37.25, 0.00, 3.71, 1771, 5406, 140, 59.2, , 1
C++, k-nucleotide, -1,  78.55, 38.60, 37.07, 0.00, 3.62, 1791, 5261, 155, 59.5, , 1
C++, k-nucleotide, -1,  78.12, 38.46, 36.91, 0.00, 3.62, 1763, 5287, 146, 59.2, , 1
C++, mandelbrot, -1,  37.85, 21.86, 21.59, 0.00, 0.39, 742, 2890, 15, 54.0, , 1
C++, mandelbrot, -1,  38.01, 22.02, 21.77, 0.00, 0.39, 741, 2882, 19, 61.5, , 1
C++, mandelbrot, -1,  38.01, 21.94, 21.69, 0.00, 0.39, 741, 2889, 13, 53.8, , 1
C++, mandelbrot, -1,  38.02, 22.06, 21.79, 0.00, 0.39, 741, 2883, 20, 61.5, , 1
C++, mandelbrot, -1,  37.81, 21.87, 21.61, 0.00, 0.39, 742, 2890, 13, 54.0, , 1
C++, mandelbrot, -1,  37.94, 21.98, 21.71, 0.00, 0.39, 741, 2888, 14, 61.2, , 1
C++, mandelbrot, -1,  37.82, 21.89, 21.64, 0.00, 0.39, 741, 2893, 12, 54.0, , 1
C++, mandelbrot, -1,  38.03, 22.01, 21.76, 0.00, 0.38, 741, 2892, 10, 61.2, , 1
C++, mandelbrot, -1,  37.86, 21.89, 21.63, 0.00, 0.39, 741, 2890, 13, 53.8, , 1
C++, mandelbrot, -1,  38.07, 22.00, 21.74, 0.00, 0.39, 742, 2893, 11, 61.8, , 1
C++, mandelbrot, -1,  37.90, 21.82, 21.56, 0.00, 0.39, 741, 2896, 7, 54.0, , 1
C++, mandelbrot, -1,  38.06, 21.98, 21.72, 0.00, 0.39, 741, 2887, 16, 61.0, , 1
C++, mandelbrot, -1,  37.92, 21.84, 21.58, 0.00, 0.39, 741, 2886, 16, 53.8, , 1
C++, mandelbrot, -1,  38.08, 21.97, 21.71, 0.00, 0.39, 742, 2894, 10, 61.2, , 1
C++, mandelbrot, -1,  37.92, 21.89, 21.62, 0.00, 0.39, 741, 2887, 14, 53.8, , 1
C++, mandelbrot, -1,  38.15, 21.97, 21.71, 0.00, 0.39, 742, 2883, 20, 61.0, , 1
C++, mandelbrot, -1,  38.00, 21.88, 21.60, 0.00, 0.39, 742, 2888, 16, 54.0, , 1
C++, mandelbrot, -1,  38.15, 21.95, 21.67, 0.00, 0.39, 742, 2893, 11, 61.2, , 1
C++, mandelbrot, -1,  37.95, 21.81, 21.56, 0.00, 0.39, 741, 2891, 12, 53.8, , 1
C++, mandelbrot, -1,  38.15, 21.96, 21.70, 0.00, 0.39, 742, 2886, 19, 61.8, , 1
C++, n-body, -1,  53.29, 20.66, 20.04, 0.00, 0.88, 1713, 1711, 1, 58.0, , 1
C++, n-body, -1,  53.02, 20.53, 19.92, 0.00, 0.87, 1712, 1711, 0, 58.0, , 1
C++, n-body, -1,  53.03, 20.55, 19.93, 0.00, 0.88, 1712, 1711, 1, 58.0, , 1
C++, n-body, -1,  52.90, 20.64, 20.03, 0.00, 0.88, 1712, 1711, 0, 58.0, , 1
C++, n-body, -1,  52.99, 20.45, 19.84, 0.00, 0.87, 1712, 1712, 0, 57.5, , 1
C++, n-body, -1,  52.83, 20.43, 19.81, 0.00, 0.88, 1713, 1712, 0, 57.8, , 1
C++, n-body, -1,  52.95, 20.50, 19.88, 0.00, 0.88, 1714, 1713, 0, 57.2, , 1
C++, n-body, -1,  52.99, 20.49, 19.88, 0.00, 0.88, 1712, 1711, 0, 58.2, , 1
C++, n-body, -1,  52.75, 20.51, 19.89, 0.00, 0.88, 1712, 1710, 1, 57.5, , 1
C++, n-body, -1,  53.00, 20.69, 20.07, 0.00, 0.88, 1712, 1710, 1, 57.8, , 1
C++, n-body, -1,  53.02, 20.66, 20.05, 0.00, 0.88, 1713, 1711, 0, 57.8, , 1
C++, n-body, -1,  53.09, 20.43, 19.82, 0.00, 0.88, 1714, 1712, 0, 57.2, , 1
C++, n-body, -1,  52.69, 20.39, 19.78, 0.00, 0.88, 1712, 1712, 0, 57.5, , 1
C++, n-body, -1,  52.78, 20.45, 19.84, 0.00, 0.88, 1713, 1711, 2, 57.2, , 1
C++, n-body, -1,  52.70, 20.44, 19.83, 0.00, 0.87, 1712, 1711, 1, 57.2, , 1
C++, n-body, -1,  52.81, 20.54, 19.92, 0.00, 0.88, 1714, 1713, 0, 57.2, , 1
C++, n-body, -1,  52.81, 20.52, 19.90, 0.00, 0.88, 1713, 1712, 0, 57.0, , 1
C++, n-body, -1,  52.88, 20.44, 19.82, 0.00, 0.88, 1714, 1711, 2, 56.8, , 1
C++, n-body, -1,  53.09, 20.63, 20.02, 0.00, 0.87, 1712, 1710, 1, 56.8, , 1
C++, n-body, -1,  52.66, 20.44, 19.84, 0.00, 0.88, 1713, 1711, 1, 57.5, , 1
C++, regex-redux, -1,  38.32, 18.20, 17.79, 0.00, 0.81, 981, 1753, 158, 57.8, , 1
C++, regex-redux, -1,  37.04, 17.83, 17.44, 0.00, 0.79, 930, 1757, 155, 52.2, , 1
C++, regex-redux, -1,  38.63, 18.27, 17.86, 0.00, 0.82, 992, 1759, 156, 57.2, , 1
C++, regex-redux, -1,  38.82, 18.44, 18.01, 0.00, 0.82, 1011, 1752, 163, 57.2, , 1
C++, regex-redux, -1,  38.90, 18.38, 17.96, 0.00, 0.83, 1019, 1761, 151, 56.8, , 1
C++, regex-redux, -1,  39.18, 18.47, 18.05, 0.00, 0.83, 1022, 1768, 160, 57.2, , 1
C++, regex-redux, -1,  38.46, 18.23, 17.81, 0.00, 0.82, 999, 1768, 147, 57.5, , 1
C++, regex-redux, -1,  37.52, 17.90, 17.50, 0.00, 0.80, 954, 1764, 151, 52.2, , 1
C++, regex-redux, -1,  38.90, 18.30, 17.88, 0.00, 0.83, 1014, 1764, 147, 57.8, , 1
C++, regex-redux, -1,  36.71, 17.76, 17.37, 0.00, 0.76, 919, 1759, 151, 52.2, , 1
C++, regex-redux, -1,  38.60, 18.37, 17.95, 0.00, 0.82, 1004, 1750, 162, 57.2, , 1
C++, regex-redux, -1,  38.00, 18.18, 17.76, 0.00, 0.80, 976, 1772, 143, 57.5, , 1
C++, regex-redux, -1,  38.73, 18.26, 17.84, 0.00, 0.82, 1007, 1762, 146, 57.5, , 1
C++, regex-redux, -1,  37.76, 18.06, 17.66, 0.00, 0.79, 960, 1769, 144, 52.2, , 1
C++, regex-redux, -1,  38.43, 18.20, 17.79, 0.00, 0.82, 995, 1746, 158, 57.8, , 1
C++, regex-redux, -1,  37.53, 18.01, 17.62, 0.00, 0.80, 956, 1765, 147, 52.5, , 1
C++, regex-redux, -1,  38.41, 18.28, 17.86, 0.00, 0.82, 993, 1751, 160, 57.5, , 1
C++, regex-redux, -1,  37.54, 17.94, 17.54, 0.00, 0.80, 955, 1757, 149, 52.2, , 1
C++, regex-redux, -1,  38.41, 18.19, 17.79, 0.00, 0.82, 990, 1753, 161, 57.2, , 1
C++, regex-redux, -1,  36.79, 17.89, 17.50, 0.00, 0.78, 919, 1764, 156, 52.5, , 1
C++, reverse-complement, -1,  4.84, 1.81, 1.70, 0.00, 0.21, 150, 64, 86, 52.0, , 1
C++, reverse-complement, -1,  4.89, 1.82, 1.72, 0.00, 0.21, 149, 77, 71, 52.0, , 1
C++, reverse-complement, -1,  4.85, 1.83, 1.73, 0.00, 0.20, 149, 74, 75, 52.0, , 1
C++, reverse-complement, -1,  4.84, 1.82, 1.73, 0.00, 0.20, 149, 66, 83, 52.0, , 1
C++, reverse-complement, -1,  4.83, 1.82, 1.73, 0.00, 0.21, 149, 69, 80, 52.0, , 1
C++, reverse-complement, -1,  4.89, 1.84, 1.74, 0.00, 0.21, 149, 57, 91, 57.0, , 1
C++, reverse-complement, -1,  4.86, 1.83, 1.73, 0.00, 0.21, 149, 65, 83, 51.8, , 1
C++, reverse-complement, -1,  4.82, 1.82, 1.72, 0.00, 0.21, 149, 64, 85, 51.8, , 1
C++, reverse-complement, -1,  4.84, 1.83, 1.74, 0.00, 0.21, 149, 66, 83, 51.8, , 1
C++, reverse-complement, -1,  4.89, 1.83, 1.73, 0.00, 0.21, 149, 64, 85, 51.8, , 1
C++, reverse-complement, -1,  4.84, 1.82, 1.73, 0.00, 0.21, 149, 60, 89, 51.8, , 1
C++, reverse-complement, -1,  4.82, 1.80, 1.71, 0.00, 0.21, 149, 61, 88, 57.5, , 1
C++, reverse-complement, -1,  4.89, 1.83, 1.73, 0.00, 0.21, 150, 63, 86, 52.0, , 1
C++, reverse-complement, -1,  4.79, 1.80, 1.71, 0.00, 0.21, 150, 69, 81, 52.0, , 1
C++, reverse-complement, -1,  4.82, 1.81, 1.72, 0.00, 0.21, 150, 65, 85, 52.0, , 1
C++, reverse-complement, -1,  4.83, 1.82, 1.73, 0.00, 0.21, 149, 64, 85, 52.0, , 1
C++, reverse-complement, -1,  4.82, 1.84, 1.75, 0.00, 0.21, 149, 66, 82, 52.0, , 1
C++, reverse-complement, -1,  4.84, 1.85, 1.75, 0.00, 0.21, 149, 63, 85, 57.0, , 1
C++, reverse-complement, -1,  4.78, 1.82, 1.73, 0.00, 0.21, 149, 63, 86, 52.0, , 1
C++, reverse-complement, -1,  4.85, 1.82, 1.72, 0.00, 0.21, 149, 71, 77, 52.0, , 1
C++, spectral-norm, -1,  15.61, 8.37, 8.25, 0.00, 0.18, 352, 1407, 0, 52.0, , 1
C++, spectral-norm, -1,  15.71, 8.41, 8.30, 0.00, 0.18, 353, 1409, 1, 52.0, , 1
C++, spectral-norm, -1,  15.78, 8.41, 8.27, 0.00, 0.18, 353, 1407, 0, 60.2, , 1
C++, spectral-norm, -1,  15.59, 8.34, 8.21, 0.00, 0.18, 353, 1407, 0, 52.0, , 1
C++, spectral-norm, -1,  15.65, 8.39, 8.27, 0.00, 0.18, 352, 1406, 0, 52.0, , 1
C++, spectral-norm, -1,  15.74, 8.41, 8.28, 0.00, 0.18, 352, 1406, 0, 60.5, , 1
C++, spectral-norm, -1,  15.71, 8.39, 8.27, 0.00, 0.18, 354, 1409, 0, 52.2, , 1
C++, spectral-norm, -1,  15.77, 8.41, 8.29, 0.00, 0.19, 354, 1408, 1, 52.2, , 1
C++, spectral-norm, -1,  15.64, 8.38, 8.27, 0.00, 0.18, 352, 1407, 0, 61.2, , 1
C++, spectral-norm, -1,  15.61, 8.32, 8.19, 0.00, 0.18, 352, 1405, 0, 52.2, , 1
C++, spectral-norm, -1,  15.71, 8.36, 8.23, 0.00, 0.18, 352, 1405, 0, 52.2, , 1
C++, spectral-norm, -1,  15.88, 8.43, 8.32, 0.00, 0.18, 354, 1412, 1, 60.8, , 1
C++, spectral-norm, -1,  15.63, 8.33, 8.22, 0.00, 0.18, 352, 1406, 2, 52.2, , 1
C++, spectral-norm, -1,  15.68, 8.31, 8.19, 0.00, 0.18, 352, 1404, 1, 52.2, , 1
C++, spectral-norm, -1,  15.78, 8.39, 8.27, 0.00, 0.18, 353, 1409, 0, 60.5, , 1
C++, spectral-norm, -1,  15.68, 8.35, 8.22, 0.00, 0.18, 353, 1410, 0, 52.2, , 1
C++, spectral-norm, -1,  15.70, 8.36, 8.25, 0.00, 0.18, 352, 1404, 2, 52.2, , 1
C++, spectral-norm, -1,  15.74, 8.40, 8.28, 0.00, 0.18, 353, 1407, 0, 61.0, , 1
C++, spectral-norm, -1,  15.72, 8.37, 8.24, 0.00, 0.18, 352, 1408, 0, 52.2, , 1
C++, spectral-norm, -1,  15.72, 8.36, 8.25, 0.00, 0.18, 352, 1405, 1, 52.2, , 1
Java, binary-trees, -1,  111.55, 59.23, 56.96, 0.00, 5.02, 2097, 5741, 1006, 58.0, , 1
Java, binary-trees, -1,  112.91, 60.34, 58.08, 0.00, 5.02, 2098, 5776, 1002, 58.2, , 1
Java, binary-trees, -1,  108.27, 57.78, 55.53, 0.00, 5.02, 1997, 5765, 674, 58.5, , 1
Java, binary-trees, -1,  108.07, 57.49, 55.24, 0.00, 5.03, 2004, 5712, 734, 58.8, , 1
Java, binary-trees, -1,  110.21, 58.25, 56.00, 0.00, 4.99, 2084, 5681, 969, 59.0, , 1
Java, binary-trees, -1,  108.59, 57.78, 55.54, 0.00, 5.01, 1997, 5719, 735, 59.0, , 1
Java, binary-trees, -1,  105.90, 56.10, 53.85, 0.00, 5.01, 1985, 5745, 679, 59.0, , 1
Java, binary-trees, -1,  107.02, 57.12, 54.89, 0.00, 4.98, 1971, 5670, 691, 59.2, , 1
Java, binary-trees, -1,  110.29, 58.34, 56.09, 0.00, 5.00, 2080, 5702, 969, 59.5, , 1
Java, binary-trees, -1,  107.12, 56.75, 54.51, 0.00, 5.02, 1987, 5727, 706, 59.5, , 1
Java, binary-trees, -1,  112.44, 59.82, 57.56, 0.00, 4.99, 2090, 5695, 1004, 59.8, , 1
Java, binary-trees, -1,  108.62, 57.98, 55.73, 0.00, 5.02, 2003, 5758, 683, 59.2, , 1
Java, binary-trees, -1,  112.19, 59.70, 57.45, 0.00, 4.98, 2091, 5638, 1003, 59.8, , 1
Java, binary-trees, -1,  108.54, 58.17, 55.92, 0.00, 5.02, 1994, 5773, 682, 59.2, , 1
Java, binary-trees, -1,  108.69, 57.95, 55.69, 0.00, 5.03, 2020, 5735, 727, 59.5, , 1
Java, binary-trees, -1,  107.45, 57.04, 54.79, 0.00, 5.03, 1995, 5785, 678, 59.0, , 1
Java, binary-trees, -1,  112.79, 60.07, 57.82, 0.00, 5.00, 2095, 5632, 1040, 60.2, , 1
Java, binary-trees, -1,  108.86, 58.08, 55.84, 0.00, 5.02, 1994, 5786, 656, 60.2, , 1
Java, binary-trees, -1,  108.71, 58.03, 55.78, 0.00, 5.02, 1988, 5778, 668, 60.5, , 1
Java, binary-trees, -1,  106.52, 56.51, 54.26, 0.00, 5.02, 1988, 5767, 685, 60.2, , 1
Java, fannkuch-redux, -1,  434.09, 257.46, 254.65, 0.00, 4.01, 7829, 30907, 16, 61.5, , 1
Java, fannkuch-redux, -1,  442.52, 262.06, 259.21, 0.00, 4.06, 7935, 31246, 14, 62.5, , 1
Java, fannkuch-redux, -1,  435.02, 257.87, 255.06, 0.00, 4.01, 7834, 30892, 21, 63.0, , 1
Java, fannkuch-redux, -1,  434.51, 257.97, 255.16, 0.00, 4.00, 7819, 30903, 18, 63.2, , 1
Java, fannkuch-redux, -1,  432.76, 256.39, 253.60, 0.00, 3.99, 7790, 30641, 15, 62.8, , 1
Java, fannkuch-redux, -1,  431.53, 256.61, 253.83, 0.00, 3.95, 7722, 30412, 17, 62.8, , 1
Java, fannkuch-redux, -1,  444.69, 263.35, 260.49, 0.00, 4.06, 7932, 31256, 15, 63.0, , 1
Java, fannkuch-redux, -1,  456.88, 271.52, 268.58, 0.00, 4.20, 8194, 32444, 23, 63.0, , 1
Java, fannkuch-redux, -1,  438.71, 259.90, 257.08, 0.00, 4.03, 7875, 31041, 17, 62.8, , 1
Java, fannkuch-redux, -1,  434.12, 257.34, 254.52, 0.00, 4.02, 7838, 30850, 16, 61.8, , 1
Java, fannkuch-redux, -1,  457.02, 268.95, 266.01, 0.00, 4.19, 8183, 32279, 14, 63.5, , 1
Java, fannkuch-redux, -1,  455.59, 270.54, 267.61, 0.00, 4.17, 8138, 32081, 23, 63.0, , 1
Java, fannkuch-redux, -1,  435.95, 258.45, 255.64, 0.00, 4.01, 7832, 30899, 24, 63.2, , 1
Java, fannkuch-redux, -1,  432.63, 256.42, 253.63, 0.00, 3.98, 7778, 30655, 21, 61.0, , 1
Java, fannkuch-redux, -1,  434.98, 257.34, 254.54, 0.00, 3.98, 7781, 30678, 13, 62.5, , 1
Java, fannkuch-redux, -1,  453.36, 268.42, 265.51, 0.00, 4.16, 8115, 32002, 20, 63.8, , 1
Java, fannkuch-redux, -1,  455.77, 269.88, 266.93, 0.00, 4.20, 8213, 32329, 22, 62.5, , 1
Java, fannkuch-redux, -1,  436.65, 258.04, 255.22, 0.00, 4.01, 7839, 30894, 20, 61.2, , 1
Java, fannkuch-redux, -1,  434.79, 257.16, 254.35, 0.00, 4.01, 7836, 30899, 16, 63.0, , 1
Java, fannkuch-redux, -1,  435.53, 257.82, 255.01, 0.00, 4.01, 7829, 30890, 16, 63.5, , 1
Java, fasta, -1,  45.91, 23.58, 23.19, 0.00, 0.59, 1067, 3226, 72, 61.2, , 1
Java, fasta, -1,  46.05, 23.63, 23.24, 0.00, 0.59, 1070, 3254, 64, 61.0, , 1
Java, fasta, -1,  45.64, 23.60, 23.20, 0.00, 0.59, 1075, 3259, 69, 60.2, , 1
Java, fasta, -1,  45.59, 23.51, 23.12, 0.00, 0.58, 1070, 3204, 82, 60.5, , 1
Java, fasta, -1,  45.18, 23.25, 22.86, 0.00, 0.58, 1068, 3196, 94, 58.0, , 1
Java, fasta, -1,  45.94, 23.70, 23.31, 0.00, 0.60, 1074, 3242, 62, 60.8, , 1
Java, fasta, -1,  46.40, 24.07, 23.67, 0.00, 0.60, 1086, 3315, 67, 60.5, , 1
Java, fasta, -1,  45.24, 23.46, 23.07, 0.00, 0.59, 1065, 3239, 71, 60.5, , 1
Java, fasta, -1,  45.23, 23.47, 23.08, 0.00, 0.58, 1065, 3263, 44, 60.5, , 1
Java, fasta, -1,  45.42, 23.54, 23.15, 0.00, 0.59, 1073, 3251, 50, 57.8, , 1
Java, fasta, -1,  45.43, 23.55, 23.16, 0.00, 0.59, 1066, 3267, 56, 60.5, , 1
Java, fasta, -1,  45.00, 22.69, 22.28, 0.00, 0.60, 1098, 3332, 81, 60.2, , 1
Java, fasta, -1,  45.34, 22.72, 22.31, 0.00, 0.62, 1113, 3370, 74, 61.0, , 1
Java, fasta, -1,  45.19, 22.85, 22.46, 0.00, 0.61, 1091, 3305, 75, 60.8, , 1
Java, fasta, -1,  44.69, 22.53, 22.13, 0.00, 0.60, 1093, 3327, 58, 60.0, , 1
Java, fasta, -1,  45.41, 23.45, 23.06, 0.00, 0.59, 1072, 3265, 80, 60.2, , 1
Java, fasta, -1,  45.05, 22.76, 22.35, 0.00, 0.61, 1113, 3383, 55, 60.5, , 1
Java, fasta, -1,  44.99, 23.34, 22.95, 0.00, 0.59, 1060, 3218, 66, 59.8, , 1
Java, fasta, -1,  44.92, 22.81, 22.41, 0.00, 0.61, 1093, 3298, 58, 60.2, , 1
Java, fasta, -1,  45.67, 23.36, 22.95, 0.00, 0.61, 1099, 3344, 57, 60.5, , 1
Java, k-nucleotide, -1,  188.96, 103.05, 101.51, 0.00, 3.54, 3841, 12503, 202, 61.0, , 1
Java, k-nucleotide, -1,  187.93, 102.77, 101.26, 0.00, 3.39, 3811, 12478, 205, 61.5, , 1
Java, k-nucleotide, -1,  189.76, 104.06, 102.53, 0.00, 3.54, 3833, 12512, 169, 60.2, , 1
Java, k-nucleotide, -1,  188.00, 103.30, 101.78, 0.00, 3.52, 3796, 12468, 194, 61.5, , 1
Java, k-nucleotide, -1,  189.05, 103.84, 102.30, 0.00, 3.54, 3831, 12538, 183, 60.8, , 1
Java, k-nucleotide, -1,  186.33, 101.69, 100.17, 0.00, 3.52, 3797, 12401, 182, 60.2, , 1
Java, k-nucleotide, -1,  192.41, 106.38, 104.85, 0.00, 3.53, 3830, 12517, 176, 62.0, , 1
Java, k-nucleotide, -1,  189.90, 104.80, 103.28, 0.00, 3.53, 3807, 12485, 160, 61.5, , 1
Java, k-nucleotide, -1,  188.59, 103.56, 102.04, 0.00, 3.46, 3811, 12521, 172, 61.8, , 1
Java, k-nucleotide, -1,  181.00, 99.01, 97.55, 0.00, 3.41, 3618, 11725, 202, 62.0, , 1
Java, k-nucleotide, -1,  190.84, 105.08, 103.54, 0.00, 3.55, 3832, 12558, 180, 61.5, , 1
Java, k-nucleotide, -1,  187.31, 103.06, 101.55, 0.00, 3.49, 3784, 12377, 181, 61.8, , 1
Java, k-nucleotide, -1,  182.30, 100.14, 98.65, 0.00, 3.45, 3700, 12018, 188, 60.5, , 1
Java, k-nucleotide, -1,  190.84, 105.05, 103.52, 0.00, 3.49, 3877, 12799, 172, 61.8, , 1
Java, k-nucleotide, -1,  186.36, 102.31, 100.82, 0.00, 3.34, 3778, 12581, 170, 63.0, , 1
Java, k-nucleotide, -1,  178.80, 98.60, 97.15, 0.00, 3.35, 3608, 11683, 171, 61.5, , 1
Java, k-nucleotide, -1,  190.44, 104.85, 103.31, 0.00, 3.54, 3824, 12558, 183, 61.5, , 1
Java, k-nucleotide, -1,  188.68, 103.75, 102.23, 0.00, 3.51, 3793, 12411, 183, 60.0, , 1
Java, k-nucleotide, -1,  190.70, 105.32, 103.79, 0.00, 3.52, 3795, 12395, 196, 61.5, , 1
Java, k-nucleotide, -1,  189.47, 103.85, 102.31, 0.00, 3.56, 3843, 12601, 185, 61.0, , 1
Java, mandelbrot, -1,  152.16, 83.58, 82.40, 0.00, 1.72, 3253, 12783, 44, 62.8, , 1
Java, mandelbrot, -1,  151.39, 83.15, 81.97, 0.00, 1.71, 3242, 12732, 54, 61.8, , 1
Java, mandelbrot, -1,  151.82, 83.19, 82.02, 0.00, 1.72, 3253, 12782, 49, 61.2, , 1
Java, mandelbrot, -1,  153.10, 84.29, 83.11, 0.00, 1.71, 3248, 12740, 60, 60.0, , 1
Java, mandelbrot, -1,  152.89, 83.43, 82.24, 0.00, 1.73, 3267, 12797, 52, 59.0, , 1
Java, mandelbrot, -1,  152.59, 83.24, 82.05, 0.00, 1.74, 3279, 12848, 57, 61.8, , 1
Java, mandelbrot, -1,  151.78, 83.25, 82.07, 0.00, 1.72, 3253, 12745, 63, 61.5, , 1
Java, mandelbrot, -1,  147.55, 80.95, 79.79, 0.00, 1.68, 3174, 12433, 52, 61.8, , 1
Java, mandelbrot, -1,  152.88, 84.04, 82.84, 0.00, 1.74, 3275, 12828, 54, 62.0, , 1
Java, mandelbrot, -1,  152.98, 84.02, 82.84, 0.00, 1.72, 3253, 12751, 56, 62.2, , 1
Java, mandelbrot, -1,  152.05, 83.41, 82.24, 0.00, 1.71, 3244, 12760, 40, 62.2, , 1
Java, mandelbrot, -1,  153.71, 84.26, 83.09, 0.00, 1.72, 3252, 12747, 55, 63.0, , 1
Java, mandelbrot, -1,  153.10, 83.49, 82.31, 0.00, 1.72, 3259, 12783, 54, 62.2, , 1
Java, mandelbrot, -1,  153.85, 84.11, 82.94, 0.00, 1.72, 3248, 12779, 35, 62.8, , 1
Java, mandelbrot, -1,  153.08, 83.45, 82.28, 0.00, 1.71, 3247, 12773, 41, 61.8, , 1
Java, mandelbrot, -1,  149.62, 81.43, 80.27, 0.00, 1.70, 3213, 12620, 47, 62.5, , 1
Java, mandelbrot, -1,  148.36, 81.03, 79.89, 0.00, 1.67, 3166, 12428, 40, 61.2, , 1
Java, mandelbrot, -1,  154.11, 84.12, 82.93, 0.00, 1.74, 3278, 12836, 66, 61.8, , 1
Java, mandelbrot, -1,  153.47, 84.32, 83.15, 0.00, 1.72, 3245, 12735, 58, 62.5, , 1
Java, mandelbrot, -1,  152.59, 83.53, 82.35, 0.00, 1.72, 3253, 12763, 55, 62.5, , 1
Java, n-body, -1,  114.52, 45.90, 44.44, 0.00, 2.08, 4048, 4055, 15, 58.8, , 1
Java, n-body, -1,  114.92, 46.17, 44.72, 0.00, 2.08, 4049, 4054, 16, 58.0, , 1
Java, n-body, -1,  115.10, 46.01, 44.55, 0.00, 2.07, 4028, 4035, 14, 58.2, , 1
Java, n-body, -1,  115.27, 46.19, 44.72, 0.00, 2.08, 4046, 4051, 17, 58.0, , 1
Java, n-body, -1,  114.72, 46.03, 44.57, 0.00, 2.07, 4025, 4030, 17, 58.0, , 1
Java, n-body, -1,  114.90, 45.85, 44.40, 0.00, 2.08, 4046, 4051, 15, 57.5, , 1
Java, n-body, -1,  114.32, 45.25, 43.80, 0.00, 2.08, 4047, 4044, 24, 57.5, , 1
Java, n-body, -1,  114.20, 45.19, 43.74, 0.00, 2.07, 4026, 4033, 15, 57.5, , 1
Java, n-body, -1,  115.03, 45.28, 43.82, 0.00, 2.09, 4051, 4058, 14, 57.8, , 1
Java, n-body, -1,  114.60, 45.12, 43.67, 0.00, 2.08, 4027, 4034, 15, 57.2, , 1
Java, n-body, -1,  115.31, 45.82, 44.36, 0.00, 2.08, 4046, 4051, 18, 57.5, , 1
Java, n-body, -1,  114.97, 45.94, 44.48, 0.00, 2.09, 4047, 4048, 20, 57.0, , 1
Java, n-body, -1,  114.38, 45.31, 43.87, 0.00, 2.07, 4028, 4037, 13, 57.0, , 1
Java, n-body, -1,  115.56, 45.17, 43.71, 0.00, 2.09, 4053, 4054, 18, 56.0, , 1
Java, n-body, -1,  114.79, 44.94, 43.50, 0.00, 2.07, 4026, 4028, 19, 56.5, , 1
Java, n-body, -1,  115.25, 45.03, 43.56, 0.00, 2.09, 4051, 4058, 14, 56.2, , 1
Java, n-body, -1,  115.28, 45.15, 43.70, 0.00, 2.09, 4050, 4051, 20, 55.8, , 1
Java, n-body, -1,  114.11, 44.91, 43.46, 0.00, 2.08, 4030, 4040, 13, 56.2, , 1
Java, n-body, -1,  114.29, 44.98, 43.53, 0.00, 2.07, 4026, 4032, 15, 56.8, , 1
Java, n-body, -1,  114.90, 45.62, 44.16, 0.00, 2.09, 4051, 4053, 19, 57.0, , 1
Java, regex-redux, -1,  209.37, 112.94, 111.16, 0.00, 3.21, 4342, 13282, 262, 58.2, , 1
Java, regex-redux, -1,  206.79, 111.38, 109.62, 0.00, 3.19, 4299, 13029, 290, 59.2, , 1
Java, regex-redux, -1,  209.31, 112.54, 110.76, 0.00, 3.22, 4355, 13030, 290, 59.0, , 1
Java, regex-redux, -1,  206.71, 111.93, 110.17, 0.00, 3.19, 4289, 12952, 279, 59.2, , 1
Java, regex-redux, -1,  213.80, 115.62, 113.82, 0.00, 3.24, 4397, 13265, 282, 59.8, , 1
Java, regex-redux, -1,  205.34, 109.89, 108.14, 0.00, 3.16, 4247, 12644, 260, 59.2, , 1
Java, regex-redux, -1,  208.95, 112.64, 110.86, 0.00, 3.19, 4304, 13014, 289, 59.2, , 1
Java, regex-redux, -1,  209.43, 113.59, 111.80, 0.00, 3.22, 4363, 13112, 270, 59.2, , 1
Java, regex-redux, -1,  205.64, 111.27, 109.51, 0.00, 3.19, 4274, 12749, 291, 59.0, , 1
Java, regex-redux, -1,  207.57, 112.05, 110.27, 0.00, 3.20, 4336, 12993, 299, 59.8, , 1
Java, regex-redux, -1,  206.54, 112.50, 110.74, 0.00, 3.18, 4270, 12741, 270, 59.2, , 1
Java, regex-redux, -1,  209.36, 114.55, 112.78, 0.00, 3.20, 4330, 13047, 292, 59.5, , 1
Java, regex-redux, -1,  206.00, 112.49, 110.74, 0.00, 3.17, 4272, 12893, 265, 59.2, , 1
Java, regex-redux, -1,  202.95, 110.77, 109.05, 0.00, 3.14, 4182, 12739, 295, 59.0, , 1
Java, regex-redux, -1,  210.40, 115.22, 113.45, 0.00, 3.18, 4305, 13052, 281, 59.8, , 1
Java, regex-redux, -1,  201.83, 110.23, 108.51, 0.00, 3.13, 4180, 12522, 281, 60.2, , 1
Java, regex-redux, -1,  205.47, 112.32, 110.57, 0.00, 3.17, 4249, 12975, 277, 59.8, , 1
Java, regex-redux, -1,  207.44, 112.69, 110.92, 0.00, 3.20, 4327, 12945, 256, 60.8, , 1
Java, regex-redux, -1,  202.33, 110.73, 109.00, 0.00, 3.12, 4179, 12816, 274, 60.0, , 1
Java, regex-redux, -1,  211.43, 115.27, 113.46, 0.00, 3.25, 4406, 13276, 272, 60.2, , 1
Java, reverse-complement, -1,  23.00, 9.20, 8.83, 0.00, 0.76, 704, 513, 316, 54.0, , 1
Java, reverse-complement, -1,  23.22, 9.33, 8.95, 0.00, 0.76, 705, 517, 312, 58.5, , 1
Java, reverse-complement, -1,  23.28, 9.24, 8.86, 0.00, 0.77, 709, 508, 326, 54.0, , 1
Java, reverse-complement, -1,  23.30, 9.20, 8.82, 0.00, 0.76, 713, 523, 313, 57.8, , 1
Java, reverse-complement, -1,  23.14, 9.20, 8.82, 0.00, 0.76, 705, 526, 306, 54.2, , 1
Java, reverse-complement, -1,  23.01, 9.27, 8.90, 0.00, 0.76, 701, 516, 310, 58.5, , 1
Java, reverse-complement, -1,  22.95, 9.21, 8.83, 0.00, 0.76, 707, 523, 307, 53.8, , 1
Java, reverse-complement, -1,  23.21, 9.25, 8.87, 0.00, 0.77, 715, 513, 327, 56.5, , 1
Java, reverse-complement, -1,  23.09, 9.32, 8.95, 0.00, 0.76, 702, 516, 312, 54.2, , 1
Java, reverse-complement, -1,  23.17, 9.29, 8.92, 0.00, 0.76, 706, 527, 302, 58.2, , 1
Java, reverse-complement, -1,  23.04, 9.23, 8.85, 0.00, 0.76, 703, 527, 300, 54.0, , 1
Java, reverse-complement, -1,  23.35, 9.39, 9.01, 0.00, 0.76, 706, 513, 317, 58.5, , 1
Java, reverse-complement, -1,  23.18, 9.36, 8.97, 0.00, 0.76, 706, 530, 300, 54.0, , 1
Java, reverse-complement, -1,  23.05, 9.33, 8.96, 0.00, 0.76, 702, 517, 310, 57.8, , 1
Java, reverse-complement, -1,  23.14, 9.38, 9.00, 0.00, 0.76, 706, 530, 299, 54.0, , 1
Java, reverse-complement, -1,  23.03, 9.34, 8.96, 0.00, 0.76, 705, 532, 297, 58.0, , 1
Java, reverse-complement, -1,  22.95, 9.24, 8.86, 0.00, 0.76, 704, 526, 302, 53.8, , 1
Java, reverse-complement, -1,  23.03, 9.30, 8.93, 0.00, 0.76, 703, 529, 300, 57.5, , 1
Java, reverse-complement, -1,  23.03, 9.37, 8.99, 0.00, 0.76, 704, 517, 313, 53.8, , 1
Java, reverse-complement, -1,  23.04, 9.29, 8.92, 0.00, 0.76, 705, 515, 314, 57.8, , 1
Java, spectral-norm, -1,  23.84, 12.30, 12.09, 0.00, 0.31, 569, 2004, 32, 54.0, , 1
Java, spectral-norm, -1,  24.79, 13.47, 13.28, 0.00, 0.30, 537, 1886, 27, 61.0, , 1
Java, spectral-norm, -1,  24.74, 13.32, 13.12, 0.00, 0.31, 552, 1905, 32, 54.2, , 1
Java, spectral-norm, -1,  25.66, 13.90, 13.70, 0.00, 0.31, 550, 1924, 29, 61.0, , 1
Java, spectral-norm, -1,  24.21, 12.57, 12.36, 0.00, 0.32, 569, 2017, 22, 54.2, , 1
Java, spectral-norm, -1,  24.58, 13.45, 13.25, 0.00, 0.29, 530, 1883, 27, 61.8, , 1
Java, spectral-norm, -1,  24.66, 13.35, 13.15, 0.00, 0.30, 546, 1908, 31, 54.0, , 1
Java, spectral-norm, -1,  24.95, 13.59, 13.39, 0.00, 0.30, 545, 1878, 33, 61.2, , 1
Java, spectral-norm, -1,  25.54, 13.78, 13.57, 0.00, 0.31, 561, 1948, 27, 54.2, , 1
Java, spectral-norm, -1,  25.70, 14.02, 13.81, 0.00, 0.31, 555, 1953, 29, 61.8, , 1
Java, spectral-norm, -1,  24.22, 12.45, 12.23, 0.00, 0.32, 581, 2033, 23, 54.2, , 1
Java, spectral-norm, -1,  24.54, 13.31, 13.12, 0.00, 0.30, 530, 1862, 28, 61.5, , 1
Java, spectral-norm, -1,  24.87, 13.13, 12.92, 0.00, 0.32, 572, 1976, 27, 54.2, , 1
Java, spectral-norm, -1,  24.38, 13.25, 13.06, 0.00, 0.29, 529, 1846, 25, 61.5, , 1
Java, spectral-norm, -1,  24.20, 12.55, 12.34, 0.00, 0.32, 577, 2000, 21, 54.2, , 1
Java, spectral-norm, -1,  24.77, 13.51, 13.31, 0.00, 0.30, 537, 1896, 29, 61.5, , 1
Java, spectral-norm, -1,  24.91, 13.35, 13.15, 0.00, 0.31, 555, 1937, 23, 54.0, , 1
Java, spectral-norm, -1,  24.58, 13.44, 13.24, 0.00, 0.30, 532, 1884, 31, 61.2, , 1
Java, spectral-norm, -1,  24.74, 13.32, 13.13, 0.00, 0.31, 550, 1913, 26, 54.2, , 1
Java, spectral-norm, -1,  24.58, 13.39, 13.19, 0.00, 0.30, 535, 1855, 28, 61.2, , 1
Python, binary-trees, -1,  1711.42, 975.88, 959.95, 0.00, 32.99, 31092, 106810, 2115, 63.2, , 1
Python, binary-trees, -1,  1710.87, 974.03, 958.07, 0.00, 32.94, 31122, 106868, 2083, 63.8, , 1
Python, binary-trees, -1,  1705.54, 969.02, 953.11, 0.00, 32.95, 31029, 106418, 2029, 63.5, , 1
Python, binary-trees, -1,  1713.41, 972.68, 956.66, 0.00, 32.96, 31076, 107106, 2013, 63.8, , 1
Python, binary-trees, -1,  1712.16, 968.95, 952.93, 0.00, 33.14, 31027, 106955, 2049, 63.2, , 1
Python, binary-trees, -1,  1730.00, 978.09, 962.00, 0.00, 33.16, 31348, 107940, 2078, 63.0, , 1
Python, binary-trees, -1,  1727.54, 978.44, 962.38, 0.00, 33.18, 31187, 107599, 2054, 64.2, , 1
Python, binary-trees, -1,  1709.89, 968.68, 952.81, 0.00, 32.88, 30958, 106239, 2061, 63.5, , 1
Python, binary-trees, -1,  1736.36, 983.44, 967.36, 0.00, 33.10, 31322, 108134, 2092, 63.8, , 1
Python, binary-trees, -1,  1726.71, 974.46, 958.43, 0.00, 33.06, 31148, 107193, 2032, 64.0, , 1
Python, binary-trees, -1,  1720.00, 974.40, 958.39, 0.00, 33.05, 31202, 106880, 2064, 63.0, , 1
Python, binary-trees, -1,  1710.22, 970.39, 954.44, 0.00, 33.00, 31021, 106515, 2071, 63.2, , 1
Python, binary-trees, -1,  1707.87, 967.98, 951.98, 0.00, 33.10, 31076, 106885, 1976, 63.5, , 1
Python, binary-trees, -1,  1708.46, 971.68, 955.76, 0.00, 32.99, 31023, 106474, 2048, 63.5, , 1
Python, binary-trees, -1,  1710.52, 970.60, 954.59, 0.00, 33.04, 31137, 106898, 2015, 63.2, , 1
Python, binary-trees, -1,  1712.32, 969.87, 953.87, 0.00, 33.07, 31120, 106765, 2021, 63.0, , 1
Python, binary-trees, -1,  1715.76, 970.08, 954.09, 0.00, 33.05, 30995, 106825, 1983, 63.5, , 1
Python, binary-trees, -1,  1727.82, 977.23, 961.25, 0.00, 33.09, 31137, 107024, 2015, 64.2, , 1
Python, binary-trees, -1,  1710.23, 968.17, 952.21, 0.00, 33.09, 30979, 106360, 2034, 63.0, , 1
Python, binary-trees, -1,  1725.05, 978.32, 962.26, 0.00, 33.09, 31192, 107536, 2071, 63.0, , 1
Python, fannkuch-redux, -1,  14471.10, 8489.16, 8400.37, 0.00, 125.51, 246370, 941135, 34, 62.5, , 1
Python, fannkuch-redux, -1,  13758.90, 8074.63, 7989.87, 0.00, 119.51, 234585, 929233, 27, 65.2, , 1
Python, fannkuch-redux, -1,  13731.16, 8039.10, 7954.70, 0.00, 119.25, 234082, 924027, 23, 64.5, , 1
Python, fannkuch-redux, -1,  14022.90, 8213.16, 8127.57, 0.00, 120.82, 237145, 944805, 36, 64.8, , 1
Python, fannkuch-redux, -1,  13693.51, 8046.82, 7962.75, 0.00, 118.66, 232918, 921183, 33, 65.5, , 1
Python, fannkuch-redux, -1,  13753.90, 8050.41, 7965.86, 0.00, 119.39, 234350, 925732, 41, 64.2, , 1
Python, fannkuch-redux, -1,  13708.92, 8043.83, 7959.45, 0.00, 119.09, 233753, 923197, 35, 64.5, , 1
Python, fannkuch-redux, -1,  13850.62, 8089.19, 8004.26, 0.00, 119.71, 234975, 928085, 26, 64.2, , 1
Python, fannkuch-redux, -1,  14122.63, 8335.55, 8250.79, 0.00, 119.77, 235085, 929147, 30, 64.8, , 1
Python, fannkuch-redux, -1,  13802.77, 8079.14, 7994.45, 0.00, 119.55, 234655, 928394, 18, 64.8, , 1
Python, fannkuch-redux, -1,  13684.72, 8016.61, 7932.47, 0.00, 118.89, 233342, 921152, 30, 63.8, , 1
Python, fannkuch-redux, -1,  13704.76, 8021.66, 7937.48, 0.00, 119.02, 233591, 922306, 38, 64.0, , 1
Python, fannkuch-redux, -1,  13838.43, 8102.76, 8017.72, 0.00, 120.19, 235890, 930971, 22, 64.5, , 1
Python, fannkuch-redux, -1,  13977.12, 8220.59, 8135.30, 0.00, 120.27, 236049, 933543, 44, 65.2, , 1
Python, fannkuch-redux, -1,  13694.43, 8036.49, 7952.60, 0.00, 118.66, 232900, 920376, 33, 64.8, , 1
Python, fannkuch-redux, -1,  13694.76, 8037.93, 7953.96, 0.00, 118.94, 233460, 922304, 28, 64.2, , 1
Python, fannkuch-redux, -1,  13884.90, 8122.85, 8038.00, 0.00, 119.87, 235257, 929069, 36, 63.8, , 1
Python, fannkuch-redux, -1,  13762.35, 8078.30, 7993.91, 0.00, 119.25, 234027, 924781, 36, 64.5, , 1
Python, fannkuch-redux, -1,  13657.49, 7987.13, 7903.07, 0.00, 118.72, 232959, 920088, 29, 64.0, , 1
Python, fannkuch-redux, -1,  13898.04, 8153.45, 8068.12, 0.00, 120.23, 235969, 930976, 31, 64.2, , 1
Python, fasta, -1,  1403.49, 554.15, 538.68, 0.00, 22.06, 43283, 43261, 20, 59.0, , 1
Python, fasta, -1,  1404.14, 552.27, 536.81, 0.00, 22.01, 43185, 43164, 19, 59.0, , 1
Python, fasta, -1,  1417.26, 558.18, 542.71, 0.00, 22.06, 43269, 43243, 23, 58.0, , 1
Python, fasta, -1,  1401.90, 546.45, 530.94, 0.00, 22.10, 43334, 43310, 25, 57.2, , 1
Python, fasta, -1,  1400.16, 551.96, 536.42, 0.00, 22.08, 43295, 43272, 21, 57.2, , 1
Python, fasta, -1,  1403.93, 549.34, 533.77, 0.00, 22.12, 43354, 43328, 24, 57.2, , 1
Python, fasta, -1,  1392.36, 544.65, 529.15, 0.00, 22.03, 43198, 43168, 28, 56.8, , 1
Python, fasta, -1,  1394.96, 545.04, 529.82, 0.00, 22.08, 43275, 43248, 25, 57.2, , 1
Python, fasta, -1,  1388.71, 543.01, 527.55, 0.00, 22.04, 43210, 43179, 32, 56.5, , 1
Python, fasta, -1,  1386.45, 543.02, 527.49, 0.00, 22.14, 43409, 43381, 27, 56.5, , 1
Python, fasta, -1,  1375.37, 533.52, 518.10, 0.00, 22.04, 43211, 43180, 31, 56.0, , 1
Python, fasta, -1,  1377.03, 539.71, 524.21, 0.00, 22.06, 43235, 43217, 19, 56.2, , 1
Python, fasta, -1,  1375.97, 541.98, 526.47, 0.00, 22.04, 43215, 43191, 23, 56.0, , 1
Python, fasta, -1,  1389.95, 552.58, 537.06, 0.00, 22.15, 43434, 43400, 31, 56.0, , 1
Python, fasta, -1,  1383.71, 546.92, 531.46, 0.00, 22.07, 43261, 43236, 23, 56.5, , 1
Python, fasta, -1,  1382.72, 543.69, 528.16, 0.00, 22.06, 43248, 43224, 23, 56.0, , 1
Python, fasta, -1,  1380.67, 538.50, 523.03, 0.00, 22.06, 43239, 43220, 19, 56.0, , 1
Python, fasta, -1,  1378.02, 538.56, 523.12, 0.00, 22.06, 43234, 43204, 31, 55.8, , 1
Python, fasta, -1,  1379.40, 538.32, 522.87, 0.00, 22.06, 43228, 43199, 30, 56.0, , 1
Python, fasta, -1,  1385.36, 542.19, 526.71, 0.00, 22.07, 43276, 43253, 22, 55.8, , 1
Python, k-nucleotide, -1,  2139.94, 1219.15, 1202.91, 0.00, 42.72, 35686, 139600, 502, 63.2, , 1
Python, k-nucleotide, -1,  2142.73, 1222.20, 1205.88, 0.00, 42.91, 35766, 139469, 489, 64.2, , 1
Python, k-nucleotide, -1,  2164.90, 1239.66, 1223.13, 0.00, 43.46, 36252, 141485, 504, 64.8, , 1
Python, k-nucleotide, -1,  2136.69, 1222.94, 1206.71, 0.00, 42.72, 35610, 139392, 510, 65.2, , 1
Python, k-nucleotide, -1,  2138.09, 1221.55, 1205.33, 0.00, 42.62, 35669, 139179, 533, 64.8, , 1
Python, k-nucleotide, -1,  2143.65, 1223.16, 1206.92, 0.00, 42.71, 35608, 139513, 467, 66.0, , 1
Python, k-nucleotide, -1,  2151.47, 1229.22, 1212.95, 0.00, 42.74, 35742, 139712, 453, 65.2, , 1
Python, k-nucleotide, -1,  2143.33, 1222.80, 1206.45, 0.00, 43.06, 35586, 139557, 480, 66.5, , 1
Python, k-nucleotide, -1,  2153.59, 1225.94, 1209.64, 0.00, 42.86, 35816, 140129, 492, 65.2, , 1
Python, k-nucleotide, -1,  2156.37, 1225.17, 1208.85, 0.00, 42.97, 35679, 139611, 496, 66.5, , 1
Python, k-nucleotide, -1,  2154.61, 1226.58, 1210.30, 0.00, 42.85, 35651, 139552, 501, 66.5, , 1
Python, k-nucleotide, -1,  2152.63, 1225.31, 1209.05, 0.00, 42.75, 35644, 139517, 506, 66.0, , 1
Python, k-nucleotide, -1,  2183.11, 1246.83, 1230.33, 0.00, 43.38, 36067, 141011, 524, 65.8, , 1
Python, k-nucleotide, -1,  2159.63, 1233.79, 1217.33, 0.00, 43.27, 36028, 140969, 514, 65.8, , 1
Python, k-nucleotide, -1,  2170.35, 1240.82, 1224.51, 0.00, 42.85, 35819, 139894, 483, 65.2, , 1
Python, k-nucleotide, -1,  2156.98, 1229.83, 1213.49, 0.00, 42.91, 35848, 139727, 494, 64.5, , 1
Python, k-nucleotide, -1,  2158.90, 1232.92, 1216.41, 0.00, 43.46, 36056, 141022, 494, 65.0, , 1
Python, k-nucleotide, -1,  2148.86, 1225.73, 1209.47, 0.00, 42.74, 35641, 139384, 494, 65.0, , 1
Python, k-nucleotide, -1,  2147.78, 1225.57, 1209.30, 0.00, 42.77, 35742, 139404, 515, 64.5, , 1
Python, k-nucleotide, -1,  2163.74, 1240.08, 1223.78, 0.00, 42.83, 35743, 139716, 495, 65.5, , 1
Python, mandelbrot, -1,  6318.06, 3791.73, 3755.31, 0.00, 51.50, 100989, 402365, 952, 69.8, , 1
Python, mandelbrot, -1,  6255.59, 3752.28, 3716.25, 0.00, 50.95, 99906, 398059, 980, 70.2, , 1
Python, mandelbrot, -1,  6243.48, 3735.95, 3700.08, 0.00, 50.76, 99500, 396479, 970, 70.5, , 1
Python, mandelbrot, -1,  6235.06, 3733.54, 3697.65, 0.00, 50.77, 99532, 396670, 942, 70.2, , 1
Python, mandelbrot, -1,  6238.79, 3734.22, 3698.28, 0.00, 50.82, 99633, 396821, 998, 70.2, , 1
Python, mandelbrot, -1,  6257.89, 3759.16, 3723.14, 0.00, 50.91, 99810, 397648, 974, 70.5, , 1
Python, mandelbrot, -1,  6234.92, 3739.71, 3703.75, 0.00, 50.88, 99734, 397368, 905, 70.8, , 1
Python, mandelbrot, -1,  6237.76, 3735.17, 3699.24, 0.00, 50.84, 99685, 397195, 959, 70.5, , 1
Python, mandelbrot, -1,  6244.84, 3742.07, 3706.11, 0.00, 50.86, 99734, 397454, 913, 69.5, , 1
Python, mandelbrot, -1,  6224.77, 3733.24, 3697.26, 0.00, 50.92, 99816, 397572, 991, 69.8, , 1
Python, mandelbrot, -1,  6352.24, 3813.48, 3776.99, 0.00, 51.61, 101169, 403173, 943, 70.5, , 1
Python, mandelbrot, -1,  6203.17, 3720.83, 3685.05, 0.00, 50.60, 99226, 395370, 945, 70.0, , 1
Python, mandelbrot, -1,  6246.98, 3743.70, 3707.71, 0.00, 50.90, 99820, 397664, 988, 70.0, , 1
Python, mandelbrot, -1,  6437.15, 3877.72, 3841.37, 0.00, 51.44, 100829, 401612, 974, 70.2, , 1
Python, mandelbrot, -1,  6259.32, 3758.82, 3722.59, 0.00, 51.27, 100518, 400362, 1042, 69.8, , 1
Python, mandelbrot, -1,  6219.92, 3731.09, 3695.09, 0.00, 50.94, 99852, 397775, 951, 69.5, , 1
Python, mandelbrot, -1,  6276.71, 3751.71, 3715.54, 0.00, 51.17, 100313, 399724, 930, 69.8, , 1
Python, mandelbrot, -1,  6303.85, 3773.76, 3737.40, 0.00, 51.43, 100835, 401769, 968, 70.2, , 1
Python, mandelbrot, -1,  6304.52, 3787.07, 3750.70, 0.00, 51.44, 100870, 401748, 1022, 70.2, , 1
Python, mandelbrot, -1,  6197.77, 3726.63, 3690.65, 0.00, 50.87, 99751, 397465, 911, 69.8, , 1
Python, n-body, -1,  7422.33, 3223.59, 3138.25, 0.00, 121.26, 237972, 237960, 1, 56.2, , 1
Python, n-body, -1,  7348.11, 3233.90, 3149.16, 0.00, 121.10, 237620, 237607, 3, 56.0, , 1
Python, n-body, -1,  7392.96, 3236.93, 3152.19, 0.00, 121.15, 237652, 237643, 4, 56.2, , 1
Python, n-body, -1,  7348.38, 3237.43, 3152.64, 0.00, 121.15, 237576, 237584, 4, 56.0, , 1
Python, n-body, -1,  7581.81, 3326.97, 3239.47, 0.00, 124.78, 244728, 244729, 5, 56.2, , 1
Python, n-body, -1,  7385.91, 3239.44, 3154.20, 0.00, 121.40, 238040, 238039, 3, 55.8, , 1
Python, n-body, -1,  7340.69, 3235.43, 3150.83, 0.00, 120.94, 237153, 237150, 1, 56.2, , 1
Python, n-body, -1,  7483.62, 3249.68, 3163.52, 0.00, 122.75, 240714, 240703, 5, 55.5, , 1
Python, n-body, -1,  7620.15, 3363.21, 3275.27, 0.00, 125.78, 246651, 246642, 4, 56.2, , 1
Python, n-body, -1,  7363.70, 3211.58, 3126.38, 0.00, 121.48, 238210, 238202, 3, 56.0, , 1
Python, n-body, -1,  7424.34, 3265.92, 3180.21, 0.00, 122.33, 239858, 239858, 3, 55.5, , 1
Python, n-body, -1,  7531.68, 3321.48, 3234.46, 0.00, 123.80, 242771, 242745, 16, 55.8, , 1
Python, n-body, -1,  7576.76, 3331.69, 3244.77, 0.00, 123.61, 242392, 242370, 12, 55.8, , 1
Python, n-body, -1,  7413.98, 3261.67, 3176.34, 0.00, 121.34, 237940, 237924, 7, 55.5, , 1
Python, n-body, -1,  7430.71, 3249.78, 3164.56, 0.00, 121.32, 237879, 237858, 12, 57.0, , 1
Python, n-body, -1,  7611.61, 3334.12, 3246.58, 0.00, 124.60, 244328, 244307, 12, 56.2, , 1
Python, n-body, -1,  7358.02, 3220.00, 3135.28, 0.00, 121.29, 237847, 237847, 3, 56.0, , 1
Python, n-body, -1,  7404.71, 3215.32, 3130.36, 0.00, 121.87, 238990, 238990, 3, 55.8, , 1
Python, n-body, -1,  7325.09, 3195.05, 3110.55, 0.00, 121.19, 237658, 237657, 3, 55.0, , 1
Python, n-body, -1,  7377.60, 3200.43, 3114.88, 0.00, 121.65, 238548, 238535, 4, 56.0, , 1
Python, regex-redux, -1,  269.23, 126.60, 123.87, 0.00, 4.49, 7109, 12482, 430, 55.8, , 1
Python, regex-redux, -1,  269.04, 126.89, 124.18, 0.00, 4.49, 7096, 12433, 469, 55.8, , 1
Python, regex-redux, -1,  270.47, 127.39, 124.66, 0.00, 4.52, 7136, 12465, 472, 56.5, , 1
Python, regex-redux, -1,  270.52, 127.37, 124.64, 0.00, 4.52, 7131, 12511, 449, 55.8, , 1
Python, regex-redux, -1,  269.79, 127.57, 124.84, 0.00, 4.52, 7113, 12510, 441, 56.8, , 1
Python, regex-redux, -1,  271.20, 128.59, 125.86, 0.00, 4.53, 7144, 12547, 452, 57.0, , 1
Python, regex-redux, -1,  271.66, 128.55, 125.82, 0.00, 4.54, 7152, 12511, 449, 56.8, , 1
Python, regex-redux, -1,  272.12, 129.00, 126.28, 0.00, 4.54, 7130, 12545, 453, 56.8, , 1
Python, regex-redux, -1,  271.55, 128.07, 125.33, 0.00, 4.53, 7133, 12514, 434, 56.8, , 1
Python, regex-redux, -1,  273.20, 127.93, 125.20, 0.00, 4.54, 7168, 12505, 469, 56.8, , 1
Python, regex-redux, -1,  274.33, 128.89, 126.14, 0.00, 4.55, 7194, 12548, 452, 57.2, , 1
Python, regex-redux, -1,  271.84, 128.08, 125.35, 0.00, 4.54, 7136, 12492, 465, 57.5, , 1
Python, regex-redux, -1,  271.17, 127.86, 125.13, 0.00, 4.52, 7125, 12445, 488, 58.0, , 1
Python, regex-redux, -1,  270.63, 128.30, 125.57, 0.00, 4.53, 7135, 12512, 448, 57.5, , 1
Python, regex-redux, -1,  268.97, 127.93, 125.20, 0.00, 4.52, 7117, 12524, 413, 57.5, , 1
Python, regex-redux, -1,  270.36, 128.55, 125.81, 0.00, 4.54, 7151, 12503, 476, 58.0, , 1
Python, regex-redux, -1,  270.12, 128.21, 125.48, 0.00, 4.53, 7117, 12452, 475, 57.5, , 1
Python, regex-redux, -1,  273.32, 129.16, 126.39, 0.00, 4.57, 7210, 12561, 456, 56.8, , 1
Python, regex-redux, -1,  270.26, 128.49, 125.75, 0.00, 4.55, 7130, 12508, 432, 57.8, , 1
Python, regex-redux, -1,  269.89, 127.91, 125.17, 0.00, 4.52, 7123, 12450, 471, 57.8, , 1
Python, reverse-complement, -1,  53.28, 24.45, 23.85, 0.00, 1.14, 1423, 1740, 446, 57.5, , 1
Python, reverse-complement, -1,  53.30, 24.31, 23.71, 0.00, 1.14, 1423, 1734, 453, 57.2, , 1
Python, reverse-complement, -1,  53.33, 24.47, 23.88, 0.00, 1.14, 1424, 1739, 450, 57.0, , 1
Python, reverse-complement, -1,  53.18, 24.38, 23.78, 0.00, 1.14, 1417, 1708, 469, 57.0, , 1
Python, reverse-complement, -1,  52.94, 24.32, 23.73, 0.00, 1.12, 1412, 1733, 439, 57.0, , 1
Python, reverse-complement, -1,  53.64, 24.54, 23.95, 0.00, 1.15, 1426, 1747, 442, 57.0, , 1
Python, reverse-complement, -1,  52.94, 24.23, 23.64, 0.00, 1.13, 1411, 1734, 436, 56.8, , 1
Python, reverse-complement, -1,  53.41, 24.46, 23.86, 0.00, 1.14, 1422, 1675, 514, 57.0, , 1
Python, reverse-complement, -1,  53.45, 24.48, 23.88, 0.00, 1.14, 1424, 1710, 479, 57.0, , 1
Python, reverse-complement, -1,  53.30, 24.50, 23.89, 0.00, 1.14, 1420, 1735, 450, 56.8, , 1
Python, reverse-complement, -1,  53.41, 24.49, 23.89, 0.00, 1.14, 1421, 1696, 486, 57.0, , 1
Python, reverse-complement, -1,  53.26, 24.40, 23.80, 0.00, 1.13, 1414, 1732, 441, 56.5, , 1
Python, reverse-complement, -1,  53.26, 24.40, 23.81, 0.00, 1.13, 1413, 1753, 422, 56.5, , 1
Python, reverse-complement, -1,  53.06, 24.18, 23.58, 0.00, 1.14, 1417, 1739, 440, 57.0, , 1
Python, reverse-complement, -1,  53.25, 24.31, 23.71, 0.00, 1.13, 1416, 1706, 474, 56.5, , 1
Python, reverse-complement, -1,  52.92, 24.36, 23.77, 0.00, 1.13, 1409, 1703, 460, 57.0, , 1
Python, reverse-complement, -1,  53.36, 24.44, 23.84, 0.00, 1.14, 1420, 1723, 459, 56.8, , 1
Python, reverse-complement, -1,  52.99, 24.39, 23.79, 0.00, 1.13, 1411, 1709, 461, 57.0, , 1
Python, reverse-complement, -1,  52.54, 24.33, 23.73, 0.00, 1.12, 1408, 1702, 464, 56.8, , 1
Python, reverse-complement, -1,  52.96, 24.40, 23.80, 0.00, 1.14, 1419, 1742, 441, 56.5, , 1
Python, spectral-norm, -1,  4733.05, 2871.94, 2844.55, 0.00, 38.87, 75937, 302641, 89, 70.0, , 1
Python, spectral-norm, -1,  4782.16, 2889.60, 2862.03, 0.00, 39.11, 76439, 304704, 89, 69.8, , 1
Python, spectral-norm, -1,  4773.06, 2889.95, 2862.56, 0.00, 38.85, 75966, 302780, 100, 70.0, , 1
Python, spectral-norm, -1,  4793.09, 2876.58, 2848.71, 0.00, 39.54, 77251, 306219, 111, 69.0, , 1
Python, spectral-norm, -1,  4704.54, 2844.11, 2816.91, 0.00, 38.57, 75398, 300507, 83, 69.8, , 1
Python, spectral-norm, -1,  4682.62, 2828.83, 2801.69, 0.00, 38.48, 75242, 299859, 96, 70.5, , 1
Python, spectral-norm, -1,  4765.78, 2873.14, 2845.68, 0.00, 38.97, 76148, 303458, 93, 69.0, , 1
Python, spectral-norm, -1,  4770.27, 2877.57, 2850.13, 0.00, 38.91, 76057, 303105, 86, 70.5, , 1
Python, spectral-norm, -1,  4768.07, 2878.23, 2850.80, 0.00, 38.90, 76025, 303103, 101, 69.2, , 1
Python, spectral-norm, -1,  4730.94, 2856.63, 2829.42, 0.00, 38.60, 75407, 300136, 81, 69.8, , 1
Python, spectral-norm, -1,  4747.21, 2872.12, 2844.78, 0.00, 38.74, 75743, 301695, 92, 70.8, , 1
Python, spectral-norm, -1,  4688.16, 2823.64, 2796.53, 0.00, 38.45, 75137, 299502, 99, 70.0, , 1
Python, spectral-norm, -1,  4698.98, 2822.55, 2795.41, 0.00, 38.50, 75238, 299866, 98, 69.5, , 1
Python, spectral-norm, -1,  4806.38, 2892.15, 2864.65, 0.00, 38.99, 76246, 303882, 78, 70.2, , 1
Python, spectral-norm, -1,  4728.21, 2844.54, 2817.30, 0.00, 38.64, 75495, 300412, 93, 70.0, , 1
Python, spectral-norm, -1,  4701.26, 2834.90, 2807.68, 0.00, 38.59, 75432, 300418, 89, 70.0, , 1
Python, spectral-norm, -1,  4700.05, 2835.76, 2808.63, 0.00, 38.49, 75229, 299894, 96, 69.8, , 1
Python, spectral-norm, -1,  4890.69, 2936.71, 2908.37, 0.00, 40.18, 78527, 312451, 83, 69.5, , 1
Python, spectral-norm, -1,  4692.12, 2819.15, 2792.01, 0.00, 38.49, 75239, 299846, 89, 69.8, , 1
Python, spectral-norm, -1,  4725.41, 2843.44, 2816.23, 0.00, 38.58, 75390, 300445, 108, 69.0, , 1
C, binary-trees, 1,  85.90, 14.53, 12.83, 0.00, 3.23, 4410, 11658, 940, 54.8, , 1
C, binary-trees, 1,  85.91, 14.39, 12.70, 0.00, 3.21, 4394, 11669, 943, 54.5, , 1
C, binary-trees, 1,  85.24, 14.39, 12.69, 0.00, 3.23, 4403, 11675, 927, 54.2, , 1
C, binary-trees, 1,  84.90, 14.37, 12.68, 0.00, 3.23, 4407, 11696, 905, 53.8, , 1
C, binary-trees, 1,  85.16, 14.38, 12.68, 0.00, 3.24, 4442, 11705, 911, 53.5, , 1
C, binary-trees, 1,  84.96, 14.42, 12.73, 0.00, 3.23, 4415, 11664, 966, 53.5, , 1
C, binary-trees, 1,  85.00, 14.62, 12.92, 0.00, 3.24, 4409, 11690, 955, 53.2, , 1
C, binary-trees, 1,  86.33, 14.44, 12.73, 0.00, 3.25, 4450, 11717, 930, 53.0, , 1
C, binary-trees, 1,  85.38, 14.33, 12.64, 0.00, 3.24, 4420, 11718, 910, 53.2, , 1
C, binary-trees, 1,  85.14, 14.40, 12.71, 0.00, 3.21, 4393, 11626, 942, 52.8, , 1
C, binary-trees, 1,  85.34, 14.45, 12.75, 0.00, 3.23, 4412, 11669, 937, 52.8, , 1
C, binary-trees, 1,  85.32, 14.64, 12.94, 0.00, 3.25, 4405, 11663, 931, 52.5, , 1
C, binary-trees, 1,  86.27, 14.81, 13.08, 0.00, 3.27, 4498, 11777, 936, 52.8, , 1
C, binary-trees, 1,  84.88, 14.47, 12.78, 0.00, 3.23, 4395, 11678, 901, 52.5, , 1
C, binary-trees, 1,  85.02, 14.40, 12.71, 0.00, 3.23, 4407, 11643, 949, 52.5, , 1
C, binary-trees, 1,  85.04, 14.28, 12.59, 0.00, 3.25, 4411, 11681, 942, 51.8, , 1
C, binary-trees, 1,  84.94, 14.24, 12.55, 0.00, 3.23, 4407, 11656, 922, 51.8, , 1
C, binary-trees, 1,  84.98, 14.01, 12.31, 0.00, 3.24, 4423, 11684, 931, 52.0, , 1
C, binary-trees, 1,  85.95, 14.26, 12.55, 0.00, 3.26, 4474, 11715, 939, 52.0, , 1
C, binary-trees, 1,  84.59, 14.09, 12.39, 0.00, 3.24, 4395, 11688, 935, 52.0, , 1
C, fannkuch-redux, 1,  170.37, 29.32, 26.14, 0.00, 4.55, 8922, 35367, 7, 51.5, , 1
C, fannkuch-redux, 1,  169.60, 29.61, 26.41, 0.00, 4.55, 8921, 35372, 3, 51.5, , 1
C, fannkuch-redux, 1,  169.13, 30.54, 27.35, 0.00, 4.56, 8928, 35371, 7, 51.2, , 1
C, fannkuch-redux, 1,  168.15, 30.46, 27.28, 0.00, 4.55, 8913, 35372, 3, 50.8, , 1
C, fannkuch-redux, 1,  167.88, 29.92, 26.74, 0.00, 4.54, 8910, 35365, 6, 50.5, , 1
C, fannkuch-redux, 1,  168.10, 29.93, 26.74, 0.00, 4.55, 8911, 35370, 4, 50.5, , 1
C, fannkuch-redux, 1,  168.86, 30.05, 26.86, 0.00, 4.55, 8912, 35369, 5, 50.2, , 1
C, fannkuch-redux, 1,  169.61, 29.66, 26.47, 0.00, 4.55, 8915, 35366, 4, 50.2, , 1
C, fannkuch-redux, 1,  168.29, 29.62, 26.44, 0.00, 4.55, 8915, 35369, 4, 49.5, , 1
C, fannkuch-redux, 1,  167.37, 29.75, 26.58, 0.00, 4.55, 8919, 35366, 9, 49.5, , 1
C, fannkuch-redux, 1,  167.77, 29.65, 26.47, 0.00, 4.56, 8934, 35370, 3, 49.5, , 1
C, fannkuch-redux, 1,  168.02, 30.19, 27.01, 0.00, 4.55, 8921, 35371, 3, 49.2, , 1
C, fannkuch-redux, 1,  167.64, 30.18, 27.00, 0.00, 4.55, 8920, 35370, 5, 49.8, , 1
C, fannkuch-redux, 1,  168.57, 30.19, 27.01, 0.00, 4.55, 8921, 35365, 7, 49.2, , 1
C, fannkuch-redux, 1,  168.83, 29.75, 26.57, 0.00, 4.55, 8921, 35365, 10, 49.5, , 1
C, fannkuch-redux, 1,  167.99, 29.69, 26.50, 0.00, 4.56, 8929, 35366, 5, 49.0, , 1
C, fannkuch-redux, 1,  167.54, 30.02, 26.85, 0.00, 4.56, 8924, 35368, 3, 49.0, , 1
C, fannkuch-redux, 1,  167.54, 30.36, 27.18, 0.00, 4.56, 8926, 35366, 6, 48.5, , 1
C, fannkuch-redux, 1,  168.13, 29.96, 26.78, 0.00, 4.56, 8926, 35365, 5, 48.5, , 1
C, fannkuch-redux, 1,  168.52, 29.84, 26.66, 0.00, 4.55, 8921, 35368, 7, 48.5, , 1
C, fasta, 1,  53.21, 4.78, 3.64, 0.00, 1.61, 3155, 3105, 49, 48.2, , 1
C, fasta, 1,  52.75, 4.91, 3.77, 0.00, 1.61, 3156, 3099, 57, 48.2, , 1
C, fasta, 1,  52.55, 4.81, 3.67, 0.00, 1.61, 3157, 3109, 48, 48.0, , 1
C, fasta, 1,  52.61, 4.91, 3.78, 0.00, 1.61, 3158, 3084, 74, 48.2, , 1
C, fasta, 1,  52.46, 4.90, 3.76, 0.00, 1.61, 3155, 3098, 56, 48.0, , 1
C, fasta, 1,  52.74, 4.79, 3.65, 0.00, 1.61, 3155, 3080, 74, 48.2, , 1
C, fasta, 1,  52.85, 4.72, 3.58, 0.00, 1.61, 3156, 3077, 79, 48.2, , 1
C, fasta, 1,  52.95, 4.76, 3.62, 0.00, 1.61, 3158, 3090, 66, 47.8, , 1
C, fasta, 1,  52.81, 4.80, 3.65, 0.00, 1.61, 3158, 3075, 82, 48.2, , 1
C, fasta, 1,  52.75, 4.82, 3.68, 0.00, 1.61, 3156, 3102, 54, 48.2, , 1
C, fasta, 1,  52.88, 4.83, 3.69, 0.00, 1.61, 3155, 3086, 68, 47.8, , 1
C, fasta, 1,  52.90, 4.97, 3.83, 0.00, 1.61, 3159, 3089, 69, 47.8, , 1
C, fasta, 1,  52.93, 5.01, 3.88, 0.00, 1.61, 3156, 3101, 55, 47.5, , 1
C, fasta, 1,  52.73, 4.90, 3.76, 0.00, 1.61, 3158, 3098, 60, 47.5, , 1
C, fasta, 1,  52.91, 5.01, 3.87, 0.00, 1.61, 3163, 3077, 84, 47.5, , 1
C, fasta, 1,  52.79, 4.82, 3.67, 0.00, 1.61, 3156, 3091, 65, 47.5, , 1
C, fasta, 1,  52.96, 4.98, 3.85, 0.00, 1.61, 3156, 3070, 85, 47.5, , 1
C, fasta, 1,  53.31, 4.78, 3.63, 0.00, 1.61, 3157, 3086, 69, 47.5, , 1
C, fasta, 1,  53.33, 4.99, 3.85, 0.00, 1.61, 3157, 3075, 82, 47.5, , 1
C, fasta, 1,  53.26, 4.96, 3.82, 0.00, 1.61, 3155, 3093, 61, 47.2, , 1
C, k-nucleotide, 1,  223.16, 41.05, 37.00, 0.00, 8.85, 11299, 37831, 453, 47.2, , 1
C, k-nucleotide, 1,  222.28, 40.74, 36.66, 0.00, 9.18, 11233, 37691, 363, 47.2, , 1
C, k-nucleotide, 1,  221.24, 40.44, 36.43, 0.00, 8.59, 11242, 37397, 349, 47.5, , 1
C, k-nucleotide, 1,  224.89, 40.82, 36.76, 0.00, 8.76, 11333, 37459, 433, 47.2, , 1
C, k-nucleotide, 1,  225.60, 41.31, 37.20, 0.00, 9.38, 11291, 37912, 450, 47.0, , 1
C, k-nucleotide, 1,  224.87, 41.42, 37.27, 0.00, 9.49, 11322, 37904, 390, 47.5, , 1
C, k-nucleotide, 1,  222.16, 41.33, 37.30, 0.00, 8.90, 11230, 37393, 414, 47.5, , 1
C, k-nucleotide, 1,  223.18, 41.32, 37.26, 0.00, 9.04, 11273, 37725, 401, 47.2, , 1
C, k-nucleotide, 1,  224.42, 41.27, 37.19, 0.00, 8.92, 11341, 37702, 414, 47.2, , 1
C, k-nucleotide, 1,  222.91, 40.89, 36.84, 0.00, 9.10, 11217, 37571, 360, 47.2, , 1
C, k-nucleotide, 1,  222.48, 41.08, 37.01, 0.00, 9.15, 11264, 37683, 410, 46.8, , 1
C, k-nucleotide, 1,  220.42, 41.35, 37.32, 0.00, 8.86, 11223, 37367, 414, 46.8, , 1
C, k-nucleotide, 1,  221.58, 41.22, 37.15, 0.00, 9.13, 11241, 37707, 364, 47.2, , 1
C, k-nucleotide, 1,  224.18, 41.27, 37.16, 0.00, 9.19, 11356, 37766, 475, 47.0, , 1
C, k-nucleotide, 1,  227.90, 41.50, 37.30, 0.00, 9.78, 11381, 37941, 398, 47.5, , 1
C, k-nucleotide, 1,  222.88, 40.59, 36.51, 0.00, 9.31, 11182, 37508, 381, 47.0, , 1
C, k-nucleotide, 1,  225.22, 40.91, 36.77, 0.00, 9.53, 11327, 37855, 436, 47.0, , 1
C, k-nucleotide, 1,  224.75, 41.01, 36.86, 0.00, 9.55, 11302, 37824, 437, 46.5, , 1
C, k-nucleotide, 1,  221.93, 40.26, 36.23, 0.00, 8.94, 11198, 37279, 480, 46.8, , 1
C, k-nucleotide, 1,  223.81, 41.03, 36.95, 0.00, 9.04, 11230, 37460, 395, 47.0, , 1
C, mandelbrot, 1,  80.26, 14.27, 12.74, 0.00, 2.20, 4281, 17026, 65, 46.8, , 1
C, mandelbrot, 1,  80.17, 14.31, 12.78, 0.00, 2.19, 4277, 17008, 68, 46.8, , 1
C, mandelbrot, 1,  83.48, 14.86, 13.27, 0.00, 2.27, 4427, 17022, 66, 46.5, , 1
C, mandelbrot, 1,  79.84, 14.13, 12.60, 0.00, 2.20, 4279, 17010, 68, 46.2, , 1
C, mandelbrot, 1,  79.61, 14.31, 12.78, 0.00, 2.20, 4280, 17024, 60, 46.8, , 1
C, mandelbrot, 1,  79.28, 14.25, 12.72, 0.00, 2.19, 4277, 17017, 60, 46.8, , 1
C, mandelbrot, 1,  79.57, 14.28, 12.75, 0.00, 2.19, 4278, 17005, 72, 46.5, , 1
C, mandelbrot, 1,  79.53, 14.26, 12.72, 0.00, 2.19, 4279, 17019, 64, 46.2, , 1
C, mandelbrot, 1,  79.45, 14.33, 12.79, 0.00, 2.20, 4281, 17014, 78, 46.5, , 1
C, mandelbrot, 1,  79.37, 14.28, 12.74, 0.00, 2.20, 4280, 17028, 60, 47.0, , 1
C, mandelbrot, 1,  79.76, 14.16, 12.63, 0.00, 2.19, 4278, 17027, 51, 46.5, , 1
C, mandelbrot, 1,  79.92, 14.00, 12.47, 0.00, 2.20, 4280, 17026, 63, 46.5, , 1
C, mandelbrot, 1,  80.12, 14.08, 12.54, 0.00, 2.20, 4288, 17027, 67, 46.5, , 1
C, mandelbrot, 1,  79.06, 13.80, 12.27, 0.00, 2.19, 4279, 17020, 71, 46.5, , 1
C, mandelbrot, 1,  78.73, 13.75, 12.23, 0.00, 2.19, 4280, 17027, 68, 46.2, , 1
C, mandelbrot, 1,  79.12, 14.02, 12.50, 0.00, 2.19, 4277, 17010, 67, 46.8, , 1
C, mandelbrot, 1,  79.03, 14.14, 12.61, 0.00, 2.19, 4279, 17006, 81, 46.2, , 1
C, mandelbrot, 1,  78.82, 14.10, 12.58, 0.00, 2.19, 4277, 17003, 82, 46.2, , 1
C, mandelbrot, 1,  78.82, 14.16, 12.63, 0.00, 2.19, 4276, 17015, 63, 46.0, , 1
C, mandelbrot, 1,  79.19, 14.23, 12.70, 0.00, 2.19, 4276, 17024, 56, 46.2, , 1
C, n-body, 1,  135.51, 13.80, 10.85, 0.00, 4.19, 8218, 8214, 3, 45.5, , 1
C, n-body, 1,  137.02, 14.00, 11.05, 0.00, 4.19, 8218, 8214, 2, 45.5, , 1
C, n-body, 1,  137.14, 14.16, 11.21, 0.00, 4.19, 8219, 8212, 5, 45.8, , 1
C, n-body, 1,  136.49, 14.13, 11.18, 0.00, 4.19, 8219, 8215, 2, 45.8, , 1
C, n-body, 1,  136.35, 14.19, 11.25, 0.00, 4.19, 8219, 8215, 3, 45.2, , 1
C, n-body, 1,  136.47, 14.20, 11.26, 0.00, 4.19, 8219, 8215, 2, 45.5, , 1
C, n-body, 1,  136.04, 14.22, 11.28, 0.00, 4.19, 8218, 8215, 3, 45.5, , 1
C, n-body, 1,  136.63, 14.20, 11.25, 0.00, 4.19, 8219, 8214, 4, 45.0, , 1
C, n-body, 1,  137.16, 14.41, 11.48, 0.00, 4.19, 8218, 8215, 3, 45.0, , 1
C, n-body, 1,  136.64, 14.41, 11.47, 0.00, 4.19, 8220, 8214, 4, 45.2, , 1
C, n-body, 1,  135.92, 14.68, 11.75, 0.00, 4.19, 8220, 8218, 2, 45.0, , 1
C, n-body, 1,  135.58, 14.56, 11.62, 0.00, 4.19, 8218, 8214, 4, 45.0, , 1
C, n-body, 1,  135.40, 14.53, 11.59, 0.00, 4.19, 8217, 8215, 2, 45.0, , 1
C, n-body, 1,  134.92, 14.58, 11.65, 0.00, 4.19, 8217, 8215, 1, 45.0, , 1
C, n-body, 1,  135.60, 14.44, 11.50, 0.00, 4.19, 8218, 8214, 2, 44.8, , 1
C, n-body, 1,  136.83, 14.29, 11.35, 0.00, 4.20, 8218, 8215, 2, 44.8, , 1
C, n-body, 1,  137.72, 14.41, 11.46, 0.00, 4.20, 8219, 8216, 2, 45.0, , 1
C, n-body, 1,  135.16, 14.44, 11.50, 0.00, 4.20, 8218, 8217, 1, 44.5, , 1
C, n-body, 1,  135.06, 14.23, 11.29, 0.00, 4.19, 8218, 8215, 2, 44.8, , 1
C, n-body, 1,  135.25, 14.21, 11.25, 0.00, 4.20, 8219, 8216, 2, 45.0, , 1
C, regex-redux, 1,  56.51, 9.14, 8.01, 0.00, 1.91, 3119, 7892, 350, 44.8, , 1
C, regex-redux, 1,  56.75, 8.99, 7.85, 0.00, 1.91, 3122, 7920, 324, 44.8, , 1
C, regex-redux, 1,  56.52, 8.99, 7.85, 0.00, 1.91, 3124, 7910, 337, 44.8, , 1
C, regex-redux, 1,  56.43, 8.98, 7.85, 0.00, 1.91, 3121, 7914, 330, 44.8, , 1
C, regex-redux, 1,  56.74, 8.96, 7.83, 0.00, 1.92, 3129, 7946, 333, 44.8, , 1
C, regex-redux, 1,  56.71, 8.84, 7.71, 0.00, 1.91, 3120, 7901, 340, 44.8, , 1
C, regex-redux, 1,  56.95, 9.08, 7.94, 0.00, 1.91, 3118, 7926, 344, 45.0, , 1
C, regex-redux, 1,  56.97, 9.04, 7.90, 0.00, 1.92, 3123, 7907, 336, 45.0, , 1
C, regex-redux, 1,  57.03, 9.12, 7.98, 0.00, 1.91, 3118, 7920, 323, 45.0, , 1
C, regex-redux, 1,  56.75, 9.15, 8.01, 0.00, 1.92, 3125, 7908, 338, 45.0, , 1
C, regex-redux, 1,  57.30, 9.02, 7.88, 0.00, 1.92, 3127, 7908, 341, 44.8, , 1
C, regex-redux, 1,  56.91, 8.88, 7.75, 0.00, 1.91, 3119, 7912, 330, 45.0, , 1
C, regex-redux, 1,  57.36, 8.95, 7.81, 0.00, 1.92, 3126, 7951, 326, 45.2, , 1
C, regex-redux, 1,  57.40, 8.89, 7.76, 0.00, 1.92, 3121, 7932, 343, 45.0, , 1
C, regex-redux, 1,  57.19, 8.85, 7.71, 0.00, 1.91, 3119, 7884, 359, 44.5, , 1
C, regex-redux, 1,  57.33, 8.72, 7.58, 0.00, 1.91, 3119, 7898, 345, 45.0, , 1
C, regex-redux, 1,  57.35, 8.75, 7.62, 0.00, 1.92, 3121, 7908, 336, 45.0, , 1
C, regex-redux, 1,  57.14, 8.80, 7.67, 0.00, 1.92, 3123, 7915, 332, 44.8, , 1
C, regex-redux, 1,  57.15, 8.87, 7.74, 0.00, 1.91, 3124, 7913, 334, 44.8, , 1
C, regex-redux, 1,  57.27, 8.92, 7.79, 0.00, 1.91, 3120, 7924, 320, 44.5, , 1
C, reverse-complement, 1,  6.50, 0.76, 0.61, 0.00, 0.32, 356, 171, 297, 44.8, , 1
C, reverse-complement, 1,  6.45, 0.76, 0.60, 0.00, 0.31, 356, 171, 297, 44.8, , 1
C, reverse-complement, 1,  6.46, 0.76, 0.61, 0.00, 0.31, 352, 172, 294, 45.2, , 1
C, reverse-complement, 1,  6.42, 0.76, 0.61, 0.00, 0.31, 355, 168, 300, 45.2, , 1
C, reverse-complement, 1,  6.41, 0.77, 0.61, 0.00, 0.31, 354, 180, 289, 45.2, , 1
C, reverse-complement, 1,  6.46, 0.77, 0.61, 0.00, 0.31, 358, 180, 291, 45.2, , 1
C, reverse-complement, 1,  6.34, 0.76, 0.61, 0.00, 0.31, 352, 170, 296, 45.2, , 1
C, reverse-complement, 1,  6.42, 0.77, 0.62, 0.00, 0.31, 355, 162, 306, 45.2, , 1
C, reverse-complement, 1,  6.40, 0.77, 0.62, 0.00, 0.32, 356, 179, 290, 44.5, , 1
C, reverse-complement, 1,  6.50, 0.77, 0.61, 0.00, 0.32, 357, 165, 305, 44.5, , 1
C, reverse-complement, 1,  6.51, 0.78, 0.62, 0.00, 0.31, 356, 163, 307, 44.5, , 1
C, reverse-complement, 1,  6.52, 0.77, 0.61, 0.00, 0.32, 357, 166, 303, 44.5, , 1
C, reverse-complement, 1,  6.46, 0.75, 0.60, 0.00, 0.32, 357, 171, 299, 44.5, , 1
C, reverse-complement, 1,  6.46, 0.78, 0.62, 0.00, 0.32, 356, 177, 291, 44.5, , 1
C, reverse-complement, 1,  6.39, 0.78, 0.62, 0.00, 0.31, 353, 169, 298, 45.0, , 1
C, reverse-complement, 1,  6.41, 0.78, 0.63, 0.00, 0.31, 353, 170, 297, 45.0, , 1
C, reverse-complement, 1,  6.38, 0.78, 0.63, 0.00, 0.31, 356, 167, 302, 45.0, , 1
C, reverse-complement, 1,  6.36, 0.77, 0.62, 0.00, 0.31, 354, 165, 302, 44.8, , 1
C, reverse-complement, 1,  6.33, 0.78, 0.62, 0.00, 0.31, 351, 161, 304, 44.8, , 1
C, reverse-complement, 1,  6.51, 0.77, 0.62, 0.00, 0.31, 351, 165, 298, 44.8, , 1
C, spectral-norm, 1,  26.59, 5.16, 4.67, 0.00, 0.71, 1385, 5520, 3, 45.2, , 1
C, spectral-norm, 1,  26.58, 5.06, 4.57, 0.00, 0.71, 1384, 5519, 2, 45.5, , 1
C, spectral-norm, 1,  26.55, 5.10, 4.61, 0.00, 0.71, 1386, 5519, 7, 45.5, , 1
C, spectral-norm, 1,  26.59, 5.06, 4.57, 0.00, 0.71, 1385, 5523, 2, 45.0, , 1
C, spectral-norm, 1,  26.65, 5.05, 4.56, 0.00, 0.71, 1387, 5524, 4, 45.0, , 1
C, spectral-norm, 1,  26.78, 4.98, 4.49, 0.00, 0.71, 1391, 5535, 5, 45.0, , 1
C, spectral-norm, 1,  26.56, 5.01, 4.52, 0.00, 0.71, 1387, 5524, 3, 44.8, , 1
C, spectral-norm, 1,  26.75, 4.96, 4.47, 0.00, 0.71, 1387, 5527, 1, 45.2, , 1
C, spectral-norm, 1,  26.53, 4.97, 4.48, 0.00, 0.71, 1387, 5526, 3, 45.0, , 1
C, spectral-norm, 1,  26.36, 4.96, 4.48, 0.00, 0.71, 1386, 5522, 4, 45.0, , 1
C, spectral-norm, 1,  26.41, 5.08, 4.58, 0.00, 0.71, 1388, 5524, 8, 45.0, , 1
C, spectral-norm, 1,  26.26, 5.07, 4.57, 0.00, 0.71, 1385, 5521, 3, 45.2, , 1
C, spectral-norm, 1,  26.38, 5.06, 4.57, 0.00, 0.71, 1385, 5519, 2, 44.8, , 1
C, spectral-norm, 1,  26.44, 5.00, 4.51, 0.00, 0.71, 1388, 5530, 3, 44.8, , 1
C, spectral-norm, 1,  26.32, 4.99, 4.50, 0.00, 0.71, 1385, 5520, 4, 45.5, , 1
C, spectral-norm, 1,  26.37, 5.01, 4.52, 0.00, 0.71, 1385, 5516, 8, 45.0, , 1
C, spectral-norm, 1,  26.44, 4.98, 4.49, 0.00, 0.71, 1387, 5526, 2, 45.0, , 1
C, spectral-norm, 1,  26.25, 4.98, 4.49, 0.00, 0.71, 1383, 5511, 7, 45.0, , 1
C, spectral-norm, 1,  26.30, 5.09, 4.60, 0.00, 0.71, 1386, 5523, 2, 45.2, , 1
C, spectral-norm, 1,  26.28, 5.07, 4.58, 0.00, 0.71, 1383, 5514, 4, 45.2, , 1
C++, binary-trees, 1,  68.00, 13.04, 11.64, 0.00, 2.66, 3492, 11199, 605, 45.0, , 1
C++, binary-trees, 1,  65.82, 12.72, 11.39, 0.00, 2.70, 3360, 11074, 381, 45.0, , 1
C++, binary-trees, 1,  68.58, 13.08, 11.65, 0.00, 2.79, 3507, 11235, 640, 45.0, , 1
C++, binary-trees, 1,  67.69, 12.81, 11.42, 0.00, 2.67, 3486, 11184, 558, 45.0, , 1
C++, binary-trees, 1,  67.57, 12.86, 11.47, 0.00, 2.65, 3445, 11102, 524, 45.0, , 1
C++, binary-trees, 1,  68.27, 12.77, 11.38, 0.00, 2.65, 3485, 11228, 580, 44.8, , 1
C++, binary-trees, 1,  69.37, 12.94, 11.46, 0.00, 2.80, 3509, 11234, 602, 45.0, , 1
C++, binary-trees, 1,  70.37, 12.99, 11.51, 0.00, 2.84, 3550, 11377, 641, 45.5, , 1
C++, binary-trees, 1,  67.08, 12.65, 11.28, 0.00, 2.70, 3383, 11096, 427, 44.8, , 1
C++, binary-trees, 1,  68.82, 13.03, 11.62, 0.00, 2.66, 3511, 11289, 582, 45.0, , 1
C++, binary-trees, 1,  67.85, 12.86, 11.47, 0.00, 2.77, 3457, 11215, 558, 45.0, , 1
C++, binary-trees, 1,  68.41, 13.04, 11.64, 0.00, 2.67, 3501, 11226, 584, 45.2, , 1
C++, binary-trees, 1,  68.56, 12.96, 11.56, 0.00, 2.63, 3512, 11305, 571, 45.0, , 1
C++, binary-trees, 1,  66.90, 12.67, 11.29, 0.00, 2.62, 3435, 11113, 474, 45.0, , 1
C++, binary-trees, 1,  68.76, 13.03, 11.63, 0.00, 2.66, 3521, 11335, 597, 45.2, , 1
C++, binary-trees, 1,  67.02, 12.85, 11.49, 0.00, 2.73, 3424, 11206, 507, 45.0, , 1
C++, binary-trees, 1,  65.68, 12.68, 11.36, 0.00, 2.68, 3350, 11072, 356, 45.5, , 1
C++, binary-trees, 1,  66.14, 12.76, 11.38, 0.00, 2.62, 3400, 11125, 458, 45.5, , 1
C++, binary-trees, 1,  66.00, 12.72, 11.31, 0.00, 2.66, 3384, 11103, 431, 45.2, , 1
C++, binary-trees, 1,  68.87, 13.25, 11.78, 0.00, 2.83, 3543, 11392, 672, 45.2, , 1
C++, fannkuch-redux, 1,  294.81, 51.58, 45.89, 0.00, 8.17, 16003, 63419, 4, 45.0, , 1
C++, fannkuch-redux, 1,  294.91, 52.17, 46.48, 0.00, 8.16, 16004, 63403, 11, 45.0, , 1
C++, fannkuch-redux, 1,  295.96, 51.53, 45.84, 0.00, 8.17, 16015, 63431, 8, 44.8, , 1
C++, fannkuch-redux, 1,  297.43, 50.63, 44.96, 0.00, 8.16, 15997, 63393, 12, 45.0, , 1
C++, fannkuch-redux, 1,  295.46, 50.40, 44.72, 0.00, 8.16, 16005, 63432, 10, 45.0, , 1
C++, fannkuch-redux, 1,  295.03, 50.86, 45.19, 0.00, 8.16, 15992, 63387, 7, 44.8, , 1
C++, fannkuch-redux, 1,  295.94, 51.09, 45.41, 0.00, 8.17, 16007, 63423, 9, 44.8, , 1
C++, fannkuch-redux, 1,  296.39, 51.05, 45.37, 0.00, 8.16, 16000, 63400, 5, 44.5, , 1
C++, fannkuch-redux, 1,  299.10, 51.65, 45.87, 0.00, 8.33, 16302, 63459, 4, 44.2, , 1
C++, fannkuch-redux, 1,  291.25, 50.47, 44.79, 0.00, 8.16, 15997, 63400, 10, 44.8, , 1
C++, fannkuch-redux, 1,  292.44, 50.24, 44.57, 0.00, 8.15, 15974, 63386, 8, 45.0, , 1
C++, fannkuch-redux, 1,  290.55, 49.76, 44.10, 0.00, 8.15, 15973, 63363, 7, 44.8, , 1
C++, fannkuch-redux, 1,  289.81, 50.15, 44.49, 0.00, 8.15, 15977, 63377, 7, 44.8, , 1
C++, fannkuch-redux, 1,  290.44, 50.43, 44.77, 0.00, 8.14, 15966, 63329, 10, 44.5, , 1
C++, fannkuch-redux, 1,  293.42, 50.40, 44.73, 0.00, 8.17, 15998, 63396, 8, 44.5, , 1
C++, fannkuch-redux, 1,  290.66, 50.63, 44.96, 0.00, 8.17, 15999, 63416, 4, 44.8, , 1
C++, fannkuch-redux, 1,  291.22, 50.81, 45.14, 0.00, 8.16, 15987, 63414, 6, 45.0, , 1
C++, fannkuch-redux, 1,  290.84, 50.64, 44.97, 0.00, 8.15, 15973, 63364, 7, 45.0, , 1
C++, fannkuch-redux, 1,  292.38, 50.29, 44.62, 0.00, 8.15, 15975, 63389, 10, 44.5, , 1
C++, fannkuch-redux, 1,  289.70, 50.77, 45.09, 0.00, 8.16, 15997, 63419, 8, 44.8, , 1
C++, fasta, 1,  52.15, 6.36, 5.27, 0.00, 1.57, 3064, 6069, 33, 44.8, , 1
C++, fasta, 1,  52.38, 6.28, 5.19, 0.00, 1.57, 3064, 6071, 30, 44.5, , 1
C++, fasta, 1,  52.18, 6.18, 5.10, 0.00, 1.57, 3065, 6076, 25, 44.5, , 1
C++, fasta, 1,  52.02, 6.12, 5.03, 0.00, 1.57, 3064, 6071, 30, 44.8, , 1
C++, fasta, 1,  52.20, 6.01, 4.92, 0.00, 1.57, 3064, 6075, 25, 44.5, , 1
C++, fasta, 1,  52.78, 6.18, 5.09, 0.00, 1.57, 3064, 6072, 29, 44.5, , 1
C++, fasta, 1,  52.78, 6.31, 5.22, 0.00, 1.57, 3065, 6073, 30, 44.2, , 1
C++, fasta, 1,  52.40, 6.19, 5.10, 0.00, 1.56, 3064, 6076, 25, 44.5, , 1
C++, fasta, 1,  52.45, 6.37, 5.28, 0.00, 1.57, 3065, 6073, 30, 44.2, , 1
C++, fasta, 1,  52.50, 6.28, 5.19, 0.00, 1.57, 3064, 6070, 31, 44.2, , 1
C++, fasta, 1,  51.81, 6.08, 4.99, 0.00, 1.56, 3063, 6074, 26, 43.8, , 1
C++, fasta, 1,  51.71, 5.93, 4.85, 0.00, 1.57, 3065, 6076, 27, 44.2, , 1
C++, fasta, 1,  51.81, 6.17, 5.08, 0.00, 1.56, 3064, 6077, 25, 44.2, , 1
C++, fasta, 1,  51.85, 6.16, 5.07, 0.00, 1.57, 3064, 6073, 29, 43.8, , 1
C++, fasta, 1,  51.93, 6.08, 4.99, 0.00, 1.57, 3065, 6075, 27, 44.2, , 1
C++, fasta, 1,  51.75, 6.15, 5.06, 0.00, 1.56, 3064, 6080, 22, 44.2, , 1
C++, fasta, 1,  51.83, 6.15, 5.06, 0.00, 1.57, 3065, 6075, 29, 44.0, , 1
C++, fasta, 1,  51.89, 6.17, 5.08, 0.00, 1.57, 3064, 6076, 26, 44.2, , 1
C++, fasta, 1,  51.86, 6.26, 5.17, 0.00, 1.57, 3064, 6076, 25, 44.2, , 1
C++, fasta, 1,  51.96, 6.25, 5.16, 0.00, 1.57, 3064, 6069, 33, 44.5, , 1
C++, k-nucleotide, 1,  120.41, 19.71, 16.72, 0.00, 6.54, 6235, 17531, 709, 44.5, , 1
C++, k-nucleotide, 1,  121.13, 19.63, 16.61, 0.00, 6.59, 6259, 17694, 663, 44.5, , 1
C++, k-nucleotide, 1,  121.47, 19.41, 16.40, 0.00, 6.61, 6278, 17697, 689, 44.5, , 1
C++, k-nucleotide, 1,  120.66, 19.71, 16.71, 0.00, 6.54, 6245, 17637, 707, 44.5, , 1
C++, k-nucleotide, 1,  120.13, 19.95, 16.95, 0.00, 6.53, 6256, 17606, 669, 44.2, , 1
C++, k-nucleotide, 1,  120.86, 19.82, 16.81, 0.00, 6.54, 6273, 17636, 709, 44.8, , 1
C++, k-nucleotide, 1,  121.81, 20.07, 17.03, 0.00, 6.62, 6314, 17772, 686, 44.0, , 1
C++, k-nucleotide, 1,  120.75, 19.75, 16.74, 0.00, 6.53, 6253, 17702, 679, 44.2, , 1
C++, k-nucleotide, 1,  121.38, 19.51, 16.50, 0.00, 6.58, 6264, 17784, 621, 44.5, , 1
C++, k-nucleotide, 1,  121.64, 19.63, 16.64, 0.00, 6.49, 6244, 17542, 680, 44.5, , 1
C++, k-nucleotide, 1,  122.07, 19.83, 16.81, 0.00, 6.54, 6258, 17685, 675, 44.2, , 1
C++, k-nucleotide, 1,  121.13, 19.66, 16.65, 0.00, 6.55, 6265, 17734, 661, 44.2, , 1
C++, k-nucleotide, 1,  121.04, 20.05, 17.03, 0.00, 6.57, 6281, 17721, 656, 44.5, , 1
C++, k-nucleotide, 1,  120.26, 19.52, 16.52, 0.00, 6.49, 6235, 17608, 649, 44.8, , 1
C++, k-nucleotide, 1,  120.43, 19.56, 16.57, 0.00, 6.52, 6243, 17634, 657, 44.8, , 1
C++, k-nucleotide, 1,  120.80, 19.46, 16.46, 0.00, 6.54, 6261, 17639, 747, 44.5, , 1
C++, k-nucleotide, 1,  121.31, 19.41, 16.38, 0.00, 6.60, 6279, 17813, 688, 44.2, , 1
C++, k-nucleotide, 1,  120.32, 19.58, 16.58, 0.00, 6.51, 6241, 17628, 697, 44.5, , 1
C++, k-nucleotide, 1,  122.42, 19.49, 16.46, 0.00, 6.60, 6289, 17781, 680, 45.0, , 1
C++, k-nucleotide, 1,  122.76, 19.50, 16.46, 0.00, 6.65, 6291, 17760, 689, 44.5, , 1
C++, mandelbrot, 1,  62.91, 11.32, 10.13, 0.00, 1.73, 3370, 13075, 72, 44.2, , 1
C++, mandelbrot, 1,  62.88, 11.31, 10.11, 0.00, 1.72, 3360, 13098, 56, 44.2, , 1
C++, mandelbrot, 1,  62.54, 11.40, 10.21, 0.00, 1.73, 3360, 13086, 58, 44.5, , 1
C++, mandelbrot, 1,  62.65, 11.21, 10.01, 0.00, 1.73, 3360, 13073, 71, 44.2, , 1
C++, mandelbrot, 1,  62.63, 11.19, 9.99, 0.00, 1.73, 3369, 13084, 58, 44.8, , 1
C++, mandelbrot, 1,  62.70, 11.33, 10.14, 0.00, 1.73, 3366, 13091, 63, 44.5, , 1
C++, mandelbrot, 1,  62.48, 11.20, 10.00, 0.00, 1.73, 3366, 13071, 72, 44.0, , 1
C++, mandelbrot, 1,  62.68, 11.26, 10.07, 0.00, 1.72, 3361, 13092, 62, 44.5, , 1
C++, mandelbrot, 1,  62.61, 11.46, 10.26, 0.00, 1.73, 3368, 13082, 63, 45.0, , 1
C++, mandelbrot, 1,  62.53, 11.34, 10.15, 0.00, 1.72, 3359, 13079, 63, 44.2, , 1
C++, mandelbrot, 1,  62.39, 11.34, 10.14, 0.00, 1.73, 3365, 13075, 68, 44.5, , 1
C++, mandelbrot, 1,  62.43, 11.31, 10.11, 0.00, 1.73, 3362, 13093, 61, 44.5, , 1
C++, mandelbrot, 1,  62.93, 11.36, 10.16, 0.00, 1.73, 3363, 13083, 61, 44.5, , 1
C++, mandelbrot, 1,  62.82, 11.61, 10.42, 0.00, 1.73, 3360, 13091, 53, 44.5, , 1
C++, mandelbrot, 1,  63.21, 11.36, 10.17, 0.00, 1.73, 3370, 13096, 56, 44.5, , 1
C++, mandelbrot, 1,  63.23, 11.34, 10.15, 0.00, 1.73, 3361, 13097, 56, 44.5, , 1
C++, mandelbrot, 1,  62.89, 11.48, 10.28, 0.00, 1.73, 3373, 13109, 48, 44.2, , 1
C++, mandelbrot, 1,  62.86, 11.35, 10.15, 0.00, 1.73, 3373, 13088, 68, 44.5, , 1
C++, mandelbrot, 1,  62.67, 11.54, 10.34, 0.00, 1.73, 3364, 13084, 68, 44.8, , 1
C++, mandelbrot, 1,  62.58, 11.46, 10.26, 0.00, 1.72, 3358, 13058, 85, 44.0, , 1
C++, n-body, 1,  135.45, 14.28, 11.36, 0.00, 4.16, 8163, 8162, 1, 44.2, , 1
C++, n-body, 1,  136.43, 14.59, 11.67, 0.00, 4.16, 8162, 8158, 3, 44.5, , 1
C++, n-body, 1,  136.47, 14.45, 11.53, 0.00, 4.17, 8164, 8158, 4, 44.0, , 1
C++, n-body, 1,  136.84, 14.27, 11.35, 0.00, 4.16, 8162, 8159, 2, 44.2, , 1
C++, n-body, 1,  136.51, 14.16, 11.24, 0.00, 4.16, 8163, 8160, 1, 43.8, , 1
C++, n-body, 1,  136.02, 14.56, 11.65, 0.00, 4.16, 8163, 8160, 1, 44.2, , 1
C++, n-body, 1,  135.94, 14.65, 11.74, 0.00, 4.17, 8164, 8161, 2, 43.5, , 1
C++, n-body, 1,  135.63, 14.29, 11.37, 0.00, 4.17, 8162, 8159, 3, 44.2, , 1
C++, n-body, 1,  137.15, 14.55, 11.64, 0.00, 4.17, 8162, 8160, 2, 43.5, , 1
C++, n-body, 1,  135.38, 14.39, 11.47, 0.00, 4.17, 8163, 8161, 2, 44.0, , 1
C++, n-body, 1,  135.66, 14.78, 11.87, 0.00, 4.17, 8166, 8163, 3, 43.8, , 1
C++, n-body, 1,  135.46, 14.36, 11.44, 0.00, 4.17, 8163, 8160, 2, 43.2, , 1
C++, n-body, 1,  134.73, 13.93, 11.00, 0.00, 4.17, 8163, 8162, 1, 44.2, , 1
C++, n-body, 1,  134.84, 14.51, 11.59, 0.00, 4.17, 8164, 8160, 3, 43.5, , 1
C++, n-body, 1,  132.52, 14.31, 11.39, 0.00, 4.17, 8164, 8160, 2, 43.8, , 1
C++, n-body, 1,  133.02, 14.31, 11.38, 0.00, 4.17, 8164, 8161, 2, 43.8, , 1
C++, n-body, 1,  133.72, 14.41, 11.49, 0.00, 4.17, 8165, 8160, 4, 43.2, , 1
C++, n-body, 1,  134.69, 14.42, 11.50, 0.00, 4.16, 8162, 8159, 2, 43.5, , 1
C++, n-body, 1,  134.52, 14.35, 11.42, 0.00, 4.17, 8163, 8159, 2, 44.2, , 1
C++, n-body, 1,  133.40, 14.41, 11.49, 0.00, 4.17, 8163, 8159, 2, 43.8, , 1
C++, regex-redux, 1,  80.35, 11.21, 9.52, 0.00, 2.78, 4623, 8051, 672, 44.0, , 1
C++, regex-redux, 1,  82.13, 11.26, 9.52, 0.00, 2.84, 4749, 8086, 657, 43.8, , 1
C++, regex-redux, 1,  79.78, 11.12, 9.44, 0.00, 2.77, 4603, 8064, 694, 44.0, , 1
C++, regex-redux, 1,  80.08, 11.03, 9.34, 0.00, 2.78, 4615, 8043, 682, 43.2, , 1
C++, regex-redux, 1,  81.26, 11.18, 9.48, 0.00, 2.79, 4656, 8063, 652, 43.8, , 1
C++, regex-redux, 1,  81.15, 11.12, 9.42, 0.00, 2.79, 4643, 8021, 669, 43.8, , 1
C++, regex-redux, 1,  80.03, 11.21, 9.54, 0.00, 2.76, 4580, 8027, 671, 43.5, , 1
C++, regex-redux, 1,  81.79, 11.40, 9.68, 0.00, 2.82, 4677, 8039, 702, 43.8, , 1
C++, regex-redux, 1,  81.53, 11.02, 9.30, 0.00, 2.81, 4686, 8045, 674, 43.5, , 1
C++, regex-redux, 1,  81.14, 10.92, 9.21, 0.00, 2.80, 4668, 8034, 665, 44.0, , 1
C++, regex-redux, 1,  80.50, 10.86, 9.16, 0.00, 2.78, 4638, 8040, 655, 43.8, , 1
C++, regex-redux, 1,  78.63, 10.81, 9.15, 0.00, 2.72, 4507, 8060, 642, 43.5, , 1
C++, regex-redux, 1,  80.44, 10.84, 9.14, 0.00, 2.79, 4630, 8082, 664, 43.8, , 1
C++, regex-redux, 1,  81.34, 10.88, 9.16, 0.00, 2.81, 4694, 8068, 656, 43.5, , 1
C++, regex-redux, 1,  78.87, 10.91, 9.25, 0.00, 2.75, 4542, 8031, 692, 44.0, , 1
C++, regex-redux, 1,  81.52, 11.05, 9.32, 0.00, 2.84, 4738, 8120, 655, 43.8, , 1
C++, regex-redux, 1,  77.28, 11.02, 9.39, 0.00, 2.70, 4456, 8025, 687, 44.0, , 1
C++, regex-redux, 1,  80.35, 11.05, 9.35, 0.00, 2.79, 4639, 8020, 680, 43.8, , 1
C++, regex-redux, 1,  80.74, 10.86, 9.17, 0.00, 2.78, 4633, 8027, 678, 43.8, , 1
C++, regex-redux, 1,  81.17, 10.82, 9.12, 0.00, 2.80, 4652, 8011, 686, 43.5, , 1
C++, reverse-complement, 1,  10.76, 1.05, 0.79, 0.00, 0.50, 627, 297, 330, 43.8, , 1
C++, reverse-complement, 1,  10.79, 1.08, 0.82, 0.00, 0.50, 626, 266, 360, 43.8, , 1
C++, reverse-complement, 1,  10.84, 1.10, 0.84, 0.00, 0.50, 627, 301, 327, 43.8, , 1
C++, reverse-complement, 1,  10.73, 1.10, 0.84, 0.00, 0.50, 626, 285, 341, 43.2, , 1
C++, reverse-complement, 1,  10.91, 1.13, 0.87, 0.00, 0.50, 631, 268, 363, 43.2, , 1
C++, reverse-complement, 1,  10.69, 1.16, 0.90, 0.00, 0.50, 628, 284, 344, 43.2, , 1
C++, reverse-complement, 1,  10.80, 1.15, 0.88, 0.00, 0.50, 631, 274, 356, 43.2, , 1
C++, reverse-complement, 1,  10.71, 1.15, 0.89, 0.00, 0.50, 627, 287, 339, 43.2, , 1
C++, reverse-complement, 1,  10.75, 1.14, 0.88, 0.00, 0.50, 628, 295, 332, 43.2, , 1
C++, reverse-complement, 1,  10.82, 1.16, 0.89, 0.00, 0.50, 627, 299, 328, 43.5, , 1
C++, reverse-complement, 1,  10.71, 1.14, 0.88, 0.00, 0.50, 628, 295, 332, 43.5, , 1
C++, reverse-complement, 1,  10.71, 1.17, 0.91, 0.00, 0.50, 632, 278, 354, 44.0, , 1
C++, reverse-complement, 1,  10.59, 1.14, 0.88, 0.00, 0.50, 626, 281, 345, 44.0, , 1
C++, reverse-complement, 1,  10.69, 1.14, 0.87, 0.00, 0.50, 629, 297, 332, 43.5, , 1
C++, reverse-complement, 1,  10.71, 1.13, 0.87, 0.00, 0.50, 627, 271, 356, 43.5, , 1
C++, reverse-complement, 1,  10.74, 1.11, 0.85, 0.00, 0.50, 628, 300, 328, 43.2, , 1
C++, reverse-complement, 1,  10.72, 1.12, 0.86, 0.00, 0.50, 628, 290, 338, 43.2, , 1
C++, reverse-complement, 1,  10.74, 1.12, 0.87, 0.00, 0.50, 627, 276, 351, 43.8, , 1
C++, reverse-complement, 1,  10.68, 1.08, 0.82, 0.00, 0.50, 627, 275, 352, 43.8, , 1
C++, reverse-complement, 1,  10.75, 1.11, 0.85, 0.00, 0.50, 631, 265, 365, 43.8, , 1
C++, spectral-norm, 1,  28.49, 4.69, 4.13, 0.00, 0.82, 1595, 6359, 4, 44.0, , 1
C++, spectral-norm, 1,  28.55, 4.82, 4.25, 0.00, 0.82, 1595, 6365, 0, 44.0, , 1
C++, spectral-norm, 1,  28.56, 4.73, 4.17, 0.00, 0.82, 1595, 6360, 2, 43.8, , 1
C++, spectral-norm, 1,  28.75, 4.66, 4.10, 0.00, 0.82, 1597, 6362, 6, 44.2, , 1
C++, spectral-norm, 1,  28.67, 4.68, 4.12, 0.00, 0.81, 1595, 6357, 4, 43.8, , 1
C++, spectral-norm, 1,  28.72, 4.65, 4.09, 0.00, 0.82, 1597, 6365, 4, 44.0, , 1
C++, spectral-norm, 1,  28.70, 4.68, 4.11, 0.00, 0.82, 1595, 6358, 3, 44.5, , 1
C++, spectral-norm, 1,  28.89, 4.74, 4.18, 0.00, 0.82, 1598, 6365, 5, 44.0, , 1
C++, spectral-norm, 1,  28.78, 4.66, 4.09, 0.00, 0.82, 1596, 6364, 3, 44.0, , 1
C++, spectral-norm, 1,  28.86, 4.68, 4.11, 0.00, 0.82, 1598, 6367, 6, 44.0, , 1
C++, spectral-norm, 1,  28.93, 4.66, 4.09, 0.00, 0.82, 1596, 6360, 5, 44.0, , 1
C++, spectral-norm, 1,  29.08, 4.72, 4.15, 0.00, 0.82, 1599, 6373, 4, 44.2, , 1
C++, spectral-norm, 1,  28.85, 4.81, 4.24, 0.00, 0.82, 1595, 6363, 1, 43.8, , 1
C++, spectral-norm, 1,  28.94, 4.69, 4.12, 0.00, 0.82, 1599, 6373, 3, 44.2, , 1
C++, spectral-norm, 1,  28.92, 4.59, 4.03, 0.00, 0.82, 1596, 6360, 4, 44.0, , 1
C++, spectral-norm, 1,  28.75, 4.64, 4.08, 0.00, 0.82, 1597, 6368, 2, 44.0, , 1
C++, spectral-norm, 1,  28.77, 4.72, 4.16, 0.00, 0.82, 1596, 6364, 2, 44.0, , 1
C++, spectral-norm, 1,  29.34, 4.79, 4.22, 0.00, 0.82, 1606, 6395, 2, 44.0, , 1
C++, spectral-norm, 1,  29.08, 4.81, 4.24, 0.00, 0.82, 1595, 6358, 4, 44.2, , 1
C++, spectral-norm, 1,  28.99, 4.68, 4.11, 0.00, 0.82, 1596, 6363, 2, 44.2, , 1
Java, binary-trees, 1,  151.42, 26.47, 22.39, 0.00, 8.81, 7613, 17644, 4424, 44.0, , 1
Java, binary-trees, 1,  153.41, 27.15, 23.03, 0.00, 8.88, 7711, 17992, 4400, 44.2, , 1
Java, binary-trees, 1,  154.94, 27.65, 23.51, 0.00, 8.94, 7775, 18333, 4193, 44.0, , 1
Java, binary-trees, 1,  144.65, 26.18, 22.22, 0.00, 8.68, 7223, 17736, 3076, 43.8, , 1
Java, binary-trees, 1,  151.78, 27.44, 23.34, 0.00, 8.90, 7625, 18215, 3906, 44.0, , 1
Java, binary-trees, 1,  156.83, 28.18, 24.01, 0.00, 9.02, 7901, 18594, 4289, 43.8, , 1
Java, binary-trees, 1,  151.49, 26.68, 22.59, 0.00, 8.82, 7608, 17783, 4319, 44.0, , 1
Java, binary-trees, 1,  144.49, 25.98, 22.04, 0.00, 8.64, 7150, 17570, 3082, 43.8, , 1
Java, binary-trees, 1,  155.12, 27.21, 23.08, 0.00, 8.90, 7751, 18057, 4299, 44.2, , 1
Java, binary-trees, 1,  143.59, 24.85, 20.93, 0.00, 8.61, 7098, 17359, 3182, 44.0, , 1
Java, binary-trees, 1,  147.87, 26.34, 22.35, 0.00, 8.75, 7283, 17930, 3134, 44.2, , 1
Java, binary-trees, 1,  144.67, 26.33, 22.38, 0.00, 8.67, 7185, 17683, 3103, 44.5, , 1
Java, binary-trees, 1,  154.93, 28.08, 23.95, 0.00, 8.97, 7734, 18639, 3812, 44.5, , 1
Java, binary-trees, 1,  152.78, 26.63, 22.53, 0.00, 8.84, 7653, 17744, 4336, 44.2, , 1
Java, binary-trees, 1,  153.64, 27.02, 22.92, 0.00, 8.85, 7656, 17946, 4242, 44.2, , 1
Java, binary-trees, 1,  145.82, 25.92, 21.97, 0.00, 8.66, 7191, 17824, 3018, 44.2, , 1
Java, binary-trees, 1,  158.41, 27.97, 23.78, 0.00, 9.03, 7924, 18697, 4245, 44.5, , 1
Java, binary-trees, 1,  148.94, 26.92, 22.90, 0.00, 8.82, 7385, 18295, 3125, 44.2, , 1
Java, binary-trees, 1,  143.12, 24.63, 20.71, 0.00, 8.60, 7100, 17381, 3033, 44.2, , 1
Java, binary-trees, 1,  159.08, 27.98, 23.78, 0.00, 9.05, 7939, 18713, 4283, 44.2, , 1
Java, fannkuch-redux, 1,  676.36, 133.96, 121.26, 0.00, 18.16, 35550, 139800, 108, 44.2, , 1
Java, fannkuch-redux, 1,  674.97, 133.99, 121.32, 0.00, 18.14, 35511, 139914, 88, 44.8, , 1
Java, fannkuch-redux, 1,  736.14, 146.19, 132.33, 0.00, 19.84, 38862, 153442, 97, 44.8, , 1
Java, fannkuch-redux, 1,  683.30, 137.84, 125.02, 0.00, 18.33, 35888, 141452, 93, 44.5, , 1
Java, fannkuch-redux, 1,  722.24, 143.43, 129.86, 0.00, 19.41, 37991, 149033, 107, 44.8, , 1
Java, fannkuch-redux, 1,  668.39, 135.80, 123.13, 0.00, 18.12, 35472, 139902, 105, 44.8, , 1
Java, fannkuch-redux, 1,  663.46, 133.72, 121.10, 0.00, 18.00, 35228, 139092, 115, 44.8, , 1
Java, fannkuch-redux, 1,  677.89, 137.63, 124.80, 0.00, 18.31, 35846, 141424, 105, 44.8, , 1
Java, fannkuch-redux, 1,  692.05, 141.09, 127.94, 0.00, 18.78, 36756, 144778, 91, 44.8, , 1
Java, fannkuch-redux, 1,  666.87, 135.64, 123.01, 0.00, 18.01, 35239, 138865, 119, 44.5, , 1
Java, fannkuch-redux, 1,  676.12, 138.94, 126.10, 0.00, 18.34, 35893, 141470, 111, 45.2, , 1
Java, fannkuch-redux, 1,  678.04, 139.95, 127.08, 0.00, 18.39, 35989, 141812, 118, 45.5, , 1
Java, fannkuch-redux, 1,  698.05, 140.96, 127.64, 0.00, 18.96, 37122, 146138, 106, 45.0, , 1
Java, fannkuch-redux, 1,  698.66, 139.45, 126.28, 0.00, 18.78, 36764, 144979, 113, 44.5, , 1
Java, fannkuch-redux, 1,  675.10, 133.45, 120.75, 0.00, 18.13, 35477, 139802, 102, 44.8, , 1
Java, fannkuch-redux, 1,  683.24, 136.67, 123.77, 0.00, 18.38, 35981, 141796, 121, 44.5, , 1
Java, fannkuch-redux, 1,  685.45, 137.78, 124.91, 0.00, 18.39, 35970, 141748, 116, 44.8, , 1
Java, fannkuch-redux, 1,  677.23, 134.32, 121.59, 0.00, 18.16, 35542, 139955, 95, 45.0, , 1
Java, fannkuch-redux, 1,  685.83, 138.15, 125.27, 0.00, 18.40, 36014, 141812, 108, 44.5, , 1
Java, fannkuch-redux, 1,  687.06, 136.92, 123.99, 0.00, 18.40, 36007, 141824, 107, 44.5, , 1
Java, fasta, 1,  81.20, 12.98, 11.39, 0.00, 2.35, 4475, 14088, 155, 44.8, , 1
Java, fasta, 1,  81.28, 13.04, 11.44, 0.00, 2.35, 4474, 14073, 160, 45.0, , 1
Java, fasta, 1,  81.08, 12.92, 11.33, 0.00, 2.35, 4463, 13950, 167, 45.0, , 1
Java, fasta, 1,  81.12, 13.22, 11.64, 0.00, 2.34, 4462, 14051, 158, 44.8, , 1
Java, fasta, 1,  81.52, 13.18, 11.58, 0.00, 2.35, 4483, 14109, 178, 44.5, , 1
Java, fasta, 1,  81.67, 13.08, 11.50, 0.00, 2.33, 4454, 14049, 158, 44.8, , 1
Java, fasta, 1,  82.73, 13.49, 11.88, 0.00, 2.37, 4515, 14254, 184, 44.8, , 1
Java, fasta, 1,  81.73, 13.10, 11.51, 0.00, 2.34, 4467, 13997, 186, 44.8, , 1
Java, fasta, 1,  81.12, 13.15, 11.56, 0.00, 2.33, 4460, 14021, 170, 45.2, , 1
Java, fasta, 1,  81.00, 13.13, 11.54, 0.00, 2.34, 4465, 14089, 169, 44.8, , 1
Java, fasta, 1,  82.38, 13.52, 11.91, 0.00, 2.37, 4507, 14010, 183, 44.8, , 1
Java, fasta, 1,  81.00, 12.89, 11.30, 0.00, 2.35, 4482, 14085, 166, 44.8, , 1
Java, fasta, 1,  80.25, 12.84, 11.25, 0.00, 2.34, 4454, 13975, 171, 45.2, , 1
Java, fasta, 1,  79.85, 12.93, 11.34, 0.00, 2.35, 4477, 14049, 182, 44.5, , 1
Java, fasta, 1,  79.95, 12.96, 11.37, 0.00, 2.34, 4467, 14073, 178, 45.2, , 1
Java, fasta, 1,  79.70, 13.06, 11.47, 0.00, 2.33, 4459, 14078, 183, 45.2, , 1
Java, fasta, 1,  79.81, 13.18, 11.60, 0.00, 2.34, 4467, 13960, 163, 44.5, , 1
Java, fasta, 1,  79.57, 12.90, 11.32, 0.00, 2.33, 4450, 13987, 161, 45.0, , 1
Java, fasta, 1,  79.99, 13.11, 11.52, 0.00, 2.33, 4454, 14066, 182, 45.0, , 1
Java, fasta, 1,  80.86, 13.34, 11.74, 0.00, 2.36, 4510, 14179, 167, 45.0, , 1
Java, k-nucleotide, 1,  314.24, 56.59, 50.52, 0.00, 10.77, 16984, 55838, 744, 45.0, , 1
Java, k-nucleotide, 1,  316.52, 56.20, 50.09, 0.00, 10.77, 17065, 55866, 756, 45.0, , 1
Java, k-nucleotide, 1,  307.18, 54.32, 48.37, 0.00, 10.55, 16579, 53902, 755, 44.8, , 1
Java, k-nucleotide, 1,  319.37, 57.07, 50.90, 0.00, 10.91, 17234, 56547, 749, 44.8, , 1
Java, k-nucleotide, 1,  318.36, 56.31, 50.15, 0.00, 10.88, 17185, 56480, 814, 45.2, , 1
Java, k-nucleotide, 1,  316.63, 55.84, 49.75, 0.00, 10.68, 16990, 55820, 785, 45.0, , 1
Java, k-nucleotide, 1,  320.21, 58.14, 52.02, 0.00, 10.88, 17151, 56778, 771, 44.8, , 1
Java, k-nucleotide, 1,  313.82, 56.03, 49.95, 0.00, 10.78, 16992, 55680, 783, 44.5, , 1
Java, k-nucleotide, 1,  315.24, 57.16, 51.07, 0.00, 10.78, 17059, 55784, 807, 44.5, , 1
Java, k-nucleotide, 1,  313.83, 56.30, 50.27, 0.00, 10.72, 16913, 55640, 767, 44.8, , 1
Java, k-nucleotide, 1,  321.19, 58.17, 52.00, 0.00, 10.94, 17299, 56500, 770, 44.5, , 1
Java, k-nucleotide, 1,  318.08, 56.47, 50.31, 0.00, 10.87, 17193, 56726, 781, 44.8, , 1
Java, k-nucleotide, 1,  314.74, 56.63, 50.60, 0.00, 10.74, 16892, 55260, 805, 44.8, , 1
Java, k-nucleotide, 1,  314.29, 55.44, 49.43, 0.00, 10.67, 16799, 54746, 775, 44.8, , 1
Java, k-nucleotide, 1,  320.08, 57.78, 51.70, 0.00, 10.79, 17020, 55898, 777, 44.8, , 1
Java, k-nucleotide, 1,  320.41, 57.76, 51.65, 0.00, 10.83, 17080, 55833, 785, 44.8, , 1
Java, k-nucleotide, 1,  319.54, 58.10, 52.04, 0.00, 10.74, 16978, 55720, 819, 44.5, , 1
Java, k-nucleotide, 1,  318.09, 57.25, 51.18, 0.00, 10.78, 16981, 55870, 778, 44.5, , 1
Java, k-nucleotide, 1,  322.53, 58.89, 52.72, 0.00, 10.90, 17251, 56489, 737, 44.8, , 1
Java, k-nucleotide, 1,  322.38, 58.24, 52.09, 0.00, 10.90, 17229, 56414, 752, 44.5, , 1
Java, mandelbrot, 1,  264.10, 46.45, 41.33, 0.00, 7.42, 14392, 56605, 226, 44.8, , 1
Java, mandelbrot, 1,  261.17, 44.86, 39.78, 0.00, 7.37, 14281, 56130, 230, 45.0, , 1
Java, mandelbrot, 1,  271.74, 47.26, 42.03, 0.00, 7.58, 14715, 57902, 220, 44.8, , 1
Java, mandelbrot, 1,  261.76, 46.80, 41.71, 0.00, 7.36, 14282, 56185, 208, 44.8, , 1
Java, mandelbrot, 1,  262.29, 47.09, 41.97, 0.00, 7.39, 14333, 56311, 230, 44.8, , 1
Java, mandelbrot, 1,  271.62, 48.03, 42.79, 0.00, 7.60, 14740, 58015, 210, 45.0, , 1
Java, mandelbrot, 1,  272.10, 46.68, 41.45, 0.00, 7.59, 14725, 57888, 222, 44.8, , 1
Java, mandelbrot, 1,  262.71, 45.84, 40.75, 0.00, 7.38, 14321, 56378, 216, 44.8, , 1
Java, mandelbrot, 1,  261.21, 46.47, 41.39, 0.00, 7.36, 14272, 56131, 211, 45.0, , 1
Java, mandelbrot, 1,  260.79, 45.63, 40.55, 0.00, 7.36, 14276, 56159, 238, 45.0, , 1
Java, mandelbrot, 1,  262.43, 46.12, 41.03, 0.00, 7.39, 14320, 56331, 240, 45.0, , 1
Java, mandelbrot, 1,  269.70, 48.35, 43.11, 0.00, 7.58, 14713, 57877, 237, 45.0, , 1
Java, mandelbrot, 1,  264.20, 47.32, 42.14, 0.00, 7.51, 14555, 56681, 212, 44.5, , 1
Java, mandelbrot, 1,  265.17, 46.77, 41.54, 0.00, 7.58, 14707, 57871, 225, 44.5, , 1
Java, mandelbrot, 1,  268.26, 46.63, 41.40, 0.00, 7.59, 14725, 57936, 234, 44.8, , 1
Java, mandelbrot, 1,  261.65, 45.78, 40.69, 0.00, 7.39, 14330, 56387, 224, 44.5, , 1
Java, mandelbrot, 1,  268.03, 48.23, 42.97, 0.00, 7.60, 14746, 58038, 224, 44.5, , 1
Java, mandelbrot, 1,  258.82, 46.62, 41.53, 0.00, 7.37, 14303, 56264, 225, 44.5, , 1
Java, mandelbrot, 1,  260.11, 46.78, 41.68, 0.00, 7.38, 14300, 56213, 217, 44.8, , 1
Java, mandelbrot, 1,  260.84, 45.29, 40.21, 0.00, 7.37, 14302, 56287, 215, 44.5, , 1
Java, n-body, 1,  310.31, 32.18, 25.35, 0.00, 9.78, 19135, 19190, 71, 44.2, , 1
Java, n-body, 1,  313.19, 32.40, 25.57, 0.00, 9.79, 19137, 19182, 82, 44.5, , 1
Java, n-body, 1,  312.92, 32.53, 25.65, 0.00, 9.84, 19244, 19296, 76, 43.8, , 1
Java, n-body, 1,  311.81, 32.83, 25.99, 0.00, 9.79, 19137, 19191, 74, 44.0, , 1
Java, n-body, 1,  315.04, 32.97, 26.08, 0.00, 9.85, 19248, 19295, 79, 43.5, , 1
Java, n-body, 1,  311.53, 32.42, 25.58, 0.00, 9.78, 19135, 19175, 88, 43.8, , 1
Java, n-body, 1,  312.55, 32.83, 25.95, 0.00, 9.84, 19246, 19299, 73, 43.8, , 1
Java, n-body, 1,  314.67, 33.16, 26.26, 0.00, 9.85, 19256, 19334, 88, 43.8, , 1
Java, n-body, 1,  314.24, 33.65, 26.74, 0.00, 9.85, 19257, 19340, 81, 43.5, , 1
Java, n-body, 1,  312.18, 33.34, 26.47, 0.00, 9.79, 19147, 19238, 71, 44.0, , 1
Java, n-body, 1,  314.85, 33.42, 26.51, 0.00, 9.84, 19244, 19288, 84, 44.2, , 1
Java, n-body, 1,  315.10, 33.08, 26.18, 0.00, 9.84, 19243, 19288, 81, 43.8, , 1
Java, n-body, 1,  313.58, 32.60, 25.74, 0.00, 9.79, 19146, 19228, 80, 43.5, , 1
Java, n-body, 1,  316.42, 33.22, 26.33, 0.00, 9.84, 19243, 19292, 79, 43.8, , 1
Java, n-body, 1,  316.36, 33.15, 26.25, 0.00, 9.85, 19251, 19342, 75, 43.8, , 1
Java, n-body, 1,  313.44, 33.37, 26.52, 0.00, 9.80, 19148, 19241, 74, 43.2, , 1
Java, n-body, 1,  314.40, 34.12, 27.27, 0.00, 9.79, 19135, 19182, 80, 43.5, , 1
Java, n-body, 1,  315.94, 33.54, 26.66, 0.00, 9.84, 19245, 19293, 78, 43.2, , 1
Java, n-body, 1,  313.70, 33.04, 26.16, 0.00, 9.84, 19241, 19282, 86, 43.5, , 1
Java, n-body, 1,  314.81, 33.25, 26.37, 0.00, 9.85, 19247, 19304, 72, 43.5, , 1
Java, regex-redux, 1,  354.57, 61.14, 54.09, 0.00, 11.07, 19305, 58297, 1333, 44.0, , 1
Java, regex-redux, 1,  346.66, 60.22, 53.36, 0.00, 10.83, 18796, 57974, 1221, 43.5, , 1
Java, regex-redux, 1,  355.97, 60.55, 53.53, 0.00, 11.08, 19233, 58190, 1277, 44.2, , 1
Java, regex-redux, 1,  345.43, 60.11, 53.16, 0.00, 10.98, 19055, 58197, 1181, 44.0, , 1
Java, regex-redux, 1,  346.61, 61.27, 54.30, 0.00, 11.02, 19141, 58107, 1242, 44.0, , 1
Java, regex-redux, 1,  356.65, 62.37, 55.21, 0.00, 11.29, 19653, 59173, 1282, 44.2, , 1
Java, regex-redux, 1,  344.18, 60.83, 53.90, 0.00, 10.93, 18992, 57941, 1230, 44.0, , 1
Java, regex-redux, 1,  342.46, 59.53, 52.62, 0.00, 10.90, 18907, 56648, 1193, 44.2, , 1
Java, regex-redux, 1,  347.47, 61.49, 54.56, 0.00, 10.95, 19000, 57916, 1248, 44.0, , 1
Java, regex-redux, 1,  343.96, 61.19, 54.28, 0.00, 10.91, 18936, 57555, 1351, 43.8, , 1
Java, regex-redux, 1,  346.90, 61.06, 54.12, 0.00, 10.97, 19027, 58034, 1229, 44.5, , 1
Java, regex-redux, 1,  347.91, 60.97, 54.05, 0.00, 10.95, 18976, 57084, 1261, 44.2, , 1
Java, regex-redux, 1,  346.29, 61.93, 54.99, 0.00, 10.97, 19053, 58449, 1185, 44.0, , 1
Java, regex-redux, 1,  342.45, 60.76, 53.90, 0.00, 10.85, 18786, 57220, 1227, 44.0, , 1
Java, regex-redux, 1,  338.16, 59.56, 52.81, 0.00, 10.69, 18502, 57058, 1163, 44.0, , 1
Java, regex-redux, 1,  347.78, 62.10, 55.10, 0.00, 11.04, 19234, 58238, 1332, 44.2, , 1
Java, regex-redux, 1,  343.62, 60.75, 53.83, 0.00, 10.94, 18974, 57305, 1209, 44.2, , 1
Java, regex-redux, 1,  344.59, 60.41, 53.52, 0.00, 10.89, 18874, 56863, 1283, 44.5, , 1
Java, regex-redux, 1,  347.34, 60.89, 54.05, 0.00, 10.81, 18751, 57739, 1121, 44.5, , 1
Java, regex-redux, 1,  346.52, 60.20, 53.34, 0.00, 10.85, 18796, 57537, 1276, 44.2, , 1
Java, reverse-complement, 1,  54.04, 6.18, 4.96, 0.00, 2.17, 3157, 2434, 1295, 43.8, , 1
Java, reverse-complement, 1,  54.05, 6.22, 5.00, 0.00, 2.16, 3155, 2355, 1380, 44.5, , 1
Java, reverse-complement, 1,  54.46, 6.05, 4.82, 0.00, 2.17, 3157, 2327, 1410, 44.0, , 1
Java, reverse-complement, 1,  54.01, 6.13, 4.90, 0.00, 2.16, 3154, 2356, 1379, 44.5, , 1
Java, reverse-complement, 1,  53.78, 6.17, 4.94, 0.00, 2.15, 3144, 2365, 1358, 44.0, , 1
Java, reverse-complement, 1,  54.06, 6.18, 4.96, 0.00, 2.15, 3146, 2393, 1332, 44.2, , 1
Java, reverse-complement, 1,  53.89, 6.12, 4.89, 0.00, 2.15, 3156, 2383, 1346, 44.0, , 1
Java, reverse-complement, 1,  54.01, 6.15, 4.93, 0.00, 2.16, 3156, 2347, 1383, 44.0, , 1
Java, reverse-complement, 1,  53.56, 6.07, 4.85, 0.00, 2.16, 3143, 2373, 1353, 44.2, , 1
Java, reverse-complement, 1,  53.93, 6.27, 5.05, 0.00, 2.16, 3155, 2382, 1354, 43.8, , 1
Java, reverse-complement, 1,  53.69, 6.21, 4.98, 0.00, 2.15, 3144, 2338, 1387, 43.8, , 1
Java, reverse-complement, 1,  53.57, 6.17, 4.95, 0.00, 2.16, 3144, 2333, 1392, 44.0, , 1
Java, reverse-complement, 1,  53.63, 6.06, 4.84, 0.00, 2.15, 3139, 2380, 1342, 43.8, , 1
Java, reverse-complement, 1,  54.18, 6.17, 4.94, 0.00, 2.16, 3156, 2364, 1374, 44.2, , 1
Java, reverse-complement, 1,  53.40, 6.11, 4.88, 0.00, 2.16, 3153, 2363, 1371, 43.8, , 1
Java, reverse-complement, 1,  53.58, 6.07, 4.84, 0.00, 2.15, 3148, 2353, 1377, 44.2, , 1
Java, reverse-complement, 1,  53.52, 6.07, 4.85, 0.00, 2.14, 3144, 2358, 1366, 44.0, , 1
Java, reverse-complement, 1,  53.45, 5.99, 4.77, 0.00, 2.15, 3143, 2364, 1361, 44.0, , 1
Java, reverse-complement, 1,  53.49, 5.85, 4.63, 0.00, 2.15, 3145, 2351, 1374, 44.0, , 1
Java, reverse-complement, 1,  53.00, 6.07, 4.85, 0.00, 2.15, 3132, 2366, 1346, 44.2, , 1
Java, spectral-norm, 1,  43.43, 7.52, 6.68, 0.00, 1.23, 2352, 8512, 137, 44.0, , 1
Java, spectral-norm, 1,  43.27, 7.56, 6.71, 0.00, 1.24, 2356, 8500, 141, 44.2, , 1
Java, spectral-norm, 1,  43.31, 7.47, 6.64, 0.00, 1.23, 2354, 8513, 126, 44.5, , 1
Java, spectral-norm, 1,  43.43, 7.45, 6.60, 0.00, 1.24, 2361, 8533, 135, 44.2, , 1
Java, spectral-norm, 1,  43.11, 7.48, 6.64, 0.00, 1.23, 2354, 8529, 152, 44.2, , 1
Java, spectral-norm, 1,  42.99, 7.62, 6.77, 0.00, 1.23, 2353, 8506, 145, 44.5, , 1
Java, spectral-norm, 1,  43.04, 7.71, 6.87, 0.00, 1.23, 2357, 8506, 136, 44.5, , 1
Java, spectral-norm, 1,  42.85, 7.67, 6.83, 0.00, 1.24, 2354, 8502, 139, 44.5, , 1
Java, spectral-norm, 1,  43.42, 7.69, 6.85, 0.00, 1.24, 2365, 8544, 149, 44.0, , 1
Java, spectral-norm, 1,  43.20, 7.59, 6.75, 0.00, 1.24, 2361, 8529, 140, 44.5, , 1
Java, spectral-norm, 1,  43.12, 7.67, 6.83, 0.00, 1.23, 2354, 8553, 127, 44.2, , 1
Java, spectral-norm, 1,  42.96, 7.58, 6.74, 0.00, 1.23, 2349, 8509, 146, 44.2, , 1
Java, spectral-norm, 1,  42.88, 7.65, 6.81, 0.00, 1.23, 2345, 8491, 136, 44.2, , 1
Java, spectral-norm, 1,  43.03, 7.64, 6.80, 0.00, 1.23, 2352, 8522, 128, 44.5, , 1
Java, spectral-norm, 1,  43.30, 7.65, 6.81, 0.00, 1.24, 2365, 8528, 134, 44.8, , 1
Java, spectral-norm, 1,  43.40, 7.72, 6.88, 0.00, 1.24, 2364, 8549, 135, 44.2, , 1
Java, spectral-norm, 1,  43.21, 7.65, 6.81, 0.00, 1.24, 2359, 8545, 145, 44.5, , 1
Java, spectral-norm, 1,  43.43, 7.73, 6.89, 0.00, 1.24, 2361, 8528, 134, 44.0, , 1
Java, spectral-norm, 1,  43.27, 7.56, 6.72, 0.00, 1.24, 2364, 8543, 150, 44.8, , 1
Java, spectral-norm, 1,  43.26, 7.43, 6.58, 0.00, 1.24, 2367, 8531, 143, 44.5, , 1
Python, binary-trees, 1,  2415.21, 483.13, 434.81, 0.00, 85.39, 125835, 440357, 8623, 45.0, , 1
Python, binary-trees, 1,  2401.57, 480.76, 432.80, 0.00, 85.24, 125098, 438252, 8746, 45.0, , 1
Python, binary-trees, 1,  2412.44, 480.93, 433.14, 0.00, 85.41, 124829, 436747, 8583, 45.2, , 1
Python, binary-trees, 1,  2426.29, 484.81, 436.88, 0.00, 85.36, 125143, 437869, 8761, 45.2, , 1
Python, binary-trees, 1,  2424.64, 492.20, 444.36, 0.00, 85.43, 124983, 438236, 8524, 45.2, , 1
Python, binary-trees, 1,  2396.71, 482.79, 434.84, 0.00, 85.26, 124980, 438684, 8457, 45.2, , 1
Python, binary-trees, 1,  2408.66, 480.70, 432.89, 0.00, 85.49, 125205, 438994, 8415, 45.2, , 1
Python, binary-trees, 1,  2428.15, 476.80, 428.85, 0.00, 85.62, 125281, 439010, 8661, 45.5, , 1
Python, binary-trees, 1,  2424.70, 482.28, 434.39, 0.00, 85.33, 124942, 437710, 8507, 45.5, , 1
Python, binary-trees, 1,  2427.06, 480.22, 432.27, 0.00, 85.16, 124985, 437659, 8598, 45.2, , 1
Python, binary-trees, 1,  2424.76, 484.92, 436.60, 0.00, 85.59, 125942, 441431, 8739, 45.5, , 1
Python, binary-trees, 1,  2419.14, 482.99, 434.96, 0.00, 85.82, 125599, 437224, 8642, 45.5, , 1
Python, binary-trees, 1,  2407.93, 479.00, 431.06, 0.00, 84.98, 124928, 437818, 8831, 45.8, , 1
Python, binary-trees, 1,  2402.98, 481.75, 433.82, 0.00, 85.04, 124836, 437153, 8625, 45.2, , 1
Python, binary-trees, 1,  2447.95, 492.11, 443.56, 0.00, 86.33, 126796, 443651, 8607, 45.5, , 1
Python, binary-trees, 1,  2406.09, 486.39, 438.48, 0.00, 85.28, 124945, 437888, 8538, 45.2, , 1
Python, binary-trees, 1,  2409.90, 486.41, 438.38, 0.00, 85.42, 125196, 438365, 8662, 45.5, , 1
Python, binary-trees, 1,  2438.23, 487.57, 439.60, 0.00, 85.52, 125213, 439047, 8656, 45.5, , 1
Python, binary-trees, 1,  2431.81, 481.42, 433.44, 0.00, 85.21, 124910, 438043, 8665, 45.5, , 1
Python, binary-trees, 1,  2421.76, 485.75, 437.69, 0.00, 85.37, 125433, 437977, 8517, 45.8, , 1
Python, fannkuch-redux, 1,  20580.91, 4392.47, 4012.91, 0.00, 544.53, 1067449, 4213341, 354, 45.0, , 1
Python, fannkuch-redux, 1,  20581.56, 4354.71, 3977.00, 0.00, 542.63, 1063719, 4202282, 365, 45.0, , 1
Python, fannkuch-redux, 1,  20850.73, 4430.86, 4048.22, 0.00, 548.77, 1075729, 4230702, 300, 45.0, , 1
Python, fannkuch-redux, 1,  20446.95, 4314.77, 3938.36, 0.00, 540.48, 1059576, 4178016, 292, 45.2, , 1
Python, fannkuch-redux, 1,  20336.03, 4363.88, 3987.74, 0.00, 539.44, 1057506, 4170023, 300, 45.2, , 1
Python, fannkuch-redux, 1,  20456.89, 4380.56, 4001.51, 0.00, 543.85, 1066160, 4186976, 286, 45.2, , 1
Python, fannkuch-redux, 1,  20476.51, 4416.87, 4038.71, 0.00, 542.06, 1062608, 4195377, 298, 45.2, , 1
Python, fannkuch-redux, 1,  20374.76, 4346.22, 3970.84, 0.00, 538.78, 1056017, 4170647, 278, 45.2, , 1
Python, fannkuch-redux, 1,  20652.31, 4439.85, 4060.39, 0.00, 544.12, 1066392, 4211537, 303, 45.5, , 1
Python, fannkuch-redux, 1,  20523.63, 4389.93, 4011.47, 0.00, 542.52, 1063271, 4191897, 299, 45.0, , 1
Python, fannkuch-redux, 1,  20638.10, 4355.55, 3975.45, 0.00, 545.87, 1069623, 4192871, 332, 44.8, , 1
Python, fannkuch-redux, 1,  20657.71, 4379.85, 4004.28, 0.00, 538.40, 1055168, 4162361, 320, 45.5, , 1
Python, fannkuch-redux, 1,  21433.96, 4442.08, 4052.42, 0.00, 562.01, 1093477, 4232512, 464, 45.0, , 1
Python, fannkuch-redux, 1,  20811.07, 4377.68, 4000.72, 0.00, 540.72, 1059767, 4186416, 266, 45.0, , 1
Python, fannkuch-redux, 1,  20994.01, 4441.23, 4060.51, 0.00, 545.82, 1069738, 4221745, 260, 45.0, , 1
Python, fannkuch-redux, 1,  21496.99, 4519.64, 4126.51, 0.00, 563.86, 1105093, 4286374, 290, 44.8, , 1
Python, fannkuch-redux, 1,  20867.54, 4449.77, 4068.66, 0.00, 546.32, 1070692, 4205028, 346, 44.5, , 1
Python, fannkuch-redux, 1,  20731.30, 4410.03, 4032.60, 0.00, 541.19, 1060662, 4188933, 260, 45.2, , 1
Python, fannkuch-redux, 1,  21233.38, 4496.65, 4110.28, 0.00, 554.26, 1086266, 4271652, 288, 45.0, , 1
Python, fannkuch-redux, 1,  20836.75, 4422.24, 4042.77, 0.00, 544.65, 1067406, 4204483, 327, 45.0, , 1
Python, fasta, 1,  3445.21, 376.16, 302.75, 0.00, 104.94, 205720, 205566, 134, 44.0, , 1
Python, fasta, 1,  3448.08, 386.24, 312.64, 0.00, 105.32, 206467, 206357, 104, 43.0, , 1
Python, fasta, 1,  3465.86, 389.87, 316.52, 0.00, 104.93, 205709, 205551, 135, 43.2, , 1
Python, fasta, 1,  3475.37, 381.96, 308.75, 0.00, 104.89, 205624, 205472, 130, 43.0, , 1
Python, fasta, 1,  3474.18, 383.40, 310.18, 0.00, 104.93, 205714, 205548, 143, 43.2, , 1
Python, fasta, 1,  3472.71, 385.30, 312.25, 0.00, 104.83, 205493, 205337, 143, 43.2, , 1
Python, fasta, 1,  3473.13, 384.14, 311.07, 0.00, 104.91, 205664, 205485, 164, 43.0, , 1
Python, fasta, 1,  3466.07, 366.34, 293.14, 0.00, 105.00, 205797, 205640, 143, 42.8, , 1
Python, fasta, 1,  3477.29, 376.07, 302.91, 0.00, 105.04, 205870, 205722, 133, 43.2, , 1
Python, fasta, 1,  3476.64, 366.96, 293.62, 0.00, 105.18, 206140, 205994, 131, 43.2, , 1
Python, fasta, 1,  3460.13, 368.52, 295.25, 0.00, 104.94, 205657, 205485, 151, 43.2, , 1
Python, fasta, 1,  3454.02, 370.65, 297.49, 0.00, 104.81, 205409, 205288, 109, 42.8, , 1
Python, fasta, 1,  3467.68, 381.37, 308.12, 0.00, 105.20, 206182, 205980, 179, 43.0, , 1
Python, fasta, 1,  3460.75, 383.74, 310.65, 0.00, 104.93, 205642, 205488, 129, 42.8, , 1
Python, fasta, 1,  3493.17, 372.74, 298.74, 0.00, 106.02, 207784, 207648, 125, 43.0, , 1
Python, fasta, 1,  3463.47, 376.78, 303.66, 0.00, 104.92, 205642, 205475, 143, 43.0, , 1
Python, fasta, 1,  3448.09, 382.21, 309.07, 0.00, 104.95, 205702, 205567, 125, 42.8, , 1
Python, fasta, 1,  3478.01, 394.49, 321.02, 0.00, 105.55, 206861, 206734, 117, 43.0, , 1
Python, fasta, 1,  3442.64, 395.32, 322.44, 0.00, 104.79, 205353, 205159, 176, 43.2, , 1
Python, fasta, 1,  3461.42, 404.16, 330.74, 0.00, 105.39, 206560, 206405, 134, 43.0, , 1
Python, k-nucleotide, 1,  2773.98, 578.59, 528.60, 0.00, 103.01, 138855, 541929, 2186, 44.8, , 1
Python, k-nucleotide, 1,  2774.81, 570.17, 520.29, 0.00, 102.69, 138655, 540339, 2156, 44.5, , 1
Python, k-nucleotide, 1,  2801.54, 577.79, 527.42, 0.00, 103.56, 140053, 547012, 2206, 45.5, , 1
Python, k-nucleotide, 1,  2795.21, 565.52, 515.26, 0.00, 103.18, 139502, 545165, 2071, 45.0, , 1
Python, k-nucleotide, 1,  2801.34, 576.39, 526.00, 0.00, 103.68, 140121, 544918, 2213, 45.8, , 1
Python, k-nucleotide, 1,  2797.38, 578.09, 527.78, 0.00, 103.51, 139908, 545003, 2144, 45.5, , 1
Python, k-nucleotide, 1,  2790.75, 571.95, 521.84, 0.00, 102.88, 139281, 542954, 2360, 45.8, , 1
Python, k-nucleotide, 1,  2810.18, 583.24, 532.80, 0.00, 103.71, 140241, 546831, 2203, 45.5, , 1
Python, k-nucleotide, 1,  2778.13, 577.30, 527.49, 0.00, 102.77, 138566, 540235, 2203, 45.8, , 1
Python, k-nucleotide, 1,  2777.56, 573.55, 523.66, 0.00, 103.04, 138771, 541557, 2229, 45.2, , 1
Python, k-nucleotide, 1,  2773.47, 569.40, 519.54, 0.00, 102.85, 138721, 540628, 2026, 45.2, , 1
Python, k-nucleotide, 1,  2784.51, 569.78, 519.85, 0.00, 102.69, 138837, 541785, 2165, 45.5, , 1
Python, k-nucleotide, 1,  2813.44, 574.12, 523.60, 0.00, 103.71, 140565, 544848, 2296, 45.5, , 1
Python, k-nucleotide, 1,  2794.09, 568.45, 518.30, 0.00, 103.34, 139378, 543795, 2123, 45.8, , 1
Python, k-nucleotide, 1,  2824.71, 581.71, 530.94, 0.00, 104.32, 141224, 550618, 2309, 45.5, , 1
Python, k-nucleotide, 1,  2789.06, 579.49, 529.36, 0.00, 103.46, 139578, 544420, 2249, 45.5, , 1
Python, k-nucleotide, 1,  2836.14, 587.16, 536.34, 0.00, 104.26, 141438, 548388, 2224, 45.5, , 1
Python, k-nucleotide, 1,  2818.04, 580.20, 529.89, 0.00, 103.55, 139880, 544315, 2386, 45.8, , 1
Python, k-nucleotide, 1,  2853.58, 581.02, 530.35, 0.00, 104.24, 140975, 549410, 2140, 46.0, , 1
Python, k-nucleotide, 1,  2805.34, 573.29, 523.26, 0.00, 102.99, 139058, 542682, 2134, 45.5, , 1
Python, mandelbrot, 1,  8983.51, 1992.01, 1831.29, 0.00, 230.56, 451611, 1799772, 3565, 46.2, , 1
Python, mandelbrot, 1,  9032.04, 1984.14, 1822.86, 0.00, 231.55, 453524, 1807935, 3591, 45.8, , 1
Python, mandelbrot, 1,  8918.67, 1961.42, 1801.63, 0.00, 229.57, 449659, 1792131, 3455, 45.8, , 1
Python, mandelbrot, 1,  8888.50, 1965.75, 1806.00, 0.00, 229.32, 449198, 1790251, 3507, 46.0, , 1
Python, mandelbrot, 1,  8922.13, 1984.38, 1823.50, 0.00, 230.88, 452285, 1802562, 3437, 45.8, , 1
Python, mandelbrot, 1,  8873.22, 1971.24, 1811.47, 0.00, 229.27, 449061, 1789794, 3527, 45.8, , 1
Python, mandelbrot, 1,  8920.64, 2001.38, 1840.61, 0.00, 230.54, 451547, 1799095, 3556, 46.0, , 1
Python, mandelbrot, 1,  8909.90, 1982.17, 1821.56, 0.00, 230.35, 451173, 1798240, 3342, 45.2, , 1
Python, mandelbrot, 1,  8983.48, 2006.80, 1845.39, 0.00, 232.74, 453244, 1796281, 3495, 46.0, , 1
Python, mandelbrot, 1,  8924.09, 2001.46, 1840.93, 0.00, 230.16, 450789, 1797144, 3480, 45.5, , 1
Python, mandelbrot, 1,  8982.38, 2013.58, 1853.00, 0.00, 230.22, 450886, 1796990, 3377, 45.8, , 1
Python, mandelbrot, 1,  8941.13, 1987.33, 1826.93, 0.00, 230.12, 450718, 1796243, 3483, 45.8, , 1
Python, mandelbrot, 1,  8914.15, 1998.45, 1837.81, 0.00, 230.42, 451241, 1798004, 3461, 45.8, , 1
Python, mandelbrot, 1,  8919.53, 1996.15, 1835.44, 0.00, 230.50, 451285, 1798441, 3589, 46.2, , 1
Python, mandelbrot, 1,  8858.78, 1991.71, 1831.78, 0.00, 229.28, 449068, 1789693, 3375, 45.8, , 1
Python, mandelbrot, 1,  8903.14, 2002.94, 1842.56, 0.00, 230.04, 450559, 1795680, 3448, 45.8, , 1
Python, mandelbrot, 1,  8929.03, 2013.34, 1852.21, 0.00, 230.94, 452323, 1802718, 3485, 45.8, , 1
Python, mandelbrot, 1,  8923.50, 2003.71, 1843.01, 0.00, 230.39, 451217, 1798773, 3599, 46.0, , 1
Python, mandelbrot, 1,  9002.32, 2016.70, 1854.19, 0.00, 233.01, 456350, 1818767, 3447, 46.2, , 1
Python, mandelbrot, 1,  8851.53, 1995.54, 1835.59, 0.00, 229.30, 449030, 1789195, 3537, 45.5, , 1
Python, n-body, 1,  19285.33, 2249.76, 1838.87, 0.00, 588.62, 1153947, 1153746, 119, 43.0, , 1
Python, n-body, 1,  18988.64, 2200.88, 1796.34, 0.00, 579.39, 1135913, 1135721, 119, 43.2, , 1
Python, n-body, 1,  19060.81, 2165.32, 1761.84, 0.00, 577.39, 1131989, 1131820, 102, 43.8, , 1
Python, n-body, 1,  18991.87, 2166.69, 1763.05, 0.00, 576.93, 1131031, 1131004, 11, 43.5, , 1
Python, n-body, 1,  18986.58, 2173.15, 1769.29, 0.00, 577.41, 1132071, 1131864, 114, 43.8, , 1
Python, n-body, 1,  19143.15, 2191.43, 1784.96, 0.00, 582.36, 1141722, 1141492, 140, 43.8, , 1
Python, n-body, 1,  18707.64, 2161.45, 1757.92, 0.00, 578.27, 1133753, 1133530, 144, 43.8, , 1
Python, n-body, 1,  18734.26, 2150.53, 1747.70, 0.00, 577.25, 1131458, 1131415, 14, 43.5, , 1
Python, n-body, 1,  18848.80, 2158.24, 1754.27, 0.00, 578.52, 1133924, 1133707, 140, 43.5, , 1
Python, n-body, 1,  18873.68, 2167.18, 1763.35, 0.00, 577.24, 1131427, 1131284, 36, 43.8, , 1
Python, n-body, 1,  18882.09, 2173.73, 1768.86, 0.00, 578.32, 1133589, 1133442, 39, 44.0, , 1
Python, n-body, 1,  18874.71, 2120.19, 1715.69, 0.00, 580.49, 1132114, 1131900, 107, 43.8, , 1
Python, n-body, 1,  18812.79, 2099.74, 1693.28, 0.00, 581.08, 1138944, 1138895, 16, 44.0, , 1
Python, n-body, 1,  18813.97, 2123.69, 1718.27, 0.00, 580.35, 1137532, 1137348, 111, 44.2, , 1
Python, n-body, 1,  19260.76, 2095.57, 1680.78, 0.00, 592.22, 1160823, 1160780, 13, 44.0, , 1
Python, n-body, 1,  18770.67, 2095.93, 1691.10, 0.00, 579.33, 1135384, 1135145, 167, 44.0, , 1
Python, n-body, 1,  18781.78, 2084.07, 1678.98, 0.00, 579.43, 1135726, 1135551, 98, 43.8, , 1
Python, n-body, 1,  18702.89, 2052.14, 1648.14, 0.00, 577.32, 1131598, 1131483, 28, 44.2, , 1
Python, n-body, 1,  18715.71, 2085.06, 1681.52, 0.00, 577.49, 1131936, 1131790, 74, 44.0, , 1
Python, n-body, 1,  19335.38, 2185.50, 1771.39, 0.00, 593.25, 1162836, 1162789, 13, 44.0, , 1
Python, regex-redux, 1,  567.13, 75.93, 64.05, 0.00, 18.02, 32983, 57379, 1986, 44.2, , 1
Python, regex-redux, 1,  568.70, 78.37, 66.50, 0.00, 18.01, 32985, 57411, 2081, 44.2, , 1
Python, regex-redux, 1,  573.09, 77.88, 66.02, 0.00, 18.00, 32944, 57234, 2085, 44.2, , 1
Python, regex-redux, 1,  573.80, 77.85, 65.96, 0.00, 18.04, 33050, 57479, 2042, 44.2, , 1
Python, regex-redux, 1,  570.68, 78.70, 66.85, 0.00, 17.98, 32931, 57306, 2027, 44.2, , 1
Python, regex-redux, 1,  572.42, 78.67, 66.79, 0.00, 18.04, 33044, 57323, 2038, 44.2, , 1
Python, regex-redux, 1,  577.08, 78.90, 67.03, 0.00, 18.06, 33014, 57406, 2037, 44.5, , 1
Python, regex-redux, 1,  575.50, 78.49, 66.58, 0.00, 18.09, 33088, 57387, 2016, 44.5, , 1
Python, regex-redux, 1,  575.49, 78.01, 66.14, 0.00, 18.03, 32963, 57352, 1995, 44.2, , 1
Python, regex-redux, 1,  573.62, 77.95, 66.03, 0.00, 18.08, 33080, 57462, 1988, 44.5, , 1
Python, regex-redux, 1,  571.41, 76.67, 64.78, 0.00, 18.04, 33024, 57302, 2040, 44.2, , 1
Python, regex-redux, 1,  569.11, 77.09, 65.20, 0.00, 18.05, 33025, 57335, 2014, 44.2, , 1
Python, regex-redux, 1,  565.36, 76.90, 65.02, 0.00, 18.04, 32983, 57344, 1962, 44.2, , 1
Python, regex-redux, 1,  571.33, 77.85, 65.92, 0.00, 18.11, 33125, 57711, 2030, 44.5, , 1
Python, regex-redux, 1,  568.56, 76.96, 65.04, 0.00, 18.06, 33016, 57308, 2045, 44.5, , 1
Python, regex-redux, 1,  568.38, 75.40, 63.52, 0.00, 18.02, 32963, 57280, 2048, 44.5, , 1
Python, regex-redux, 1,  571.73, 78.71, 66.74, 0.00, 18.19, 33263, 58627, 1979, 44.2, , 1
Python, regex-redux, 1,  572.14, 77.76, 65.85, 0.00, 18.07, 33036, 57641, 2047, 44.8, , 1
Python, regex-redux, 1,  570.57, 77.56, 65.62, 0.00, 18.11, 33125, 57465, 2009, 44.5, , 1
Python, regex-redux, 1,  568.89, 76.05, 64.16, 0.00, 18.04, 32977, 57191, 2109, 44.5, , 1
Python, reverse-complement, 1,  113.66, 14.44, 12.07, 0.00, 3.89, 6521, 8176, 1794, 44.8, , 1
Python, reverse-complement, 1,  113.75, 14.48, 12.11, 0.00, 3.89, 6505, 8083, 1859, 44.2, , 1
Python, reverse-complement, 1,  114.11, 14.56, 12.18, 0.00, 3.90, 6526, 8197, 1811, 44.5, , 1
Python, reverse-complement, 1,  114.12, 14.60, 12.23, 0.00, 3.90, 6523, 8018, 1942, 44.2, , 1
Python, reverse-complement, 1,  113.57, 14.57, 12.20, 0.00, 3.89, 6514, 8160, 1801, 44.5, , 1
Python, reverse-complement, 1,  113.01, 14.85, 12.48, 0.00, 3.89, 6517, 8156, 1824, 44.8, , 1
Python, reverse-complement, 1,  114.11, 14.55, 12.17, 0.00, 3.91, 6557, 8036, 1976, 44.2, , 1
Python, reverse-complement, 1,  113.42, 14.58, 12.20, 0.00, 3.90, 6530, 8045, 1931, 44.5, , 1
Python, reverse-complement, 1,  113.29, 14.83, 12.45, 0.00, 3.91, 6540, 8089, 1917, 44.2, , 1
Python, reverse-complement, 1,  112.82, 14.22, 11.86, 0.00, 3.89, 6516, 8129, 1847, 44.8, , 1
Python, reverse-complement, 1,  112.87, 14.06, 11.69, 0.00, 3.90, 6531, 8241, 1748, 44.5, , 1
Python, reverse-complement, 1,  113.37, 14.08, 11.71, 0.00, 3.90, 6522, 8120, 1853, 44.8, , 1
Python, reverse-complement, 1,  114.19, 14.25, 11.88, 0.00, 3.90, 6521, 8142, 1825, 44.5, , 1
Python, reverse-complement, 1,  114.43, 14.44, 12.07, 0.00, 3.90, 6536, 8162, 1840, 44.2, , 1
Python, reverse-complement, 1,  113.52, 14.26, 11.88, 0.00, 3.91, 6541, 8068, 1923, 44.2, , 1
Python, reverse-complement, 1,  113.67, 14.14, 11.77, 0.00, 3.91, 6539, 8098, 1899, 44.8, , 1
Python, reverse-complement, 1,  113.65, 14.43, 12.05, 0.00, 3.92, 6546, 8026, 1972, 44.5, , 1
Python, reverse-complement, 1,  113.12, 14.21, 11.85, 0.00, 3.90, 6510, 8137, 1810, 44.8, , 1
Python, reverse-complement, 1,  113.78, 14.85, 12.46, 0.00, 3.92, 6548, 8175, 1833, 44.5, , 1
Python, reverse-complement, 1,  113.52, 14.58, 12.21, 0.00, 3.90, 6523, 8209, 1772, 44.5, , 1
Python, spectral-norm, 1,  6692.31, 1448.19, 1326.14, 0.00, 175.70, 343758, 1370558, 391, 46.2, , 1
Python, spectral-norm, 1,  6741.88, 1461.75, 1338.43, 0.00, 177.44, 347157, 1383300, 404, 46.5, , 1
Python, spectral-norm, 1,  6697.13, 1434.42, 1312.79, 0.00, 175.02, 342439, 1364599, 398, 46.2, , 1
Python, spectral-norm, 1,  6661.11, 1444.89, 1323.51, 0.00, 174.61, 341655, 1359916, 398, 46.5, , 1
Python, spectral-norm, 1,  6654.48, 1440.83, 1319.87, 0.00, 173.88, 340242, 1355546, 406, 46.5, , 1
Python, spectral-norm, 1,  6662.95, 1446.34, 1325.13, 0.00, 174.22, 340917, 1358666, 448, 46.8, , 1
Python, spectral-norm, 1,  6763.76, 1459.37, 1336.72, 0.00, 176.36, 345112, 1374238, 431, 47.0, , 1
Python, spectral-norm, 1,  6666.00, 1436.50, 1315.58, 0.00, 174.01, 340422, 1356976, 391, 46.8, , 1
Python, spectral-norm, 1,  6682.83, 1434.23, 1311.92, 0.00, 175.97, 344202, 1370406, 421, 46.5, , 1
Python, spectral-norm, 1,  6728.59, 1442.52, 1320.61, 0.00, 175.39, 343095, 1365870, 433, 46.2, , 1
Python, spectral-norm, 1,  6657.39, 1448.68, 1327.38, 0.00, 174.50, 341342, 1359721, 401, 46.8, , 1
Python, spectral-norm, 1,  6796.27, 1474.98, 1351.32, 0.00, 177.98, 348205, 1381128, 419, 46.8, , 1
Python, spectral-norm, 1,  7152.67, 1552.45, 1422.36, 0.00, 187.22, 366299, 1453113, 391, 46.5, , 1
Python, spectral-norm, 1,  6720.49, 1457.06, 1334.59, 0.00, 176.16, 344635, 1372308, 383, 46.2, , 1
Python, spectral-norm, 1,  6731.00, 1463.17, 1341.02, 0.00, 175.68, 343703, 1369922, 407, 46.8, , 1
Python, spectral-norm, 1,  6630.60, 1449.64, 1328.71, 0.00, 174.00, 340361, 1355869, 414, 46.2, , 1
Python, spectral-norm, 1,  6705.51, 1464.08, 1342.87, 0.00, 174.33, 341054, 1357586, 389, 46.5, , 1
Python, spectral-norm, 1,  6727.76, 1480.34, 1357.93, 0.00, 176.03, 344383, 1372781, 384, 46.5, , 1
Python, spectral-norm, 1,  6693.75, 1440.59, 1319.53, 0.00, 174.17, 340747, 1357824, 411, 46.5, , 1
Python, spectral-norm, 1,  6759.08, 1456.54, 1334.36, 0.00, 175.85, 343971, 1370670, 415, 46.5, , 1
C, binary-trees, 2,  83.99, 14.60, 12.92, 0.00, 3.21, 4395, 11602, 962, 46.2, , 1
C, binary-trees, 2,  83.67, 14.47, 12.79, 0.00, 3.22, 4391, 11658, 912, 46.2, , 1
C, binary-trees, 2,  83.62, 14.58, 12.90, 0.00, 3.21, 4395, 11652, 934, 46.0, , 1
C, binary-trees, 2,  83.94, 14.50, 12.81, 0.00, 3.23, 4415, 11666, 943, 46.2, , 1
C, binary-trees, 2,  83.64, 14.70, 13.01, 0.00, 3.23, 4408, 11653, 955, 46.0, , 1
C, binary-trees, 2,  83.91, 14.60, 12.91, 0.00, 3.23, 4405, 11674, 916, 46.0, , 1
C, binary-trees, 2,  83.48, 14.58, 12.90, 0.00, 3.22, 4394, 11652, 934, 46.0, , 1
C, binary-trees, 2,  87.62, 14.90, 13.13, 0.00, 3.34, 4628, 11896, 917, 45.8, , 1
C, binary-trees, 2,  84.53, 14.69, 12.99, 0.00, 3.25, 4424, 11690, 926, 46.2, , 1
C, binary-trees, 2,  83.63, 14.46, 12.77, 0.00, 3.21, 4397, 11625, 968, 45.8, , 1
C, binary-trees, 2,  83.59, 14.47, 12.78, 0.00, 3.22, 4397, 11642, 947, 45.8, , 1
C, binary-trees, 2,  83.79, 14.38, 12.70, 0.00, 3.22, 4390, 11656, 940, 45.5, , 1
C, binary-trees, 2,  89.70, 14.83, 13.02, 0.00, 3.42, 4755, 12020, 936, 46.2, , 1
C, binary-trees, 2,  83.74, 14.42, 12.73, 0.00, 3.22, 4405, 11684, 946, 46.0, , 1
C, binary-trees, 2,  82.91, 14.36, 12.68, 0.00, 3.20, 4386, 11631, 943, 46.2, , 1
C, binary-trees, 2,  83.18, 14.33, 12.65, 0.00, 3.22, 4395, 11633, 938, 45.2, , 1
C, binary-trees, 2,  83.39, 14.41, 12.72, 0.00, 3.21, 4398, 11671, 920, 46.2, , 1
C, binary-trees, 2,  83.48, 14.42, 12.73, 0.00, 3.22, 4407, 11653, 938, 46.0, , 1
C, binary-trees, 2,  83.34, 14.43, 12.75, 0.00, 3.22, 4401, 11652, 906, 46.0, , 1
C, binary-trees, 2,  83.91, 14.48, 12.79, 0.00, 3.22, 4422, 11691, 920, 45.8, , 1
C, fannkuch-redux, 2,  167.94, 31.28, 28.10, 0.00, 4.55, 8920, 35366, 6, 45.5, , 1
C, fannkuch-redux, 2,  167.91, 31.13, 27.96, 0.00, 4.55, 8912, 35366, 8, 46.0, , 1
C, fannkuch-redux, 2,  169.18, 31.56, 28.38, 0.00, 4.55, 8922, 35370, 5, 46.0, , 1
C, fannkuch-redux, 2,  167.53, 31.27, 28.10, 0.00, 4.55, 8920, 35367, 5, 46.0, , 1
C, fannkuch-redux, 2,  171.19, 31.72, 28.45, 0.00, 4.68, 9168, 35371, 5, 45.5, , 1
C, fannkuch-redux, 2,  166.05, 30.96, 27.78, 0.00, 4.56, 8938, 35368, 3, 45.8, , 1
C, fannkuch-redux, 2,  165.84, 31.09, 27.92, 0.00, 4.55, 8910, 35368, 5, 45.5, , 1
C, fannkuch-redux, 2,  166.15, 31.13, 27.96, 0.00, 4.55, 8918, 35367, 6, 46.0, , 1
C, fannkuch-redux, 2,  165.67, 30.54, 27.36, 0.00, 4.55, 8920, 35371, 5, 46.0, , 1
C, fannkuch-redux, 2,  165.49, 30.87, 27.69, 0.00, 4.55, 8924, 35370, 3, 46.2, , 1
C, fannkuch-redux, 2,  164.85, 30.33, 27.15, 0.00, 4.55, 8920, 35367, 4, 46.0, , 1
C, fannkuch-redux, 2,  165.02, 30.35, 27.17, 0.00, 4.55, 8920, 35365, 6, 45.8, , 1
C, fannkuch-redux, 2,  165.88, 30.73, 27.56, 0.00, 4.55, 8920, 35366, 6, 46.0, , 1
C, fannkuch-redux, 2,  166.96, 30.87, 27.69, 0.00, 4.56, 8929, 35367, 8, 45.5, , 1
C, fannkuch-redux, 2,  165.69, 30.19, 27.01, 0.00, 4.55, 8911, 35369, 3, 46.0, , 1
C, fannkuch-redux, 2,  164.98, 30.89, 27.71, 0.00, 4.55, 8909, 35367, 3, 46.0, , 1
C, fannkuch-redux, 2,  165.14, 31.00, 27.82, 0.00, 4.55, 8917, 35368, 4, 46.0, , 1
C, fannkuch-redux, 2,  164.43, 30.91, 27.73, 0.00, 4.56, 8926, 35368, 4, 45.8, , 1
C, fannkuch-redux, 2,  164.07, 30.54, 27.36, 0.00, 4.55, 8911, 35369, 6, 45.5, , 1
C, fannkuch-redux, 2,  164.30, 31.17, 27.99, 0.00, 4.55, 8915, 35363, 7, 45.8, , 1
C, fasta, 2,  51.66, 5.15, 4.02, 0.00, 1.61, 3157, 3079, 78, 45.2, , 1
C, fasta, 2,  51.72, 5.15, 4.02, 0.00, 1.61, 3156, 3088, 68, 45.2, , 1
C, fasta, 2,  51.75, 5.11, 3.99, 0.00, 1.61, 3159, 3061, 97, 45.2, , 1
C, fasta, 2,  49.18, 4.80, 3.73, 0.00, 1.54, 3011, 2948, 62, 45.0, , 1
C, fasta, 2,  36.23, 4.17, 3.40, 0.00, 1.11, 2179, 2130, 50, 45.5, , 1
C, fasta, 2,  35.45, 4.11, 3.36, 0.00, 1.08, 2119, 2075, 44, 45.0, , 1
C, fasta, 2,  35.92, 4.20, 3.44, 0.00, 1.10, 2145, 2096, 48, 45.8, , 1
C, fasta, 2,  35.98, 4.15, 3.39, 0.00, 1.10, 2145, 2100, 45, 45.5, , 1
C, fasta, 2,  37.21, 4.35, 3.56, 0.00, 1.14, 2227, 2176, 50, 45.2, , 1
C, fasta, 2,  37.37, 4.33, 3.54, 0.00, 1.14, 2240, 2185, 55, 45.0, , 1
C, fasta, 2,  36.13, 4.22, 3.45, 0.00, 1.11, 2164, 2120, 43, 45.5, , 1
C, fasta, 2,  36.86, 4.26, 3.47, 0.00, 1.13, 2202, 2158, 44, 45.0, , 1
C, fasta, 2,  37.49, 4.38, 3.58, 0.00, 1.15, 2251, 2185, 65, 44.8, , 1
C, fasta, 2,  37.27, 4.32, 3.53, 0.00, 1.14, 2234, 2196, 38, 45.2, , 1
C, fasta, 2,  37.74, 4.37, 3.57, 0.00, 1.15, 2252, 2175, 77, 45.5, , 1
C, fasta, 2,  36.52, 4.26, 3.49, 0.00, 1.12, 2181, 2126, 55, 44.8, , 1
C, fasta, 2,  38.23, 4.48, 3.66, 0.00, 1.18, 2305, 2259, 45, 45.0, , 1
C, fasta, 2,  37.77, 4.38, 3.58, 0.00, 1.15, 2254, 2199, 54, 45.2, , 1
C, fasta, 2,  37.19, 4.30, 3.51, 0.00, 1.14, 2221, 2156, 65, 45.2, , 1
C, fasta, 2,  37.53, 4.35, 3.55, 0.00, 1.15, 2240, 2184, 55, 44.8, , 1
C, k-nucleotide, 2,  218.03, 41.79, 37.74, 0.00, 8.83, 11259, 37572, 323, 45.8, , 1
C, k-nucleotide, 2,  216.87, 41.81, 37.75, 0.00, 9.22, 11171, 37453, 402, 45.5, , 1
C, k-nucleotide, 2,  215.29, 41.45, 37.44, 0.00, 8.68, 11157, 37071, 428, 45.0, , 1
C, k-nucleotide, 2,  220.05, 42.59, 38.41, 0.00, 9.73, 11303, 37838, 368, 46.0, , 1
C, k-nucleotide, 2,  216.57, 41.69, 37.64, 0.00, 8.90, 11230, 37369, 414, 45.5, , 1
C, k-nucleotide, 2,  215.29, 41.18, 37.18, 0.00, 8.35, 11184, 36946, 400, 45.5, , 1
C, k-nucleotide, 2,  215.29, 41.06, 37.05, 0.00, 8.74, 11186, 37324, 371, 46.0, , 1
C, k-nucleotide, 2,  218.37, 41.09, 37.06, 0.00, 8.70, 11253, 37263, 421, 45.0, , 1
C, k-nucleotide, 2,  217.37, 41.33, 37.32, 0.00, 8.87, 11175, 37240, 526, 45.5, , 1
C, k-nucleotide, 2,  217.32, 41.42, 37.42, 0.00, 8.68, 11204, 37211, 395, 45.2, , 1
C, k-nucleotide, 2,  219.97, 41.83, 37.74, 0.00, 9.36, 11199, 37658, 391, 45.2, , 1
C, k-nucleotide, 2,  219.71, 41.60, 37.48, 0.00, 9.57, 11206, 37641, 370, 45.5, , 1
C, k-nucleotide, 2,  219.00, 41.90, 37.85, 0.00, 8.67, 11328, 37455, 366, 45.8, , 1
C, k-nucleotide, 2,  219.28, 41.68, 37.58, 0.00, 9.25, 11279, 37398, 479, 46.0, , 1
C, k-nucleotide, 2,  216.75, 41.43, 37.43, 0.00, 8.48, 11198, 37095, 417, 45.8, , 1
C, k-nucleotide, 2,  217.84, 41.58, 37.59, 0.00, 8.44, 11205, 37186, 394, 45.8, , 1
C, k-nucleotide, 2,  217.18, 40.99, 37.00, 0.00, 8.36, 11211, 37048, 372, 45.5, , 1
C, k-nucleotide, 2,  220.78, 41.21, 37.12, 0.00, 9.32, 11248, 37722, 392, 45.8, , 1
C, k-nucleotide, 2,  219.00, 40.90, 36.86, 0.00, 8.89, 11247, 37412, 414, 45.8, , 1
C, k-nucleotide, 2,  217.48, 41.12, 37.10, 0.00, 8.89, 11194, 37284, 432, 45.8, , 1
C, mandelbrot, 2,  79.60, 14.46, 12.94, 0.00, 2.19, 4280, 17038, 51, 46.0, , 1
C, mandelbrot, 2,  79.69, 14.53, 13.01, 0.00, 2.19, 4277, 17018, 60, 45.8, , 1
C, mandelbrot, 2,  79.50, 14.66, 13.14, 0.00, 2.20, 4281, 17020, 67, 45.5, , 1
C, mandelbrot, 2,  79.57, 14.80, 13.28, 0.00, 2.20, 4279, 17025, 60, 45.5, , 1
C, mandelbrot, 2,  79.44, 14.59, 13.07, 0.00, 2.20, 4287, 17021, 70, 45.8, , 1
C, mandelbrot, 2,  79.01, 14.41, 12.90, 0.00, 2.19, 4277, 17004, 77, 45.2, , 1
C, mandelbrot, 2,  78.95, 14.55, 13.03, 0.00, 2.19, 4276, 17023, 56, 45.8, , 1
C, mandelbrot, 2,  78.70, 14.42, 12.91, 0.00, 2.19, 4276, 17013, 66, 46.0, , 1
C, mandelbrot, 2,  78.37, 14.55, 13.04, 0.00, 2.19, 4278, 17018, 69, 45.8, , 1
C, mandelbrot, 2,  79.18, 14.62, 13.10, 0.00, 2.19, 4280, 17037, 60, 45.8, , 1
C, mandelbrot, 2,  78.92, 14.56, 13.05, 0.00, 2.19, 4275, 17022, 55, 46.2, , 1
C, mandelbrot, 2,  79.19, 14.43, 12.92, 0.00, 2.19, 4276, 17023, 56, 46.2, , 1
C, mandelbrot, 2,  79.02, 14.43, 12.92, 0.00, 2.19, 4278, 17027, 64, 46.2, , 1
C, mandelbrot, 2,  78.83, 14.44, 12.93, 0.00, 2.19, 4275, 17014, 61, 45.8, , 1
C, mandelbrot, 2,  79.50, 14.60, 13.09, 0.00, 2.19, 4277, 17018, 66, 45.8, , 1
C, mandelbrot, 2,  79.26, 14.69, 13.18, 0.00, 2.19, 4276, 17005, 73, 46.2, , 1
C, mandelbrot, 2,  79.49, 14.69, 13.17, 0.00, 2.20, 4278, 17011, 68, 46.0, , 1
C, mandelbrot, 2,  79.40, 14.62, 13.10, 0.00, 2.20, 4280, 17043, 49, 46.0, , 1
C, mandelbrot, 2,  79.29, 14.73, 13.21, 0.00, 2.19, 4280, 17025, 62, 46.0, , 1
C, mandelbrot, 2,  79.30, 14.75, 13.23, 0.00, 2.19, 4278, 17015, 67, 46.0, , 1
C, n-body, 2,  134.88, 14.87, 11.94, 0.00, 4.19, 8219, 8216, 1, 44.8, , 1
C, n-body, 2,  124.36, 13.95, 11.27, 0.00, 3.84, 7523, 7520, 2, 45.5, , 1
C, n-body, 2,  111.16, 12.94, 10.59, 0.00, 3.37, 6614, 6612, 0, 45.2, , 1
C, n-body, 2,  111.46, 12.88, 10.54, 0.00, 3.37, 6608, 6606, 1, 45.0, , 1
C, n-body, 2,  106.55, 12.30, 10.07, 0.00, 3.21, 6285, 6283, 2, 45.2, , 1
C, n-body, 2,  109.67, 12.75, 10.45, 0.00, 3.32, 6499, 6497, 2, 45.2, , 1
C, n-body, 2,  109.54, 12.73, 10.43, 0.00, 3.32, 6499, 6497, 1, 45.2, , 1
C, n-body, 2,  117.94, 13.95, 11.41, 0.00, 3.61, 7078, 7077, 1, 45.2, , 1
C, n-body, 2,  121.15, 14.43, 11.84, 0.00, 3.70, 7258, 7256, 2, 44.8, , 1
C, n-body, 2,  114.74, 13.44, 10.97, 0.00, 3.56, 6969, 6965, 3, 44.8, , 1
C, n-body, 2,  117.05, 13.97, 11.42, 0.00, 3.64, 7129, 7125, 2, 45.0, , 1
C, n-body, 2,  113.51, 13.53, 11.08, 0.00, 3.52, 6898, 6892, 4, 45.0, , 1
C, n-body, 2,  112.61, 13.30, 10.88, 0.00, 3.47, 6804, 6799, 4, 44.8, , 1
C, n-body, 2,  113.58, 13.40, 10.97, 0.00, 3.49, 6840, 6837, 3, 45.0, , 1
C, n-body, 2,  111.88, 13.31, 10.90, 0.00, 3.47, 6788, 6787, 1, 44.5, , 1
C, n-body, 2,  112.70, 13.42, 10.98, 0.00, 3.50, 6859, 6855, 2, 44.8, , 1
C, n-body, 2,  117.60, 14.02, 11.47, 0.00, 3.66, 7164, 7162, 2, 44.8, , 1
C, n-body, 2,  116.84, 14.02, 11.47, 0.00, 3.65, 7159, 7156, 2, 44.8, , 1
C, n-body, 2,  116.31, 13.94, 11.42, 0.00, 3.63, 7110, 7107, 3, 44.8, , 1
C, n-body, 2,  119.17, 14.37, 11.77, 0.00, 3.73, 7308, 7306, 2, 44.5, , 1
C, regex-redux, 2,  56.18, 9.36, 8.23, 0.00, 1.91, 3128, 7930, 316, 44.5, , 1
C, regex-redux, 2,  56.30, 9.12, 7.99, 0.00, 1.91, 3124, 7918, 328, 44.5, , 1
C, regex-redux, 2,  56.04, 9.21, 8.08, 0.00, 1.91, 3125, 7905, 343, 44.8, , 1
C, regex-redux, 2,  56.00, 9.28, 8.15, 0.00, 1.91, 3122, 7903, 341, 44.5, , 1
C, regex-redux, 2,  55.67, 9.34, 8.21, 0.00, 1.91, 3120, 7916, 325, 45.2, , 1
C, regex-redux, 2,  55.70, 9.32, 8.18, 0.00, 1.91, 3121, 7919, 325, 44.8, , 1
C, regex-redux, 2,  56.07, 9.32, 8.18, 0.00, 1.92, 3132, 7957, 326, 44.5, , 1
C, regex-redux, 2,  55.99, 9.27, 8.13, 0.00, 1.91, 3120, 7924, 319, 44.5, , 1
C, regex-redux, 2,  56.13, 9.31, 8.18, 0.00, 1.91, 3119, 7908, 332, 44.5, , 1
C, regex-redux, 2,  55.72, 9.34, 8.21, 0.00, 1.91, 3116, 7890, 350, 45.0, , 1
C, regex-redux, 2,  55.93, 9.13, 8.00, 0.00, 1.92, 3124, 7913, 333, 44.8, , 1
C, regex-redux, 2,  55.72, 9.23, 8.10, 0.00, 1.91, 3118, 7942, 331, 44.8, , 1
C, regex-redux, 2,  55.92, 9.46, 8.32, 0.00, 1.92, 3135, 7904, 350, 44.8, , 1
C, regex-redux, 2,  55.88, 9.23, 8.09, 0.00, 1.91, 3125, 7895, 350, 44.8, , 1
C, regex-redux, 2,  55.78, 9.30, 8.17, 0.00, 1.92, 3121, 7904, 342, 44.8, , 1
C, regex-redux, 2,  55.73, 9.29, 8.16, 0.00, 1.91, 3117, 7915, 357, 44.5, , 1
C, regex-redux, 2,  55.89, 9.39, 8.26, 0.00, 1.92, 3132, 7917, 336, 45.0, , 1
C, regex-redux, 2,  55.70, 9.14, 8.00, 0.00, 1.91, 3120, 7915, 327, 44.8, , 1
C, regex-redux, 2,  56.09, 9.08, 7.95, 0.00, 1.91, 3118, 7904, 339, 44.8, , 1
C, regex-redux, 2,  56.36, 9.12, 7.98, 0.00, 1.91, 3121, 7912, 331, 44.8, , 1
C, reverse-complement, 2,  6.41, 0.81, 0.65, 0.00, 0.32, 358, 174, 297, 44.8, , 1
C, reverse-complement, 2,  6.33, 0.79, 0.64, 0.00, 0.32, 356, 171, 298, 44.8, , 1
C, reverse-complement, 2,  6.34, 0.81, 0.66, 0.00, 0.31, 354, 173, 295, 44.8, , 1
C, reverse-complement, 2,  6.32, 0.82, 0.66, 0.00, 0.31, 356, 169, 300, 44.8, , 1
C, reverse-complement, 2,  6.37, 0.81, 0.65, 0.00, 0.31, 356, 166, 303, 44.8, , 1
C, reverse-complement, 2,  6.35, 0.82, 0.66, 0.00, 0.31, 354, 172, 296, 44.8, , 1
C, reverse-complement, 2,  6.29, 0.81, 0.66, 0.00, 0.31, 353, 168, 299, 44.8, , 1
C, reverse-complement, 2,  6.29, 0.81, 0.65, 0.00, 0.31, 353, 169, 297, 44.8, , 1
C, reverse-complement, 2,  6.25, 0.78, 0.63, 0.00, 0.31, 352, 168, 297, 45.2, , 1
C, reverse-complement, 2,  6.37, 0.80, 0.65, 0.00, 0.31, 355, 170, 299, 45.2, , 1
C, reverse-complement, 2,  6.23, 0.83, 0.67, 0.00, 0.31, 350, 170, 293, 45.2, , 1
C, reverse-complement, 2,  6.36, 0.80, 0.65, 0.00, 0.31, 353, 176, 290, 44.8, , 1
C, reverse-complement, 2,  6.24, 0.80, 0.65, 0.00, 0.31, 350, 165, 299, 44.8, , 1
C, reverse-complement, 2,  6.35, 0.83, 0.67, 0.00, 0.31, 354, 170, 297, 44.8, , 1
C, reverse-complement, 2,  6.42, 0.84, 0.68, 0.00, 0.32, 357, 163, 308, 44.8, , 1
C, reverse-complement, 2,  6.33, 0.79, 0.64, 0.00, 0.31, 352, 164, 302, 44.8, , 1
C, reverse-complement, 2,  6.23, 0.78, 0.63, 0.00, 0.31, 350, 167, 297, 44.8, , 1
C, reverse-complement, 2,  6.28, 0.82, 0.66, 0.00, 0.31, 356, 160, 310, 45.2, , 1
C, reverse-complement, 2,  6.30, 0.78, 0.63, 0.00, 0.31, 354, 173, 294, 45.2, , 1
C, reverse-complement, 2,  6.23, 0.83, 0.67, 0.00, 0.31, 354, 170, 297, 45.2, , 1
C, spectral-norm, 2,  25.79, 5.25, 4.76, 0.00, 0.71, 1389, 5531, 2, 44.8, , 1
C, spectral-norm, 2,  25.70, 5.24, 4.74, 0.00, 0.71, 1384, 5515, 5, 44.8, , 1
C, spectral-norm, 2,  25.92, 5.25, 4.75, 0.00, 0.71, 1386, 5523, 1, 45.2, , 1
C, spectral-norm, 2,  25.74, 5.23, 4.74, 0.00, 0.71, 1384, 5518, 3, 44.8, , 1
C, spectral-norm, 2,  25.87, 5.21, 4.72, 0.00, 0.71, 1385, 5520, 4, 45.0, , 1
C, spectral-norm, 2,  25.88, 5.25, 4.75, 0.00, 0.71, 1386, 5521, 6, 44.8, , 1
C, spectral-norm, 2,  25.86, 5.22, 4.72, 0.00, 0.71, 1385, 5517, 4, 45.2, , 1
C, spectral-norm, 2,  25.81, 5.20, 4.70, 0.00, 0.71, 1385, 5519, 5, 45.0, , 1
C, spectral-norm, 2,  25.93, 5.17, 4.68, 0.00, 0.71, 1386, 5518, 6, 45.0, , 1
C, spectral-norm, 2,  25.89, 5.20, 4.70, 0.00, 0.71, 1385, 5521, 4, 45.5, , 1
C, spectral-norm, 2,  25.88, 5.26, 4.77, 0.00, 0.71, 1386, 5523, 4, 45.2, , 1
C, spectral-norm, 2,  25.90, 5.24, 4.74, 0.00, 0.71, 1386, 5523, 3, 45.2, , 1
C, spectral-norm, 2,  25.92, 5.26, 4.76, 0.00, 0.71, 1387, 5527, 2, 45.2, , 1
C, spectral-norm, 2,  25.81, 5.20, 4.70, 0.00, 0.71, 1385, 5518, 4, 45.5, , 1
C, spectral-norm, 2,  25.76, 5.11, 4.62, 0.00, 0.71, 1385, 5519, 5, 44.8, , 1
C, spectral-norm, 2,  25.91, 5.21, 4.71, 0.00, 0.71, 1384, 5518, 3, 45.0, , 1
C, spectral-norm, 2,  25.89, 5.25, 4.75, 0.00, 0.71, 1385, 5521, 1, 45.2, , 1
C, spectral-norm, 2,  25.79, 5.26, 4.76, 0.00, 0.71, 1384, 5520, 1, 45.0, , 1
C, spectral-norm, 2,  26.01, 5.29, 4.79, 0.00, 0.71, 1386, 5516, 10, 44.8, , 1
C, spectral-norm, 2,  25.80, 5.29, 4.79, 0.00, 0.71, 1385, 5521, 2, 45.5, , 1
C++, binary-trees, 2,  65.48, 13.08, 11.69, 0.00, 2.70, 3402, 11085, 485, 44.8, , 1
C++, binary-trees, 2,  65.96, 13.14, 11.73, 0.00, 2.73, 3436, 11153, 484, 45.2, , 1
C++, binary-trees, 2,  67.23, 13.31, 11.91, 0.00, 2.62, 3514, 11278, 632, 45.2, , 1
C++, binary-trees, 2,  65.77, 12.97, 11.60, 0.00, 2.73, 3412, 11159, 472, 45.2, , 1
C++, binary-trees, 2,  65.37, 12.99, 11.62, 0.00, 2.62, 3404, 11080, 486, 45.8, , 1
C++, binary-trees, 2,  65.52, 12.98, 11.63, 0.00, 2.72, 3425, 11183, 512, 45.2, , 1
C++, binary-trees, 2,  67.46, 13.37, 11.95, 0.00, 2.65, 3534, 11330, 661, 45.2, , 1
C++, binary-trees, 2,  66.66, 13.09, 11.64, 0.00, 2.79, 3481, 11227, 590, 45.2, , 1
C++, binary-trees, 2,  67.76, 13.24, 11.75, 0.00, 2.82, 3518, 11251, 581, 45.2, , 1
C++, binary-trees, 2,  66.35, 13.08, 11.68, 0.00, 2.64, 3496, 11236, 650, 45.2, , 1
C++, binary-trees, 2,  69.17, 13.61, 12.09, 0.00, 2.85, 3622, 11563, 758, 45.5, , 1
C++, binary-trees, 2,  66.44, 13.05, 11.60, 0.00, 2.69, 3471, 11319, 556, 45.8, , 1
C++, binary-trees, 2,  65.73, 12.80, 11.41, 0.00, 2.63, 3437, 11137, 476, 45.2, , 1
C++, binary-trees, 2,  67.58, 13.36, 11.95, 0.00, 2.67, 3544, 11360, 685, 45.8, , 1
C++, binary-trees, 2,  65.02, 12.93, 11.56, 0.00, 2.62, 3407, 11082, 485, 45.5, , 1
C++, binary-trees, 2,  66.91, 13.20, 11.80, 0.00, 2.65, 3521, 11320, 609, 45.5, , 1
C++, binary-trees, 2,  66.32, 12.92, 11.52, 0.00, 2.64, 3488, 11213, 623, 45.0, , 1
C++, binary-trees, 2,  66.98, 12.82, 11.42, 0.00, 2.65, 3493, 11232, 591, 45.2, , 1
C++, binary-trees, 2,  69.15, 13.19, 11.68, 0.00, 2.86, 3589, 11492, 808, 45.8, , 1
C++, binary-trees, 2,  67.74, 12.99, 11.58, 0.00, 2.67, 3543, 11336, 623, 45.0, , 1
C++, fannkuch-redux, 2,  292.10, 52.22, 46.54, 0.00, 8.16, 15991, 63401, 8, 44.8, , 1
C++, fannkuch-redux, 2,  293.03, 51.75, 46.06, 0.00, 8.15, 15986, 63377, 8, 45.2, , 1
C++, fannkuch-redux, 2,  293.80, 51.19, 45.52, 0.00, 8.16, 15999, 63415, 6, 45.5, , 1
C++, fannkuch-redux, 2,  291.71, 52.31, 46.61, 0.00, 8.16, 15991, 63389, 6, 45.2, , 1
C++, fannkuch-redux, 2,  292.04, 52.32, 46.63, 0.00, 8.15, 15983, 63408, 6, 45.2, , 1
C++, fannkuch-redux, 2,  293.05, 51.82, 46.14, 0.00, 8.15, 15986, 63386, 7, 45.0, , 1
C++, fannkuch-redux, 2,  292.83, 51.42, 45.73, 0.00, 8.16, 15996, 63419, 3, 45.2, , 1
C++, fannkuch-redux, 2,  293.05, 52.20, 46.51, 0.00, 8.16, 15993, 63393, 6, 45.2, , 1
C++, fannkuch-redux, 2,  291.26, 51.00, 45.33, 0.00, 8.15, 15966, 63378, 9, 45.0, , 1
C++, fannkuch-redux, 2,  292.39, 50.86, 45.20, 0.00, 8.15, 15974, 63391, 2, 45.2, , 1
C++, fannkuch-redux, 2,  292.20, 51.09, 45.41, 0.00, 8.17, 16005, 63420, 2, 45.2, , 1
C++, fannkuch-redux, 2,  293.10, 51.20, 45.52, 0.00, 8.17, 16005, 63406, 7, 45.2, , 1
C++, fannkuch-redux, 2,  292.98, 51.89, 46.20, 0.00, 8.15, 15981, 63370, 10, 45.0, , 1
C++, fannkuch-redux, 2,  294.46, 52.11, 46.43, 0.00, 8.15, 15971, 63351, 6, 44.8, , 1
C++, fannkuch-redux, 2,  291.88, 52.34, 46.66, 0.00, 8.15, 15976, 63358, 15, 45.0, , 1
C++, fannkuch-redux, 2,  292.48, 52.43, 46.74, 0.00, 8.15, 15983, 63387, 9, 45.0, , 1
C++, fannkuch-redux, 2,  293.45, 51.34, 45.66, 0.00, 8.16, 15999, 63399, 10, 45.5, , 1
C++, fannkuch-redux, 2,  294.09, 52.00, 46.30, 0.00, 8.16, 15987, 63372, 7, 46.0, , 1
C++, fannkuch-redux, 2,  291.14, 52.47, 46.78, 0.00, 8.15, 15975, 63367, 7, 45.5, , 1
C++, fannkuch-redux, 2,  292.34, 53.14, 47.36, 0.00, 8.27, 16209, 63425, 6, 45.0, , 1
C++, fasta, 2,  51.82, 6.35, 5.26, 0.00, 1.56, 3065, 6070, 31, 44.5, , 1
C++, fasta, 2,  52.04, 6.29, 5.20, 0.00, 1.57, 3065, 6071, 30, 44.8, , 1
C++, fasta, 2,  51.97, 6.13, 5.05, 0.00, 1.57, 3065, 6077, 24, 45.2, , 1
C++, fasta, 2,  52.18, 6.19, 5.10, 0.00, 1.56, 3064, 6071, 30, 45.2, , 1
C++, fasta, 2,  52.09, 6.21, 5.12, 0.00, 1.56, 3064, 6069, 32, 44.8, , 1
C++, fasta, 2,  51.89, 6.12, 5.04, 0.00, 1.57, 3064, 6071, 30, 44.8, , 1
C++, fasta, 2,  51.79, 6.22, 5.13, 0.00, 1.56, 3064, 6078, 23, 45.0, , 1
C++, fasta, 2,  51.67, 6.09, 5.00, 0.00, 1.56, 3064, 6073, 28, 45.0, , 1
C++, fasta, 2,  51.76, 6.05, 4.96, 0.00, 1.57, 3064, 6073, 29, 44.5, , 1
C++, fasta, 2,  51.52, 5.92, 4.84, 0.00, 1.57, 3064, 6078, 24, 44.8, , 1
C++, fasta, 2,  51.61, 5.90, 4.81, 0.00, 1.57, 3065, 6075, 27, 44.5, , 1
C++, fasta, 2,  51.68, 6.20, 5.11, 0.00, 1.57, 3065, 6072, 32, 44.5, , 1
C++, fasta, 2,  51.57, 6.15, 5.06, 0.00, 1.56, 3064, 6073, 28, 45.0, , 1
C++, fasta, 2,  51.75, 6.20, 5.11, 0.00, 1.57, 3064, 6071, 31, 44.8, , 1
C++, fasta, 2,  51.72, 6.15, 5.07, 0.00, 1.57, 3063, 6078, 23, 44.5, , 1
C++, fasta, 2,  51.75, 6.10, 5.01, 0.00, 1.57, 3064, 6077, 25, 44.8, , 1
C++, fasta, 2,  51.70, 6.16, 5.07, 0.00, 1.56, 3064, 6077, 25, 44.5, , 1
C++, fasta, 2,  51.73, 6.04, 4.96, 0.00, 1.57, 3065, 6076, 26, 44.8, , 1
C++, fasta, 2,  51.93, 5.97, 4.88, 0.00, 1.57, 3065, 6073, 29, 44.5, , 1
C++, fasta, 2,  52.17, 6.22, 5.13, 0.00, 1.57, 3064, 6065, 37, 44.8, , 1
C++, k-nucleotide, 2,  118.27, 19.52, 16.55, 0.00, 6.46, 6219, 17497, 687, 45.2, , 1
C++, k-nucleotide, 2,  118.32, 19.18, 16.21, 0.00, 6.40, 6199, 17475, 653, 44.8, , 1
C++, k-nucleotide, 2,  119.40, 19.40, 16.41, 0.00, 6.49, 6244, 17649, 628, 45.0, , 1
C++, k-nucleotide, 2,  120.70, 19.45, 16.42, 0.00, 6.61, 6321, 17756, 659, 45.2, , 1
C++, k-nucleotide, 2,  120.34, 19.50, 16.48, 0.00, 6.57, 6304, 17725, 670, 45.0, , 1
C++, k-nucleotide, 2,  119.48, 19.72, 16.71, 0.00, 6.54, 6269, 17676, 691, 45.0, , 1
C++, k-nucleotide, 2,  120.89, 19.66, 16.64, 0.00, 6.59, 6275, 17750, 627, 45.0, , 1
C++, k-nucleotide, 2,  119.98, 19.55, 16.57, 0.00, 6.48, 6249, 17578, 641, 45.0, , 1
C++, k-nucleotide, 2,  119.69, 19.60, 16.61, 0.00, 6.47, 6255, 17485, 678, 45.0, , 1
C++, k-nucleotide, 2,  118.86, 19.74, 16.75, 0.00, 6.52, 6243, 17641, 620, 45.5, , 1
C++, k-nucleotide, 2,  117.85, 19.21, 16.23, 0.00, 6.42, 6193, 17468, 689, 45.0, , 1
C++, k-nucleotide, 2,  119.92, 19.53, 16.51, 0.00, 6.58, 6282, 17729, 663, 45.5, , 1
C++, k-nucleotide, 2,  120.20, 20.04, 17.01, 0.00, 6.57, 6318, 17688, 602, 44.8, , 1
C++, k-nucleotide, 2,  119.55, 19.88, 16.86, 0.00, 6.57, 6286, 17764, 645, 45.5, , 1
C++, k-nucleotide, 2,  117.98, 19.72, 16.74, 0.00, 6.45, 6224, 17547, 668, 45.0, , 1
C++, k-nucleotide, 2,  118.44, 19.63, 16.65, 0.00, 6.47, 6220, 17503, 695, 45.5, , 1
C++, k-nucleotide, 2,  120.68, 19.75, 16.72, 0.00, 6.61, 6314, 17763, 678, 45.0, , 1
C++, k-nucleotide, 2,  119.87, 19.35, 16.35, 0.00, 6.54, 6246, 17644, 633, 45.0, , 1
C++, k-nucleotide, 2,  118.95, 19.37, 16.38, 0.00, 6.50, 6240, 17501, 720, 45.2, , 1
C++, k-nucleotide, 2,  119.28, 19.40, 16.41, 0.00, 6.50, 6234, 17637, 668, 45.5, , 1
C++, mandelbrot, 2,  62.28, 11.58, 10.38, 0.00, 1.73, 3364, 13083, 59, 45.2, , 1
C++, mandelbrot, 2,  62.20, 11.67, 10.47, 0.00, 1.72, 3360, 13091, 55, 45.5, , 1
C++, mandelbrot, 2,  62.04, 11.57, 10.37, 0.00, 1.73, 3363, 13091, 62, 45.0, , 1
C++, mandelbrot, 2,  62.22, 11.37, 10.17, 0.00, 1.73, 3372, 13085, 59, 45.2, , 1
C++, mandelbrot, 2,  62.12, 11.33, 10.13, 0.00, 1.73, 3364, 13104, 53, 44.8, , 1
C++, mandelbrot, 2,  61.94, 11.29, 10.10, 0.00, 1.73, 3362, 13085, 72, 45.0, , 1
C++, mandelbrot, 2,  62.33, 11.62, 10.43, 0.00, 1.73, 3365, 13098, 54, 45.2, , 1
C++, mandelbrot, 2,  62.17, 11.47, 10.28, 0.00, 1.73, 3360, 13088, 56, 45.0, , 1
C++, mandelbrot, 2,  62.39, 11.57, 10.37, 0.00, 1.73, 3364, 13094, 60, 45.5, , 1
C++, mandelbrot, 2,  62.52, 11.70, 10.50, 0.00, 1.73, 3374, 13094, 61, 45.0, , 1
C++, mandelbrot, 2,  62.27, 11.68, 10.48, 0.00, 1.72, 3360, 13084, 60, 45.2, , 1
C++, mandelbrot, 2,  62.46, 11.81, 10.61, 0.00, 1.73, 3369, 13086, 58, 45.5, , 1
C++, mandelbrot, 2,  63.24, 11.86, 10.66, 0.00, 1.73, 3365, 13098, 55, 45.0, , 1
C++, mandelbrot, 2,  63.04, 11.63, 10.43, 0.00, 1.73, 3369, 13079, 67, 44.8, , 1
C++, mandelbrot, 2,  62.43, 11.46, 10.27, 0.00, 1.73, 3364, 13096, 57, 45.5, , 1
C++, mandelbrot, 2,  62.71, 11.44, 10.24, 0.00, 1.73, 3361, 13086, 68, 45.2, , 1
C++, mandelbrot, 2,  62.48, 11.36, 10.17, 0.00, 1.73, 3361, 13084, 69, 45.2, , 1
C++, mandelbrot, 2,  62.54, 11.34, 10.14, 0.00, 1.73, 3359, 13079, 64, 45.0, , 1
C++, mandelbrot, 2,  62.44, 11.56, 10.36, 0.00, 1.73, 3360, 13090, 53, 45.0, , 1
C++, mandelbrot, 2,  62.47, 11.41, 10.21, 0.00, 1.73, 3361, 13094, 59, 45.0, , 1
C++, n-body, 2,  134.87, 14.64, 11.72, 0.00, 4.16, 8163, 8161, 2, 45.0, , 1
C++, n-body, 2,  122.04, 13.73, 11.15, 0.00, 3.70, 7251, 7247, 3, 44.8, , 1
C++, n-body, 2,  114.97, 13.34, 10.93, 0.00, 3.47, 6804, 6803, 1, 45.0, , 1
C++, n-body, 2,  110.58, 12.84, 10.50, 0.00, 3.36, 6582, 6579, 1, 44.8, , 1
C++, n-body, 2,  111.13, 12.94, 10.60, 0.00, 3.36, 6582, 6578, 3, 45.0, , 1
C++, n-body, 2,  112.15, 13.09, 10.72, 0.00, 3.41, 6684, 6681, 2, 45.0, , 1
C++, n-body, 2,  112.38, 13.15, 10.77, 0.00, 3.43, 6713, 6711, 2, 45.0, , 1
C++, n-body, 2,  110.36, 12.71, 10.40, 0.00, 3.33, 6530, 6527, 2, 44.8, , 1
C++, n-body, 2,  112.51, 13.09, 10.73, 0.00, 3.40, 6656, 6655, 1, 44.8, , 1
C++, n-body, 2,  117.43, 13.71, 11.22, 0.00, 3.57, 6988, 6985, 2, 44.8, , 1
C++, n-body, 2,  113.33, 13.02, 10.66, 0.00, 3.40, 6658, 6655, 2, 45.0, , 1
C++, n-body, 2,  115.47, 13.39, 10.96, 0.00, 3.48, 6822, 6820, 2, 45.0, , 1
C++, n-body, 2,  112.40, 13.05, 10.68, 0.00, 3.40, 6665, 6663, 2, 44.8, , 1
C++, n-body, 2,  109.92, 12.69, 10.38, 0.00, 3.32, 6510, 6505, 3, 45.0, , 1
C++, n-body, 2,  110.49, 12.80, 10.49, 0.00, 3.33, 6527, 6523, 3, 44.5, , 1
C++, n-body, 2,  110.36, 12.80, 10.49, 0.00, 3.33, 6530, 6527, 2, 44.8, , 1
C++, n-body, 2,  112.54, 13.12, 10.75, 0.00, 3.41, 6680, 6679, 1, 44.8, , 1
C++, n-body, 2,  114.86, 13.41, 10.98, 0.00, 3.50, 6850, 6846, 3, 44.8, , 1
C++, n-body, 2,  113.93, 13.19, 10.80, 0.00, 3.44, 6737, 6733, 3, 44.5, , 1
C++, n-body, 2,  116.32, 13.43, 10.99, 0.00, 3.50, 6862, 6856, 4, 44.5, , 1
C++, regex-redux, 2,  79.67, 11.11, 9.45, 0.00, 2.73, 4544, 8028, 680, 44.5, , 1
C++, regex-redux, 2,  80.42, 11.48, 9.80, 0.00, 2.76, 4573, 8020, 697, 44.5, , 1
C++, regex-redux, 2,  81.94, 11.64, 9.92, 0.00, 2.80, 4680, 8044, 671, 44.8, , 1
C++, regex-redux, 2,  79.67, 11.55, 9.89, 0.00, 2.72, 4522, 8002, 713, 44.2, , 1
C++, regex-redux, 2,  82.07, 11.78, 10.06, 0.00, 2.81, 4669, 8023, 672, 44.5, , 1
C++, regex-redux, 2,  80.59, 11.66, 9.98, 0.00, 2.76, 4589, 8041, 701, 44.8, , 1
C++, regex-redux, 2,  79.72, 11.38, 9.72, 0.00, 2.73, 4527, 8033, 662, 44.8, , 1
C++, regex-redux, 2,  82.88, 11.69, 9.96, 0.00, 2.82, 4731, 8078, 657, 44.5, , 1
C++, regex-redux, 2,  81.35, 11.64, 9.96, 0.00, 2.76, 4571, 8004, 697, 44.2, , 1
C++, regex-redux, 2,  82.60, 11.91, 10.19, 0.00, 2.81, 4684, 8041, 673, 44.5, , 1
C++, regex-redux, 2,  83.07, 11.64, 9.92, 0.00, 2.83, 4706, 8063, 667, 44.8, , 1
C++, regex-redux, 2,  78.61, 11.17, 9.53, 0.00, 2.69, 4459, 8009, 685, 44.8, , 1
C++, regex-redux, 2,  81.02, 11.18, 9.49, 0.00, 2.78, 4631, 8043, 671, 44.2, , 1
C++, regex-redux, 2,  81.98, 11.44, 9.72, 0.00, 2.81, 4687, 8082, 677, 44.5, , 1
C++, regex-redux, 2,  82.52, 11.56, 9.83, 0.00, 2.83, 4719, 8051, 669, 44.5, , 1
C++, regex-redux, 2,  80.25, 11.44, 9.76, 0.00, 2.75, 4586, 8018, 707, 44.8, , 1
C++, regex-redux, 2,  80.50, 11.52, 9.83, 0.00, 2.78, 4610, 8026, 680, 44.5, , 1
C++, regex-redux, 2,  81.20, 11.73, 10.02, 0.00, 2.80, 4664, 8026, 677, 44.2, , 1
C++, regex-redux, 2,  81.80, 11.85, 10.14, 0.00, 2.80, 4677, 8034, 677, 44.2, , 1
C++, regex-redux, 2,  79.68, 11.56, 9.89, 0.00, 2.73, 4546, 8012, 681, 44.8, , 1
C++, reverse-complement, 2,  10.83, 1.23, 0.97, 0.00, 0.50, 628, 297, 330, 44.5, , 1
C++, reverse-complement, 2,  10.93, 1.24, 0.98, 0.00, 0.50, 627, 296, 332, 44.5, , 1
C++, reverse-complement, 2,  10.94, 1.18, 0.92, 0.00, 0.50, 628, 271, 356, 44.5, , 1
C++, reverse-complement, 2,  10.91, 1.21, 0.95, 0.00, 0.50, 627, 281, 346, 44.8, , 1
C++, reverse-complement, 2,  11.06, 1.19, 0.93, 0.00, 0.50, 628, 274, 353, 44.8, , 1
C++, reverse-complement, 2,  11.00, 1.20, 0.94, 0.00, 0.50, 627, 287, 340, 44.5, , 1
C++, reverse-complement, 2,  11.02, 1.20, 0.94, 0.00, 0.50, 631, 289, 342, 44.5, , 1
C++, reverse-complement, 2,  10.92, 1.19, 0.93, 0.00, 0.50, 627, 290, 337, 44.5, , 1
C++, reverse-complement, 2,  11.03, 1.20, 0.94, 0.00, 0.50, 632, 300, 332, 44.5, , 1
C++, reverse-complement, 2,  10.95, 1.21, 0.95, 0.00, 0.50, 626, 282, 344, 44.5, , 1
C++, reverse-complement, 2,  11.11, 1.20, 0.93, 0.00, 0.50, 633, 291, 342, 44.5, , 1
C++, reverse-complement, 2,  10.96, 1.18, 0.92, 0.00, 0.50, 631, 285, 345, 44.8, , 1
C++, reverse-complement, 2,  10.98, 1.19, 0.93, 0.00, 0.50, 630, 292, 338, 44.8, , 1
C++, reverse-complement, 2,  11.02, 1.18, 0.92, 0.00, 0.50, 631, 306, 325, 44.8, , 1
C++, reverse-complement, 2,  10.97, 1.18, 0.92, 0.00, 0.50, 632, 275, 357, 44.8, , 1
C++, reverse-complement, 2,  10.93, 1.16, 0.90, 0.00, 0.50, 628, 269, 358, 44.5, , 1
C++, reverse-complement, 2,  11.12, 1.17, 0.91, 0.00, 0.50, 627, 294, 333, 44.5, , 1
C++, reverse-complement, 2,  10.98, 1.16, 0.90, 0.00, 0.50, 628, 321, 307, 44.8, , 1
C++, reverse-complement, 2,  10.93, 1.16, 0.90, 0.00, 0.50, 626, 285, 341, 44.8, , 1
C++, reverse-complement, 2,  10.99, 1.15, 0.89, 0.00, 0.50, 627, 290, 337, 44.8, , 1
C++, spectral-norm, 2,  29.14, 4.90, 4.33, 0.00, 0.82, 1601, 6378, 2, 44.5, , 1
C++, spectral-norm, 2,  29.14, 4.85, 4.29, 0.00, 0.82, 1598, 6368, 3, 44.5, , 1
C++, spectral-norm, 2,  29.06, 4.88, 4.32, 0.00, 0.82, 1599, 6369, 4, 45.0, , 1
C++, spectral-norm, 2,  29.06, 4.94, 4.38, 0.00, 0.81, 1596, 6362, 4, 44.8, , 1
C++, spectral-norm, 2,  29.20, 4.91, 4.34, 0.00, 0.82, 1598, 6365, 5, 45.0, , 1
C++, spectral-norm, 2,  29.12, 4.90, 4.33, 0.00, 0.82, 1595, 6358, 4, 44.8, , 1
C++, spectral-norm, 2,  29.34, 4.91, 4.34, 0.00, 0.82, 1597, 6365, 3, 45.2, , 1
C++, spectral-norm, 2,  29.27, 4.91, 4.35, 0.00, 0.82, 1597, 6368, 3, 44.8, , 1
C++, spectral-norm, 2,  29.26, 4.92, 4.35, 0.00, 0.82, 1595, 6356, 9, 45.2, , 1
C++, spectral-norm, 2,  29.28, 4.93, 4.36, 0.00, 0.82, 1597, 6366, 3, 45.0, , 1
C++, spectral-norm, 2,  36.70, 6.11, 5.40, 0.00, 1.02, 1995, 7274, 5, 45.0, , 1
C++, spectral-norm, 2,  28.91, 4.90, 4.34, 0.00, 0.82, 1599, 6372, 2, 45.0, , 1
C++, spectral-norm, 2,  28.67, 4.91, 4.34, 0.00, 0.82, 1598, 6370, 2, 45.2, , 1
C++, spectral-norm, 2,  28.68, 4.88, 4.32, 0.00, 0.82, 1596, 6363, 3, 45.2, , 1
C++, spectral-norm, 2,  28.77, 4.80, 4.24, 0.00, 0.82, 1597, 6365, 4, 44.8, , 1
C++, spectral-norm, 2,  28.83, 4.78, 4.21, 0.00, 0.82, 1601, 6377, 5, 44.8, , 1
C++, spectral-norm, 2,  28.61, 4.89, 4.32, 0.00, 0.82, 1599, 6374, 2, 44.8, , 1
C++, spectral-norm, 2,  28.69, 4.84, 4.28, 0.00, 0.82, 1596, 6363, 3, 44.8, , 1
C++, spectral-norm, 2,  28.78, 4.77, 4.21, 0.00, 0.82, 1596, 6361, 4, 44.8, , 1
C++, spectral-norm, 2,  28.77, 4.86, 4.29, 0.00, 0.82, 1599, 6373, 2, 45.2, , 1
Java, binary-trees, 2,  141.73, 24.95, 21.05, 0.00, 8.55, 7048, 17240, 3062, 44.5, , 1
Java, binary-trees, 2,  149.02, 27.32, 23.29, 0.00, 8.80, 7401, 18241, 3114, 44.5, , 1
Java, binary-trees, 2,  146.32, 26.95, 22.97, 0.00, 8.74, 7293, 18039, 3051, 45.0, , 1
Java, binary-trees, 2,  156.86, 28.68, 24.50, 0.00, 9.01, 7894, 18621, 4293, 44.8, , 1
Java, binary-trees, 2,  153.05, 27.49, 23.38, 0.00, 8.87, 7708, 18074, 4295, 44.8, , 1
Java, binary-trees, 2,  149.45, 27.47, 23.43, 0.00, 8.84, 7446, 18332, 3152, 45.0, , 1
Java, binary-trees, 2,  149.01, 27.00, 22.95, 0.00, 8.81, 7498, 17932, 3911, 45.0, , 1
Java, binary-trees, 2,  155.30, 28.20, 24.05, 0.00, 8.95, 7790, 18381, 4241, 45.0, , 1
Java, binary-trees, 2,  152.02, 26.83, 22.73, 0.00, 8.83, 7641, 17909, 4201, 45.0, , 1
Java, binary-trees, 2,  145.06, 26.07, 22.09, 0.00, 8.70, 7245, 17983, 3039, 45.0, , 1
Java, binary-trees, 2,  142.11, 25.24, 21.31, 0.00, 8.61, 7137, 17483, 3137, 44.8, , 1
Java, binary-trees, 2,  150.17, 26.11, 22.02, 0.00, 8.82, 7622, 17765, 4318, 44.8, , 1
Java, binary-trees, 2,  143.30, 25.70, 21.76, 0.00, 8.65, 7167, 17760, 3024, 44.8, , 1
Java, binary-trees, 2,  150.30, 26.40, 22.32, 0.00, 8.81, 7611, 17811, 4292, 45.0, , 1
Java, binary-trees, 2,  145.25, 25.79, 21.82, 0.00, 8.71, 7252, 17876, 3127, 44.8, , 1
Java, binary-trees, 2,  146.22, 26.22, 22.24, 0.00, 8.73, 7269, 17906, 3185, 45.0, , 1
Java, binary-trees, 2,  155.00, 27.48, 23.35, 0.00, 8.92, 7745, 18190, 4340, 45.0, , 1
Java, binary-trees, 2,  152.82, 26.96, 22.86, 0.00, 8.90, 7619, 18386, 3751, 45.5, , 1
Java, binary-trees, 2,  141.51, 24.96, 21.06, 0.00, 8.57, 7059, 17317, 3031, 45.2, , 1
Java, binary-trees, 2,  149.06, 26.16, 22.11, 0.00, 8.77, 7460, 17846, 3782, 45.2, , 1
Java, fannkuch-redux, 2,  670.38, 134.13, 121.35, 0.00, 18.13, 35484, 139752, 98, 45.0, , 1
Java, fannkuch-redux, 2,  696.49, 139.53, 126.22, 0.00, 18.78, 36779, 144985, 113, 45.5, , 1
Java, fannkuch-redux, 2,  698.13, 139.79, 126.53, 0.00, 18.72, 36661, 144897, 123, 45.2, , 1
Java, fannkuch-redux, 2,  685.64, 136.52, 123.62, 0.00, 18.30, 35843, 141438, 94, 45.8, , 1
Java, fannkuch-redux, 2,  666.49, 131.71, 119.17, 0.00, 17.80, 34858, 137090, 110, 45.0, , 1
Java, fannkuch-redux, 2,  740.25, 145.02, 131.05, 0.00, 19.88, 38913, 153602, 108, 45.2, , 1
Java, fannkuch-redux, 2,  676.88, 136.12, 123.45, 0.00, 18.07, 35385, 139850, 100, 45.8, , 1
Java, fannkuch-redux, 2,  688.94, 136.85, 124.00, 0.00, 18.38, 35984, 141793, 96, 45.5, , 1
Java, fannkuch-redux, 2,  676.50, 134.27, 121.64, 0.00, 18.02, 35260, 138894, 113, 45.8, , 1
Java, fannkuch-redux, 2,  710.30, 140.91, 127.62, 0.00, 18.94, 37050, 146185, 85, 45.2, , 1
Java, fannkuch-redux, 2,  707.04, 141.23, 127.87, 0.00, 19.03, 37243, 146257, 93, 45.5, , 1
Java, fannkuch-redux, 2,  694.25, 139.48, 126.28, 0.00, 18.80, 36787, 144937, 95, 45.2, , 1
Java, fannkuch-redux, 2,  691.47, 138.99, 125.85, 0.00, 18.77, 36750, 145073, 105, 45.8, , 1
Java, fannkuch-redux, 2,  666.71, 134.26, 121.61, 0.00, 18.02, 35269, 138897, 90, 45.2, , 1
Java, fannkuch-redux, 2,  696.00, 140.61, 127.42, 0.00, 18.80, 36791, 144922, 89, 45.5, , 1
Java, fannkuch-redux, 2,  700.19, 142.73, 129.48, 0.00, 18.96, 37114, 146139, 105, 46.0, , 1
Java, fannkuch-redux, 2,  679.33, 139.28, 126.47, 0.00, 18.35, 35913, 141459, 108, 46.0, , 1
Java, fannkuch-redux, 2,  698.08, 143.75, 130.54, 0.00, 18.95, 37087, 146168, 87, 45.8, , 1
Java, fannkuch-redux, 2,  712.76, 144.95, 131.57, 0.00, 19.14, 37466, 147914, 99, 45.0, , 1
Java, fannkuch-redux, 2,  678.19, 135.69, 122.95, 0.00, 18.13, 35493, 139874, 99, 45.5, , 1
Java, fasta, 2,  80.85, 13.56, 11.97, 0.00, 2.33, 4459, 13905, 177, 45.5, , 1
Java, fasta, 2,  80.97, 13.36, 11.77, 0.00, 2.34, 4472, 14161, 140, 45.5, , 1
Java, fasta, 2,  80.63, 13.16, 11.57, 0.00, 2.34, 4467, 13963, 163, 45.2, , 1
Java, fasta, 2,  81.24, 13.47, 11.87, 0.00, 2.35, 4484, 14135, 169, 45.8, , 1
Java, fasta, 2,  80.98, 13.35, 11.76, 0.00, 2.34, 4463, 14088, 172, 45.2, , 1
Java, fasta, 2,  80.93, 13.32, 11.74, 0.00, 2.34, 4466, 13974, 162, 45.5, , 1
Java, fasta, 2,  81.04, 13.35, 11.76, 0.00, 2.34, 4463, 14103, 170, 45.2, , 1
Java, fasta, 2,  81.36, 13.41, 11.82, 0.00, 2.33, 4458, 14017, 156, 45.2, , 1
Java, fasta, 2,  81.52, 13.22, 11.64, 0.00, 2.34, 4462, 14084, 155, 45.5, , 1
Java, fasta, 2,  81.46, 13.12, 11.53, 0.00, 2.34, 4473, 13961, 163, 45.5, , 1
Java, fasta, 2,  81.45, 13.10, 11.51, 0.00, 2.36, 4492, 14128, 163, 45.5, , 1
Java, fasta, 2,  81.63, 13.05, 11.46, 0.00, 2.36, 4483, 14102, 156, 45.5, , 1
Java, fasta, 2,  80.59, 12.94, 11.34, 0.00, 2.35, 4475, 14012, 173, 45.2, , 1
Java, fasta, 2,  80.41, 12.87, 11.28, 0.00, 2.34, 4469, 13994, 175, 45.5, , 1
Java, fasta, 2,  80.66, 12.75, 11.16, 0.00, 2.34, 4477, 14030, 157, 45.2, , 1
Java, fasta, 2,  80.44, 12.92, 11.33, 0.00, 2.33, 4450, 14044, 150, 45.2, , 1
Java, fasta, 2,  80.67, 12.82, 11.23, 0.00, 2.34, 4472, 14083, 157, 45.2, , 1
Java, fasta, 2,  80.44, 12.82, 11.24, 0.00, 2.33, 4469, 13972, 172, 45.5, , 1
Java, fasta, 2,  80.23, 13.01, 11.43, 0.00, 2.33, 4453, 13992, 166, 45.0, , 1
Java, fasta, 2,  80.39, 12.73, 11.15, 0.00, 2.34, 4467, 13925, 158, 45.8, , 1
Java, k-nucleotide, 2,  324.65, 58.38, 52.21, 0.00, 10.96, 17311, 56997, 802, 45.2, , 1
Java, k-nucleotide, 2,  320.25, 57.47, 51.37, 0.00, 10.79, 17098, 56265, 785, 45.5, , 1
Java, k-nucleotide, 2,  324.38, 59.34, 53.17, 0.00, 10.92, 17279, 56479, 779, 45.2, , 1
Java, k-nucleotide, 2,  318.04, 57.60, 51.50, 0.00, 10.81, 17079, 55660, 758, 45.5, , 1
Java, k-nucleotide, 2,  320.02, 59.17, 53.04, 0.00, 10.86, 17160, 56225, 707, 45.2, , 1
Java, k-nucleotide, 2,  309.79, 56.14, 50.18, 0.00, 10.56, 16660, 54408, 788, 45.5, , 1
Java, k-nucleotide, 2,  322.64, 57.51, 51.34, 0.00, 10.91, 17232, 56624, 781, 45.5, , 1
Java, k-nucleotide, 2,  320.76, 57.92, 51.77, 0.00, 10.88, 17238, 55861, 761, 45.5, , 1
Java, k-nucleotide, 2,  306.97, 55.39, 49.44, 0.00, 10.57, 16659, 53811, 743, 45.5, , 1
Java, k-nucleotide, 2,  318.79, 59.04, 52.92, 0.00, 10.86, 17157, 56203, 752, 45.0, , 1
Java, k-nucleotide, 2,  321.07, 58.89, 52.73, 0.00, 10.95, 17305, 56576, 782, 45.2, , 1
Java, k-nucleotide, 2,  308.40, 56.58, 50.64, 0.00, 10.55, 16580, 53763, 761, 45.2, , 1
Java, k-nucleotide, 2,  321.67, 58.80, 52.64, 0.00, 10.93, 17272, 56713, 796, 45.5, , 1
Java, k-nucleotide, 2,  322.86, 58.23, 52.06, 0.00, 10.94, 17277, 56743, 765, 45.0, , 1
Java, k-nucleotide, 2,  321.22, 58.01, 51.83, 0.00, 10.94, 17286, 56605, 779, 45.8, , 1
Java, k-nucleotide, 2,  320.96, 58.20, 52.02, 0.00, 10.96, 17328, 56761, 759, 45.5, , 1
Java, k-nucleotide, 2,  323.67, 59.86, 53.68, 0.00, 10.97, 17309, 56726, 763, 45.2, , 1
Java, k-nucleotide, 2,  318.68, 57.66, 51.54, 0.00, 10.85, 17137, 56022, 791, 45.5, , 1
Java, k-nucleotide, 2,  315.06, 57.64, 51.58, 0.00, 10.78, 17010, 55779, 768, 45.5, , 1
Java, k-nucleotide, 2,  322.18, 57.98, 51.76, 0.00, 11.00, 17430, 56988, 814, 44.8, , 1
Java, mandelbrot, 2,  261.17, 46.88, 41.75, 0.00, 7.42, 14375, 56503, 221, 45.2, , 1
Java, mandelbrot, 2,  259.74, 46.65, 41.55, 0.00, 7.37, 14296, 56206, 231, 45.5, , 1
Java, mandelbrot, 2,  261.07, 46.30, 41.20, 0.00, 7.38, 14315, 56300, 219, 45.0, , 1
Java, mandelbrot, 2,  264.01, 47.39, 42.25, 0.00, 7.43, 14410, 56676, 208, 45.2, , 1
Java, mandelbrot, 2,  263.50, 46.56, 41.46, 0.00, 7.39, 14331, 56359, 223, 45.5, , 1
Java, mandelbrot, 2,  263.30, 46.13, 41.04, 0.00, 7.37, 14291, 56172, 234, 45.2, , 1
Java, mandelbrot, 2,  263.42, 46.08, 40.98, 0.00, 7.38, 14325, 56328, 225, 45.2, , 1
Java, mandelbrot, 2,  266.91, 47.08, 41.97, 0.00, 7.40, 14339, 56326, 233, 45.0, , 1
Java, mandelbrot, 2,  262.92, 47.09, 41.98, 0.00, 7.38, 14315, 56306, 228, 45.0, , 1
Java, mandelbrot, 2,  270.17, 48.98, 43.74, 0.00, 7.58, 14702, 57865, 210, 45.2, , 1
Java, mandelbrot, 2,  263.05, 46.17, 41.07, 0.00, 7.37, 14302, 56292, 214, 45.0, , 1
Java, mandelbrot, 2,  266.56, 47.34, 42.22, 0.00, 7.41, 14372, 56527, 230, 45.2, , 1
Java, mandelbrot, 2,  264.43, 46.67, 41.56, 0.00, 7.39, 14323, 56301, 243, 45.5, , 1
Java, mandelbrot, 2,  263.80, 47.20, 42.09, 0.00, 7.39, 14320, 56304, 223, 45.2, , 1
Java, mandelbrot, 2,  270.44, 48.24, 43.02, 0.00, 7.56, 14661, 57658, 242, 45.2, , 1
Java, mandelbrot, 2,  265.27, 47.27, 42.16, 0.00, 7.39, 14323, 56326, 220, 45.2, , 1
Java, mandelbrot, 2,  265.20, 47.45, 42.32, 0.00, 7.42, 14382, 56521, 252, 45.2, , 1
Java, mandelbrot, 2,  263.32, 46.58, 41.48, 0.00, 7.38, 14307, 56265, 213, 45.0, , 1
Java, mandelbrot, 2,  262.71, 47.12, 42.02, 0.00, 7.37, 14301, 56223, 239, 45.2, , 1
Java, mandelbrot, 2,  264.01, 46.90, 41.80, 0.00, 7.38, 14311, 56243, 223, 45.5, , 1
Java, n-body, 2,  267.77, 31.51, 25.78, 0.00, 8.22, 16062, 16111, 73, 45.0, , 1
Java, n-body, 2,  264.32, 30.98, 25.37, 0.00, 8.08, 15794, 15856, 61, 44.8, , 1
Java, n-body, 2,  268.09, 31.09, 25.46, 0.00, 8.11, 15847, 15912, 57, 45.2, , 1
Java, n-body, 2,  276.12, 32.43, 26.57, 0.00, 8.42, 16464, 16520, 67, 44.5, , 1
Java, n-body, 2,  265.54, 31.39, 25.68, 0.00, 8.21, 16049, 16103, 73, 44.5, , 1
Java, n-body, 2,  263.66, 31.22, 25.57, 0.00, 8.14, 15918, 15961, 81, 44.8, , 1
Java, n-body, 2,  265.09, 31.32, 25.66, 0.00, 8.16, 15955, 16041, 76, 44.8, , 1
Java, n-body, 2,  264.33, 31.36, 25.68, 0.00, 8.18, 15992, 16044, 72, 44.5, , 1
Java, n-body, 2,  260.84, 30.89, 25.31, 0.00, 8.06, 15747, 15823, 84, 44.5, , 1
Java, n-body, 2,  260.67, 30.60, 25.06, 0.00, 7.98, 15595, 15647, 68, 44.8, , 1
Java, n-body, 2,  254.12, 29.81, 24.40, 0.00, 7.80, 15246, 15293, 72, 44.5, , 1
Java, n-body, 2,  250.82, 29.69, 24.32, 0.00, 7.75, 15132, 15181, 72, 44.5, , 1
Java, n-body, 2,  247.68, 29.24, 23.97, 0.00, 7.63, 14916, 14960, 73, 44.0, , 1
Java, n-body, 2,  252.28, 29.50, 24.16, 0.00, 7.70, 15044, 15128, 73, 44.5, , 1
Java, n-body, 2,  253.51, 29.84, 24.44, 0.00, 7.78, 15203, 15243, 79, 44.5, , 1
Java, n-body, 2,  254.59, 29.92, 24.50, 0.00, 7.81, 15260, 15305, 72, 44.5, , 1
Java, n-body, 2,  246.78, 29.03, 23.78, 0.00, 7.57, 14798, 14841, 76, 44.5, , 1
Java, n-body, 2,  251.09, 29.35, 24.05, 0.00, 7.67, 14978, 15028, 67, 44.2, , 1
Java, n-body, 2,  247.72, 28.99, 23.74, 0.00, 7.57, 14783, 14829, 73, 44.2, , 1
Java, n-body, 2,  248.25, 29.02, 23.76, 0.00, 7.60, 14843, 14933, 65, 44.5, , 1
Java, regex-redux, 2,  359.93, 63.24, 56.12, 0.00, 11.19, 19524, 58946, 1376, 44.8, , 1
Java, regex-redux, 2,  355.70, 61.71, 54.74, 0.00, 11.01, 19106, 57610, 1251, 44.2, , 1
Java, regex-redux, 2,  346.64, 59.96, 53.13, 0.00, 10.79, 18709, 56955, 1193, 44.5, , 1
Java, regex-redux, 2,  361.80, 61.91, 54.82, 0.00, 11.17, 19464, 59212, 1264, 44.5, , 1
Java, regex-redux, 2,  355.08, 61.59, 54.57, 0.00, 11.01, 19239, 57873, 1450, 44.2, , 1
Java, regex-redux, 2,  350.10, 62.37, 55.50, 0.00, 10.84, 18804, 58004, 1176, 44.5, , 1
Java, regex-redux, 2,  355.23, 61.45, 54.49, 0.00, 10.97, 19066, 57391, 1269, 44.2, , 1
Java, regex-redux, 2,  359.41, 62.19, 55.09, 0.00, 11.20, 19473, 58557, 1251, 44.8, , 1
Java, regex-redux, 2,  354.81, 62.39, 55.38, 0.00, 11.06, 19213, 58309, 1218, 44.2, , 1
Java, regex-redux, 2,  361.73, 62.70, 55.61, 0.00, 11.17, 19432, 59317, 1289, 44.5, , 1
Java, regex-redux, 2,  347.21, 61.83, 54.95, 0.00, 10.86, 18829, 57563, 1286, 44.8, , 1
Java, regex-redux, 2,  351.99, 62.13, 55.15, 0.00, 11.01, 19119, 58070, 1229, 44.5, , 1
Java, regex-redux, 2,  360.23, 63.51, 56.41, 0.00, 11.18, 19454, 59138, 1229, 44.2, , 1
Java, regex-redux, 2,  351.38, 62.01, 55.06, 0.00, 10.94, 19030, 57346, 1336, 44.5, , 1
Java, regex-redux, 2,  354.18, 63.38, 56.41, 0.00, 11.00, 19088, 58254, 1258, 44.5, , 1
Java, regex-redux, 2,  355.64, 62.76, 55.78, 0.00, 11.02, 19136, 57771, 1184, 44.8, , 1
Java, regex-redux, 2,  359.90, 63.97, 56.88, 0.00, 11.16, 19438, 59383, 1262, 44.8, , 1
Java, regex-redux, 2,  349.19, 63.04, 56.12, 0.00, 10.93, 18952, 57959, 1216, 45.0, , 1
Java, regex-redux, 2,  367.22, 66.83, 59.57, 0.00, 11.52, 19862, 58654, 1547, 44.8, , 1
Java, regex-redux, 2,  352.34, 62.87, 55.82, 0.00, 11.11, 19297, 58661, 1246, 44.8, , 1
Java, reverse-complement, 2,  53.01, 6.43, 5.21, 0.00, 2.15, 3156, 2407, 1329, 44.8, , 1
Java, reverse-complement, 2,  52.85, 6.41, 5.19, 0.00, 2.14, 3150, 2383, 1347, 44.8, , 1
Java, reverse-complement, 2,  53.00, 6.44, 5.21, 0.00, 2.16, 3158, 2386, 1351, 44.2, , 1
Java, reverse-complement, 2,  53.01, 6.39, 5.16, 0.00, 2.15, 3146, 2343, 1385, 44.5, , 1
Java, reverse-complement, 2,  52.99, 6.31, 5.09, 0.00, 2.15, 3153, 2366, 1366, 44.8, , 1
Java, reverse-complement, 2,  53.21, 6.34, 5.11, 0.00, 2.16, 3157, 2406, 1323, 44.8, , 1
Java, reverse-complement, 2,  53.28, 6.43, 5.21, 0.00, 2.15, 3154, 2376, 1358, 44.8, , 1
Java, reverse-complement, 2,  53.48, 6.41, 5.19, 0.00, 2.15, 3148, 2333, 1394, 44.5, , 1
Java, reverse-complement, 2,  53.34, 6.36, 5.14, 0.00, 2.14, 3128, 2385, 1354, 44.8, , 1
Java, reverse-complement, 2,  53.93, 6.36, 5.13, 0.00, 2.16, 3153, 2349, 1384, 44.5, , 1
Java, reverse-complement, 2,  53.66, 6.42, 5.20, 0.00, 2.15, 3154, 2345, 1389, 44.5, , 1
Java, reverse-complement, 2,  53.20, 6.30, 5.08, 0.00, 2.14, 3128, 2333, 1374, 44.2, , 1
Java, reverse-complement, 2,  53.14, 6.17, 4.96, 0.00, 2.14, 3129, 2364, 1345, 44.5, , 1
Java, reverse-complement, 2,  53.71, 6.32, 5.09, 0.00, 2.16, 3152, 2306, 1417, 44.5, , 1
Java, reverse-complement, 2,  53.38, 6.25, 5.04, 0.00, 2.15, 3135, 2345, 1363, 44.5, , 1
Java, reverse-complement, 2,  53.54, 6.29, 5.07, 0.00, 2.15, 3143, 2361, 1362, 44.5, , 1
Java, reverse-complement, 2,  54.05, 6.40, 5.17, 0.00, 2.16, 3155, 2378, 1360, 44.2, , 1
Java, reverse-complement, 2,  53.46, 6.28, 5.07, 0.00, 2.15, 3132, 2353, 1360, 44.2, , 1
Java, reverse-complement, 2,  53.39, 6.28, 5.06, 0.00, 2.15, 3145, 2359, 1366, 44.2, , 1
Java, reverse-complement, 2,  53.72, 6.48, 5.25, 0.00, 2.16, 3154, 2363, 1371, 44.0, , 1
Java, spectral-norm, 2,  42.53, 7.62, 6.80, 0.00, 1.21, 2317, 8423, 131, 44.5, , 1
Java, spectral-norm, 2,  43.11, 7.71, 6.86, 0.00, 1.23, 2357, 8527, 129, 44.5, , 1
Java, spectral-norm, 2,  42.83, 7.56, 6.73, 0.00, 1.22, 2337, 8443, 143, 44.8, , 1
Java, spectral-norm, 2,  43.37, 7.52, 6.67, 0.00, 1.24, 2364, 8525, 143, 44.8, , 1
Java, spectral-norm, 2,  43.18, 7.61, 6.76, 0.00, 1.24, 2365, 8514, 147, 44.5, , 1
Java, spectral-norm, 2,  42.99, 7.62, 6.78, 0.00, 1.23, 2351, 8525, 130, 45.0, , 1
Java, spectral-norm, 2,  43.20, 7.61, 6.77, 0.00, 1.23, 2356, 8517, 135, 44.2, , 1
Java, spectral-norm, 2,  43.51, 7.75, 6.90, 0.00, 1.24, 2365, 8530, 148, 44.8, , 1
Java, spectral-norm, 2,  43.77, 7.77, 6.92, 0.00, 1.24, 2364, 8527, 157, 44.5, , 1
Java, spectral-norm, 2,  43.49, 7.77, 6.93, 0.00, 1.23, 2354, 8477, 159, 44.5, , 1
Java, spectral-norm, 2,  43.64, 7.63, 6.79, 0.00, 1.24, 2359, 8524, 149, 44.5, , 1
Java, spectral-norm, 2,  43.43, 7.66, 6.82, 0.00, 1.23, 2353, 8514, 141, 44.8, , 1
Java, spectral-norm, 2,  43.74, 7.75, 6.90, 0.00, 1.24, 2371, 8572, 129, 44.5, , 1
Java, spectral-norm, 2,  43.15, 7.70, 6.86, 0.00, 1.23, 2346, 8492, 151, 44.2, , 1
Java, spectral-norm, 2,  43.23, 7.73, 6.89, 0.00, 1.23, 2350, 8518, 135, 44.5, , 1
Java, spectral-norm, 2,  43.22, 7.72, 6.88, 0.00, 1.24, 2361, 8519, 146, 44.5, , 1
Java, spectral-norm, 2,  43.06, 7.78, 6.93, 0.00, 1.24, 2357, 8548, 140, 44.5, , 1
Java, spectral-norm, 2,  43.09, 7.72, 6.88, 0.00, 1.24, 2361, 8536, 138, 44.5, , 1
Java, spectral-norm, 2,  42.98, 7.64, 6.80, 0.00, 1.24, 2356, 8505, 142, 45.0, , 1
Java, spectral-norm, 2,  43.14, 7.75, 6.91, 0.00, 1.24, 2359, 8522, 133, 45.0, , 1
Python, binary-trees, 2,  2468.92, 494.85, 446.41, 0.00, 86.22, 126737, 445170, 8617, 44.8, , 1
Python, binary-trees, 2,  2429.08, 496.39, 448.32, 0.00, 84.99, 124829, 437996, 8623, 45.5, , 1
Python, binary-trees, 2,  2408.83, 490.54, 442.51, 0.00, 85.34, 125024, 438171, 8504, 45.0, , 1
Python, binary-trees, 2,  2407.06, 486.42, 438.52, 0.00, 85.14, 124819, 437981, 8753, 45.5, , 1
Python, binary-trees, 2,  2427.89, 486.68, 438.79, 0.00, 85.50, 125122, 438848, 8552, 45.5, , 1
Python, binary-trees, 2,  2437.66, 490.28, 442.43, 0.00, 85.17, 124831, 437532, 8506, 45.5, , 1
Python, binary-trees, 2,  2448.81, 496.81, 448.67, 0.00, 85.61, 125588, 438989, 8523, 45.5, , 1
Python, binary-trees, 2,  2432.06, 490.56, 442.32, 0.00, 85.54, 125605, 439668, 8469, 45.5, , 1
Python, binary-trees, 2,  2413.75, 487.45, 439.73, 0.00, 85.29, 124728, 437125, 8681, 45.8, , 1
Python, binary-trees, 2,  2446.82, 496.83, 448.49, 0.00, 85.68, 125753, 441778, 8604, 46.0, , 1
Python, binary-trees, 2,  2448.11, 487.92, 439.95, 0.00, 85.50, 125167, 439036, 8548, 45.5, , 1
Python, binary-trees, 2,  2435.23, 487.57, 439.70, 0.00, 85.36, 124820, 437357, 8573, 45.8, , 1
Python, binary-trees, 2,  2426.41, 491.51, 443.34, 0.00, 85.44, 125350, 440009, 8627, 45.5, , 1
Python, binary-trees, 2,  2417.55, 490.11, 442.17, 0.00, 85.33, 124759, 437583, 8580, 45.8, , 1
Python, binary-trees, 2,  2436.47, 491.32, 443.56, 0.00, 85.52, 124850, 437643, 8507, 45.8, , 1
Python, binary-trees, 2,  2440.31, 485.21, 437.06, 0.00, 85.24, 125344, 439715, 8627, 46.0, , 1
Python, binary-trees, 2,  2432.42, 485.07, 437.02, 0.00, 85.64, 125437, 438205, 8524, 45.5, , 1
Python, binary-trees, 2,  2424.87, 484.49, 436.49, 0.00, 85.31, 125109, 438494, 8550, 45.8, , 1
Python, binary-trees, 2,  2424.52, 483.18, 435.28, 0.00, 85.45, 125079, 437811, 8558, 45.5, , 1
Python, binary-trees, 2,  2432.89, 485.81, 438.00, 0.00, 85.24, 124719, 437499, 8415, 45.8, , 1
Python, fannkuch-redux, 2,  20526.24, 4359.75, 3981.70, 0.00, 542.45, 1063440, 4188581, 405, 45.5, , 1
Python, fannkuch-redux, 2,  20371.44, 4311.72, 3935.37, 0.00, 539.86, 1058376, 4176653, 224, 45.0, , 1
Python, fannkuch-redux, 2,  20456.90, 4372.52, 3994.36, 0.00, 541.84, 1062251, 4186417, 307, 45.0, , 1
Python, fannkuch-redux, 2,  20786.60, 4468.39, 4085.55, 0.00, 548.60, 1075511, 4219721, 263, 45.0, , 1
Python, fannkuch-redux, 2,  20555.01, 4419.36, 4042.12, 0.00, 540.63, 1059833, 4184732, 271, 45.5, , 1
Python, fannkuch-redux, 2,  20507.58, 4447.21, 4069.15, 0.00, 541.56, 1061673, 4190432, 271, 45.0, , 1
Python, fannkuch-redux, 2,  20508.79, 4440.77, 4062.43, 0.00, 542.28, 1063019, 4203756, 304, 45.5, , 1
Python, fannkuch-redux, 2,  20687.66, 4448.71, 4067.37, 0.00, 546.75, 1071551, 4205096, 318, 45.0, , 1
Python, fannkuch-redux, 2,  20454.78, 4368.42, 3990.36, 0.00, 542.00, 1062123, 4190860, 404, 45.5, , 1
Python, fannkuch-redux, 2,  20426.32, 4384.15, 4007.30, 0.00, 540.62, 1059502, 4185866, 331, 45.2, , 1
Python, fannkuch-redux, 2,  20522.70, 4402.69, 4024.21, 0.00, 543.40, 1064955, 4197010, 339, 45.0, , 1
Python, fannkuch-redux, 2,  20406.79, 4351.80, 3976.31, 0.00, 539.12, 1056617, 4180785, 305, 45.2, , 1
Python, fannkuch-redux, 2,  20393.06, 4274.42, 3898.71, 0.00, 539.84, 1058008, 4169842, 275, 45.2, , 1
Python, fannkuch-redux, 2,  20603.81, 4404.66, 4025.42, 0.00, 543.76, 1065675, 4214406, 308, 45.2, , 1
Python, fannkuch-redux, 2,  20447.29, 4301.92, 3923.72, 0.00, 542.71, 1063570, 4188396, 368, 45.0, , 1
Python, fannkuch-redux, 2,  20298.35, 4285.66, 3909.98, 0.00, 539.64, 1057450, 4168372, 323, 45.0, , 1
Python, fannkuch-redux, 2,  20592.16, 4348.65, 3969.30, 0.00, 544.55, 1067148, 4214895, 343, 45.5, , 1
Python, fannkuch-redux, 2,  20515.52, 4277.54, 3901.72, 0.00, 539.97, 1058232, 4195112, 351, 45.0, , 1
Python, fannkuch-redux, 2,  20685.68, 4370.19, 3989.25, 0.00, 547.40, 1072691, 4239342, 314, 45.0, , 1
Python, fannkuch-redux, 2,  20384.50, 4347.21, 3969.92, 0.00, 541.60, 1061472, 4176253, 293, 45.2, , 1
Python, fasta, 2,  3011.06, 358.71, 293.59, 0.00, 93.02, 182355, 182270, 83, 44.0, , 1
Python, fasta, 2,  3004.16, 353.41, 289.29, 0.00, 91.67, 179686, 179585, 97, 44.0, , 1
Python, fasta, 2,  2908.20, 341.59, 279.65, 0.00, 88.62, 173717, 173607, 94, 43.8, , 1
Python, fasta, 2,  2858.92, 337.83, 276.59, 0.00, 87.65, 171834, 171713, 104, 43.8, , 1
Python, fasta, 2,  2949.10, 346.40, 283.66, 0.00, 89.89, 176219, 176091, 117, 43.5, , 1
Python, fasta, 2,  2962.24, 346.04, 283.42, 0.00, 89.81, 176064, 175932, 119, 43.8, , 1
Python, fasta, 2,  2838.77, 334.81, 274.27, 0.00, 86.93, 170408, 170281, 115, 43.5, , 1
Python, fasta, 2,  2799.43, 329.24, 269.76, 0.00, 85.53, 167632, 167486, 133, 43.2, , 1
Python, fasta, 2,  2959.91, 346.79, 283.99, 0.00, 89.97, 176332, 176210, 109, 43.0, , 1
Python, fasta, 2,  2860.30, 334.29, 273.91, 0.00, 86.87, 170233, 170100, 120, 42.8, , 1
Python, fasta, 2,  2881.03, 338.72, 277.51, 0.00, 87.97, 172404, 172266, 125, 43.5, , 1
Python, fasta, 2,  2910.52, 339.85, 278.57, 0.00, 88.28, 173012, 172913, 96, 43.0, , 1
Python, fasta, 2,  2844.49, 330.78, 271.28, 0.00, 85.97, 168498, 168402, 94, 43.2, , 1
Python, fasta, 2,  3070.26, 380.87, 315.84, 0.00, 96.45, 181505, 181289, 188, 43.8, , 1
Python, fasta, 2,  2942.03, 347.53, 284.37, 0.00, 90.14, 176650, 176544, 94, 43.0, , 1
Python, fasta, 2,  2879.27, 334.54, 274.11, 0.00, 86.90, 170302, 170169, 123, 43.2, , 1
Python, fasta, 2,  2847.63, 333.06, 272.89, 0.00, 86.50, 169530, 169412, 107, 43.2, , 1
Python, fasta, 2,  2880.19, 337.97, 277.11, 0.00, 87.82, 172107, 172009, 94, 43.2, , 1
Python, fasta, 2,  2925.93, 340.83, 279.24, 0.00, 88.52, 173478, 173380, 87, 43.2, , 1
Python, fasta, 2,  2869.66, 333.04, 272.90, 0.00, 86.51, 169542, 169424, 106, 43.0, , 1
Python, k-nucleotide, 2,  2714.95, 569.20, 519.37, 0.00, 102.44, 138553, 540674, 2163, 44.8, , 1
Python, k-nucleotide, 2,  2756.26, 570.45, 520.26, 0.00, 103.22, 139472, 540973, 2384, 44.8, , 1
Python, k-nucleotide, 2,  2744.96, 558.20, 508.29, 0.00, 102.79, 138488, 538920, 2172, 44.8, , 1
Python, k-nucleotide, 2,  2725.72, 563.04, 513.39, 0.00, 102.34, 138047, 538446, 2123, 45.5, , 1
Python, k-nucleotide, 2,  2754.55, 571.38, 521.03, 0.00, 103.40, 139916, 546809, 2155, 45.2, , 1
Python, k-nucleotide, 2,  2740.05, 568.27, 518.33, 0.00, 102.79, 138835, 540932, 2258, 45.2, , 1
Python, k-nucleotide, 2,  2791.01, 573.48, 522.89, 0.00, 104.00, 140696, 544930, 2377, 45.2, , 1
Python, k-nucleotide, 2,  2746.44, 568.37, 518.40, 0.00, 102.68, 138827, 541082, 2301, 46.0, , 1
Python, k-nucleotide, 2,  2780.57, 579.85, 528.97, 0.00, 104.26, 141505, 549999, 2220, 45.5, , 1
Python, k-nucleotide, 2,  2773.66, 568.86, 518.48, 0.00, 103.72, 139892, 544043, 2292, 45.5, , 1
Python, k-nucleotide, 2,  2772.41, 563.01, 512.70, 0.00, 103.82, 139674, 543391, 2339, 45.8, , 1
Python, k-nucleotide, 2,  2770.83, 557.17, 506.86, 0.00, 103.62, 139598, 543587, 2148, 46.0, , 1
Python, k-nucleotide, 2,  2735.24, 564.47, 514.50, 0.00, 103.09, 138867, 541301, 2226, 45.8, , 1
Python, k-nucleotide, 2,  2757.32, 563.89, 513.48, 0.00, 103.72, 140027, 545609, 2306, 45.8, , 1
Python, k-nucleotide, 2,  2769.38, 565.07, 515.07, 0.00, 103.15, 138936, 541721, 2172, 45.5, , 1
Python, k-nucleotide, 2,  2794.38, 569.70, 519.25, 0.00, 103.65, 140200, 546016, 2351, 46.0, , 1
Python, k-nucleotide, 2,  2756.26, 568.75, 518.63, 0.00, 103.01, 139409, 542926, 2141, 45.8, , 1
Python, k-nucleotide, 2,  2751.96, 570.82, 520.45, 0.00, 103.33, 139877, 543128, 2234, 45.8, , 1
Python, k-nucleotide, 2,  2757.30, 568.08, 517.99, 0.00, 103.25, 139151, 542058, 2260, 45.8, , 1
Python, k-nucleotide, 2,  2756.26, 567.94, 518.00, 0.00, 102.70, 138836, 541370, 2025, 45.8, , 1
Python, mandelbrot, 2,  8879.36, 1972.02, 1810.59, 0.00, 231.76, 453930, 1809100, 3525, 46.2, , 1
Python, mandelbrot, 2,  8795.21, 1944.27, 1784.75, 0.00, 228.93, 448408, 1787059, 3439, 45.8, , 1
Python, mandelbrot, 2,  8775.37, 1963.05, 1803.14, 0.00, 229.48, 449475, 1791688, 3441, 45.8, , 1
Python, mandelbrot, 2,  8813.93, 1966.12, 1805.73, 0.00, 230.14, 450758, 1796430, 3510, 46.2, , 1
Python, mandelbrot, 2,  8833.52, 1958.24, 1798.06, 0.00, 229.82, 450168, 1793961, 3608, 46.0, , 1
Python, mandelbrot, 2,  8787.33, 1954.06, 1794.56, 0.00, 228.87, 448331, 1786619, 3526, 46.0, , 1
Python, mandelbrot, 2,  8768.97, 1927.33, 1768.02, 0.00, 228.63, 447899, 1785682, 3427, 46.0, , 1
Python, mandelbrot, 2,  8832.75, 1982.86, 1821.93, 0.00, 231.00, 452438, 1803151, 3512, 46.0, , 1
Python, mandelbrot, 2,  8869.79, 1986.98, 1826.62, 0.00, 230.12, 450654, 1796010, 3442, 45.8, , 1
Python, mandelbrot, 2,  8864.11, 1978.25, 1818.34, 0.00, 229.52, 449562, 1791789, 3392, 45.8, , 1
Python, mandelbrot, 2,  8876.33, 1981.39, 1821.04, 0.00, 230.22, 450727, 1796146, 3546, 45.8, , 1
Python, mandelbrot, 2,  8902.95, 2003.78, 1842.92, 0.00, 230.81, 451978, 1801292, 3359, 45.5, , 1
Python, mandelbrot, 2,  8912.75, 2015.77, 1853.98, 0.00, 232.17, 454711, 1812194, 3437, 45.5, , 1
Python, mandelbrot, 2,  8775.72, 1967.57, 1808.10, 0.00, 228.90, 448269, 1786304, 3608, 46.0, , 1
Python, mandelbrot, 2,  8732.37, 1968.23, 1809.83, 0.00, 227.52, 445553, 1776037, 3549, 45.8, , 1
Python, mandelbrot, 2,  8837.35, 1982.29, 1821.94, 0.00, 230.39, 451196, 1798137, 3482, 45.5, , 1
Python, mandelbrot, 2,  8831.98, 1951.89, 1791.18, 0.00, 230.81, 451921, 1800697, 3523, 46.0, , 1
Python, mandelbrot, 2,  8894.54, 1967.58, 1805.74, 0.00, 232.51, 455366, 1814681, 3570, 45.8, , 1
Python, mandelbrot, 2,  8839.98, 1954.50, 1793.89, 0.00, 230.66, 451720, 1800536, 3561, 45.8, , 1
Python, mandelbrot, 2,  8829.49, 1979.60, 1819.17, 0.00, 230.43, 451276, 1798417, 3481, 45.8, , 1
Python, n-body, 2,  17780.97, 2101.10, 1720.49, 0.00, 544.99, 1068442, 1068286, 112, 42.8, , 1
Python, n-body, 2,  18446.84, 2192.43, 1796.01, 0.00, 568.35, 1114261, 1114236, 10, 42.2, , 1
Python, n-body, 2,  18371.17, 2205.74, 1809.90, 0.00, 567.92, 1110963, 1110928, 9, 42.5, , 1
Python, n-body, 2,  18789.31, 2229.57, 1826.05, 0.00, 578.25, 1133744, 1133652, 11, 42.2, , 1
Python, n-body, 2,  17933.57, 2126.97, 1741.82, 0.00, 551.90, 1082041, 1081978, 13, 42.8, , 1
Python, n-body, 2,  18029.48, 2143.11, 1755.37, 0.00, 555.86, 1089729, 1089714, 13, 42.8, , 1
Python, n-body, 2,  18455.49, 2205.09, 1807.87, 0.00, 569.25, 1116061, 1116021, 11, 42.2, , 1
Python, n-body, 2,  18547.32, 2216.51, 1816.93, 0.00, 573.40, 1123986, 1123911, 14, 43.0, , 1
Python, n-body, 2,  18728.82, 2284.13, 1880.88, 0.00, 580.25, 1131836, 1131708, 34, 43.0, , 1
Python, n-body, 2,  18529.90, 2202.95, 1805.44, 0.00, 570.64, 1118473, 1118190, 216, 43.0, , 1
Python, n-body, 2,  18505.68, 2205.50, 1807.38, 0.00, 571.45, 1120106, 1119928, 107, 43.2, , 1
Python, n-body, 2,  18187.85, 2168.48, 1776.77, 0.00, 561.41, 1100418, 1100252, 95, 43.5, , 1
Python, n-body, 2,  18365.39, 2179.31, 1784.97, 0.00, 565.79, 1109012, 1108887, 40, 43.8, , 1
Python, n-body, 2,  18385.82, 2174.69, 1781.52, 0.00, 563.39, 1104291, 1104171, 32, 43.8, , 1
Python, n-body, 2,  18583.49, 2175.18, 1781.49, 0.00, 564.20, 1105889, 1105769, 28, 43.2, , 1
Python, n-body, 2,  18557.62, 2155.11, 1765.44, 0.00, 559.29, 1096272, 1096234, 10, 43.8, , 1
Python, n-body, 2,  18723.87, 2180.25, 1787.34, 0.00, 563.80, 1105056, 1105032, 12, 44.0, , 1
Python, n-body, 2,  17389.45, 2013.13, 1647.93, 0.00, 522.50, 1024086, 1024052, 13, 43.8, , 1
Python, n-body, 2,  17998.07, 2084.93, 1707.44, 0.00, 541.19, 1060712, 1060463, 156, 43.8, , 1
Python, n-body, 2,  18482.80, 2135.59, 1749.73, 0.00, 554.60, 1087049, 1087004, 15, 43.8, , 1
Python, regex-redux, 2,  579.51, 81.62, 69.71, 0.00, 18.04, 33032, 57346, 2010, 44.2, , 1
Python, regex-redux, 2,  581.85, 81.14, 69.26, 0.00, 18.03, 32999, 57326, 2086, 44.2, , 1
Python, regex-redux, 2,  587.19, 80.56, 68.62, 0.00, 18.14, 33184, 57868, 2102, 43.5, , 1
Python, regex-redux, 2,  582.67, 81.45, 69.54, 0.00, 18.05, 33015, 57283, 2048, 44.0, , 1
Python, regex-redux, 2,  580.21, 81.41, 69.53, 0.00, 18.04, 33019, 57462, 1951, 44.2, , 1
Python, regex-redux, 2,  579.47, 80.67, 68.80, 0.00, 18.03, 32982, 57351, 2021, 44.0, , 1
Python, regex-redux, 2,  583.37, 80.70, 68.80, 0.00, 18.08, 33091, 57754, 2057, 44.0, , 1
Python, regex-redux, 2,  580.81, 81.25, 69.34, 0.00, 18.04, 33032, 57443, 1996, 44.5, , 1
Python, regex-redux, 2,  579.94, 80.44, 68.55, 0.00, 18.04, 32987, 57286, 2056, 44.2, , 1
Python, regex-redux, 2,  580.85, 80.21, 68.31, 0.00, 18.08, 33071, 57400, 2008, 44.2, , 1
Python, regex-redux, 2,  576.36, 80.60, 68.70, 0.00, 18.04, 32993, 57256, 2051, 43.8, , 1
Python, regex-redux, 2,  580.39, 82.16, 70.22, 0.00, 18.05, 33024, 57326, 2060, 44.5, , 1
Python, regex-redux, 2,  579.59, 81.16, 69.24, 0.00, 18.07, 33042, 57410, 2000, 44.2, , 1
Python, regex-redux, 2,  584.32, 82.59, 70.60, 0.00, 18.17, 33229, 57818, 2064, 44.2, , 1
Python, regex-redux, 2,  585.15, 81.80, 69.84, 0.00, 18.16, 33210, 57632, 2012, 44.5, , 1
Python, regex-redux, 2,  578.42, 80.85, 68.96, 0.00, 18.04, 33008, 57453, 1986, 44.2, , 1
Python, regex-redux, 2,  580.23, 81.42, 69.53, 0.00, 18.00, 32944, 57271, 2059, 44.2, , 1
Python, regex-redux, 2,  578.76, 81.07, 69.18, 0.00, 18.04, 32978, 57352, 1965, 44.5, , 1
Python, regex-redux, 2,  580.98, 79.91, 68.03, 0.00, 18.05, 33009, 57281, 2061, 44.5, , 1
Python, regex-redux, 2,  602.71, 83.16, 70.82, 0.00, 18.73, 34326, 59233, 2010, 44.2, , 1
Python, reverse-complement, 2,  114.84, 14.67, 12.30, 0.00, 3.89, 6505, 8125, 1828, 44.2, , 1
Python, reverse-complement, 2,  114.34, 15.11, 12.74, 0.00, 3.90, 6522, 8076, 1899, 44.2, , 1
Python, reverse-complement, 2,  114.35, 15.22, 12.83, 0.00, 3.90, 6540, 8018, 1971, 44.5, , 1
Python, reverse-complement, 2,  113.88, 15.15, 12.77, 0.00, 3.89, 6519, 8181, 1796, 44.5, , 1
Python, reverse-complement, 2,  114.56, 15.14, 12.76, 0.00, 3.91, 6550, 8077, 1939, 44.8, , 1
Python, reverse-complement, 2,  113.88, 15.18, 12.80, 0.00, 3.89, 6521, 8175, 1791, 44.2, , 1
Python, reverse-complement, 2,  113.81, 15.07, 12.70, 0.00, 3.88, 6500, 8093, 1846, 44.5, , 1
Python, reverse-complement, 2,  114.01, 15.11, 12.74, 0.00, 3.89, 6515, 8083, 1871, 44.0, , 1
Python, reverse-complement, 2,  114.26, 15.24, 12.86, 0.00, 3.89, 6523, 8089, 1901, 44.2, , 1
Python, reverse-complement, 2,  115.05, 15.30, 12.91, 0.00, 3.90, 6536, 8145, 1855, 44.5, , 1
Python, reverse-complement, 2,  115.69, 15.24, 12.86, 0.00, 3.91, 6545, 8033, 1956, 44.5, , 1
Python, reverse-complement, 2,  116.84, 15.29, 12.91, 0.00, 3.90, 6536, 8066, 1915, 44.5, , 1
Python, reverse-complement, 2,  114.63, 15.31, 12.93, 0.00, 3.90, 6529, 8091, 1888, 44.0, , 1
Python, reverse-complement, 2,  114.07, 15.22, 12.84, 0.00, 3.89, 6517, 8024, 1928, 44.8, , 1
Python, reverse-complement, 2,  113.81, 15.43, 13.06, 0.00, 3.89, 6504, 8060, 1898, 44.2, , 1
Python, reverse-complement, 2,  114.43, 15.35, 12.96, 0.00, 3.90, 6526, 8117, 1858, 44.2, , 1
Python, reverse-complement, 2,  114.89, 15.33, 12.94, 0.00, 3.91, 6545, 8147, 1853, 44.5, , 1
Python, reverse-complement, 2,  114.46, 15.38, 12.99, 0.00, 3.91, 6536, 8199, 1796, 44.5, , 1
Python, reverse-complement, 2,  115.05, 15.50, 13.11, 0.00, 3.90, 6522, 8106, 1872, 44.5, , 1
Python, reverse-complement, 2,  114.48, 15.39, 13.01, 0.00, 3.90, 6523, 8162, 1810, 44.2, , 1
Python, spectral-norm, 2,  6708.74, 1445.75, 1324.67, 0.00, 174.33, 341089, 1358126, 421, 45.8, , 1
Python, spectral-norm, 2,  6702.71, 1437.90, 1316.95, 0.00, 174.06, 340490, 1355053, 413, 46.5, , 1
Python, spectral-norm, 2,  6735.03, 1438.50, 1317.64, 0.00, 173.98, 340437, 1357102, 415, 46.5, , 1
Python, spectral-norm, 2,  6790.44, 1457.33, 1335.21, 0.00, 175.76, 343924, 1370238, 463, 46.0, , 1
Python, spectral-norm, 2,  6773.81, 1451.03, 1329.44, 0.00, 174.93, 342298, 1364234, 388, 46.5, , 1
Python, spectral-norm, 2,  6790.29, 1453.77, 1332.08, 0.00, 174.88, 342209, 1363366, 390, 46.2, , 1
Python, spectral-norm, 2,  6744.93, 1445.15, 1324.25, 0.00, 173.91, 340284, 1355370, 403, 46.2, , 1
Python, spectral-norm, 2,  6766.28, 1445.95, 1324.79, 0.00, 174.23, 340879, 1357392, 430, 46.5, , 1
Python, spectral-norm, 2,  6833.87, 1454.42, 1331.87, 0.00, 176.29, 344896, 1373794, 417, 46.8, , 1
Python, spectral-norm, 2,  6789.86, 1450.23, 1328.08, 0.00, 175.73, 343790, 1370777, 419, 46.2, , 1
Python, spectral-norm, 2,  6858.39, 1461.14, 1337.93, 0.00, 177.28, 346822, 1381003, 377, 46.8, , 1
Python, spectral-norm, 2,  6745.44, 1444.92, 1323.64, 0.00, 174.51, 341208, 1358953, 470, 46.2, , 1
Python, spectral-norm, 2,  6827.94, 1461.43, 1338.80, 0.00, 176.38, 345056, 1373425, 392, 46.5, , 1
Python, spectral-norm, 2,  6792.74, 1455.02, 1333.20, 0.00, 175.29, 342931, 1363773, 390, 46.8, , 1
Python, spectral-norm, 2,  6841.86, 1468.44, 1346.04, 0.00, 176.17, 344582, 1373457, 432, 46.5, , 1
Python, spectral-norm, 2,  6767.23, 1448.67, 1327.46, 0.00, 174.53, 341362, 1359420, 413, 46.5, , 1
Python, spectral-norm, 2,  6785.07, 1454.39, 1332.74, 0.00, 175.01, 342380, 1362915, 421, 46.5, , 1
Python, spectral-norm, 2,  6823.30, 1461.26, 1339.02, 0.00, 175.81, 343987, 1370591, 393, 46.2, , 1
Python, spectral-norm, 2,  6786.01, 1450.13, 1328.63, 0.00, 174.86, 342121, 1362227, 352, 46.2, , 1
Python, spectral-norm, 2,  6738.17, 1443.97, 1323.14, 0.00, 173.87, 340147, 1354906, 380, 46.5, , 1
C, binary-trees, 4,  84.18, 14.14, 12.45, 0.00, 3.22, 4391, 11646, 902, 45.8, , 1
C, binary-trees, 4,  76.81, 14.13, 12.61, 0.00, 2.97, 3914, 11157, 696, 46.2, , 1
C, binary-trees, 4,  70.20, 13.85, 12.49, 0.00, 2.73, 3491, 10842, 514, 46.2, , 1
C, binary-trees, 4,  70.64, 14.03, 12.65, 0.00, 2.74, 3523, 10887, 523, 46.8, , 1
C, binary-trees, 4,  71.16, 14.09, 12.70, 0.00, 2.76, 3548, 10939, 516, 46.5, , 1
C, binary-trees, 4,  70.96, 14.04, 12.66, 0.00, 2.76, 3540, 10917, 527, 46.8, , 1
C, binary-trees, 4,  70.32, 13.92, 12.55, 0.00, 2.73, 3510, 10881, 510, 46.8, , 1
C, binary-trees, 4,  69.88, 13.82, 12.45, 0.00, 2.78, 3481, 10849, 482, 46.5, , 1
C, binary-trees, 4,  70.28, 13.91, 12.54, 0.00, 2.73, 3504, 10894, 506, 46.5, , 1
C, binary-trees, 4,  70.43, 13.95, 12.57, 0.00, 2.73, 3504, 10872, 495, 46.5, , 1
C, binary-trees, 4,  71.11, 14.11, 12.72, 0.00, 2.78, 3563, 10977, 507, 46.8, , 1
C, binary-trees, 4,  70.50, 14.04, 12.65, 0.00, 2.76, 3531, 10885, 518, 46.5, , 1
C, binary-trees, 4,  70.67, 14.06, 12.67, 0.00, 2.76, 3542, 10939, 521, 46.5, , 1
C, binary-trees, 4,  70.24, 13.89, 12.51, 0.00, 2.75, 3511, 10893, 491, 46.5, , 1
C, binary-trees, 4,  69.79, 13.81, 12.45, 0.00, 2.72, 3474, 10835, 487, 46.5, , 1
C, binary-trees, 4,  70.69, 13.77, 12.40, 0.00, 2.76, 3481, 10807, 508, 46.5, , 1
C, binary-trees, 4,  69.66, 13.64, 12.28, 0.00, 2.70, 3452, 10800, 462, 46.8, , 1
C, binary-trees, 4,  69.97, 13.76, 12.40, 0.00, 2.71, 3465, 10776, 497, 46.8, , 1
C, binary-trees, 4,  69.43, 13.60, 12.26, 0.00, 2.70, 3432, 10763, 496, 46.2, , 1
C, binary-trees, 4,  69.53, 13.65, 12.30, 0.00, 2.70, 3451, 10815, 475, 46.8, , 1
C, fannkuch-redux, 4,  142.54, 29.03, 26.43, 0.00, 3.73, 7314, 29101, 1, 46.8, , 1
C, fannkuch-redux, 4,  142.61, 28.98, 26.39, 0.00, 3.73, 7305, 29065, 3, 46.5, , 1
C, fannkuch-redux, 4,  142.53, 29.10, 26.50, 0.00, 3.74, 7336, 29192, 3, 46.5, , 1
C, fannkuch-redux, 4,  143.77, 29.37, 26.74, 0.00, 3.79, 7405, 29418, 4, 46.2, , 1
C, fannkuch-redux, 4,  144.61, 29.46, 26.83, 0.00, 3.79, 7429, 29558, 1, 46.2, , 1
C, fannkuch-redux, 4,  145.42, 29.29, 26.67, 0.00, 3.77, 7386, 29362, 3, 46.8, , 1
C, fannkuch-redux, 4,  145.10, 29.24, 26.63, 0.00, 3.76, 7373, 29308, 4, 46.5, , 1
C, fannkuch-redux, 4,  142.91, 28.95, 26.36, 0.00, 3.73, 7301, 29016, 1, 46.5, , 1
C, fannkuch-redux, 4,  143.63, 29.09, 26.49, 0.00, 3.75, 7338, 29165, 0, 46.5, , 1
C, fannkuch-redux, 4,  144.44, 29.29, 26.67, 0.00, 3.77, 7388, 29362, 1, 46.2, , 1
C, fannkuch-redux, 4,  143.57, 29.04, 26.44, 0.00, 3.74, 7324, 29112, 1, 46.8, , 1
C, fannkuch-redux, 4,  144.24, 29.18, 26.57, 0.00, 3.76, 7363, 29262, 2, 46.8, , 1
C, fannkuch-redux, 4,  143.19, 28.91, 26.32, 0.00, 3.72, 7291, 28983, 1, 46.2, , 1
C, fannkuch-redux, 4,  144.50, 28.98, 26.39, 0.00, 3.73, 7311, 29064, 3, 46.5, , 1
C, fannkuch-redux, 4,  145.30, 29.20, 26.59, 0.00, 3.76, 7364, 29279, 1, 46.0, , 1
C, fannkuch-redux, 4,  147.04, 29.82, 27.15, 0.00, 3.84, 7521, 29891, 2, 46.2, , 1
C, fannkuch-redux, 4,  146.53, 29.76, 27.10, 0.00, 3.83, 7501, 29836, 3, 46.2, , 1
C, fannkuch-redux, 4,  145.87, 29.56, 26.91, 0.00, 3.81, 7454, 29633, 2, 46.5, , 1
C, fannkuch-redux, 4,  144.53, 29.17, 26.56, 0.00, 3.76, 7357, 29233, 2, 46.8, , 1
C, fannkuch-redux, 4,  144.62, 29.26, 26.64, 0.00, 3.77, 7381, 29338, 1, 46.5, , 1
C, fasta, 4,  21.62, 4.09, 3.69, 0.00, 0.57, 1117, 1086, 30, 47.0, , 1
C, fasta, 4,  20.96, 4.25, 3.87, 0.00, 0.55, 1071, 1046, 24, 47.0, , 1
C, fasta, 4,  20.74, 4.17, 3.79, 0.00, 0.54, 1060, 1034, 25, 47.0, , 1
C, fasta, 4,  20.63, 4.13, 3.75, 0.00, 0.54, 1050, 1017, 33, 47.0, , 1
C, fasta, 4,  20.90, 4.21, 3.83, 0.00, 0.54, 1060, 1037, 23, 46.5, , 1
C, fasta, 4,  21.05, 4.23, 3.85, 0.00, 0.55, 1066, 1049, 17, 46.5, , 1
C, fasta, 4,  20.61, 4.09, 3.72, 0.00, 0.54, 1045, 1027, 18, 46.8, , 1
C, fasta, 4,  21.30, 4.23, 3.85, 0.00, 0.55, 1066, 1045, 20, 46.8, , 1
C, fasta, 4,  20.93, 4.18, 3.80, 0.00, 0.54, 1054, 1030, 23, 47.0, , 1
C, fasta, 4,  20.62, 4.13, 3.76, 0.00, 0.54, 1046, 1024, 21, 47.0, , 1
C, fasta, 4,  20.44, 4.08, 3.72, 0.00, 0.53, 1033, 990, 42, 47.0, , 1
C, fasta, 4,  20.47, 4.08, 3.72, 0.00, 0.53, 1032, 1009, 22, 46.8, , 1
C, fasta, 4,  21.10, 4.24, 3.86, 0.00, 0.55, 1069, 1042, 26, 47.0, , 1
C, fasta, 4,  20.71, 4.13, 3.76, 0.00, 0.54, 1045, 1012, 33, 46.5, , 1
C, fasta, 4,  20.56, 4.08, 3.71, 0.00, 0.53, 1032, 997, 35, 47.2, , 1
C, fasta, 4,  20.61, 4.11, 3.74, 0.00, 0.53, 1041, 1012, 29, 46.8, , 1
C, fasta, 4,  20.63, 4.11, 3.74, 0.00, 0.53, 1039, 967, 71, 47.2, , 1
C, fasta, 4,  20.95, 4.17, 3.80, 0.00, 0.54, 1056, 1022, 33, 46.8, , 1
C, fasta, 4,  20.86, 4.18, 3.81, 0.00, 0.54, 1055, 1020, 35, 46.8, , 1
C, fasta, 4,  20.60, 4.14, 3.77, 0.00, 0.53, 1047, 1031, 16, 46.5, , 1
C, k-nucleotide, 4,  201.85, 39.73, 36.14, 0.00, 8.14, 9985, 35495, 218, 46.5, , 1
C, k-nucleotide, 4,  202.32, 39.65, 36.03, 0.00, 8.36, 9988, 35537, 201, 46.5, , 1
C, k-nucleotide, 4,  209.30, 41.03, 37.30, 0.00, 8.56, 10330, 36223, 216, 46.0, , 1
C, k-nucleotide, 4,  205.33, 39.95, 36.32, 0.00, 8.32, 10074, 35670, 226, 46.5, , 1
C, k-nucleotide, 4,  206.87, 40.30, 36.61, 0.00, 8.50, 10149, 35973, 220, 46.5, , 1
C, k-nucleotide, 4,  203.74, 39.55, 35.92, 0.00, 8.47, 9982, 35525, 172, 47.0, , 1
C, k-nucleotide, 4,  200.72, 39.49, 35.90, 0.00, 8.17, 9920, 35351, 226, 47.0, , 1
C, k-nucleotide, 4,  202.86, 39.86, 36.24, 0.00, 8.33, 10024, 35687, 219, 46.0, , 1
C, k-nucleotide, 4,  206.73, 40.56, 36.85, 0.00, 8.50, 10215, 36255, 212, 46.8, , 1
C, k-nucleotide, 4,  207.99, 40.70, 37.01, 0.00, 8.32, 10270, 36301, 220, 46.2, , 1
C, k-nucleotide, 4,  205.35, 40.12, 36.48, 0.00, 8.23, 10104, 35852, 196, 46.8, , 1
C, k-nucleotide, 4,  206.13, 40.15, 36.44, 0.00, 8.81, 10114, 35832, 210, 46.8, , 1
C, k-nucleotide, 4,  203.61, 39.78, 36.17, 0.00, 8.17, 10036, 35708, 204, 46.2, , 1
C, k-nucleotide, 4,  201.71, 39.44, 35.87, 0.00, 8.04, 9924, 35352, 210, 46.5, , 1
C, k-nucleotide, 4,  202.35, 39.35, 35.74, 0.00, 8.38, 9943, 35373, 213, 46.2, , 1
C, k-nucleotide, 4,  203.58, 39.51, 35.90, 0.00, 8.41, 9930, 35573, 200, 46.2, , 1
C, k-nucleotide, 4,  203.16, 39.77, 36.14, 0.00, 8.45, 10007, 35639, 204, 46.2, , 1
C, k-nucleotide, 4,  201.06, 39.66, 36.07, 0.00, 8.01, 9989, 35490, 218, 46.5, , 1
C, k-nucleotide, 4,  198.83, 39.21, 35.67, 0.00, 7.74, 9894, 35139, 223, 46.8, , 1
C, k-nucleotide, 4,  202.70, 39.77, 36.15, 0.00, 8.39, 9994, 35670, 221, 46.8, , 1
C, mandelbrot, 4,  65.79, 13.31, 12.13, 0.00, 1.72, 3350, 13348, 38, 46.5, , 1
C, mandelbrot, 4,  66.29, 13.45, 12.25, 0.00, 1.74, 3386, 13480, 51, 46.5, , 1
C, mandelbrot, 4,  66.09, 13.29, 12.10, 0.00, 1.72, 3347, 13329, 41, 46.8, , 1
C, mandelbrot, 4,  66.59, 13.35, 12.15, 0.00, 1.73, 3361, 13366, 59, 46.8, , 1
C, mandelbrot, 4,  66.17, 13.21, 12.03, 0.00, 1.71, 3326, 13239, 47, 46.5, , 1
C, mandelbrot, 4,  66.33, 13.25, 12.07, 0.00, 1.71, 3337, 13285, 45, 47.0, , 1
C, mandelbrot, 4,  66.49, 13.38, 12.18, 0.00, 1.73, 3369, 13413, 45, 46.8, , 1
C, mandelbrot, 4,  66.21, 13.34, 12.15, 0.00, 1.72, 3359, 13368, 49, 47.0, , 1
C, mandelbrot, 4,  66.38, 13.36, 12.17, 0.00, 1.73, 3366, 13392, 47, 46.8, , 1
C, mandelbrot, 4,  65.83, 13.27, 12.09, 0.00, 1.72, 3342, 13306, 43, 46.5, , 1
C, mandelbrot, 4,  65.81, 13.26, 12.08, 0.00, 1.72, 3341, 13297, 47, 47.0, , 1
C, mandelbrot, 4,  66.74, 13.44, 12.24, 0.00, 1.74, 3385, 13457, 61, 46.8, , 1
C, mandelbrot, 4,  66.21, 13.35, 12.16, 0.00, 1.73, 3362, 13380, 49, 46.5, , 1
C, mandelbrot, 4,  66.90, 13.53, 12.32, 0.00, 1.75, 3406, 13563, 43, 46.8, , 1
C, mandelbrot, 4,  66.67, 13.47, 12.27, 0.00, 1.74, 3389, 13488, 50, 46.8, , 1
C, mandelbrot, 4,  66.80, 13.52, 12.31, 0.00, 1.75, 3402, 13557, 31, 47.0, , 1
C, mandelbrot, 4,  67.27, 13.61, 12.39, 0.00, 1.76, 3426, 13643, 43, 46.5, , 1
C, mandelbrot, 4,  67.71, 13.72, 12.49, 0.00, 1.77, 3452, 13749, 39, 46.5, , 1
C, mandelbrot, 4,  66.33, 13.49, 12.28, 0.00, 1.74, 3394, 13503, 54, 46.5, , 1
C, mandelbrot, 4,  67.07, 13.47, 12.26, 0.00, 1.74, 3388, 13482, 42, 46.8, , 1
C, n-body, 4,  59.71, 11.97, 10.88, 0.00, 1.54, 3018, 3016, 1, 46.5, , 1
C, n-body, 4,  59.91, 12.00, 10.91, 0.00, 1.54, 3024, 3023, 1, 47.0, , 1
C, n-body, 4,  60.34, 12.10, 11.01, 0.00, 1.56, 3051, 3050, 0, 46.8, , 1
C, n-body, 4,  60.61, 12.27, 11.16, 0.00, 1.58, 3095, 3094, 1, 46.8, , 1
C, n-body, 4,  60.46, 12.25, 11.15, 0.00, 1.58, 3094, 3093, 1, 46.8, , 1
C, n-body, 4,  60.59, 12.20, 11.10, 0.00, 1.57, 3080, 3078, 1, 46.8, , 1
C, n-body, 4,  59.71, 11.96, 10.88, 0.00, 1.54, 3019, 3018, 0, 46.8, , 1
C, n-body, 4,  59.62, 12.00, 10.91, 0.00, 1.55, 3026, 3025, 0, 46.2, , 1
C, n-body, 4,  60.16, 12.10, 11.01, 0.00, 1.56, 3053, 3052, 0, 47.0, , 1
C, n-body, 4,  59.41, 11.95, 10.86, 0.00, 1.54, 3014, 3014, 0, 46.8, , 1
C, n-body, 4,  59.39, 11.91, 10.82, 0.00, 1.53, 3003, 3002, 0, 47.2, , 1
C, n-body, 4,  59.40, 11.94, 10.85, 0.00, 1.54, 3011, 3010, 0, 46.8, , 1
C, n-body, 4,  59.56, 11.95, 10.85, 0.00, 1.54, 3011, 3010, 1, 47.2, , 1
C, n-body, 4,  59.08, 11.94, 10.85, 0.00, 1.54, 3009, 3008, 0, 47.0, , 1
C, n-body, 4,  59.33, 11.94, 10.86, 0.00, 1.54, 3014, 3012, 2, 46.8, , 1
C, n-body, 4,  59.89, 12.12, 11.03, 0.00, 1.56, 3060, 3059, 1, 46.8, , 1
C, n-body, 4,  59.40, 12.04, 10.95, 0.00, 1.55, 3037, 3035, 1, 46.8, , 1
C, n-body, 4,  59.41, 11.95, 10.86, 0.00, 1.54, 3015, 3014, 0, 46.5, , 1
C, n-body, 4,  60.02, 12.08, 10.99, 0.00, 1.56, 3048, 3048, 0, 47.0, , 1
C, n-body, 4,  59.60, 12.03, 10.94, 0.00, 1.55, 3034, 3033, 1, 47.0, , 1
C, regex-redux, 4,  41.72, 8.28, 7.51, 0.00, 1.36, 2086, 6373, 220, 46.5, , 1
C, regex-redux, 4,  42.30, 8.39, 7.62, 0.00, 1.38, 2114, 6498, 208, 46.8, , 1
C, regex-redux, 4,  42.15, 8.38, 7.61, 0.00, 1.38, 2111, 6473, 206, 46.5, , 1
C, regex-redux, 4,  41.95, 8.41, 7.63, 0.00, 1.38, 2119, 6523, 205, 47.2, , 1
C, regex-redux, 4,  41.82, 8.36, 7.59, 0.00, 1.38, 2106, 6471, 205, 46.5, , 1
C, regex-redux, 4,  41.73, 8.31, 7.54, 0.00, 1.37, 2092, 6389, 217, 46.5, , 1
C, regex-redux, 4,  42.36, 8.49, 7.71, 0.00, 1.39, 2138, 6549, 217, 47.0, , 1
C, regex-redux, 4,  42.31, 8.47, 7.69, 0.00, 1.39, 2133, 6557, 200, 47.0, , 1
C, regex-redux, 4,  42.09, 8.46, 7.68, 0.00, 1.39, 2132, 6528, 227, 47.2, , 1
C, regex-redux, 4,  43.14, 8.72, 7.92, 0.00, 1.42, 2197, 6681, 216, 46.5, , 1
C, regex-redux, 4,  42.29, 8.50, 7.72, 0.00, 1.40, 2144, 6587, 208, 46.8, , 1
C, regex-redux, 4,  42.15, 8.41, 7.63, 0.00, 1.39, 2126, 6528, 201, 46.5, , 1
C, regex-redux, 4,  42.24, 8.45, 7.67, 0.00, 1.39, 2128, 6500, 226, 46.8, , 1
C, regex-redux, 4,  42.54, 8.49, 7.70, 0.00, 1.40, 2146, 6590, 211, 46.5, , 1
C, regex-redux, 4,  42.15, 8.41, 7.63, 0.00, 1.38, 2122, 6489, 215, 46.5, , 1
C, regex-redux, 4,  42.60, 8.52, 7.73, 0.00, 1.40, 2149, 6607, 207, 46.8, , 1
C, regex-redux, 4,  42.37, 8.42, 7.64, 0.00, 1.39, 2125, 6509, 210, 46.8, , 1
C, regex-redux, 4,  41.94, 8.32, 7.55, 0.00, 1.38, 2103, 6413, 221, 47.0, , 1
C, regex-redux, 4,  42.45, 8.42, 7.64, 0.00, 1.39, 2127, 6518, 215, 47.0, , 1
C, regex-redux, 4,  41.65, 8.31, 7.54, 0.00, 1.37, 2096, 6389, 213, 47.0, , 1
C, reverse-complement, 4,  3.85, 0.74, 0.64, 0.00, 0.22, 184, 130, 142, 46.5, , 1
C, reverse-complement, 4,  3.87, 0.74, 0.64, 0.00, 0.22, 185, 126, 145, 46.5, , 1
C, reverse-complement, 4,  3.99, 0.74, 0.65, 0.00, 0.22, 186, 137, 140, 46.5, , 1
C, reverse-complement, 4,  3.84, 0.73, 0.64, 0.00, 0.21, 184, 125, 148, 46.5, , 1
C, reverse-complement, 4,  3.96, 0.74, 0.64, 0.00, 0.21, 183, 133, 139, 46.8, , 1
C, reverse-complement, 4,  3.83, 0.73, 0.63, 0.00, 0.21, 182, 131, 141, 46.8, , 1
C, reverse-complement, 4,  3.86, 0.73, 0.64, 0.00, 0.22, 184, 124, 150, 46.8, , 1
C, reverse-complement, 4,  3.94, 0.73, 0.64, 0.00, 0.22, 184, 130, 145, 46.8, , 1
C, reverse-complement, 4,  3.87, 0.74, 0.64, 0.00, 0.22, 185, 127, 147, 46.8, , 1
C, reverse-complement, 4,  4.08, 0.74, 0.64, 0.00, 0.22, 186, 130, 147, 46.8, , 1
C, reverse-complement, 4,  3.85, 0.74, 0.64, 0.00, 0.22, 185, 137, 139, 46.8, , 1
C, reverse-complement, 4,  3.94, 0.74, 0.64, 0.00, 0.22, 185, 121, 151, 46.8, , 1
C, reverse-complement, 4,  3.83, 0.72, 0.63, 0.00, 0.22, 183, 132, 141, 46.8, , 1
C, reverse-complement, 4,  3.92, 0.73, 0.64, 0.00, 0.22, 184, 123, 150, 46.8, , 1
C, reverse-complement, 4,  3.97, 0.73, 0.63, 0.00, 0.21, 182, 132, 141, 46.5, , 1
C, reverse-complement, 4,  3.89, 0.74, 0.65, 0.00, 0.22, 186, 137, 139, 46.5, , 1
C, reverse-complement, 4,  3.94, 0.72, 0.63, 0.00, 0.21, 182, 122, 147, 46.5, , 1
C, reverse-complement, 4,  3.90, 0.73, 0.63, 0.00, 0.21, 183, 123, 148, 46.5, , 1
C, reverse-complement, 4,  3.88, 0.74, 0.64, 0.00, 0.22, 185, 129, 145, 46.5, , 1
C, reverse-complement, 4,  3.90, 0.73, 0.63, 0.00, 0.22, 183, 127, 145, 46.8, , 1
C, spectral-norm, 4,  24.52, 4.95, 4.51, 0.00, 0.64, 1244, 4962, 0, 46.5, , 1
C, spectral-norm, 4,  24.56, 4.95, 4.51, 0.00, 0.64, 1245, 4962, 5, 46.8, , 1
C, spectral-norm, 4,  24.25, 4.92, 4.48, 0.00, 0.63, 1232, 4914, 1, 46.2, , 1
C, spectral-norm, 4,  24.15, 4.89, 4.45, 0.00, 0.63, 1228, 4901, 0, 47.0, , 1
C, spectral-norm, 4,  24.11, 4.90, 4.46, 0.00, 0.63, 1229, 4907, 0, 46.5, , 1
C, spectral-norm, 4,  24.58, 4.95, 4.50, 0.00, 0.64, 1242, 4953, 3, 46.8, , 1
C, spectral-norm, 4,  24.40, 4.96, 4.51, 0.00, 0.64, 1245, 4965, 4, 46.5, , 1
C, spectral-norm, 4,  24.18, 4.93, 4.49, 0.00, 0.63, 1236, 4930, 0, 46.2, , 1
C, spectral-norm, 4,  24.59, 4.97, 4.52, 0.00, 0.64, 1249, 4983, 1, 46.2, , 1
C, spectral-norm, 4,  24.33, 4.94, 4.49, 0.00, 0.64, 1241, 4951, 0, 46.2, , 1
C, spectral-norm, 4,  24.46, 4.99, 4.54, 0.00, 0.64, 1252, 4996, 2, 46.2, , 1
C, spectral-norm, 4,  24.49, 5.04, 4.59, 0.00, 0.65, 1264, 5040, 1, 46.5, , 1
C, spectral-norm, 4,  24.36, 4.97, 4.52, 0.00, 0.64, 1248, 4979, 1, 46.8, , 1
C, spectral-norm, 4,  24.23, 4.95, 4.51, 0.00, 0.64, 1245, 4967, 1, 46.5, , 1
C, spectral-norm, 4,  24.14, 4.93, 4.49, 0.00, 0.63, 1238, 4940, 2, 46.5, , 1
C, spectral-norm, 4,  24.24, 4.94, 4.50, 0.00, 0.64, 1242, 4959, 0, 46.8, , 1
C, spectral-norm, 4,  24.13, 4.89, 4.45, 0.00, 0.63, 1229, 4903, 2, 46.5, , 1
C, spectral-norm, 4,  24.10, 4.92, 4.48, 0.00, 0.63, 1237, 4934, 2, 46.8, , 1
C, spectral-norm, 4,  24.18, 4.94, 4.50, 0.00, 0.63, 1241, 4953, 0, 46.5, , 1
C, spectral-norm, 4,  24.22, 4.92, 4.48, 0.00, 0.63, 1237, 4936, 1, 46.2, , 1
C++, binary-trees, 4,  63.06, 12.58, 11.31, 0.00, 2.44, 3137, 11040, 437, 46.5, , 1
C++, binary-trees, 4,  62.69, 12.44, 11.13, 0.00, 2.53, 3110, 10947, 367, 46.2, , 1
C++, binary-trees, 4,  62.82, 12.42, 11.16, 0.00, 2.57, 3103, 11005, 365, 46.2, , 1
C++, binary-trees, 4,  63.06, 12.36, 11.09, 0.00, 2.55, 3117, 10993, 402, 46.2, , 1
C++, binary-trees, 4,  63.52, 12.48, 11.13, 0.00, 2.61, 3138, 11084, 385, 46.2, , 1
C++, binary-trees, 4,  62.18, 12.23, 10.97, 0.00, 2.44, 3087, 10935, 336, 46.8, , 1
C++, binary-trees, 4,  63.04, 12.44, 11.17, 0.00, 2.54, 3108, 11022, 391, 46.2, , 1
C++, binary-trees, 4,  62.80, 12.31, 11.03, 0.00, 2.46, 3120, 10945, 391, 46.5, , 1
C++, binary-trees, 4,  62.20, 12.04, 10.81, 0.00, 2.53, 3047, 10904, 291, 46.5, , 1
C++, binary-trees, 4,  63.82, 12.44, 11.16, 0.00, 2.47, 3155, 11109, 460, 46.5, , 1
C++, binary-trees, 4,  62.54, 12.27, 11.05, 0.00, 2.53, 3058, 10973, 314, 46.2, , 1
C++, binary-trees, 4,  61.94, 12.19, 10.97, 0.00, 2.52, 3040, 10904, 248, 46.0, , 1
C++, binary-trees, 4,  64.40, 12.87, 11.56, 0.00, 2.58, 3179, 11085, 436, 46.0, , 1
C++, binary-trees, 4,  65.73, 12.82, 11.41, 0.00, 2.69, 3256, 11249, 574, 46.8, , 1
C++, binary-trees, 4,  62.03, 12.28, 11.00, 0.00, 2.48, 3085, 11001, 287, 46.5, , 1
C++, binary-trees, 4,  66.32, 13.01, 11.61, 0.00, 2.65, 3298, 11394, 648, 46.5, , 1
C++, binary-trees, 4,  62.70, 12.34, 11.03, 0.00, 2.51, 3108, 10942, 391, 46.0, , 1
C++, binary-trees, 4,  61.56, 12.01, 10.75, 0.00, 2.47, 3033, 10906, 240, 46.8, , 1
C++, binary-trees, 4,  63.19, 12.43, 11.15, 0.00, 2.45, 3145, 11064, 434, 46.8, , 1
C++, binary-trees, 4,  63.62, 12.50, 11.22, 0.00, 2.45, 3149, 11051, 481, 46.8, , 1
C++, fannkuch-redux, 4,  237.52, 48.01, 43.73, 0.00, 6.18, 12104, 48075, 1, 46.8, , 1
C++, fannkuch-redux, 4,  236.10, 47.63, 43.38, 0.00, 6.13, 12006, 47669, 2, 46.8, , 1
C++, fannkuch-redux, 4,  235.44, 47.80, 43.54, 0.00, 6.15, 12050, 47886, 3, 46.5, , 1
C++, fannkuch-redux, 4,  237.05, 48.06, 43.77, 0.00, 6.18, 12116, 48130, 2, 46.8, , 1
C++, fannkuch-redux, 4,  235.74, 47.98, 43.70, 0.00, 6.17, 12091, 48036, 1, 46.5, , 1
C++, fannkuch-redux, 4,  235.27, 47.83, 43.56, 0.00, 6.15, 12056, 47904, 1, 46.8, , 1
C++, fannkuch-redux, 4,  236.11, 47.54, 43.30, 0.00, 6.12, 11984, 47585, 3, 46.5, , 1
C++, fannkuch-redux, 4,  234.84, 47.54, 43.30, 0.00, 6.11, 11980, 47571, 4, 46.5, , 1
C++, fannkuch-redux, 4,  236.97, 47.99, 43.70, 0.00, 6.17, 12095, 48035, 3, 46.5, , 1
C++, fannkuch-redux, 4,  238.82, 48.12, 43.80, 0.00, 6.20, 12153, 47584, 3, 46.5, , 1
C++, fannkuch-redux, 4,  234.18, 47.11, 42.89, 0.00, 6.06, 11871, 47134, 4, 46.5, , 1
C++, fannkuch-redux, 4,  235.40, 47.23, 43.01, 0.00, 6.07, 11902, 47277, 4, 46.2, , 1
C++, fannkuch-redux, 4,  235.23, 47.72, 43.45, 0.00, 6.14, 12023, 47758, 3, 46.5, , 1
C++, fannkuch-redux, 4,  234.74, 47.58, 43.32, 0.00, 6.12, 11987, 47628, 4, 46.5, , 1
C++, fannkuch-redux, 4,  237.68, 48.25, 43.93, 0.00, 6.21, 12160, 48264, 6, 46.8, , 1
C++, fannkuch-redux, 4,  238.03, 48.39, 44.06, 0.00, 6.22, 12198, 48456, 2, 46.5, , 1
C++, fannkuch-redux, 4,  238.41, 48.18, 43.86, 0.00, 6.20, 12145, 48230, 5, 46.5, , 1
C++, fannkuch-redux, 4,  237.59, 48.40, 44.06, 0.00, 6.23, 12200, 48432, 5, 46.5, , 1
C++, fannkuch-redux, 4,  235.81, 47.92, 43.63, 0.00, 6.16, 12079, 47961, 1, 46.2, , 1
C++, fannkuch-redux, 4,  236.03, 47.91, 43.62, 0.00, 6.16, 12076, 47950, 4, 46.8, , 1
C++, fasta, 4,  27.04, 5.34, 4.86, 0.00, 0.69, 1343, 2661, 14, 46.8, , 1
C++, fasta, 4,  27.02, 5.38, 4.90, 0.00, 0.69, 1353, 2683, 13, 47.0, , 1
C++, fasta, 4,  27.29, 5.36, 4.88, 0.00, 0.69, 1351, 2683, 8, 46.5, , 1
C++, fasta, 4,  27.23, 5.38, 4.90, 0.00, 0.69, 1354, 2687, 11, 46.5, , 1
C++, fasta, 4,  27.35, 5.38, 4.89, 0.00, 0.69, 1353, 2682, 14, 46.8, , 1
C++, fasta, 4,  26.90, 5.32, 4.84, 0.00, 0.68, 1338, 2645, 21, 46.8, , 1
C++, fasta, 4,  27.01, 5.33, 4.86, 0.00, 0.69, 1343, 2661, 14, 47.0, , 1
C++, fasta, 4,  26.98, 5.33, 4.86, 0.00, 0.69, 1343, 2668, 8, 47.0, , 1
C++, fasta, 4,  27.08, 5.36, 4.88, 0.00, 0.69, 1351, 2675, 15, 46.2, , 1
C++, fasta, 4,  27.26, 5.37, 4.89, 0.00, 0.69, 1353, 2685, 8, 46.8, , 1
C++, fasta, 4,  27.20, 5.36, 4.88, 0.00, 0.69, 1350, 2678, 9, 46.5, , 1
C++, fasta, 4,  27.42, 5.39, 4.91, 0.00, 0.70, 1359, 2696, 11, 46.5, , 1
C++, fasta, 4,  27.18, 5.37, 4.88, 0.00, 0.69, 1351, 2675, 16, 46.8, , 1
C++, fasta, 4,  27.38, 5.42, 4.93, 0.00, 0.70, 1364, 2702, 16, 46.8, , 1
C++, fasta, 4,  26.91, 5.35, 4.87, 0.00, 0.69, 1347, 2669, 12, 46.8, , 1
C++, fasta, 4,  26.94, 5.33, 4.85, 0.00, 0.69, 1342, 2661, 10, 46.5, , 1
C++, fasta, 4,  26.90, 5.36, 4.88, 0.00, 0.69, 1349, 2678, 9, 46.8, , 1
C++, fasta, 4,  27.19, 5.41, 4.93, 0.00, 0.70, 1364, 2706, 11, 46.8, , 1
C++, fasta, 4,  26.94, 5.33, 4.85, 0.00, 0.69, 1342, 2660, 12, 47.0, , 1
C++, fasta, 4,  27.03, 5.40, 4.91, 0.00, 0.70, 1360, 2696, 12, 46.5, , 1
C++, k-nucleotide, 4,  100.71, 19.14, 16.62, 0.00, 5.81, 4819, 16232, 265, 46.8, , 1
C++, k-nucleotide, 4,  100.33, 19.05, 16.53, 0.00, 5.85, 4805, 16020, 305, 46.5, , 1
C++, k-nucleotide, 4,  100.47, 19.14, 16.64, 0.00, 5.73, 4815, 16153, 265, 46.8, , 1
C++, k-nucleotide, 4,  100.63, 19.19, 16.68, 0.00, 5.76, 4839, 16204, 303, 46.5, , 1
C++, k-nucleotide, 4,  100.85, 19.16, 16.65, 0.00, 5.79, 4831, 16175, 291, 46.8, , 1
C++, k-nucleotide, 4,  101.92, 19.48, 16.96, 0.00, 5.78, 4893, 16413, 279, 46.8, , 1
C++, k-nucleotide, 4,  100.95, 19.03, 16.52, 0.00, 5.73, 4819, 16081, 329, 47.0, , 1
C++, k-nucleotide, 4,  101.47, 19.11, 16.59, 0.00, 5.80, 4835, 16169, 292, 46.8, , 1
C++, k-nucleotide, 4,  100.63, 19.07, 16.57, 0.00, 5.74, 4813, 16110, 309, 46.5, , 1
C++, k-nucleotide, 4,  100.60, 19.18, 16.66, 0.00, 5.79, 4833, 16173, 288, 46.5, , 1
C++, k-nucleotide, 4,  100.85, 19.31, 16.79, 0.00, 5.76, 4846, 16229, 287, 46.8, , 1
C++, k-nucleotide, 4,  99.71, 18.88, 16.40, 0.00, 5.66, 4788, 15967, 310, 46.5, , 1
C++, k-nucleotide, 4,  100.45, 19.05, 16.53, 0.00, 5.79, 4812, 16119, 282, 46.8, , 1
C++, k-nucleotide, 4,  99.98, 18.90, 16.39, 0.00, 5.77, 4779, 16017, 276, 46.5, , 1
C++, k-nucleotide, 4,  100.03, 19.01, 16.52, 0.00, 5.72, 4783, 16049, 269, 46.8, , 1
C++, k-nucleotide, 4,  99.59, 18.80, 16.31, 0.00, 5.74, 4757, 15885, 265, 46.8, , 1
C++, k-nucleotide, 4,  99.26, 18.94, 16.45, 0.00, 5.74, 4769, 16021, 269, 46.8, , 1
C++, k-nucleotide, 4,  99.69, 18.99, 16.51, 0.00, 5.71, 4793, 16041, 298, 46.2, , 1
C++, k-nucleotide, 4,  100.47, 19.13, 16.63, 0.00, 5.77, 4821, 16182, 299, 46.8, , 1
C++, k-nucleotide, 4,  101.64, 19.34, 16.83, 0.00, 5.82, 4869, 16269, 287, 47.0, , 1
C++, mandelbrot, 4,  54.36, 11.06, 10.07, 0.00, 1.43, 2787, 10968, 40, 47.0, , 1
C++, mandelbrot, 4,  53.90, 10.97, 9.99, 0.00, 1.42, 2762, 10856, 56, 46.8, , 1
C++, mandelbrot, 4,  53.96, 10.99, 10.00, 0.00, 1.42, 2770, 10888, 65, 46.8, , 1
C++, mandelbrot, 4,  54.32, 11.09, 10.10, 0.00, 1.44, 2796, 11002, 48, 46.8, , 1
C++, mandelbrot, 4,  53.86, 11.01, 10.02, 0.00, 1.43, 2775, 10912, 49, 47.0, , 1
C++, mandelbrot, 4,  53.46, 10.88, 9.90, 0.00, 1.41, 2744, 10797, 48, 46.5, , 1
C++, mandelbrot, 4,  53.94, 11.03, 10.05, 0.00, 1.43, 2782, 10946, 46, 46.8, , 1
C++, mandelbrot, 4,  54.23, 11.09, 10.10, 0.00, 1.44, 2795, 10997, 47, 46.8, , 1
C++, mandelbrot, 4,  54.14, 11.05, 10.06, 0.00, 1.43, 2784, 10948, 49, 46.5, , 1
C++, mandelbrot, 4,  53.60, 10.96, 9.98, 0.00, 1.42, 2762, 10875, 41, 46.8, , 1
C++, mandelbrot, 4,  53.99, 10.99, 10.01, 0.00, 1.42, 2772, 10908, 38, 46.5, , 1
C++, mandelbrot, 4,  54.86, 11.16, 10.15, 0.00, 1.45, 2813, 11059, 45, 47.0, , 1
C++, mandelbrot, 4,  54.62, 11.10, 10.10, 0.00, 1.44, 2799, 11002, 43, 46.8, , 1
C++, mandelbrot, 4,  54.86, 11.15, 10.15, 0.00, 1.45, 2811, 11028, 60, 47.0, , 1
C++, mandelbrot, 4,  55.27, 11.25, 10.24, 0.00, 1.46, 2840, 11146, 58, 46.8, , 1
C++, mandelbrot, 4,  54.83, 11.14, 10.14, 0.00, 1.45, 2811, 11049, 44, 46.8, , 1
C++, mandelbrot, 4,  55.58, 11.20, 10.20, 0.00, 1.45, 2828, 11110, 52, 46.8, , 1
C++, mandelbrot, 4,  55.56, 11.22, 10.22, 0.00, 1.46, 2833, 11119, 58, 47.0, , 1
C++, mandelbrot, 4,  55.30, 11.15, 10.16, 0.00, 1.45, 2816, 11066, 57, 47.0, , 1
C++, mandelbrot, 4,  55.54, 11.23, 10.22, 0.00, 1.46, 2833, 11142, 46, 47.0, , 1
C++, n-body, 4,  61.38, 12.48, 11.36, 0.00, 1.61, 3152, 3150, 1, 46.8, , 1
C++, n-body, 4,  61.68, 12.52, 11.39, 0.00, 1.61, 3161, 3160, 1, 47.0, , 1
C++, n-body, 4,  60.94, 12.36, 11.25, 0.00, 1.59, 3119, 3118, 1, 47.0, , 1
C++, n-body, 4,  61.44, 12.44, 11.32, 0.00, 1.60, 3141, 3140, 0, 47.2, , 1
C++, n-body, 4,  60.86, 12.31, 11.21, 0.00, 1.59, 3107, 3105, 1, 47.2, , 1
C++, n-body, 4,  61.43, 12.42, 11.30, 0.00, 1.60, 3136, 3135, 1, 46.5, , 1
C++, n-body, 4,  61.40, 12.44, 11.32, 0.00, 1.60, 3139, 3137, 1, 47.0, , 1
C++, n-body, 4,  61.97, 12.60, 11.48, 0.00, 1.63, 3183, 3181, 1, 46.5, , 1
C++, n-body, 4,  61.60, 12.48, 11.36, 0.00, 1.61, 3153, 3153, 0, 46.8, , 1
C++, n-body, 4,  62.44, 12.76, 11.63, 0.00, 1.65, 3225, 3224, 1, 47.0, , 1
C++, n-body, 4,  62.79, 12.84, 11.71, 0.00, 1.66, 3248, 3246, 1, 46.8, , 1
C++, n-body, 4,  62.58, 12.81, 11.67, 0.00, 1.66, 3239, 3237, 1, 47.0, , 1
C++, n-body, 4,  62.60, 12.76, 11.62, 0.00, 1.65, 3226, 3225, 1, 47.2, , 1
C++, n-body, 4,  62.11, 12.62, 11.49, 0.00, 1.63, 3191, 3190, 1, 47.0, , 1
C++, n-body, 4,  62.32, 12.56, 11.43, 0.00, 1.62, 3170, 3169, 0, 46.8, , 1
C++, n-body, 4,  61.71, 12.47, 11.35, 0.00, 1.61, 3150, 3148, 1, 46.5, , 1
C++, n-body, 4,  61.47, 12.34, 11.23, 0.00, 1.59, 3113, 3112, 1, 46.8, , 1
C++, n-body, 4,  61.43, 12.35, 11.24, 0.00, 1.59, 3115, 3115, 0, 46.5, , 1
C++, n-body, 4,  61.45, 12.37, 11.26, 0.00, 1.60, 3125, 3124, 0, 47.0, , 1
C++, n-body, 4,  61.19, 12.43, 11.32, 0.00, 1.60, 3139, 3139, 1, 46.8, , 1
C++, regex-redux, 4,  51.46, 10.23, 9.26, 0.00, 1.70, 2582, 5886, 396, 46.5, , 1
C++, regex-redux, 4,  51.40, 10.25, 9.28, 0.00, 1.70, 2588, 5893, 384, 47.0, , 1
C++, regex-redux, 4,  51.46, 10.24, 9.27, 0.00, 1.70, 2585, 5985, 405, 46.5, , 1
C++, regex-redux, 4,  50.54, 10.08, 9.12, 0.00, 1.69, 2544, 6192, 399, 46.2, , 1
C++, regex-redux, 4,  51.79, 10.35, 9.37, 0.00, 1.70, 2614, 5959, 399, 47.2, , 1
C++, regex-redux, 4,  51.29, 10.22, 9.26, 0.00, 1.70, 2582, 5984, 388, 46.2, , 1
C++, regex-redux, 4,  52.26, 10.36, 9.38, 0.00, 1.71, 2616, 5986, 401, 47.0, , 1
C++, regex-redux, 4,  51.57, 10.32, 9.35, 0.00, 1.70, 2604, 5975, 388, 46.8, , 1
C++, regex-redux, 4,  51.87, 10.39, 9.41, 0.00, 1.72, 2621, 5984, 433, 46.8, , 1
C++, regex-redux, 4,  51.73, 10.32, 9.34, 0.00, 1.70, 2607, 6016, 374, 46.8, , 1
C++, regex-redux, 4,  51.00, 10.19, 9.23, 0.00, 1.69, 2574, 5851, 394, 46.8, , 1
C++, regex-redux, 4,  51.34, 10.28, 9.31, 0.00, 1.70, 2593, 6128, 385, 46.8, , 1
C++, regex-redux, 4,  51.77, 10.36, 9.38, 0.00, 1.72, 2612, 6264, 401, 47.0, , 1
C++, regex-redux, 4,  52.64, 10.48, 9.49, 0.00, 1.74, 2649, 6058, 400, 46.8, , 1
C++, regex-redux, 4,  51.72, 10.25, 9.28, 0.00, 1.69, 2589, 6028, 384, 46.5, , 1
C++, regex-redux, 4,  52.07, 10.42, 9.43, 0.00, 1.72, 2630, 6080, 389, 46.5, , 1
C++, regex-redux, 4,  51.75, 10.34, 9.37, 0.00, 1.71, 2609, 6132, 403, 46.2, , 1
C++, regex-redux, 4,  52.50, 10.47, 9.48, 0.00, 1.73, 2645, 6081, 392, 46.5, , 1
C++, regex-redux, 4,  52.62, 10.50, 9.51, 0.00, 1.73, 2650, 6052, 413, 46.8, , 1
C++, regex-redux, 4,  51.89, 10.41, 9.43, 0.00, 1.72, 2628, 6031, 412, 46.5, , 1
C++, reverse-complement, 4,  5.44, 1.06, 0.93, 0.00, 0.28, 268, 120, 147, 46.8, , 1
C++, reverse-complement, 4,  5.59, 1.06, 0.93, 0.00, 0.28, 268, 124, 143, 46.8, , 1
C++, reverse-complement, 4,  5.48, 1.06, 0.93, 0.00, 0.28, 268, 128, 140, 46.8, , 1
C++, reverse-complement, 4,  5.56, 1.06, 0.92, 0.00, 0.28, 266, 115, 151, 46.2, , 1
C++, reverse-complement, 4,  5.48, 1.07, 0.93, 0.00, 0.29, 269, 122, 146, 46.2, , 1
C++, reverse-complement, 4,  5.62, 1.07, 0.93, 0.00, 0.28, 269, 123, 146, 46.2, , 1
C++, reverse-complement, 4,  5.49, 1.07, 0.93, 0.00, 0.29, 270, 131, 138, 46.2, , 1
C++, reverse-complement, 4,  5.58, 1.08, 0.94, 0.00, 0.29, 271, 125, 146, 46.2, , 1
C++, reverse-complement, 4,  5.70, 1.09, 0.95, 0.00, 0.29, 274, 124, 149, 46.2, , 1
C++, reverse-complement, 4,  5.45, 1.06, 0.93, 0.00, 0.28, 268, 125, 142, 46.2, , 1
C++, reverse-complement, 4,  5.65, 1.07, 0.94, 0.00, 0.29, 270, 116, 153, 46.2, , 1
C++, reverse-complement, 4,  5.47, 1.06, 0.93, 0.00, 0.28, 268, 125, 143, 46.5, , 1
C++, reverse-complement, 4,  5.58, 1.06, 0.92, 0.00, 0.28, 266, 132, 134, 46.5, , 1
C++, reverse-complement, 4,  5.52, 1.08, 0.94, 0.00, 0.29, 271, 124, 147, 46.5, , 1
C++, reverse-complement, 4,  5.63, 1.07, 0.93, 0.00, 0.28, 270, 125, 144, 46.5, , 1
C++, reverse-complement, 4,  5.59, 1.08, 0.94, 0.00, 0.28, 271, 130, 140, 46.8, , 1
C++, reverse-complement, 4,  5.56, 1.09, 0.95, 0.00, 0.29, 273, 127, 145, 46.8, , 1
C++, reverse-complement, 4,  5.74, 1.08, 0.95, 0.00, 0.29, 273, 124, 148, 46.8, , 1
C++, reverse-complement, 4,  5.59, 1.09, 0.95, 0.00, 0.29, 274, 126, 148, 46.8, , 1
C++, reverse-complement, 4,  5.69, 1.08, 0.94, 0.00, 0.29, 272, 114, 158, 46.5, , 1
C++, spectral-norm, 4,  22.50, 4.59, 4.18, 0.00, 0.59, 1152, 4597, 0, 46.8, , 1
C++, spectral-norm, 4,  22.48, 4.57, 4.16, 0.00, 0.59, 1145, 4567, 1, 46.8, , 1
C++, spectral-norm, 4,  22.88, 4.67, 4.25, 0.00, 0.60, 1173, 4677, 1, 46.2, , 1
C++, spectral-norm, 4,  22.62, 4.64, 4.22, 0.00, 0.60, 1164, 4647, 3, 46.2, , 1
C++, spectral-norm, 4,  22.29, 4.55, 4.14, 0.00, 0.59, 1143, 4561, 2, 46.8, , 1
C++, spectral-norm, 4,  22.34, 4.55, 4.14, 0.00, 0.58, 1143, 4560, 3, 46.8, , 1
C++, spectral-norm, 4,  22.24, 4.52, 4.11, 0.00, 0.58, 1135, 4531, 1, 46.8, , 1
C++, spectral-norm, 4,  22.13, 4.52, 4.12, 0.00, 0.58, 1135, 4528, 2, 46.5, , 1
C++, spectral-norm, 4,  22.13, 4.51, 4.10, 0.00, 0.58, 1133, 4522, 2, 46.5, , 1
C++, spectral-norm, 4,  22.37, 4.57, 4.16, 0.00, 0.59, 1149, 4586, 0, 46.8, , 1
C++, spectral-norm, 4,  22.46, 4.59, 4.18, 0.00, 0.59, 1153, 4599, 3, 46.5, , 1
C++, spectral-norm, 4,  22.51, 4.60, 4.18, 0.00, 0.59, 1155, 4613, 0, 46.5, , 1
C++, spectral-norm, 4,  22.35, 4.54, 4.14, 0.00, 0.59, 1142, 4554, 3, 46.8, , 1
C++, spectral-norm, 4,  22.58, 4.60, 4.19, 0.00, 0.59, 1158, 4621, 3, 46.8, , 1
C++, spectral-norm, 4,  22.15, 4.51, 4.11, 0.00, 0.58, 1133, 4518, 2, 46.8, , 1
C++, spectral-norm, 4,  22.63, 4.60, 4.19, 0.00, 0.59, 1156, 4615, 0, 46.8, , 1
C++, spectral-norm, 4,  22.45, 4.55, 4.14, 0.00, 0.58, 1143, 4558, 6, 46.2, , 1
C++, spectral-norm, 4,  22.44, 4.57, 4.16, 0.00, 0.59, 1149, 4586, 2, 47.0, , 1
C++, spectral-norm, 4,  22.48, 4.56, 4.15, 0.00, 0.59, 1146, 4570, 3, 46.8, , 1
C++, spectral-norm, 4,  22.33, 4.55, 4.15, 0.00, 0.59, 1145, 4569, 2, 46.2, , 1
Java, binary-trees, 4,  145.94, 27.40, 23.54, 0.00, 8.46, 6924, 17504, 3881, 46.5, , 1
Java, binary-trees, 4,  137.94, 25.86, 22.13, 0.00, 8.30, 6516, 17299, 2675, 46.5, , 1
Java, binary-trees, 4,  139.32, 26.26, 22.50, 0.00, 8.29, 6633, 17131, 3265, 46.8, , 1
Java, binary-trees, 4,  147.21, 27.94, 24.04, 0.00, 8.54, 7050, 17969, 3851, 46.5, , 1
Java, binary-trees, 4,  145.87, 27.51, 23.65, 0.00, 8.48, 6950, 17897, 3675, 46.5, , 1
Java, binary-trees, 4,  144.86, 27.35, 23.50, 0.00, 8.48, 6880, 17772, 3423, 46.5, , 1
Java, binary-trees, 4,  140.20, 26.36, 22.59, 0.00, 8.29, 6673, 17206, 3750, 46.8, , 1
Java, binary-trees, 4,  144.69, 27.23, 23.40, 0.00, 8.47, 6856, 17721, 3398, 46.5, , 1
Java, binary-trees, 4,  139.81, 26.33, 22.56, 0.00, 8.34, 6654, 17142, 3404, 46.8, , 1
Java, binary-trees, 4,  138.89, 25.88, 22.14, 0.00, 8.25, 6540, 17066, 3332, 46.8, , 1
Java, binary-trees, 4,  145.47, 27.25, 23.41, 0.00, 8.44, 6877, 17667, 3727, 46.5, , 1
Java, binary-trees, 4,  144.77, 27.35, 23.51, 0.00, 8.45, 6899, 17662, 3819, 46.8, , 1
Java, binary-trees, 4,  142.63, 26.80, 23.01, 0.00, 8.35, 6769, 17369, 3792, 46.8, , 1
Java, binary-trees, 4,  145.63, 27.61, 23.75, 0.00, 8.51, 6939, 17884, 3358, 46.5, , 1
Java, binary-trees, 4,  144.66, 27.32, 23.48, 0.00, 8.43, 6913, 17428, 3841, 46.5, , 1
Java, binary-trees, 4,  150.68, 28.52, 24.57, 0.00, 8.70, 7167, 18177, 3454, 46.8, , 1
Java, binary-trees, 4,  134.31, 25.34, 21.66, 0.00, 8.20, 6393, 16802, 2689, 46.2, , 1
Java, binary-trees, 4,  145.39, 27.18, 23.33, 0.00, 8.49, 6878, 17745, 3388, 46.8, , 1
Java, binary-trees, 4,  139.18, 25.93, 22.20, 0.00, 8.30, 6533, 17025, 2753, 46.8, , 1
Java, binary-trees, 4,  150.28, 28.34, 24.42, 0.00, 8.60, 7156, 18144, 3775, 46.8, , 1
Java, fannkuch-redux, 4,  679.07, 137.88, 125.53, 0.00, 17.75, 34752, 137884, 63, 46.5, , 1
Java, fannkuch-redux, 4,  675.48, 137.14, 124.85, 0.00, 17.68, 34616, 137057, 67, 46.8, , 1
Java, fannkuch-redux, 4,  650.17, 131.52, 119.74, 0.00, 16.95, 33196, 131464, 81, 46.5, , 1
Java, fannkuch-redux, 4,  655.00, 132.51, 120.63, 0.00, 17.07, 33419, 132396, 66, 46.5, , 1
Java, fannkuch-redux, 4,  671.49, 136.06, 123.88, 0.00, 17.53, 34321, 135969, 69, 46.2, , 1
Java, fannkuch-redux, 4,  680.69, 138.02, 125.69, 0.00, 17.78, 34817, 137928, 65, 46.2, , 1
Java, fannkuch-redux, 4,  692.52, 140.49, 127.92, 0.00, 18.10, 35442, 140491, 62, 46.2, , 1
Java, fannkuch-redux, 4,  680.47, 137.28, 124.98, 0.00, 17.69, 34633, 137276, 68, 46.0, , 1
Java, fannkuch-redux, 4,  654.86, 132.06, 120.22, 0.00, 17.02, 33319, 132035, 64, 46.2, , 1
Java, fannkuch-redux, 4,  655.15, 132.92, 121.03, 0.00, 17.14, 33538, 132924, 69, 46.2, , 1
Java, fannkuch-redux, 4,  669.90, 136.65, 124.42, 0.00, 17.61, 34480, 136649, 78, 46.5, , 1
Java, fannkuch-redux, 4,  669.88, 136.19, 123.99, 0.00, 17.56, 34370, 136225, 80, 46.5, , 1
Java, fannkuch-redux, 4,  651.17, 131.79, 120.00, 0.00, 16.98, 33238, 131645, 60, 46.2, , 1
Java, fannkuch-redux, 4,  651.87, 132.39, 120.53, 0.00, 17.07, 33401, 132426, 67, 46.2, , 1
Java, fannkuch-redux, 4,  683.81, 139.03, 126.59, 0.00, 17.92, 35082, 138735, 69, 46.0, , 1
Java, fannkuch-redux, 4,  667.56, 136.08, 123.89, 0.00, 17.53, 34313, 135476, 55, 46.2, , 1
Java, fannkuch-redux, 4,  665.06, 135.77, 123.61, 0.00, 17.50, 34258, 135831, 61, 46.5, , 1
Java, fannkuch-redux, 4,  667.14, 135.79, 123.65, 0.00, 17.50, 34259, 135666, 79, 46.0, , 1
Java, fannkuch-redux, 4,  651.09, 132.52, 120.65, 0.00, 17.08, 33428, 132627, 68, 46.0, , 1
Java, fannkuch-redux, 4,  647.60, 130.90, 119.17, 0.00, 16.88, 33034, 130997, 69, 46.5, , 1
Java, fasta, 4,  59.93, 11.95, 10.88, 0.00, 1.60, 3017, 9635, 105, 46.5, , 1
Java, fasta, 4,  59.42, 11.84, 10.77, 0.00, 1.58, 2993, 9533, 114, 46.8, , 1
Java, fasta, 4,  60.08, 11.90, 10.82, 0.00, 1.60, 3009, 9512, 114, 46.8, , 1
Java, fasta, 4,  59.68, 11.89, 10.82, 0.00, 1.59, 3004, 9506, 93, 46.2, , 1
Java, fasta, 4,  59.28, 11.78, 10.71, 0.00, 1.58, 2978, 9478, 116, 47.0, , 1
Java, fasta, 4,  58.11, 11.51, 10.48, 0.00, 1.54, 2911, 9173, 93, 47.2, , 1
Java, fasta, 4,  59.11, 11.64, 10.58, 0.00, 1.57, 2945, 9249, 109, 46.2, , 1
Java, fasta, 4,  58.80, 11.67, 10.62, 0.00, 1.55, 2953, 9297, 96, 46.2, , 1
Java, fasta, 4,  59.07, 11.69, 10.63, 0.00, 1.56, 2957, 9347, 106, 47.0, , 1
Java, fasta, 4,  58.26, 11.54, 10.50, 0.00, 1.55, 2922, 9182, 109, 47.0, , 1
Java, fasta, 4,  58.62, 11.66, 10.61, 0.00, 1.56, 2941, 9298, 97, 46.8, , 1
Java, fasta, 4,  58.87, 11.70, 10.64, 0.00, 1.56, 2961, 9390, 123, 46.8, , 1
Java, fasta, 4,  58.94, 11.73, 10.67, 0.00, 1.56, 2966, 9424, 107, 47.0, , 1
Java, fasta, 4,  60.41, 12.00, 10.91, 0.00, 1.60, 3033, 9645, 100, 46.5, , 1
Java, fasta, 4,  59.90, 11.92, 10.85, 0.00, 1.59, 3011, 9588, 107, 46.5, , 1
Java, fasta, 4,  59.34, 11.73, 10.67, 0.00, 1.57, 2965, 9447, 104, 46.5, , 1
Java, fasta, 4,  59.43, 11.74, 10.68, 0.00, 1.57, 2969, 9423, 126, 46.8, , 1
Java, fasta, 4,  59.65, 11.84, 10.78, 0.00, 1.58, 2992, 9491, 103, 46.8, , 1
Java, fasta, 4,  58.83, 11.70, 10.64, 0.00, 1.56, 2957, 9393, 101, 46.5, , 1
Java, fasta, 4,  59.41, 11.87, 10.80, 0.00, 1.59, 3004, 9587, 102, 46.8, , 1
Java, k-nucleotide, 4,  282.81, 56.59, 51.48, 0.00, 9.31, 14276, 51629, 395, 47.0, , 1
Java, k-nucleotide, 4,  273.20, 54.30, 49.40, 0.00, 8.99, 13690, 49439, 356, 46.5, , 1
Java, k-nucleotide, 4,  274.55, 54.56, 49.63, 0.00, 9.05, 13768, 49773, 372, 46.2, , 1
Java, k-nucleotide, 4,  274.98, 55.10, 50.12, 0.00, 9.11, 13898, 50174, 360, 46.8, , 1
Java, k-nucleotide, 4,  273.36, 54.71, 49.76, 0.00, 9.07, 13810, 49669, 370, 47.0, , 1
Java, k-nucleotide, 4,  272.38, 54.45, 49.53, 0.00, 9.02, 13734, 49432, 359, 46.5, , 1
Java, k-nucleotide, 4,  276.75, 55.27, 50.27, 0.00, 8.99, 13937, 50609, 391, 46.2, , 1
Java, k-nucleotide, 4,  278.87, 55.82, 50.78, 0.00, 9.23, 14081, 50834, 357, 46.2, , 1
Java, k-nucleotide, 4,  275.41, 55.51, 50.50, 0.00, 9.15, 14008, 50641, 385, 46.2, , 1
Java, k-nucleotide, 4,  281.87, 56.82, 51.70, 0.00, 9.33, 14296, 51605, 377, 46.5, , 1
Java, k-nucleotide, 4,  283.29, 56.86, 51.74, 0.00, 9.34, 14302, 51666, 382, 46.5, , 1
Java, k-nucleotide, 4,  282.33, 56.94, 51.82, 0.00, 9.34, 14307, 51591, 377, 46.8, , 1
Java, k-nucleotide, 4,  279.03, 56.04, 50.97, 0.00, 9.26, 14153, 50998, 361, 46.5, , 1
Java, k-nucleotide, 4,  275.57, 55.21, 50.21, 0.00, 9.16, 13963, 50266, 380, 46.8, , 1
Java, k-nucleotide, 4,  276.41, 55.10, 50.10, 0.00, 9.11, 13912, 50072, 403, 46.5, , 1
Java, k-nucleotide, 4,  274.83, 54.74, 49.79, 0.00, 9.07, 13831, 49849, 380, 47.0, , 1
Java, k-nucleotide, 4,  275.76, 55.41, 50.40, 0.00, 9.16, 13988, 50492, 368, 46.5, , 1
Java, k-nucleotide, 4,  275.88, 55.42, 50.42, 0.00, 9.16, 13991, 50394, 400, 46.5, , 1
Java, k-nucleotide, 4,  279.80, 56.18, 51.09, 0.00, 9.26, 14172, 51252, 395, 46.2, , 1
Java, k-nucleotide, 4,  282.68, 56.67, 51.56, 0.00, 9.34, 14297, 51615, 389, 46.0, , 1
Java, mandelbrot, 4,  218.13, 44.62, 40.61, 0.00, 5.82, 11259, 44420, 142, 46.0, , 1
Java, mandelbrot, 4,  218.80, 44.80, 40.78, 0.00, 5.84, 11307, 44659, 159, 46.2, , 1
Java, mandelbrot, 4,  219.79, 44.70, 40.70, 0.00, 5.83, 11283, 44586, 136, 46.0, , 1
Java, mandelbrot, 4,  225.18, 45.73, 41.63, 0.00, 5.96, 11542, 45606, 139, 46.2, , 1
Java, mandelbrot, 4,  221.14, 45.26, 41.20, 0.00, 5.90, 11422, 45127, 124, 46.8, , 1
Java, mandelbrot, 4,  213.18, 43.43, 39.53, 0.00, 5.67, 10963, 43275, 145, 46.5, , 1
Java, mandelbrot, 4,  224.56, 45.62, 41.53, 0.00, 5.95, 11513, 44976, 147, 46.8, , 1
Java, mandelbrot, 4,  217.69, 44.38, 40.40, 0.00, 5.79, 11206, 44249, 131, 46.2, , 1
Java, mandelbrot, 4,  220.12, 44.56, 40.56, 0.00, 5.81, 11247, 44437, 123, 46.5, , 1
Java, mandelbrot, 4,  212.32, 43.15, 39.28, 0.00, 5.63, 10890, 42995, 138, 46.2, , 1
Java, mandelbrot, 4,  219.28, 44.66, 40.65, 0.00, 5.83, 11276, 44518, 150, 46.2, , 1
Java, mandelbrot, 4,  223.63, 45.58, 41.48, 0.00, 5.95, 11502, 45430, 131, 47.0, , 1
Java, mandelbrot, 4,  223.76, 45.73, 41.63, 0.00, 5.96, 11543, 45609, 125, 46.5, , 1
Java, mandelbrot, 4,  223.50, 45.20, 41.15, 0.00, 5.89, 11408, 45066, 130, 46.5, , 1
Java, mandelbrot, 4,  223.56, 45.56, 41.47, 0.00, 5.94, 11499, 45413, 136, 46.5, , 1
Java, mandelbrot, 4,  212.53, 43.25, 39.37, 0.00, 5.65, 10917, 43084, 136, 46.0, , 1
Java, mandelbrot, 4,  219.39, 44.70, 40.70, 0.00, 5.83, 11284, 44574, 141, 46.8, , 1
Java, mandelbrot, 4,  218.67, 44.42, 40.44, 0.00, 5.80, 11216, 44293, 127, 47.0, , 1
Java, mandelbrot, 4,  212.49, 42.99, 39.14, 0.00, 5.61, 10854, 42850, 149, 46.5, , 1
Java, mandelbrot, 4,  221.44, 44.76, 40.75, 0.00, 5.84, 11298, 44627, 127, 46.5, , 1
Java, n-body, 4,  138.18, 28.20, 25.68, 0.00, 3.65, 7110, 7146, 25, 46.8, , 1
Java, n-body, 4,  137.78, 27.99, 25.49, 0.00, 3.62, 7059, 7083, 38, 46.5, , 1
Java, n-body, 4,  136.91, 27.79, 25.31, 0.00, 3.60, 7007, 7042, 26, 46.5, , 1
Java, n-body, 4,  137.78, 27.95, 25.46, 0.00, 3.62, 7049, 7072, 33, 46.5, , 1
Java, n-body, 4,  138.66, 28.20, 25.68, 0.00, 3.65, 7111, 7136, 37, 46.2, , 1
Java, n-body, 4,  139.09, 28.22, 25.70, 0.00, 3.65, 7115, 7137, 37, 46.5, , 1
Java, n-body, 4,  138.58, 28.02, 25.52, 0.00, 3.63, 7067, 7101, 27, 47.0, , 1
Java, n-body, 4,  137.44, 27.99, 25.48, 0.00, 3.62, 7055, 7086, 28, 46.5, , 1
Java, n-body, 4,  136.98, 27.82, 25.35, 0.00, 3.61, 7020, 7052, 28, 46.8, , 1
Java, n-body, 4,  137.46, 27.93, 25.45, 0.00, 3.62, 7049, 7074, 35, 47.0, , 1
Java, n-body, 4,  137.65, 27.94, 25.46, 0.00, 3.62, 7050, 7080, 27, 47.0, , 1
Java, n-body, 4,  137.16, 27.89, 25.39, 0.00, 3.61, 7031, 7056, 34, 46.8, , 1
Java, n-body, 4,  136.19, 27.75, 25.27, 0.00, 3.60, 7000, 7031, 30, 46.0, , 1
Java, n-body, 4,  138.43, 27.90, 25.41, 0.00, 3.62, 7050, 7078, 31, 46.8, , 1
Java, n-body, 4,  138.61, 27.87, 25.39, 0.00, 3.62, 7039, 7070, 28, 46.5, , 1
Java, n-body, 4,  137.85, 27.93, 25.45, 0.00, 3.63, 7058, 7077, 41, 46.8, , 1
Java, n-body, 4,  136.43, 27.78, 25.29, 0.00, 3.60, 7013, 7042, 30, 46.5, , 1
Java, n-body, 4,  137.49, 27.95, 25.45, 0.00, 3.62, 7057, 7078, 38, 46.0, , 1
Java, n-body, 4,  137.00, 28.02, 25.50, 0.00, 3.63, 7075, 7107, 29, 46.5, , 1
Java, n-body, 4,  136.80, 27.97, 25.47, 0.00, 3.63, 7066, 7090, 33, 46.5, , 1
Java, regex-redux, 4,  287.23, 57.96, 52.58, 0.00, 8.61, 14629, 50403, 695, 46.5, , 1
Java, regex-redux, 4,  291.41, 58.73, 53.28, 0.00, 8.70, 14808, 50993, 662, 46.8, , 1
Java, regex-redux, 4,  297.76, 59.89, 54.34, 0.00, 8.86, 15112, 51377, 672, 46.8, , 1
Java, regex-redux, 4,  295.05, 59.38, 53.87, 0.00, 8.80, 14983, 51321, 655, 46.2, , 1
Java, regex-redux, 4,  295.13, 59.09, 53.60, 0.00, 8.73, 14913, 50595, 774, 46.2, , 1
Java, regex-redux, 4,  285.89, 57.35, 52.03, 0.00, 8.55, 14486, 49876, 701, 46.8, , 1
Java, regex-redux, 4,  286.17, 57.34, 52.02, 0.00, 8.53, 14464, 49478, 617, 46.8, , 1
Java, regex-redux, 4,  285.07, 57.14, 51.83, 0.00, 8.52, 14428, 49572, 644, 46.8, , 1
Java, regex-redux, 4,  292.55, 58.58, 53.14, 0.00, 8.70, 14790, 50972, 645, 46.5, , 1
Java, regex-redux, 4,  290.50, 58.50, 53.07, 0.00, 8.69, 14750, 51046, 709, 46.5, , 1
Java, regex-redux, 4,  290.01, 58.28, 52.86, 0.00, 8.68, 14710, 50614, 715, 46.8, , 1
Java, regex-redux, 4,  285.60, 57.23, 51.91, 0.00, 8.53, 14441, 49837, 653, 46.8, , 1
Java, regex-redux, 4,  288.40, 57.79, 52.42, 0.00, 8.60, 14587, 50173, 649, 46.2, , 1
Java, regex-redux, 4,  284.91, 57.17, 51.86, 0.00, 8.51, 14429, 49503, 651, 46.2, , 1
Java, regex-redux, 4,  300.36, 60.56, 54.93, 0.00, 8.94, 15297, 50043, 576, 46.8, , 1
Java, regex-redux, 4,  299.38, 60.50, 54.90, 0.00, 8.91, 15248, 51610, 766, 46.8, , 1
Java, regex-redux, 4,  290.43, 58.21, 52.80, 0.00, 8.65, 14684, 50578, 667, 46.5, , 1
Java, regex-redux, 4,  296.19, 59.66, 54.11, 0.00, 8.84, 15056, 51503, 691, 46.5, , 1
Java, regex-redux, 4,  296.66, 59.61, 54.07, 0.00, 8.84, 15045, 51139, 686, 46.8, , 1
Java, regex-redux, 4,  286.07, 57.51, 52.16, 0.00, 8.56, 14512, 49871, 712, 46.5, , 1
Java, reverse-complement, 4,  27.96, 5.38, 4.78, 0.00, 1.16, 1366, 1172, 542, 46.8, , 1
Java, reverse-complement, 4,  27.91, 5.41, 4.81, 0.00, 1.16, 1368, 1200, 517, 47.0, , 1
Java, reverse-complement, 4,  27.73, 5.35, 4.75, 0.00, 1.15, 1354, 1176, 528, 46.5, , 1
Java, reverse-complement, 4,  27.70, 5.38, 4.78, 0.00, 1.16, 1360, 1174, 534, 47.0, , 1
Java, reverse-complement, 4,  28.38, 5.50, 4.89, 0.00, 1.18, 1389, 1223, 523, 47.2, , 1
Java, reverse-complement, 4,  27.97, 5.43, 4.83, 0.00, 1.17, 1370, 1178, 547, 46.5, , 1
Java, reverse-complement, 4,  27.85, 5.40, 4.79, 0.00, 1.16, 1364, 1167, 546, 46.8, , 1
Java, reverse-complement, 4,  27.73, 5.41, 4.81, 0.00, 1.16, 1366, 1175, 538, 47.0, , 1
Java, reverse-complement, 4,  27.67, 5.41, 4.81, 0.00, 1.16, 1367, 1153, 559, 46.5, , 1
Java, reverse-complement, 4,  27.68, 5.38, 4.77, 0.00, 1.16, 1361, 1188, 525, 46.2, , 1
Java, reverse-complement, 4,  27.41, 5.33, 4.74, 0.00, 1.15, 1349, 1161, 533, 47.0, , 1
Java, reverse-complement, 4,  27.79, 5.43, 4.82, 0.00, 1.16, 1372, 1170, 557, 46.8, , 1
Java, reverse-complement, 4,  27.21, 5.30, 4.70, 0.00, 1.15, 1341, 1144, 541, 46.8, , 1
Java, reverse-complement, 4,  27.64, 5.35, 4.75, 0.00, 1.15, 1351, 1159, 531, 46.2, , 1
Java, reverse-complement, 4,  27.53, 5.38, 4.78, 0.00, 1.16, 1357, 1166, 539, 46.5, , 1
Java, reverse-complement, 4,  27.56, 5.36, 4.76, 0.00, 1.16, 1353, 1149, 550, 46.8, , 1
Java, reverse-complement, 4,  27.51, 5.38, 4.78, 0.00, 1.16, 1361, 1167, 539, 47.0, , 1
Java, reverse-complement, 4,  27.58, 5.42, 4.82, 0.00, 1.16, 1368, 1178, 541, 46.8, , 1
Java, reverse-complement, 4,  27.60, 5.41, 4.81, 0.00, 1.17, 1366, 1165, 552, 46.5, , 1
Java, reverse-complement, 4,  27.86, 5.43, 4.82, 0.00, 1.17, 1374, 1183, 545, 47.0, , 1
Java, spectral-norm, 4,  36.19, 7.30, 6.64, 0.00, 0.98, 1856, 6802, 99, 46.2, , 1
Java, spectral-norm, 4,  36.27, 7.31, 6.65, 0.00, 0.98, 1859, 6833, 90, 46.5, , 1
Java, spectral-norm, 4,  36.24, 7.29, 6.63, 0.00, 0.98, 1853, 6836, 95, 46.5, , 1
Java, spectral-norm, 4,  35.91, 7.21, 6.56, 0.00, 0.97, 1834, 6688, 110, 46.2, , 1
Java, spectral-norm, 4,  36.09, 7.26, 6.60, 0.00, 0.97, 1838, 6789, 93, 46.5, , 1
Java, spectral-norm, 4,  36.56, 7.34, 6.67, 0.00, 0.98, 1863, 6831, 103, 46.5, , 1
Java, spectral-norm, 4,  36.73, 7.33, 6.66, 0.00, 0.99, 1862, 6738, 92, 46.8, , 1
Java, spectral-norm, 4,  36.22, 7.33, 6.67, 0.00, 0.98, 1861, 6840, 93, 46.8, , 1
Java, spectral-norm, 4,  36.04, 7.26, 6.60, 0.00, 0.97, 1844, 6811, 87, 46.5, , 1
Java, spectral-norm, 4,  35.99, 7.28, 6.62, 0.00, 0.97, 1850, 6830, 91, 46.5, , 1
Java, spectral-norm, 4,  36.12, 7.30, 6.63, 0.00, 0.97, 1852, 6841, 94, 47.0, , 1
Java, spectral-norm, 4,  36.04, 7.25, 6.59, 0.00, 0.97, 1841, 6798, 91, 46.5, , 1
Java, spectral-norm, 4,  35.80, 7.18, 6.53, 0.00, 0.96, 1827, 6667, 85, 46.8, , 1
Java, spectral-norm, 4,  36.06, 7.23, 6.58, 0.00, 0.97, 1836, 6751, 102, 46.5, , 1
Java, spectral-norm, 4,  35.77, 7.13, 6.48, 0.00, 0.96, 1811, 6682, 86, 46.8, , 1
Java, spectral-norm, 4,  36.57, 7.29, 6.63, 0.00, 0.98, 1854, 6830, 93, 46.5, , 1
Java, spectral-norm, 4,  36.41, 7.28, 6.62, 0.00, 0.97, 1851, 6812, 100, 46.8, , 1
Java, spectral-norm, 4,  36.27, 7.30, 6.64, 0.00, 0.98, 1854, 6821, 95, 46.8, , 1
Java, spectral-norm, 4,  36.33, 7.33, 6.67, 0.00, 0.98, 1861, 6852, 100, 46.5, , 1
Java, spectral-norm, 4,  35.87, 7.20, 6.54, 0.00, 0.96, 1827, 6675, 90, 46.5, , 1
Python, binary-trees, 4,  2333.80, 477.36, 432.25, 0.00, 80.57, 116642, 427241, 7999, 46.8, , 1
Python, binary-trees, 4,  2335.39, 478.77, 433.49, 0.00, 80.66, 116809, 427641, 8086, 46.5, , 1
Python, binary-trees, 4,  2337.68, 480.53, 435.69, 0.00, 80.92, 116771, 426518, 8134, 46.5, , 1
Python, binary-trees, 4,  2342.71, 478.57, 433.39, 0.00, 80.97, 116926, 427214, 8148, 46.5, , 1
Python, binary-trees, 4,  2355.54, 480.75, 435.52, 0.00, 81.38, 117521, 429191, 8082, 46.5, , 1
Python, binary-trees, 4,  2357.34, 483.54, 438.17, 0.00, 81.31, 117549, 429717, 8075, 46.5, , 1
Python, binary-trees, 4,  2350.47, 483.89, 438.53, 0.00, 80.98, 117317, 428422, 8016, 46.5, , 1
Python, binary-trees, 4,  2419.41, 493.16, 447.05, 0.00, 82.48, 120054, 439114, 8210, 46.5, , 1
Python, binary-trees, 4,  2372.47, 481.13, 435.82, 0.00, 81.07, 117359, 428098, 8313, 46.2, , 1
Python, binary-trees, 4,  2379.95, 484.62, 439.10, 0.00, 81.18, 117867, 431114, 8056, 46.8, , 1
Python, binary-trees, 4,  2360.07, 484.71, 439.60, 0.00, 81.36, 117449, 429135, 8286, 46.0, , 1
Python, binary-trees, 4,  2359.01, 480.45, 435.20, 0.00, 81.07, 117340, 428397, 8094, 46.5, , 1
Python, binary-trees, 4,  2378.72, 484.44, 438.86, 0.00, 81.49, 118086, 432385, 7942, 46.5, , 1
Python, binary-trees, 4,  2352.83, 481.11, 435.98, 0.00, 81.16, 117242, 427058, 8306, 46.2, , 1
Python, binary-trees, 4,  2358.02, 482.12, 436.75, 0.00, 81.02, 117385, 429411, 8086, 46.5, , 1
Python, binary-trees, 4,  2343.87, 474.28, 429.31, 0.00, 80.89, 116700, 426752, 8162, 46.5, , 1
Python, binary-trees, 4,  2347.35, 479.70, 434.51, 0.00, 80.96, 117080, 428105, 8351, 46.2, , 1
Python, binary-trees, 4,  2335.97, 478.26, 433.36, 0.00, 80.87, 116753, 426802, 8146, 46.8, , 1
Python, binary-trees, 4,  2364.45, 481.75, 436.13, 0.00, 81.48, 118091, 432290, 8138, 46.2, , 1
Python, binary-trees, 4,  2333.38, 480.43, 435.37, 0.00, 80.89, 116801, 426792, 8121, 46.2, , 1
Python, fannkuch-redux, 4,  20692.35, 4391.41, 4015.56, 0.00, 537.68, 1054187, 4174846, 230, 46.8, , 1
Python, fannkuch-redux, 4,  20916.21, 4476.42, 4095.29, 0.00, 544.91, 1068224, 4187287, 354, 46.8, , 1
Python, fannkuch-redux, 4,  20518.29, 4370.01, 3996.06, 0.00, 535.97, 1050663, 4159184, 385, 46.2, , 1
Python, fannkuch-redux, 4,  20583.95, 4333.22, 3958.80, 0.00, 537.01, 1052776, 4162153, 256, 46.8, , 1
Python, fannkuch-redux, 4,  20567.11, 4386.00, 4011.48, 0.00, 536.30, 1051368, 4167416, 325, 46.2, , 1
Python, fannkuch-redux, 4,  20562.96, 4311.67, 3937.29, 0.00, 536.90, 1052545, 4170844, 246, 46.2, , 1
Python, fannkuch-redux, 4,  20569.03, 4324.45, 3951.00, 0.00, 535.51, 1049812, 4158767, 289, 46.2, , 1
Python, fannkuch-redux, 4,  20590.48, 4315.72, 3941.77, 0.00, 536.09, 1050727, 4158915, 291, 46.8, , 1
Python, fannkuch-redux, 4,  20779.91, 4307.67, 3929.51, 0.00, 542.60, 1063458, 4208789, 228, 46.8, , 1
Python, fannkuch-redux, 4,  20434.16, 4219.16, 3845.39, 0.00, 536.86, 1052148, 4172204, 300, 45.8, , 1
Python, fannkuch-redux, 4,  20606.39, 4247.52, 3872.58, 0.00, 538.43, 1055261, 4181735, 247, 46.8, , 1
Python, fannkuch-redux, 4,  20602.36, 4260.41, 3885.61, 0.00, 538.40, 1055175, 4192879, 251, 46.0, , 1
Python, fannkuch-redux, 4,  20520.86, 4296.72, 3922.52, 0.00, 536.89, 1052237, 4170622, 265, 46.8, , 1
Python, fannkuch-redux, 4,  20309.37, 4327.26, 3952.21, 0.00, 538.13, 1054626, 4176627, 279, 46.2, , 1
Python, fannkuch-redux, 4,  20554.52, 4353.64, 3975.11, 0.00, 543.41, 1064987, 4218886, 304, 46.5, , 1
Python, fannkuch-redux, 4,  20320.33, 4288.30, 3914.14, 0.00, 537.07, 1052594, 4164616, 219, 46.2, , 1
Python, fannkuch-redux, 4,  20408.51, 4327.48, 3952.36, 0.00, 538.42, 1055223, 4184850, 218, 46.2, , 1
Python, fannkuch-redux, 4,  20319.16, 4301.83, 3927.61, 0.00, 537.52, 1053467, 4177616, 242, 46.5, , 1
Python, fannkuch-redux, 4,  20550.89, 4340.26, 3962.43, 0.00, 542.69, 1063575, 4209411, 210, 46.5, , 1
Python, fannkuch-redux, 4,  20320.56, 4279.27, 3904.95, 0.00, 537.70, 1053814, 4166506, 196, 46.2, , 1
Python, fasta, 4,  1562.05, 324.29, 295.27, 0.00, 41.76, 81839, 81794, 44, 46.2, , 1
Python, fasta, 4,  1661.62, 341.48, 310.97, 0.00, 43.96, 86184, 86138, 44, 46.5, , 1
Python, fasta, 4,  1579.12, 325.17, 296.14, 0.00, 41.87, 82075, 82028, 47, 46.2, , 1
Python, fasta, 4,  1588.91, 326.01, 296.92, 0.00, 41.97, 82268, 82217, 46, 46.2, , 1
Python, fasta, 4,  1591.70, 326.79, 297.54, 0.00, 42.08, 82480, 82427, 48, 46.2, , 1
Python, fasta, 4,  1558.79, 323.56, 294.54, 0.00, 41.64, 81627, 81583, 43, 46.5, , 1
Python, fasta, 4,  1555.40, 322.00, 293.16, 0.00, 41.45, 81250, 81207, 42, 45.8, , 1
Python, fasta, 4,  1571.88, 327.09, 297.79, 0.00, 42.10, 82519, 82477, 37, 45.8, , 1
Python, fasta, 4,  1575.70, 325.73, 296.55, 0.00, 41.95, 82204, 82154, 49, 46.8, , 1
Python, fasta, 4,  1572.52, 324.47, 295.49, 0.00, 41.79, 81895, 81834, 60, 46.5, , 1
Python, fasta, 4,  1572.10, 324.10, 295.12, 0.00, 41.74, 81793, 81752, 40, 46.0, , 1
Python, fasta, 4,  1561.34, 323.02, 294.07, 0.00, 41.59, 81503, 81442, 61, 46.5, , 1
Python, fasta, 4,  1567.79, 326.93, 297.68, 0.00, 42.10, 82500, 82442, 57, 46.0, , 1
Python, fasta, 4,  1553.46, 323.00, 294.04, 0.00, 41.58, 81498, 81459, 39, 46.8, , 1
Python, fasta, 4,  1569.09, 325.49, 296.30, 0.00, 41.90, 82118, 82063, 54, 46.2, , 1
Python, fasta, 4,  1580.24, 325.52, 296.40, 0.00, 41.92, 82145, 82095, 46, 46.5, , 1
Python, fasta, 4,  1590.83, 326.68, 297.49, 0.00, 42.08, 82442, 82395, 43, 46.2, , 1
Python, fasta, 4,  1584.06, 324.90, 295.90, 0.00, 41.85, 82017, 81980, 36, 46.2, , 1
Python, fasta, 4,  1577.45, 323.30, 294.48, 0.00, 41.65, 81621, 81581, 35, 46.2, , 1
Python, fasta, 4,  1598.64, 331.84, 302.13, 0.00, 42.73, 83728, 83672, 51, 46.0, , 1
Python, k-nucleotide, 4,  2699.27, 566.16, 517.15, 0.00, 101.35, 136184, 534771, 1750, 46.0, , 1
Python, k-nucleotide, 4,  2715.32, 572.06, 522.95, 0.00, 101.89, 136542, 535896, 1699, 46.0, , 1
Python, k-nucleotide, 4,  2702.92, 567.75, 518.88, 0.00, 101.65, 135567, 533283, 1700, 45.8, , 1
Python, k-nucleotide, 4,  2706.08, 573.13, 523.69, 0.00, 102.17, 137525, 536806, 1566, 46.0, , 1
Python, k-nucleotide, 4,  2673.38, 560.84, 511.99, 0.00, 101.05, 135570, 532721, 1649, 45.8, , 1
Python, k-nucleotide, 4,  2701.40, 563.37, 514.56, 0.00, 101.21, 135696, 533198, 1563, 45.8, , 1
Python, k-nucleotide, 4,  2748.24, 577.94, 528.45, 0.00, 102.48, 137571, 537874, 1454, 46.0, , 1
Python, k-nucleotide, 4,  2687.56, 571.47, 522.66, 0.00, 101.08, 135524, 532878, 1664, 45.8, , 1
Python, k-nucleotide, 4,  2683.40, 571.18, 522.29, 0.00, 101.62, 135900, 533729, 1710, 45.8, , 1
Python, k-nucleotide, 4,  2717.13, 572.83, 523.31, 0.00, 102.57, 137437, 538233, 1723, 46.0, , 1
Python, k-nucleotide, 4,  2719.56, 571.04, 521.97, 0.00, 101.64, 136308, 535576, 1674, 46.2, , 1
Python, k-nucleotide, 4,  2740.38, 576.18, 526.61, 0.00, 102.16, 137702, 540176, 1590, 46.0, , 1
Python, k-nucleotide, 4,  2684.93, 569.89, 520.87, 0.00, 101.66, 136080, 534082, 1610, 46.2, , 1
Python, k-nucleotide, 4,  2701.42, 572.88, 523.97, 0.00, 101.27, 136068, 533626, 1643, 45.8, , 1
Python, k-nucleotide, 4,  2738.19, 571.63, 522.31, 0.00, 101.90, 137115, 539678, 1651, 46.2, , 1
Python, k-nucleotide, 4,  2696.16, 566.78, 518.26, 0.00, 100.63, 134728, 530173, 1676, 46.5, , 1
Python, k-nucleotide, 4,  2697.12, 569.26, 520.30, 0.00, 101.42, 136077, 533682, 1650, 46.0, , 1
Python, k-nucleotide, 4,  2691.91, 570.21, 521.35, 0.00, 101.16, 135828, 534403, 1743, 46.2, , 1
Python, k-nucleotide, 4,  2703.10, 571.07, 522.07, 0.00, 101.65, 136126, 534268, 1793, 46.0, , 1
Python, k-nucleotide, 4,  2754.50, 580.45, 530.72, 0.00, 102.77, 138314, 540212, 1777, 46.2, , 1
Python, mandelbrot, 4,  8830.24, 1946.27, 1785.26, 0.00, 230.79, 452041, 1801390, 3582, 45.8, , 1
Python, mandelbrot, 4,  8785.83, 1911.92, 1751.78, 0.00, 229.42, 449253, 1789852, 3566, 46.0, , 1
Python, mandelbrot, 4,  8761.10, 1939.47, 1779.67, 0.00, 229.23, 448890, 1788739, 3559, 46.2, , 1
Python, mandelbrot, 4,  8988.58, 2021.51, 1857.47, 0.00, 235.20, 460629, 1835467, 3620, 46.0, , 1
Python, mandelbrot, 4,  8808.51, 1943.45, 1783.47, 0.00, 229.49, 449468, 1790759, 3450, 46.2, , 1
Python, mandelbrot, 4,  8813.13, 1921.61, 1761.47, 0.00, 229.55, 449659, 1791617, 3602, 45.8, , 1
Python, mandelbrot, 4,  8724.87, 1911.85, 1752.42, 0.00, 228.51, 447614, 1784041, 3508, 46.0, , 1
Python, mandelbrot, 4,  8742.25, 1921.47, 1761.54, 0.00, 229.24, 448974, 1789222, 3409, 46.2, , 1
Python, mandelbrot, 4,  8760.18, 1926.78, 1766.88, 0.00, 229.33, 449050, 1788861, 3675, 45.8, , 1
Python, mandelbrot, 4,  8911.39, 1972.92, 1811.03, 0.00, 232.34, 454781, 1810478, 3561, 46.0, , 1
Python, mandelbrot, 4,  8780.56, 1927.23, 1767.01, 0.00, 229.84, 450102, 1794155, 3470, 46.2, , 1
Python, mandelbrot, 4,  9124.74, 2042.73, 1876.79, 0.00, 238.05, 466249, 1858292, 3562, 46.0, , 1
Python, mandelbrot, 4,  8823.62, 1950.04, 1789.65, 0.00, 230.17, 450783, 1796581, 3383, 46.0, , 1
Python, mandelbrot, 4,  8871.99, 1943.46, 1782.79, 0.00, 230.68, 451660, 1797661, 3369, 46.0, , 1
Python, mandelbrot, 4,  8865.27, 1951.78, 1790.32, 0.00, 231.76, 453896, 1809496, 3533, 46.2, , 1
Python, mandelbrot, 4,  8835.34, 1954.04, 1793.57, 0.00, 230.41, 451231, 1798379, 3383, 46.0, , 1
Python, mandelbrot, 4,  8888.23, 1965.36, 1804.21, 0.00, 231.41, 453142, 1805842, 3463, 45.8, , 1
Python, mandelbrot, 4,  8832.07, 1923.77, 1763.42, 0.00, 230.10, 450608, 1795400, 3567, 45.8, , 1
Python, mandelbrot, 4,  8958.78, 1953.47, 1792.67, 0.00, 230.51, 451349, 1798019, 3910, 46.0, , 1
Python, mandelbrot, 4,  9377.16, 1961.61, 1800.08, 0.00, 230.58, 451268, 1795031, 4895, 45.8, , 1
Python, n-body, 4,  9167.16, 1896.11, 1725.88, 0.00, 243.96, 478292, 478242, 23, 46.0, , 1
Python, n-body, 4,  9141.47, 1901.46, 1730.62, 0.00, 244.64, 479630, 479608, 7, 46.2, , 1
Python, n-body, 4,  9239.19, 1918.39, 1746.23, 0.00, 246.85, 483948, 483904, 22, 45.8, , 1
Python, n-body, 4,  9162.93, 1903.12, 1731.77, 0.00, 244.78, 479917, 479909, 5, 46.0, , 1
Python, n-body, 4,  9235.93, 1921.93, 1748.86, 0.00, 247.24, 484719, 484691, 8, 45.8, , 1
Python, n-body, 4,  9215.10, 1900.35, 1729.05, 0.00, 244.39, 479163, 479158, 3, 46.0, , 1
Python, n-body, 4,  9282.35, 1911.32, 1739.11, 0.00, 245.82, 481955, 481947, 6, 45.8, , 1
Python, n-body, 4,  9129.90, 1890.80, 1720.63, 0.00, 243.26, 476837, 476829, 4, 46.0, , 1
Python, n-body, 4,  9057.09, 1876.40, 1707.26, 0.00, 241.37, 473127, 473119, 3, 45.8, , 1
Python, n-body, 4,  9216.57, 1912.53, 1739.76, 0.00, 249.57, 482326, 482319, 2, 45.8, , 1
Python, n-body, 4,  9084.53, 1883.13, 1713.41, 0.00, 242.25, 474833, 474824, 5, 46.0, , 1
Python, n-body, 4,  9004.90, 1873.62, 1704.74, 0.00, 241.04, 472442, 472432, 5, 46.0, , 1
Python, n-body, 4,  9013.57, 1873.59, 1704.80, 0.00, 241.03, 472456, 472446, 5, 46.0, , 1
Python, n-body, 4,  9145.47, 1895.75, 1725.23, 0.00, 243.94, 478155, 478129, 7, 46.0, , 1
Python, n-body, 4,  9119.57, 1889.41, 1719.25, 0.00, 243.07, 476441, 476431, 6, 46.0, , 1
Python, n-body, 4,  9278.09, 1923.31, 1750.04, 0.00, 247.43, 484981, 484968, 9, 46.0, , 1
Python, n-body, 4,  9131.02, 1883.20, 1714.02, 0.00, 242.34, 475015, 474968, 24, 46.0, , 1
Python, n-body, 4,  9574.88, 1974.01, 1796.12, 0.00, 253.93, 497748, 497736, 8, 46.5, , 1
Python, n-body, 4,  9120.33, 1873.30, 1704.93, 0.00, 241.05, 472491, 472442, 26, 46.0, , 1
Python, n-body, 4,  9019.94, 1865.59, 1697.65, 0.00, 240.02, 470471, 470466, 2, 46.0, , 1
Python, regex-redux, 4,  351.57, 71.80, 65.21, 0.00, 10.25, 18121, 41957, 815, 45.8, , 1
Python, regex-redux, 4,  351.03, 72.12, 65.50, 0.00, 10.28, 18197, 42207, 826, 46.2, , 1
Python, regex-redux, 4,  350.75, 71.74, 65.15, 0.00, 10.22, 18103, 41716, 822, 45.8, , 1
Python, regex-redux, 4,  346.16, 70.61, 64.13, 0.00, 10.09, 17816, 41270, 766, 46.0, , 1
Python, regex-redux, 4,  345.97, 70.74, 64.25, 0.00, 10.11, 17851, 41268, 850, 46.2, , 1
Python, regex-redux, 4,  345.85, 70.41, 63.94, 0.00, 10.07, 17770, 40993, 786, 45.8, , 1
Python, regex-redux, 4,  351.22, 71.32, 64.77, 0.00, 10.19, 17992, 41656, 774, 46.0, , 1
Python, regex-redux, 4,  348.39, 71.25, 64.71, 0.00, 10.18, 17976, 41751, 829, 46.5, , 1
Python, regex-redux, 4,  349.23, 71.19, 64.65, 0.00, 10.17, 17961, 41210, 828, 45.8, , 1
Python, regex-redux, 4,  353.95, 72.13, 65.50, 0.00, 10.29, 18189, 41957, 847, 46.0, , 1
Python, regex-redux, 4,  357.34, 73.80, 67.03, 0.00, 10.50, 18611, 43069, 797, 45.8, , 1
Python, regex-redux, 4,  353.04, 72.74, 66.06, 0.00, 10.37, 18351, 42419, 827, 46.0, , 1
Python, regex-redux, 4,  350.47, 71.85, 65.26, 0.00, 10.27, 18146, 42148, 803, 46.2, , 1
Python, regex-redux, 4,  352.27, 71.73, 65.14, 0.00, 10.25, 18096, 41798, 844, 46.5, , 1
Python, regex-redux, 4,  355.56, 72.92, 66.23, 0.00, 10.40, 18390, 42234, 873, 46.0, , 1
Python, regex-redux, 4,  356.49, 73.18, 66.47, 0.00, 10.43, 18463, 42782, 803, 46.0, , 1
Python, regex-redux, 4,  353.97, 72.29, 65.66, 0.00, 10.32, 18245, 42240, 824, 45.8, , 1
Python, regex-redux, 4,  357.15, 73.26, 66.53, 0.00, 10.45, 18492, 42678, 861, 45.8, , 1
Python, regex-redux, 4,  351.47, 72.93, 66.24, 0.00, 10.40, 18403, 42448, 812, 45.2, , 1
Python, regex-redux, 4,  350.72, 72.36, 65.72, 0.00, 10.32, 18252, 42358, 825, 46.0, , 1
Python, reverse-complement, 4,  64.20, 13.24, 11.99, 0.00, 2.22, 3334, 4803, 1152, 46.0, , 1
Python, reverse-complement, 4,  63.63, 13.06, 11.83, 0.00, 2.19, 3295, 4804, 1087, 46.5, , 1
Python, reverse-complement, 4,  64.35, 13.24, 11.99, 0.00, 2.20, 3342, 4911, 1080, 46.0, , 1
Python, reverse-complement, 4,  64.35, 13.26, 12.01, 0.00, 2.21, 3348, 4858, 1122, 45.8, , 1
Python, reverse-complement, 4,  64.94, 13.37, 12.11, 0.00, 2.23, 3376, 4916, 1119, 45.8, , 1
Python, reverse-complement, 4,  64.99, 13.32, 12.07, 0.00, 2.23, 3362, 4960, 1051, 46.2, , 1
Python, reverse-complement, 4,  65.16, 13.38, 12.12, 0.00, 2.23, 3379, 4919, 1112, 46.2, , 1
Python, reverse-complement, 4,  65.56, 13.45, 12.18, 0.00, 2.24, 3390, 4928, 1119, 46.0, , 1
Python, reverse-complement, 4,  65.42, 13.38, 12.12, 0.00, 2.23, 3383, 4881, 1162, 45.8, , 1
Python, reverse-complement, 4,  65.90, 13.47, 12.20, 0.00, 2.25, 3407, 4947, 1135, 45.8, , 1
Python, reverse-complement, 4,  65.03, 13.31, 12.05, 0.00, 2.22, 3360, 4882, 1111, 46.0, , 1
Python, reverse-complement, 4,  64.28, 13.11, 11.87, 0.00, 2.19, 3312, 4797, 1106, 46.0, , 1
Python, reverse-complement, 4,  65.41, 13.23, 11.98, 0.00, 2.21, 3340, 4896, 1098, 46.0, , 1
Python, reverse-complement, 4,  64.99, 13.16, 11.92, 0.00, 2.20, 3325, 4833, 1122, 46.0, , 1
Python, reverse-complement, 4,  66.12, 13.43, 12.17, 0.00, 2.25, 3390, 4942, 1126, 46.5, , 1
Python, reverse-complement, 4,  65.11, 13.17, 11.93, 0.00, 2.21, 3326, 4867, 1082, 45.8, , 1
Python, reverse-complement, 4,  65.01, 13.19, 11.94, 0.00, 2.21, 3329, 4826, 1111, 46.0, , 1
Python, reverse-complement, 4,  64.95, 13.28, 12.03, 0.00, 2.22, 3352, 4865, 1149, 46.2, , 1
Python, reverse-complement, 4,  65.65, 13.39, 12.13, 0.00, 2.24, 3382, 4916, 1133, 46.0, , 1
Python, reverse-complement, 4,  66.05, 13.53, 12.25, 0.00, 2.26, 3416, 4953, 1145, 46.0, , 1
Python, spectral-norm, 4,  6643.53, 1437.65, 1316.53, 0.00, 174.66, 341753, 1361058, 399, 45.8, , 1
Python, spectral-norm, 4,  6682.21, 1435.12, 1313.45, 0.00, 175.28, 342972, 1364889, 385, 45.2, , 1
Python, spectral-norm, 4,  6605.90, 1445.08, 1324.32, 0.00, 174.11, 340691, 1357097, 423, 45.8, , 1
Python, spectral-norm, 4,  6621.35, 1441.53, 1320.82, 0.00, 174.07, 340574, 1356315, 421, 45.8, , 1
Python, spectral-norm, 4,  6570.17, 1428.73, 1308.24, 0.00, 173.75, 339992, 1355046, 416, 45.2, , 1
Python, spectral-norm, 4,  6692.01, 1451.16, 1329.15, 0.00, 175.91, 344237, 1371541, 409, 45.8, , 1
Python, spectral-norm, 4,  6609.63, 1416.13, 1295.53, 0.00, 173.74, 339979, 1355182, 395, 45.8, , 1
Python, spectral-norm, 4,  6733.37, 1449.78, 1327.63, 0.00, 176.07, 344518, 1372275, 441, 45.8, , 1
Python, spectral-norm, 4,  6714.51, 1438.87, 1316.72, 0.00, 175.95, 344260, 1372004, 409, 45.5, , 1
Python, spectral-norm, 4,  6653.46, 1431.15, 1309.18, 0.00, 175.72, 343794, 1369572, 408, 45.2, , 1
Python, spectral-norm, 4,  6655.31, 1411.16, 1290.25, 0.00, 174.09, 340563, 1355586, 421, 45.8, , 1
Python, spectral-norm, 4,  6588.45, 1426.25, 1305.31, 0.00, 174.26, 340951, 1358588, 404, 46.2, , 1
Python, spectral-norm, 4,  6614.37, 1427.00, 1306.23, 0.00, 174.10, 340634, 1357068, 393, 45.5, , 1
Python, spectral-norm, 4,  6690.78, 1443.05, 1320.89, 0.00, 176.10, 344563, 1373712, 427, 45.5, , 1
Python, spectral-norm, 4,  6603.38, 1429.13, 1308.37, 0.00, 174.05, 340546, 1356781, 439, 45.8, , 1
Python, spectral-norm, 4,  6725.22, 1451.58, 1329.57, 0.00, 175.97, 344252, 1372145, 406, 45.8, , 1
Python, spectral-norm, 4,  6684.40, 1475.25, 1353.30, 0.00, 175.80, 343905, 1369916, 464, 46.0, , 1
Python, spectral-norm, 4,  6802.84, 1477.18, 1354.70, 0.00, 176.54, 345385, 1374696, 442, 45.2, , 1
Python, spectral-norm, 4,  6665.73, 1448.27, 1327.25, 0.00, 174.54, 341473, 1359911, 454, 45.8, , 1
Python, spectral-norm, 4,  6820.05, 1473.24, 1350.10, 0.00, 179.03, 347358, 1371747, 432, 45.5, , 1
C, binary-trees, 8,  45.83, 14.70, 13.89, 0.00, 1.73, 1865, 5785, 259, 48.0, , 1
C, binary-trees, 8,  45.65, 14.79, 13.98, 0.00, 1.73, 1858, 5746, 280, 47.8, , 1
C, binary-trees, 8,  45.77, 14.73, 13.92, 0.00, 1.73, 1852, 5746, 261, 48.5, , 1
C, binary-trees, 8,  46.21, 14.85, 14.03, 0.00, 1.73, 1866, 5793, 260, 48.2, , 1
C, binary-trees, 8,  46.07, 14.84, 14.02, 0.00, 1.74, 1867, 5795, 278, 48.0, , 1
C, binary-trees, 8,  45.81, 14.71, 13.90, 0.00, 1.73, 1855, 5746, 268, 47.8, , 1
C, binary-trees, 8,  45.78, 14.68, 13.87, 0.00, 1.73, 1849, 5727, 275, 48.2, , 1
C, binary-trees, 8,  45.99, 14.84, 14.03, 0.00, 1.73, 1864, 5773, 276, 48.2, , 1
C, binary-trees, 8,  45.60, 14.78, 13.97, 0.00, 1.73, 1855, 5757, 273, 48.2, , 1
C, binary-trees, 8,  45.62, 14.75, 13.94, 0.00, 1.73, 1855, 5745, 276, 48.2, , 1
C, binary-trees, 8,  45.94, 14.87, 14.05, 0.00, 1.74, 1865, 5780, 275, 47.8, , 1
C, binary-trees, 8,  45.66, 14.69, 13.88, 0.00, 1.73, 1847, 5730, 274, 48.0, , 1
C, binary-trees, 8,  45.95, 14.74, 13.93, 0.00, 1.74, 1859, 5751, 276, 47.8, , 1
C, binary-trees, 8,  46.01, 14.77, 13.96, 0.00, 1.73, 1857, 5737, 268, 48.5, , 1
C, binary-trees, 8,  46.07, 14.80, 13.99, 0.00, 1.74, 1858, 5717, 291, 48.2, , 1
C, binary-trees, 8,  45.97, 14.78, 13.96, 0.00, 1.73, 1861, 5749, 287, 48.5, , 1
C, binary-trees, 8,  45.99, 14.79, 13.97, 0.00, 1.73, 1862, 5794, 265, 49.0, , 1
C, binary-trees, 8,  46.07, 14.77, 13.96, 0.00, 1.75, 1865, 5791, 262, 48.2, , 1
C, binary-trees, 8,  45.78, 14.70, 13.90, 0.00, 1.73, 1850, 5723, 282, 48.2, , 1
C, binary-trees, 8,  49.76, 15.99, 15.13, 0.00, 1.80, 2007, 5854, 263, 48.8, , 1
C, fannkuch-redux, 8,  91.96, 30.70, 29.32, 0.00, 1.97, 3854, 15324, 0, 48.2, , 1
C, fannkuch-redux, 8,  92.37, 30.82, 29.44, 0.00, 1.98, 3868, 15380, 0, 48.5, , 1
C, fannkuch-redux, 8,  92.20, 30.78, 29.40, 0.00, 1.97, 3862, 15358, 0, 48.5, , 1
C, fannkuch-redux, 8,  92.37, 30.85, 29.46, 0.00, 1.98, 3872, 15396, 2, 49.0, , 1
C, fannkuch-redux, 8,  92.29, 30.87, 29.49, 0.00, 1.98, 3875, 15412, 1, 48.5, , 1
C, fannkuch-redux, 8,  92.63, 30.88, 29.50, 0.00, 1.98, 3877, 15413, 1, 48.8, , 1
C, fannkuch-redux, 8,  92.61, 30.86, 29.49, 0.00, 1.98, 3874, 15405, 1, 48.8, , 1
C, fannkuch-redux, 8,  92.79, 30.94, 29.56, 0.00, 1.98, 3884, 15443, 1, 48.8, , 1
C, fannkuch-redux, 8,  92.28, 30.73, 29.35, 0.00, 1.97, 3857, 15340, 1, 48.8, , 1
C, fannkuch-redux, 8,  92.36, 30.67, 29.31, 0.00, 1.97, 3850, 15310, 1, 48.8, , 1
C, fannkuch-redux, 8,  92.22, 30.73, 29.36, 0.00, 1.97, 3858, 15342, 0, 49.0, , 1
C, fannkuch-redux, 8,  92.37, 30.78, 29.41, 0.00, 1.97, 3864, 15369, 1, 48.8, , 1
C, fannkuch-redux, 8,  91.96, 30.51, 29.14, 0.00, 1.96, 3829, 15220, 1, 48.8, , 1
C, fannkuch-redux, 8,  92.52, 30.75, 29.38, 0.00, 1.97, 3860, 15346, 1, 48.8, , 1
C, fannkuch-redux, 8,  93.18, 30.90, 29.53, 0.00, 1.98, 3880, 15426, 0, 48.8, , 1
C, fannkuch-redux, 8,  93.46, 30.93, 29.55, 0.00, 1.98, 3882, 15423, 2, 48.8, , 1
C, fannkuch-redux, 8,  92.71, 30.82, 29.45, 0.00, 1.98, 3869, 15396, 1, 48.8, , 1
C, fannkuch-redux, 8,  92.74, 30.80, 29.43, 0.00, 1.97, 3866, 15383, 1, 49.5, , 1
C, fannkuch-redux, 8,  92.68, 30.83, 29.45, 0.00, 1.98, 3870, 15396, 0, 48.8, , 1
C, fannkuch-redux, 8,  92.66, 30.83, 29.45, 0.00, 1.98, 3870, 15385, 1, 48.8, , 1
C, fasta, 8,  17.61, 5.80, 5.54, 0.00, 0.38, 732, 718, 13, 48.8, , 1
C, fasta, 8,  17.59, 5.86, 5.59, 0.00, 0.38, 735, 720, 14, 48.5, , 1
C, fasta, 8,  17.55, 5.82, 5.56, 0.00, 0.37, 731, 713, 17, 48.5, , 1
C, fasta, 8,  17.69, 5.86, 5.60, 0.00, 0.38, 736, 726, 10, 48.2, , 1
C, fasta, 8,  17.88, 5.89, 5.62, 0.00, 0.38, 739, 731, 7, 48.2, , 1
C, fasta, 8,  17.59, 5.85, 5.59, 0.00, 0.38, 734, 716, 17, 49.0, , 1
C, fasta, 8,  17.68, 5.85, 5.59, 0.00, 0.38, 734, 722, 11, 49.0, , 1
C, fasta, 8,  17.51, 5.84, 5.57, 0.00, 0.38, 733, 716, 15, 48.5, , 1
C, fasta, 8,  17.53, 5.83, 5.58, 0.00, 0.38, 733, 719, 14, 48.5, , 1
C, fasta, 8,  17.48, 5.84, 5.58, 0.00, 0.38, 733, 719, 14, 48.8, , 1
C, fasta, 8,  17.56, 5.82, 5.56, 0.00, 0.38, 730, 714, 15, 48.8, , 1
C, fasta, 8,  17.58, 5.85, 5.59, 0.00, 0.38, 736, 717, 19, 49.2, , 1
C, fasta, 8,  17.55, 5.87, 5.60, 0.00, 0.38, 736, 726, 9, 49.2, , 1
C, fasta, 8,  17.63, 5.88, 5.61, 0.00, 0.38, 737, 729, 8, 49.2, , 1
C, fasta, 8,  17.51, 5.81, 5.55, 0.00, 0.38, 731, 718, 13, 49.2, , 1
C, fasta, 8,  17.71, 5.85, 5.59, 0.00, 0.38, 734, 719, 14, 49.0, , 1
C, fasta, 8,  17.51, 5.84, 5.57, 0.00, 0.38, 732, 716, 15, 49.0, , 1
C, fasta, 8,  17.47, 5.84, 5.58, 0.00, 0.38, 734, 713, 21, 49.2, , 1
C, fasta, 8,  17.56, 5.79, 5.54, 0.00, 0.37, 728, 721, 7, 49.2, , 1
C, fasta, 8,  17.63, 5.86, 5.60, 0.00, 0.38, 737, 720, 17, 49.2, , 1
C, k-nucleotide, 8,  134.09, 42.89, 40.77, 0.00, 5.45, 5393, 18784, 107, 48.5, , 1
C, k-nucleotide, 8,  133.32, 42.71, 40.62, 0.00, 5.30, 5362, 18574, 107, 48.5, , 1
C, k-nucleotide, 8,  136.10, 43.14, 40.97, 0.00, 5.63, 5414, 18762, 123, 49.5, , 1
C, k-nucleotide, 8,  135.46, 43.18, 41.00, 0.00, 5.65, 5419, 18834, 113, 49.5, , 1
C, k-nucleotide, 8,  133.07, 42.52, 40.47, 0.00, 5.14, 5338, 18586, 113, 49.0, , 1
C, k-nucleotide, 8,  135.76, 42.99, 40.86, 0.00, 5.51, 5395, 18759, 121, 49.0, , 1
C, k-nucleotide, 8,  135.05, 42.77, 40.67, 0.00, 5.39, 5370, 18685, 113, 49.2, , 1
C, k-nucleotide, 8,  135.04, 42.64, 40.52, 0.00, 5.43, 5354, 18566, 123, 49.8, , 1
C, k-nucleotide, 8,  136.55, 42.97, 40.85, 0.00, 5.47, 5392, 18742, 120, 49.5, , 1
C, k-nucleotide, 8,  135.11, 42.58, 40.47, 0.00, 5.39, 5351, 18578, 122, 49.5, , 1
C, k-nucleotide, 8,  136.37, 43.06, 40.93, 0.00, 5.47, 5410, 18635, 113, 49.2, , 1
C, k-nucleotide, 8,  133.25, 42.30, 40.26, 0.00, 5.18, 5309, 18588, 107, 49.2, , 1
C, k-nucleotide, 8,  137.58, 43.46, 41.23, 0.00, 5.77, 5453, 18923, 100, 49.2, , 1
C, k-nucleotide, 8,  133.83, 42.45, 40.40, 0.00, 5.18, 5328, 18668, 133, 49.5, , 1
C, k-nucleotide, 8,  138.13, 43.35, 41.15, 0.00, 5.72, 5441, 18786, 118, 50.5, , 1
C, k-nucleotide, 8,  137.14, 43.09, 40.91, 0.00, 5.66, 5407, 18705, 109, 49.8, , 1
C, k-nucleotide, 8,  137.05, 43.09, 40.92, 0.00, 5.67, 5409, 18761, 116, 49.5, , 1
C, k-nucleotide, 8,  136.15, 42.82, 40.67, 0.00, 5.60, 5380, 18682, 130, 49.8, , 1
C, k-nucleotide, 8,  135.72, 42.94, 40.81, 0.00, 5.47, 5388, 18738, 116, 49.0, , 1
C, k-nucleotide, 8,  136.04, 42.88, 40.72, 0.00, 5.63, 5388, 18719, 100, 50.0, , 1
C, mandelbrot, 8,  44.86, 14.42, 13.77, 0.00, 0.93, 1808, 7201, 21, 49.2, , 1
C, mandelbrot, 8,  44.75, 14.34, 13.69, 0.00, 0.93, 1798, 7160, 26, 49.5, , 1
C, mandelbrot, 8,  44.76, 14.42, 13.78, 0.00, 0.93, 1809, 7205, 23, 49.5, , 1
C, mandelbrot, 8,  44.80, 14.39, 13.75, 0.00, 0.93, 1805, 7186, 25, 49.8, , 1
C, mandelbrot, 8,  44.92, 14.41, 13.77, 0.00, 0.93, 1808, 7200, 24, 49.0, , 1
C, mandelbrot, 8,  44.98, 14.51, 13.87, 0.00, 0.94, 1820, 7248, 23, 49.2, , 1
C, mandelbrot, 8,  45.04, 14.50, 13.85, 0.00, 0.94, 1819, 7245, 21, 49.5, , 1
C, mandelbrot, 8,  44.98, 14.47, 13.82, 0.00, 0.93, 1815, 7223, 30, 49.2, , 1
C, mandelbrot, 8,  45.08, 14.49, 13.84, 0.00, 0.94, 1817, 7223, 35, 49.5, , 1
C, mandelbrot, 8,  44.93, 14.42, 13.77, 0.00, 0.93, 1808, 7196, 29, 49.5, , 1
C, mandelbrot, 8,  45.04, 14.55, 13.90, 0.00, 0.94, 1825, 7262, 29, 49.5, , 1
C, mandelbrot, 8,  44.87, 14.44, 13.79, 0.00, 0.93, 1810, 7202, 32, 49.8, , 1
C, mandelbrot, 8,  44.81, 14.45, 13.80, 0.00, 0.94, 1811, 7212, 24, 49.5, , 1
C, mandelbrot, 8,  44.98, 14.43, 13.78, 0.00, 0.93, 1809, 7200, 30, 49.0, , 1
C, mandelbrot, 8,  44.96, 14.37, 13.72, 0.00, 0.93, 1802, 7165, 34, 49.2, , 1
C, mandelbrot, 8,  45.04, 14.40, 13.75, 0.00, 0.93, 1805, 7189, 24, 49.2, , 1
C, mandelbrot, 8,  44.89, 14.31, 13.67, 0.00, 0.92, 1794, 7152, 19, 50.0, , 1
C, mandelbrot, 8,  45.10, 14.31, 13.67, 0.00, 0.93, 1795, 7141, 25, 49.5, , 1
C, mandelbrot, 8,  45.19, 14.40, 13.76, 0.00, 0.93, 1806, 7189, 26, 50.0, , 1
C, mandelbrot, 8,  45.37, 14.49, 13.84, 0.00, 0.94, 1817, 7229, 30, 49.2, , 1
C, n-body, 8,  49.05, 16.24, 15.51, 0.00, 1.04, 2038, 2037, 1, 50.2, , 1
C, n-body, 8,  49.08, 16.29, 15.57, 0.00, 1.05, 2045, 2045, 0, 50.2, , 1
C, n-body, 8,  49.14, 16.33, 15.59, 0.00, 1.05, 2049, 2048, 1, 49.5, , 1
C, n-body, 8,  49.15, 16.28, 15.55, 0.00, 1.04, 2043, 2043, 0, 50.5, , 1
C, n-body, 8,  49.13, 16.19, 15.46, 0.00, 1.04, 2031, 2030, 1, 50.2, , 1
C, n-body, 8,  49.19, 16.13, 15.41, 0.00, 1.03, 2024, 2023, 1, 50.2, , 1
C, n-body, 8,  49.39, 16.20, 15.48, 0.00, 1.04, 2033, 2033, 0, 50.0, , 1
C, n-body, 8,  49.21, 16.10, 15.39, 0.00, 1.03, 2021, 2021, 0, 50.2, , 1
C, n-body, 8,  49.27, 16.17, 15.45, 0.00, 1.04, 2030, 2029, 1, 50.2, , 1
C, n-body, 8,  49.18, 16.18, 15.45, 0.00, 1.04, 2030, 2030, 0, 50.0, , 1
C, n-body, 8,  49.42, 16.12, 15.40, 0.00, 1.04, 2024, 2024, 0, 50.2, , 1
C, n-body, 8,  49.88, 16.24, 15.51, 0.00, 1.04, 2038, 2038, 0, 50.2, , 1
C, n-body, 8,  49.17, 16.20, 15.47, 0.00, 1.04, 2033, 2032, 0, 50.8, , 1
C, n-body, 8,  49.34, 16.19, 15.47, 0.00, 1.04, 2033, 2032, 0, 50.5, , 1
C, n-body, 8,  49.10, 16.19, 15.47, 0.00, 1.04, 2033, 2031, 1, 50.2, , 1
C, n-body, 8,  48.95, 16.14, 15.42, 0.00, 1.04, 2026, 2025, 0, 50.2, , 1
C, n-body, 8,  49.41, 16.20, 15.47, 0.00, 1.04, 2033, 2032, 1, 50.2, , 1
C, n-body, 8,  49.21, 16.20, 15.47, 0.00, 1.04, 2033, 2031, 0, 50.2, , 1
C, n-body, 8,  48.96, 16.28, 15.54, 0.00, 1.05, 2042, 2042, 0, 49.8, , 1
C, n-body, 8,  49.01, 16.32, 15.59, 0.00, 1.05, 2048, 2046, 1, 49.5, , 1
C, regex-redux, 8,  29.04, 9.37, 8.93, 0.00, 0.87, 1176, 3445, 113, 50.5, , 1
C, regex-redux, 8,  29.15, 9.40, 8.95, 0.00, 0.87, 1179, 3443, 124, 49.8, , 1
C, regex-redux, 8,  29.20, 9.39, 8.93, 0.00, 0.87, 1183, 3443, 124, 50.5, , 1
C, regex-redux, 8,  29.28, 9.44, 8.99, 0.00, 0.88, 1184, 3471, 114, 50.2, , 1
C, regex-redux, 8,  29.05, 9.37, 8.91, 0.00, 0.87, 1174, 3427, 121, 50.2, , 1
C, regex-redux, 8,  29.14, 9.37, 8.91, 0.00, 0.88, 1181, 3436, 128, 50.0, , 1
C, regex-redux, 8,  29.14, 9.41, 8.97, 0.00, 0.87, 1181, 3447, 126, 49.8, , 1
C, regex-redux, 8,  29.04, 9.38, 8.93, 0.00, 0.87, 1176, 3433, 126, 49.8, , 1
C, regex-redux, 8,  29.13, 9.40, 8.95, 0.00, 0.87, 1183, 3448, 122, 50.2, , 1
C, regex-redux, 8,  29.07, 9.42, 8.97, 0.00, 0.88, 1181, 3467, 114, 50.2, , 1
C, regex-redux, 8,  29.00, 9.36, 8.90, 0.00, 0.87, 1173, 3414, 130, 50.2, , 1
C, regex-redux, 8,  29.11, 9.35, 8.90, 0.00, 0.87, 1180, 3439, 129, 49.8, , 1
C, regex-redux, 8,  29.23, 9.33, 8.88, 0.00, 0.87, 1178, 3444, 120, 50.2, , 1
C, regex-redux, 8,  29.17, 9.37, 8.92, 0.00, 0.87, 1175, 3429, 129, 50.5, , 1
C, regex-redux, 8,  29.06, 9.38, 8.93, 0.00, 0.87, 1175, 3441, 115, 50.2, , 1
C, regex-redux, 8,  29.16, 9.37, 8.92, 0.00, 0.88, 1185, 3467, 113, 50.0, , 1
C, regex-redux, 8,  29.07, 9.36, 8.91, 0.00, 0.88, 1180, 3427, 138, 50.2, , 1
C, regex-redux, 8,  29.06, 9.42, 8.97, 0.00, 0.88, 1181, 3467, 114, 50.2, , 1
C, regex-redux, 8,  29.04, 9.29, 8.84, 0.00, 0.87, 1173, 3421, 118, 50.0, , 1
C, regex-redux, 8,  29.00, 9.30, 8.84, 0.00, 0.87, 1172, 3429, 114, 49.5, , 1
C, reverse-complement, 8,  3.14, 0.91, 0.83, 0.00, 0.18, 125, 88, 97, 49.5, , 1
C, reverse-complement, 8,  3.18, 0.94, 0.86, 0.00, 0.18, 122, 89, 94, 49.5, , 1
C, reverse-complement, 8,  3.23, 0.91, 0.83, 0.00, 0.18, 125, 78, 105, 49.5, , 1
C, reverse-complement, 8,  3.17, 0.90, 0.82, 0.00, 0.18, 123, 84, 99, 49.5, , 1
C, reverse-complement, 8,  3.20, 0.90, 0.82, 0.00, 0.18, 126, 83, 100, 49.5, , 1
C, reverse-complement, 8,  3.15, 0.90, 0.82, 0.00, 0.18, 123, 85, 96, 49.5, , 1
C, reverse-complement, 8,  3.16, 0.91, 0.83, 0.00, 0.18, 122, 84, 97, 49.5, , 1
C, reverse-complement, 8,  3.20, 0.90, 0.82, 0.00, 0.18, 126, 85, 102, 49.5, , 1
C, reverse-complement, 8,  3.14, 0.93, 0.86, 0.00, 0.17, 120, 82, 98, 50.2, , 1
C, reverse-complement, 8,  3.16, 0.93, 0.86, 0.00, 0.18, 121, 84, 96, 50.2, , 1
C, reverse-complement, 8,  3.23, 0.91, 0.83, 0.00, 0.18, 124, 82, 100, 50.2, , 1
C, reverse-complement, 8,  3.21, 0.92, 0.84, 0.00, 0.18, 126, 86, 102, 50.2, , 1
C, reverse-complement, 8,  3.26, 0.89, 0.81, 0.00, 0.18, 128, 80, 105, 50.2, , 1
C, reverse-complement, 8,  3.20, 0.91, 0.83, 0.00, 0.18, 126, 85, 100, 50.2, , 1
C, reverse-complement, 8,  3.13, 0.92, 0.85, 0.00, 0.17, 121, 82, 98, 50.2, , 1
C, reverse-complement, 8,  3.16, 0.92, 0.85, 0.00, 0.18, 120, 85, 92, 49.5, , 1
C, reverse-complement, 8,  3.21, 0.91, 0.83, 0.00, 0.18, 126, 78, 107, 49.5, , 1
C, reverse-complement, 8,  3.19, 0.90, 0.82, 0.00, 0.18, 126, 81, 105, 49.5, , 1
C, reverse-complement, 8,  3.21, 0.95, 0.86, 0.00, 0.18, 122, 79, 103, 49.5, , 1
C, reverse-complement, 8,  3.19, 0.93, 0.86, 0.00, 0.18, 123, 76, 106, 49.5, , 1
C, spectral-norm, 8,  15.43, 5.08, 4.85, 0.00, 0.33, 634, 2532, 0, 50.2, , 1
C, spectral-norm, 8,  15.50, 5.10, 4.88, 0.00, 0.33, 637, 2545, 0, 50.0, , 1
C, spectral-norm, 8,  15.59, 5.10, 4.87, 0.00, 0.33, 638, 2544, 0, 50.0, , 1
C, spectral-norm, 8,  15.50, 5.10, 4.88, 0.00, 0.33, 638, 2546, 0, 50.0, , 1
C, spectral-norm, 8,  15.45, 5.07, 4.84, 0.00, 0.33, 633, 2529, 1, 50.0, , 1
C, spectral-norm, 8,  15.65, 5.10, 4.87, 0.00, 0.33, 637, 2544, 0, 50.0, , 1
C, spectral-norm, 8,  15.48, 5.08, 4.85, 0.00, 0.33, 634, 2530, 1, 50.0, , 1
C, spectral-norm, 8,  15.43, 5.07, 4.84, 0.00, 0.33, 633, 2530, 1, 49.8, , 1
C, spectral-norm, 8,  15.54, 5.10, 4.87, 0.00, 0.33, 637, 2545, 0, 49.8, , 1
C, spectral-norm, 8,  15.49, 5.07, 4.85, 0.00, 0.33, 634, 2531, 0, 49.8, , 1
C, spectral-norm, 8,  15.44, 5.06, 4.84, 0.00, 0.32, 632, 2523, 1, 49.8, , 1
C, spectral-norm, 8,  15.49, 5.06, 4.83, 0.00, 0.33, 632, 2524, 0, 49.8, , 1
C, spectral-norm, 8,  15.44, 5.05, 4.83, 0.00, 0.32, 631, 2517, 1, 49.8, , 1
C, spectral-norm, 8,  15.44, 5.05, 4.83, 0.00, 0.32, 632, 2523, 0, 49.8, , 1
C, spectral-norm, 8,  15.47, 5.06, 4.84, 0.00, 0.33, 633, 2526, 0, 49.8, , 1
C, spectral-norm, 8,  15.46, 5.06, 4.83, 0.00, 0.33, 633, 2527, 1, 49.8, , 1
C, spectral-norm, 8,  15.43, 5.07, 4.84, 0.00, 0.33, 633, 2527, 1, 49.8, , 1
C, spectral-norm, 8,  15.48, 5.07, 4.84, 0.00, 0.33, 633, 2527, 1, 49.8, , 1
C, spectral-norm, 8,  15.59, 5.07, 4.85, 0.00, 0.33, 634, 2532, 0, 49.8, , 1
C, spectral-norm, 8,  15.50, 5.07, 4.84, 0.00, 0.33, 634, 2529, 0, 50.2, , 1
C++, binary-trees, 8,  42.06, 13.10, 12.26, 0.00, 1.71, 1678, 5816, 298, 49.5, , 1
C++, binary-trees, 8,  40.84, 12.73, 11.91, 0.00, 1.67, 1627, 5709, 207, 49.8, , 1
C++, binary-trees, 8,  41.54, 12.98, 12.14, 0.00, 1.70, 1658, 5779, 252, 50.0, , 1
C++, binary-trees, 8,  41.10, 12.89, 12.09, 0.00, 1.64, 1646, 5709, 235, 50.2, , 1
C++, binary-trees, 8,  40.88, 12.92, 12.15, 0.00, 1.56, 1645, 5726, 228, 50.0, , 1
C++, binary-trees, 8,  39.96, 12.52, 11.76, 0.00, 1.57, 1603, 5685, 138, 50.0, , 1
C++, binary-trees, 8,  41.78, 13.08, 12.26, 0.00, 1.70, 1668, 5775, 281, 49.5, , 1
C++, binary-trees, 8,  39.95, 12.47, 11.71, 0.00, 1.57, 1601, 5676, 133, 49.5, , 1
C++, binary-trees, 8,  42.09, 13.17, 12.31, 0.00, 1.73, 1679, 5830, 292, 50.0, , 1
C++, binary-trees, 8,  41.02, 12.76, 12.00, 0.00, 1.63, 1622, 5738, 186, 49.5, , 1
C++, binary-trees, 8,  40.60, 12.66, 11.87, 0.00, 1.61, 1604, 5639, 164, 50.0, , 1
C++, binary-trees, 8,  41.06, 12.80, 12.04, 0.00, 1.55, 1635, 5683, 227, 50.2, , 1
C++, binary-trees, 8,  40.64, 12.56, 11.79, 0.00, 1.59, 1629, 5714, 153, 49.8, , 1
C++, binary-trees, 8,  41.51, 12.85, 12.03, 0.00, 1.65, 1667, 5750, 201, 50.5, , 1
C++, binary-trees, 8,  40.47, 12.68, 11.92, 0.00, 1.55, 1609, 5649, 183, 50.0, , 1
C++, binary-trees, 8,  40.05, 12.47, 11.70, 0.00, 1.58, 1596, 5665, 137, 50.0, , 1
C++, binary-trees, 8,  41.37, 13.03, 12.26, 0.00, 1.56, 1657, 5739, 258, 49.8, , 1
C++, binary-trees, 8,  39.97, 12.42, 11.67, 0.00, 1.57, 1592, 5659, 124, 49.8, , 1
C++, binary-trees, 8,  40.18, 12.64, 11.89, 0.00, 1.53, 1608, 5641, 175, 50.5, , 1
C++, binary-trees, 8,  41.17, 13.02, 12.22, 0.00, 1.64, 1654, 5760, 245, 50.5, , 1
C++, fannkuch-redux, 8,  156.72, 51.56, 49.25, 0.00, 3.31, 6471, 25703, 1, 49.8, , 1
C++, fannkuch-redux, 8,  156.10, 51.41, 49.11, 0.00, 3.29, 6453, 25631, 0, 50.2, , 1
C++, fannkuch-redux, 8,  156.90, 51.65, 49.34, 0.00, 3.31, 6483, 25743, 4, 49.8, , 1
C++, fannkuch-redux, 8,  156.20, 51.38, 49.08, 0.00, 3.29, 6449, 25612, 3, 50.2, , 1
C++, fannkuch-redux, 8,  155.98, 51.56, 49.26, 0.00, 3.31, 6471, 25685, 2, 50.5, , 1
C++, fannkuch-redux, 8,  156.84, 51.58, 49.28, 0.00, 3.31, 6474, 25722, 3, 50.8, , 1
C++, fannkuch-redux, 8,  157.31, 51.57, 49.26, 0.00, 3.31, 6472, 25711, 1, 50.5, , 1
C++, fannkuch-redux, 8,  156.84, 51.40, 49.10, 0.00, 3.29, 6451, 25626, 1, 50.8, , 1
C++, fannkuch-redux, 8,  156.06, 51.35, 49.06, 0.00, 3.29, 6446, 25605, 1, 50.5, , 1
C++, fannkuch-redux, 8,  159.08, 52.72, 50.37, 0.00, 3.38, 6618, 25656, 1, 51.0, , 1
C++, fannkuch-redux, 8,  155.02, 51.65, 49.34, 0.00, 3.31, 6483, 25756, 1, 50.8, , 1
C++, fannkuch-redux, 8,  154.97, 51.77, 49.46, 0.00, 3.32, 6499, 25814, 0, 50.0, , 1
C++, fannkuch-redux, 8,  155.00, 51.77, 49.45, 0.00, 3.32, 6498, 25806, 5, 50.2, , 1
C++, fannkuch-redux, 8,  155.00, 51.59, 49.29, 0.00, 3.31, 6476, 25725, 0, 50.8, , 1
C++, fannkuch-redux, 8,  156.12, 51.85, 49.53, 0.00, 3.33, 6507, 25850, 0, 50.8, , 1
C++, fannkuch-redux, 8,  155.67, 51.51, 49.21, 0.00, 3.30, 6466, 25674, 1, 50.2, , 1
C++, fannkuch-redux, 8,  155.66, 51.66, 49.35, 0.00, 3.31, 6484, 25746, 1, 50.2, , 1
C++, fannkuch-redux, 8,  155.08, 51.75, 49.44, 0.00, 3.32, 6496, 25808, 1, 50.5, , 1
C++, fannkuch-redux, 8,  155.04, 51.85, 49.53, 0.00, 3.32, 6507, 25850, 2, 50.2, , 1
C++, fannkuch-redux, 8,  155.11, 51.61, 49.31, 0.00, 3.31, 6478, 25736, 0, 50.5, , 1
C++, fasta, 8,  21.61, 6.61, 6.32, 0.00, 0.43, 830, 1644, 8, 50.2, , 1
C++, fasta, 8,  21.61, 6.63, 6.33, 0.00, 0.43, 831, 1651, 4, 50.8, , 1
C++, fasta, 8,  21.55, 6.63, 6.33, 0.00, 0.43, 831, 1650, 4, 50.8, , 1
C++, fasta, 8,  21.61, 6.64, 6.34, 0.00, 0.43, 833, 1657, 2, 50.5, , 1
C++, fasta, 8,  21.57, 6.67, 6.37, 0.00, 0.43, 836, 1662, 3, 50.5, , 1
C++, fasta, 8,  21.54, 6.69, 6.39, 0.00, 0.43, 838, 1666, 3, 51.2, , 1
C++, fasta, 8,  21.51, 6.68, 6.38, 0.00, 0.43, 838, 1663, 7, 51.2, , 1
C++, fasta, 8,  21.54, 6.67, 6.37, 0.00, 0.43, 836, 1659, 6, 51.0, , 1
C++, fasta, 8,  21.67, 6.65, 6.35, 0.00, 0.43, 834, 1653, 8, 51.0, , 1
C++, fasta, 8,  21.65, 6.63, 6.33, 0.00, 0.43, 831, 1643, 12, 50.2, , 1
C++, fasta, 8,  21.69, 6.65, 6.36, 0.00, 0.43, 835, 1660, 2, 50.2, , 1
C++, fasta, 8,  21.65, 6.62, 6.32, 0.00, 0.43, 830, 1648, 6, 50.5, , 1
C++, fasta, 8,  21.79, 6.63, 6.33, 0.00, 0.43, 831, 1648, 8, 50.5, , 1
C++, fasta, 8,  21.66, 6.63, 6.34, 0.00, 0.43, 832, 1650, 7, 50.2, , 1
C++, fasta, 8,  21.51, 6.66, 6.36, 0.00, 0.43, 836, 1660, 5, 50.2, , 1
C++, fasta, 8,  21.55, 6.65, 6.35, 0.00, 0.43, 834, 1652, 9, 50.8, , 1
C++, fasta, 8,  21.60, 6.64, 6.35, 0.00, 0.43, 834, 1658, 4, 50.8, , 1
C++, fasta, 8,  21.51, 6.67, 6.37, 0.00, 0.43, 837, 1658, 9, 51.2, , 1
C++, fasta, 8,  21.59, 6.64, 6.34, 0.00, 0.43, 832, 1650, 8, 51.2, , 1
C++, fasta, 8,  21.56, 6.63, 6.33, 0.00, 0.43, 832, 1648, 8, 50.8, , 1
C++, k-nucleotide, 8,  69.91, 21.12, 19.27, 0.00, 4.35, 2689, 8628, 173, 50.0, , 1
C++, k-nucleotide, 8,  69.15, 20.90, 19.07, 0.00, 4.29, 2654, 8591, 183, 50.2, , 1
C++, k-nucleotide, 8,  69.25, 20.96, 19.12, 0.00, 4.32, 2656, 8559, 197, 50.5, , 1
C++, k-nucleotide, 8,  69.44, 20.98, 19.14, 0.00, 4.27, 2666, 8630, 187, 50.8, , 1
C++, k-nucleotide, 8,  69.18, 20.89, 19.04, 0.00, 4.30, 2644, 8573, 184, 51.2, , 1
C++, k-nucleotide, 8,  68.99, 20.80, 18.96, 0.00, 4.29, 2637, 8540, 181, 51.0, , 1
C++, k-nucleotide, 8,  69.00, 20.86, 19.03, 0.00, 4.27, 2651, 8593, 182, 51.2, , 1
C++, k-nucleotide, 8,  68.77, 20.82, 19.00, 0.00, 4.24, 2656, 8583, 164, 50.5, , 1
C++, k-nucleotide, 8,  69.11, 20.91, 19.07, 0.00, 4.33, 2645, 8594, 192, 50.8, , 1
C++, k-nucleotide, 8,  68.69, 20.97, 19.13, 0.00, 4.27, 2653, 8612, 184, 50.5, , 1
C++, k-nucleotide, 8,  68.76, 20.84, 19.00, 0.00, 4.27, 2653, 8583, 201, 51.0, , 1
C++, k-nucleotide, 8,  69.31, 20.95, 19.09, 0.00, 4.35, 2669, 8607, 175, 51.5, , 1
C++, k-nucleotide, 8,  68.62, 20.86, 19.02, 0.00, 4.29, 2647, 8600, 181, 51.5, , 1
C++, k-nucleotide, 8,  68.89, 20.91, 19.08, 0.00, 4.26, 2641, 8573, 186, 51.5, , 1
C++, k-nucleotide, 8,  69.23, 20.94, 19.08, 0.00, 4.34, 2655, 8629, 175, 50.8, , 1
C++, k-nucleotide, 8,  69.39, 21.02, 19.16, 0.00, 4.32, 2678, 8662, 186, 50.5, , 1
C++, k-nucleotide, 8,  69.56, 21.08, 19.22, 0.00, 4.35, 2673, 8662, 183, 51.2, , 1
C++, k-nucleotide, 8,  69.99, 21.04, 19.18, 0.00, 4.37, 2690, 8628, 186, 50.8, , 1
C++, k-nucleotide, 8,  69.33, 20.89, 19.04, 0.00, 4.36, 2662, 8614, 180, 51.2, , 1
C++, k-nucleotide, 8,  68.86, 20.86, 19.01, 0.00, 4.28, 2661, 8612, 198, 50.5, , 1
C++, mandelbrot, 8,  36.54, 11.14, 10.64, 0.00, 0.72, 1397, 5490, 21, 50.8, , 1
C++, mandelbrot, 8,  36.41, 11.11, 10.61, 0.00, 0.72, 1394, 5474, 25, 51.2, , 1
C++, mandelbrot, 8,  36.61, 11.16, 10.66, 0.00, 0.73, 1399, 5483, 29, 51.0, , 1
C++, mandelbrot, 8,  36.61, 11.12, 10.62, 0.00, 0.72, 1395, 5481, 17, 51.0, , 1
C++, mandelbrot, 8,  36.46, 11.10, 10.61, 0.00, 0.72, 1393, 5473, 22, 51.0, , 1
C++, mandelbrot, 8,  36.51, 11.10, 10.60, 0.00, 0.72, 1392, 5466, 21, 51.2, , 1
C++, mandelbrot, 8,  36.38, 11.08, 10.58, 0.00, 0.72, 1389, 5447, 32, 50.8, , 1
C++, mandelbrot, 8,  36.55, 11.10, 10.60, 0.00, 0.72, 1392, 5467, 21, 51.2, , 1
C++, mandelbrot, 8,  36.44, 11.07, 10.58, 0.00, 0.72, 1390, 5459, 23, 51.0, , 1
C++, mandelbrot, 8,  36.33, 11.02, 10.53, 0.00, 0.71, 1382, 5423, 31, 51.0, , 1
C++, mandelbrot, 8,  36.40, 11.04, 10.54, 0.00, 0.72, 1384, 5435, 20, 51.0, , 1
C++, mandelbrot, 8,  36.39, 11.05, 10.56, 0.00, 0.72, 1386, 5446, 21, 50.8, , 1
C++, mandelbrot, 8,  36.61, 11.05, 10.56, 0.00, 0.72, 1388, 5441, 29, 51.2, , 1
C++, mandelbrot, 8,  36.43, 11.06, 10.56, 0.00, 0.72, 1389, 5448, 25, 51.5, , 1
C++, mandelbrot, 8,  36.44, 11.10, 10.60, 0.00, 0.72, 1394, 5475, 19, 51.0, , 1
C++, mandelbrot, 8,  36.42, 11.10, 10.60, 0.00, 0.72, 1391, 5462, 26, 51.5, , 1
C++, mandelbrot, 8,  36.32, 11.03, 10.53, 0.00, 0.72, 1384, 5430, 25, 51.0, , 1
C++, mandelbrot, 8,  36.44, 11.09, 10.59, 0.00, 0.72, 1391, 5460, 27, 50.8, , 1
C++, mandelbrot, 8,  36.41, 11.12, 10.62, 0.00, 0.72, 1396, 5473, 29, 51.0, , 1
C++, mandelbrot, 8,  36.47, 11.09, 10.59, 0.00, 0.72, 1390, 5458, 26, 50.8, , 1
C++, n-body, 8,  49.40, 16.29, 15.57, 0.00, 1.04, 2045, 2044, 0, 51.2, , 1
C++, n-body, 8,  49.17, 16.21, 15.48, 0.00, 1.04, 2034, 2033, 0, 51.2, , 1
C++, n-body, 8,  49.45, 16.38, 15.64, 0.00, 1.05, 2056, 2054, 0, 51.0, , 1
C++, n-body, 8,  49.48, 16.33, 15.60, 0.00, 1.05, 2050, 2049, 0, 51.5, , 1
C++, n-body, 8,  49.36, 16.36, 15.63, 0.00, 1.05, 2053, 2052, 0, 51.2, , 1
C++, n-body, 8,  49.53, 16.36, 15.62, 0.00, 1.05, 2053, 2053, 0, 51.0, , 1
C++, n-body, 8,  49.45, 16.36, 15.63, 0.00, 1.05, 2053, 2052, 0, 50.8, , 1
C++, n-body, 8,  49.53, 16.36, 15.63, 0.00, 1.05, 2054, 2053, 1, 51.0, , 1
C++, n-body, 8,  49.68, 16.43, 15.69, 0.00, 1.06, 2064, 2063, 1, 51.2, , 1
C++, n-body, 8,  49.69, 16.43, 15.69, 0.00, 1.06, 2062, 2060, 2, 51.2, , 1
C++, n-body, 8,  49.46, 16.41, 15.67, 0.00, 1.05, 2060, 2058, 0, 51.2, , 1
C++, n-body, 8,  49.37, 16.33, 15.60, 0.00, 1.05, 2050, 2049, 1, 51.5, , 1
C++, n-body, 8,  49.60, 16.41, 15.67, 0.00, 1.05, 2059, 2058, 0, 51.2, , 1
C++, n-body, 8,  49.94, 16.46, 15.72, 0.00, 1.06, 2065, 2064, 0, 50.8, , 1
C++, n-body, 8,  49.54, 16.34, 15.60, 0.00, 1.05, 2050, 2049, 0, 51.2, , 1
C++, n-body, 8,  49.30, 16.25, 15.52, 0.00, 1.04, 2039, 2039, 0, 51.8, , 1
C++, n-body, 8,  49.44, 16.29, 15.56, 0.00, 1.05, 2044, 2042, 1, 51.5, , 1
C++, n-body, 8,  49.28, 16.28, 15.56, 0.00, 1.05, 2044, 2042, 1, 51.0, , 1
C++, n-body, 8,  49.34, 16.30, 15.57, 0.00, 1.05, 2046, 2044, 0, 50.8, , 1
C++, n-body, 8,  49.33, 16.31, 15.58, 0.00, 1.05, 2047, 2046, 0, 51.5, , 1
C++, regex-redux, 8,  37.17, 12.08, 11.48, 0.00, 1.11, 1515, 3207, 227, 51.0, , 1
C++, regex-redux, 8,  36.52, 11.87, 11.29, 0.00, 1.10, 1490, 3213, 224, 51.2, , 1
C++, regex-redux, 8,  35.83, 11.70, 11.12, 0.00, 1.08, 1468, 3284, 219, 51.5, , 1
C++, regex-redux, 8,  35.59, 11.58, 11.01, 0.00, 1.07, 1456, 3247, 239, 51.0, , 1
C++, regex-redux, 8,  37.25, 12.12, 11.51, 0.00, 1.11, 1520, 3209, 231, 51.2, , 1
C++, regex-redux, 8,  35.70, 11.60, 11.02, 0.00, 1.08, 1455, 3242, 216, 50.8, , 1
C++, regex-redux, 8,  35.70, 11.57, 11.00, 0.00, 1.08, 1451, 3236, 226, 51.0, , 1
C++, regex-redux, 8,  36.55, 11.80, 11.22, 0.00, 1.10, 1484, 3159, 236, 51.2, , 1
C++, regex-redux, 8,  36.58, 11.83, 11.24, 0.00, 1.10, 1486, 3158, 230, 51.0, , 1
C++, regex-redux, 8,  36.60, 11.89, 11.31, 0.00, 1.10, 1493, 3198, 222, 51.2, , 1
C++, regex-redux, 8,  37.30, 12.09, 11.49, 0.00, 1.11, 1516, 3136, 229, 51.5, , 1
C++, regex-redux, 8,  36.74, 11.92, 11.32, 0.00, 1.10, 1495, 3158, 238, 51.2, , 1
C++, regex-redux, 8,  36.19, 11.73, 11.16, 0.00, 1.10, 1474, 3195, 223, 51.2, , 1
C++, regex-redux, 8,  36.44, 11.82, 11.24, 0.00, 1.09, 1483, 3163, 238, 52.0, , 1
C++, regex-redux, 8,  37.00, 11.97, 11.38, 0.00, 1.11, 1503, 3122, 228, 51.0, , 1
C++, regex-redux, 8,  37.02, 11.95, 11.36, 0.00, 1.10, 1500, 3135, 240, 51.5, , 1
C++, regex-redux, 8,  36.73, 11.97, 11.38, 0.00, 1.10, 1503, 3126, 245, 51.0, , 1
C++, regex-redux, 8,  35.34, 11.49, 10.92, 0.00, 1.08, 1442, 3251, 225, 52.0, , 1
C++, regex-redux, 8,  36.05, 11.68, 11.10, 0.00, 1.09, 1468, 3248, 230, 50.5, , 1
C++, regex-redux, 8,  36.82, 12.05, 11.45, 0.00, 1.11, 1513, 3176, 241, 51.0, , 1
C++, reverse-complement, 8,  4.46, 1.40, 1.30, 0.00, 0.23, 175, 82, 92, 51.5, , 1
C++, reverse-complement, 8,  4.50, 1.40, 1.30, 0.00, 0.23, 176, 82, 94, 51.5, , 1
C++, reverse-complement, 8,  4.51, 1.40, 1.30, 0.00, 0.23, 175, 82, 92, 51.5, , 1
C++, reverse-complement, 8,  4.54, 1.41, 1.30, 0.00, 0.23, 177, 78, 99, 51.5, , 1
C++, reverse-complement, 8,  4.51, 1.40, 1.29, 0.00, 0.23, 175, 90, 84, 51.0, , 1
C++, reverse-complement, 8,  4.53, 1.37, 1.27, 0.00, 0.23, 179, 91, 88, 51.0, , 1
C++, reverse-complement, 8,  4.52, 1.38, 1.28, 0.00, 0.23, 177, 74, 103, 51.0, , 1
C++, reverse-complement, 8,  4.51, 1.40, 1.29, 0.00, 0.23, 175, 71, 103, 51.0, , 1
C++, reverse-complement, 8,  4.53, 1.40, 1.30, 0.00, 0.23, 176, 76, 98, 51.0, , 1
C++, reverse-complement, 8,  4.52, 1.40, 1.29, 0.00, 0.23, 175, 87, 86, 51.0, , 1
C++, reverse-complement, 8,  4.51, 1.40, 1.30, 0.00, 0.23, 175, 79, 96, 51.0, , 1
C++, reverse-complement, 8,  4.51, 1.40, 1.30, 0.00, 0.23, 176, 88, 88, 51.0, , 1
C++, reverse-complement, 8,  4.52, 1.40, 1.30, 0.00, 0.23, 176, 77, 99, 51.0, , 1
C++, reverse-complement, 8,  4.56, 1.37, 1.27, 0.00, 0.23, 181, 82, 98, 51.0, , 1
C++, reverse-complement, 8,  4.52, 1.38, 1.27, 0.00, 0.23, 180, 77, 103, 51.0, , 1
C++, reverse-complement, 8,  4.48, 1.38, 1.28, 0.00, 0.23, 176, 77, 99, 51.0, , 1
C++, reverse-complement, 8,  4.49, 1.40, 1.30, 0.00, 0.23, 176, 79, 97, 51.0, , 1
C++, reverse-complement, 8,  4.50, 1.38, 1.28, 0.00, 0.23, 179, 91, 88, 51.0, , 1
C++, reverse-complement, 8,  4.53, 1.42, 1.31, 0.00, 0.23, 177, 76, 101, 51.0, , 1
C++, reverse-complement, 8,  4.55, 1.42, 1.31, 0.00, 0.22, 178, 78, 100, 50.8, , 1
C++, spectral-norm, 8,  14.94, 4.97, 4.75, 0.00, 0.32, 621, 2477, 1, 51.0, , 1
C++, spectral-norm, 8,  14.87, 4.95, 4.73, 0.00, 0.32, 619, 2473, 0, 51.0, , 1
C++, spectral-norm, 8,  14.92, 4.95, 4.73, 0.00, 0.32, 619, 2470, 0, 51.0, , 1
C++, spectral-norm, 8,  14.93, 4.94, 4.72, 0.00, 0.32, 619, 2471, 0, 51.0, , 1
C++, spectral-norm, 8,  14.86, 4.93, 4.71, 0.00, 0.32, 616, 2460, 1, 50.8, , 1
C++, spectral-norm, 8,  14.86, 4.91, 4.69, 0.00, 0.32, 614, 2452, 0, 50.8, , 1
C++, spectral-norm, 8,  14.88, 4.93, 4.71, 0.00, 0.32, 616, 2459, 1, 50.8, , 1
C++, spectral-norm, 8,  15.00, 4.96, 4.73, 0.00, 0.32, 620, 2475, 0, 50.8, , 1
C++, spectral-norm, 8,  14.90, 4.94, 4.72, 0.00, 0.32, 617, 2463, 1, 51.2, , 1
C++, spectral-norm, 8,  15.14, 5.00, 4.78, 0.00, 0.32, 625, 2485, 1, 51.2, , 1
C++, spectral-norm, 8,  14.89, 4.94, 4.72, 0.00, 0.32, 618, 2468, 1, 50.8, , 1
C++, spectral-norm, 8,  15.02, 4.95, 4.73, 0.00, 0.32, 619, 2469, 1, 50.8, , 1
C++, spectral-norm, 8,  14.95, 4.96, 4.74, 0.00, 0.32, 620, 2476, 0, 51.0, , 1
C++, spectral-norm, 8,  14.83, 4.94, 4.71, 0.00, 0.32, 617, 2464, 0, 51.0, , 1
C++, spectral-norm, 8,  14.96, 4.94, 4.72, 0.00, 0.32, 618, 2465, 1, 51.2, , 1
C++, spectral-norm, 8,  14.92, 4.96, 4.74, 0.00, 0.32, 621, 2477, 1, 51.2, , 1
C++, spectral-norm, 8,  14.88, 4.93, 4.71, 0.00, 0.32, 617, 2461, 2, 50.8, , 1
C++, spectral-norm, 8,  15.08, 4.92, 4.70, 0.00, 0.32, 615, 2453, 1, 50.8, , 1
C++, spectral-norm, 8,  14.94, 4.92, 4.71, 0.00, 0.32, 616, 2457, 0, 51.0, , 1
C++, spectral-norm, 8,  14.95, 4.93, 4.71, 0.00, 0.32, 616, 2460, 2, 51.0, , 1
Java, binary-trees, 8,  96.55, 29.06, 26.29, 0.00, 6.19, 3660, 10140, 2003, 50.8, , 1
Java, binary-trees, 8,  92.27, 27.33, 24.61, 0.00, 6.15, 3455, 10061, 1350, 51.2, , 1
Java, binary-trees, 8,  96.77, 28.93, 26.17, 0.00, 6.17, 3646, 10030, 2007, 51.2, , 1
Java, binary-trees, 8,  89.74, 26.83, 24.15, 0.00, 6.06, 3377, 9688, 1419, 51.0, , 1
Java, binary-trees, 8,  89.92, 26.69, 24.00, 0.00, 6.08, 3381, 9800, 1359, 51.2, , 1
Java, binary-trees, 8,  91.21, 27.08, 24.38, 0.00, 6.11, 3430, 9930, 1379, 51.2, , 1
Java, binary-trees, 8,  96.41, 28.94, 26.18, 0.00, 6.18, 3652, 10087, 1960, 51.2, , 1
Java, binary-trees, 8,  91.09, 27.16, 24.45, 0.00, 6.11, 3425, 10003, 1314, 51.2, , 1
Java, binary-trees, 8,  89.70, 26.82, 24.14, 0.00, 6.07, 3380, 9720, 1353, 51.5, , 1
Java, binary-trees, 8,  92.27, 27.56, 24.84, 0.00, 6.16, 3473, 10036, 1352, 51.8, , 1
Java, binary-trees, 8,  88.67, 26.39, 23.72, 0.00, 6.03, 3337, 9623, 1361, 51.5, , 1
Java, binary-trees, 8,  90.29, 26.88, 24.18, 0.00, 6.10, 3395, 9851, 1363, 51.5, , 1
Java, binary-trees, 8,  91.64, 27.32, 24.61, 0.00, 6.15, 3445, 10066, 1365, 51.2, , 1
Java, binary-trees, 8,  90.91, 27.24, 24.53, 0.00, 6.12, 3432, 10058, 1279, 51.2, , 1
Java, binary-trees, 8,  90.75, 27.10, 24.39, 0.00, 6.12, 3421, 9908, 1367, 51.5, , 1
Java, binary-trees, 8,  88.87, 26.43, 23.76, 0.00, 6.03, 3346, 9550, 1442, 51.5, , 1
Java, binary-trees, 8,  95.23, 28.42, 25.68, 0.00, 6.13, 3596, 9908, 1898, 51.8, , 1
Java, binary-trees, 8,  94.76, 28.25, 25.52, 0.00, 6.12, 3584, 9776, 1991, 51.8, , 1
Java, binary-trees, 8,  92.53, 27.49, 24.76, 0.00, 6.16, 3471, 10067, 1385, 51.2, , 1
Java, binary-trees, 8,  96.32, 28.66, 25.91, 0.00, 6.15, 3623, 10075, 1898, 50.8, , 1
Java, fannkuch-redux, 8,  401.65, 131.02, 125.15, 0.00, 8.42, 16465, 65125, 37, 50.0, , 1
Java, fannkuch-redux, 8,  411.10, 134.08, 128.08, 0.00, 8.61, 16850, 66680, 39, 51.0, , 1
Java, fannkuch-redux, 8,  397.17, 129.95, 124.15, 0.00, 8.35, 16323, 64653, 34, 51.2, , 1
Java, fannkuch-redux, 8,  418.71, 137.64, 131.49, 0.00, 8.84, 17286, 68423, 35, 51.8, , 1
Java, fannkuch-redux, 8,  400.53, 131.29, 125.42, 0.00, 8.43, 16486, 65319, 34, 51.0, , 1
Java, fannkuch-redux, 8,  406.06, 132.21, 126.31, 0.00, 8.49, 16604, 65770, 26, 50.8, , 1
Java, fannkuch-redux, 8,  403.36, 132.10, 126.19, 0.00, 8.49, 16602, 65707, 38, 51.2, , 1
Java, fannkuch-redux, 8,  412.22, 134.87, 128.84, 0.00, 8.67, 16950, 67042, 28, 50.5, , 1
Java, fannkuch-redux, 8,  405.11, 132.81, 126.87, 0.00, 8.54, 16685, 66050, 46, 51.2, , 1
Java, fannkuch-redux, 8,  411.02, 134.48, 128.46, 0.00, 8.65, 16903, 66927, 33, 49.8, , 1
Java, fannkuch-redux, 8,  398.26, 130.61, 124.75, 0.00, 8.40, 16421, 64919, 51, 51.0, , 1
Java, fannkuch-redux, 8,  402.67, 132.17, 126.25, 0.00, 8.50, 16607, 65756, 20, 51.0, , 1
Java, fannkuch-redux, 8,  419.98, 137.99, 131.80, 0.00, 8.87, 17339, 68602, 25, 50.8, , 1
Java, fannkuch-redux, 8,  412.56, 136.09, 130.00, 0.00, 8.75, 17105, 67414, 46, 50.2, , 1
Java, fannkuch-redux, 8,  415.03, 137.64, 131.48, 0.00, 8.84, 17293, 68474, 40, 51.2, , 1
Java, fannkuch-redux, 8,  400.57, 132.10, 126.19, 0.00, 8.49, 16598, 65736, 35, 51.2, , 1
Java, fannkuch-redux, 8,  409.94, 134.86, 128.81, 0.00, 8.66, 16939, 67127, 31, 51.0, , 1
Java, fannkuch-redux, 8,  400.96, 132.72, 126.77, 0.00, 8.53, 16679, 66041, 37, 50.2, , 1
Java, fannkuch-redux, 8,  407.08, 134.30, 128.28, 0.00, 8.63, 16880, 66786, 33, 50.8, , 1
Java, fannkuch-redux, 8,  418.84, 138.05, 131.88, 0.00, 8.87, 17341, 68681, 27, 51.2, , 1
Java, fasta, 8,  41.36, 12.99, 12.39, 0.00, 0.90, 1661, 5216, 51, 50.5, , 1
Java, fasta, 8,  41.32, 13.13, 12.53, 0.00, 0.90, 1657, 5224, 53, 51.2, , 1
Java, fasta, 8,  41.11, 13.13, 12.53, 0.00, 0.89, 1657, 5171, 62, 51.2, , 1
Java, fasta, 8,  41.20, 13.12, 12.52, 0.00, 0.89, 1661, 5212, 54, 51.2, , 1
Java, fasta, 8,  41.30, 13.16, 12.56, 0.00, 0.90, 1673, 5228, 63, 51.2, , 1
Java, fasta, 8,  41.50, 13.11, 12.51, 0.00, 0.90, 1664, 5233, 59, 51.0, , 1
Java, fasta, 8,  41.43, 13.03, 12.43, 0.00, 0.90, 1663, 5214, 59, 51.5, , 1
Java, fasta, 8,  40.91, 13.01, 12.41, 0.00, 0.89, 1649, 5199, 60, 51.5, , 1
Java, fasta, 8,  40.92, 13.03, 12.44, 0.00, 0.89, 1651, 5142, 55, 51.2, , 1
Java, fasta, 8,  41.11, 13.07, 12.48, 0.00, 0.89, 1656, 5221, 57, 51.2, , 1
Java, fasta, 8,  41.01, 13.10, 12.50, 0.00, 0.89, 1658, 5208, 56, 50.8, , 1
Java, fasta, 8,  41.05, 13.08, 12.48, 0.00, 0.90, 1665, 5215, 62, 51.2, , 1
Java, fasta, 8,  40.99, 12.98, 12.39, 0.00, 0.89, 1654, 5157, 50, 50.8, , 1
Java, fasta, 8,  41.75, 13.20, 12.59, 0.00, 0.91, 1693, 5328, 58, 51.5, , 1
Java, fasta, 8,  41.34, 13.12, 12.52, 0.00, 0.90, 1673, 5215, 55, 51.2, , 1
Java, fasta, 8,  41.49, 13.12, 12.51, 0.00, 0.90, 1671, 5196, 60, 50.0, , 1
Java, fasta, 8,  41.38, 13.15, 12.56, 0.00, 0.90, 1668, 5239, 68, 51.5, , 1
Java, fasta, 8,  41.25, 13.15, 12.55, 0.00, 0.90, 1668, 5244, 45, 50.5, , 1
Java, fasta, 8,  41.34, 13.15, 12.54, 0.00, 0.91, 1671, 5241, 66, 51.0, , 1
Java, fasta, 8,  40.98, 12.97, 12.39, 0.00, 0.89, 1648, 5155, 57, 51.0, , 1
Java, k-nucleotide, 8,  169.53, 54.57, 52.01, 0.00, 5.25, 6890, 24120, 221, 51.0, , 1
Java, k-nucleotide, 8,  180.35, 58.12, 55.40, 0.00, 5.59, 7323, 25807, 251, 50.5, , 1
Java, k-nucleotide, 8,  180.08, 58.21, 55.50, 0.00, 5.55, 7339, 25853, 246, 50.5, , 1
Java, k-nucleotide, 8,  180.89, 58.55, 55.82, 0.00, 5.65, 7391, 26001, 241, 50.2, , 1
Java, k-nucleotide, 8,  175.28, 56.54, 53.88, 0.00, 5.50, 7142, 25057, 260, 50.2, , 1
Java, k-nucleotide, 8,  178.66, 57.82, 55.11, 0.00, 5.59, 7316, 25659, 269, 49.8, , 1
Java, k-nucleotide, 8,  178.38, 57.70, 55.00, 0.00, 5.57, 7276, 25630, 252, 50.0, , 1
Java, k-nucleotide, 8,  179.34, 58.12, 55.40, 0.00, 5.58, 7335, 25763, 251, 51.2, , 1
Java, k-nucleotide, 8,  179.71, 58.02, 55.29, 0.00, 5.59, 7331, 25687, 262, 49.8, , 1
Java, k-nucleotide, 8,  184.34, 59.21, 56.44, 0.00, 5.69, 7469, 26322, 247, 50.5, , 1
Java, k-nucleotide, 8,  183.81, 59.05, 56.29, 0.00, 5.62, 7456, 26172, 257, 50.0, , 1
Java, k-nucleotide, 8,  182.56, 58.63, 55.89, 0.00, 5.63, 7405, 25995, 279, 50.2, , 1
Java, k-nucleotide, 8,  187.02, 59.97, 57.17, 0.00, 5.77, 7578, 26812, 274, 49.5, , 1
Java, k-nucleotide, 8,  175.31, 56.39, 53.74, 0.00, 5.49, 7128, 24883, 274, 50.0, , 1
Java, k-nucleotide, 8,  166.95, 54.19, 51.65, 0.00, 5.31, 6821, 23858, 217, 51.0, , 1
Java, k-nucleotide, 8,  179.26, 58.06, 55.34, 0.00, 5.61, 7344, 25752, 258, 49.5, , 1
Java, k-nucleotide, 8,  179.64, 58.27, 55.54, 0.00, 5.62, 7360, 25893, 250, 49.8, , 1
Java, k-nucleotide, 8,  179.43, 57.89, 55.18, 0.00, 5.60, 7310, 25704, 254, 50.0, , 1
Java, k-nucleotide, 8,  176.87, 56.62, 53.96, 0.00, 5.50, 7154, 25078, 293, 49.8, , 1
Java, k-nucleotide, 8,  172.81, 55.53, 52.93, 0.00, 5.39, 7022, 24412, 252, 50.5, , 1
Java, mandelbrot, 8,  141.26, 46.05, 43.95, 0.00, 3.06, 5852, 22952, 105, 51.0, , 1
Java, mandelbrot, 8,  145.98, 47.61, 45.47, 0.00, 3.13, 5998, 23620, 70, 51.8, , 1
Java, mandelbrot, 8,  142.01, 46.15, 44.07, 0.00, 3.04, 5819, 22893, 76, 51.2, , 1
Java, mandelbrot, 8,  144.70, 47.36, 45.23, 0.00, 3.11, 5956, 23492, 67, 51.5, , 1
Java, mandelbrot, 8,  146.61, 47.76, 45.60, 0.00, 3.15, 6029, 23709, 84, 50.2, , 1
Java, mandelbrot, 8,  142.19, 46.04, 43.95, 0.00, 3.04, 5829, 22875, 95, 51.5, , 1
Java, mandelbrot, 8,  146.74, 47.45, 45.31, 0.00, 3.12, 5978, 23550, 86, 51.2, , 1
Java, mandelbrot, 8,  142.94, 46.27, 44.18, 0.00, 3.04, 5824, 22973, 68, 51.2, , 1
Java, mandelbrot, 8,  142.47, 46.28, 44.19, 0.00, 3.04, 5826, 22947, 81, 51.5, , 1
Java, mandelbrot, 8,  146.25, 47.56, 45.42, 0.00, 3.12, 5986, 23606, 84, 51.8, , 1
Java, mandelbrot, 8,  144.55, 47.04, 44.92, 0.00, 3.09, 5921, 23349, 70, 51.2, , 1
Java, mandelbrot, 8,  146.58, 47.85, 45.70, 0.00, 3.14, 6025, 23749, 101, 52.0, , 1
Java, mandelbrot, 8,  141.74, 46.16, 44.07, 0.00, 3.03, 5809, 22900, 76, 51.2, , 1
Java, mandelbrot, 8,  146.05, 47.52, 45.38, 0.00, 3.11, 5973, 23561, 78, 51.0, , 1
Java, mandelbrot, 8,  145.70, 47.52, 45.37, 0.00, 3.12, 5985, 23596, 70, 51.2, , 1
Java, mandelbrot, 8,  147.10, 47.80, 45.65, 0.00, 3.14, 6019, 23733, 77, 51.0, , 1
Java, mandelbrot, 8,  147.11, 47.72, 45.57, 0.00, 3.14, 6009, 23685, 87, 50.5, , 1
Java, mandelbrot, 8,  147.56, 47.76, 45.61, 0.00, 3.14, 6016, 23716, 75, 51.0, , 1
Java, mandelbrot, 8,  146.97, 47.67, 45.52, 0.00, 3.13, 5999, 23652, 79, 51.2, , 1
Java, mandelbrot, 8,  145.33, 46.74, 44.63, 0.00, 3.07, 5882, 23168, 88, 51.0, , 1
Java, n-body, 8,  113.12, 37.25, 35.59, 0.00, 2.41, 4679, 4692, 18, 51.5, , 1
Java, n-body, 8,  113.36, 37.29, 35.62, 0.00, 2.41, 4685, 4697, 20, 51.8, , 1
Java, n-body, 8,  112.87, 37.11, 35.44, 0.00, 2.40, 4659, 4670, 21, 51.0, , 1
Java, n-body, 8,  112.54, 37.05, 35.39, 0.00, 2.40, 4659, 4667, 24, 50.8, , 1
Java, n-body, 8,  112.64, 37.15, 35.47, 0.00, 2.40, 4665, 4678, 19, 51.2, , 1
Java, n-body, 8,  113.87, 37.31, 35.63, 0.00, 2.41, 4684, 4699, 18, 51.0, , 1
Java, n-body, 8,  113.77, 37.27, 35.59, 0.00, 2.41, 4678, 4691, 19, 51.0, , 1
Java, n-body, 8,  113.15, 37.18, 35.51, 0.00, 2.40, 4672, 4686, 18, 50.5, , 1
Java, n-body, 8,  113.75, 37.22, 35.55, 0.00, 2.41, 4683, 4690, 25, 50.0, , 1
Java, n-body, 8,  113.20, 37.25, 35.57, 0.00, 2.41, 4679, 4686, 23, 51.5, , 1
Java, n-body, 8,  112.40, 37.02, 35.35, 0.00, 2.39, 4647, 4658, 19, 51.0, , 1
Java, n-body, 8,  112.39, 37.08, 35.42, 0.00, 2.40, 4657, 4670, 20, 51.5, , 1
Java, n-body, 8,  112.41, 36.98, 35.33, 0.00, 2.39, 4646, 4658, 20, 51.5, , 1
Java, n-body, 8,  113.07, 37.06, 35.39, 0.00, 2.39, 4651, 4669, 17, 51.5, , 1
Java, n-body, 8,  113.01, 37.06, 35.40, 0.00, 2.40, 4652, 4673, 15, 51.2, , 1
Java, n-body, 8,  112.80, 37.09, 35.43, 0.00, 2.40, 4657, 4671, 21, 51.2, , 1
Java, n-body, 8,  112.77, 37.01, 35.35, 0.00, 2.39, 4645, 4658, 22, 51.2, , 1
Java, n-body, 8,  112.65, 37.20, 35.53, 0.00, 2.41, 4674, 4684, 24, 50.5, , 1
Java, n-body, 8,  112.95, 37.15, 35.48, 0.00, 2.40, 4666, 4678, 17, 51.5, , 1
Java, n-body, 8,  113.44, 37.07, 35.41, 0.00, 2.40, 4654, 4671, 18, 51.2, , 1
Java, regex-redux, 8,  195.23, 62.93, 59.90, 0.00, 5.10, 7909, 26047, 402, 51.0, , 1
Java, regex-redux, 8,  191.10, 61.77, 58.78, 0.00, 5.04, 7781, 25847, 409, 51.5, , 1
Java, regex-redux, 8,  192.64, 62.32, 59.31, 0.00, 5.06, 7844, 26265, 344, 51.0, , 1
Java, regex-redux, 8,  195.17, 63.19, 60.14, 0.00, 5.12, 7952, 26272, 377, 51.2, , 1
Java, regex-redux, 8,  189.64, 61.38, 58.41, 0.00, 5.01, 7739, 25306, 385, 51.5, , 1
Java, regex-redux, 8,  199.25, 64.18, 61.09, 0.00, 5.19, 8080, 26344, 375, 51.0, , 1
Java, regex-redux, 8,  188.96, 60.59, 57.66, 0.00, 4.96, 7626, 25378, 389, 51.8, , 1
Java, regex-redux, 8,  193.49, 62.31, 59.29, 0.00, 5.06, 7860, 26136, 386, 51.2, , 1
Java, regex-redux, 8,  191.94, 62.04, 59.05, 0.00, 5.06, 7803, 25597, 401, 51.8, , 1
Java, regex-redux, 8,  189.45, 61.74, 58.76, 0.00, 5.02, 7761, 25856, 419, 52.0, , 1
Java, regex-redux, 8,  193.27, 62.84, 59.81, 0.00, 5.10, 7921, 26215, 398, 51.8, , 1
Java, regex-redux, 8,  189.12, 61.51, 58.54, 0.00, 5.02, 7733, 25510, 381, 51.5, , 1
Java, regex-redux, 8,  190.84, 62.10, 59.10, 0.00, 5.06, 7817, 25536, 381, 51.2, , 1
Java, regex-redux, 8,  190.74, 61.81, 58.83, 0.00, 5.04, 7786, 25843, 377, 51.5, , 1
Java, regex-redux, 8,  193.38, 62.47, 59.44, 0.00, 5.08, 7874, 25984, 375, 50.8, , 1
Java, regex-redux, 8,  191.92, 62.28, 59.27, 0.00, 5.06, 7830, 26252, 377, 51.5, , 1
Java, regex-redux, 8,  187.71, 61.00, 58.05, 0.00, 4.99, 7674, 25395, 404, 51.2, , 1
Java, regex-redux, 8,  190.42, 62.01, 59.01, 0.00, 5.06, 7821, 25921, 391, 50.8, , 1
Java, regex-redux, 8,  200.68, 65.38, 62.22, 0.00, 5.26, 8223, 27102, 399, 51.5, , 1
Java, regex-redux, 8,  189.75, 61.48, 58.51, 0.00, 5.00, 7737, 25633, 397, 51.5, , 1
Java, reverse-complement, 8,  21.71, 6.81, 6.38, 0.00, 0.86, 871, 695, 373, 51.2, , 1
Java, reverse-complement, 8,  21.68, 6.83, 6.40, 0.00, 0.86, 867, 697, 362, 51.5, , 1
Java, reverse-complement, 8,  21.65, 6.77, 6.34, 0.00, 0.86, 860, 700, 355, 51.5, , 1
Java, reverse-complement, 8,  21.72, 6.86, 6.43, 0.00, 0.86, 863, 709, 348, 52.0, , 1
Java, reverse-complement, 8,  21.59, 6.87, 6.44, 0.00, 0.86, 863, 698, 358, 52.0, , 1
Java, reverse-complement, 8,  21.57, 6.83, 6.40, 0.00, 0.85, 859, 701, 352, 51.8, , 1
Java, reverse-complement, 8,  21.67, 6.81, 6.39, 0.00, 0.86, 859, 694, 358, 51.8, , 1
Java, reverse-complement, 8,  21.56, 6.84, 6.41, 0.00, 0.86, 860, 709, 345, 51.0, , 1
Java, reverse-complement, 8,  21.82, 6.85, 6.42, 0.00, 0.86, 863, 692, 367, 51.0, , 1
Java, reverse-complement, 8,  21.77, 6.82, 6.39, 0.00, 0.87, 869, 714, 349, 52.0, , 1
Java, reverse-complement, 8,  21.68, 6.76, 6.33, 0.00, 0.87, 869, 707, 353, 52.0, , 1
Java, reverse-complement, 8,  21.74, 6.82, 6.39, 0.00, 0.87, 868, 701, 360, 51.5, , 1
Java, reverse-complement, 8,  21.63, 6.80, 6.38, 0.00, 0.86, 858, 689, 361, 51.5, , 1
Java, reverse-complement, 8,  21.62, 6.80, 6.37, 0.00, 0.86, 857, 681, 369, 51.5, , 1
Java, reverse-complement, 8,  21.76, 6.79, 6.37, 0.00, 0.86, 860, 705, 349, 51.5, , 1
Java, reverse-complement, 8,  21.73, 6.75, 6.33, 0.00, 0.86, 861, 704, 348, 51.8, , 1
Java, reverse-complement, 8,  21.81, 6.84, 6.41, 0.00, 0.86, 864, 699, 358, 51.8, , 1
Java, reverse-complement, 8,  21.76, 6.80, 6.37, 0.00, 0.87, 863, 697, 358, 51.2, , 1
Java, reverse-complement, 8,  21.63, 6.81, 6.39, 0.00, 0.86, 861, 706, 349, 51.2, , 1
Java, reverse-complement, 8,  21.70, 6.82, 6.39, 0.00, 0.86, 866, 708, 353, 51.5, , 1
Java, spectral-norm, 8,  23.60, 7.59, 7.24, 0.00, 0.52, 967, 3521, 45, 51.0, , 1
Java, spectral-norm, 8,  23.69, 7.64, 7.29, 0.00, 0.52, 974, 3537, 52, 51.0, , 1
Java, spectral-norm, 8,  23.31, 7.55, 7.20, 0.00, 0.51, 957, 3465, 51, 51.0, , 1
Java, spectral-norm, 8,  23.40, 7.54, 7.19, 0.00, 0.52, 967, 3549, 46, 51.2, , 1
Java, spectral-norm, 8,  23.52, 7.55, 7.20, 0.00, 0.52, 968, 3517, 57, 50.8, , 1
Java, spectral-norm, 8,  23.52, 7.56, 7.21, 0.00, 0.53, 977, 3553, 46, 50.8, , 1
Java, spectral-norm, 8,  23.54, 7.60, 7.26, 0.00, 0.52, 969, 3521, 47, 51.0, , 1
Java, spectral-norm, 8,  23.49, 7.56, 7.21, 0.00, 0.52, 964, 3524, 46, 51.0, , 1
Java, spectral-norm, 8,  23.29, 7.56, 7.21, 0.00, 0.52, 963, 3478, 46, 51.5, , 1
Java, spectral-norm, 8,  23.62, 7.65, 7.29, 0.00, 0.52, 972, 3499, 51, 50.5, , 1
Java, spectral-norm, 8,  23.64, 7.62, 7.27, 0.00, 0.52, 972, 3545, 41, 50.8, , 1
Java, spectral-norm, 8,  23.74, 7.63, 7.27, 0.00, 0.53, 977, 3559, 38, 51.0, , 1
Java, spectral-norm, 8,  23.84, 7.62, 7.27, 0.00, 0.53, 977, 3541, 54, 50.8, , 1
Java, spectral-norm, 8,  23.67, 7.58, 7.23, 0.00, 0.52, 964, 3503, 47, 50.8, , 1
Java, spectral-norm, 8,  23.59, 7.57, 7.22, 0.00, 0.52, 965, 3524, 50, 51.5, , 1
Java, spectral-norm, 8,  23.72, 7.61, 7.26, 0.00, 0.52, 968, 3537, 40, 51.5, , 1
Java, spectral-norm, 8,  23.70, 7.54, 7.19, 0.00, 0.52, 968, 3503, 53, 50.8, , 1
Java, spectral-norm, 8,  23.38, 7.45, 7.10, 0.00, 0.52, 957, 3469, 59, 50.8, , 1
Java, spectral-norm, 8,  23.48, 7.55, 7.21, 0.00, 0.52, 962, 3508, 59, 51.0, , 1
Java, spectral-norm, 8,  23.60, 7.57, 7.22, 0.00, 0.52, 967, 3533, 42, 51.0, , 1
Python, binary-trees, 8,  1533.16, 488.70, 462.31, 0.00, 50.47, 61827, 223270, 4297, 51.8, , 1
Python, binary-trees, 8,  1531.93, 488.31, 461.96, 0.00, 50.32, 61717, 223024, 4253, 52.5, , 1
Python, binary-trees, 8,  1549.13, 491.58, 465.06, 0.00, 50.48, 62102, 224593, 4104, 51.5, , 1
Python, binary-trees, 8,  1538.11, 487.11, 460.93, 0.00, 50.35, 61557, 222541, 4150, 52.2, , 1
Python, binary-trees, 8,  1549.70, 492.02, 465.62, 0.00, 50.49, 62126, 224611, 4248, 51.8, , 1
Python, binary-trees, 8,  1540.58, 489.19, 462.89, 0.00, 50.35, 61780, 223247, 4226, 51.5, , 1
Python, binary-trees, 8,  1549.24, 494.20, 467.63, 0.00, 50.85, 62404, 225222, 4020, 51.8, , 1
Python, binary-trees, 8,  1525.10, 491.95, 465.45, 0.00, 50.41, 62145, 224786, 4101, 51.5, , 1
Python, binary-trees, 8,  1543.03, 494.36, 467.69, 0.00, 50.74, 62500, 226293, 4116, 52.0, , 1
Python, binary-trees, 8,  1538.27, 491.62, 465.17, 0.00, 50.60, 62111, 224690, 4081, 51.8, , 1
Python, binary-trees, 8,  1534.35, 491.22, 464.83, 0.00, 50.52, 62013, 224118, 4063, 51.8, , 1
Python, binary-trees, 8,  1671.69, 528.11, 499.31, 0.00, 56.18, 66299, 227941, 4330, 51.2, , 1
Python, binary-trees, 8,  1561.21, 494.70, 468.21, 0.00, 50.89, 62469, 226006, 4228, 51.5, , 1
Python, binary-trees, 8,  1546.73, 491.07, 464.53, 0.00, 50.50, 61978, 223934, 4223, 51.5, , 1
Python, binary-trees, 8,  1549.68, 490.75, 464.29, 0.00, 50.47, 62068, 224248, 4264, 51.8, , 1
Python, binary-trees, 8,  1548.73, 492.22, 465.75, 0.00, 50.62, 62124, 224468, 4331, 52.0, , 1
Python, binary-trees, 8,  1533.38, 490.12, 463.68, 0.00, 50.54, 61919, 223297, 4190, 51.2, , 1
Python, binary-trees, 8,  1543.80, 491.07, 464.71, 0.00, 50.57, 62102, 224091, 4073, 52.0, , 1
Python, binary-trees, 8,  1538.84, 490.88, 464.46, 0.00, 50.54, 62081, 224384, 4303, 51.8, , 1
Python, binary-trees, 8,  1545.80, 494.83, 468.35, 0.00, 50.91, 62464, 225925, 4116, 51.8, , 1
Python, fannkuch-redux, 8,  12879.68, 4228.74, 4039.17, 0.00, 270.88, 531059, 2096946, 99, 51.2, , 1
Python, fannkuch-redux, 8,  12838.39, 4220.94, 4031.70, 0.00, 270.43, 530101, 2098813, 108, 51.2, , 1
Python, fannkuch-redux, 8,  12841.53, 4226.96, 4037.30, 0.00, 270.81, 530836, 2102859, 134, 51.0, , 1
Python, fannkuch-redux, 8,  12931.89, 4255.44, 4064.82, 0.00, 272.59, 534385, 2118249, 128, 50.8, , 1
Python, fannkuch-redux, 8,  13088.33, 4293.11, 4101.66, 0.00, 275.15, 539359, 2136095, 132, 51.0, , 1
Python, fannkuch-redux, 8,  12893.20, 4242.99, 4052.62, 0.00, 271.95, 532856, 2103342, 121, 51.5, , 1
Python, fannkuch-redux, 8,  12921.00, 4256.12, 4065.45, 0.00, 272.69, 534526, 2118266, 120, 51.2, , 1
Python, fannkuch-redux, 8,  12850.56, 4227.07, 4037.92, 0.00, 270.89, 530897, 2104357, 92, 51.0, , 1
Python, fannkuch-redux, 8,  12888.31, 4253.33, 4063.11, 0.00, 272.63, 534235, 2115984, 82, 51.2, , 1
Python, fannkuch-redux, 8,  12956.22, 4268.74, 4077.17, 0.00, 273.56, 536096, 2118461, 110, 51.8, , 1
Python, fannkuch-redux, 8,  12943.63, 4260.39, 4069.62, 0.00, 273.08, 535092, 2119274, 135, 51.5, , 1
Python, fannkuch-redux, 8,  12896.91, 4235.52, 4046.02, 0.00, 271.47, 531980, 2107208, 107, 51.2, , 1
Python, fannkuch-redux, 8,  13027.23, 4270.10, 4078.91, 0.00, 273.70, 536317, 2126670, 122, 51.5, , 1
Python, fannkuch-redux, 8,  12999.52, 4260.99, 4070.02, 0.00, 273.11, 535127, 2120977, 134, 51.2, , 1
Python, fannkuch-redux, 8,  13079.07, 4287.13, 4095.35, 0.00, 274.84, 538478, 2124041, 83, 51.2, , 1
Python, fannkuch-redux, 8,  12932.36, 4256.59, 4065.34, 0.00, 272.84, 534508, 2115875, 141, 51.0, , 1
Python, fannkuch-redux, 8,  12920.26, 4247.42, 4056.69, 0.00, 272.24, 533354, 2109888, 100, 51.0, , 1
Python, fannkuch-redux, 8,  12959.97, 4245.74, 4055.35, 0.00, 272.15, 533190, 2110215, 126, 50.8, , 1
Python, fannkuch-redux, 8,  12897.27, 4233.74, 4043.89, 0.00, 271.39, 531691, 2105591, 105, 50.8, , 1
Python, fannkuch-redux, 8,  12946.38, 4261.74, 4070.20, 0.00, 273.17, 535175, 2119762, 99, 50.8, , 1
Python, fasta, 8,  1273.96, 422.13, 403.23, 0.00, 27.06, 53029, 53002, 27, 51.2, , 1
Python, fasta, 8,  1274.97, 424.66, 405.74, 0.00, 27.22, 53339, 53315, 24, 50.8, , 1
Python, fasta, 8,  1277.61, 424.59, 405.68, 0.00, 27.23, 53341, 53320, 21, 51.2, , 1
Python, fasta, 8,  1273.70, 423.16, 404.29, 0.00, 27.12, 53162, 53131, 31, 51.0, , 1
Python, fasta, 8,  1279.42, 422.35, 403.49, 0.00, 27.07, 53051, 53018, 33, 51.2, , 1
Python, fasta, 8,  1305.39, 429.39, 410.20, 0.00, 27.52, 53938, 53906, 32, 51.2, , 1
Python, fasta, 8,  1291.35, 424.27, 405.23, 0.00, 27.20, 53281, 53249, 28, 50.8, , 1
Python, fasta, 8,  1280.73, 422.11, 403.21, 0.00, 27.06, 53030, 52987, 40, 50.2, , 1
Python, fasta, 8,  1297.76, 427.06, 407.91, 0.00, 27.39, 53644, 53616, 25, 51.0, , 1
Python, fasta, 8,  1277.72, 422.59, 403.65, 0.00, 27.09, 53076, 53043, 30, 50.2, , 1
Python, fasta, 8,  1273.96, 422.50, 403.56, 0.00, 27.09, 53077, 53043, 32, 50.5, , 1
Python, fasta, 8,  1280.59, 422.91, 403.96, 0.00, 27.12, 53119, 53088, 28, 50.8, , 1
Python, fasta, 8,  1277.06, 422.86, 403.91, 0.00, 27.11, 53117, 53090, 24, 50.8, , 1
Python, fasta, 8,  1278.33, 423.39, 404.41, 0.00, 27.15, 53182, 53149, 30, 50.8, , 1
Python, fasta, 8,  1274.29, 420.65, 401.81, 0.00, 26.97, 52837, 52807, 31, 51.2, , 1
Python, fasta, 8,  1286.11, 421.00, 402.14, 0.00, 27.00, 52881, 52848, 33, 51.2, , 1
Python, fasta, 8,  1275.04, 420.22, 401.38, 0.00, 26.94, 52779, 52735, 45, 51.2, , 1
Python, fasta, 8,  1269.47, 419.75, 400.93, 0.00, 26.91, 52718, 52690, 28, 51.2, , 1
Python, fasta, 8,  1279.46, 423.48, 404.54, 0.00, 27.16, 53189, 53155, 34, 50.5, , 1
Python, fasta, 8,  1280.03, 423.16, 404.21, 0.00, 27.14, 53152, 53119, 33, 51.0, , 1
Python, k-nucleotide, 8,  1818.41, 580.61, 552.65, 0.00, 65.93, 72912, 287251, 868, 50.5, , 1
Python, k-nucleotide, 8,  1828.61, 583.18, 555.07, 0.00, 66.40, 73252, 288372, 861, 50.8, , 1
Python, k-nucleotide, 8,  1842.06, 588.69, 560.29, 0.00, 66.45, 73942, 288458, 989, 51.5, , 1
Python, k-nucleotide, 8,  1835.51, 584.13, 555.94, 0.00, 66.21, 73361, 287329, 928, 50.8, , 1
Python, k-nucleotide, 8,  1862.64, 591.45, 562.92, 0.00, 66.98, 74285, 291210, 919, 51.0, , 1
Python, k-nucleotide, 8,  1855.77, 588.54, 560.14, 0.00, 66.91, 73916, 290564, 901, 51.0, , 1
Python, k-nucleotide, 8,  1849.55, 588.51, 560.24, 0.00, 66.42, 73903, 291097, 823, 51.0, , 1
Python, k-nucleotide, 8,  1829.41, 583.40, 555.35, 0.00, 65.99, 73272, 288656, 839, 51.0, , 1
Python, k-nucleotide, 8,  1811.67, 578.51, 550.62, 0.00, 65.76, 72643, 286115, 813, 50.8, , 1
Python, k-nucleotide, 8,  1820.57, 580.06, 552.13, 0.00, 65.62, 72844, 286990, 827, 51.8, , 1
Python, k-nucleotide, 8,  1820.18, 580.16, 552.14, 0.00, 66.13, 72866, 287111, 901, 51.8, , 1
Python, k-nucleotide, 8,  1815.04, 577.25, 549.41, 0.00, 65.61, 72512, 286044, 845, 51.2, , 1
Python, k-nucleotide, 8,  1834.89, 579.39, 551.44, 0.00, 65.90, 72766, 286466, 844, 52.0, , 1
Python, k-nucleotide, 8,  1823.11, 575.33, 547.58, 0.00, 65.55, 72248, 284861, 851, 51.8, , 1
Python, k-nucleotide, 8,  1826.92, 576.49, 548.70, 0.00, 65.48, 72401, 285607, 843, 51.5, , 1
Python, k-nucleotide, 8,  1825.56, 577.53, 549.67, 0.00, 65.80, 72540, 285435, 817, 51.5, , 1
Python, k-nucleotide, 8,  1842.48, 585.94, 557.67, 0.00, 66.75, 73597, 289725, 865, 52.0, , 1
Python, k-nucleotide, 8,  1832.96, 583.27, 555.21, 0.00, 65.93, 73236, 288670, 856, 50.8, , 1
Python, k-nucleotide, 8,  1826.79, 579.72, 551.78, 0.00, 65.81, 72813, 286849, 834, 52.0, , 1
Python, k-nucleotide, 8,  1826.42, 578.80, 550.93, 0.00, 65.61, 72696, 286631, 842, 51.2, , 1
Python, mandelbrot, 8,  5739.85, 1874.70, 1790.75, 0.00, 120.25, 235429, 938343, 1999, 50.5, , 1
Python, mandelbrot, 8,  5846.27, 1910.00, 1824.47, 0.00, 122.51, 239875, 956270, 2049, 50.8, , 1
Python, mandelbrot, 8,  5820.58, 1903.16, 1817.91, 0.00, 122.05, 239010, 952579, 2009, 50.5, , 1
Python, mandelbrot, 8,  5789.35, 1906.47, 1821.17, 0.00, 122.33, 239436, 954565, 2015, 50.5, , 1
Python, mandelbrot, 8,  5794.94, 1893.67, 1808.86, 0.00, 121.45, 237834, 948143, 1968, 50.5, , 1
Python, mandelbrot, 8,  5878.12, 1935.56, 1849.01, 0.00, 124.12, 243092, 968817, 2070, 50.2, , 1
Python, mandelbrot, 8,  5814.86, 1915.39, 1829.76, 0.00, 122.85, 240568, 959063, 2008, 50.5, , 1
Python, mandelbrot, 8,  5802.72, 1906.22, 1820.93, 0.00, 122.29, 239413, 954130, 2025, 50.5, , 1
Python, mandelbrot, 8,  5829.34, 1917.52, 1831.87, 0.00, 123.02, 240842, 960206, 1992, 50.2, , 1
Python, mandelbrot, 8,  5899.86, 1929.42, 1843.02, 0.00, 123.77, 242309, 965928, 2156, 50.2, , 1
Python, mandelbrot, 8,  5795.31, 1910.76, 1825.38, 0.00, 122.58, 239979, 956428, 2000, 50.8, , 1
Python, mandelbrot, 8,  5759.97, 1895.07, 1810.33, 0.00, 121.59, 238019, 948857, 2015, 50.2, , 1
Python, mandelbrot, 8,  5818.42, 1904.65, 1819.41, 0.00, 122.18, 239209, 953259, 2090, 50.8, , 1
Python, mandelbrot, 8,  5787.43, 1904.00, 1818.91, 0.00, 122.15, 239132, 953359, 2056, 50.5, , 1
Python, mandelbrot, 8,  5876.09, 1925.30, 1839.31, 0.00, 123.52, 241818, 963985, 2117, 50.8, , 1
Python, mandelbrot, 8,  5781.39, 1905.97, 1820.77, 0.00, 122.28, 239400, 954074, 2021, 50.2, , 1
Python, mandelbrot, 8,  5813.09, 1899.92, 1814.88, 0.00, 121.88, 238610, 951248, 2076, 50.2, , 1
Python, mandelbrot, 8,  5864.14, 1923.39, 1837.46, 0.00, 123.39, 241572, 962760, 2083, 49.8, , 1
Python, mandelbrot, 8,  5750.50, 1892.62, 1807.98, 0.00, 121.42, 237699, 947523, 2081, 50.5, , 1
Python, mandelbrot, 8,  5913.51, 1936.56, 1849.97, 0.00, 124.23, 243218, 969577, 2059, 50.0, , 1
Python, n-body, 8,  7204.88, 2377.78, 2271.80, 0.00, 152.40, 298740, 298729, 4, 51.2, , 1
Python, n-body, 8,  7159.18, 2373.11, 2267.06, 0.00, 152.08, 298115, 298103, 3, 51.2, , 1
Python, n-body, 8,  7258.37, 2395.42, 2288.65, 0.00, 153.53, 300955, 300940, 5, 51.5, , 1
Python, n-body, 8,  7193.41, 2390.51, 2284.09, 0.00, 153.19, 300311, 300290, 10, 51.8, , 1
Python, n-body, 8,  7231.31, 2378.58, 2272.36, 0.00, 152.42, 298771, 298746, 13, 52.5, , 1
Python, n-body, 8,  7194.17, 2389.16, 2282.88, 0.00, 153.11, 300151, 300126, 12, 51.8, , 1
Python, n-body, 8,  7204.01, 2383.41, 2277.31, 0.00, 152.74, 299419, 299393, 14, 51.8, , 1
Python, n-body, 8,  7135.98, 2376.05, 2269.91, 0.00, 152.29, 298493, 298489, 4, 51.5, , 1
Python, n-body, 8,  7202.18, 2376.31, 2270.28, 0.00, 152.32, 298538, 298524, 5, 51.2, , 1
Python, n-body, 8,  7219.97, 2383.15, 2276.43, 0.00, 152.73, 299343, 299340, 3, 51.5, , 1
Python, n-body, 8,  7218.09, 2374.43, 2268.09, 0.00, 152.17, 298245, 298240, 4, 51.8, , 1
Python, n-body, 8,  7191.34, 2387.11, 2280.45, 0.00, 153.00, 299877, 299872, 4, 51.5, , 1
Python, n-body, 8,  7259.03, 2398.78, 2291.55, 0.00, 153.75, 301334, 301332, 2, 51.0, , 1
Python, n-body, 8,  7376.37, 2444.32, 2334.97, 0.00, 156.66, 307039, 307034, 3, 51.8, , 1
Python, n-body, 8,  7249.20, 2378.58, 2272.51, 0.00, 152.44, 298787, 298761, 14, 51.8, , 1
Python, n-body, 8,  7204.25, 2384.42, 2277.71, 0.00, 152.83, 299514, 299513, 2, 51.8, , 1
Python, n-body, 8,  7214.18, 2379.80, 2273.51, 0.00, 152.54, 298962, 298959, 3, 51.8, , 1
Python, n-body, 8,  7150.90, 2375.50, 2269.44, 0.00, 152.26, 298426, 298423, 2, 51.5, , 1
Python, n-body, 8,  7277.54, 2403.79, 2296.45, 0.00, 154.07, 301975, 301971, 2, 51.8, , 1
Python, n-body, 8,  7329.08, 2440.19, 2331.89, 0.00, 156.43, 306587, 306559, 16, 51.2, , 1
Python, regex-redux, 8,  256.42, 83.98, 80.05, 0.00, 6.30, 10552, 22526, 525, 52.0, , 1
Python, regex-redux, 8,  255.44, 84.17, 80.23, 0.00, 6.31, 10572, 22536, 548, 51.8, , 1
Python, regex-redux, 8,  257.72, 84.13, 80.19, 0.00, 6.31, 10564, 22524, 509, 51.8, , 1
Python, regex-redux, 8,  259.14, 84.20, 80.26, 0.00, 6.32, 10579, 22561, 528, 51.8, , 1
Python, regex-redux, 8,  260.26, 84.63, 80.66, 0.00, 6.35, 10624, 22589, 557, 51.8, , 1
Python, regex-redux, 8,  260.41, 84.31, 80.36, 0.00, 6.33, 10586, 22567, 540, 51.5, , 1
Python, regex-redux, 8,  259.42, 84.48, 80.52, 0.00, 6.34, 10608, 22571, 548, 51.5, , 1
Python, regex-redux, 8,  259.09, 84.32, 80.37, 0.00, 6.34, 10593, 22524, 542, 51.8, , 1
Python, regex-redux, 8,  258.71, 84.24, 80.30, 0.00, 6.32, 10578, 22546, 529, 52.0, , 1
Python, regex-redux, 8,  260.90, 85.12, 81.14, 0.00, 6.39, 10689, 22855, 547, 51.8, , 1
Python, regex-redux, 8,  261.20, 84.94, 80.96, 0.00, 6.38, 10669, 22650, 514, 51.5, , 1
Python, regex-redux, 8,  260.24, 84.49, 80.53, 0.00, 6.34, 10609, 22608, 546, 51.5, , 1
Python, regex-redux, 8,  259.61, 84.48, 80.52, 0.00, 6.35, 10613, 22568, 556, 51.5, , 1
Python, regex-redux, 8,  258.16, 84.38, 80.43, 0.00, 6.33, 10596, 22572, 564, 51.8, , 1
Python, regex-redux, 8,  260.94, 85.17, 81.18, 0.00, 6.39, 10694, 22941, 545, 51.5, , 1
Python, regex-redux, 8,  259.41, 84.44, 80.49, 0.00, 6.34, 10607, 22563, 516, 51.5, , 1
Python, regex-redux, 8,  258.48, 83.72, 79.79, 0.00, 6.29, 10516, 22359, 563, 52.0, , 1
Python, regex-redux, 8,  259.66, 84.34, 80.38, 0.00, 6.33, 10589, 22805, 530, 51.5, , 1
Python, regex-redux, 8,  259.36, 84.30, 80.35, 0.00, 6.33, 10590, 22539, 539, 51.8, , 1
Python, regex-redux, 8,  259.08, 84.28, 80.33, 0.00, 6.33, 10583, 22582, 512, 51.8, , 1
Python, reverse-complement, 8,  49.88, 16.06, 15.27, 0.00, 1.48, 2016, 2788, 657, 51.0, , 1
Python, reverse-complement, 8,  49.74, 15.99, 15.19, 0.00, 1.47, 2006, 2734, 697, 51.5, , 1
Python, reverse-complement, 8,  49.90, 16.03, 15.23, 0.00, 1.48, 2011, 2797, 636, 51.2, , 1
Python, reverse-complement, 8,  49.85, 16.00, 15.21, 0.00, 1.48, 2009, 2794, 637, 51.8, , 1
Python, reverse-complement, 8,  50.14, 16.14, 15.34, 0.00, 1.49, 2025, 2807, 657, 51.8, , 1
Python, reverse-complement, 8,  49.95, 16.05, 15.25, 0.00, 1.48, 2016, 2806, 638, 51.5, , 1
Python, reverse-complement, 8,  50.19, 16.18, 15.37, 0.00, 1.50, 2031, 2779, 686, 51.8, , 1
Python, reverse-complement, 8,  50.42, 16.16, 15.36, 0.00, 1.50, 2029, 2780, 682, 52.0, , 1
Python, reverse-complement, 8,  50.29, 16.02, 15.22, 0.00, 1.48, 2012, 2743, 684, 51.5, , 1
Python, reverse-complement, 8,  50.01, 15.93, 15.14, 0.00, 1.47, 2000, 2771, 647, 52.0, , 1
Python, reverse-complement, 8,  50.61, 16.11, 15.30, 0.00, 1.49, 2027, 2788, 671, 51.5, , 1
Python, reverse-complement, 8,  50.31, 16.07, 15.28, 0.00, 1.48, 2018, 2811, 639, 51.2, , 1
Python, reverse-complement, 8,  50.13, 15.97, 15.18, 0.00, 1.48, 2005, 2796, 623, 51.8, , 1
Python, reverse-complement, 8,  50.27, 15.98, 15.19, 0.00, 1.48, 2006, 2792, 634, 51.2, , 1
Python, reverse-complement, 8,  50.36, 16.07, 15.27, 0.00, 1.48, 2017, 2737, 696, 52.0, , 1
Python, reverse-complement, 8,  50.15, 15.99, 15.19, 0.00, 1.48, 2006, 2797, 630, 51.8, , 1
Python, reverse-complement, 8,  49.84, 15.98, 15.18, 0.00, 1.47, 2005, 2749, 676, 51.8, , 1
Python, reverse-complement, 8,  49.91, 16.02, 15.22, 0.00, 1.48, 2011, 2742, 682, 51.8, , 1
Python, reverse-complement, 8,  49.86, 16.02, 15.22, 0.00, 1.49, 2011, 2769, 658, 51.8, , 1
Python, reverse-complement, 8,  49.98, 15.95, 15.15, 0.00, 1.48, 2011, 2773, 650, 51.8, , 1
Python, spectral-norm, 8,  4370.75, 1430.49, 1366.46, 0.00, 91.89, 179599, 716563, 207, 51.2, , 1
Python, spectral-norm, 8,  4381.00, 1424.30, 1360.55, 0.00, 91.50, 178858, 713589, 193, 50.2, , 1
Python, spectral-norm, 8,  4346.55, 1412.45, 1349.25, 0.00, 90.77, 177404, 707119, 190, 50.5, , 1
Python, spectral-norm, 8,  4327.11, 1413.30, 1350.02, 0.00, 90.80, 177514, 707406, 181, 50.8, , 1
Python, spectral-norm, 8,  4333.58, 1404.70, 1341.82, 0.00, 90.25, 176394, 703629, 178, 50.8, , 1
Python, spectral-norm, 8,  4375.23, 1419.12, 1355.59, 0.00, 91.17, 178207, 710916, 189, 50.8, , 1
Python, spectral-norm, 8,  4366.20, 1419.33, 1355.77, 0.00, 91.20, 178278, 709988, 183, 51.0, , 1
Python, spectral-norm, 8,  4343.32, 1415.36, 1351.97, 0.00, 90.94, 177731, 708987, 200, 50.8, , 1
Python, spectral-norm, 8,  4342.93, 1407.21, 1344.18, 0.00, 90.42, 176717, 704925, 183, 50.8, , 1
Python, spectral-norm, 8,  4394.75, 1428.88, 1364.86, 0.00, 91.84, 179483, 715300, 198, 51.0, , 1
Python, spectral-norm, 8,  4329.73, 1412.83, 1349.55, 0.00, 90.80, 177428, 707284, 217, 50.8, , 1
Python, spectral-norm, 8,  4434.40, 1438.65, 1374.20, 0.00, 92.46, 180677, 720538, 226, 51.2, , 1
Python, spectral-norm, 8,  4399.32, 1427.74, 1363.78, 0.00, 91.76, 179335, 714713, 196, 50.8, , 1
Python, spectral-norm, 8,  4309.42, 1412.41, 1349.14, 0.00, 90.75, 177365, 707423, 187, 51.5, , 1
Python, spectral-norm, 8,  4435.17, 1443.28, 1378.62, 0.00, 92.77, 181285, 722704, 185, 51.2, , 1
Python, spectral-norm, 8,  4394.02, 1420.78, 1357.17, 0.00, 91.28, 178412, 711629, 166, 51.2, , 1
Python, spectral-norm, 8,  4396.22, 1424.90, 1361.09, 0.00, 91.57, 178973, 713225, 204, 50.8, , 1
Python, spectral-norm, 8,  4290.61, 1389.68, 1327.43, 0.00, 89.29, 174504, 696080, 219, 50.8, , 1
Python, spectral-norm, 8,  4419.37, 1420.48, 1356.86, 0.00, 91.29, 178422, 711407, 204, 51.2, , 1
Python, spectral-norm, 8,  4385.04, 1415.57, 1352.18, 0.00, 90.98, 177809, 708570, 204, 51.2, , 1
C, binary-trees, 10,  43.54, 15.65, 14.94, 0.00, 1.55, 1577, 4803, 249, 53.5, , 1
C, binary-trees, 10,  43.59, 15.57, 14.86, 0.00, 1.56, 1575, 4803, 247, 53.2, , 1
C, binary-trees, 10,  43.63, 15.62, 14.90, 0.00, 1.56, 1570, 4789, 249, 52.5, , 1
C, binary-trees, 10,  44.22, 15.79, 15.07, 0.00, 1.56, 1595, 4792, 248, 54.2, , 1
C, binary-trees, 10,  43.70, 15.59, 14.87, 0.00, 1.55, 1565, 4793, 237, 53.5, , 1
C, binary-trees, 10,  43.67, 15.60, 14.89, 0.00, 1.55, 1567, 4785, 241, 53.8, , 1
C, binary-trees, 10,  43.73, 15.56, 14.84, 0.00, 1.55, 1569, 4770, 260, 53.2, , 1
C, binary-trees, 10,  44.20, 15.81, 15.09, 0.00, 1.55, 1587, 4785, 246, 52.8, , 1
C, binary-trees, 10,  43.65, 15.55, 14.84, 0.00, 1.54, 1567, 4768, 249, 53.0, , 1
C, binary-trees, 10,  44.13, 15.71, 14.99, 0.00, 1.56, 1576, 4785, 236, 53.5, , 1
C, binary-trees, 10,  43.70, 15.54, 14.83, 0.00, 1.54, 1560, 4773, 231, 53.8, , 1
C, binary-trees, 10,  43.82, 15.43, 14.72, 0.00, 1.55, 1561, 4755, 251, 53.5, , 1
C, binary-trees, 10,  43.72, 15.53, 14.82, 0.00, 1.54, 1558, 4780, 226, 53.8, , 1
C, binary-trees, 10,  44.04, 15.52, 14.80, 0.00, 1.54, 1567, 4781, 241, 53.0, , 1
C, binary-trees, 10,  43.83, 15.54, 14.82, 0.00, 1.55, 1561, 4775, 231, 53.2, , 1
C, binary-trees, 10,  43.80, 15.46, 14.75, 0.00, 1.53, 1552, 4759, 228, 53.5, , 1
C, binary-trees, 10,  43.88, 15.42, 14.71, 0.00, 1.55, 1558, 4757, 234, 53.0, , 1
C, binary-trees, 10,  43.94, 15.51, 14.79, 0.00, 1.54, 1557, 4778, 235, 53.0, , 1
C, binary-trees, 10,  43.73, 15.46, 14.75, 0.00, 1.54, 1552, 4745, 241, 53.0, , 1
C, binary-trees, 10,  43.63, 15.59, 14.88, 0.00, 1.55, 1566, 4801, 231, 54.0, , 1
C, fannkuch-redux, 10,  87.77, 31.80, 30.66, 0.00, 1.63, 3190, 12683, 0, 53.2, , 1
C, fannkuch-redux, 10,  87.41, 32.08, 30.94, 0.00, 1.65, 3221, 12803, 1, 53.2, , 1
C, fannkuch-redux, 10,  87.28, 32.24, 31.09, 0.00, 1.65, 3236, 12866, 0, 53.2, , 1
C, fannkuch-redux, 10,  87.33, 32.25, 31.10, 0.00, 1.65, 3237, 12869, 0, 53.2, , 1
C, fannkuch-redux, 10,  87.31, 32.17, 31.03, 0.00, 1.65, 3229, 12840, 0, 53.5, , 1
C, fannkuch-redux, 10,  87.33, 32.25, 31.10, 0.00, 1.66, 3236, 12867, 0, 53.5, , 1
C, fannkuch-redux, 10,  87.73, 32.30, 31.14, 0.00, 1.66, 3241, 12867, 0, 53.0, , 1
C, fannkuch-redux, 10,  87.25, 32.26, 31.10, 0.00, 1.65, 3238, 12873, 1, 53.8, , 1
C, fannkuch-redux, 10,  87.41, 32.26, 31.11, 0.00, 1.66, 3238, 12873, 0, 53.2, , 1
C, fannkuch-redux, 10,  87.14, 32.23, 31.08, 0.00, 1.65, 3235, 12867, 0, 53.5, , 1
C, fannkuch-redux, 10,  87.23, 32.28, 31.12, 0.00, 1.65, 3238, 12880, 0, 53.2, , 1
C, fannkuch-redux, 10,  86.92, 32.26, 31.11, 0.00, 1.65, 3238, 12880, 1, 53.2, , 1
C, fannkuch-redux, 10,  87.63, 32.40, 31.24, 0.00, 1.66, 3252, 12933, 0, 53.2, , 1
C, fannkuch-redux, 10,  87.37, 32.32, 31.17, 0.00, 1.66, 3244, 12903, 0, 53.2, , 1
C, fannkuch-redux, 10,  87.36, 32.30, 31.15, 0.00, 1.66, 3242, 12893, 1, 53.5, , 1
C, fannkuch-redux, 10,  87.31, 32.30, 31.14, 0.00, 1.66, 3241, 12892, 0, 53.5, , 1
C, fannkuch-redux, 10,  87.59, 32.30, 31.14, 0.00, 1.66, 3241, 12887, 1, 53.0, , 1
C, fannkuch-redux, 10,  87.05, 32.26, 31.11, 0.00, 1.65, 3237, 12876, 0, 53.8, , 1
C, fannkuch-redux, 10,  87.32, 32.29, 31.13, 0.00, 1.65, 3241, 12885, 1, 53.2, , 1
C, fannkuch-redux, 10,  87.10, 32.21, 31.06, 0.00, 1.65, 3233, 12859, 1, 53.5, , 1
C, fasta, 10,  18.73, 6.17, 5.93, 0.00, 0.34, 664, 651, 12, 53.8, , 1
C, fasta, 10,  18.83, 6.26, 6.02, 0.00, 0.34, 664, 644, 19, 53.0, , 1
C, fasta, 10,  18.89, 6.24, 6.01, 0.00, 0.34, 664, 648, 15, 53.0, , 1
C, fasta, 10,  18.79, 6.16, 5.92, 0.00, 0.34, 666, 652, 13, 54.2, , 1
C, fasta, 10,  18.79, 6.18, 5.94, 0.00, 0.34, 665, 650, 15, 54.2, , 1
C, fasta, 10,  18.78, 6.15, 5.91, 0.00, 0.34, 665, 650, 15, 53.2, , 1
C, fasta, 10,  18.83, 6.18, 5.95, 0.00, 0.34, 663, 649, 13, 53.2, , 1
C, fasta, 10,  18.80, 6.20, 5.96, 0.00, 0.34, 663, 651, 11, 53.8, , 1
C, fasta, 10,  18.89, 6.20, 5.96, 0.00, 0.34, 665, 645, 20, 53.8, , 1
C, fasta, 10,  18.78, 6.16, 5.92, 0.00, 0.34, 665, 647, 17, 53.8, , 1
C, fasta, 10,  18.75, 6.21, 5.97, 0.00, 0.34, 664, 648, 16, 53.8, , 1
C, fasta, 10,  18.82, 6.24, 6.00, 0.00, 0.34, 664, 651, 12, 52.8, , 1
C, fasta, 10,  18.71, 6.27, 6.03, 0.00, 0.34, 663, 648, 14, 52.8, , 1
C, fasta, 10,  18.81, 6.28, 6.05, 0.00, 0.34, 665, 650, 13, 54.0, , 1
C, fasta, 10,  18.90, 6.34, 6.09, 0.00, 0.34, 666, 653, 13, 54.0, , 1
C, fasta, 10,  18.80, 6.19, 5.95, 0.00, 0.34, 665, 643, 21, 53.2, , 1
C, fasta, 10,  18.81, 6.18, 5.94, 0.00, 0.34, 666, 648, 17, 53.2, , 1
C, fasta, 10,  19.00, 6.38, 6.14, 0.00, 0.34, 666, 654, 11, 53.8, , 1
C, fasta, 10,  18.83, 6.23, 5.99, 0.00, 0.34, 664, 643, 21, 53.8, , 1
C, fasta, 10,  18.90, 6.32, 6.08, 0.00, 0.34, 665, 648, 15, 53.5, , 1
C, k-nucleotide, 10,  129.28, 45.71, 43.79, 0.00, 5.03, 4585, 15685, 95, 54.2, , 1
C, k-nucleotide, 10,  130.36, 45.95, 43.99, 0.00, 5.16, 4610, 15686, 102, 53.2, , 1
C, k-nucleotide, 10,  130.75, 46.17, 44.21, 0.00, 5.20, 4633, 15782, 106, 53.5, , 1
C, k-nucleotide, 10,  128.60, 45.45, 43.58, 0.00, 4.89, 4559, 15601, 100, 53.5, , 1
C, k-nucleotide, 10,  129.63, 45.69, 43.79, 0.00, 4.97, 4585, 15625, 110, 54.0, , 1
C, k-nucleotide, 10,  129.23, 45.40, 43.47, 0.00, 5.09, 4555, 15605, 103, 53.5, , 1
C, k-nucleotide, 10,  129.43, 45.63, 43.70, 0.00, 5.06, 4585, 15778, 98, 53.8, , 1
C, k-nucleotide, 10,  127.52, 45.19, 43.32, 0.00, 4.92, 4544, 15648, 96, 53.5, , 1
C, k-nucleotide, 10,  128.07, 45.48, 43.60, 0.00, 4.94, 4566, 15660, 99, 53.5, , 1
C, k-nucleotide, 10,  129.19, 45.81, 43.89, 0.00, 5.05, 4597, 15909, 109, 53.8, , 1
C, k-nucleotide, 10,  128.41, 45.38, 43.49, 0.00, 4.99, 4553, 15684, 96, 54.0, , 1
C, k-nucleotide, 10,  129.52, 45.69, 43.75, 0.00, 5.12, 4584, 15762, 94, 53.5, , 1
C, k-nucleotide, 10,  130.32, 46.08, 44.12, 0.00, 5.14, 4625, 15839, 130, 53.8, , 1
C, k-nucleotide, 10,  131.58, 46.31, 44.30, 0.00, 5.35, 4647, 15800, 95, 54.5, , 1
C, k-nucleotide, 10,  128.28, 45.33, 43.45, 0.00, 4.91, 4549, 15540, 102, 53.0, , 1
C, k-nucleotide, 10,  127.00, 45.18, 43.34, 0.00, 4.78, 4533, 15618, 97, 54.0, , 1
C, k-nucleotide, 10,  133.64, 46.84, 44.76, 0.00, 5.52, 4707, 15851, 110, 54.2, , 1
C, k-nucleotide, 10,  128.30, 45.31, 43.45, 0.00, 4.87, 4545, 15624, 100, 54.0, , 1
C, k-nucleotide, 10,  129.64, 45.57, 43.70, 0.00, 4.90, 4580, 15616, 107, 54.2, , 1
C, k-nucleotide, 10,  127.75, 45.31, 43.48, 0.00, 4.75, 4548, 15675, 120, 54.0, , 1
C, mandelbrot, 10,  43.02, 14.91, 14.36, 0.00, 0.77, 1494, 5939, 31, 54.0, , 1
C, mandelbrot, 10,  43.13, 14.90, 14.36, 0.00, 0.77, 1493, 5951, 16, 54.0, , 1
C, mandelbrot, 10,  43.13, 14.85, 14.32, 0.00, 0.77, 1489, 5917, 33, 54.2, , 1
C, mandelbrot, 10,  43.23, 14.84, 14.30, 0.00, 0.77, 1487, 5921, 23, 53.8, , 1
C, mandelbrot, 10,  43.42, 14.89, 14.35, 0.00, 0.77, 1493, 5951, 14, 53.8, , 1
C, mandelbrot, 10,  43.55, 14.94, 14.40, 0.00, 0.77, 1497, 5965, 18, 53.8, , 1
C, mandelbrot, 10,  43.27, 14.85, 14.32, 0.00, 0.77, 1489, 5928, 20, 53.8, , 1
C, mandelbrot, 10,  43.49, 14.88, 14.35, 0.00, 0.77, 1492, 5943, 19, 53.8, , 1
C, mandelbrot, 10,  43.35, 14.91, 14.38, 0.00, 0.77, 1495, 5947, 28, 53.5, , 1
C, mandelbrot, 10,  43.52, 14.95, 14.42, 0.00, 0.77, 1499, 5971, 20, 53.5, , 1
C, mandelbrot, 10,  43.46, 14.96, 14.42, 0.00, 0.78, 1500, 5974, 19, 54.0, , 1
C, mandelbrot, 10,  43.46, 14.89, 14.35, 0.00, 0.77, 1492, 5939, 22, 54.0, , 1
C, mandelbrot, 10,  43.40, 14.91, 14.38, 0.00, 0.77, 1495, 5953, 20, 54.0, , 1
C, mandelbrot, 10,  44.55, 15.24, 14.69, 0.00, 0.80, 1528, 6002, 16, 54.2, , 1
C, mandelbrot, 10,  43.39, 14.94, 14.40, 0.00, 0.77, 1498, 5960, 25, 54.0, , 1
C, mandelbrot, 10,  43.47, 14.90, 14.36, 0.00, 0.77, 1493, 5947, 20, 54.0, , 1
C, mandelbrot, 10,  43.49, 14.90, 14.36, 0.00, 0.77, 1493, 5938, 27, 53.8, , 1
C, mandelbrot, 10,  43.32, 14.93, 14.39, 0.00, 0.77, 1496, 5957, 21, 53.8, , 1
C, mandelbrot, 10,  43.48, 14.94, 14.39, 0.00, 0.77, 1497, 5965, 15, 53.8, , 1
C, mandelbrot, 10,  43.36, 14.93, 14.38, 0.00, 0.77, 1496, 5951, 26, 54.0, , 1
C, n-body, 10,  49.68, 18.36, 17.71, 0.00, 0.94, 1843, 1842, 0, 54.8, , 1
C, n-body, 10,  49.58, 18.36, 17.71, 0.00, 0.94, 1843, 1842, 1, 54.0, , 1
C, n-body, 10,  49.69, 18.37, 17.71, 0.00, 0.94, 1843, 1843, 0, 54.2, , 1
C, n-body, 10,  50.03, 18.40, 17.74, 0.00, 0.95, 1846, 1846, 0, 53.8, , 1
C, n-body, 10,  50.13, 18.35, 17.70, 0.00, 0.94, 1841, 1840, 0, 54.2, , 1
C, n-body, 10,  50.10, 18.32, 17.67, 0.00, 0.94, 1840, 1840, 0, 53.8, , 1
C, n-body, 10,  50.11, 18.36, 17.70, 0.00, 0.94, 1842, 1842, 0, 54.2, , 1
C, n-body, 10,  50.07, 18.34, 17.68, 0.00, 0.94, 1841, 1839, 0, 54.5, , 1
C, n-body, 10,  50.01, 18.36, 17.70, 0.00, 0.94, 1844, 1843, 0, 54.2, , 1
C, n-body, 10,  50.05, 18.38, 17.72, 0.00, 0.94, 1844, 1842, 0, 54.0, , 1
C, n-body, 10,  50.19, 18.39, 17.74, 0.00, 0.94, 1846, 1845, 0, 54.0, , 1
C, n-body, 10,  49.79, 18.38, 17.72, 0.00, 0.94, 1844, 1843, 0, 54.0, , 1
C, n-body, 10,  49.79, 18.42, 17.75, 0.00, 0.95, 1847, 1846, 0, 54.0, , 1
C, n-body, 10,  49.75, 18.39, 17.74, 0.00, 0.94, 1846, 1846, 0, 54.0, , 1
C, n-body, 10,  49.87, 18.42, 17.76, 0.00, 0.94, 1848, 1847, 0, 53.8, , 1
C, n-body, 10,  49.57, 18.40, 17.74, 0.00, 0.94, 1846, 1845, 0, 54.5, , 1
C, n-body, 10,  49.93, 18.47, 17.81, 0.00, 0.95, 1853, 1853, 0, 54.0, , 1
C, n-body, 10,  49.82, 18.44, 17.78, 0.00, 0.95, 1850, 1849, 0, 54.0, , 1
C, n-body, 10,  50.06, 18.42, 17.77, 0.00, 0.95, 1849, 1848, 0, 53.8, , 1
C, n-body, 10,  49.99, 18.40, 17.74, 0.00, 0.94, 1846, 1846, 0, 54.0, , 1
C, regex-redux, 10,  27.91, 10.00, 9.61, 0.00, 0.78, 1005, 2880, 108, 53.5, , 1
C, regex-redux, 10,  28.29, 10.02, 9.62, 0.00, 0.78, 1005, 2886, 104, 54.0, , 1
C, regex-redux, 10,  28.08, 9.96, 9.57, 0.00, 0.77, 998, 2873, 99, 53.0, , 1
C, regex-redux, 10,  28.81, 10.18, 9.78, 0.00, 0.78, 1020, 2886, 109, 53.8, , 1
C, regex-redux, 10,  28.22, 9.96, 9.57, 0.00, 0.78, 1007, 2878, 116, 54.5, , 1
C, regex-redux, 10,  28.23, 10.03, 9.64, 0.00, 0.78, 1007, 2883, 112, 54.2, , 1
C, regex-redux, 10,  28.08, 10.04, 9.65, 0.00, 0.78, 1007, 2874, 118, 54.0, , 1
C, regex-redux, 10,  28.10, 10.03, 9.64, 0.00, 0.78, 1006, 2891, 97, 54.2, , 1
C, regex-redux, 10,  28.09, 10.04, 9.64, 0.00, 0.78, 1006, 2881, 110, 54.2, , 1
C, regex-redux, 10,  28.01, 10.04, 9.65, 0.00, 0.78, 1007, 2878, 111, 54.0, , 1
C, regex-redux, 10,  28.03, 10.08, 9.68, 0.00, 0.78, 1010, 2896, 113, 53.5, , 1
C, regex-redux, 10,  28.33, 10.01, 9.61, 0.00, 0.78, 1011, 2879, 111, 54.8, , 1
C, regex-redux, 10,  28.13, 10.04, 9.66, 0.00, 0.78, 1008, 2898, 101, 53.8, , 1
C, regex-redux, 10,  28.12, 10.04, 9.64, 0.00, 0.78, 1006, 2895, 100, 54.2, , 1
C, regex-redux, 10,  28.20, 9.97, 9.59, 0.00, 0.78, 1009, 2880, 116, 53.8, , 1
C, regex-redux, 10,  28.23, 9.99, 9.60, 0.00, 0.77, 1004, 2866, 113, 53.8, , 1
C, regex-redux, 10,  28.26, 9.99, 9.60, 0.00, 0.78, 1011, 2883, 118, 53.2, , 1
C, regex-redux, 10,  28.12, 9.97, 9.58, 0.00, 0.77, 999, 2866, 114, 54.0, , 1
C, regex-redux, 10,  28.31, 9.96, 9.57, 0.00, 0.77, 999, 2873, 99, 53.8, , 1
C, regex-redux, 10,  28.19, 9.97, 9.58, 0.00, 0.78, 1007, 2880, 111, 54.5, , 1
C, reverse-complement, 10,  3.20, 1.04, 0.96, 0.00, 0.17, 112, 70, 94, 50.0, , 1
C, reverse-complement, 10,  3.25, 1.00, 0.93, 0.00, 0.17, 116, 83, 87, 50.0, , 1
C, reverse-complement, 10,  3.22, 0.96, 0.89, 0.00, 0.17, 117, 75, 95, 50.0, , 1
C, reverse-complement, 10,  3.23, 0.95, 0.88, 0.00, 0.17, 118, 75, 95, 50.0, , 1
C, reverse-complement, 10,  3.23, 0.95, 0.87, 0.00, 0.17, 120, 76, 98, 50.0, , 1
C, reverse-complement, 10,  3.27, 0.99, 0.91, 0.00, 0.17, 116, 74, 93, 50.0, , 1
C, reverse-complement, 10,  3.27, 0.98, 0.90, 0.00, 0.17, 118, 76, 93, 53.0, , 1
C, reverse-complement, 10,  3.17, 1.02, 0.95, 0.00, 0.17, 110, 72, 92, 53.0, , 1
C, reverse-complement, 10,  3.20, 1.00, 0.92, 0.00, 0.17, 114, 74, 90, 53.0, , 1
C, reverse-complement, 10,  3.18, 0.96, 0.89, 0.00, 0.17, 116, 65, 101, 53.0, , 1
C, reverse-complement, 10,  3.23, 1.01, 0.93, 0.00, 0.17, 114, 69, 96, 53.0, , 1
C, reverse-complement, 10,  3.19, 0.99, 0.92, 0.00, 0.17, 112, 68, 94, 53.0, , 1
C, reverse-complement, 10,  3.16, 0.98, 0.90, 0.00, 0.17, 112, 70, 93, 53.0, , 1
C, reverse-complement, 10,  3.25, 1.00, 0.92, 0.00, 0.17, 115, 75, 93, 53.0, , 1
C, reverse-complement, 10,  3.17, 1.00, 0.93, 0.00, 0.17, 111, 79, 82, 53.0, , 1
C, reverse-complement, 10,  3.21, 0.95, 0.87, 0.00, 0.17, 116, 82, 85, 53.0, , 1
C, reverse-complement, 10,  3.20, 1.00, 0.93, 0.00, 0.17, 112, 79, 88, 53.0, , 1
C, reverse-complement, 10,  3.18, 0.99, 0.92, 0.00, 0.17, 112, 72, 90, 53.0, , 1
C, reverse-complement, 10,  3.25, 0.97, 0.89, 0.00, 0.17, 117, 71, 95, 53.0, , 1
C, reverse-complement, 10,  3.22, 1.00, 0.93, 0.00, 0.17, 114, 73, 95, 53.0, , 1
C, spectral-norm, 10,  15.07, 5.19, 5.00, 0.00, 0.27, 519, 2071, 1, 50.0, , 1
C, spectral-norm, 10,  15.17, 5.20, 5.02, 0.00, 0.27, 520, 2074, 0, 53.8, , 1
C, spectral-norm, 10,  15.20, 5.19, 5.00, 0.00, 0.27, 519, 2070, 1, 53.8, , 1
C, spectral-norm, 10,  15.23, 5.20, 5.01, 0.00, 0.27, 519, 2073, 0, 54.0, , 1
C, spectral-norm, 10,  15.23, 5.20, 5.02, 0.00, 0.27, 520, 2075, 1, 54.0, , 1
C, spectral-norm, 10,  15.28, 5.21, 5.03, 0.00, 0.27, 521, 2077, 1, 54.2, , 1
C, spectral-norm, 10,  15.28, 5.19, 4.99, 0.00, 0.27, 518, 2066, 0, 54.2, , 1
C, spectral-norm, 10,  15.23, 5.22, 5.03, 0.00, 0.27, 521, 2081, 0, 53.8, , 1
C, spectral-norm, 10,  15.21, 5.22, 5.04, 0.00, 0.27, 522, 2083, 0, 53.8, , 1
C, spectral-norm, 10,  15.10, 5.21, 5.03, 0.00, 0.27, 521, 2081, 0, 53.8, , 1
C, spectral-norm, 10,  15.28, 5.23, 5.04, 0.00, 0.27, 522, 2085, 0, 53.8, , 1
C, spectral-norm, 10,  15.17, 5.22, 5.03, 0.00, 0.27, 521, 2082, 1, 53.2, , 1
C, spectral-norm, 10,  15.21, 5.22, 5.03, 0.00, 0.27, 521, 2082, 0, 53.2, , 1
C, spectral-norm, 10,  15.13, 5.19, 5.01, 0.00, 0.27, 519, 2071, 2, 53.2, , 1
C, spectral-norm, 10,  15.23, 5.22, 5.03, 0.00, 0.27, 521, 2079, 0, 53.2, , 1
C, spectral-norm, 10,  15.33, 5.23, 5.04, 0.00, 0.27, 523, 2083, 2, 53.2, , 1
C, spectral-norm, 10,  15.22, 5.23, 5.04, 0.00, 0.27, 523, 2086, 1, 53.2, , 1
C, spectral-norm, 10,  15.25, 5.22, 5.03, 0.00, 0.27, 522, 2083, 0, 53.5, , 1
C, spectral-norm, 10,  15.17, 5.21, 5.02, 0.00, 0.27, 520, 2076, 1, 53.5, , 1
C, spectral-norm, 10,  15.16, 5.21, 5.02, 0.00, 0.27, 520, 2077, 0, 53.8, , 1
C++, binary-trees, 10,  37.46, 13.09, 12.42, 0.00, 1.41, 1349, 4725, 142, 53.0, , 1
C++, binary-trees, 10,  38.02, 13.48, 12.80, 0.00, 1.39, 1370, 4726, 193, 53.5, , 1
C++, binary-trees, 10,  39.12, 13.66, 12.90, 0.00, 1.53, 1406, 4833, 246, 53.5, , 1
C++, binary-trees, 10,  38.07, 13.27, 12.61, 0.00, 1.45, 1357, 4754, 159, 53.8, , 1
C++, binary-trees, 10,  37.59, 13.27, 12.60, 0.00, 1.38, 1352, 4697, 148, 53.8, , 1
C++, binary-trees, 10,  37.46, 13.09, 12.42, 0.00, 1.41, 1348, 4732, 129, 53.2, , 1
C++, binary-trees, 10,  37.35, 12.97, 12.32, 0.00, 1.44, 1329, 4696, 108, 53.5, , 1
C++, binary-trees, 10,  37.39, 13.06, 12.39, 0.00, 1.40, 1338, 4729, 105, 53.8, , 1
C++, binary-trees, 10,  38.34, 13.53, 12.82, 0.00, 1.47, 1374, 4751, 191, 54.0, , 1
C++, binary-trees, 10,  38.04, 13.24, 12.58, 0.00, 1.47, 1357, 4749, 159, 53.2, , 1
C++, binary-trees, 10,  37.30, 12.97, 12.33, 0.00, 1.42, 1322, 4679, 105, 52.8, , 1
C++, binary-trees, 10,  37.45, 13.16, 12.49, 0.00, 1.40, 1337, 4726, 123, 53.8, , 1
C++, binary-trees, 10,  38.66, 13.49, 12.77, 0.00, 1.47, 1378, 4761, 191, 53.8, , 1
C++, binary-trees, 10,  38.50, 13.47, 12.80, 0.00, 1.38, 1383, 4746, 222, 53.2, , 1
C++, binary-trees, 10,  38.35, 13.33, 12.66, 0.00, 1.46, 1370, 4774, 180, 53.0, , 1
C++, binary-trees, 10,  39.28, 13.71, 12.95, 0.00, 1.54, 1407, 4854, 236, 53.5, , 1
C++, binary-trees, 10,  38.44, 13.44, 12.74, 0.00, 1.47, 1370, 4744, 173, 53.8, , 1
C++, binary-trees, 10,  38.66, 13.40, 12.68, 0.00, 1.47, 1386, 4771, 189, 53.5, , 1
C++, binary-trees, 10,  37.94, 13.33, 12.66, 0.00, 1.39, 1359, 4702, 182, 53.5, , 1
C++, binary-trees, 10,  39.71, 13.86, 13.09, 0.00, 1.56, 1425, 4874, 243, 53.5, , 1
C++, fannkuch-redux, 10,  153.42, 52.88, 50.99, 0.00, 2.71, 5305, 21068, 0, 54.5, , 1
C++, fannkuch-redux, 10,  154.26, 52.70, 50.79, 0.00, 2.73, 5337, 21201, 1, 53.8, , 1
C++, fannkuch-redux, 10,  154.23, 52.87, 50.98, 0.00, 2.71, 5308, 21083, 1, 54.0, , 1
C++, fannkuch-redux, 10,  153.71, 52.72, 50.84, 0.00, 2.70, 5290, 21013, 1, 54.2, , 1
C++, fannkuch-redux, 10,  153.37, 52.65, 50.77, 0.00, 2.70, 5283, 20984, 0, 54.2, , 1
C++, fannkuch-redux, 10,  153.41, 52.79, 50.90, 0.00, 2.70, 5296, 21038, 1, 54.5, , 1
C++, fannkuch-redux, 10,  153.13, 52.92, 51.02, 0.00, 2.71, 5309, 21084, 2, 53.8, , 1
C++, fannkuch-redux, 10,  154.07, 52.98, 51.09, 0.00, 2.72, 5315, 21100, 0, 54.5, , 1
C++, fannkuch-redux, 10,  153.28, 52.87, 50.98, 0.00, 2.71, 5304, 21071, 2, 54.0, , 1
C++, fannkuch-redux, 10,  153.38, 52.84, 50.95, 0.00, 2.71, 5302, 21061, 0, 54.0, , 1
C++, fannkuch-redux, 10,  153.21, 52.82, 50.93, 0.00, 2.71, 5300, 21054, 1, 53.8, , 1
C++, fannkuch-redux, 10,  153.51, 52.89, 50.99, 0.00, 2.71, 5306, 21081, 2, 54.5, , 1
C++, fannkuch-redux, 10,  153.51, 52.65, 50.76, 0.00, 2.70, 5282, 20981, 0, 54.0, , 1
C++, fannkuch-redux, 10,  153.95, 52.67, 50.79, 0.00, 2.70, 5286, 20994, 1, 53.5, , 1
C++, fannkuch-redux, 10,  153.83, 52.77, 50.89, 0.00, 2.70, 5295, 21032, 0, 54.2, , 1
C++, fannkuch-redux, 10,  153.29, 52.72, 50.84, 0.00, 2.70, 5290, 21012, 2, 54.5, , 1
C++, fannkuch-redux, 10,  153.27, 52.43, 50.55, 0.00, 2.69, 5261, 20890, 1, 54.2, , 1
C++, fannkuch-redux, 10,  153.26, 52.58, 50.70, 0.00, 2.69, 5276, 20963, 0, 54.8, , 1
C++, fannkuch-redux, 10,  153.48, 52.55, 50.66, 0.00, 2.69, 5272, 20938, 1, 54.2, , 1
C++, fannkuch-redux, 10,  153.06, 52.47, 50.59, 0.00, 2.69, 5265, 20905, 2, 54.2, , 1
C++, fasta, 10,  22.08, 7.50, 7.24, 0.00, 0.39, 752, 1494, 3, 54.2, , 1
C++, fasta, 10,  22.01, 7.51, 7.24, 0.00, 0.39, 753, 1491, 8, 54.8, , 1
C++, fasta, 10,  21.88, 7.52, 7.25, 0.00, 0.39, 754, 1494, 7, 50.2, , 1
C++, fasta, 10,  21.86, 7.53, 7.26, 0.00, 0.39, 755, 1497, 6, 54.2, , 1
C++, fasta, 10,  21.98, 7.56, 7.28, 0.00, 0.39, 757, 1495, 12, 54.2, , 1
C++, fasta, 10,  21.92, 7.54, 7.27, 0.00, 0.39, 756, 1499, 6, 54.0, , 1
C++, fasta, 10,  21.91, 7.54, 7.26, 0.00, 0.39, 755, 1497, 7, 54.0, , 1
C++, fasta, 10,  22.05, 7.55, 7.29, 0.00, 0.39, 758, 1503, 6, 54.5, , 1
C++, fasta, 10,  21.90, 7.55, 7.28, 0.00, 0.39, 757, 1501, 7, 50.5, , 1
C++, fasta, 10,  21.93, 7.55, 7.28, 0.00, 0.39, 756, 1501, 6, 54.5, , 1
C++, fasta, 10,  21.99, 7.53, 7.26, 0.00, 0.39, 755, 1498, 5, 50.0, , 1
C++, fasta, 10,  22.08, 7.54, 7.26, 0.00, 0.39, 755, 1499, 6, 53.8, , 1
C++, fasta, 10,  22.08, 7.56, 7.28, 0.00, 0.39, 757, 1503, 5, 53.8, , 1
C++, fasta, 10,  22.08, 7.57, 7.29, 0.00, 0.39, 758, 1502, 8, 54.0, , 1
C++, fasta, 10,  22.06, 7.56, 7.28, 0.00, 0.39, 757, 1501, 7, 54.0, , 1
C++, fasta, 10,  22.03, 7.57, 7.29, 0.00, 0.39, 758, 1501, 9, 54.0, , 1
C++, fasta, 10,  22.00, 7.57, 7.30, 0.00, 0.39, 759, 1503, 8, 54.0, , 1
C++, fasta, 10,  21.93, 7.55, 7.28, 0.00, 0.39, 757, 1502, 6, 54.5, , 1
C++, fasta, 10,  22.07, 7.55, 7.28, 0.00, 0.39, 757, 1505, 3, 50.2, , 1
C++, fasta, 10,  22.11, 7.57, 7.29, 0.00, 0.39, 758, 1502, 8, 53.8, , 1
C++, k-nucleotide, 10,  67.30, 22.82, 21.08, 0.00, 4.04, 2309, 7386, 168, 54.2, , 1
C++, k-nucleotide, 10,  66.98, 22.73, 21.01, 0.00, 4.01, 2304, 7387, 170, 54.0, , 1
C++, k-nucleotide, 10,  67.70, 22.88, 21.14, 0.00, 4.07, 2323, 7442, 174, 54.0, , 1
C++, k-nucleotide, 10,  67.76, 22.89, 21.15, 0.00, 4.09, 2331, 7423, 172, 54.2, , 1
C++, k-nucleotide, 10,  67.94, 22.85, 21.09, 0.00, 4.11, 2352, 7474, 172, 54.2, , 1
C++, k-nucleotide, 10,  67.06, 22.72, 21.00, 0.00, 4.02, 2303, 7356, 175, 53.8, , 1
C++, k-nucleotide, 10,  67.29, 22.77, 21.03, 0.00, 4.06, 2312, 7432, 164, 53.8, , 1
C++, k-nucleotide, 10,  68.26, 23.05, 21.29, 0.00, 4.16, 2347, 7505, 161, 53.8, , 1
C++, k-nucleotide, 10,  67.53, 22.80, 21.05, 0.00, 4.09, 2327, 7466, 154, 54.5, , 1
C++, k-nucleotide, 10,  68.66, 23.33, 21.67, 0.00, 3.86, 2362, 7089, 184, 54.0, , 1
C++, k-nucleotide, 10,  66.98, 22.82, 21.09, 0.00, 4.01, 2313, 7383, 156, 53.8, , 1
C++, k-nucleotide, 10,  66.82, 22.79, 21.05, 0.00, 4.06, 2314, 7422, 163, 54.2, , 1
C++, k-nucleotide, 10,  66.28, 22.63, 20.91, 0.00, 4.00, 2303, 7375, 172, 53.8, , 1
C++, k-nucleotide, 10,  66.92, 22.96, 21.20, 0.00, 4.11, 2330, 7486, 165, 53.8, , 1
C++, k-nucleotide, 10,  66.54, 22.80, 21.07, 0.00, 4.04, 2317, 7439, 151, 54.2, , 1
C++, k-nucleotide, 10,  66.63, 22.77, 21.03, 0.00, 4.04, 2291, 7372, 165, 54.2, , 1
C++, k-nucleotide, 10,  66.82, 22.88, 21.13, 0.00, 4.09, 2309, 7442, 156, 54.2, , 1
C++, k-nucleotide, 10,  67.03, 22.83, 21.07, 0.00, 4.15, 2326, 7465, 163, 54.5, , 1
C++, k-nucleotide, 10,  66.95, 22.77, 21.03, 0.00, 4.06, 2316, 7403, 185, 53.8, , 1
C++, k-nucleotide, 10,  66.90, 22.79, 21.05, 0.00, 4.05, 2313, 7385, 191, 54.0, , 1
C++, mandelbrot, 10,  34.49, 11.99, 11.55, 0.00, 0.62, 1201, 4716, 20, 54.0, , 1
C++, mandelbrot, 10,  34.50, 11.97, 11.53, 0.00, 0.62, 1200, 4701, 28, 54.5, , 1
C++, mandelbrot, 10,  34.38, 11.98, 11.55, 0.00, 0.62, 1201, 4717, 17, 54.5, , 1
C++, mandelbrot, 10,  34.60, 12.03, 11.60, 0.00, 0.62, 1206, 4724, 27, 53.8, , 1
C++, mandelbrot, 10,  34.53, 12.01, 11.58, 0.00, 0.62, 1207, 4740, 17, 53.8, , 1
C++, mandelbrot, 10,  34.60, 12.00, 11.57, 0.00, 0.62, 1204, 4732, 13, 54.0, , 1
C++, mandelbrot, 10,  34.39, 11.99, 11.57, 0.00, 0.62, 1205, 4728, 22, 54.0, , 1
C++, mandelbrot, 10,  34.46, 12.00, 11.56, 0.00, 0.63, 1204, 4724, 22, 54.0, , 1
C++, mandelbrot, 10,  34.55, 11.89, 11.45, 0.00, 0.63, 1224, 4800, 18, 54.2, , 1
C++, mandelbrot, 10,  34.35, 11.95, 11.51, 0.00, 0.62, 1200, 4700, 29, 54.0, , 1
C++, mandelbrot, 10,  34.47, 11.96, 11.53, 0.00, 0.62, 1202, 4713, 19, 54.0, , 1
C++, mandelbrot, 10,  34.48, 11.97, 11.54, 0.00, 0.62, 1202, 4718, 20, 54.5, , 1
C++, mandelbrot, 10,  34.41, 11.96, 11.54, 0.00, 0.62, 1200, 4704, 28, 53.8, , 1
C++, mandelbrot, 10,  34.41, 11.94, 11.51, 0.00, 0.62, 1199, 4704, 18, 53.8, , 1
C++, mandelbrot, 10,  34.43, 11.98, 11.55, 0.00, 0.62, 1202, 4715, 24, 54.2, , 1
C++, mandelbrot, 10,  34.47, 11.99, 11.56, 0.00, 0.63, 1205, 4726, 20, 53.8, , 1
C++, mandelbrot, 10,  34.45, 11.98, 11.56, 0.00, 0.62, 1203, 4714, 27, 54.0, , 1
C++, mandelbrot, 10,  34.56, 12.02, 11.59, 0.00, 0.63, 1207, 4738, 20, 53.8, , 1
C++, mandelbrot, 10,  34.38, 12.00, 11.57, 0.00, 0.63, 1204, 4730, 15, 54.5, , 1
C++, mandelbrot, 10,  34.59, 11.98, 11.54, 0.00, 0.62, 1200, 4711, 21, 53.5, , 1
C++, n-body, 10,  49.71, 18.59, 17.92, 0.00, 0.95, 1866, 1866, 0, 54.2, , 1
C++, n-body, 10,  49.76, 18.57, 17.90, 0.00, 0.95, 1863, 1862, 1, 54.5, , 1
C++, n-body, 10,  49.51, 18.54, 17.88, 0.00, 0.95, 1861, 1860, 0, 54.0, , 1
C++, n-body, 10,  49.28, 18.53, 17.87, 0.00, 0.95, 1859, 1857, 1, 54.8, , 1
C++, n-body, 10,  49.52, 18.52, 17.86, 0.00, 0.95, 1858, 1857, 0, 53.8, , 1
C++, n-body, 10,  49.75, 18.56, 17.90, 0.00, 0.95, 1862, 1862, 0, 53.8, , 1
C++, n-body, 10,  49.90, 18.59, 17.93, 0.00, 0.95, 1866, 1865, 0, 54.2, , 1
C++, n-body, 10,  49.76, 18.56, 17.90, 0.00, 0.95, 1863, 1862, 1, 54.0, , 1
C++, n-body, 10,  49.79, 18.58, 17.92, 0.00, 0.95, 1865, 1864, 0, 54.2, , 1
C++, n-body, 10,  49.79, 18.57, 17.92, 0.00, 0.95, 1864, 1863, 1, 53.8, , 1
C++, n-body, 10,  49.99, 18.59, 17.92, 0.00, 0.96, 1865, 1865, 0, 53.8, , 1
C++, n-body, 10,  50.20, 18.60, 17.94, 0.00, 0.95, 1866, 1866, 0, 54.0, , 1
C++, n-body, 10,  50.13, 18.59, 17.93, 0.00, 0.95, 1865, 1865, 0, 54.2, , 1
C++, n-body, 10,  50.05, 18.59, 17.92, 0.00, 0.95, 1865, 1865, 0, 54.8, , 1
C++, n-body, 10,  50.23, 18.61, 17.95, 0.00, 0.95, 1868, 1867, 1, 54.2, , 1
C++, n-body, 10,  50.07, 18.61, 17.94, 0.00, 0.96, 1867, 1866, 0, 54.0, , 1
C++, n-body, 10,  50.04, 18.63, 17.96, 0.00, 0.96, 1869, 1869, 0, 54.0, , 1
C++, n-body, 10,  50.17, 18.58, 17.92, 0.00, 0.95, 1865, 1864, 0, 53.5, , 1
C++, n-body, 10,  49.98, 18.60, 17.93, 0.00, 0.95, 1866, 1864, 1, 54.2, , 1
C++, n-body, 10,  49.85, 18.57, 17.89, 0.00, 0.95, 1863, 1862, 0, 54.2, , 1
C++, regex-redux, 10,  35.58, 12.96, 12.44, 0.00, 1.00, 1303, 2723, 211, 53.8, , 1
C++, regex-redux, 10,  36.13, 13.19, 12.66, 0.00, 1.00, 1325, 2721, 201, 53.5, , 1
C++, regex-redux, 10,  36.11, 13.16, 12.63, 0.00, 1.01, 1320, 2706, 217, 54.2, , 1
C++, regex-redux, 10,  35.20, 12.79, 12.28, 0.00, 0.98, 1283, 2793, 186, 54.2, , 1
C++, regex-redux, 10,  35.33, 12.85, 12.33, 0.00, 0.98, 1289, 2754, 216, 54.5, , 1
C++, regex-redux, 10,  34.78, 12.69, 12.18, 0.00, 0.97, 1275, 2797, 203, 54.0, , 1
C++, regex-redux, 10,  35.79, 13.05, 12.53, 0.00, 1.00, 1309, 2760, 201, 54.5, , 1
C++, regex-redux, 10,  35.93, 13.08, 12.55, 0.00, 1.00, 1313, 2737, 184, 53.0, , 1
C++, regex-redux, 10,  35.34, 12.87, 12.35, 0.00, 0.99, 1292, 2788, 195, 54.2, , 1
C++, regex-redux, 10,  36.51, 13.35, 12.81, 0.00, 1.01, 1338, 2730, 205, 53.5, , 1
C++, regex-redux, 10,  36.26, 13.17, 12.65, 0.00, 1.01, 1322, 2731, 199, 53.5, , 1
C++, regex-redux, 10,  35.29, 12.86, 12.35, 0.00, 0.98, 1293, 2770, 191, 54.2, , 1
C++, regex-redux, 10,  35.32, 12.93, 12.41, 0.00, 0.98, 1298, 2746, 212, 53.8, , 1
C++, regex-redux, 10,  36.43, 13.29, 12.75, 0.00, 1.01, 1333, 2707, 220, 53.2, , 1
C++, regex-redux, 10,  34.96, 12.71, 12.20, 0.00, 0.97, 1281, 2816, 194, 53.8, , 1
C++, regex-redux, 10,  35.93, 13.07, 12.55, 0.00, 1.01, 1312, 2759, 193, 54.0, , 1
C++, regex-redux, 10,  35.61, 12.97, 12.45, 0.00, 0.99, 1301, 2756, 211, 53.8, , 1
C++, regex-redux, 10,  36.29, 13.17, 12.64, 0.00, 1.01, 1323, 2719, 208, 53.5, , 1
C++, regex-redux, 10,  36.43, 13.27, 12.74, 0.00, 1.01, 1332, 2737, 191, 54.2, , 1
C++, regex-redux, 10,  36.31, 13.11, 12.58, 0.00, 1.00, 1315, 2725, 198, 54.2, , 1
C++, reverse-complement, 10,  4.57, 1.60, 1.50, 0.00, 0.22, 160, 72, 87, 50.5, , 1
C++, reverse-complement, 10,  4.59, 1.60, 1.50, 0.00, 0.22, 160, 76, 83, 50.5, , 1
C++, reverse-complement, 10,  4.62, 1.58, 1.47, 0.00, 0.22, 165, 69, 96, 50.5, , 1
C++, reverse-complement, 10,  4.60, 1.60, 1.49, 0.00, 0.22, 162, 68, 94, 50.5, , 1
C++, reverse-complement, 10,  4.66, 1.61, 1.51, 0.00, 0.22, 162, 73, 89, 50.5, , 1
C++, reverse-complement, 10,  4.61, 1.59, 1.49, 0.00, 0.22, 162, 71, 90, 53.2, , 1
C++, reverse-complement, 10,  4.60, 1.61, 1.51, 0.00, 0.22, 160, 76, 83, 53.2, , 1
C++, reverse-complement, 10,  4.62, 1.61, 1.51, 0.00, 0.22, 161, 80, 81, 53.2, , 1
C++, reverse-complement, 10,  4.63, 1.62, 1.52, 0.00, 0.22, 162, 73, 89, 53.2, , 1
C++, reverse-complement, 10,  4.69, 1.56, 1.46, 0.00, 0.22, 167, 80, 86, 53.2, , 1
C++, reverse-complement, 10,  4.59, 1.61, 1.51, 0.00, 0.22, 161, 73, 87, 53.2, , 1
C++, reverse-complement, 10,  4.59, 1.60, 1.51, 0.00, 0.22, 161, 69, 92, 54.0, , 1
C++, reverse-complement, 10,  4.60, 1.60, 1.50, 0.00, 0.22, 160, 76, 83, 54.0, , 1
C++, reverse-complement, 10,  4.59, 1.60, 1.50, 0.00, 0.22, 160, 71, 88, 54.0, , 1
C++, reverse-complement, 10,  4.68, 1.61, 1.51, 0.00, 0.22, 161, 83, 78, 54.0, , 1
C++, reverse-complement, 10,  4.66, 1.62, 1.51, 0.00, 0.22, 161, 69, 91, 54.0, , 1
C++, reverse-complement, 10,  4.58, 1.61, 1.51, 0.00, 0.22, 161, 61, 99, 54.0, , 1
C++, reverse-complement, 10,  4.59, 1.61, 1.50, 0.00, 0.22, 160, 78, 81, 54.2, , 1
C++, reverse-complement, 10,  4.59, 1.61, 1.51, 0.00, 0.21, 160, 67, 93, 54.2, , 1
C++, reverse-complement, 10,  4.65, 1.61, 1.51, 0.00, 0.22, 161, 65, 94, 54.2, , 1
C++, spectral-norm, 10,  14.81, 5.10, 4.92, 0.00, 0.26, 514, 2048, 2, 54.2, , 1
C++, spectral-norm, 10,  14.79, 5.12, 4.95, 0.00, 0.26, 513, 2047, 2, 54.5, , 1
C++, spectral-norm, 10,  14.81, 5.13, 4.94, 0.00, 0.26, 512, 2046, 0, 50.2, , 1
C++, spectral-norm, 10,  15.22, 5.25, 5.07, 0.00, 0.27, 526, 2088, 0, 53.8, , 1
C++, spectral-norm, 10,  14.83, 5.15, 4.96, 0.00, 0.26, 515, 2055, 0, 53.8, , 1
C++, spectral-norm, 10,  14.90, 5.14, 4.95, 0.00, 0.26, 513, 2048, 0, 54.2, , 1
C++, spectral-norm, 10,  14.83, 5.09, 4.92, 0.00, 0.26, 510, 2036, 1, 54.2, , 1
C++, spectral-norm, 10,  14.88, 5.10, 4.91, 0.00, 0.26, 510, 2035, 0, 54.0, , 1
C++, spectral-norm, 10,  14.86, 5.13, 4.95, 0.00, 0.26, 513, 2048, 2, 54.0, , 1
C++, spectral-norm, 10,  14.89, 5.10, 4.93, 0.00, 0.26, 511, 2041, 0, 53.5, , 1
C++, spectral-norm, 10,  14.80, 5.11, 4.92, 0.00, 0.26, 511, 2039, 0, 53.5, , 1
C++, spectral-norm, 10,  14.96, 5.10, 4.92, 0.00, 0.27, 510, 2033, 2, 53.8, , 1
C++, spectral-norm, 10,  14.99, 5.11, 4.93, 0.00, 0.26, 512, 2042, 0, 53.8, , 1
C++, spectral-norm, 10,  14.83, 5.09, 4.92, 0.00, 0.26, 510, 2036, 1, 54.0, , 1
C++, spectral-norm, 10,  14.89, 5.09, 4.91, 0.00, 0.26, 509, 2029, 1, 54.0, , 1
C++, spectral-norm, 10,  14.83, 5.10, 4.92, 0.00, 0.26, 510, 2038, 0, 53.8, , 1
C++, spectral-norm, 10,  14.83, 5.08, 4.91, 0.00, 0.26, 509, 2032, 0, 53.8, , 1
C++, spectral-norm, 10,  14.81, 5.08, 4.91, 0.00, 0.26, 509, 2034, 0, 54.2, , 1
C++, spectral-norm, 10,  14.82, 5.09, 4.91, 0.00, 0.26, 509, 2031, 1, 54.2, , 1
C++, spectral-norm, 10,  14.79, 5.10, 4.92, 0.00, 0.26, 510, 2036, 1, 54.2, , 1
Java, binary-trees, 10,  88.47, 29.37, 26.85, 0.00, 5.62, 2970, 8010, 1628, 53.8, , 1
Java, binary-trees, 10,  91.55, 30.59, 28.01, 0.00, 5.74, 3099, 8506, 1575, 53.5, , 1
Java, binary-trees, 10,  86.44, 28.71, 26.18, 0.00, 5.70, 2913, 8317, 1147, 54.0, , 1
Java, binary-trees, 10,  90.30, 29.99, 27.44, 0.00, 5.70, 3030, 8198, 1681, 54.2, , 1
Java, binary-trees, 10,  89.53, 29.81, 27.27, 0.00, 5.68, 3008, 8107, 1646, 54.2, , 1
Java, binary-trees, 10,  85.34, 28.33, 25.82, 0.00, 5.66, 2868, 8112, 1091, 54.2, , 1
Java, binary-trees, 10,  85.11, 28.11, 25.60, 0.00, 5.65, 2863, 8084, 1141, 54.0, , 1
Java, binary-trees, 10,  90.52, 30.05, 27.50, 0.00, 5.69, 3037, 8246, 1623, 53.8, , 1
Java, binary-trees, 10,  90.28, 30.08, 27.53, 0.00, 5.69, 3040, 8162, 1603, 54.0, , 1
Java, binary-trees, 10,  85.32, 28.32, 25.81, 0.00, 5.66, 2854, 8144, 1108, 53.8, , 1
Java, binary-trees, 10,  84.15, 27.78, 25.29, 0.00, 5.61, 2812, 7985, 1138, 53.8, , 1
Java, binary-trees, 10,  86.10, 28.53, 26.01, 0.00, 5.69, 2901, 8295, 1119, 54.2, , 1
Java, binary-trees, 10,  91.21, 30.47, 27.90, 0.00, 5.73, 3075, 8368, 1639, 54.0, , 1
Java, binary-trees, 10,  90.13, 29.91, 27.36, 0.00, 5.70, 3045, 8255, 1576, 54.0, , 1
Java, binary-trees, 10,  86.64, 28.77, 26.25, 0.00, 5.70, 2910, 8307, 1122, 54.5, , 1
Java, binary-trees, 10,  91.67, 30.36, 27.80, 0.00, 5.72, 3068, 8304, 1626, 53.8, , 1
Java, binary-trees, 10,  86.75, 28.60, 26.08, 0.00, 5.69, 2894, 8308, 1092, 53.5, , 1
Java, binary-trees, 10,  92.20, 30.47, 27.91, 0.00, 5.74, 3090, 8368, 1653, 54.0, , 1
Java, binary-trees, 10,  86.75, 28.60, 26.06, 0.00, 5.71, 2903, 8259, 1129, 54.0, , 1
Java, binary-trees, 10,  86.92, 28.78, 26.25, 0.00, 5.70, 2912, 8317, 1127, 54.2, , 1
Java, fannkuch-redux, 10,  399.85, 139.21, 134.21, 0.00, 7.16, 13990, 55337, 28, 54.0, , 1
Java, fannkuch-redux, 10,  417.32, 144.80, 139.62, 0.00, 7.44, 14540, 57567, 27, 54.8, , 1
Java, fannkuch-redux, 10,  410.02, 142.11, 137.02, 0.00, 7.30, 14262, 56424, 28, 53.5, , 1
Java, fannkuch-redux, 10,  413.16, 143.21, 138.08, 0.00, 7.36, 14380, 56923, 31, 54.2, , 1
Java, fannkuch-redux, 10,  396.04, 136.50, 131.61, 0.00, 7.01, 13710, 54239, 33, 54.8, , 1
Java, fannkuch-redux, 10,  412.07, 142.43, 137.32, 0.00, 7.32, 14300, 56598, 30, 54.2, , 1
Java, fannkuch-redux, 10,  402.72, 138.05, 133.10, 0.00, 7.10, 13869, 54878, 29, 54.5, , 1
Java, fannkuch-redux, 10,  420.46, 144.73, 139.54, 0.00, 7.44, 14533, 57496, 25, 53.8, , 1
Java, fannkuch-redux, 10,  391.83, 135.22, 130.38, 0.00, 6.95, 13591, 53740, 14, 54.2, , 1
Java, fannkuch-redux, 10,  395.24, 136.15, 131.26, 0.00, 7.00, 13684, 54143, 22, 53.5, , 1
Java, fannkuch-redux, 10,  392.39, 135.02, 130.17, 0.00, 6.94, 13560, 53620, 40, 54.0, , 1
Java, fannkuch-redux, 10,  397.58, 136.60, 131.69, 0.00, 7.03, 13729, 54313, 30, 53.8, , 1
Java, fannkuch-redux, 10,  412.52, 142.13, 137.04, 0.00, 7.31, 14276, 56508, 32, 54.0, , 1
Java, fannkuch-redux, 10,  394.76, 136.28, 131.39, 0.00, 7.01, 13691, 54164, 35, 53.5, , 1
Java, fannkuch-redux, 10,  394.02, 136.11, 131.22, 0.00, 7.00, 13683, 54123, 30, 53.0, , 1
Java, fannkuch-redux, 10,  400.50, 137.39, 132.45, 0.00, 7.08, 13824, 54634, 35, 53.8, , 1
Java, fannkuch-redux, 10,  401.13, 138.53, 133.57, 0.00, 7.12, 13914, 55055, 22, 54.2, , 1
Java, fannkuch-redux, 10,  403.85, 139.26, 134.26, 0.00, 7.16, 13985, 55394, 21, 54.0, , 1
Java, fannkuch-redux, 10,  395.21, 136.12, 131.23, 0.00, 7.00, 13681, 54089, 26, 54.5, , 1
Java, fannkuch-redux, 10,  397.73, 136.51, 131.61, 0.00, 7.02, 13710, 54241, 31, 54.5, , 1
Java, fasta, 10,  40.28, 13.79, 13.29, 0.00, 0.76, 1400, 4323, 58, 54.5, , 1
Java, fasta, 10,  41.05, 14.13, 13.63, 0.00, 0.78, 1423, 4459, 54, 54.8, , 1
Java, fasta, 10,  40.85, 13.91, 13.39, 0.00, 0.78, 1426, 4454, 52, 54.0, , 1
Java, fasta, 10,  41.03, 13.97, 13.46, 0.00, 0.77, 1424, 4432, 56, 54.0, , 1
Java, fasta, 10,  40.78, 13.89, 13.38, 0.00, 0.77, 1417, 4415, 48, 54.2, , 1
Java, fasta, 10,  40.66, 13.88, 13.38, 0.00, 0.76, 1407, 4375, 42, 54.8, , 1
Java, fasta, 10,  40.65, 13.84, 13.32, 0.00, 0.77, 1415, 4403, 54, 54.2, , 1
Java, fasta, 10,  40.63, 13.90, 13.39, 0.00, 0.76, 1410, 4383, 54, 54.5, , 1
Java, fasta, 10,  40.90, 14.02, 13.50, 0.00, 0.77, 1424, 4462, 47, 54.5, , 1
Java, fasta, 10,  40.81, 14.04, 13.52, 0.00, 0.77, 1419, 4407, 47, 54.2, , 1
Java, fasta, 10,  40.89, 13.97, 13.46, 0.00, 0.77, 1419, 4449, 46, 54.8, , 1
Java, fasta, 10,  40.60, 13.96, 13.45, 0.00, 0.77, 1408, 4409, 50, 54.8, , 1
Java, fasta, 10,  40.73, 14.00, 13.48, 0.00, 0.78, 1430, 4475, 46, 54.5, , 1
Java, fasta, 10,  40.36, 13.88, 13.37, 0.00, 0.76, 1407, 4353, 64, 53.8, , 1
Java, fasta, 10,  40.95, 14.02, 13.51, 0.00, 0.78, 1425, 4441, 42, 54.0, , 1
Java, fasta, 10,  40.62, 13.92, 13.41, 0.00, 0.76, 1411, 4389, 56, 54.5, , 1
Java, fasta, 10,  40.24, 13.83, 13.33, 0.00, 0.76, 1399, 4321, 60, 53.8, , 1
Java, fasta, 10,  40.54, 13.83, 13.32, 0.00, 0.77, 1414, 4389, 54, 54.2, , 1
Java, fasta, 10,  41.04, 13.98, 13.47, 0.00, 0.78, 1432, 4499, 48, 54.0, , 1
Java, fasta, 10,  40.60, 13.88, 13.37, 0.00, 0.77, 1414, 4422, 50, 54.0, , 1
Java, k-nucleotide, 10,  175.55, 61.09, 58.77, 0.00, 4.93, 6170, 21500, 187, 53.8, , 1
Java, k-nucleotide, 10,  174.10, 60.25, 57.95, 0.00, 4.85, 6099, 21275, 222, 53.0, , 1
Java, k-nucleotide, 10,  180.00, 62.65, 60.27, 0.00, 5.05, 6334, 22089, 204, 53.8, , 1
Java, k-nucleotide, 10,  175.52, 61.35, 59.03, 0.00, 4.94, 6179, 21689, 208, 54.2, , 1
Java, k-nucleotide, 10,  173.95, 60.53, 58.22, 0.00, 4.94, 6146, 21401, 238, 53.0, , 1
Java, k-nucleotide, 10,  170.08, 59.21, 56.95, 0.00, 4.84, 5973, 20661, 202, 54.5, , 1
Java, k-nucleotide, 10,  165.54, 57.95, 55.73, 0.00, 4.77, 5846, 20142, 218, 53.8, , 1
Java, k-nucleotide, 10,  173.85, 60.80, 58.48, 0.00, 4.90, 6142, 21379, 215, 53.2, , 1
Java, k-nucleotide, 10,  171.05, 59.76, 57.47, 0.00, 4.85, 6048, 21051, 210, 52.8, , 1
Java, k-nucleotide, 10,  172.66, 60.47, 58.16, 0.00, 4.90, 6124, 21376, 223, 53.5, , 1
Java, k-nucleotide, 10,  171.90, 59.97, 57.68, 0.00, 4.88, 6073, 21177, 199, 53.2, , 1
Java, k-nucleotide, 10,  176.44, 61.61, 59.27, 0.00, 5.00, 6240, 21776, 206, 53.5, , 1
Java, k-nucleotide, 10,  165.67, 58.43, 56.21, 0.00, 4.77, 5894, 20445, 207, 54.5, , 1
Java, k-nucleotide, 10,  172.57, 60.94, 58.62, 0.00, 4.94, 6148, 21472, 202, 53.0, , 1
Java, k-nucleotide, 10,  167.28, 58.90, 56.65, 0.00, 4.83, 5963, 20580, 223, 53.2, , 1
Java, k-nucleotide, 10,  172.00, 60.53, 58.24, 0.00, 4.87, 6118, 21365, 234, 53.2, , 1
Java, k-nucleotide, 10,  162.04, 56.87, 54.69, 0.00, 4.70, 5747, 19816, 225, 53.8, , 1
Java, k-nucleotide, 10,  174.95, 61.42, 59.08, 0.00, 4.99, 6218, 21607, 232, 53.2, , 1
Java, k-nucleotide, 10,  172.72, 60.81, 58.51, 0.00, 4.92, 6144, 21329, 221, 53.8, , 1
Java, k-nucleotide, 10,  174.20, 61.11, 58.80, 0.00, 4.94, 6163, 21406, 198, 54.2, , 1
Java, mandelbrot, 10,  139.84, 48.01, 46.26, 0.00, 2.54, 4843, 19057, 73, 54.5, , 1
Java, mandelbrot, 10,  142.67, 49.30, 47.51, 0.00, 2.60, 4963, 19533, 83, 54.2, , 1
Java, mandelbrot, 10,  143.44, 49.39, 47.60, 0.00, 2.60, 4969, 19574, 62, 54.5, , 1
Java, mandelbrot, 10,  137.70, 47.39, 45.67, 0.00, 2.50, 4773, 18772, 88, 54.5, , 1
Java, mandelbrot, 10,  141.85, 49.02, 47.25, 0.00, 2.59, 4943, 19442, 79, 52.8, , 1
Java, mandelbrot, 10,  144.15, 49.50, 47.70, 0.00, 2.64, 5033, 19687, 96, 52.5, , 1
Java, mandelbrot, 10,  142.91, 49.04, 47.24, 0.00, 2.63, 5008, 19571, 104, 53.0, , 1
Java, mandelbrot, 10,  142.18, 48.68, 46.90, 0.00, 2.60, 4957, 19404, 103, 53.5, , 1
Java, mandelbrot, 10,  138.18, 47.48, 45.77, 0.00, 2.51, 4779, 18824, 69, 54.8, , 1
Java, mandelbrot, 10,  142.56, 48.97, 47.20, 0.00, 2.58, 4934, 19435, 76, 54.0, , 1
Java, mandelbrot, 10,  143.73, 49.38, 47.60, 0.00, 2.60, 4972, 19586, 71, 54.2, , 1
Java, mandelbrot, 10,  138.50, 47.55, 45.83, 0.00, 2.51, 4786, 18849, 69, 54.5, , 1
Java, mandelbrot, 10,  141.40, 48.93, 47.16, 0.00, 2.58, 4937, 19469, 70, 54.0, , 1
Java, mandelbrot, 10,  142.36, 49.10, 47.31, 0.00, 2.59, 4946, 19476, 72, 54.0, , 1
Java, mandelbrot, 10,  142.16, 49.09, 47.31, 0.00, 2.59, 4942, 19451, 73, 53.8, , 1
Java, mandelbrot, 10,  141.52, 48.87, 47.10, 0.00, 2.57, 4914, 19366, 67, 55.0, , 1
Java, mandelbrot, 10,  142.85, 49.16, 47.38, 0.00, 2.59, 4952, 19525, 64, 54.2, , 1
Java, mandelbrot, 10,  142.45, 49.17, 47.39, 0.00, 2.59, 4948, 19506, 70, 54.5, , 1
Java, mandelbrot, 10,  143.29, 49.38, 47.59, 0.00, 2.61, 4981, 19622, 78, 54.8, , 1
Java, mandelbrot, 10,  141.25, 48.92, 47.16, 0.00, 2.58, 4920, 19390, 70, 54.5, , 1
Java, n-body, 10,  113.69, 41.94, 40.42, 0.00, 2.17, 4208, 4211, 27, 54.8, , 1
Java, n-body, 10,  113.56, 41.99, 40.48, 0.00, 2.17, 4214, 4225, 18, 54.2, , 1
Java, n-body, 10,  113.83, 42.08, 40.57, 0.00, 2.18, 4223, 4233, 20, 54.2, , 1
Java, n-body, 10,  114.18, 42.20, 40.68, 0.00, 2.18, 4234, 4248, 17, 54.2, , 1
Java, n-body, 10,  113.45, 42.23, 40.71, 0.00, 2.18, 4237, 4251, 16, 54.8, , 1
Java, n-body, 10,  112.89, 41.97, 40.46, 0.00, 2.17, 4212, 4228, 13, 54.5, , 1
Java, n-body, 10,  113.17, 42.07, 40.56, 0.00, 2.18, 4222, 4232, 18, 54.8, , 1
Java, n-body, 10,  113.75, 42.12, 40.60, 0.00, 2.18, 4226, 4240, 15, 54.5, , 1
Java, n-body, 10,  114.04, 42.16, 40.65, 0.00, 2.18, 4233, 4243, 19, 54.0, , 1
Java, n-body, 10,  113.88, 42.02, 40.51, 0.00, 2.18, 4226, 4238, 19, 55.0, , 1
Java, n-body, 10,  113.63, 41.96, 40.45, 0.00, 2.17, 4211, 4226, 15, 54.2, , 1
Java, n-body, 10,  114.40, 42.13, 40.61, 0.00, 2.18, 4232, 4240, 21, 53.0, , 1
Java, n-body, 10,  114.59, 41.87, 40.37, 0.00, 2.16, 4202, 4221, 12, 54.5, , 1
Java, n-body, 10,  114.48, 41.91, 40.41, 0.00, 2.17, 4207, 4214, 21, 54.0, , 1
Java, n-body, 10,  114.20, 42.02, 40.52, 0.00, 2.17, 4220, 4226, 21, 54.5, , 1
Java, n-body, 10,  113.72, 42.04, 40.52, 0.00, 2.17, 4220, 4231, 17, 54.2, , 1
Java, n-body, 10,  113.94, 42.14, 40.63, 0.00, 2.18, 4230, 4242, 17, 54.2, , 1
Java, n-body, 10,  114.75, 42.18, 40.67, 0.00, 2.18, 4235, 4251, 11, 54.0, , 1
Java, n-body, 10,  113.89, 41.95, 40.43, 0.00, 2.17, 4210, 4221, 16, 54.5, , 1
Java, n-body, 10,  113.94, 41.97, 40.45, 0.00, 2.17, 4213, 4225, 15, 53.8, , 1
Java, regex-redux, 10,  184.60, 65.42, 62.86, 0.00, 4.39, 6580, 21559, 341, 54.0, , 1
Java, regex-redux, 10,  192.00, 67.22, 64.58, 0.00, 4.53, 6818, 22129, 354, 54.2, , 1
Java, regex-redux, 10,  189.56, 66.49, 63.88, 0.00, 4.46, 6703, 21878, 346, 54.0, , 1
Java, regex-redux, 10,  191.70, 67.32, 64.68, 0.00, 4.50, 6771, 22493, 351, 54.0, , 1
Java, regex-redux, 10,  190.13, 66.86, 64.24, 0.00, 4.50, 6738, 22107, 314, 54.2, , 1
Java, regex-redux, 10,  190.73, 67.07, 64.45, 0.00, 4.49, 6747, 22196, 347, 54.2, , 1
Java, regex-redux, 10,  185.91, 65.57, 63.00, 0.00, 4.42, 6603, 21709, 360, 54.0, , 1
Java, regex-redux, 10,  188.51, 66.48, 63.88, 0.00, 4.46, 6689, 21858, 352, 54.2, , 1
Java, regex-redux, 10,  182.06, 64.09, 61.57, 0.00, 4.34, 6451, 21049, 358, 54.5, , 1
Java, regex-redux, 10,  186.66, 65.67, 63.09, 0.00, 4.42, 6646, 21589, 359, 53.8, , 1
Java, regex-redux, 10,  186.12, 65.72, 63.14, 0.00, 4.42, 6612, 21700, 356, 54.5, , 1
Java, regex-redux, 10,  188.41, 66.08, 63.49, 0.00, 4.43, 6641, 21976, 379, 54.5, , 1
Java, regex-redux, 10,  186.82, 65.81, 63.22, 0.00, 4.42, 6615, 21487, 377, 54.0, , 1
Java, regex-redux, 10,  188.03, 65.70, 63.12, 0.00, 4.43, 6630, 21778, 342, 54.0, , 1
Java, regex-redux, 10,  184.16, 64.64, 62.09, 0.00, 4.37, 6522, 21467, 344, 54.2, , 1
Java, regex-redux, 10,  189.07, 66.22, 63.62, 0.00, 4.43, 6662, 21724, 345, 54.0, , 1
Java, regex-redux, 10,  184.88, 64.86, 62.31, 0.00, 4.37, 6531, 21302, 343, 54.0, , 1
Java, regex-redux, 10,  185.44, 65.04, 62.49, 0.00, 4.38, 6544, 21508, 327, 53.8, , 1
Java, regex-redux, 10,  187.91, 65.91, 63.31, 0.00, 4.44, 6659, 21790, 356, 54.0, , 1
Java, regex-redux, 10,  188.42, 66.01, 63.41, 0.00, 4.45, 6685, 21518, 351, 54.2, , 1
Java, reverse-complement, 10,  22.12, 7.79, 7.39, 0.00, 0.82, 787, 644, 314, 50.8, , 1
Java, reverse-complement, 10,  22.26, 7.78, 7.38, 0.00, 0.81, 788, 630, 330, 54.0, , 1
Java, reverse-complement, 10,  22.18, 7.76, 7.36, 0.00, 0.82, 786, 636, 320, 54.0, , 1
Java, reverse-complement, 10,  22.20, 7.78, 7.37, 0.00, 0.81, 782, 635, 315, 53.8, , 1
Java, reverse-complement, 10,  22.02, 7.69, 7.30, 0.00, 0.81, 784, 623, 333, 53.8, , 1
Java, reverse-complement, 10,  22.11, 7.75, 7.35, 0.00, 0.82, 785, 628, 328, 54.5, , 1
Java, reverse-complement, 10,  22.24, 7.82, 7.41, 0.00, 0.83, 787, 629, 329, 50.2, , 1
Java, reverse-complement, 10,  22.17, 7.75, 7.34, 0.00, 0.81, 787, 631, 329, 54.2, , 1
Java, reverse-complement, 10,  22.33, 7.85, 7.44, 0.00, 0.82, 788, 616, 341, 54.2, , 1
Java, reverse-complement, 10,  22.16, 7.80, 7.40, 0.00, 0.82, 787, 613, 345, 54.2, , 1
Java, reverse-complement, 10,  22.06, 7.78, 7.38, 0.00, 0.81, 785, 624, 333, 54.2, , 1
Java, reverse-complement, 10,  21.99, 7.77, 7.37, 0.00, 0.82, 787, 625, 332, 54.5, , 1
Java, reverse-complement, 10,  21.97, 7.76, 7.36, 0.00, 0.82, 783, 637, 317, 50.2, , 1
Java, reverse-complement, 10,  22.08, 7.79, 7.40, 0.00, 0.81, 783, 622, 332, 54.2, , 1
Java, reverse-complement, 10,  22.03, 7.76, 7.36, 0.00, 0.82, 790, 632, 329, 54.2, , 1
Java, reverse-complement, 10,  22.12, 7.77, 7.36, 0.00, 0.82, 791, 644, 321, 54.5, , 1
Java, reverse-complement, 10,  22.02, 7.84, 7.44, 0.00, 0.82, 791, 636, 324, 51.0, , 1
Java, reverse-complement, 10,  22.04, 7.77, 7.38, 0.00, 0.82, 788, 621, 339, 54.2, , 1
Java, reverse-complement, 10,  22.03, 7.77, 7.37, 0.00, 0.81, 781, 627, 324, 54.2, , 1
Java, reverse-complement, 10,  22.07, 7.75, 7.35, 0.00, 0.82, 786, 623, 334, 54.0, , 1
Java, spectral-norm, 10,  22.91, 8.12, 7.81, 0.00, 0.45, 832, 3060, 30, 53.5, , 1
Java, spectral-norm, 10,  23.72, 8.43, 8.12, 0.00, 0.47, 863, 3125, 43, 53.8, , 1
Java, spectral-norm, 10,  23.09, 8.09, 7.79, 0.00, 0.45, 829, 2996, 37, 53.8, , 1
Java, spectral-norm, 10,  22.93, 8.09, 7.79, 0.00, 0.45, 832, 3007, 43, 54.0, , 1
Java, spectral-norm, 10,  22.70, 8.00, 7.70, 0.00, 0.44, 814, 2938, 37, 54.0, , 1
Java, spectral-norm, 10,  23.03, 8.07, 7.77, 0.00, 0.45, 829, 2985, 47, 53.5, , 1
Java, spectral-norm, 10,  22.87, 8.05, 7.75, 0.00, 0.45, 824, 2977, 34, 53.5, , 1
Java, spectral-norm, 10,  22.76, 7.97, 7.67, 0.00, 0.45, 827, 2954, 46, 54.0, , 1
Java, spectral-norm, 10,  22.81, 7.97, 7.67, 0.00, 0.45, 823, 2966, 36, 54.0, , 1
Java, spectral-norm, 10,  22.69, 7.99, 7.69, 0.00, 0.45, 822, 2971, 36, 53.5, , 1
Java, spectral-norm, 10,  22.90, 8.03, 7.73, 0.00, 0.45, 828, 2964, 52, 53.5, , 1
Java, spectral-norm, 10,  23.02, 8.01, 7.71, 0.00, 0.45, 828, 2987, 36, 53.8, , 1
Java, spectral-norm, 10,  22.92, 7.97, 7.67, 0.00, 0.44, 822, 2988, 38, 53.8, , 1
Java, spectral-norm, 10,  22.82, 7.92, 7.63, 0.00, 0.44, 812, 2944, 33, 54.0, , 1
Java, spectral-norm, 10,  22.52, 7.79, 7.50, 0.00, 0.43, 798, 2865, 51, 54.0, , 1
Java, spectral-norm, 10,  23.03, 8.00, 7.70, 0.00, 0.45, 824, 2963, 41, 54.0, , 1
Java, spectral-norm, 10,  23.00, 8.07, 7.77, 0.00, 0.45, 828, 3022, 39, 54.0, , 1
Java, spectral-norm, 10,  22.96, 8.02, 7.73, 0.00, 0.44, 822, 2992, 43, 54.0, , 1
Java, spectral-norm, 10,  22.71, 7.93, 7.64, 0.00, 0.45, 823, 2959, 35, 54.0, , 1
Java, spectral-norm, 10,  22.95, 8.05, 7.76, 0.00, 0.45, 824, 2971, 32, 53.8, , 1
Python, binary-trees, 10,  1497.77, 509.93, 487.08, 0.00, 44.54, 51656, 184956, 3500, 54.8, , 1
Python, binary-trees, 10,  1502.65, 511.56, 488.61, 0.00, 44.59, 51741, 184847, 3507, 54.8, , 1
Python, binary-trees, 10,  1486.59, 505.95, 483.19, 0.00, 44.47, 51236, 183740, 3282, 54.5, , 1
Python, binary-trees, 10,  1491.82, 505.93, 483.20, 0.00, 44.51, 51225, 183456, 3321, 54.2, , 1
Python, binary-trees, 10,  1485.96, 504.64, 481.91, 0.00, 44.28, 51199, 183299, 3408, 54.5, , 1
Python, binary-trees, 10,  1508.92, 513.20, 490.15, 0.00, 44.81, 51960, 186099, 3373, 55.2, , 1
Python, binary-trees, 10,  1494.01, 507.92, 485.09, 0.00, 44.62, 51562, 184596, 3487, 54.5, , 1
Python, binary-trees, 10,  1501.28, 512.13, 489.20, 0.00, 44.83, 51939, 186423, 3395, 54.8, , 1
Python, binary-trees, 10,  1500.94, 508.25, 485.40, 0.00, 44.69, 51519, 184588, 3475, 55.2, , 1
Python, binary-trees, 10,  1508.04, 511.12, 488.23, 0.00, 44.64, 51813, 185615, 3422, 54.5, , 1
Python, binary-trees, 10,  1498.99, 509.42, 486.45, 0.00, 44.49, 51715, 184950, 3577, 55.2, , 1
Python, binary-trees, 10,  1504.79, 511.81, 488.72, 0.00, 44.67, 51920, 185705, 3497, 54.5, , 1
Python, binary-trees, 10,  1502.99, 513.64, 490.53, 0.00, 44.92, 52124, 186194, 3520, 55.0, , 1
Python, binary-trees, 10,  1490.75, 508.88, 485.94, 0.00, 44.66, 51608, 184763, 3436, 54.5, , 1
Python, binary-trees, 10,  1487.03, 510.81, 487.91, 0.00, 44.71, 51749, 185310, 3499, 55.2, , 1
Python, binary-trees, 10,  1490.08, 510.96, 487.96, 0.00, 44.61, 51833, 185568, 3457, 54.5, , 1
Python, binary-trees, 10,  1494.08, 510.07, 487.17, 0.00, 44.77, 51749, 185272, 3463, 54.8, , 1
Python, binary-trees, 10,  1493.43, 512.08, 489.17, 0.00, 44.65, 51849, 185784, 3458, 55.2, , 1
Python, binary-trees, 10,  1506.72, 511.21, 488.20, 0.00, 44.94, 51969, 186177, 3475, 54.8, , 1
Python, binary-trees, 10,  1510.62, 512.53, 489.48, 0.00, 44.82, 51914, 185977, 3466, 55.5, , 1
Python, fannkuch-redux, 10,  12242.03, 4507.32, 4345.62, 0.00, 230.69, 452416, 1793774, 63, 53.8, , 1
Python, fannkuch-redux, 10,  12222.76, 4508.98, 4347.08, 0.00, 230.81, 452606, 1793216, 58, 53.5, , 1
Python, fannkuch-redux, 10,  12018.61, 4457.55, 4297.55, 0.00, 228.19, 447445, 1775500, 76, 54.2, , 1
Python, fannkuch-redux, 10,  12095.74, 4479.39, 4318.31, 0.00, 229.35, 449644, 1776309, 71, 54.0, , 1
Python, fannkuch-redux, 10,  12066.19, 4458.46, 4298.27, 0.00, 228.26, 447518, 1769388, 64, 54.8, , 1
Python, fannkuch-redux, 10,  12130.14, 4480.22, 4319.41, 0.00, 229.37, 449671, 1780090, 76, 54.2, , 1
Python, fannkuch-redux, 10,  12102.46, 4494.22, 4332.98, 0.00, 230.17, 451157, 1789617, 79, 54.0, , 1
Python, fannkuch-redux, 10,  12023.20, 4460.03, 4300.04, 0.00, 228.46, 447757, 1772508, 103, 54.0, , 1
Python, fannkuch-redux, 10,  12169.86, 4494.86, 4333.63, 0.00, 230.23, 451227, 1788788, 93, 54.0, , 1
Python, fannkuch-redux, 10,  12299.15, 4534.83, 4372.09, 0.00, 232.28, 455253, 1804649, 65, 54.0, , 1
Python, fannkuch-redux, 10,  12168.36, 4488.30, 4327.25, 0.00, 229.88, 450557, 1784000, 90, 53.8, , 1
Python, fannkuch-redux, 10,  12129.10, 4484.05, 4323.18, 0.00, 229.68, 450136, 1784182, 69, 54.5, , 1
Python, fannkuch-redux, 10,  12112.13, 4465.67, 4305.53, 0.00, 228.69, 448229, 1774094, 57, 53.8, , 1
Python, fannkuch-redux, 10,  12242.65, 4530.56, 4368.01, 0.00, 232.06, 454821, 1796139, 67, 54.2, , 1
Python, fannkuch-redux, 10,  12100.80, 4474.79, 4314.27, 0.00, 229.19, 449201, 1776301, 92, 54.5, , 1
Python, fannkuch-redux, 10,  12098.38, 4478.10, 4317.49, 0.00, 229.34, 449468, 1771498, 74, 54.2, , 1
Python, fannkuch-redux, 10,  12044.82, 4462.22, 4302.22, 0.00, 228.56, 447941, 1772274, 79, 54.5, , 1
Python, fannkuch-redux, 10,  12037.01, 4450.91, 4291.30, 0.00, 227.91, 446741, 1770161, 96, 54.5, , 1
Python, fannkuch-redux, 10,  12021.62, 4443.08, 4283.71, 0.00, 227.50, 445953, 1764930, 108, 54.8, , 1
Python, fannkuch-redux, 10,  12189.81, 4502.69, 4341.28, 0.00, 230.57, 451961, 1791963, 82, 54.5, , 1
Python, fasta, 10,  1285.59, 478.72, 461.59, 0.00, 24.51, 48069, 48040, 26, 54.8, , 1
Python, fasta, 10,  1294.74, 479.13, 462.01, 0.00, 24.52, 48088, 48054, 31, 54.5, , 1
Python, fasta, 10,  1297.29, 481.06, 463.83, 0.00, 24.62, 48274, 48238, 33, 54.2, , 1
Python, fasta, 10,  1295.96, 479.72, 462.47, 0.00, 24.55, 48140, 48115, 22, 54.2, , 1
Python, fasta, 10,  1287.92, 478.83, 461.74, 0.00, 24.52, 48072, 48031, 38, 54.5, , 1
Python, fasta, 10,  1294.59, 481.31, 464.08, 0.00, 24.65, 48302, 48263, 36, 54.2, , 1
Python, fasta, 10,  1293.33, 485.37, 468.01, 0.00, 24.85, 48714, 48673, 33, 54.0, , 1
Python, fasta, 10,  1277.78, 480.99, 463.78, 0.00, 24.63, 48285, 48247, 30, 54.5, , 1
Python, fasta, 10,  1284.03, 482.74, 465.46, 0.00, 24.72, 48447, 48406, 33, 54.5, , 1
Python, fasta, 10,  1281.77, 479.79, 462.58, 0.00, 24.57, 48151, 48126, 20, 53.8, , 1
Python, fasta, 10,  1279.91, 479.38, 462.23, 0.00, 24.55, 48111, 48082, 24, 54.0, , 1
Python, fasta, 10,  1277.19, 478.61, 461.50, 0.00, 24.51, 48046, 48010, 31, 54.0, , 1
Python, fasta, 10,  1294.04, 480.40, 463.18, 0.00, 24.62, 48231, 48183, 43, 54.5, , 1
Python, fasta, 10,  1289.61, 480.40, 463.19, 0.00, 24.63, 48211, 48187, 19, 54.2, , 1
Python, fasta, 10,  1287.14, 479.80, 462.62, 0.00, 24.58, 48151, 48115, 31, 54.0, , 1
Python, fasta, 10,  1286.82, 479.57, 462.41, 0.00, 24.58, 48139, 48103, 32, 54.2, , 1
Python, fasta, 10,  1300.88, 483.14, 465.75, 0.00, 24.76, 48506, 48462, 38, 54.0, , 1
Python, fasta, 10,  1299.89, 483.01, 465.71, 0.00, 24.74, 48494, 48456, 32, 54.5, , 1
Python, fasta, 10,  1293.52, 482.00, 464.67, 0.00, 24.68, 48373, 48336, 31, 54.0, , 1
Python, fasta, 10,  1281.98, 480.72, 463.45, 0.00, 24.62, 48245, 48213, 26, 54.0, , 1
Python, k-nucleotide, 10,  1785.63, 605.24, 581.16, 0.00, 58.81, 60744, 239132, 715, 54.0, , 1
Python, k-nucleotide, 10,  1806.51, 614.64, 590.27, 0.00, 59.26, 61684, 242687, 767, 54.0, , 1
Python, k-nucleotide, 10,  1793.92, 606.16, 582.10, 0.00, 58.66, 60848, 239319, 698, 55.0, , 1
Python, k-nucleotide, 10,  1786.60, 602.06, 578.10, 0.00, 58.49, 60421, 237775, 711, 54.8, , 1
Python, k-nucleotide, 10,  1784.08, 601.53, 577.58, 0.00, 58.52, 60370, 237748, 697, 54.8, , 1
Python, k-nucleotide, 10,  1818.01, 613.40, 589.10, 0.00, 58.92, 61556, 242055, 717, 54.8, , 1
Python, k-nucleotide, 10,  1790.81, 604.35, 580.29, 0.00, 58.71, 60652, 238647, 731, 55.2, , 1
Python, k-nucleotide, 10,  1789.54, 605.38, 581.31, 0.00, 58.62, 60753, 238796, 701, 55.0, , 1
Python, k-nucleotide, 10,  1783.72, 605.38, 581.35, 0.00, 58.52, 60759, 239171, 740, 55.0, , 1
Python, k-nucleotide, 10,  1773.79, 599.99, 576.10, 0.00, 58.26, 60214, 236491, 706, 55.2, , 1
Python, k-nucleotide, 10,  1798.49, 608.87, 584.68, 0.00, 58.94, 61105, 240027, 710, 54.8, , 1
Python, k-nucleotide, 10,  1804.53, 611.14, 586.86, 0.00, 58.88, 61330, 239367, 749, 55.5, , 1
Python, k-nucleotide, 10,  1791.34, 602.00, 578.01, 0.00, 58.49, 60421, 237994, 719, 54.2, , 1
Python, k-nucleotide, 10,  1799.17, 605.50, 581.45, 0.00, 58.56, 60771, 239084, 704, 55.5, , 1
Python, k-nucleotide, 10,  1802.76, 607.03, 582.83, 0.00, 59.07, 60919, 239707, 726, 55.0, , 1
Python, k-nucleotide, 10,  1789.99, 604.07, 580.05, 0.00, 58.52, 60622, 238404, 723, 55.0, , 1
Python, k-nucleotide, 10,  1796.61, 606.38, 582.33, 0.00, 58.48, 60859, 239581, 739, 54.5, , 1
Python, k-nucleotide, 10,  1800.69, 608.99, 584.83, 0.00, 58.73, 61119, 240239, 737, 54.8, , 1
Python, k-nucleotide, 10,  1787.68, 606.98, 582.89, 0.00, 58.65, 60918, 240006, 723, 54.5, , 1
Python, k-nucleotide, 10,  1789.26, 606.50, 582.40, 0.00, 58.66, 60872, 239596, 709, 55.0, , 1
Python, mandelbrot, 10,  5425.41, 2015.91, 1943.62, 0.00, 103.34, 202328, 806403, 1811, 53.0, , 1
Python, mandelbrot, 10,  5447.03, 2000.65, 1928.92, 0.00, 102.56, 200819, 800129, 1823, 52.8, , 1
Python, mandelbrot, 10,  5577.86, 2045.48, 1972.15, 0.00, 104.84, 205326, 818520, 1800, 53.5, , 1
Python, mandelbrot, 10,  5518.92, 2020.34, 1947.91, 0.00, 103.64, 202805, 808223, 1719, 52.2, , 1
Python, mandelbrot, 10,  5512.85, 2022.32, 1949.82, 0.00, 103.65, 203002, 809069, 1735, 52.8, , 1
Python, mandelbrot, 10,  5483.20, 2011.58, 1939.45, 0.00, 103.21, 201936, 804645, 1818, 53.0, , 1
Python, mandelbrot, 10,  5452.72, 1998.30, 1926.62, 0.00, 102.43, 200589, 799597, 1766, 52.5, , 1
Python, mandelbrot, 10,  5527.67, 2025.28, 1952.61, 0.00, 103.86, 203299, 810038, 1815, 52.8, , 1
Python, mandelbrot, 10,  5529.70, 2022.03, 1949.52, 0.00, 103.73, 202979, 809006, 1724, 53.0, , 1
Python, mandelbrot, 10,  5449.37, 1995.70, 1924.12, 0.00, 102.30, 200329, 798704, 1722, 52.5, , 1
Python, mandelbrot, 10,  5450.75, 1996.87, 1925.23, 0.00, 102.48, 200453, 798431, 1801, 52.5, , 1
Python, mandelbrot, 10,  5494.23, 2019.01, 1946.61, 0.00, 103.51, 202672, 808055, 1745, 52.8, , 1
Python, mandelbrot, 10,  5472.15, 2004.44, 1932.54, 0.00, 102.82, 201214, 801920, 1749, 52.8, , 1
Python, mandelbrot, 10,  5464.64, 2002.68, 1930.87, 0.00, 102.71, 201033, 801037, 1772, 52.8, , 1
Python, mandelbrot, 10,  5487.89, 2012.54, 1940.29, 0.00, 103.19, 202021, 805345, 1767, 52.2, , 1
Python, mandelbrot, 10,  5471.36, 2007.20, 1935.15, 0.00, 103.00, 201480, 802882, 1725, 52.5, , 1
Python, mandelbrot, 10,  5431.86, 1990.98, 1919.56, 0.00, 102.07, 199854, 796458, 1761, 52.8, , 1
Python, mandelbrot, 10,  5447.91, 1995.98, 1924.30, 0.00, 102.39, 200352, 798338, 1803, 53.0, , 1
Python, mandelbrot, 10,  5452.83, 1999.95, 1928.18, 0.00, 102.58, 200753, 799883, 1833, 53.0, , 1
Python, mandelbrot, 10,  5485.16, 2012.97, 1940.75, 0.00, 103.22, 202065, 805446, 1773, 52.5, , 1
Python, n-body, 10,  7232.15, 2668.32, 2572.65, 0.00, 136.61, 267828, 267820, 2, 54.2, , 1
Python, n-body, 10,  7259.72, 2691.22, 2594.97, 0.00, 137.83, 270206, 270170, 19, 53.8, , 1
Python, n-body, 10,  7294.77, 2704.57, 2607.89, 0.00, 138.53, 271546, 271506, 23, 54.5, , 1
Python, n-body, 10,  7298.68, 2699.03, 2602.43, 0.00, 138.17, 270923, 270886, 20, 54.8, , 1
Python, n-body, 10,  7267.01, 2689.31, 2593.06, 0.00, 137.74, 269950, 269920, 13, 54.0, , 1
Python, n-body, 10,  7251.26, 2691.96, 2595.72, 0.00, 137.83, 270284, 270251, 17, 54.5, , 1
Python, n-body, 10,  7396.29, 2717.12, 2619.83, 0.00, 139.30, 272748, 272708, 23, 54.2, , 1
Python, n-body, 10,  7277.32, 2675.74, 2579.90, 0.00, 137.05, 268636, 268625, 4, 53.8, , 1
Python, n-body, 10,  7344.28, 2697.86, 2601.15, 0.00, 138.19, 270846, 270837, 2, 54.0, , 1
Python, n-body, 10,  7268.08, 2670.25, 2574.57, 0.00, 136.75, 268075, 268066, 2, 54.2, , 1
Python, n-body, 10,  7338.20, 2693.13, 2596.59, 0.00, 137.95, 270370, 270361, 3, 53.2, , 1
Python, n-body, 10,  7427.62, 2726.25, 2628.53, 0.00, 139.67, 273699, 273690, 2, 54.0, , 1
Python, n-body, 10,  7323.33, 2686.47, 2590.28, 0.00, 137.60, 269717, 269710, 1, 53.8, , 1
Python, n-body, 10,  7350.28, 2696.50, 2599.98, 0.00, 138.17, 270727, 270695, 16, 53.5, , 1
Python, n-body, 10,  7287.60, 2672.94, 2577.17, 0.00, 136.90, 268358, 268342, 4, 53.5, , 1
Python, n-body, 10,  7358.81, 2706.11, 2609.05, 0.00, 138.67, 271679, 271664, 2, 53.8, , 1
Python, n-body, 10,  7322.93, 2694.27, 2597.66, 0.00, 138.01, 270492, 270476, 4, 53.8, , 1
Python, n-body, 10,  7320.65, 2686.87, 2590.56, 0.00, 137.67, 269756, 269740, 3, 53.5, , 1
Python, n-body, 10,  7310.75, 2688.84, 2592.49, 0.00, 137.75, 269957, 269942, 2, 53.2, , 1
Python, n-body, 10,  7301.08, 2679.67, 2583.65, 0.00, 137.29, 269041, 269025, 4, 53.5, , 1
Python, regex-redux, 10,  256.01, 92.83, 89.34, 0.00, 5.66, 9323, 19301, 540, 53.5, , 1
Python, regex-redux, 10,  255.36, 92.42, 88.93, 0.00, 5.64, 9279, 19321, 471, 53.8, , 1
Python, regex-redux, 10,  255.73, 92.63, 89.13, 0.00, 5.65, 9296, 19396, 444, 53.5, , 1
Python, regex-redux, 10,  256.68, 93.12, 89.61, 0.00, 5.67, 9346, 19556, 480, 53.5, , 1
Python, regex-redux, 10,  256.21, 92.96, 89.45, 0.00, 5.67, 9332, 19381, 496, 53.2, , 1
Python, regex-redux, 10,  256.76, 92.76, 89.27, 0.00, 5.66, 9313, 19347, 477, 53.5, , 1
Python, regex-redux, 10,  256.29, 92.59, 89.10, 0.00, 5.64, 9295, 19311, 508, 53.5, , 1
Python, regex-redux, 10,  255.54, 92.87, 89.37, 0.00, 5.67, 9324, 19320, 533, 53.8, , 1
Python, regex-redux, 10,  256.22, 92.90, 89.39, 0.00, 5.67, 9327, 19392, 522, 54.0, , 1
Python, regex-redux, 10,  255.19, 92.73, 89.23, 0.00, 5.66, 9308, 19313, 518, 53.2, , 1
Python, regex-redux, 10,  257.22, 93.22, 89.71, 0.00, 5.70, 9360, 19496, 479, 53.8, , 1
Python, regex-redux, 10,  257.79, 92.97, 89.45, 0.00, 5.67, 9332, 19415, 471, 54.0, , 1
Python, regex-redux, 10,  256.08, 92.71, 89.21, 0.00, 5.67, 9308, 19326, 512, 53.5, , 1
Python, regex-redux, 10,  255.56, 92.31, 88.83, 0.00, 5.64, 9268, 19290, 465, 54.0, , 1
Python, regex-redux, 10,  256.36, 92.64, 89.14, 0.00, 5.67, 9299, 19334, 512, 53.5, , 1
Python, regex-redux, 10,  255.77, 92.33, 88.85, 0.00, 5.64, 9269, 19275, 513, 53.5, , 1
Python, regex-redux, 10,  256.26, 92.63, 89.12, 0.00, 5.66, 9298, 19278, 498, 53.8, , 1
Python, regex-redux, 10,  256.00, 92.93, 89.43, 0.00, 5.67, 9329, 19364, 506, 54.0, , 1
Python, regex-redux, 10,  257.15, 92.71, 89.22, 0.00, 5.66, 9308, 19333, 482, 53.8, , 1
Python, regex-redux, 10,  256.89, 92.72, 89.22, 0.00, 5.66, 9309, 19360, 489, 53.5, , 1
Python, reverse-complement, 10,  49.84, 17.80, 17.08, 0.00, 1.36, 1786, 2404, 592, 54.0, , 1
Python, reverse-complement, 10,  49.53, 17.70, 16.98, 0.00, 1.34, 1776, 2402, 580, 54.0, , 1
Python, reverse-complement, 10,  49.90, 17.71, 16.99, 0.00, 1.35, 1777, 2350, 628, 53.5, , 1
Python, reverse-complement, 10,  49.50, 17.67, 16.95, 0.00, 1.34, 1772, 2430, 549, 53.8, , 1
Python, reverse-complement, 10,  49.75, 17.68, 16.97, 0.00, 1.34, 1775, 2400, 581, 54.0, , 1
Python, reverse-complement, 10,  49.64, 17.56, 16.84, 0.00, 1.34, 1761, 2425, 534, 53.8, , 1
Python, reverse-complement, 10,  50.25, 17.85, 17.13, 0.00, 1.36, 1790, 2397, 608, 53.2, , 1
Python, reverse-complement, 10,  49.65, 17.58, 16.87, 0.00, 1.34, 1764, 2392, 561, 53.8, , 1
Python, reverse-complement, 10,  49.78, 17.74, 17.03, 0.00, 1.35, 1780, 2430, 553, 54.0, , 1
Python, reverse-complement, 10,  49.67, 17.78, 17.06, 0.00, 1.35, 1785, 2451, 544, 53.2, , 1
Python, reverse-complement, 10,  50.03, 17.85, 17.13, 0.00, 1.36, 1798, 2402, 607, 53.8, , 1
Python, reverse-complement, 10,  49.70, 17.70, 16.98, 0.00, 1.35, 1781, 2369, 615, 54.0, , 1
Python, reverse-complement, 10,  49.83, 17.80, 17.08, 0.00, 1.36, 1785, 2389, 601, 53.8, , 1
Python, reverse-complement, 10,  49.90, 17.71, 17.00, 0.00, 1.36, 1785, 2426, 564, 53.8, , 1
Python, reverse-complement, 10,  50.01, 17.82, 17.10, 0.00, 1.36, 1788, 2411, 586, 53.5, , 1
Python, reverse-complement, 10,  49.59, 17.58, 16.86, 0.00, 1.34, 1773, 2394, 574, 53.8, , 1
Python, reverse-complement, 10,  49.84, 17.70, 16.98, 0.00, 1.35, 1776, 2386, 588, 53.2, , 1
Python, reverse-complement, 10,  49.66, 17.70, 16.99, 0.00, 1.35, 1776, 2381, 598, 54.2, , 1
Python, reverse-complement, 10,  49.80, 17.77, 17.05, 0.00, 1.35, 1784, 2357, 639, 53.8, , 1
Python, reverse-complement, 10,  50.24, 17.79, 17.07, 0.00, 1.36, 1786, 2416, 580, 53.8, , 1
Python, spectral-norm, 10,  4135.12, 1491.82, 1438.37, 0.00, 76.62, 149749, 597396, 154, 53.0, , 1
Python, spectral-norm, 10,  4152.82, 1504.11, 1450.21, 0.00, 77.30, 150982, 602113, 142, 53.0, , 1
Python, spectral-norm, 10,  4121.37, 1490.48, 1437.06, 0.00, 76.65, 149632, 595775, 154, 53.2, , 1
Python, spectral-norm, 10,  4096.04, 1480.24, 1427.20, 0.00, 76.03, 148581, 592745, 160, 52.8, , 1
Python, spectral-norm, 10,  4102.34, 1482.31, 1429.18, 0.00, 76.18, 148867, 593240, 165, 53.0, , 1
Python, spectral-norm, 10,  4114.02, 1487.14, 1433.83, 0.00, 76.48, 149298, 594985, 159, 53.2, , 1
Python, spectral-norm, 10,  4139.53, 1497.00, 1443.37, 0.00, 76.89, 150267, 599018, 174, 53.5, , 1
Python, spectral-norm, 10,  4155.08, 1506.07, 1452.12, 0.00, 77.36, 151175, 603095, 161, 53.0, , 1
Python, spectral-norm, 10,  4115.92, 1491.10, 1437.65, 0.00, 76.69, 149694, 596701, 145, 52.8, , 1
Python, spectral-norm, 10,  4159.45, 1505.37, 1451.42, 0.00, 77.37, 151104, 602677, 159, 52.8, , 1
Python, spectral-norm, 10,  4163.45, 1510.96, 1456.83, 0.00, 77.64, 151705, 604623, 147, 52.5, , 1
Python, spectral-norm, 10,  4179.50, 1514.30, 1460.03, 0.00, 77.84, 152012, 606216, 154, 52.2, , 1
Python, spectral-norm, 10,  4083.62, 1480.30, 1427.24, 0.00, 76.11, 148597, 592605, 164, 52.5, , 1
Python, spectral-norm, 10,  4115.64, 1496.08, 1442.48, 0.00, 76.86, 150184, 599129, 165, 52.8, , 1
Python, spectral-norm, 10,  4120.55, 1498.45, 1444.73, 0.00, 77.03, 150448, 599351, 167, 53.0, , 1
Python, spectral-norm, 10,  4129.32, 1502.24, 1448.39, 0.00, 77.25, 150796, 601251, 159, 52.8, , 1
Python, spectral-norm, 10,  4148.96, 1512.05, 1457.87, 0.00, 77.67, 151791, 605406, 147, 53.0, , 1
Python, spectral-norm, 10,  4096.88, 1484.35, 1431.15, 0.00, 76.29, 149004, 594372, 165, 52.8, , 1
Python, spectral-norm, 10,  4120.13, 1498.15, 1444.43, 0.00, 77.08, 150427, 599061, 176, 53.2, , 1
Python, spectral-norm, 10,  4090.99, 1484.28, 1431.09, 0.00, 76.25, 148992, 594334, 170, 52.5, , 1
C, binary-trees, 15,  42.82, 17.46, 16.86, 0.00, 1.33, 1228, 3596, 213, 55.2, , 1
C, binary-trees, 15,  43.08, 17.62, 17.02, 0.00, 1.33, 1238, 3618, 220, 54.8, , 1
C, binary-trees, 15,  43.19, 17.74, 17.13, 0.00, 1.34, 1247, 3645, 206, 55.0, , 1
C, binary-trees, 15,  43.15, 17.64, 17.03, 0.00, 1.34, 1236, 3639, 206, 55.2, , 1
C, binary-trees, 15,  42.97, 17.60, 17.00, 0.00, 1.33, 1233, 3607, 223, 55.2, , 1
C, binary-trees, 15,  43.19, 17.69, 17.07, 0.00, 1.34, 1242, 3623, 218, 54.2, , 1
C, binary-trees, 15,  43.10, 17.47, 16.87, 0.00, 1.33, 1231, 3607, 215, 55.8, , 1
C, binary-trees, 15,  43.15, 17.53, 16.93, 0.00, 1.33, 1236, 3609, 224, 55.2, , 1
C, binary-trees, 15,  43.17, 17.65, 17.04, 0.00, 1.33, 1241, 3621, 221, 55.2, , 1
C, binary-trees, 15,  44.14, 18.15, 17.53, 0.00, 1.35, 1274, 3689, 208, 55.0, , 1
C, binary-trees, 15,  43.19, 17.76, 17.15, 0.00, 1.34, 1241, 3635, 226, 55.2, , 1
C, binary-trees, 15,  43.04, 17.66, 17.06, 0.00, 1.33, 1239, 3651, 209, 55.0, , 1
C, binary-trees, 15,  43.39, 17.68, 17.07, 0.00, 1.34, 1241, 3631, 224, 55.2, , 1
C, binary-trees, 15,  43.02, 17.65, 17.05, 0.00, 1.34, 1237, 3643, 204, 55.5, , 1
C, binary-trees, 15,  42.84, 17.59, 16.99, 0.00, 1.33, 1233, 3601, 232, 55.5, , 1
C, binary-trees, 15,  43.04, 17.65, 17.05, 0.00, 1.34, 1238, 3639, 209, 55.5, , 1
C, binary-trees, 15,  43.13, 17.73, 17.13, 0.00, 1.34, 1243, 3638, 223, 55.0, , 1
C, binary-trees, 15,  43.19, 17.63, 17.02, 0.00, 1.33, 1238, 3636, 219, 55.2, , 1
C, binary-trees, 15,  43.60, 17.94, 17.32, 0.00, 1.34, 1257, 3682, 208, 55.0, , 1
C, binary-trees, 15,  43.46, 17.77, 17.16, 0.00, 1.33, 1243, 3641, 211, 55.0, , 1
C, fannkuch-redux, 15,  87.62, 37.71, 36.81, 0.00, 1.29, 2523, 10025, 0, 55.5, , 1
C, fannkuch-redux, 15,  87.61, 37.74, 36.84, 0.00, 1.29, 2524, 10032, 1, 55.5, , 1
C, fannkuch-redux, 15,  87.53, 37.77, 36.85, 0.00, 1.29, 2525, 10037, 0, 54.8, , 1
C, fannkuch-redux, 15,  87.69, 37.73, 36.83, 0.00, 1.29, 2524, 10029, 1, 55.2, , 1
C, fannkuch-redux, 15,  87.87, 37.75, 36.84, 0.00, 1.29, 2524, 10033, 0, 55.5, , 1
C, fannkuch-redux, 15,  87.64, 37.78, 36.87, 0.00, 1.29, 2526, 10034, 3, 56.0, , 1
C, fannkuch-redux, 15,  87.79, 37.76, 36.85, 0.00, 1.29, 2526, 10034, 0, 55.0, , 1
C, fannkuch-redux, 15,  87.38, 37.76, 36.85, 0.00, 1.29, 2525, 10037, 0, 55.0, , 1
C, fannkuch-redux, 15,  87.82, 37.79, 36.87, 0.00, 1.29, 2526, 10043, 0, 55.5, , 1
C, fannkuch-redux, 15,  87.63, 37.83, 36.92, 0.00, 1.29, 2530, 10052, 1, 55.2, , 1
C, fannkuch-redux, 15,  87.64, 37.76, 36.84, 0.00, 1.29, 2524, 10036, 0, 55.2, , 1
C, fannkuch-redux, 15,  88.12, 37.79, 36.87, 0.00, 1.29, 2526, 10042, 0, 55.5, , 1
C, fannkuch-redux, 15,  87.98, 37.75, 36.84, 0.00, 1.29, 2524, 10034, 0, 55.2, , 1
C, fannkuch-redux, 15,  88.30, 37.77, 36.86, 0.00, 1.29, 2526, 10033, 1, 55.2, , 1
C, fannkuch-redux, 15,  87.97, 37.73, 36.82, 0.00, 1.29, 2523, 10028, 1, 55.8, , 1
C, fannkuch-redux, 15,  87.94, 37.77, 36.87, 0.00, 1.29, 2526, 10036, 0, 55.8, , 1
C, fannkuch-redux, 15,  87.48, 37.77, 36.86, 0.00, 1.29, 2526, 10039, 0, 56.0, , 1
C, fannkuch-redux, 15,  87.54, 37.78, 36.87, 0.00, 1.29, 2527, 10042, 0, 55.5, , 1
C, fannkuch-redux, 15,  87.94, 37.78, 36.87, 0.00, 1.29, 2526, 10035, 2, 55.5, , 1
C, fannkuch-redux, 15,  87.62, 37.76, 36.85, 0.00, 1.29, 2525, 10035, 0, 55.2, , 1
C, fasta, 15,  19.15, 6.38, 6.14, 0.00, 0.34, 664, 649, 15, 50.2, , 1
C, fasta, 15,  19.14, 6.47, 6.23, 0.00, 0.34, 663, 653, 9, 54.0, , 1
C, fasta, 15,  19.03, 6.42, 6.18, 0.00, 0.34, 664, 648, 15, 54.0, , 1
C, fasta, 15,  19.19, 6.54, 6.30, 0.00, 0.34, 664, 654, 9, 54.0, , 1
C, fasta, 15,  19.17, 6.47, 6.22, 0.00, 0.34, 664, 654, 9, 54.0, , 1
C, fasta, 15,  19.25, 6.44, 6.19, 0.00, 0.34, 664, 650, 13, 54.2, , 1
C, fasta, 15,  19.07, 6.45, 6.21, 0.00, 0.34, 663, 653, 9, 54.2, , 1
C, fasta, 15,  19.25, 6.59, 6.36, 0.00, 0.34, 667, 651, 16, 54.8, , 1
C, fasta, 15,  19.02, 6.57, 6.33, 0.00, 0.34, 663, 646, 16, 50.2, , 1
C, fasta, 15,  19.16, 6.55, 6.31, 0.00, 0.34, 664, 645, 18, 53.8, , 1
C, fasta, 15,  19.08, 6.52, 6.28, 0.00, 0.34, 663, 653, 9, 53.8, , 1
C, fasta, 15,  19.09, 6.51, 6.27, 0.00, 0.34, 664, 648, 16, 54.2, , 1
C, fasta, 15,  19.01, 6.42, 6.18, 0.00, 0.34, 664, 657, 6, 54.2, , 1
C, fasta, 15,  19.06, 6.49, 6.25, 0.00, 0.34, 663, 655, 7, 53.8, , 1
C, fasta, 15,  19.05, 6.46, 6.22, 0.00, 0.34, 664, 653, 11, 53.8, , 1
C, fasta, 15,  19.07, 6.57, 6.33, 0.00, 0.34, 664, 648, 15, 54.2, , 1
C, fasta, 15,  19.28, 6.58, 6.34, 0.00, 0.34, 664, 647, 17, 54.2, , 1
C, fasta, 15,  19.17, 6.56, 6.32, 0.00, 0.34, 663, 652, 10, 54.5, , 1
C, fasta, 15,  19.02, 6.44, 6.21, 0.00, 0.34, 664, 657, 7, 50.0, , 1
C, fasta, 15,  19.06, 6.47, 6.23, 0.00, 0.34, 664, 653, 10, 54.0, , 1
C, k-nucleotide, 15,  131.55, 54.04, 52.41, 0.00, 4.34, 3680, 12141, 88, 55.2, , 1
C, k-nucleotide, 15,  132.91, 54.39, 52.74, 0.00, 4.43, 3697, 12234, 101, 56.0, , 1
C, k-nucleotide, 15,  127.86, 52.53, 51.05, 0.00, 3.91, 3570, 12037, 85, 56.2, , 1
C, k-nucleotide, 15,  132.55, 54.17, 52.54, 0.00, 4.37, 3682, 12212, 93, 56.2, , 1
C, k-nucleotide, 15,  130.06, 53.44, 51.85, 0.00, 4.22, 3630, 12138, 110, 56.0, , 1
C, k-nucleotide, 15,  132.03, 54.22, 52.57, 0.00, 4.39, 3696, 12146, 91, 55.8, , 1
C, k-nucleotide, 15,  132.93, 54.68, 53.01, 0.00, 4.45, 3725, 12193, 105, 55.8, , 1
C, k-nucleotide, 15,  131.59, 54.05, 52.40, 0.00, 4.39, 3681, 12140, 94, 56.0, , 1
C, k-nucleotide, 15,  134.75, 55.09, 53.34, 0.00, 4.69, 3742, 12396, 106, 56.0, , 1
C, k-nucleotide, 15,  129.83, 53.36, 51.78, 0.00, 4.22, 3625, 12094, 98, 56.0, , 1
C, k-nucleotide, 15,  130.18, 53.60, 52.03, 0.00, 4.17, 3647, 12202, 92, 56.2, , 1
C, k-nucleotide, 15,  133.44, 54.68, 52.99, 0.00, 4.56, 3719, 12241, 96, 56.5, , 1
C, k-nucleotide, 15,  130.64, 53.55, 51.94, 0.00, 4.33, 3640, 12119, 87, 56.5, , 1
C, k-nucleotide, 15,  131.35, 53.97, 52.34, 0.00, 4.37, 3670, 12163, 91, 56.0, , 1
C, k-nucleotide, 15,  132.67, 54.20, 52.57, 0.00, 4.39, 3687, 12192, 109, 56.2, , 1
C, k-nucleotide, 15,  131.44, 53.84, 52.24, 0.00, 4.27, 3663, 12149, 104, 56.2, , 1
C, k-nucleotide, 15,  132.12, 54.03, 52.40, 0.00, 4.34, 3673, 12110, 104, 56.5, , 1
C, k-nucleotide, 15,  129.85, 53.31, 51.74, 0.00, 4.17, 3628, 12054, 92, 56.2, , 1
C, k-nucleotide, 15,  130.74, 53.73, 52.12, 0.00, 4.28, 3652, 12136, 101, 56.5, , 1
C, k-nucleotide, 15,  130.56, 53.53, 51.92, 0.00, 4.30, 3640, 12090, 95, 56.5, , 1
C, mandelbrot, 15,  42.30, 18.18, 17.76, 0.00, 0.63, 1215, 4838, 18, 57.0, , 1
C, mandelbrot, 15,  42.43, 18.20, 17.76, 0.00, 0.63, 1215, 4835, 22, 56.8, , 1
C, mandelbrot, 15,  42.33, 18.20, 17.76, 0.00, 0.63, 1215, 4847, 9, 57.0, , 1
C, mandelbrot, 15,  42.58, 18.18, 17.75, 0.00, 0.63, 1215, 4846, 8, 50.8, , 1
C, mandelbrot, 15,  43.86, 17.94, 17.49, 0.00, 0.65, 1250, 4965, 22, 56.2, , 1
C, mandelbrot, 15,  42.73, 18.20, 17.76, 0.00, 0.63, 1215, 4845, 11, 56.2, , 1
C, mandelbrot, 15,  42.22, 18.20, 17.77, 0.00, 0.63, 1216, 4844, 16, 56.5, , 1
C, mandelbrot, 15,  42.29, 18.20, 17.77, 0.00, 0.63, 1216, 4841, 18, 56.2, , 1
C, mandelbrot, 15,  42.34, 18.21, 17.78, 0.00, 0.63, 1217, 4839, 23, 56.2, , 1
C, mandelbrot, 15,  42.24, 18.22, 17.78, 0.00, 0.63, 1216, 4847, 14, 56.2, , 1
C, mandelbrot, 15,  42.14, 18.20, 17.77, 0.00, 0.63, 1216, 4846, 14, 55.8, , 1
C, mandelbrot, 15,  42.24, 18.20, 17.77, 0.00, 0.63, 1216, 4844, 15, 56.0, , 1
C, mandelbrot, 15,  42.15, 18.20, 17.76, 0.00, 0.63, 1216, 4840, 17, 56.0, , 1
C, mandelbrot, 15,  42.37, 18.29, 17.85, 0.00, 0.64, 1222, 4843, 18, 56.2, , 1
C, mandelbrot, 15,  42.45, 18.18, 17.76, 0.00, 0.63, 1215, 4842, 14, 56.2, , 1
C, mandelbrot, 15,  42.75, 18.23, 17.78, 0.00, 0.63, 1217, 4851, 11, 55.8, , 1
C, mandelbrot, 15,  42.47, 18.17, 17.75, 0.00, 0.63, 1214, 4836, 18, 56.0, , 1
C, mandelbrot, 15,  42.45, 18.22, 17.77, 0.00, 0.63, 1217, 4845, 16, 56.0, , 1
C, mandelbrot, 15,  42.69, 18.24, 17.80, 0.00, 0.63, 1218, 4849, 15, 56.0, , 1
C, mandelbrot, 15,  42.61, 18.24, 17.80, 0.00, 0.63, 1218, 4852, 13, 55.8, , 1
C, n-body, 15,  52.88, 19.65, 19.02, 0.00, 0.88, 1725, 1725, 0, 54.8, , 1
C, n-body, 15,  52.97, 19.46, 18.85, 0.00, 0.88, 1724, 1723, 0, 55.0, , 1
C, n-body, 15,  52.92, 19.65, 19.04, 0.00, 0.88, 1723, 1722, 0, 54.8, , 1
C, n-body, 15,  52.78, 19.41, 18.79, 0.00, 0.88, 1724, 1722, 0, 53.8, , 1
C, n-body, 15,  52.94, 19.47, 18.84, 0.00, 0.88, 1724, 1722, 0, 55.0, , 1
C, n-body, 15,  52.86, 19.43, 18.81, 0.00, 0.88, 1724, 1723, 0, 54.8, , 1
C, n-body, 15,  52.83, 19.46, 18.85, 0.00, 0.88, 1725, 1724, 0, 54.8, , 1
C, n-body, 15,  53.07, 19.43, 18.81, 0.00, 0.88, 1724, 1724, 0, 54.5, , 1
C, n-body, 15,  52.83, 19.48, 18.87, 0.00, 0.88, 1724, 1724, 0, 54.2, , 1
C, n-body, 15,  52.85, 19.58, 18.97, 0.00, 0.88, 1726, 1726, 0, 55.0, , 1
C, n-body, 15,  52.67, 19.49, 18.87, 0.00, 0.88, 1726, 1726, 0, 54.8, , 1
C, n-body, 15,  52.95, 19.56, 18.94, 0.00, 0.89, 1728, 1727, 1, 54.5, , 1
C, n-body, 15,  52.94, 19.56, 18.93, 0.00, 0.89, 1729, 1728, 0, 54.2, , 1
C, n-body, 15,  52.88, 19.75, 19.13, 0.00, 0.88, 1727, 1726, 0, 54.8, , 1
C, n-body, 15,  52.79, 19.65, 19.03, 0.00, 0.88, 1726, 1726, 0, 54.2, , 1
C, n-body, 15,  52.99, 19.73, 19.11, 0.00, 0.88, 1728, 1727, 0, 54.8, , 1
C, n-body, 15,  52.97, 19.46, 18.85, 0.00, 0.88, 1726, 1726, 0, 54.2, , 1
C, n-body, 15,  54.38, 20.42, 19.80, 0.00, 0.90, 1743, 1743, 0, 54.2, , 1
C, n-body, 15,  53.20, 19.68, 19.06, 0.00, 0.88, 1726, 1725, 0, 54.8, , 1
C, n-body, 15,  52.80, 19.47, 18.85, 0.00, 0.88, 1727, 1726, 0, 54.2, , 1
C, regex-redux, 15,  28.19, 11.58, 11.26, 0.00, 0.67, 825, 2273, 91, 55.5, , 1
C, regex-redux, 15,  28.39, 11.61, 11.28, 0.00, 0.67, 826, 2278, 91, 50.2, , 1
C, regex-redux, 15,  28.11, 11.56, 11.23, 0.00, 0.67, 824, 2268, 95, 55.2, , 1
C, regex-redux, 15,  28.15, 11.53, 11.21, 0.00, 0.67, 825, 2263, 89, 49.8, , 1
C, regex-redux, 15,  28.33, 11.56, 11.22, 0.00, 0.67, 823, 2269, 88, 55.0, , 1
C, regex-redux, 15,  28.18, 11.58, 11.26, 0.00, 0.67, 824, 2266, 96, 50.0, , 1
C, regex-redux, 15,  28.37, 11.62, 11.30, 0.00, 0.67, 827, 2277, 86, 55.2, , 1
C, regex-redux, 15,  28.30, 11.59, 11.26, 0.00, 0.67, 826, 2274, 93, 50.0, , 1
C, regex-redux, 15,  28.24, 11.60, 11.27, 0.00, 0.67, 824, 2273, 89, 55.5, , 1
C, regex-redux, 15,  28.10, 11.60, 11.27, 0.00, 0.67, 824, 2270, 96, 50.2, , 1
C, regex-redux, 15,  28.18, 11.63, 11.30, 0.00, 0.67, 824, 2257, 101, 54.8, , 1
C, regex-redux, 15,  28.09, 11.59, 11.25, 0.00, 0.67, 824, 2272, 86, 49.8, , 1
C, regex-redux, 15,  28.25, 11.62, 11.30, 0.00, 0.67, 826, 2279, 90, 55.5, , 1
C, regex-redux, 15,  28.03, 11.59, 11.26, 0.00, 0.68, 824, 2272, 92, 49.8, , 1
C, regex-redux, 15,  28.26, 11.63, 11.31, 0.00, 0.67, 826, 2277, 87, 55.8, , 1
C, regex-redux, 15,  28.23, 11.63, 11.31, 0.00, 0.67, 825, 2274, 88, 50.2, , 1
C, regex-redux, 15,  28.10, 11.69, 11.37, 0.00, 0.68, 828, 2282, 93, 55.0, , 1
C, regex-redux, 15,  28.32, 11.69, 11.36, 0.00, 0.68, 827, 2273, 99, 50.2, , 1
C, regex-redux, 15,  28.13, 11.59, 11.26, 0.00, 0.68, 829, 2276, 100, 55.0, , 1
C, regex-redux, 15,  28.12, 11.59, 11.26, 0.00, 0.68, 824, 2279, 86, 50.0, , 1
C, reverse-complement, 15,  3.17, 1.16, 1.10, 0.00, 0.16, 101, 66, 78, 50.0, , 1
C, reverse-complement, 15,  3.31, 1.17, 1.10, 0.00, 0.16, 101, 63, 80, 50.0, , 1
C, reverse-complement, 15,  3.23, 1.07, 1.00, 0.00, 0.17, 110, 65, 89, 50.0, , 1
C, reverse-complement, 15,  3.21, 1.07, 1.00, 0.00, 0.16, 109, 59, 93, 50.0, , 1
C, reverse-complement, 15,  3.31, 1.23, 1.16, 0.00, 0.16, 100, 66, 79, 50.0, , 1
C, reverse-complement, 15,  3.39, 1.18, 1.11, 0.00, 0.16, 102, 59, 85, 50.0, , 1
C, reverse-complement, 15,  3.28, 1.16, 1.09, 0.00, 0.16, 104, 72, 78, 50.0, , 1
C, reverse-complement, 15,  3.21, 1.06, 1.00, 0.00, 0.17, 111, 63, 90, 53.2, , 1
C, reverse-complement, 15,  3.29, 1.20, 1.13, 0.00, 0.16, 101, 61, 80, 53.2, , 1
C, reverse-complement, 15,  3.41, 1.19, 1.12, 0.00, 0.16, 101, 61, 82, 53.2, , 1
C, reverse-complement, 15,  3.23, 1.16, 1.10, 0.00, 0.16, 101, 65, 79, 53.2, , 1
C, reverse-complement, 15,  3.30, 1.16, 1.09, 0.00, 0.17, 105, 61, 89, 53.2, , 1
C, reverse-complement, 15,  3.30, 1.20, 1.13, 0.00, 0.16, 101, 59, 85, 53.2, , 1
C, reverse-complement, 15,  3.24, 1.16, 1.09, 0.00, 0.16, 100, 64, 80, 53.2, , 1
C, reverse-complement, 15,  3.31, 1.19, 1.12, 0.00, 0.16, 98, 64, 77, 53.2, , 1
C, reverse-complement, 15,  3.29, 1.24, 1.17, 0.00, 0.16, 99, 60, 80, 54.5, , 1
C, reverse-complement, 15,  3.17, 1.17, 1.10, 0.00, 0.16, 99, 64, 76, 49.8, , 1
C, reverse-complement, 15,  3.27, 1.17, 1.10, 0.00, 0.16, 101, 58, 85, 49.8, , 1
C, reverse-complement, 15,  3.32, 1.22, 1.14, 0.00, 0.16, 100, 63, 80, 49.8, , 1
C, reverse-complement, 15,  3.33, 1.16, 1.10, 0.00, 0.16, 102, 60, 86, 49.8, , 1
C, spectral-norm, 15,  14.30, 6.20, 6.06, 0.00, 0.21, 414, 1653, 1, 49.8, , 1
C, spectral-norm, 15,  14.35, 6.20, 6.06, 0.00, 0.21, 414, 1650, 0, 49.8, , 1
C, spectral-norm, 15,  14.42, 6.22, 6.07, 0.00, 0.21, 414, 1655, 0, 55.2, , 1
C, spectral-norm, 15,  14.40, 6.22, 6.07, 0.00, 0.21, 414, 1653, 0, 50.0, , 1
C, spectral-norm, 15,  14.36, 6.22, 6.08, 0.00, 0.21, 415, 1657, 0, 50.0, , 1
C, spectral-norm, 15,  14.54, 6.24, 6.08, 0.00, 0.21, 415, 1658, 0, 55.8, , 1
C, spectral-norm, 15,  14.36, 6.20, 6.07, 0.00, 0.21, 414, 1653, 1, 49.8, , 1
C, spectral-norm, 15,  14.35, 6.21, 6.07, 0.00, 0.21, 414, 1653, 2, 49.8, , 1
C, spectral-norm, 15,  14.48, 6.23, 6.08, 0.00, 0.21, 415, 1656, 1, 55.2, , 1
C, spectral-norm, 15,  14.47, 6.22, 6.08, 0.00, 0.21, 415, 1656, 1, 49.8, , 1
C, spectral-norm, 15,  14.35, 6.22, 6.07, 0.00, 0.21, 414, 1653, 0, 49.8, , 1
C, spectral-norm, 15,  14.42, 6.23, 6.08, 0.00, 0.22, 415, 1659, 0, 55.2, , 1
C, spectral-norm, 15,  14.58, 6.24, 6.09, 0.00, 0.22, 415, 1657, 0, 50.0, , 1
C, spectral-norm, 15,  14.38, 6.20, 6.06, 0.00, 0.21, 414, 1651, 0, 50.0, , 1
C, spectral-norm, 15,  14.30, 6.20, 6.07, 0.00, 0.21, 414, 1654, 1, 55.0, , 1
C, spectral-norm, 15,  14.38, 6.22, 6.07, 0.00, 0.21, 414, 1653, 0, 50.2, , 1
C, spectral-norm, 15,  14.45, 6.22, 6.08, 0.00, 0.21, 415, 1656, 1, 50.2, , 1
C, spectral-norm, 15,  14.29, 6.23, 6.08, 0.00, 0.21, 415, 1657, 0, 55.5, , 1
C, spectral-norm, 15,  14.50, 6.22, 6.08, 0.00, 0.21, 415, 1658, 0, 49.5, , 1
C, spectral-norm, 15,  14.44, 6.23, 6.08, 0.00, 0.21, 415, 1656, 1, 49.5, , 1
C++, binary-trees, 15,  37.73, 15.36, 14.79, 0.00, 1.22, 1098, 3655, 173, 55.2, , 1
C++, binary-trees, 15,  36.96, 15.03, 14.47, 0.00, 1.21, 1061, 3573, 145, 55.5, , 1
C++, binary-trees, 15,  36.67, 14.86, 14.29, 0.00, 1.21, 1064, 3574, 141, 54.5, , 1
C++, binary-trees, 15,  37.89, 15.38, 14.81, 0.00, 1.20, 1099, 3651, 190, 55.2, , 1
C++, binary-trees, 15,  37.88, 15.59, 14.95, 0.00, 1.31, 1075, 3643, 160, 54.8, , 1
C++, binary-trees, 15,  36.57, 14.90, 14.32, 0.00, 1.20, 1054, 3573, 119, 54.5, , 1
C++, binary-trees, 15,  37.65, 15.23, 14.59, 0.00, 1.31, 1089, 3652, 172, 55.2, , 1
C++, binary-trees, 15,  36.99, 14.95, 14.39, 0.00, 1.26, 1070, 3632, 135, 55.0, , 1
C++, binary-trees, 15,  35.96, 14.51, 13.95, 0.00, 1.20, 1046, 3544, 113, 55.0, , 1
C++, binary-trees, 15,  36.47, 14.74, 14.19, 0.00, 1.24, 1056, 3583, 125, 55.0, , 1
C++, binary-trees, 15,  36.26, 14.70, 14.14, 0.00, 1.23, 1046, 3542, 135, 55.5, , 1
C++, binary-trees, 15,  38.59, 15.68, 15.02, 0.00, 1.35, 1117, 3688, 207, 55.0, , 1
C++, binary-trees, 15,  37.33, 15.29, 14.72, 0.00, 1.20, 1085, 3619, 176, 54.5, , 1
C++, binary-trees, 15,  37.63, 15.43, 14.85, 0.00, 1.20, 1098, 3649, 185, 54.2, , 1
C++, binary-trees, 15,  36.28, 14.89, 14.33, 0.00, 1.25, 1040, 3575, 115, 55.0, , 1
C++, binary-trees, 15,  36.10, 14.64, 14.07, 0.00, 1.21, 1046, 3582, 93, 54.5, , 1
C++, binary-trees, 15,  37.29, 15.24, 14.67, 0.00, 1.20, 1082, 3626, 162, 54.8, , 1
C++, binary-trees, 15,  37.73, 15.31, 14.66, 0.00, 1.32, 1089, 3669, 160, 54.5, , 1
C++, binary-trees, 15,  37.51, 15.30, 14.72, 0.00, 1.20, 1090, 3639, 174, 54.8, , 1
C++, binary-trees, 15,  36.88, 15.08, 14.51, 0.00, 1.21, 1074, 3592, 150, 54.8, , 1
C++, fannkuch-redux, 15,  151.34, 65.32, 63.75, 0.00, 2.23, 4365, 17335, 1, 56.0, , 1
C++, fannkuch-redux, 15,  151.43, 65.21, 63.66, 0.00, 2.22, 4359, 17310, 2, 55.5, , 1
C++, fannkuch-redux, 15,  151.50, 65.30, 63.74, 0.00, 2.23, 4364, 17330, 0, 55.5, , 1
C++, fannkuch-redux, 15,  151.99, 65.29, 63.73, 0.00, 2.23, 4363, 17330, 0, 56.5, , 1
C++, fannkuch-redux, 15,  152.18, 65.29, 63.73, 0.00, 2.23, 4363, 17327, 0, 56.8, , 1
C++, fannkuch-redux, 15,  151.77, 65.33, 63.77, 0.00, 2.23, 4366, 17340, 0, 56.2, , 1
C++, fannkuch-redux, 15,  151.55, 65.23, 63.67, 0.00, 2.23, 4359, 17310, 1, 56.5, , 1
C++, fannkuch-redux, 15,  151.12, 65.30, 63.75, 0.00, 2.23, 4364, 17331, 1, 56.0, , 1
C++, fannkuch-redux, 15,  151.01, 65.28, 63.72, 0.00, 2.23, 4362, 17324, 0, 56.8, , 1
C++, fannkuch-redux, 15,  151.52, 65.25, 63.70, 0.00, 2.23, 4361, 17321, 1, 56.2, , 1
C++, fannkuch-redux, 15,  151.32, 65.29, 63.74, 0.00, 2.23, 4364, 17326, 2, 56.5, , 1
C++, fannkuch-redux, 15,  152.09, 65.20, 63.64, 0.00, 2.23, 4357, 17295, 0, 56.2, , 1
C++, fannkuch-redux, 15,  152.23, 65.20, 63.64, 0.00, 2.23, 4358, 17299, 1, 56.0, , 1
C++, fannkuch-redux, 15,  151.61, 65.22, 63.66, 0.00, 2.23, 4359, 17307, 0, 56.8, , 1
C++, fannkuch-redux, 15,  152.55, 65.25, 63.70, 0.00, 2.23, 4361, 17316, 1, 56.8, , 1
C++, fannkuch-redux, 15,  152.38, 65.27, 63.71, 0.00, 2.23, 4362, 17321, 1, 56.8, , 1
C++, fannkuch-redux, 15,  152.60, 65.19, 63.64, 0.00, 2.22, 4357, 17302, 1, 56.8, , 1
C++, fannkuch-redux, 15,  151.98, 65.28, 63.73, 0.00, 2.23, 4363, 17323, 0, 56.5, , 1
C++, fannkuch-redux, 15,  151.71, 65.28, 63.71, 0.00, 2.23, 4362, 17322, 0, 56.5, , 1
C++, fannkuch-redux, 15,  151.76, 65.27, 63.72, 0.00, 2.23, 4363, 17325, 0, 57.0, , 1
C++, fasta, 15,  22.38, 9.39, 9.16, 0.00, 0.34, 659, 1308, 3, 51.2, , 1
C++, fasta, 15,  22.54, 9.41, 9.16, 0.00, 0.34, 659, 1301, 10, 55.8, , 1
C++, fasta, 15,  22.37, 9.39, 9.15, 0.00, 0.34, 658, 1310, 1, 50.8, , 1
C++, fasta, 15,  22.54, 9.46, 9.23, 0.00, 0.34, 658, 1305, 5, 56.5, , 1
C++, fasta, 15,  22.41, 9.42, 9.19, 0.00, 0.34, 659, 1308, 4, 51.0, , 1
C++, fasta, 15,  22.47, 9.44, 9.20, 0.00, 0.34, 659, 1305, 8, 56.2, , 1
C++, fasta, 15,  22.38, 9.39, 9.15, 0.00, 0.34, 659, 1307, 5, 50.8, , 1
C++, fasta, 15,  22.48, 9.44, 9.20, 0.00, 0.34, 659, 1307, 5, 56.0, , 1
C++, fasta, 15,  22.30, 9.41, 9.17, 0.00, 0.34, 659, 1304, 8, 50.8, , 1
C++, fasta, 15,  22.58, 9.45, 9.22, 0.00, 0.34, 658, 1305, 5, 55.8, , 1
C++, fasta, 15,  22.56, 9.48, 9.24, 0.00, 0.34, 659, 1303, 9, 50.8, , 1
C++, fasta, 15,  22.45, 9.42, 9.18, 0.00, 0.34, 659, 1304, 8, 56.2, , 1
C++, fasta, 15,  22.30, 9.46, 9.24, 0.00, 0.34, 659, 1304, 7, 50.8, , 1
C++, fasta, 15,  22.43, 9.47, 9.23, 0.00, 0.34, 658, 1303, 7, 56.0, , 1
C++, fasta, 15,  22.37, 9.45, 9.21, 0.00, 0.34, 659, 1304, 8, 50.8, , 1
C++, fasta, 15,  22.46, 9.57, 9.32, 0.00, 0.34, 662, 1308, 9, 55.8, , 1
C++, fasta, 15,  22.40, 9.48, 9.25, 0.00, 0.34, 659, 1301, 11, 50.2, , 1
C++, fasta, 15,  22.49, 9.53, 9.31, 0.00, 0.34, 659, 1309, 3, 55.8, , 1
C++, fasta, 15,  22.30, 9.43, 9.19, 0.00, 0.34, 659, 1303, 7, 50.5, , 1
C++, fasta, 15,  22.46, 9.47, 9.24, 0.00, 0.34, 659, 1304, 7, 56.0, , 1
C++, k-nucleotide, 15,  70.41, 27.38, 25.75, 0.00, 3.81, 1954, 6068, 167, 55.8, , 1
C++, k-nucleotide, 15,  70.22, 27.31, 25.70, 0.00, 3.78, 1952, 6071, 162, 55.5, , 1
C++, k-nucleotide, 15,  70.13, 27.25, 25.62, 0.00, 3.77, 1945, 6068, 156, 56.0, , 1
C++, k-nucleotide, 15,  69.87, 27.23, 25.63, 0.00, 3.75, 1939, 6060, 164, 56.2, , 1
C++, k-nucleotide, 15,  70.08, 27.35, 25.73, 0.00, 3.77, 1949, 6084, 160, 55.8, , 1
C++, k-nucleotide, 15,  70.83, 27.63, 25.98, 0.00, 3.86, 1971, 6174, 156, 56.2, , 1
C++, k-nucleotide, 15,  70.33, 27.50, 25.87, 0.00, 3.81, 1956, 6147, 146, 55.5, , 1
C++, k-nucleotide, 15,  70.23, 27.39, 25.76, 0.00, 3.81, 1952, 6094, 159, 55.8, , 1
C++, k-nucleotide, 15,  69.94, 27.24, 25.61, 0.00, 3.78, 1944, 6065, 157, 55.8, , 1
C++, k-nucleotide, 15,  70.08, 27.23, 25.61, 0.00, 3.77, 1951, 6081, 159, 55.5, , 1
C++, k-nucleotide, 15,  70.05, 27.28, 25.65, 0.00, 3.80, 1952, 6111, 145, 55.8, , 1
C++, k-nucleotide, 15,  69.88, 27.10, 25.48, 0.00, 3.76, 1946, 6080, 146, 56.0, , 1
C++, k-nucleotide, 15,  70.47, 27.42, 25.80, 0.00, 3.79, 1937, 6088, 161, 55.5, , 1
C++, k-nucleotide, 15,  70.52, 27.28, 25.65, 0.00, 3.80, 1961, 6096, 162, 56.2, , 1
C++, k-nucleotide, 15,  71.87, 27.84, 26.17, 0.00, 3.93, 1997, 6223, 132, 55.5, , 1
C++, k-nucleotide, 15,  69.86, 27.16, 25.55, 0.00, 3.77, 1945, 6031, 165, 55.5, , 1
C++, k-nucleotide, 15,  71.25, 27.69, 26.03, 0.00, 3.89, 1978, 6199, 142, 56.0, , 1
C++, k-nucleotide, 15,  69.72, 27.03, 25.42, 0.00, 3.76, 1936, 6058, 143, 55.5, , 1
C++, k-nucleotide, 15,  70.23, 27.34, 25.70, 0.00, 3.82, 1956, 6090, 161, 55.5, , 1
C++, k-nucleotide, 15,  71.13, 27.40, 25.75, 0.00, 3.87, 1969, 6156, 141, 55.2, , 1
C++, mandelbrot, 15,  33.78, 14.48, 14.13, 0.00, 0.51, 973, 3812, 11, 55.5, , 1
C++, mandelbrot, 15,  33.75, 14.50, 14.16, 0.00, 0.51, 974, 3813, 19, 55.2, , 1
C++, mandelbrot, 15,  33.80, 14.50, 14.16, 0.00, 0.50, 974, 3815, 16, 55.8, , 1
C++, mandelbrot, 15,  33.81, 14.50, 14.16, 0.00, 0.51, 974, 3812, 19, 50.5, , 1
C++, mandelbrot, 15,  33.84, 14.49, 14.14, 0.00, 0.51, 974, 3811, 19, 55.0, , 1
C++, mandelbrot, 15,  33.84, 14.51, 14.16, 0.00, 0.51, 974, 3818, 14, 55.2, , 1
C++, mandelbrot, 15,  33.68, 14.53, 14.18, 0.00, 0.51, 976, 3813, 25, 55.0, , 1
C++, mandelbrot, 15,  34.19, 14.24, 13.87, 0.00, 0.53, 1024, 4015, 16, 55.0, , 1
C++, mandelbrot, 15,  34.12, 14.25, 13.87, 0.00, 0.53, 1018, 3988, 18, 55.0, , 1
C++, mandelbrot, 15,  33.74, 14.45, 14.11, 0.00, 0.50, 971, 3804, 16, 51.8, , 1
C++, mandelbrot, 15,  33.76, 14.47, 14.12, 0.00, 0.50, 971, 3804, 17, 50.0, , 1
C++, mandelbrot, 15,  33.76, 14.49, 14.14, 0.00, 0.51, 973, 3814, 14, 56.0, , 1
C++, mandelbrot, 15,  34.27, 14.25, 13.88, 0.00, 0.53, 1024, 4018, 16, 55.2, , 1
C++, mandelbrot, 15,  33.70, 14.51, 14.15, 0.00, 0.51, 974, 3813, 18, 55.0, , 1
C++, mandelbrot, 15,  33.85, 14.50, 14.15, 0.00, 0.51, 974, 3817, 15, 55.0, , 1
C++, mandelbrot, 15,  33.76, 14.51, 14.16, 0.00, 0.51, 974, 3812, 14, 54.8, , 1
C++, mandelbrot, 15,  33.95, 14.50, 14.15, 0.00, 0.51, 974, 3803, 23, 55.2, , 1
C++, mandelbrot, 15,  33.72, 14.51, 14.16, 0.00, 0.51, 975, 3814, 16, 50.0, , 1
C++, mandelbrot, 15,  34.00, 14.48, 14.13, 0.00, 0.51, 972, 3802, 21, 55.5, , 1
C++, mandelbrot, 15,  33.73, 14.50, 14.14, 0.00, 0.51, 973, 3799, 25, 49.8, , 1
C++, n-body, 15,  53.57, 20.24, 19.64, 0.00, 0.88, 1715, 1715, 0, 54.8, , 1
C++, n-body, 15,  53.81, 20.29, 19.67, 0.00, 0.88, 1717, 1716, 0, 55.0, , 1
C++, n-body, 15,  53.71, 20.27, 19.66, 0.00, 0.88, 1716, 1715, 1, 54.8, , 1
C++, n-body, 15,  53.51, 20.07, 19.45, 0.00, 0.88, 1715, 1715, 0, 54.8, , 1
C++, n-body, 15,  53.51, 20.17, 19.56, 0.00, 0.88, 1714, 1713, 1, 54.5, , 1
C++, n-body, 15,  53.62, 20.13, 19.51, 0.00, 0.88, 1716, 1714, 0, 55.0, , 1
C++, n-body, 15,  53.81, 20.14, 19.53, 0.00, 0.88, 1714, 1712, 0, 55.0, , 1
C++, n-body, 15,  53.80, 20.08, 19.47, 0.00, 0.88, 1715, 1715, 0, 54.8, , 1
C++, n-body, 15,  53.65, 20.19, 19.58, 0.00, 0.88, 1714, 1713, 0, 54.2, , 1
C++, n-body, 15,  53.85, 20.28, 19.67, 0.00, 0.88, 1715, 1714, 1, 54.8, , 1
C++, n-body, 15,  53.77, 20.27, 19.65, 0.00, 0.88, 1718, 1717, 0, 55.0, , 1
C++, n-body, 15,  53.68, 20.18, 19.57, 0.00, 0.88, 1713, 1712, 0, 55.0, , 1
C++, n-body, 15,  53.11, 20.25, 19.64, 0.00, 0.88, 1713, 1712, 0, 54.8, , 1
C++, n-body, 15,  53.53, 20.37, 19.76, 0.00, 0.88, 1719, 1719, 0, 54.5, , 1
C++, n-body, 15,  53.60, 20.31, 19.70, 0.00, 0.88, 1717, 1715, 2, 54.2, , 1
C++, n-body, 15,  53.62, 20.38, 19.77, 0.00, 0.88, 1714, 1713, 0, 55.2, , 1
C++, n-body, 15,  53.56, 20.42, 19.80, 0.00, 0.88, 1715, 1714, 0, 54.8, , 1
C++, n-body, 15,  53.58, 20.30, 19.70, 0.00, 0.88, 1714, 1714, 0, 54.2, , 1
C++, n-body, 15,  53.77, 20.29, 19.68, 0.00, 0.88, 1714, 1713, 0, 54.8, , 1
C++, n-body, 15,  53.55, 20.27, 19.65, 0.00, 0.88, 1714, 1713, 0, 54.5, , 1
C++, regex-redux, 15,  37.39, 14.90, 14.45, 0.00, 0.89, 1121, 2168, 175, 54.8, , 1
C++, regex-redux, 15,  35.24, 14.19, 13.75, 0.00, 0.84, 1053, 2224, 164, 54.2, , 1
C++, regex-redux, 15,  35.20, 14.12, 13.68, 0.00, 0.84, 1047, 2240, 169, 54.2, , 1
C++, regex-redux, 15,  37.76, 15.05, 14.59, 0.00, 0.90, 1130, 2181, 171, 54.8, , 1
C++, regex-redux, 15,  37.87, 15.11, 14.65, 0.00, 0.90, 1131, 2199, 167, 54.2, , 1
C++, regex-redux, 15,  37.42, 14.89, 14.43, 0.00, 0.89, 1124, 2194, 162, 55.2, , 1
C++, regex-redux, 15,  36.71, 14.62, 14.18, 0.00, 0.89, 1094, 2202, 170, 54.2, , 1
C++, regex-redux, 15,  36.64, 14.45, 14.00, 0.00, 0.87, 1091, 2176, 180, 54.8, , 1
C++, regex-redux, 15,  37.37, 14.92, 14.47, 0.00, 0.89, 1120, 2192, 164, 54.5, , 1
C++, regex-redux, 15,  37.69, 15.00, 14.53, 0.00, 0.90, 1131, 2173, 163, 55.0, , 1
C++, regex-redux, 15,  37.12, 14.79, 14.34, 0.00, 0.89, 1108, 2184, 165, 54.0, , 1
C++, regex-redux, 15,  37.29, 14.81, 14.35, 0.00, 0.88, 1110, 2168, 186, 54.5, , 1
C++, regex-redux, 15,  37.00, 14.65, 14.19, 0.00, 0.88, 1101, 2191, 169, 54.2, , 1
C++, regex-redux, 15,  37.87, 14.99, 14.53, 0.00, 0.90, 1124, 2172, 184, 54.5, , 1
C++, regex-redux, 15,  37.69, 15.00, 14.54, 0.00, 0.90, 1127, 2192, 162, 55.0, , 1
C++, regex-redux, 15,  35.91, 14.17, 13.73, 0.00, 0.86, 1068, 2222, 169, 55.0, , 1
C++, regex-redux, 15,  37.51, 14.93, 14.47, 0.00, 0.90, 1124, 2168, 179, 54.5, , 1
C++, regex-redux, 15,  35.66, 14.14, 13.70, 0.00, 0.85, 1054, 2232, 173, 54.5, , 1
C++, regex-redux, 15,  37.35, 14.71, 14.25, 0.00, 0.88, 1114, 2190, 156, 54.8, , 1
C++, regex-redux, 15,  37.75, 15.09, 14.63, 0.00, 0.89, 1131, 2190, 167, 54.5, , 1
C++, reverse-complement, 15,  4.86, 1.81, 1.71, 0.00, 0.21, 149, 63, 85, 49.5, , 1
C++, reverse-complement, 15,  4.87, 1.82, 1.72, 0.00, 0.21, 151, 69, 82, 49.5, , 1
C++, reverse-complement, 15,  5.00, 1.81, 1.73, 0.00, 0.21, 150, 68, 81, 49.5, , 1
C++, reverse-complement, 15,  4.92, 1.83, 1.73, 0.00, 0.21, 150, 68, 81, 49.5, , 1
C++, reverse-complement, 15,  4.97, 1.83, 1.72, 0.00, 0.21, 150, 67, 83, 49.5, , 1
C++, reverse-complement, 15,  4.88, 1.79, 1.70, 0.00, 0.21, 150, 67, 83, 54.8, , 1
C++, reverse-complement, 15,  5.01, 1.81, 1.71, 0.00, 0.21, 149, 70, 78, 49.8, , 1
C++, reverse-complement, 15,  4.90, 1.83, 1.73, 0.00, 0.21, 149, 67, 82, 49.8, , 1
C++, reverse-complement, 15,  4.86, 1.82, 1.73, 0.00, 0.21, 150, 66, 83, 49.8, , 1
C++, reverse-complement, 15,  4.98, 1.85, 1.75, 0.00, 0.21, 150, 71, 78, 49.8, , 1
C++, reverse-complement, 15,  4.91, 1.78, 1.69, 0.00, 0.21, 151, 67, 83, 49.8, , 1
C++, reverse-complement, 15,  4.95, 1.84, 1.74, 0.00, 0.21, 150, 71, 78, 55.0, , 1
C++, reverse-complement, 15,  4.84, 1.81, 1.72, 0.00, 0.21, 150, 66, 83, 49.8, , 1
C++, reverse-complement, 15,  4.93, 1.81, 1.72, 0.00, 0.21, 150, 65, 84, 49.8, , 1
C++, reverse-complement, 15,  4.92, 1.82, 1.72, 0.00, 0.21, 150, 68, 82, 49.8, , 1
C++, reverse-complement, 15,  4.88, 1.80, 1.70, 0.00, 0.21, 149, 62, 86, 49.8, , 1
C++, reverse-complement, 15,  4.94, 1.81, 1.71, 0.00, 0.21, 149, 58, 91, 49.8, , 1
C++, reverse-complement, 15,  5.06, 1.82, 1.72, 0.00, 0.21, 150, 67, 83, 54.8, , 1
C++, reverse-complement, 15,  5.02, 1.87, 1.77, 0.00, 0.22, 157, 75, 81, 49.5, , 1
C++, reverse-complement, 15,  4.84, 1.80, 1.71, 0.00, 0.21, 149, 67, 82, 49.5, , 1
C++, spectral-norm, 15,  14.86, 6.38, 6.23, 0.00, 0.22, 425, 1698, 0, 50.0, , 1
C++, spectral-norm, 15,  14.93, 6.40, 6.25, 0.00, 0.22, 427, 1704, 0, 50.0, , 1
C++, spectral-norm, 15,  14.82, 6.40, 6.25, 0.00, 0.22, 427, 1706, 0, 54.8, , 1
C++, spectral-norm, 15,  14.95, 6.41, 6.26, 0.00, 0.22, 427, 1706, 0, 49.5, , 1
C++, spectral-norm, 15,  14.94, 6.42, 6.27, 0.00, 0.22, 428, 1707, 2, 49.5, , 1
C++, spectral-norm, 15,  14.88, 6.38, 6.23, 0.00, 0.22, 426, 1699, 0, 55.0, , 1
C++, spectral-norm, 15,  14.89, 6.40, 6.25, 0.00, 0.22, 427, 1703, 0, 50.0, , 1
C++, spectral-norm, 15,  14.91, 6.40, 6.25, 0.00, 0.22, 427, 1706, 0, 50.0, , 1
C++, spectral-norm, 15,  14.97, 6.41, 6.27, 0.00, 0.22, 428, 1709, 0, 55.0, , 1
C++, spectral-norm, 15,  14.71, 6.41, 6.25, 0.00, 0.22, 427, 1705, 1, 49.5, , 1
C++, spectral-norm, 15,  14.93, 6.41, 6.26, 0.00, 0.22, 428, 1707, 1, 49.5, , 1
C++, spectral-norm, 15,  14.81, 6.40, 6.25, 0.00, 0.22, 427, 1705, 0, 55.5, , 1
C++, spectral-norm, 15,  14.77, 6.40, 6.25, 0.00, 0.22, 427, 1704, 0, 49.8, , 1
C++, spectral-norm, 15,  14.79, 6.40, 6.25, 0.00, 0.22, 427, 1705, 0, 49.8, , 1
C++, spectral-norm, 15,  14.96, 6.43, 6.27, 0.00, 0.22, 429, 1706, 4, 55.2, , 1
C++, spectral-norm, 15,  14.85, 6.38, 6.23, 0.00, 0.22, 426, 1699, 0, 49.5, , 1
C++, spectral-norm, 15,  14.79, 6.41, 6.26, 0.00, 0.22, 427, 1706, 1, 49.5, , 1
C++, spectral-norm, 15,  15.02, 6.44, 6.28, 0.00, 0.22, 429, 1711, 0, 55.2, , 1
C++, spectral-norm, 15,  14.83, 6.37, 6.22, 0.00, 0.22, 426, 1699, 0, 50.0, , 1
C++, spectral-norm, 15,  14.86, 6.41, 6.27, 0.00, 0.22, 428, 1709, 1, 50.0, , 1
Java, binary-trees, 15,  89.02, 35.09, 32.75, 0.00, 5.21, 2427, 6536, 1246, 54.8, , 1
Java, binary-trees, 15,  86.18, 33.90, 31.56, 0.00, 5.24, 2335, 6615, 876, 54.8, , 1
Java, binary-trees, 15,  91.33, 35.94, 33.57, 0.00, 5.28, 2489, 6691, 1301, 54.5, , 1
Java, binary-trees, 15,  89.21, 35.04, 32.68, 0.00, 5.24, 2430, 6577, 1286, 54.2, , 1
Java, binary-trees, 15,  91.01, 35.89, 33.52, 0.00, 5.27, 2479, 6686, 1327, 54.8, , 1
Java, binary-trees, 15,  86.33, 33.67, 31.33, 0.00, 5.26, 2320, 6544, 954, 54.8, , 1
Java, binary-trees, 15,  90.90, 35.91, 33.55, 0.00, 5.26, 2472, 6686, 1299, 54.8, , 1
Java, binary-trees, 15,  87.22, 34.05, 31.70, 0.00, 5.27, 2343, 6689, 927, 54.8, , 1
Java, binary-trees, 15,  84.93, 33.07, 30.75, 0.00, 5.21, 2290, 6507, 881, 54.8, , 1
Java, binary-trees, 15,  86.66, 33.84, 31.50, 0.00, 5.24, 2339, 6598, 925, 55.0, , 1
Java, binary-trees, 15,  85.31, 33.39, 31.06, 0.00, 5.24, 2304, 6559, 928, 54.8, , 1
Java, binary-trees, 15,  86.17, 33.84, 31.51, 0.00, 5.24, 2333, 6621, 877, 54.8, , 1
Java, binary-trees, 15,  91.17, 36.06, 33.69, 0.00, 5.27, 2484, 6660, 1341, 54.8, , 1
Java, binary-trees, 15,  85.90, 33.60, 31.26, 0.00, 5.23, 2323, 6614, 912, 55.5, , 1
Java, binary-trees, 15,  89.72, 35.39, 33.04, 0.00, 5.20, 2438, 6539, 1308, 55.2, , 1
Java, binary-trees, 15,  91.08, 35.91, 33.54, 0.00, 5.27, 2478, 6645, 1338, 55.0, , 1
Java, binary-trees, 15,  89.60, 35.24, 32.89, 0.00, 5.24, 2434, 6536, 1310, 55.0, , 1
Java, binary-trees, 15,  91.52, 36.02, 33.65, 0.00, 5.28, 2490, 6621, 1348, 55.0, , 1
Java, binary-trees, 15,  91.32, 36.09, 33.72, 0.00, 5.28, 2491, 6729, 1309, 55.5, , 1
Java, binary-trees, 15,  88.83, 34.95, 32.60, 0.00, 5.21, 2420, 6512, 1307, 54.8, , 1
Java, fannkuch-redux, 15,  380.95, 162.90, 158.99, 0.00, 5.58, 10913, 43136, 19, 54.8, , 1
Java, fannkuch-redux, 15,  380.08, 162.95, 159.04, 0.00, 5.58, 10906, 43148, 20, 56.2, , 1
Java, fannkuch-redux, 15,  393.05, 168.12, 164.10, 0.00, 5.76, 11256, 44486, 26, 55.2, , 1
Java, fannkuch-redux, 15,  376.18, 160.83, 156.98, 0.00, 5.51, 10772, 42552, 27, 56.0, , 1
Java, fannkuch-redux, 15,  371.76, 158.37, 154.58, 0.00, 5.43, 10601, 41740, 26, 55.8, , 1
Java, fannkuch-redux, 15,  376.26, 160.11, 156.27, 0.00, 5.49, 10719, 42338, 26, 56.0, , 1
Java, fannkuch-redux, 15,  374.53, 160.37, 156.53, 0.00, 5.49, 10735, 42406, 27, 56.0, , 1
Java, fannkuch-redux, 15,  372.00, 158.92, 155.09, 0.00, 5.45, 10639, 42060, 22, 56.2, , 1
Java, fannkuch-redux, 15,  397.51, 169.89, 165.80, 0.00, 5.82, 11375, 44947, 23, 56.8, , 1
Java, fannkuch-redux, 15,  409.26, 175.00, 170.80, 0.00, 5.99, 11706, 46353, 31, 57.5, , 1
Java, fannkuch-redux, 15,  384.29, 163.19, 159.28, 0.00, 5.59, 10929, 43190, 21, 56.8, , 1
Java, fannkuch-redux, 15,  375.52, 160.57, 156.73, 0.00, 5.50, 10749, 42518, 24, 56.5, , 1
Java, fannkuch-redux, 15,  380.71, 162.86, 158.94, 0.00, 5.58, 10903, 43060, 27, 55.2, , 1
Java, fannkuch-redux, 15,  381.83, 163.25, 159.33, 0.00, 5.59, 10927, 43214, 19, 57.2, , 1
Java, fannkuch-redux, 15,  390.75, 167.11, 163.10, 0.00, 5.73, 11191, 44192, 20, 56.5, , 1
Java, fannkuch-redux, 15,  389.58, 166.14, 162.16, 0.00, 5.69, 11113, 43977, 23, 57.0, , 1
Java, fannkuch-redux, 15,  374.98, 160.54, 156.69, 0.00, 5.50, 10746, 42494, 23, 57.2, , 1
Java, fannkuch-redux, 15,  405.45, 173.35, 169.19, 0.00, 5.94, 11602, 45855, 24, 57.5, , 1
Java, fannkuch-redux, 15,  373.21, 159.17, 155.36, 0.00, 5.46, 10658, 42147, 26, 57.0, , 1
Java, fannkuch-redux, 15,  376.67, 161.18, 157.33, 0.00, 5.52, 10783, 42602, 27, 57.5, , 1
Java, fasta, 15,  41.20, 17.43, 17.00, 0.00, 0.65, 1185, 3639, 38, 56.8, , 1
Java, fasta, 15,  40.94, 17.31, 16.89, 0.00, 0.64, 1176, 3631, 40, 57.5, , 1
Java, fasta, 15,  41.41, 17.50, 17.06, 0.00, 0.65, 1196, 3703, 48, 57.2, , 1
Java, fasta, 15,  41.60, 17.54, 17.09, 0.00, 0.66, 1199, 3735, 41, 56.8, , 1
Java, fasta, 15,  41.56, 17.57, 17.13, 0.00, 0.66, 1193, 3674, 66, 55.5, , 1
Java, fasta, 15,  41.64, 17.66, 17.23, 0.00, 0.66, 1209, 3772, 38, 56.8, , 1
Java, fasta, 15,  41.32, 17.29, 16.85, 0.00, 0.66, 1215, 3769, 43, 57.2, , 1
Java, fasta, 15,  41.44, 17.50, 17.06, 0.00, 0.65, 1188, 3680, 53, 57.0, , 1
Java, fasta, 15,  41.04, 17.37, 16.94, 0.00, 0.66, 1190, 3645, 49, 55.5, , 1
Java, fasta, 15,  40.72, 17.20, 16.78, 0.00, 0.64, 1185, 3625, 44, 56.5, , 1
Java, fasta, 15,  41.42, 17.54, 17.10, 0.00, 0.65, 1199, 3747, 40, 57.0, , 1
Java, fasta, 15,  40.98, 17.28, 16.86, 0.00, 0.66, 1198, 3697, 41, 56.8, , 1
Java, fasta, 15,  41.20, 17.40, 16.96, 0.00, 0.65, 1196, 3723, 37, 56.8, , 1
Java, fasta, 15,  41.79, 17.80, 17.37, 0.00, 0.66, 1207, 3732, 38, 56.8, , 1
Java, fasta, 15,  41.52, 17.60, 17.17, 0.00, 0.65, 1199, 3740, 41, 56.5, , 1
Java, fasta, 15,  41.29, 17.50, 17.08, 0.00, 0.66, 1194, 3699, 39, 56.5, , 1
Java, fasta, 15,  41.41, 17.66, 17.23, 0.00, 0.66, 1199, 3699, 35, 56.2, , 1
Java, fasta, 15,  41.25, 17.60, 17.16, 0.00, 0.65, 1194, 3699, 40, 56.5, , 1
Java, fasta, 15,  41.03, 17.39, 16.97, 0.00, 0.65, 1184, 3648, 59, 56.5, , 1
Java, fasta, 15,  41.61, 17.55, 17.12, 0.00, 0.66, 1200, 3711, 35, 56.5, , 1
Java, k-nucleotide, 15,  171.50, 70.57, 68.68, 0.00, 4.19, 4909, 16713, 198, 56.0, , 1
Java, k-nucleotide, 15,  173.45, 71.16, 69.25, 0.00, 4.25, 4936, 16912, 204, 55.8, , 1
Java, k-nucleotide, 15,  171.32, 70.44, 68.57, 0.00, 4.20, 4871, 16695, 177, 55.8, , 1
Java, k-nucleotide, 15,  171.22, 70.72, 68.82, 0.00, 4.21, 4891, 16731, 174, 55.2, , 1
Java, k-nucleotide, 15,  171.66, 71.11, 69.22, 0.00, 4.21, 4908, 16875, 190, 55.5, , 1
Java, k-nucleotide, 15,  173.72, 71.65, 69.73, 0.00, 4.28, 4963, 17009, 194, 56.5, , 1
Java, k-nucleotide, 15,  165.91, 68.60, 66.76, 0.00, 4.13, 4740, 16109, 186, 57.0, , 1
Java, k-nucleotide, 15,  166.44, 68.81, 66.96, 0.00, 4.12, 4761, 16158, 201, 55.5, , 1
Java, k-nucleotide, 15,  173.04, 71.37, 69.47, 0.00, 4.20, 4930, 16874, 176, 55.8, , 1
Java, k-nucleotide, 15,  172.29, 70.98, 69.08, 0.00, 4.22, 4904, 16746, 207, 55.5, , 1
Java, k-nucleotide, 15,  172.60, 70.95, 69.05, 0.00, 4.15, 4907, 16873, 184, 55.2, , 1
Java, k-nucleotide, 15,  172.55, 70.80, 68.89, 0.00, 4.19, 4898, 16838, 196, 56.0, , 1
Java, k-nucleotide, 15,  171.77, 70.68, 68.79, 0.00, 4.16, 4883, 16738, 195, 55.5, , 1
Java, k-nucleotide, 15,  172.64, 71.10, 69.20, 0.00, 4.23, 4916, 16844, 209, 55.8, , 1
Java, k-nucleotide, 15,  172.10, 70.96, 69.07, 0.00, 4.18, 4923, 16814, 214, 54.5, , 1
Java, k-nucleotide, 15,  171.95, 70.92, 69.03, 0.00, 4.16, 4898, 16797, 190, 55.8, , 1
Java, k-nucleotide, 15,  173.20, 71.26, 69.34, 0.00, 4.25, 4957, 16875, 207, 55.5, , 1
Java, k-nucleotide, 15,  169.10, 69.82, 67.95, 0.00, 4.16, 4834, 16519, 184, 55.8, , 1
Java, k-nucleotide, 15,  172.13, 70.86, 68.97, 0.00, 4.21, 4902, 16812, 216, 56.8, , 1
Java, k-nucleotide, 15,  172.27, 70.68, 68.77, 0.00, 4.23, 4927, 16745, 236, 54.5, , 1
Java, mandelbrot, 15,  142.44, 60.52, 59.05, 0.00, 2.15, 4082, 16034, 66, 57.2, , 1
Java, mandelbrot, 15,  142.42, 60.36, 58.90, 0.00, 2.14, 4067, 15994, 58, 57.0, , 1
Java, mandelbrot, 15,  142.68, 60.25, 58.78, 0.00, 2.17, 4111, 16147, 71, 57.5, , 1
Java, mandelbrot, 15,  142.27, 60.34, 58.88, 0.00, 2.13, 4068, 16004, 53, 55.8, , 1
Java, mandelbrot, 15,  142.37, 60.76, 59.29, 0.00, 2.15, 4086, 16068, 77, 57.5, , 1
Java, mandelbrot, 15,  140.66, 60.14, 58.69, 0.00, 2.13, 4050, 15921, 66, 57.0, , 1
Java, mandelbrot, 15,  140.82, 60.18, 58.72, 0.00, 2.13, 4040, 15910, 58, 57.2, , 1
Java, mandelbrot, 15,  142.02, 60.46, 58.98, 0.00, 2.15, 4076, 16042, 61, 57.8, , 1
Java, mandelbrot, 15,  142.22, 60.63, 59.17, 0.00, 2.14, 4074, 16035, 59, 56.5, , 1
Java, mandelbrot, 15,  141.52, 60.38, 58.91, 0.00, 2.14, 4054, 15952, 51, 57.5, , 1
Java, mandelbrot, 15,  137.02, 58.36, 56.95, 0.00, 2.08, 3945, 15505, 68, 57.5, , 1
Java, mandelbrot, 15,  142.06, 60.56, 59.09, 0.00, 2.14, 4067, 16015, 58, 57.0, , 1
Java, mandelbrot, 15,  138.89, 59.07, 57.64, 0.00, 2.10, 3980, 15615, 60, 56.8, , 1
Java, mandelbrot, 15,  138.17, 58.72, 57.29, 0.00, 2.08, 3961, 15575, 64, 57.2, , 1
Java, mandelbrot, 15,  141.63, 60.20, 58.73, 0.00, 2.14, 4067, 16010, 58, 57.8, , 1
Java, mandelbrot, 15,  141.25, 60.11, 58.65, 0.00, 2.14, 4074, 16019, 66, 57.0, , 1
Java, mandelbrot, 15,  140.94, 60.23, 58.77, 0.00, 2.13, 4050, 15945, 56, 57.0, , 1
Java, mandelbrot, 15,  137.95, 58.79, 57.36, 0.00, 2.08, 3948, 15519, 68, 57.2, , 1
Java, mandelbrot, 15,  141.53, 60.29, 58.83, 0.00, 2.14, 4064, 16011, 54, 57.5, , 1
Java, mandelbrot, 15,  137.83, 58.51, 57.07, 0.00, 2.09, 3973, 15616, 73, 56.8, , 1
Java, n-body, 15,  116.01, 44.95, 43.50, 0.00, 2.08, 4049, 4048, 25, 56.2, , 1
Java, n-body, 15,  115.52, 44.82, 43.36, 0.00, 2.09, 4053, 4062, 15, 55.5, , 1
Java, n-body, 15,  115.65, 44.67, 43.23, 0.00, 2.08, 4038, 4039, 22, 54.5, , 1
Java, n-body, 15,  115.72, 44.61, 43.15, 0.00, 2.08, 4032, 4040, 16, 55.8, , 1
Java, n-body, 15,  116.25, 44.91, 43.46, 0.00, 2.08, 4049, 4053, 18, 55.8, , 1
Java, n-body, 15,  116.21, 44.87, 43.42, 0.00, 2.09, 4053, 4059, 16, 56.0, , 1
Java, n-body, 15,  116.06, 45.06, 43.61, 0.00, 2.08, 4048, 4054, 17, 55.8, , 1
Java, n-body, 15,  115.24, 45.13, 43.69, 0.00, 2.07, 4027, 4037, 13, 56.2, , 1
Java, n-body, 15,  115.35, 45.04, 43.59, 0.00, 2.07, 4026, 4034, 17, 56.0, , 1
Java, n-body, 15,  115.59, 45.31, 43.85, 0.00, 2.08, 4049, 4048, 24, 55.0, , 1
Java, n-body, 15,  115.13, 45.05, 43.59, 0.00, 2.09, 4056, 4059, 17, 54.2, , 1
Java, n-body, 15,  114.93, 45.02, 43.57, 0.00, 2.09, 4052, 4060, 17, 56.0, , 1
Java, n-body, 15,  114.83, 45.35, 43.90, 0.00, 2.08, 4029, 4030, 22, 55.0, , 1
Java, n-body, 15,  114.96, 45.34, 43.88, 0.00, 2.09, 4054, 4065, 13, 55.2, , 1
Java, n-body, 15,  115.61, 45.26, 43.81, 0.00, 2.09, 4050, 4054, 19, 55.0, , 1
Java, n-body, 15,  115.68, 44.95, 43.50, 0.00, 2.08, 4030, 4037, 16, 54.8, , 1
Java, n-body, 15,  115.17, 44.74, 43.29, 0.00, 2.08, 4031, 4041, 14, 54.5, , 1
Java, n-body, 15,  116.00, 45.00, 43.55, 0.00, 2.09, 4054, 4054, 23, 54.8, , 1
Java, n-body, 15,  114.78, 44.56, 43.12, 0.00, 2.08, 4030, 4039, 14, 55.0, , 1
Java, n-body, 15,  115.21, 44.84, 43.38, 0.00, 2.09, 4050, 4054, 19, 55.2, , 1
Java, regex-redux, 15,  183.83, 75.95, 73.82, 0.00, 3.72, 5314, 16836, 306, 56.2, , 1
Java, regex-redux, 15,  190.03, 78.43, 76.24, 0.00, 3.82, 5496, 17221, 317, 56.2, , 1
Java, regex-redux, 15,  183.62, 75.99, 73.87, 0.00, 3.74, 5315, 17001, 297, 55.8, , 1
Java, regex-redux, 15,  186.67, 77.21, 75.05, 0.00, 3.77, 5417, 17201, 303, 55.8, , 1
Java, regex-redux, 15,  185.97, 77.08, 74.94, 0.00, 3.76, 5347, 17227, 309, 56.0, , 1
Java, regex-redux, 15,  187.77, 77.62, 75.47, 0.00, 3.77, 5380, 17411, 283, 56.8, , 1
Java, regex-redux, 15,  183.21, 75.57, 73.47, 0.00, 3.72, 5277, 16670, 314, 56.0, , 1
Java, regex-redux, 15,  184.03, 76.11, 73.98, 0.00, 3.73, 5327, 16848, 297, 56.0, , 1
Java, regex-redux, 15,  187.46, 77.41, 75.26, 0.00, 3.77, 5410, 17258, 319, 54.8, , 1
Java, regex-redux, 15,  183.88, 75.84, 73.72, 0.00, 3.74, 5337, 16706, 321, 55.8, , 1
Java, regex-redux, 15,  190.29, 78.66, 76.47, 0.00, 3.82, 5515, 17381, 319, 55.8, , 1
Java, regex-redux, 15,  186.13, 76.76, 74.63, 0.00, 3.75, 5347, 17297, 293, 56.5, , 1
Java, regex-redux, 15,  188.07, 77.94, 75.77, 0.00, 3.80, 5453, 17158, 296, 56.5, , 1
Java, regex-redux, 15,  187.00, 77.38, 75.21, 0.00, 3.79, 5440, 17169, 313, 56.2, , 1
Java, regex-redux, 15,  184.29, 75.99, 73.86, 0.00, 3.72, 5334, 16611, 344, 55.8, , 1
Java, regex-redux, 15,  182.21, 75.59, 73.50, 0.00, 3.70, 5246, 16894, 292, 56.2, , 1
Java, regex-redux, 15,  184.20, 76.14, 74.00, 0.00, 3.72, 5322, 16726, 328, 55.8, , 1
Java, regex-redux, 15,  184.74, 76.52, 74.39, 0.00, 3.76, 5368, 16986, 317, 56.2, , 1
Java, regex-redux, 15,  190.39, 78.83, 76.64, 0.00, 3.82, 5495, 17695, 278, 56.2, , 1
Java, regex-redux, 15,  185.46, 77.23, 75.08, 0.00, 3.76, 5371, 17161, 315, 56.8, , 1
Java, reverse-complement, 15,  23.20, 8.74, 8.35, 0.00, 0.77, 719, 558, 302, 52.0, , 1
Java, reverse-complement, 15,  23.22, 8.72, 8.34, 0.00, 0.78, 718, 543, 316, 56.0, , 1
Java, reverse-complement, 15,  23.08, 8.77, 8.40, 0.00, 0.77, 724, 544, 320, 51.8, , 1
Java, reverse-complement, 15,  23.12, 8.78, 8.40, 0.00, 0.78, 718, 551, 309, 56.0, , 1
Java, reverse-complement, 15,  23.14, 8.71, 8.34, 0.00, 0.78, 720, 548, 313, 51.5, , 1
Java, reverse-complement, 15,  23.19, 8.72, 8.34, 0.00, 0.77, 718, 534, 324, 55.8, , 1
Java, reverse-complement, 15,  23.11, 8.72, 8.34, 0.00, 0.77, 719, 537, 320, 51.8, , 1
Java, reverse-complement, 15,  23.32, 8.68, 8.30, 0.00, 0.79, 735, 555, 321, 54.2, , 1
Java, reverse-complement, 15,  23.26, 8.81, 8.43, 0.00, 0.77, 720, 538, 323, 54.2, , 1
Java, reverse-complement, 15,  23.42, 8.87, 8.49, 0.00, 0.78, 723, 539, 324, 56.0, , 1
Java, reverse-complement, 15,  23.08, 8.69, 8.32, 0.00, 0.77, 717, 546, 310, 51.5, , 1
Java, reverse-complement, 15,  23.09, 8.72, 8.33, 0.00, 0.77, 718, 549, 308, 55.8, , 1
Java, reverse-complement, 15,  23.04, 8.73, 8.35, 0.00, 0.77, 717, 537, 322, 51.2, , 1
Java, reverse-complement, 15,  23.28, 8.81, 8.43, 0.00, 0.78, 723, 555, 309, 56.0, , 1
Java, reverse-complement, 15,  23.08, 8.79, 8.41, 0.00, 0.78, 722, 559, 302, 51.5, , 1
Java, reverse-complement, 15,  23.17, 8.78, 8.40, 0.00, 0.77, 716, 553, 304, 56.0, , 1
Java, reverse-complement, 15,  23.19, 8.70, 8.32, 0.00, 0.77, 719, 561, 301, 51.2, , 1
Java, reverse-complement, 15,  23.30, 8.77, 8.38, 0.00, 0.78, 722, 567, 297, 54.8, , 1
Java, reverse-complement, 15,  23.18, 8.71, 8.33, 0.00, 0.78, 722, 551, 312, 51.0, , 1
Java, reverse-complement, 15,  23.25, 8.73, 8.35, 0.00, 0.78, 718, 536, 321, 55.5, , 1
Java, spectral-norm, 15,  22.58, 9.36, 9.12, 0.00, 0.36, 663, 2343, 45, 51.5, , 1
Java, spectral-norm, 15,  23.03, 9.53, 9.29, 0.00, 0.37, 667, 2399, 30, 56.5, , 1
Java, spectral-norm, 15,  23.02, 9.57, 9.32, 0.00, 0.37, 677, 2375, 39, 51.0, , 1
Java, spectral-norm, 15,  22.78, 9.56, 9.32, 0.00, 0.36, 663, 2347, 37, 54.8, , 1
Java, spectral-norm, 15,  22.91, 9.62, 9.37, 0.00, 0.37, 669, 2369, 40, 50.8, , 1
Java, spectral-norm, 15,  23.01, 9.56, 9.32, 0.00, 0.37, 672, 2405, 29, 56.0, , 1
Java, spectral-norm, 15,  22.70, 9.49, 9.25, 0.00, 0.37, 669, 2343, 35, 50.5, , 1
Java, spectral-norm, 15,  22.93, 9.63, 9.39, 0.00, 0.36, 662, 2366, 36, 56.2, , 1
Java, spectral-norm, 15,  23.18, 9.62, 9.38, 0.00, 0.37, 677, 2412, 26, 50.5, , 1
Java, spectral-norm, 15,  22.67, 9.55, 9.31, 0.00, 0.36, 661, 2390, 32, 56.0, , 1
Java, spectral-norm, 15,  22.84, 9.51, 9.26, 0.00, 0.37, 673, 2373, 45, 51.0, , 1
Java, spectral-norm, 15,  22.99, 9.66, 9.42, 0.00, 0.37, 667, 2386, 32, 56.0, , 1
Java, spectral-norm, 15,  22.93, 9.50, 9.25, 0.00, 0.37, 683, 2422, 34, 51.2, , 1
Java, spectral-norm, 15,  22.65, 9.52, 9.28, 0.00, 0.36, 661, 2361, 24, 55.8, , 1
Java, spectral-norm, 15,  22.66, 9.40, 9.17, 0.00, 0.37, 668, 2374, 35, 51.2, , 1
Java, spectral-norm, 15,  22.77, 9.59, 9.35, 0.00, 0.36, 664, 2390, 29, 56.2, , 1
Java, spectral-norm, 15,  22.52, 9.46, 9.22, 0.00, 0.36, 667, 2370, 33, 51.2, , 1
Java, spectral-norm, 15,  22.78, 9.56, 9.31, 0.00, 0.37, 671, 2402, 30, 56.0, , 1
Java, spectral-norm, 15,  22.78, 9.45, 9.20, 0.00, 0.37, 682, 2389, 30, 51.0, , 1
Java, spectral-norm, 15,  22.66, 9.63, 9.39, 0.00, 0.36, 661, 2365, 40, 56.0, , 1
Python, binary-trees, 15,  1470.91, 607.32, 587.75, 0.00, 39.03, 41973, 148264, 2671, 57.8, , 1
Python, binary-trees, 15,  1455.44, 599.73, 580.23, 0.00, 38.82, 41526, 146418, 2730, 57.5, , 1
Python, binary-trees, 15,  1473.43, 606.26, 586.62, 0.00, 39.13, 41797, 147867, 2634, 58.2, , 1
Python, binary-trees, 15,  1454.17, 598.14, 578.70, 0.00, 38.91, 41487, 146475, 2641, 58.5, , 1
Python, binary-trees, 15,  1457.86, 599.52, 580.02, 0.00, 38.84, 41523, 146605, 2729, 58.5, , 1
Python, binary-trees, 15,  1457.32, 597.88, 578.51, 0.00, 38.65, 41242, 145616, 2758, 58.8, , 1
Python, binary-trees, 15,  1458.10, 597.28, 577.80, 0.00, 38.75, 41448, 146118, 2736, 58.5, , 1
Python, binary-trees, 15,  1459.85, 599.93, 580.44, 0.00, 39.00, 41531, 146741, 2719, 58.2, , 1
Python, binary-trees, 15,  1461.70, 599.70, 580.23, 0.00, 38.92, 41502, 146374, 2755, 58.5, , 1
Python, binary-trees, 15,  1470.01, 600.12, 580.58, 0.00, 39.00, 41526, 146061, 2705, 59.8, , 1
Python, binary-trees, 15,  1460.84, 597.63, 578.26, 0.00, 38.82, 41272, 145453, 2799, 59.0, , 1
Python, binary-trees, 15,  1462.26, 597.94, 578.50, 0.00, 38.77, 41335, 145735, 2760, 58.5, , 1
Python, binary-trees, 15,  1467.13, 599.84, 580.34, 0.00, 38.88, 41508, 146560, 2734, 58.8, , 1
Python, binary-trees, 15,  1462.86, 600.30, 580.82, 0.00, 38.95, 41461, 146418, 2630, 58.8, , 1
Python, binary-trees, 15,  1464.24, 598.79, 579.32, 0.00, 38.97, 41376, 146007, 2713, 59.2, , 1
Python, binary-trees, 15,  1465.95, 598.81, 579.35, 0.00, 38.74, 41399, 145961, 2700, 59.5, , 1
Python, binary-trees, 15,  1466.03, 598.30, 578.92, 0.00, 38.68, 41382, 145954, 2822, 58.8, , 1
Python, binary-trees, 15,  1457.63, 594.76, 575.42, 0.00, 38.71, 41246, 145543, 2697, 59.0, , 1
Python, binary-trees, 15,  1463.39, 598.99, 579.52, 0.00, 38.84, 41359, 145983, 2748, 59.2, , 1
Python, binary-trees, 15,  1476.68, 601.54, 581.97, 0.00, 39.04, 41806, 147608, 2738, 59.5, , 1
Python, fannkuch-redux, 15,  11762.64, 4994.47, 4874.94, 0.00, 170.27, 333936, 1319887, 78, 59.5, , 1
Python, fannkuch-redux, 15,  11632.54, 4936.42, 4818.19, 0.00, 168.25, 330100, 1306506, 72, 60.0, , 1
Python, fannkuch-redux, 15,  11802.79, 5004.67, 4884.86, 0.00, 170.69, 334703, 1325104, 80, 59.5, , 1
Python, fannkuch-redux, 15,  11737.33, 4971.40, 4852.20, 0.00, 169.53, 332466, 1315532, 79, 59.2, , 1
Python, fannkuch-redux, 15,  11828.09, 4994.16, 4874.40, 0.00, 170.27, 334004, 1320685, 101, 59.8, , 1
Python, fannkuch-redux, 15,  12032.54, 5094.70, 4972.62, 0.00, 175.19, 340706, 1347631, 97, 59.2, , 1
Python, fannkuch-redux, 15,  11967.61, 5069.69, 4948.58, 0.00, 172.99, 339259, 1336489, 98, 59.0, , 1
Python, fannkuch-redux, 15,  11894.05, 5047.45, 4926.47, 0.00, 172.06, 337539, 1335675, 92, 60.0, , 1
Python, fannkuch-redux, 15,  11953.28, 5079.50, 4958.06, 0.00, 173.24, 339808, 1341591, 54, 59.8, , 1
Python, fannkuch-redux, 15,  11823.15, 5017.05, 4896.77, 0.00, 171.05, 335506, 1327371, 67, 59.2, , 1
Python, fannkuch-redux, 15,  11700.52, 4960.09, 4841.07, 0.00, 169.08, 331676, 1312939, 100, 60.0, , 1
Python, fannkuch-redux, 15,  11708.39, 4964.81, 4845.86, 0.00, 169.24, 332041, 1313368, 101, 60.0, , 1
Python, fannkuch-redux, 15,  11764.57, 4975.46, 4856.25, 0.00, 169.63, 332725, 1316516, 97, 59.0, , 1
Python, fannkuch-redux, 15,  11982.14, 5070.03, 4948.95, 0.00, 172.92, 339126, 1337571, 85, 59.5, , 1
Python, fannkuch-redux, 15,  11799.80, 5007.65, 4887.88, 0.00, 170.74, 334996, 1322338, 65, 60.0, , 1
Python, fannkuch-redux, 15,  11647.84, 4950.73, 4832.24, 0.00, 168.77, 331052, 1310122, 74, 59.8, , 1
Python, fannkuch-redux, 15,  11810.10, 5013.27, 4893.50, 0.00, 170.91, 335218, 1327258, 91, 59.8, , 1
Python, fannkuch-redux, 15,  11843.72, 5031.25, 4910.86, 0.00, 171.52, 336467, 1331051, 101, 59.2, , 1
Python, fannkuch-redux, 15,  11866.50, 5032.65, 4912.24, 0.00, 171.61, 336566, 1331666, 94, 58.8, , 1
Python, fannkuch-redux, 15,  11905.45, 5045.87, 4925.46, 0.00, 172.05, 337381, 1336859, 80, 59.5, , 1
Python, fasta, 15,  1414.69, 543.74, 528.19, 0.00, 22.05, 43249, 43227, 20, 57.8, , 1
Python, fasta, 15,  1417.40, 547.66, 532.14, 0.00, 22.08, 43299, 43271, 25, 57.2, , 1
Python, fasta, 15,  1453.23, 560.92, 544.87, 0.00, 22.91, 44927, 44895, 28, 58.2, , 1
Python, fasta, 15,  1416.94, 548.95, 533.50, 0.00, 22.12, 43386, 43361, 21, 57.5, , 1
Python, fasta, 15,  1409.84, 545.30, 530.01, 0.00, 22.09, 43288, 43252, 32, 57.2, , 1
Python, fasta, 15,  1405.45, 543.87, 528.56, 0.00, 22.06, 43240, 43213, 23, 57.2, , 1
Python, fasta, 15,  1401.49, 542.88, 527.54, 0.00, 22.05, 43207, 43174, 29, 57.2, , 1
Python, fasta, 15,  1399.19, 541.34, 525.94, 0.00, 22.06, 43236, 43197, 35, 56.5, , 1
Python, fasta, 15,  1399.70, 542.20, 526.66, 0.00, 22.09, 43286, 43260, 23, 56.2, , 1
Python, fasta, 15,  1397.49, 540.72, 525.19, 0.00, 22.08, 43290, 43268, 19, 56.2, , 1
Python, fasta, 15,  1405.24, 545.91, 530.34, 0.00, 22.11, 43337, 43316, 19, 56.2, , 1
Python, fasta, 15,  1395.45, 541.16, 525.67, 0.00, 22.04, 43221, 43197, 21, 56.0, , 1
Python, fasta, 15,  1411.92, 551.49, 536.06, 0.00, 22.03, 43188, 43167, 17, 56.8, , 1
Python, fasta, 15,  1405.98, 551.08, 535.53, 0.00, 22.15, 43415, 43383, 29, 56.5, , 1
Python, fasta, 15,  1404.26, 547.17, 531.61, 0.00, 22.15, 43429, 43404, 22, 56.2, , 1
Python, fasta, 15,  1398.68, 544.42, 528.93, 0.00, 22.06, 43236, 43203, 29, 56.2, , 1
Python, fasta, 15,  1404.11, 546.69, 531.14, 0.00, 22.14, 43377, 43353, 21, 56.5, , 1
Python, fasta, 15,  1403.44, 547.61, 532.04, 0.00, 22.19, 43482, 43459, 19, 56.2, , 1
Python, fasta, 15,  1392.48, 542.96, 527.47, 0.00, 22.06, 43230, 43202, 25, 55.8, , 1
Python, fasta, 15,  1402.83, 544.56, 529.01, 0.00, 22.13, 43377, 43349, 25, 56.2, , 1
Python, k-nucleotide, 15,  1745.81, 721.63, 701.48, 0.00, 51.13, 48342, 189812, 579, 57.5, , 1
Python, k-nucleotide, 15,  1730.01, 714.16, 694.23, 0.00, 50.56, 47846, 187955, 594, 58.2, , 1
Python, k-nucleotide, 15,  1728.07, 711.21, 691.28, 0.00, 50.63, 47646, 187318, 598, 59.0, , 1
Python, k-nucleotide, 15,  1731.55, 713.08, 693.12, 0.00, 50.70, 47761, 187927, 589, 58.0, , 1
Python, k-nucleotide, 15,  1727.51, 710.70, 690.83, 0.00, 50.39, 47604, 187154, 579, 58.8, , 1
Python, k-nucleotide, 15,  1755.67, 722.14, 702.02, 0.00, 50.94, 48380, 190013, 593, 59.2, , 1
Python, k-nucleotide, 15,  1747.01, 716.79, 696.50, 0.00, 51.72, 48017, 188885, 572, 59.5, , 1
Python, k-nucleotide, 15,  1742.45, 715.88, 695.87, 0.00, 50.64, 47958, 188324, 615, 59.0, , 1
Python, k-nucleotide, 15,  1746.45, 717.92, 697.80, 0.00, 51.08, 48098, 188897, 627, 59.8, , 1
Python, k-nucleotide, 15,  1737.39, 713.97, 694.00, 0.00, 50.47, 47851, 187506, 571, 60.0, , 1
Python, k-nucleotide, 15,  1728.66, 713.36, 693.42, 0.00, 50.59, 47777, 187815, 627, 59.8, , 1
Python, k-nucleotide, 15,  1758.49, 724.18, 703.90, 0.00, 51.27, 48561, 189112, 594, 59.2, , 1
Python, k-nucleotide, 15,  1730.38, 715.92, 695.94, 0.00, 50.57, 47941, 188666, 606, 59.2, , 1
Python, k-nucleotide, 15,  1739.69, 718.25, 698.22, 0.00, 50.77, 48107, 189081, 597, 59.2, , 1
Python, k-nucleotide, 15,  1731.45, 713.78, 693.74, 0.00, 50.82, 47841, 187524, 550, 59.0, , 1
Python, k-nucleotide, 15,  1750.08, 722.24, 702.02, 0.00, 51.23, 48386, 190074, 600, 59.2, , 1
Python, k-nucleotide, 15,  1744.69, 718.64, 698.59, 0.00, 50.67, 48179, 188374, 577, 60.2, , 1
Python, k-nucleotide, 15,  1740.18, 715.74, 695.68, 0.00, 50.80, 47959, 188271, 623, 59.8, , 1
Python, k-nucleotide, 15,  1734.82, 713.95, 694.04, 0.00, 50.46, 47816, 188166, 601, 59.5, , 1
Python, k-nucleotide, 15,  1752.54, 721.02, 700.78, 0.00, 51.36, 48290, 189864, 569, 59.5, , 1
Python, mandelbrot, 15,  5292.37, 2252.23, 2198.36, 0.00, 76.88, 150550, 600056, 1367, 59.2, , 1
Python, mandelbrot, 15,  5218.33, 2220.68, 2167.55, 0.00, 75.80, 148444, 591639, 1291, 59.0, , 1
Python, mandelbrot, 15,  5228.04, 2228.52, 2175.20, 0.00, 76.00, 148957, 593832, 1306, 59.2, , 1
Python, mandelbrot, 15,  5314.47, 2264.05, 2209.80, 0.00, 77.24, 151339, 603076, 1383, 59.5, , 1
Python, mandelbrot, 15,  5276.51, 2244.00, 2190.29, 0.00, 76.62, 150006, 597748, 1351, 59.8, , 1
Python, mandelbrot, 15,  5198.61, 2215.46, 2162.46, 0.00, 75.55, 148085, 590380, 1276, 59.2, , 1
Python, mandelbrot, 15,  5252.04, 2235.30, 2181.83, 0.00, 76.25, 149414, 595576, 1339, 60.0, , 1
Python, mandelbrot, 15,  5223.28, 2224.47, 2171.26, 0.00, 75.95, 148691, 592373, 1338, 60.0, , 1
Python, mandelbrot, 15,  5191.69, 2212.48, 2159.56, 0.00, 75.48, 147897, 589469, 1401, 59.5, , 1
Python, mandelbrot, 15,  5213.24, 2216.03, 2163.04, 0.00, 75.58, 148127, 590512, 1308, 59.5, , 1
Python, mandelbrot, 15,  5211.17, 2211.27, 2158.39, 0.00, 75.50, 147814, 588978, 1367, 59.0, , 1
Python, mandelbrot, 15,  5214.30, 2214.84, 2161.85, 0.00, 75.58, 148051, 589927, 1309, 59.5, , 1
Python, mandelbrot, 15,  5241.18, 2232.84, 2179.43, 0.00, 76.16, 149248, 594986, 1335, 59.2, , 1
Python, mandelbrot, 15,  5219.07, 2222.80, 2169.64, 0.00, 75.86, 148586, 592164, 1340, 59.2, , 1
Python, mandelbrot, 15,  5238.27, 2227.30, 2174.04, 0.00, 76.03, 148882, 593285, 1413, 60.0, , 1
Python, mandelbrot, 15,  5268.32, 2244.23, 2190.59, 0.00, 76.54, 150014, 597875, 1334, 60.2, , 1
Python, mandelbrot, 15,  5246.69, 2231.60, 2178.20, 0.00, 76.16, 149175, 594590, 1287, 59.8, , 1
Python, mandelbrot, 15,  5289.49, 2250.33, 2196.48, 0.00, 76.85, 150421, 599237, 1367, 59.2, , 1
Python, mandelbrot, 15,  5292.45, 2251.05, 2197.20, 0.00, 76.78, 150470, 599669, 1358, 59.8, , 1
Python, mandelbrot, 15,  5222.40, 2215.34, 2162.32, 0.00, 75.57, 148080, 590297, 1311, 60.0, , 1
Python, n-body, 15,  7537.72, 3195.23, 3109.46, 0.00, 122.23, 239816, 239802, 2, 56.2, , 1
Python, n-body, 15,  7603.52, 3212.97, 3127.03, 0.00, 123.08, 241366, 241337, 13, 56.2, , 1
Python, n-body, 15,  7747.68, 3293.27, 3205.80, 0.00, 125.32, 245827, 245794, 15, 56.5, , 1
Python, n-body, 15,  7486.03, 3170.67, 3085.96, 0.00, 121.27, 237755, 237726, 13, 56.0, , 1
Python, n-body, 15,  7488.97, 3183.69, 3099.08, 0.00, 121.29, 237877, 237845, 16, 55.8, , 1
Python, n-body, 15,  7516.73, 3212.23, 3127.24, 0.00, 121.66, 238492, 238459, 14, 55.8, , 1
Python, n-body, 15,  7529.14, 3249.24, 3163.76, 0.00, 121.96, 239168, 239145, 7, 55.5, , 1
Python, n-body, 15,  7451.71, 3194.18, 3109.63, 0.00, 121.23, 237645, 237638, 2, 55.0, , 1
Python, n-body, 15,  7485.64, 3223.06, 3138.02, 0.00, 121.64, 238537, 238504, 15, 55.2, , 1
Python, n-body, 15,  7412.89, 3176.37, 3091.22, 0.00, 120.98, 237136, 237121, 3, 55.8, , 1
Python, n-body, 15,  7463.19, 3191.64, 3106.26, 0.00, 121.44, 238167, 238155, 1, 56.0, , 1
Python, n-body, 15,  7507.99, 3206.40, 3120.43, 0.00, 122.20, 239535, 239519, 3, 55.8, , 1
Python, n-body, 15,  7519.53, 3218.60, 3133.32, 0.00, 122.41, 240060, 240051, 4, 55.8, , 1
Python, n-body, 15,  7473.10, 3204.97, 3119.88, 0.00, 121.80, 238724, 238720, 0, 55.0, , 1
Python, n-body, 15,  7469.86, 3205.88, 3120.84, 0.00, 121.73, 238739, 238710, 13, 56.0, , 1
Python, n-body, 15,  7513.52, 3237.53, 3152.24, 0.00, 121.94, 239010, 238984, 10, 55.5, , 1
Python, n-body, 15,  7617.77, 3262.34, 3175.92, 0.00, 123.62, 242426, 242400, 10, 55.8, , 1
Python, n-body, 15,  7509.82, 3216.31, 3131.28, 0.00, 121.70, 238550, 238524, 10, 55.8, , 1
Python, n-body, 15,  7427.33, 3177.20, 3092.17, 0.00, 120.94, 237180, 237167, 2, 55.8, , 1
Python, n-body, 15,  7534.94, 3213.57, 3127.53, 0.00, 122.49, 240067, 240048, 4, 55.8, , 1
Python, regex-redux, 15,  257.68, 104.23, 101.25, 0.00, 4.88, 7843, 15286, 442, 55.8, , 1
Python, regex-redux, 15,  258.13, 104.15, 101.16, 0.00, 4.90, 7855, 15295, 443, 54.8, , 1
Python, regex-redux, 15,  258.85, 104.83, 101.84, 0.00, 4.90, 7866, 15385, 410, 55.5, , 1
Python, regex-redux, 15,  257.96, 104.91, 101.93, 0.00, 4.89, 7852, 15329, 419, 55.5, , 1
Python, regex-redux, 15,  259.05, 104.82, 101.83, 0.00, 4.90, 7875, 15471, 436, 56.2, , 1
Python, regex-redux, 15,  261.17, 105.45, 102.45, 0.00, 4.93, 7907, 15382, 433, 56.2, , 1
Python, regex-redux, 15,  259.11, 104.76, 101.77, 0.00, 4.91, 7871, 15351, 440, 56.5, , 1
Python, regex-redux, 15,  258.41, 104.37, 101.39, 0.00, 4.90, 7849, 15329, 425, 56.8, , 1
Python, regex-redux, 15,  258.30, 104.62, 101.64, 0.00, 4.92, 7865, 15311, 458, 56.0, , 1
Python, regex-redux, 15,  258.77, 105.41, 102.42, 0.00, 4.91, 7867, 15345, 445, 56.0, , 1
Python, regex-redux, 15,  258.37, 104.74, 101.76, 0.00, 4.90, 7856, 15242, 479, 56.0, , 1
Python, regex-redux, 15,  259.39, 104.56, 101.57, 0.00, 4.92, 7877, 15258, 474, 55.8, , 1
Python, regex-redux, 15,  259.42, 104.45, 101.45, 0.00, 4.90, 7865, 15308, 470, 56.2, , 1
Python, regex-redux, 15,  257.85, 103.91, 100.93, 0.00, 4.89, 7841, 15278, 452, 55.8, , 1
Python, regex-redux, 15,  258.02, 103.89, 100.91, 0.00, 4.90, 7847, 15313, 440, 56.0, , 1
Python, regex-redux, 15,  258.86, 104.51, 101.53, 0.00, 4.91, 7853, 15289, 431, 56.0, , 1
Python, regex-redux, 15,  257.74, 104.05, 101.05, 0.00, 4.90, 7856, 15328, 420, 55.8, , 1
Python, regex-redux, 15,  258.65, 104.76, 101.77, 0.00, 4.89, 7855, 15334, 444, 56.0, , 1
Python, regex-redux, 15,  260.05, 104.44, 101.45, 0.00, 4.90, 7868, 15281, 457, 56.2, , 1
Python, regex-redux, 15,  260.36, 104.70, 101.70, 0.00, 4.90, 7882, 15291, 477, 56.0, , 1
Python, reverse-complement, 15,  51.71, 20.62, 19.99, 0.00, 1.21, 1531, 2021, 472, 56.0, , 1
Python, reverse-complement, 15,  51.90, 20.62, 19.99, 0.00, 1.21, 1536, 1993, 508, 56.0, , 1
Python, reverse-complement, 15,  51.97, 20.77, 20.14, 0.00, 1.21, 1540, 2036, 475, 55.8, , 1
Python, reverse-complement, 15,  51.14, 20.52, 19.90, 0.00, 1.19, 1520, 1990, 488, 56.0, , 1
Python, reverse-complement, 15,  52.89, 21.23, 20.60, 0.00, 1.21, 1545, 2026, 481, 56.0, , 1
Python, reverse-complement, 15,  51.70, 20.75, 20.11, 0.00, 1.21, 1535, 2019, 480, 56.0, , 1
Python, reverse-complement, 15,  51.37, 20.70, 20.08, 0.00, 1.20, 1526, 2003, 487, 55.8, , 1
Python, reverse-complement, 15,  52.27, 21.15, 20.52, 0.00, 1.21, 1556, 2055, 495, 56.0, , 1
Python, reverse-complement, 15,  51.28, 20.64, 20.00, 0.00, 1.20, 1528, 1987, 505, 56.2, , 1
Python, reverse-complement, 15,  51.46, 20.69, 20.06, 0.00, 1.20, 1525, 2000, 486, 55.8, , 1
Python, reverse-complement, 15,  51.67, 20.66, 20.03, 0.00, 1.21, 1534, 1976, 525, 56.0, , 1
Python, reverse-complement, 15,  51.38, 20.60, 19.97, 0.00, 1.20, 1523, 1982, 501, 55.8, , 1
Python, reverse-complement, 15,  51.34, 20.63, 20.00, 0.00, 1.20, 1525, 1971, 515, 55.2, , 1
Python, reverse-complement, 15,  51.45, 20.72, 20.08, 0.00, 1.20, 1529, 1983, 507, 55.8, , 1
Python, reverse-complement, 15,  51.43, 20.64, 20.02, 0.00, 1.21, 1534, 1985, 514, 55.2, , 1
Python, reverse-complement, 15,  51.68, 20.65, 20.02, 0.00, 1.20, 1528, 1986, 506, 55.2, , 1
Python, reverse-complement, 15,  52.65, 21.01, 20.37, 0.00, 1.22, 1559, 2001, 525, 55.2, , 1
Python, reverse-complement, 15,  51.94, 20.79, 20.16, 0.00, 1.21, 1530, 2012, 488, 55.2, , 1
Python, reverse-complement, 15,  51.82, 20.77, 20.15, 0.00, 1.21, 1534, 2014, 490, 55.2, , 1
Python, reverse-complement, 15,  51.79, 20.89, 20.25, 0.00, 1.21, 1537, 1991, 515, 55.2, , 1
Python, spectral-norm, 15,  3889.14, 1659.96, 1620.20, 0.00, 56.87, 111005, 442532, 135, 58.5, , 1
Python, spectral-norm, 15,  3934.27, 1676.74, 1636.58, 0.00, 57.38, 112115, 447206, 116, 58.8, , 1
Python, spectral-norm, 15,  3882.91, 1653.96, 1614.34, 0.00, 56.59, 110587, 441053, 112, 59.0, , 1
Python, spectral-norm, 15,  3944.97, 1680.15, 1639.89, 0.00, 57.52, 112385, 447526, 120, 59.5, , 1
Python, spectral-norm, 15,  3973.58, 1691.64, 1651.08, 0.00, 57.94, 113109, 451023, 120, 59.2, , 1
Python, spectral-norm, 15,  3927.70, 1669.52, 1629.50, 0.00, 57.16, 111653, 445121, 120, 59.5, , 1
Python, spectral-norm, 15,  3902.42, 1659.46, 1619.69, 0.00, 56.78, 110984, 442648, 138, 60.2, , 1
Python, spectral-norm, 15,  3919.83, 1666.12, 1626.21, 0.00, 56.98, 111406, 444311, 112, 59.2, , 1
Python, spectral-norm, 15,  3973.97, 1681.72, 1641.40, 0.00, 57.59, 112451, 448287, 120, 59.5, , 1
Python, spectral-norm, 15,  3948.37, 1675.63, 1635.46, 0.00, 57.35, 112043, 446322, 133, 59.2, , 1
Python, spectral-norm, 15,  3937.57, 1671.31, 1631.28, 0.00, 57.14, 111751, 445832, 116, 59.2, , 1
Python, spectral-norm, 15,  3964.76, 1684.16, 1643.83, 0.00, 57.59, 112616, 449205, 130, 59.8, , 1
Python, spectral-norm, 15,  3911.48, 1659.99, 1620.20, 0.00, 56.82, 110999, 442583, 124, 59.8, , 1
Python, spectral-norm, 15,  3990.09, 1695.26, 1654.63, 0.00, 58.05, 113358, 451804, 123, 59.8, , 1
Python, spectral-norm, 15,  3924.23, 1680.63, 1640.36, 0.00, 57.49, 112394, 447745, 140, 59.5, , 1
Python, spectral-norm, 15,  3918.89, 1682.63, 1642.31, 0.00, 57.54, 112502, 448781, 107, 59.8, , 1
Python, spectral-norm, 15,  3928.68, 1678.74, 1638.49, 0.00, 57.46, 112279, 447594, 112, 59.8, , 1
Python, spectral-norm, 15,  3942.56, 1677.66, 1637.43, 0.00, 57.45, 112175, 447289, 136, 58.8, , 1
Python, spectral-norm, 15,  3928.95, 1683.49, 1643.14, 0.00, 57.58, 112551, 449004, 109, 59.2, , 1
Python, spectral-norm, 15,  3878.61, 1661.75, 1621.92, 0.00, 56.83, 111124, 442754, 115, 59.5, , 1
C, binary-trees, 25,  45.52, 22.39, 21.85, 0.00, 1.21, 1058, 2953, 212, 61.0, , 1
C, binary-trees, 25,  45.63, 22.38, 21.83, 0.00, 1.21, 1057, 2959, 210, 60.0, , 1
C, binary-trees, 25,  45.55, 22.43, 21.88, 0.00, 1.21, 1060, 2953, 227, 60.0, , 1
C, binary-trees, 25,  50.46, 24.50, 23.90, 0.00, 1.29, 1218, 3136, 188, 58.5, , 1
C, binary-trees, 25,  46.33, 22.67, 22.11, 0.00, 1.22, 1075, 2995, 196, 59.5, , 1
C, binary-trees, 25,  45.59, 22.38, 21.83, 0.00, 1.21, 1059, 2970, 200, 59.5, , 1
C, binary-trees, 25,  45.59, 22.38, 21.84, 0.00, 1.21, 1058, 2944, 224, 59.5, , 1
C, binary-trees, 25,  45.54, 22.37, 21.82, 0.00, 1.21, 1059, 2966, 199, 59.5, , 1
C, binary-trees, 25,  45.58, 22.44, 21.89, 0.00, 1.21, 1061, 2977, 195, 59.5, , 1
C, binary-trees, 25,  45.61, 22.45, 21.91, 0.00, 1.21, 1067, 2970, 219, 60.0, , 1
C, binary-trees, 25,  45.77, 22.39, 21.84, 0.00, 1.21, 1060, 2971, 195, 60.0, , 1
C, binary-trees, 25,  45.54, 22.38, 21.84, 0.00, 1.21, 1060, 2976, 200, 60.5, , 1
C, binary-trees, 25,  45.59, 22.41, 21.86, 0.00, 1.21, 1061, 2972, 202, 60.2, , 1
C, binary-trees, 25,  45.72, 22.41, 21.85, 0.00, 1.21, 1064, 2991, 194, 60.2, , 1
C, binary-trees, 25,  45.73, 22.31, 21.77, 0.00, 1.21, 1060, 2971, 201, 59.2, , 1
C, binary-trees, 25,  46.87, 22.88, 22.32, 0.00, 1.23, 1098, 3015, 202, 59.5, , 1
C, binary-trees, 25,  45.62, 22.34, 21.79, 0.00, 1.21, 1057, 2966, 208, 60.0, , 1
C, binary-trees, 25,  45.82, 22.46, 21.91, 0.00, 1.21, 1065, 2975, 209, 59.5, , 1
C, binary-trees, 25,  45.52, 22.31, 21.76, 0.00, 1.21, 1062, 2965, 206, 59.5, , 1
C, binary-trees, 25,  45.61, 22.42, 21.87, 0.00, 1.21, 1060, 2969, 202, 59.5, , 1
C, fannkuch-redux, 25,  95.19, 51.26, 50.51, 0.00, 1.05, 2063, 8186, 0, 61.0, , 1
C, fannkuch-redux, 25,  95.35, 51.28, 50.54, 0.00, 1.05, 2062, 8191, 0, 61.8, , 1
C, fannkuch-redux, 25,  95.30, 51.20, 50.45, 0.00, 1.05, 2060, 8176, 1, 61.2, , 1
C, fannkuch-redux, 25,  95.36, 51.29, 50.55, 0.00, 1.06, 2063, 8193, 0, 61.2, , 1
C, fannkuch-redux, 25,  95.32, 51.26, 50.52, 0.00, 1.05, 2061, 8187, 0, 61.2, , 1
C, fannkuch-redux, 25,  95.40, 51.22, 50.48, 0.00, 1.05, 2061, 8186, 0, 61.8, , 1
C, fannkuch-redux, 25,  95.80, 51.39, 50.64, 0.00, 1.06, 2068, 8195, 0, 61.2, , 1
C, fannkuch-redux, 25,  95.59, 51.36, 50.61, 0.00, 1.06, 2066, 8200, 0, 61.2, , 1
C, fannkuch-redux, 25,  95.40, 51.24, 50.50, 0.00, 1.05, 2062, 8186, 1, 61.0, , 1
C, fannkuch-redux, 25,  95.42, 51.29, 50.56, 0.00, 1.06, 2064, 8195, 0, 61.2, , 1
C, fannkuch-redux, 25,  95.63, 51.26, 50.53, 0.00, 1.06, 2062, 8189, 1, 61.0, , 1
C, fannkuch-redux, 25,  95.74, 51.28, 50.54, 0.00, 1.06, 2064, 8193, 1, 60.8, , 1
C, fannkuch-redux, 25,  95.44, 51.26, 50.53, 0.00, 1.05, 2063, 8189, 0, 60.8, , 1
C, fannkuch-redux, 25,  95.55, 51.25, 50.52, 0.00, 1.05, 2062, 8188, 1, 61.0, , 1
C, fannkuch-redux, 25,  95.33, 51.31, 50.57, 0.00, 1.06, 2065, 8196, 0, 61.5, , 1
C, fannkuch-redux, 25,  95.32, 51.23, 50.49, 0.00, 1.05, 2061, 8184, 0, 61.5, , 1
C, fannkuch-redux, 25,  95.40, 51.24, 50.51, 0.00, 1.05, 2062, 8187, 0, 61.5, , 1
C, fannkuch-redux, 25,  95.33, 51.31, 50.57, 0.00, 1.05, 2064, 8193, 0, 61.2, , 1
C, fannkuch-redux, 25,  95.53, 51.47, 50.73, 0.00, 1.06, 2072, 8198, 1, 61.0, , 1
C, fannkuch-redux, 25,  95.18, 51.35, 50.60, 0.00, 1.06, 2065, 8198, 0, 61.2, , 1
C, fasta, 25,  19.27, 6.50, 6.27, 0.00, 0.34, 664, 652, 12, 53.8, , 1
C, fasta, 25,  19.35, 6.44, 6.20, 0.00, 0.34, 665, 648, 17, 57.5, , 1
C, fasta, 25,  19.18, 6.56, 6.32, 0.00, 0.34, 666, 656, 8, 54.0, , 1
C, fasta, 25,  19.04, 6.48, 6.25, 0.00, 0.34, 664, 650, 13, 57.2, , 1
C, fasta, 25,  19.14, 6.59, 6.35, 0.00, 0.34, 664, 652, 12, 53.5, , 1
C, fasta, 25,  19.33, 6.63, 6.38, 0.00, 0.34, 665, 653, 12, 57.2, , 1
C, fasta, 25,  19.06, 6.49, 6.25, 0.00, 0.34, 664, 643, 21, 53.0, , 1
C, fasta, 25,  19.09, 6.45, 6.21, 0.00, 0.34, 664, 655, 9, 57.5, , 1
C, fasta, 25,  18.97, 6.40, 6.16, 0.00, 0.34, 663, 645, 18, 53.0, , 1
C, fasta, 25,  19.13, 6.49, 6.25, 0.00, 0.34, 663, 649, 13, 57.5, , 1
C, fasta, 25,  19.04, 6.45, 6.21, 0.00, 0.34, 664, 652, 12, 53.2, , 1
C, fasta, 25,  19.33, 6.58, 6.35, 0.00, 0.34, 665, 656, 9, 57.2, , 1
C, fasta, 25,  19.15, 6.55, 6.32, 0.00, 0.34, 664, 644, 20, 53.0, , 1
C, fasta, 25,  19.14, 6.47, 6.22, 0.00, 0.34, 666, 643, 21, 57.0, , 1
C, fasta, 25,  19.09, 6.49, 6.25, 0.00, 0.34, 663, 646, 16, 53.0, , 1
C, fasta, 25,  19.14, 6.50, 6.26, 0.00, 0.34, 664, 651, 11, 57.0, , 1
C, fasta, 25,  19.16, 6.51, 6.27, 0.00, 0.34, 663, 651, 11, 53.0, , 1
C, fasta, 25,  19.30, 6.60, 6.36, 0.00, 0.34, 664, 649, 14, 56.5, , 1
C, fasta, 25,  19.18, 6.52, 6.28, 0.00, 0.34, 665, 653, 11, 52.8, , 1
C, fasta, 25,  19.20, 6.46, 6.23, 0.00, 0.34, 664, 650, 14, 56.5, , 1
C, k-nucleotide, 25,  148.88, 73.83, 72.22, 0.00, 4.26, 3293, 10373, 97, 60.0, , 1
C, k-nucleotide, 25,  144.92, 72.11, 70.61, 0.00, 3.98, 3199, 10132, 95, 60.8, , 1
C, k-nucleotide, 25,  143.78, 71.87, 70.39, 0.00, 3.95, 3172, 10140, 94, 60.2, , 1
C, k-nucleotide, 25,  146.65, 73.16, 71.58, 0.00, 4.15, 3260, 10269, 89, 60.2, , 1
C, k-nucleotide, 25,  143.34, 71.87, 70.39, 0.00, 3.90, 3187, 10135, 83, 60.0, , 1
C, k-nucleotide, 25,  145.47, 72.63, 71.09, 0.00, 4.10, 3207, 10250, 80, 60.5, , 1
C, k-nucleotide, 25,  144.14, 72.05, 70.55, 0.00, 4.02, 3181, 10184, 85, 60.5, , 1
C, k-nucleotide, 25,  142.48, 71.43, 69.99, 0.00, 3.79, 3154, 10098, 98, 61.2, , 1
C, k-nucleotide, 25,  143.61, 71.85, 70.39, 0.00, 3.91, 3179, 10135, 94, 60.5, , 1
C, k-nucleotide, 25,  147.21, 73.38, 71.82, 0.00, 4.15, 3264, 10289, 87, 60.0, , 1
C, k-nucleotide, 25,  145.93, 73.04, 71.50, 0.00, 4.13, 3240, 10256, 99, 60.2, , 1
C, k-nucleotide, 25,  141.67, 71.11, 69.71, 0.00, 3.70, 3142, 10023, 85, 60.8, , 1
C, k-nucleotide, 25,  144.44, 72.07, 70.60, 0.00, 3.92, 3201, 10142, 80, 60.2, , 1
C, k-nucleotide, 25,  146.08, 72.71, 71.18, 0.00, 4.08, 3223, 10210, 95, 60.5, , 1
C, k-nucleotide, 25,  147.11, 73.31, 71.73, 0.00, 4.21, 3247, 10274, 113, 60.8, , 1
C, k-nucleotide, 25,  144.66, 72.20, 70.73, 0.00, 3.94, 3194, 10176, 96, 60.8, , 1
C, k-nucleotide, 25,  144.82, 72.28, 70.78, 0.00, 4.01, 3195, 10206, 106, 61.2, , 1
C, k-nucleotide, 25,  144.30, 72.13, 70.66, 0.00, 3.96, 3195, 10141, 101, 60.8, , 1
C, k-nucleotide, 25,  147.42, 73.46, 71.87, 0.00, 4.28, 3258, 10351, 89, 60.8, , 1
C, k-nucleotide, 25,  141.52, 71.21, 69.80, 0.00, 3.71, 3137, 10063, 100, 60.5, , 1
C, mandelbrot, 25,  46.24, 24.91, 24.55, 0.00, 0.52, 999, 3978, 14, 63.2, , 1
C, mandelbrot, 25,  46.42, 24.96, 24.60, 0.00, 0.52, 1001, 3978, 14, 62.8, , 1
C, mandelbrot, 25,  46.26, 24.93, 24.57, 0.00, 0.52, 1000, 3981, 13, 62.5, , 1
C, mandelbrot, 25,  46.35, 24.96, 24.60, 0.00, 0.52, 1000, 3987, 10, 62.8, , 1
C, mandelbrot, 25,  46.25, 24.95, 24.59, 0.00, 0.52, 1001, 3985, 13, 62.5, , 1
C, mandelbrot, 25,  46.23, 24.91, 24.57, 0.00, 0.52, 999, 3977, 16, 62.2, , 1
C, mandelbrot, 25,  46.40, 24.91, 24.55, 0.00, 0.52, 998, 3976, 13, 62.5, , 1
C, mandelbrot, 25,  46.39, 24.96, 24.59, 0.00, 0.52, 1000, 3986, 10, 62.0, , 1
C, mandelbrot, 25,  46.29, 24.93, 24.59, 0.00, 0.52, 1000, 3983, 13, 62.5, , 1
C, mandelbrot, 25,  46.34, 24.94, 24.59, 0.00, 0.52, 1000, 3978, 18, 62.8, , 1
C, mandelbrot, 25,  46.35, 24.94, 24.59, 0.00, 0.52, 1000, 3980, 15, 62.2, , 1
C, mandelbrot, 25,  46.45, 24.94, 24.58, 0.00, 0.52, 999, 3977, 17, 62.0, , 1
C, mandelbrot, 25,  46.44, 24.92, 24.57, 0.00, 0.52, 999, 3982, 11, 62.8, , 1
C, mandelbrot, 25,  46.35, 24.94, 24.59, 0.00, 0.52, 1000, 3981, 15, 62.2, , 1
C, mandelbrot, 25,  46.21, 24.91, 24.56, 0.00, 0.52, 999, 3979, 11, 62.5, , 1
C, mandelbrot, 25,  46.37, 24.91, 24.56, 0.00, 0.52, 999, 3974, 18, 62.2, , 1
C, mandelbrot, 25,  46.25, 24.91, 24.56, 0.00, 0.52, 999, 3980, 10, 62.5, , 1
C, mandelbrot, 25,  46.31, 24.92, 24.56, 0.00, 0.52, 999, 3981, 10, 62.2, , 1
C, mandelbrot, 25,  46.19, 24.90, 24.55, 0.00, 0.52, 999, 3982, 8, 62.2, , 1
C, mandelbrot, 25,  46.23, 24.89, 24.55, 0.00, 0.52, 998, 3974, 15, 62.2, , 1
C, n-body, 25,  52.69, 19.52, 18.91, 0.00, 0.88, 1725, 1724, 0, 58.0, , 1
C, n-body, 25,  52.59, 19.64, 19.03, 0.00, 0.88, 1725, 1724, 1, 58.0, , 1
C, n-body, 25,  52.67, 19.51, 18.90, 0.00, 0.88, 1726, 1726, 0, 58.0, , 1
C, n-body, 25,  52.63, 19.57, 18.96, 0.00, 0.88, 1724, 1723, 0, 57.8, , 1
C, n-body, 25,  52.78, 19.84, 19.23, 0.00, 0.88, 1725, 1725, 0, 57.5, , 1
C, n-body, 25,  52.82, 19.67, 19.05, 0.00, 0.88, 1724, 1723, 0, 57.0, , 1
C, n-body, 25,  52.85, 19.70, 19.09, 0.00, 0.88, 1725, 1725, 0, 57.8, , 1
C, n-body, 25,  53.08, 19.67, 19.04, 0.00, 0.88, 1726, 1725, 0, 57.8, , 1
C, n-body, 25,  52.86, 19.67, 19.05, 0.00, 0.88, 1725, 1725, 0, 57.2, , 1
C, n-body, 25,  52.69, 19.62, 19.01, 0.00, 0.88, 1724, 1723, 0, 57.2, , 1
C, n-body, 25,  52.98, 19.82, 19.21, 0.00, 0.88, 1726, 1725, 0, 57.5, , 1
C, n-body, 25,  52.90, 19.64, 19.03, 0.00, 0.88, 1725, 1724, 0, 57.2, , 1
C, n-body, 25,  52.88, 19.85, 19.23, 0.00, 0.88, 1725, 1723, 1, 57.2, , 1
C, n-body, 25,  52.71, 19.81, 19.19, 0.00, 0.88, 1725, 1724, 1, 57.0, , 1
C, n-body, 25,  52.91, 19.90, 19.28, 0.00, 0.88, 1726, 1725, 1, 57.5, , 1
C, n-body, 25,  52.72, 19.54, 18.93, 0.00, 0.88, 1725, 1724, 0, 57.0, , 1
C, n-body, 25,  52.71, 19.96, 19.33, 0.00, 0.88, 1724, 1722, 0, 56.8, , 1
C, n-body, 25,  52.56, 19.96, 19.35, 0.00, 0.88, 1725, 1724, 0, 56.8, , 1
C, n-body, 25,  52.58, 19.77, 19.15, 0.00, 0.88, 1725, 1725, 0, 56.5, , 1
C, n-body, 25,  52.46, 19.41, 18.80, 0.00, 0.88, 1724, 1723, 0, 56.8, , 1
C, regex-redux, 25,  29.70, 14.29, 13.99, 0.00, 0.62, 728, 1895, 85, 52.8, , 1
C, regex-redux, 25,  29.71, 14.38, 14.08, 0.00, 0.62, 727, 1906, 75, 58.2, , 1
C, regex-redux, 25,  29.63, 14.37, 14.07, 0.00, 0.62, 729, 1892, 90, 52.5, , 1
C, regex-redux, 25,  29.76, 14.38, 14.09, 0.00, 0.62, 726, 1893, 85, 58.0, , 1
C, regex-redux, 25,  29.65, 14.28, 14.00, 0.00, 0.62, 726, 1904, 73, 52.8, , 1
C, regex-redux, 25,  29.69, 14.34, 14.05, 0.00, 0.62, 726, 1907, 78, 58.5, , 1
C, regex-redux, 25,  29.59, 14.37, 14.08, 0.00, 0.62, 729, 1908, 82, 52.5, , 1
C, regex-redux, 25,  29.59, 14.32, 14.04, 0.00, 0.62, 727, 1910, 76, 58.2, , 1
C, regex-redux, 25,  29.66, 14.32, 14.02, 0.00, 0.62, 727, 1908, 74, 52.5, , 1
C, regex-redux, 25,  29.70, 14.32, 14.03, 0.00, 0.62, 726, 1889, 85, 57.8, , 1
C, regex-redux, 25,  29.59, 14.33, 14.05, 0.00, 0.62, 727, 1907, 77, 52.5, , 1
C, regex-redux, 25,  29.82, 14.36, 14.08, 0.00, 0.62, 727, 1900, 83, 58.5, , 1
C, regex-redux, 25,  29.70, 14.39, 14.10, 0.00, 0.62, 728, 1902, 84, 52.8, , 1
C, regex-redux, 25,  29.77, 14.41, 14.13, 0.00, 0.62, 728, 1899, 86, 58.2, , 1
C, regex-redux, 25,  29.54, 14.34, 14.06, 0.00, 0.62, 727, 1897, 86, 52.5, , 1
C, regex-redux, 25,  29.67, 14.34, 14.06, 0.00, 0.62, 729, 1909, 83, 58.5, , 1
C, regex-redux, 25,  29.67, 14.33, 14.03, 0.00, 0.62, 726, 1898, 82, 52.5, , 1
C, regex-redux, 25,  29.77, 14.39, 14.10, 0.00, 0.62, 727, 1905, 77, 57.2, , 1
C, regex-redux, 25,  29.64, 14.34, 14.05, 0.00, 0.62, 728, 1901, 83, 52.5, , 1
C, regex-redux, 25,  29.81, 14.37, 14.08, 0.00, 0.62, 728, 1904, 79, 58.8, , 1
C, reverse-complement, 25,  3.41, 1.37, 1.31, 0.00, 0.16, 96, 52, 79, 52.5, , 1
C, reverse-complement, 25,  3.36, 1.34, 1.28, 0.00, 0.15, 94, 51, 78, 52.5, , 1
C, reverse-complement, 25,  3.42, 1.35, 1.29, 0.00, 0.16, 94, 55, 75, 52.5, , 1
C, reverse-complement, 25,  3.34, 1.31, 1.25, 0.00, 0.16, 95, 57, 75, 52.5, , 1
C, reverse-complement, 25,  3.36, 1.33, 1.26, 0.00, 0.15, 93, 51, 78, 52.5, , 1
C, reverse-complement, 25,  3.37, 1.33, 1.28, 0.00, 0.15, 93, 48, 80, 52.5, , 1
C, reverse-complement, 25,  3.38, 1.33, 1.26, 0.00, 0.15, 93, 51, 77, 52.5, , 1
C, reverse-complement, 25,  3.32, 1.28, 1.22, 0.00, 0.16, 94, 51, 78, 52.5, , 1
C, reverse-complement, 25,  3.24, 1.17, 1.10, 0.00, 0.16, 102, 52, 88, 57.0, , 1
C, reverse-complement, 25,  3.32, 1.34, 1.26, 0.00, 0.16, 94, 53, 76, 52.2, , 1
C, reverse-complement, 25,  3.37, 1.33, 1.26, 0.00, 0.15, 93, 53, 76, 52.2, , 1
C, reverse-complement, 25,  3.39, 1.34, 1.27, 0.00, 0.16, 94, 52, 77, 52.2, , 1
C, reverse-complement, 25,  3.39, 1.33, 1.26, 0.00, 0.16, 95, 48, 83, 52.2, , 1
C, reverse-complement, 25,  3.28, 1.24, 1.16, 0.00, 0.16, 99, 55, 79, 52.2, , 1
C, reverse-complement, 25,  3.37, 1.30, 1.24, 0.00, 0.16, 97, 50, 83, 52.2, , 1
C, reverse-complement, 25,  3.34, 1.31, 1.25, 0.00, 0.15, 94, 53, 76, 52.2, , 1
C, reverse-complement, 25,  3.43, 1.35, 1.28, 0.00, 0.16, 95, 51, 79, 52.2, , 1
C, reverse-complement, 25,  3.24, 1.26, 1.19, 0.00, 0.16, 97, 51, 81, 57.5, , 1
C, reverse-complement, 25,  3.29, 1.32, 1.26, 0.00, 0.16, 94, 44, 83, 52.2, , 1
C, reverse-complement, 25,  3.39, 1.32, 1.25, 0.00, 0.16, 97, 50, 82, 52.2, , 1
C, spectral-norm, 25,  15.56, 8.41, 8.30, 0.00, 0.18, 338, 1348, 1, 60.5, , 1
C, spectral-norm, 25,  15.73, 8.42, 8.31, 0.00, 0.17, 337, 1347, 0, 52.0, , 1
C, spectral-norm, 25,  15.61, 8.33, 8.23, 0.00, 0.18, 339, 1354, 0, 52.0, , 1
C, spectral-norm, 25,  15.71, 8.41, 8.30, 0.00, 0.18, 337, 1346, 0, 60.8, , 1
C, spectral-norm, 25,  15.65, 8.43, 8.32, 0.00, 0.17, 338, 1350, 0, 52.8, , 1
C, spectral-norm, 25,  15.66, 8.38, 8.24, 0.00, 0.18, 339, 1353, 0, 52.8, , 1
C, spectral-norm, 25,  15.70, 8.34, 8.21, 0.00, 0.18, 338, 1349, 0, 61.8, , 1
C, spectral-norm, 25,  15.69, 8.44, 8.32, 0.00, 0.17, 338, 1349, 0, 52.5, , 1
C, spectral-norm, 25,  15.63, 8.39, 8.29, 0.00, 0.17, 337, 1346, 0, 52.5, , 1
C, spectral-norm, 25,  15.72, 8.40, 8.28, 0.00, 0.18, 338, 1347, 0, 60.8, , 1
C, spectral-norm, 25,  15.70, 8.43, 8.31, 0.00, 0.17, 337, 1346, 1, 52.8, , 1
C, spectral-norm, 25,  15.65, 8.33, 8.22, 0.00, 0.17, 339, 1354, 0, 52.8, , 1
C, spectral-norm, 25,  15.70, 8.41, 8.29, 0.00, 0.17, 337, 1346, 0, 61.8, , 1
C, spectral-norm, 25,  15.70, 8.48, 8.35, 0.00, 0.18, 339, 1354, 0, 53.0, , 1
C, spectral-norm, 25,  15.71, 8.38, 8.25, 0.00, 0.18, 339, 1352, 1, 53.0, , 1
C, spectral-norm, 25,  15.70, 8.43, 8.31, 0.00, 0.18, 339, 1353, 0, 61.8, , 1
C, spectral-norm, 25,  15.64, 8.43, 8.32, 0.00, 0.18, 338, 1350, 0, 52.8, , 1
C, spectral-norm, 25,  15.72, 8.41, 8.30, 0.00, 0.17, 337, 1346, 0, 52.8, , 1
C, spectral-norm, 25,  15.64, 8.32, 8.21, 0.00, 0.17, 339, 1354, 0, 62.0, , 1
C, spectral-norm, 25,  15.63, 8.43, 8.32, 0.00, 0.17, 338, 1348, 1, 52.8, , 1
C++, binary-trees, 25,  38.03, 18.99, 18.47, 0.00, 1.09, 874, 2877, 96, 53.2, , 1
C++, binary-trees, 25,  41.20, 20.86, 20.28, 0.00, 1.23, 917, 3026, 167, 59.2, , 1
C++, binary-trees, 25,  39.76, 20.08, 19.53, 0.00, 1.13, 904, 2975, 146, 52.5, , 1
C++, binary-trees, 25,  38.69, 19.69, 19.17, 0.00, 1.09, 870, 2930, 97, 59.8, , 1
C++, binary-trees, 25,  40.24, 20.13, 19.62, 0.00, 1.09, 920, 2976, 153, 52.8, , 1
C++, binary-trees, 25,  39.97, 20.12, 19.61, 0.00, 1.09, 899, 2952, 153, 59.5, , 1
C++, binary-trees, 25,  40.14, 20.19, 19.67, 0.00, 1.10, 912, 2976, 142, 53.0, , 1
C++, binary-trees, 25,  41.12, 20.86, 20.27, 0.00, 1.23, 915, 3028, 169, 60.0, , 1
C++, binary-trees, 25,  42.19, 21.16, 20.55, 0.00, 1.27, 962, 3086, 204, 52.8, , 1
C++, binary-trees, 25,  40.25, 20.50, 19.99, 0.00, 1.08, 903, 2986, 141, 59.8, , 1
C++, binary-trees, 25,  40.67, 20.41, 19.85, 0.00, 1.18, 927, 3041, 135, 53.0, , 1
C++, binary-trees, 25,  38.95, 19.54, 19.05, 0.00, 1.10, 864, 2904, 107, 59.5, , 1
C++, binary-trees, 25,  38.86, 19.31, 18.82, 0.00, 1.12, 885, 2908, 111, 53.5, , 1
C++, binary-trees, 25,  39.86, 20.18, 19.66, 0.00, 1.08, 890, 2937, 139, 59.5, , 1
C++, binary-trees, 25,  39.32, 19.75, 19.20, 0.00, 1.15, 890, 2935, 134, 53.2, , 1
C++, binary-trees, 25,  40.60, 20.50, 19.95, 0.00, 1.17, 906, 2999, 144, 59.8, , 1
C++, binary-trees, 25,  40.45, 20.28, 19.76, 0.00, 1.10, 924, 2996, 150, 53.2, , 1
C++, binary-trees, 25,  40.74, 20.50, 19.94, 0.00, 1.19, 911, 3013, 138, 59.5, , 1
C++, binary-trees, 25,  38.93, 19.53, 19.01, 0.00, 1.09, 887, 2893, 126, 52.8, , 1
C++, binary-trees, 25,  40.34, 20.37, 19.84, 0.00, 1.14, 903, 2945, 179, 59.5, , 1
C++, fannkuch-redux, 25,  163.45, 88.01, 86.74, 0.00, 1.81, 3546, 14073, 1, 61.2, , 1
C++, fannkuch-redux, 25,  163.91, 88.10, 86.83, 0.00, 1.81, 3549, 14086, 0, 61.2, , 1
C++, fannkuch-redux, 25,  163.76, 87.92, 86.65, 0.00, 1.81, 3543, 14065, 0, 61.5, , 1
C++, fannkuch-redux, 25,  164.38, 88.01, 86.73, 0.00, 1.81, 3546, 14075, 0, 61.8, , 1
C++, fannkuch-redux, 25,  165.04, 87.99, 86.72, 0.00, 1.81, 3547, 14072, 0, 61.2, , 1
C++, fannkuch-redux, 25,  164.91, 87.97, 86.70, 0.00, 1.81, 3544, 14069, 0, 61.5, , 1
C++, fannkuch-redux, 25,  164.55, 88.15, 86.88, 0.00, 1.81, 3549, 14091, 2, 61.8, , 1
C++, fannkuch-redux, 25,  164.25, 88.21, 86.93, 0.00, 1.82, 3553, 14099, 1, 62.2, , 1
C++, fannkuch-redux, 25,  164.37, 87.98, 86.71, 0.00, 1.81, 3546, 14072, 0, 62.0, , 1
C++, fannkuch-redux, 25,  164.57, 88.26, 86.99, 0.00, 1.82, 3555, 14110, 0, 61.8, , 1
C++, fannkuch-redux, 25,  164.51, 88.19, 86.92, 0.00, 1.81, 3551, 14098, 0, 62.0, , 1
C++, fannkuch-redux, 25,  164.69, 88.17, 86.90, 0.00, 1.81, 3550, 14095, 0, 62.0, , 1
C++, fannkuch-redux, 25,  166.64, 88.43, 87.14, 0.00, 1.82, 3560, 14129, 1, 61.8, , 1
C++, fannkuch-redux, 25,  164.54, 88.41, 87.14, 0.00, 1.82, 3561, 14129, 1, 61.5, , 1
C++, fannkuch-redux, 25,  165.05, 88.24, 86.95, 0.00, 1.82, 3554, 14108, 0, 62.0, , 1
C++, fannkuch-redux, 25,  165.03, 88.20, 86.93, 0.00, 1.81, 3552, 14100, 0, 62.5, , 1
C++, fannkuch-redux, 25,  165.05, 88.41, 87.15, 0.00, 1.82, 3560, 14122, 1, 61.8, , 1
C++, fannkuch-redux, 25,  164.32, 88.29, 87.02, 0.00, 1.82, 3557, 14110, 2, 61.5, , 1
C++, fannkuch-redux, 25,  168.24, 89.58, 88.26, 0.00, 1.88, 3678, 14106, 1, 59.2, , 1
C++, fannkuch-redux, 25,  164.08, 88.24, 86.97, 0.00, 1.81, 3554, 14104, 2, 62.0, , 1
C++, fasta, 25,  22.32, 9.37, 9.12, 0.00, 0.34, 659, 1309, 3, 54.2, , 1
C++, fasta, 25,  22.50, 9.50, 9.27, 0.00, 0.34, 659, 1306, 4, 58.5, , 1
C++, fasta, 25,  22.38, 9.43, 9.19, 0.00, 0.34, 659, 1305, 7, 54.0, , 1
C++, fasta, 25,  22.42, 9.48, 9.25, 0.00, 0.34, 659, 1302, 8, 59.5, , 1
C++, fasta, 25,  22.43, 9.44, 9.19, 0.00, 0.34, 659, 1305, 7, 54.0, , 1
C++, fasta, 25,  22.47, 9.46, 9.23, 0.00, 0.34, 659, 1305, 6, 59.2, , 1
C++, fasta, 25,  22.31, 9.43, 9.20, 0.00, 0.34, 659, 1303, 9, 54.2, , 1
C++, fasta, 25,  22.37, 9.53, 9.30, 0.00, 0.34, 658, 1304, 6, 59.8, , 1
C++, fasta, 25,  22.49, 9.49, 9.25, 0.00, 0.34, 659, 1301, 11, 54.0, , 1
C++, fasta, 25,  22.49, 9.51, 9.27, 0.00, 0.34, 659, 1308, 3, 58.5, , 1
C++, fasta, 25,  22.36, 9.47, 9.24, 0.00, 0.34, 659, 1305, 5, 54.0, , 1
C++, fasta, 25,  22.51, 9.54, 9.31, 0.00, 0.34, 659, 1307, 5, 59.0, , 1
C++, fasta, 25,  22.46, 9.42, 9.19, 0.00, 0.34, 659, 1308, 5, 53.8, , 1
C++, fasta, 25,  22.36, 9.44, 9.20, 0.00, 0.34, 659, 1304, 6, 58.5, , 1
C++, fasta, 25,  22.44, 9.52, 9.28, 0.00, 0.34, 660, 1306, 8, 53.5, , 1
C++, fasta, 25,  22.46, 9.50, 9.27, 0.00, 0.34, 659, 1305, 7, 59.2, , 1
C++, fasta, 25,  22.31, 9.44, 9.21, 0.00, 0.34, 659, 1307, 5, 54.0, , 1
C++, fasta, 25,  22.45, 9.50, 9.27, 0.00, 0.34, 659, 1301, 11, 58.5, , 1
C++, fasta, 25,  22.32, 9.40, 9.17, 0.00, 0.34, 659, 1307, 5, 53.5, , 1
C++, fasta, 25,  22.47, 9.41, 9.18, 0.00, 0.34, 659, 1305, 6, 58.8, , 1
C++, k-nucleotide, 25,  78.28, 36.97, 35.39, 0.00, 3.65, 1779, 5416, 151, 59.0, , 1
C++, k-nucleotide, 25,  78.58, 36.85, 35.27, 0.00, 3.69, 1792, 5414, 166, 59.5, , 1
C++, k-nucleotide, 25,  78.55, 37.07, 35.49, 0.00, 3.72, 1795, 5480, 150, 60.0, , 1
C++, k-nucleotide, 25,  77.62, 36.77, 35.22, 0.00, 3.64, 1772, 5393, 164, 60.0, , 1
C++, k-nucleotide, 25,  77.83, 36.95, 35.38, 0.00, 3.64, 1778, 5428, 156, 60.2, , 1
C++, k-nucleotide, 25,  78.66, 37.12, 35.53, 0.00, 3.72, 1799, 5510, 154, 60.0, , 1
C++, k-nucleotide, 25,  78.76, 37.35, 35.76, 0.00, 3.73, 1810, 5516, 146, 60.0, , 1
C++, k-nucleotide, 25,  78.54, 37.28, 35.69, 0.00, 3.71, 1801, 5473, 141, 59.8, , 1
C++, k-nucleotide, 25,  76.65, 36.46, 34.94, 0.00, 3.51, 1754, 5277, 146, 59.0, , 1
C++, k-nucleotide, 25,  78.03, 37.11, 35.54, 0.00, 3.64, 1779, 5410, 158, 60.0, , 1
C++, k-nucleotide, 25,  77.73, 36.87, 35.31, 0.00, 3.64, 1783, 5383, 160, 59.2, , 1
C++, k-nucleotide, 25,  78.00, 36.85, 35.27, 0.00, 3.65, 1783, 5402, 170, 59.5, , 1
C++, k-nucleotide, 25,  78.41, 37.25, 35.67, 0.00, 3.67, 1793, 5445, 158, 59.5, , 1
C++, k-nucleotide, 25,  77.43, 36.63, 35.08, 0.00, 3.59, 1772, 5339, 159, 59.5, , 1
C++, k-nucleotide, 25,  79.13, 37.30, 35.71, 0.00, 3.75, 1810, 5495, 154, 59.2, , 1
C++, k-nucleotide, 25,  78.41, 37.10, 35.50, 0.00, 3.70, 1796, 5433, 156, 59.2, , 1
C++, k-nucleotide, 25,  77.54, 36.75, 35.20, 0.00, 3.59, 1770, 5381, 140, 59.8, , 1
C++, k-nucleotide, 25,  79.58, 37.66, 36.05, 0.00, 3.78, 1817, 5539, 163, 59.8, , 1
C++, k-nucleotide, 25,  78.13, 37.05, 35.49, 0.00, 3.65, 1795, 5412, 146, 60.5, , 1
C++, k-nucleotide, 25,  78.66, 36.91, 35.35, 0.00, 3.67, 1795, 5435, 150, 60.0, , 1
C++, mandelbrot, 25,  36.85, 19.66, 19.37, 0.00, 0.42, 802, 3129, 15, 53.5, , 1
C++, mandelbrot, 25,  36.98, 19.68, 19.39, 0.00, 0.42, 802, 3132, 12, 60.0, , 1
C++, mandelbrot, 25,  36.97, 19.71, 19.42, 0.00, 0.42, 803, 3129, 18, 54.0, , 1
C++, mandelbrot, 25,  36.95, 19.68, 19.39, 0.00, 0.42, 802, 3133, 13, 60.2, , 1
C++, mandelbrot, 25,  36.84, 19.67, 19.40, 0.00, 0.42, 802, 3125, 20, 54.0, , 1
C++, mandelbrot, 25,  36.80, 19.55, 19.26, 0.00, 0.42, 809, 3154, 16, 60.2, , 1
C++, mandelbrot, 25,  36.91, 19.71, 19.42, 0.00, 0.42, 803, 3129, 18, 54.2, , 1
C++, mandelbrot, 25,  36.99, 19.65, 19.36, 0.00, 0.42, 803, 3135, 13, 61.0, , 1
C++, mandelbrot, 25,  36.87, 19.74, 19.44, 0.00, 0.42, 804, 3139, 11, 54.0, , 1
C++, mandelbrot, 25,  36.79, 19.63, 19.34, 0.00, 0.42, 805, 3144, 13, 61.0, , 1
C++, mandelbrot, 25,  36.73, 19.73, 19.44, 0.00, 0.42, 804, 3138, 13, 54.2, , 1
C++, mandelbrot, 25,  36.79, 19.73, 19.44, 0.00, 0.42, 804, 3138, 14, 61.0, , 1
C++, mandelbrot, 25,  36.73, 19.73, 19.45, 0.00, 0.42, 804, 3141, 12, 53.8, , 1
C++, mandelbrot, 25,  36.81, 19.69, 19.40, 0.00, 0.42, 808, 3150, 17, 60.5, , 1
C++, mandelbrot, 25,  36.86, 19.77, 19.47, 0.00, 0.42, 805, 3144, 13, 53.8, , 1
C++, mandelbrot, 25,  36.80, 19.72, 19.43, 0.00, 0.42, 804, 3143, 11, 60.5, , 1
C++, mandelbrot, 25,  36.74, 19.73, 19.45, 0.00, 0.42, 804, 3139, 14, 54.0, , 1
C++, mandelbrot, 25,  36.83, 19.72, 19.42, 0.00, 0.42, 805, 3148, 10, 60.2, , 1
C++, mandelbrot, 25,  36.89, 19.79, 19.50, 0.00, 0.42, 807, 3139, 15, 53.8, , 1
C++, mandelbrot, 25,  36.78, 19.66, 19.38, 0.00, 0.42, 805, 3135, 22, 60.8, , 1
C++, n-body, 25,  53.68, 20.66, 20.05, 0.00, 0.88, 1717, 1717, 0, 58.5, , 1
C++, n-body, 25,  53.36, 20.43, 19.82, 0.00, 0.88, 1714, 1714, 0, 58.0, , 1
C++, n-body, 25,  53.46, 20.56, 19.94, 0.00, 0.88, 1716, 1716, 0, 58.2, , 1
C++, n-body, 25,  53.44, 20.48, 19.88, 0.00, 0.88, 1717, 1716, 0, 58.0, , 1
C++, n-body, 25,  53.41, 20.44, 19.82, 0.00, 0.88, 1715, 1714, 1, 58.0, , 1
C++, n-body, 25,  53.27, 20.40, 19.78, 0.00, 0.88, 1713, 1712, 0, 57.5, , 1
C++, n-body, 25,  53.28, 20.43, 19.81, 0.00, 0.88, 1714, 1713, 0, 57.5, , 1
C++, n-body, 25,  53.40, 20.42, 19.81, 0.00, 0.88, 1714, 1713, 0, 57.8, , 1
C++, n-body, 25,  53.26, 20.42, 19.81, 0.00, 0.88, 1715, 1715, 0, 58.0, , 1
C++, n-body, 25,  53.63, 20.35, 19.74, 0.00, 0.88, 1714, 1712, 0, 57.5, , 1
C++, n-body, 25,  53.57, 20.36, 19.75, 0.00, 0.87, 1712, 1711, 1, 57.0, , 1
C++, n-body, 25,  53.63, 20.40, 19.79, 0.00, 0.88, 1712, 1711, 1, 58.0, , 1
C++, n-body, 25,  53.53, 20.37, 19.76, 0.00, 0.88, 1713, 1710, 1, 57.2, , 1
C++, n-body, 25,  53.40, 20.39, 19.77, 0.00, 0.88, 1715, 1714, 1, 57.8, , 1
C++, n-body, 25,  53.60, 20.56, 19.95, 0.00, 0.88, 1718, 1717, 0, 57.0, , 1
C++, n-body, 25,  53.64, 20.58, 19.95, 0.00, 0.88, 1720, 1718, 0, 56.2, , 1
C++, n-body, 25,  53.40, 20.43, 19.83, 0.00, 0.88, 1714, 1712, 1, 57.5, , 1
C++, n-body, 25,  53.52, 20.39, 19.79, 0.00, 0.88, 1715, 1713, 1, 57.2, , 1
C++, n-body, 25,  53.43, 20.35, 19.74, 0.00, 0.88, 1713, 1713, 0, 57.0, , 1
C++, n-body, 25,  53.55, 20.44, 19.83, 0.00, 0.88, 1715, 1714, 1, 56.8, , 1
C++, regex-redux, 25,  39.16, 17.32, 16.88, 0.00, 0.86, 1063, 1884, 161, 57.2, , 1
C++, regex-redux, 25,  36.75, 16.59, 16.18, 0.00, 0.81, 967, 1895, 161, 52.2, , 1
C++, regex-redux, 25,  36.58, 16.57, 16.18, 0.00, 0.80, 963, 1895, 161, 57.2, , 1
C++, regex-redux, 25,  38.40, 17.07, 16.64, 0.00, 0.84, 1044, 1873, 163, 56.8, , 1
C++, regex-redux, 25,  36.45, 16.45, 16.04, 0.00, 0.80, 956, 1890, 173, 52.2, , 1
C++, regex-redux, 25,  36.84, 16.55, 16.14, 0.00, 0.79, 969, 1882, 156, 56.8, , 1
C++, regex-redux, 25,  38.18, 17.00, 16.57, 0.00, 0.83, 1035, 1867, 159, 57.5, , 1
C++, regex-redux, 25,  36.37, 16.43, 16.03, 0.00, 0.79, 958, 1899, 153, 52.2, , 1
C++, regex-redux, 25,  38.79, 17.18, 16.74, 0.00, 0.85, 1044, 1880, 161, 57.0, , 1
C++, regex-redux, 25,  36.58, 16.51, 16.11, 0.00, 0.79, 963, 1893, 158, 52.2, , 1
C++, regex-redux, 25,  36.43, 16.48, 16.07, 0.00, 0.79, 954, 1902, 152, 56.8, , 1
C++, regex-redux, 25,  38.32, 17.11, 16.69, 0.00, 0.84, 1034, 1877, 148, 56.8, , 1
C++, regex-redux, 25,  38.02, 17.05, 16.62, 0.00, 0.83, 1026, 1878, 157, 56.8, , 1
C++, regex-redux, 25,  38.27, 17.16, 16.72, 0.00, 0.85, 1028, 1887, 154, 57.0, , 1
C++, regex-redux, 25,  37.25, 16.84, 16.42, 0.00, 0.82, 993, 1877, 167, 57.2, , 1
C++, regex-redux, 25,  38.77, 17.16, 16.73, 0.00, 0.85, 1046, 1870, 167, 57.0, , 1
C++, regex-redux, 25,  37.26, 16.73, 16.32, 0.00, 0.82, 984, 1886, 162, 56.5, , 1
C++, regex-redux, 25,  38.99, 17.28, 16.83, 0.00, 0.85, 1058, 1870, 148, 56.8, , 1
C++, regex-redux, 25,  38.65, 17.18, 16.75, 0.00, 0.85, 1047, 1867, 165, 56.8, , 1
C++, regex-redux, 25,  39.19, 17.35, 16.90, 0.00, 0.87, 1071, 1859, 171, 56.8, , 1
C++, reverse-complement, 25,  4.91, 1.80, 1.70, 0.00, 0.21, 150, 61, 88, 52.0, , 1
C++, reverse-complement, 25,  4.93, 1.82, 1.73, 0.00, 0.21, 150, 66, 83, 52.0, , 1
C++, reverse-complement, 25,  4.93, 1.80, 1.71, 0.00, 0.21, 150, 67, 83, 52.0, , 1
C++, reverse-complement, 25,  4.90, 1.80, 1.70, 0.00, 0.21, 150, 62, 87, 52.0, , 1
C++, reverse-complement, 25,  4.95, 1.79, 1.69, 0.00, 0.21, 150, 68, 81, 52.0, , 1
C++, reverse-complement, 25,  4.88, 1.78, 1.69, 0.00, 0.21, 149, 66, 82, 56.2, , 1
C++, reverse-complement, 25,  4.87, 1.80, 1.70, 0.00, 0.21, 150, 62, 88, 51.8, , 1
C++, reverse-complement, 25,  4.91, 1.79, 1.69, 0.00, 0.21, 150, 75, 75, 51.8, , 1
C++, reverse-complement, 25,  4.99, 1.82, 1.72, 0.00, 0.21, 150, 69, 80, 51.8, , 1
C++, reverse-complement, 25,  4.94, 1.83, 1.73, 0.00, 0.21, 150, 61, 89, 51.8, , 1
C++, reverse-complement, 25,  4.94, 1.83, 1.73, 0.00, 0.21, 149, 64, 84, 51.8, , 1
C++, reverse-complement, 25,  4.89, 1.83, 1.73, 0.00, 0.21, 150, 63, 85, 56.5, , 1
C++, reverse-complement, 25,  4.84, 1.81, 1.71, 0.00, 0.21, 149, 66, 83, 52.0, , 1
C++, reverse-complement, 25,  4.89, 1.81, 1.71, 0.00, 0.21, 149, 69, 79, 52.0, , 1
C++, reverse-complement, 25,  4.89, 1.82, 1.73, 0.00, 0.21, 150, 77, 73, 52.0, , 1
C++, reverse-complement, 25,  4.85, 1.80, 1.71, 0.00, 0.21, 150, 60, 89, 52.0, , 1
C++, reverse-complement, 25,  4.93, 1.82, 1.72, 0.00, 0.21, 149, 68, 81, 52.0, , 1
C++, reverse-complement, 25,  4.91, 1.83, 1.73, 0.00, 0.21, 150, 60, 89, 56.2, , 1
C++, reverse-complement, 25,  4.93, 1.83, 1.73, 0.00, 0.21, 150, 68, 82, 51.8, , 1
C++, reverse-complement, 25,  4.98, 1.84, 1.75, 0.00, 0.21, 150, 65, 84, 51.8, , 1
C++, spectral-norm, 25,  15.80, 8.35, 8.21, 0.00, 0.18, 353, 1408, 0, 52.0, , 1
C++, spectral-norm, 25,  15.73, 8.36, 8.25, 0.00, 0.18, 353, 1407, 0, 52.0, , 1
C++, spectral-norm, 25,  15.71, 8.33, 8.22, 0.00, 0.18, 352, 1406, 0, 60.2, , 1
C++, spectral-norm, 25,  15.95, 8.40, 8.27, 0.00, 0.19, 356, 1415, 1, 52.2, , 1
C++, spectral-norm, 25,  15.83, 8.36, 8.24, 0.00, 0.18, 353, 1409, 0, 52.2, , 1
C++, spectral-norm, 25,  15.72, 8.35, 8.23, 0.00, 0.18, 352, 1400, 4, 60.8, , 1
C++, spectral-norm, 25,  15.67, 8.30, 8.19, 0.00, 0.18, 353, 1408, 1, 52.0, , 1
C++, spectral-norm, 25,  15.71, 8.35, 8.24, 0.00, 0.18, 352, 1406, 0, 52.0, , 1
C++, spectral-norm, 25,  15.79, 8.35, 8.22, 0.00, 0.18, 352, 1405, 1, 60.5, , 1
C++, spectral-norm, 25,  15.76, 8.34, 8.22, 0.00, 0.18, 353, 1408, 0, 52.0, , 1
C++, spectral-norm, 25,  15.74, 8.35, 8.22, 0.00, 0.18, 352, 1405, 1, 52.0, , 1
C++, spectral-norm, 25,  15.83, 8.41, 8.29, 0.00, 0.18, 352, 1404, 3, 60.0, , 1
C++, spectral-norm, 25,  15.80, 8.33, 8.21, 0.00, 0.18, 352, 1406, 0, 52.0, , 1
C++, spectral-norm, 25,  15.76, 8.33, 8.22, 0.00, 0.18, 352, 1405, 0, 52.0, , 1
C++, spectral-norm, 25,  15.92, 8.38, 8.26, 0.00, 0.18, 353, 1409, 0, 60.8, , 1
C++, spectral-norm, 25,  15.73, 8.33, 8.20, 0.00, 0.18, 353, 1407, 0, 52.2, , 1
C++, spectral-norm, 25,  15.80, 8.34, 8.21, 0.00, 0.18, 352, 1404, 1, 52.2, , 1
C++, spectral-norm, 25,  15.84, 8.34, 8.23, 0.00, 0.18, 353, 1406, 0, 60.2, , 1
C++, spectral-norm, 25,  15.69, 8.30, 8.17, 0.00, 0.18, 352, 1405, 0, 52.0, , 1
C++, spectral-norm, 25,  15.79, 8.36, 8.23, 0.00, 0.18, 354, 1409, 0, 52.0, , 1
Java, binary-trees, 25,  96.70, 46.40, 44.12, 0.00, 5.08, 2086, 5958, 779, 57.5, , 1
Java, binary-trees, 25,  97.95, 47.13, 44.84, 0.00, 5.11, 2113, 6048, 743, 57.2, , 1
Java, binary-trees, 25,  95.00, 45.71, 43.45, 0.00, 5.06, 2052, 5901, 772, 57.5, , 1
Java, binary-trees, 25,  96.29, 46.11, 43.85, 0.00, 5.07, 2076, 5947, 773, 57.8, , 1
Java, binary-trees, 25,  97.90, 46.86, 44.57, 0.00, 5.12, 2107, 6081, 758, 57.5, , 1
Java, binary-trees, 25,  96.74, 46.39, 44.12, 0.00, 5.07, 2085, 5988, 740, 57.8, , 1
Java, binary-trees, 25,  101.18, 48.80, 46.50, 0.00, 5.08, 2191, 5952, 1122, 57.8, , 1
Java, binary-trees, 25,  102.12, 48.92, 46.62, 0.00, 5.10, 2225, 6051, 1080, 57.8, , 1
Java, binary-trees, 25,  97.30, 46.32, 44.03, 0.00, 5.09, 2113, 5939, 829, 58.0, , 1
Java, binary-trees, 25,  100.23, 47.99, 45.72, 0.00, 5.05, 2172, 5864, 1094, 58.0, , 1
Java, binary-trees, 25,  96.39, 46.14, 43.87, 0.00, 5.07, 2066, 5948, 768, 58.5, , 1
Java, binary-trees, 25,  102.00, 48.91, 46.61, 0.00, 5.10, 2209, 5982, 1103, 58.2, , 1
Java, binary-trees, 25,  101.16, 48.63, 46.32, 0.00, 5.09, 2198, 5979, 1095, 58.0, , 1
Java, binary-trees, 25,  101.03, 48.50, 46.20, 0.00, 5.09, 2197, 5959, 1086, 56.8, , 1
Java, binary-trees, 25,  98.15, 47.21, 44.92, 0.00, 5.12, 2112, 6059, 767, 59.0, , 1
Java, binary-trees, 25,  100.34, 48.20, 45.92, 0.00, 5.07, 2184, 5928, 1071, 57.0, , 1
Java, binary-trees, 25,  101.89, 48.97, 46.67, 0.00, 5.12, 2212, 6039, 1063, 58.2, , 1
Java, binary-trees, 25,  96.87, 46.34, 44.07, 0.00, 5.07, 2083, 6022, 743, 58.2, , 1
Java, binary-trees, 25,  97.09, 46.60, 44.32, 0.00, 5.11, 2093, 6023, 770, 58.2, , 1
Java, binary-trees, 25,  101.62, 48.63, 46.34, 0.00, 5.08, 2210, 5953, 1118, 58.2, , 1
Java, fannkuch-redux, 25,  409.77, 217.64, 214.47, 0.00, 4.50, 8790, 34659, 23, 58.0, , 1
Java, fannkuch-redux, 25,  420.59, 223.38, 220.14, 0.00, 4.61, 9004, 35568, 20, 61.2, , 1
Java, fannkuch-redux, 25,  414.35, 220.06, 216.87, 0.00, 4.55, 8871, 35043, 19, 60.5, , 1
Java, fannkuch-redux, 25,  408.25, 217.30, 214.14, 0.00, 4.51, 8810, 34817, 13, 60.2, , 1
Java, fannkuch-redux, 25,  402.19, 213.61, 210.50, 0.00, 4.44, 8668, 34219, 25, 61.0, , 1
Java, fannkuch-redux, 25,  413.93, 219.82, 216.64, 0.00, 4.53, 8853, 35035, 16, 62.2, , 1
Java, fannkuch-redux, 25,  417.18, 221.41, 218.21, 0.00, 4.57, 8928, 35239, 23, 61.2, , 1
Java, fannkuch-redux, 25,  404.47, 215.34, 212.20, 0.00, 4.47, 8728, 34524, 16, 59.5, , 1
Java, fannkuch-redux, 25,  413.83, 220.59, 217.39, 0.00, 4.55, 8896, 35102, 22, 60.5, , 1
Java, fannkuch-redux, 25,  430.43, 229.49, 226.15, 0.00, 4.74, 9254, 36539, 21, 60.5, , 1
Java, fannkuch-redux, 25,  412.32, 218.92, 215.76, 0.00, 4.52, 8825, 34856, 17, 61.2, , 1
Java, fannkuch-redux, 25,  399.19, 212.03, 208.96, 0.00, 4.38, 8551, 33749, 20, 60.8, , 1
Java, fannkuch-redux, 25,  430.90, 229.65, 226.33, 0.00, 4.74, 9255, 36568, 14, 62.0, , 1
Java, fannkuch-redux, 25,  432.10, 230.39, 227.05, 0.00, 4.76, 9296, 36696, 19, 61.0, , 1
Java, fannkuch-redux, 25,  402.36, 213.95, 210.83, 0.00, 4.45, 8689, 34276, 21, 60.2, , 1
Java, fannkuch-redux, 25,  414.73, 220.18, 216.99, 0.00, 4.55, 8881, 35033, 25, 61.0, , 1
Java, fannkuch-redux, 25,  413.42, 220.38, 217.19, 0.00, 4.55, 8891, 35074, 18, 61.0, , 1
Java, fannkuch-redux, 25,  431.16, 229.94, 226.60, 0.00, 4.75, 9275, 36612, 19, 61.2, , 1
Java, fannkuch-redux, 25,  414.01, 219.98, 216.78, 0.00, 4.55, 8882, 34982, 28, 59.0, , 1
Java, fannkuch-redux, 25,  413.78, 219.24, 216.05, 0.00, 4.53, 8851, 34889, 21, 61.0, , 1
Java, fasta, 25,  46.32, 23.51, 23.12, 0.00, 0.58, 1063, 3231, 65, 61.0, , 1
Java, fasta, 25,  45.99, 23.50, 23.12, 0.00, 0.59, 1069, 3231, 55, 60.2, , 1
Java, fasta, 25,  45.72, 23.02, 22.63, 0.00, 0.59, 1076, 3266, 61, 60.2, , 1
Java, fasta, 25,  46.45, 23.77, 23.38, 0.00, 0.60, 1079, 3263, 65, 60.2, , 1
Java, fasta, 25,  45.90, 23.64, 23.25, 0.00, 0.59, 1070, 3261, 62, 60.2, , 1
Java, fasta, 25,  45.38, 22.84, 22.44, 0.00, 0.60, 1092, 3318, 61, 60.5, , 1
Java, fasta, 25,  44.86, 22.54, 22.14, 0.00, 0.60, 1089, 3313, 64, 59.8, , 1
Java, fasta, 25,  46.17, 23.46, 23.07, 0.00, 0.60, 1082, 3275, 63, 60.8, , 1
Java, fasta, 25,  45.73, 23.35, 22.96, 0.00, 0.59, 1071, 3246, 62, 60.5, , 1
Java, fasta, 25,  45.42, 22.90, 22.51, 0.00, 0.60, 1078, 3258, 79, 59.8, , 1
Java, fasta, 25,  45.44, 23.15, 22.76, 0.00, 0.59, 1067, 3231, 62, 60.5, , 1
Java, fasta, 25,  45.54, 22.60, 22.19, 0.00, 0.62, 1107, 3343, 78, 60.0, , 1
Java, fasta, 25,  45.70, 23.07, 22.66, 0.00, 0.60, 1088, 3302, 72, 60.2, , 1
Java, fasta, 25,  45.69, 23.05, 22.65, 0.00, 0.60, 1092, 3338, 62, 59.8, , 1
Java, fasta, 25,  45.31, 22.83, 22.44, 0.00, 0.60, 1082, 3289, 60, 59.8, , 1
Java, fasta, 25,  45.90, 23.40, 23.00, 0.00, 0.59, 1082, 3289, 77, 60.2, , 1
Java, fasta, 25,  45.17, 22.29, 21.89, 0.00, 0.62, 1116, 3367, 82, 60.0, , 1
Java, fasta, 25,  44.95, 22.36, 21.96, 0.00, 0.60, 1090, 3310, 75, 57.5, , 1
Java, fasta, 25,  45.91, 23.64, 23.24, 0.00, 0.59, 1064, 3231, 73, 60.2, , 1
Java, fasta, 25,  45.18, 22.14, 21.73, 0.00, 0.61, 1105, 3344, 57, 60.0, , 1
Java, k-nucleotide, 25,  184.06, 92.78, 91.13, 0.00, 3.75, 4160, 13766, 175, 59.8, , 1
Java, k-nucleotide, 25,  171.38, 86.65, 85.09, 0.00, 3.57, 3883, 12784, 186, 59.5, , 1
Java, k-nucleotide, 25,  180.79, 91.86, 90.24, 0.00, 3.70, 4083, 13609, 177, 60.2, , 1
Java, k-nucleotide, 25,  185.47, 94.03, 92.37, 0.00, 3.76, 4209, 13963, 187, 60.0, , 1
Java, k-nucleotide, 25,  184.15, 93.12, 91.47, 0.00, 3.73, 4162, 13783, 190, 60.2, , 1
Java, k-nucleotide, 25,  184.37, 93.34, 91.70, 0.00, 3.73, 4156, 13804, 196, 59.8, , 1
Java, k-nucleotide, 25,  185.86, 94.23, 92.58, 0.00, 3.74, 4177, 14039, 180, 60.5, , 1
Java, k-nucleotide, 25,  179.62, 91.01, 89.40, 0.00, 3.65, 4057, 13556, 208, 60.5, , 1
Java, k-nucleotide, 25,  185.36, 93.51, 91.86, 0.00, 3.76, 4172, 13928, 172, 61.0, , 1
Java, k-nucleotide, 25,  182.01, 92.31, 90.70, 0.00, 3.63, 4096, 13709, 188, 60.0, , 1
Java, k-nucleotide, 25,  185.62, 93.68, 92.01, 0.00, 3.76, 4200, 13982, 178, 58.2, , 1
Java, k-nucleotide, 25,  185.03, 93.79, 92.14, 0.00, 3.76, 4167, 13851, 195, 59.8, , 1
Java, k-nucleotide, 25,  183.90, 93.18, 91.53, 0.00, 3.74, 4161, 13832, 177, 59.5, , 1
Java, k-nucleotide, 25,  183.35, 92.92, 91.28, 0.00, 3.73, 4130, 13794, 192, 60.8, , 1
Java, k-nucleotide, 25,  186.20, 94.51, 92.84, 0.00, 3.77, 4205, 13976, 184, 60.2, , 1
Java, k-nucleotide, 25,  181.60, 92.04, 90.41, 0.00, 3.70, 4110, 13626, 185, 59.8, , 1
Java, k-nucleotide, 25,  187.20, 94.98, 93.30, 0.00, 3.78, 4228, 14103, 186, 60.0, , 1
Java, k-nucleotide, 25,  188.64, 95.49, 93.83, 0.00, 3.80, 4236, 14173, 173, 60.2, , 1
Java, k-nucleotide, 25,  186.18, 94.05, 92.40, 0.00, 3.77, 4182, 14008, 179, 59.5, , 1
Java, k-nucleotide, 25,  186.75, 94.38, 92.71, 0.00, 3.74, 4216, 14032, 186, 60.0, , 1
Java, mandelbrot, 25,  152.97, 81.55, 80.35, 0.00, 1.76, 3318, 13008, 55, 61.0, , 1
Java, mandelbrot, 25,  153.35, 81.96, 80.75, 0.00, 1.77, 3336, 13100, 45, 61.5, , 1
Java, mandelbrot, 25,  153.67, 82.23, 81.02, 0.00, 1.78, 3361, 13183, 57, 60.8, , 1
Java, mandelbrot, 25,  153.08, 81.92, 80.71, 0.00, 1.76, 3328, 13048, 62, 61.0, , 1
Java, mandelbrot, 25,  153.59, 82.06, 80.86, 0.00, 1.76, 3327, 13054, 49, 61.0, , 1
Java, mandelbrot, 25,  153.22, 81.83, 80.62, 0.00, 1.76, 3323, 13030, 58, 61.2, , 1
Java, mandelbrot, 25,  147.88, 78.38, 77.21, 0.00, 1.71, 3230, 12679, 47, 61.2, , 1
Java, mandelbrot, 25,  153.92, 81.92, 80.71, 0.00, 1.77, 3333, 13042, 70, 61.2, , 1
Java, mandelbrot, 25,  150.05, 79.75, 78.56, 0.00, 1.72, 3247, 12723, 59, 59.0, , 1
Java, mandelbrot, 25,  149.00, 79.59, 78.41, 0.00, 1.72, 3231, 12670, 60, 60.8, , 1
Java, mandelbrot, 25,  153.38, 82.07, 80.86, 0.00, 1.77, 3334, 13067, 65, 61.5, , 1
Java, mandelbrot, 25,  153.83, 82.20, 80.99, 0.00, 1.77, 3340, 13098, 63, 60.8, , 1
Java, mandelbrot, 25,  148.75, 79.45, 78.27, 0.00, 1.72, 3239, 12632, 56, 60.5, , 1
Java, mandelbrot, 25,  152.95, 81.84, 80.63, 0.00, 1.75, 3316, 13009, 58, 60.8, , 1
Java, mandelbrot, 25,  151.99, 81.13, 79.94, 0.00, 1.76, 3316, 12982, 69, 61.0, , 1
Java, mandelbrot, 25,  151.63, 80.75, 79.55, 0.00, 1.76, 3327, 13024, 66, 61.0, , 1
Java, mandelbrot, 25,  153.28, 82.18, 80.98, 0.00, 1.77, 3341, 13117, 51, 61.2, , 1
Java, mandelbrot, 25,  149.47, 79.76, 78.59, 0.00, 1.72, 3248, 12704, 69, 61.2, , 1
Java, mandelbrot, 25,  153.07, 81.74, 80.54, 0.00, 1.76, 3326, 13041, 55, 60.8, , 1
Java, mandelbrot, 25,  153.72, 81.38, 80.17, 0.00, 1.77, 3347, 13121, 62, 61.8, , 1
Java, n-body, 25,  116.26, 45.94, 44.49, 0.00, 2.07, 4029, 4031, 17, 58.5, , 1
Java, n-body, 25,  116.80, 45.27, 43.81, 0.00, 2.09, 4051, 4055, 17, 57.0, , 1
Java, n-body, 25,  116.97, 45.36, 43.91, 0.00, 2.09, 4053, 4060, 15, 57.2, , 1
Java, n-body, 25,  116.05, 45.21, 43.76, 0.00, 2.08, 4028, 4038, 12, 58.0, , 1
Java, n-body, 25,  116.49, 45.59, 44.14, 0.00, 2.07, 4025, 4025, 21, 57.8, , 1
Java, n-body, 25,  116.49, 45.42, 43.96, 0.00, 2.09, 4049, 4057, 16, 58.0, , 1
Java, n-body, 25,  115.59, 45.10, 43.65, 0.00, 2.07, 4025, 4031, 17, 57.2, , 1
Java, n-body, 25,  116.13, 45.14, 43.69, 0.00, 2.09, 4050, 4055, 18, 57.5, , 1
Java, n-body, 25,  116.43, 45.10, 43.64, 0.00, 2.09, 4048, 4055, 17, 57.2, , 1
Java, n-body, 25,  117.12, 45.21, 43.76, 0.00, 2.09, 4051, 4058, 17, 57.2, , 1
Java, n-body, 25,  116.21, 45.08, 43.64, 0.00, 2.08, 4045, 4051, 17, 57.2, , 1
Java, n-body, 25,  115.74, 44.97, 43.52, 0.00, 2.08, 4048, 4055, 17, 57.8, , 1
Java, n-body, 25,  115.81, 45.09, 43.63, 0.00, 2.09, 4050, 4051, 22, 56.8, , 1
Java, n-body, 25,  115.30, 45.28, 43.83, 0.00, 2.08, 4028, 4029, 21, 55.8, , 1
Java, n-body, 25,  115.24, 45.36, 43.92, 0.00, 2.07, 4022, 4028, 16, 56.8, , 1
Java, n-body, 25,  115.35, 45.29, 43.84, 0.00, 2.07, 4027, 4033, 17, 57.2, , 1
Java, n-body, 25,  115.26, 45.71, 44.26, 0.00, 2.07, 4023, 4030, 16, 56.8, , 1
Java, n-body, 25,  115.26, 45.21, 43.77, 0.00, 2.08, 4049, 4050, 23, 56.5, , 1
Java, n-body, 25,  115.52, 45.64, 44.19, 0.00, 2.09, 4047, 4050, 21, 56.8, , 1
Java, n-body, 25,  115.68, 45.60, 44.14, 0.00, 2.08, 4046, 4054, 16, 56.8, , 1
Java, regex-redux, 25,  198.04, 98.70, 96.84, 0.00, 3.35, 4585, 14180, 282, 58.5, , 1
Java, regex-redux, 25,  201.20, 100.60, 98.69, 0.00, 3.41, 4681, 14335, 303, 58.5, , 1
Java, regex-redux, 25,  200.45, 100.17, 98.27, 0.00, 3.39, 4654, 14327, 262, 58.8, , 1
Java, regex-redux, 25,  197.13, 98.67, 96.81, 0.00, 3.33, 4558, 14198, 277, 58.5, , 1
Java, regex-redux, 25,  197.18, 98.74, 96.88, 0.00, 3.35, 4582, 14154, 278, 58.8, , 1
Java, regex-redux, 25,  199.39, 99.64, 97.75, 0.00, 3.35, 4637, 14206, 309, 57.2, , 1
Java, regex-redux, 25,  198.79, 99.58, 97.70, 0.00, 3.36, 4606, 14183, 289, 58.0, , 1
Java, regex-redux, 25,  202.85, 101.06, 99.14, 0.00, 3.42, 4728, 14375, 293, 58.2, , 1
Java, regex-redux, 25,  197.67, 98.82, 96.95, 0.00, 3.36, 4585, 14101, 293, 59.0, , 1
Java, regex-redux, 25,  198.03, 98.57, 96.69, 0.00, 3.36, 4594, 14033, 307, 58.8, , 1
Java, regex-redux, 25,  198.75, 98.76, 96.88, 0.00, 3.37, 4610, 14037, 292, 59.0, , 1
Java, regex-redux, 25,  198.56, 98.52, 96.66, 0.00, 3.34, 4601, 14047, 300, 59.5, , 1
Java, regex-redux, 25,  203.45, 102.00, 100.08, 0.00, 3.43, 4722, 14492, 306, 58.8, , 1
Java, regex-redux, 25,  201.16, 100.68, 98.79, 0.00, 3.38, 4647, 14471, 281, 59.2, , 1
Java, regex-redux, 25,  195.96, 97.95, 96.08, 0.00, 3.32, 4561, 14030, 284, 58.5, , 1
Java, regex-redux, 25,  202.00, 100.63, 98.72, 0.00, 3.40, 4690, 14354, 283, 59.5, , 1
Java, regex-redux, 25,  199.96, 99.96, 98.06, 0.00, 3.37, 4633, 14357, 288, 59.8, , 1
Java, regex-redux, 25,  194.62, 97.68, 95.83, 0.00, 3.33, 4531, 13952, 307, 60.0, , 1
Java, regex-redux, 25,  197.59, 99.05, 97.16, 0.00, 3.37, 4610, 14162, 289, 59.0, , 1
Java, regex-redux, 25,  196.44, 98.13, 96.28, 0.00, 3.34, 4546, 14110, 273, 59.5, , 1
Java, reverse-complement, 25,  23.50, 9.18, 8.80, 0.00, 0.76, 705, 528, 303, 54.0, , 1
Java, reverse-complement, 25,  23.65, 9.26, 8.88, 0.00, 0.76, 707, 520, 312, 57.8, , 1
Java, reverse-complement, 25,  23.48, 9.18, 8.80, 0.00, 0.77, 706, 523, 308, 53.8, , 1
Java, reverse-complement, 25,  23.66, 9.22, 8.84, 0.00, 0.77, 706, 513, 318, 58.5, , 1
Java, reverse-complement, 25,  23.53, 9.19, 8.81, 0.00, 0.76, 704, 524, 305, 54.0, , 1
Java, reverse-complement, 25,  23.52, 9.21, 8.83, 0.00, 0.77, 706, 524, 307, 57.8, , 1
Java, reverse-complement, 25,  23.40, 9.19, 8.81, 0.00, 0.76, 703, 522, 307, 54.0, , 1
Java, reverse-complement, 25,  23.47, 9.20, 8.82, 0.00, 0.77, 705, 529, 302, 58.0, , 1
Java, reverse-complement, 25,  23.31, 9.16, 8.79, 0.00, 0.76, 704, 519, 313, 54.0, , 1
Java, reverse-complement, 25,  23.47, 9.20, 8.82, 0.00, 0.77, 706, 521, 311, 57.8, , 1
Java, reverse-complement, 25,  23.42, 9.12, 8.75, 0.00, 0.77, 707, 510, 322, 54.0, , 1
Java, reverse-complement, 25,  23.53, 9.19, 8.81, 0.00, 0.76, 704, 508, 322, 58.0, , 1
Java, reverse-complement, 25,  23.27, 9.17, 8.79, 0.00, 0.76, 702, 512, 317, 53.5, , 1
Java, reverse-complement, 25,  23.41, 9.21, 8.84, 0.00, 0.76, 705, 512, 316, 58.0, , 1
Java, reverse-complement, 25,  23.40, 9.22, 8.84, 0.00, 0.77, 706, 509, 322, 53.2, , 1
Java, reverse-complement, 25,  23.49, 9.22, 8.84, 0.00, 0.77, 707, 522, 309, 57.2, , 1
Java, reverse-complement, 25,  23.31, 9.16, 8.78, 0.00, 0.76, 705, 525, 305, 53.5, , 1
Java, reverse-complement, 25,  23.40, 9.24, 8.86, 0.00, 0.76, 708, 522, 311, 57.5, , 1
Java, reverse-complement, 25,  23.40, 9.16, 8.78, 0.00, 0.76, 704, 529, 300, 53.8, , 1
Java, reverse-complement, 25,  23.50, 9.25, 8.87, 0.00, 0.77, 705, 533, 298, 58.0, , 1
Java, spectral-norm, 25,  24.08, 11.95, 11.75, 0.00, 0.32, 584, 2041, 23, 53.8, , 1
Java, spectral-norm, 25,  24.18, 12.64, 12.44, 0.00, 0.30, 540, 1918, 22, 59.8, , 1
Java, spectral-norm, 25,  24.32, 12.13, 11.92, 0.00, 0.32, 580, 2045, 21, 53.2, , 1
Java, spectral-norm, 25,  24.85, 12.96, 12.76, 0.00, 0.31, 559, 1963, 32, 60.8, , 1
Java, spectral-norm, 25,  24.44, 12.56, 12.36, 0.00, 0.31, 562, 1981, 29, 53.5, , 1
Java, spectral-norm, 25,  25.56, 13.40, 13.19, 0.00, 0.32, 571, 2035, 28, 60.2, , 1
Java, spectral-norm, 25,  24.60, 12.45, 12.24, 0.00, 0.32, 580, 1963, 24, 53.5, , 1
Java, spectral-norm, 25,  24.79, 12.95, 12.76, 0.00, 0.31, 555, 1980, 20, 60.8, , 1
Java, spectral-norm, 25,  24.72, 12.71, 12.49, 0.00, 0.32, 572, 1983, 26, 53.5, , 1
Java, spectral-norm, 25,  24.66, 12.83, 12.63, 0.00, 0.31, 556, 1971, 32, 60.0, , 1
Java, spectral-norm, 25,  24.08, 12.26, 12.06, 0.00, 0.31, 564, 1978, 27, 53.8, , 1
Java, spectral-norm, 25,  24.58, 12.71, 12.51, 0.00, 0.31, 555, 1943, 34, 60.0, , 1
Java, spectral-norm, 25,  24.56, 12.15, 11.93, 0.00, 0.34, 606, 2141, 24, 53.2, , 1
Java, spectral-norm, 25,  24.73, 12.90, 12.69, 0.00, 0.31, 554, 1948, 42, 59.8, , 1
Java, spectral-norm, 25,  24.75, 12.19, 11.97, 0.00, 0.34, 615, 2138, 47, 53.0, , 1
Java, spectral-norm, 25,  24.88, 12.49, 12.28, 0.00, 0.33, 600, 2045, 29, 59.8, , 1
Java, spectral-norm, 25,  24.09, 12.04, 11.83, 0.00, 0.32, 574, 2029, 26, 53.2, , 1
Java, spectral-norm, 25,  24.41, 12.70, 12.50, 0.00, 0.30, 545, 1933, 28, 60.8, , 1
Java, spectral-norm, 25,  24.32, 11.95, 11.72, 0.00, 0.34, 609, 2137, 26, 53.0, , 1
Java, spectral-norm, 25,  24.52, 12.78, 12.58, 0.00, 0.31, 547, 1930, 34, 60.0, , 1
Python, binary-trees, 25,  1560.50, 782.22, 764.88, 0.00, 35.23, 35115, 122324, 2317, 60.5, , 1
Python, binary-trees, 25,  1562.22, 784.53, 767.15, 0.00, 35.41, 35194, 122273, 2370, 61.2, , 1
Python, binary-trees, 25,  1565.15, 785.75, 768.46, 0.00, 35.16, 35083, 121822, 2252, 61.2, , 1
Python, binary-trees, 25,  1564.91, 782.37, 764.99, 0.00, 35.37, 35271, 122553, 2335, 61.8, , 1
Python, binary-trees, 25,  1564.41, 783.36, 765.96, 0.00, 35.32, 35316, 122819, 2270, 61.8, , 1
Python, binary-trees, 25,  1563.56, 785.25, 767.95, 0.00, 35.22, 34995, 121795, 2234, 61.0, , 1
Python, binary-trees, 25,  1567.05, 784.91, 767.67, 0.00, 35.20, 35005, 121585, 2396, 61.2, , 1
Python, binary-trees, 25,  1607.63, 800.01, 782.35, 0.00, 35.87, 35995, 124647, 2276, 62.0, , 1
Python, binary-trees, 25,  1573.54, 786.17, 768.87, 0.00, 35.36, 35096, 121868, 2248, 61.8, , 1
Python, binary-trees, 25,  1609.21, 804.66, 786.99, 0.00, 35.86, 36076, 125824, 2292, 61.8, , 1
Python, binary-trees, 25,  1567.14, 784.30, 767.03, 0.00, 35.20, 34984, 121587, 2431, 61.8, , 1
Python, binary-trees, 25,  1573.78, 786.74, 769.34, 0.00, 35.35, 35160, 122620, 2287, 61.2, , 1
Python, binary-trees, 25,  1562.18, 781.27, 764.02, 0.00, 35.27, 34965, 121645, 2297, 61.2, , 1
Python, binary-trees, 25,  1566.19, 782.00, 764.54, 0.00, 35.42, 35299, 122771, 2356, 61.8, , 1
Python, binary-trees, 25,  1569.88, 789.36, 771.94, 0.00, 35.35, 35193, 122633, 2290, 61.5, , 1
Python, binary-trees, 25,  1569.85, 784.53, 767.08, 0.00, 35.40, 35384, 123147, 2363, 61.5, , 1
Python, binary-trees, 25,  1622.55, 816.55, 798.88, 0.00, 35.83, 36357, 126416, 2372, 61.5, , 1
Python, binary-trees, 25,  1562.31, 780.65, 763.37, 0.00, 35.16, 35012, 121764, 2302, 61.5, , 1
Python, binary-trees, 25,  1574.95, 788.29, 770.88, 0.00, 35.30, 35182, 122166, 2309, 61.8, , 1
Python, binary-trees, 25,  1579.96, 788.32, 770.83, 0.00, 35.46, 35443, 123178, 2367, 61.0, , 1
Python, fannkuch-redux, 25,  12766.52, 6723.38, 6625.69, 0.00, 138.54, 271833, 1077414, 32, 63.0, , 1
Python, fannkuch-redux, 25,  12842.08, 6769.33, 6671.61, 0.00, 138.55, 271988, 1075076, 45, 62.0, , 1
Python, fannkuch-redux, 25,  13096.27, 6879.95, 6778.36, 0.00, 144.09, 282707, 1076613, 46, 60.5, , 1
Python, fannkuch-redux, 25,  12716.51, 6696.39, 6599.49, 0.00, 137.49, 269778, 1063685, 35, 62.8, , 1
Python, fannkuch-redux, 25,  12837.50, 6767.39, 6669.52, 0.00, 138.76, 272257, 1074215, 47, 61.5, , 1
Python, fannkuch-redux, 25,  12764.47, 6722.70, 6625.55, 0.00, 137.85, 270488, 1065688, 44, 61.8, , 1
Python, fannkuch-redux, 25,  12719.29, 6701.94, 6605.23, 0.00, 137.16, 269182, 1064510, 39, 61.8, , 1
Python, fannkuch-redux, 25,  12690.07, 6675.60, 6579.25, 0.00, 136.66, 268118, 1060332, 40, 61.8, , 1
Python, fannkuch-redux, 25,  12640.44, 6664.51, 6568.35, 0.00, 136.34, 267595, 1058579, 42, 62.0, , 1
Python, fannkuch-redux, 25,  12831.09, 6747.95, 6650.29, 0.00, 138.54, 271819, 1069872, 49, 61.2, , 1
Python, fannkuch-redux, 25,  12812.82, 6750.01, 6652.52, 0.00, 138.27, 271274, 1070365, 46, 61.8, , 1
Python, fannkuch-redux, 25,  12886.69, 6771.71, 6673.39, 0.00, 139.40, 273588, 1082751, 27, 62.2, , 1
Python, fannkuch-redux, 25,  12636.33, 6637.13, 6540.84, 0.00, 136.54, 267842, 1059142, 22, 62.0, , 1
Python, fannkuch-redux, 25,  12827.69, 6756.23, 6658.58, 0.00, 138.50, 271798, 1074685, 30, 61.8, , 1
Python, fannkuch-redux, 25,  12790.20, 6737.78, 6640.66, 0.00, 137.82, 270372, 1069498, 44, 62.8, , 1
Python, fannkuch-redux, 25,  12701.30, 6682.21, 6585.79, 0.00, 136.83, 268503, 1061424, 30, 61.5, , 1
Python, fannkuch-redux, 25,  12823.13, 6728.68, 6631.26, 0.00, 138.14, 271078, 1067048, 39, 62.2, , 1
Python, fannkuch-redux, 25,  12673.18, 6679.13, 6582.84, 0.00, 136.62, 268009, 1061128, 45, 61.8, , 1
Python, fannkuch-redux, 25,  12785.11, 6722.97, 6625.90, 0.00, 137.71, 270325, 1067729, 33, 62.0, , 1
Python, fannkuch-redux, 25,  12720.99, 6699.45, 6602.62, 0.00, 137.35, 269410, 1063133, 42, 62.0, , 1
Python, fasta, 25,  1421.38, 547.06, 531.53, 0.00, 22.03, 43225, 43204, 18, 58.2, , 1
Python, fasta, 25,  1412.14, 544.50, 529.06, 0.00, 22.01, 43183, 43157, 22, 58.2, , 1
Python, fasta, 25,  1417.22, 549.87, 534.40, 0.00, 22.09, 43318, 43286, 28, 57.2, , 1
Python, fasta, 25,  1407.80, 542.99, 527.65, 0.00, 22.07, 43251, 43215, 32, 57.8, , 1
Python, fasta, 25,  1411.21, 545.24, 530.00, 0.00, 22.07, 43235, 43208, 23, 56.5, , 1
Python, fasta, 25,  1403.15, 548.89, 533.47, 0.00, 22.14, 43372, 43345, 23, 56.8, , 1
Python, fasta, 25,  1390.86, 541.94, 526.58, 0.00, 22.04, 43186, 43151, 31, 56.5, , 1
Python, fasta, 25,  1390.90, 541.57, 526.15, 0.00, 22.06, 43228, 43200, 25, 56.0, , 1
Python, fasta, 25,  1387.09, 542.21, 526.65, 0.00, 22.10, 43318, 43286, 29, 56.2, , 1
Python, fasta, 25,  1386.56, 543.22, 527.69, 0.00, 22.09, 43318, 43294, 22, 56.5, , 1
Python, fasta, 25,  1382.72, 536.27, 520.82, 0.00, 22.04, 43218, 43194, 22, 56.5, , 1
Python, fasta, 25,  1393.62, 537.37, 521.89, 0.00, 22.14, 43398, 43377, 19, 56.0, , 1
Python, fasta, 25,  1387.52, 539.94, 524.48, 0.00, 22.07, 43280, 43262, 17, 55.5, , 1
Python, fasta, 25,  1385.03, 536.26, 520.83, 0.00, 22.06, 43248, 43221, 26, 55.8, , 1
Python, fasta, 25,  1390.38, 533.95, 518.51, 0.00, 22.10, 43308, 43288, 19, 55.2, , 1
Python, fasta, 25,  1394.89, 539.37, 523.89, 0.00, 22.11, 43321, 43294, 24, 55.0, , 1
Python, fasta, 25,  1394.91, 536.76, 521.32, 0.00, 22.07, 43241, 43217, 20, 56.0, , 1
Python, fasta, 25,  1402.58, 546.76, 531.21, 0.00, 22.17, 43431, 43401, 26, 56.5, , 1
Python, fasta, 25,  1389.85, 539.36, 523.87, 0.00, 22.13, 43361, 43335, 24, 55.5, , 1
Python, fasta, 25,  1390.74, 544.60, 529.07, 0.00, 22.15, 43426, 43402, 22, 56.0, , 1
Python, k-nucleotide, 25,  1938.74, 994.82, 977.04, 0.00, 46.02, 40331, 157868, 479, 59.8, , 1
Python, k-nucleotide, 25,  1943.63, 996.88, 979.11, 0.00, 46.18, 40320, 158163, 527, 61.5, , 1
Python, k-nucleotide, 25,  1955.37, 999.94, 982.24, 0.00, 45.77, 40460, 158615, 492, 62.5, , 1
Python, k-nucleotide, 25,  1965.53, 1003.70, 985.78, 0.00, 46.40, 40607, 159334, 512, 63.0, , 1
Python, k-nucleotide, 25,  1965.92, 1000.44, 982.66, 0.00, 45.95, 40527, 158542, 533, 62.0, , 1
Python, k-nucleotide, 25,  1962.19, 998.70, 980.95, 0.00, 45.90, 40418, 158358, 504, 63.5, , 1
Python, k-nucleotide, 25,  1991.60, 1009.78, 991.90, 0.00, 46.12, 40881, 159882, 499, 63.2, , 1
Python, k-nucleotide, 25,  1978.50, 1006.83, 988.99, 0.00, 46.10, 40708, 159811, 520, 63.2, , 1
Python, k-nucleotide, 25,  1967.42, 998.04, 980.23, 0.00, 46.15, 40376, 158433, 501, 63.2, , 1
Python, k-nucleotide, 25,  1972.73, 1005.12, 987.25, 0.00, 46.24, 40669, 159305, 530, 63.0, , 1
Python, k-nucleotide, 25,  1956.60, 998.51, 980.75, 0.00, 46.03, 40393, 158500, 515, 62.8, , 1
Python, k-nucleotide, 25,  1970.27, 1005.15, 987.20, 0.00, 46.49, 40660, 159400, 506, 63.2, , 1
Python, k-nucleotide, 25,  1959.65, 999.00, 981.30, 0.00, 45.84, 40383, 158731, 511, 63.2, , 1
Python, k-nucleotide, 25,  1976.05, 1010.02, 992.07, 0.00, 46.37, 40923, 159979, 541, 62.5, , 1
Python, k-nucleotide, 25,  1948.37, 996.60, 978.87, 0.00, 45.89, 40357, 158101, 498, 62.5, , 1
Python, k-nucleotide, 25,  1972.58, 1007.48, 989.46, 0.00, 46.62, 40801, 159774, 549, 62.5, , 1
Python, k-nucleotide, 25,  1968.15, 1001.47, 983.69, 0.00, 45.94, 40582, 158531, 503, 62.2, , 1
Python, k-nucleotide, 25,  1954.71, 995.28, 977.55, 0.00, 45.91, 40250, 158115, 490, 63.0, , 1
Python, k-nucleotide, 25,  1973.29, 1003.88, 986.05, 0.00, 46.14, 40644, 159171, 543, 62.2, , 1
Python, k-nucleotide, 25,  1969.51, 1001.67, 983.85, 0.00, 46.06, 40512, 159152, 477, 62.2, , 1
Python, mandelbrot, 25,  5605.99, 2943.87, 2900.78, 0.00, 61.22, 119913, 477767, 1095, 64.0, , 1
Python, mandelbrot, 25,  5564.92, 2909.63, 2866.98, 0.00, 60.58, 118699, 473024, 1074, 64.0, , 1
Python, mandelbrot, 25,  5568.65, 2907.37, 2864.76, 0.00, 60.53, 118671, 473013, 1094, 64.0, , 1
Python, mandelbrot, 25,  5582.81, 2925.94, 2883.04, 0.00, 60.92, 119415, 475735, 1145, 64.2, , 1
Python, mandelbrot, 25,  5596.75, 2931.08, 2888.05, 0.00, 61.12, 119746, 477173, 1099, 64.2, , 1
Python, mandelbrot, 25,  5588.04, 2926.26, 2883.38, 0.00, 60.89, 119373, 475806, 1085, 64.0, , 1
Python, mandelbrot, 25,  5571.51, 2906.75, 2864.15, 0.00, 60.50, 118610, 472659, 1152, 64.5, , 1
Python, mandelbrot, 25,  5642.91, 2943.36, 2900.20, 0.00, 61.35, 120195, 479031, 1090, 64.5, , 1
Python, mandelbrot, 25,  5610.09, 2930.86, 2887.95, 0.00, 60.96, 119444, 475846, 1130, 64.5, , 1
Python, mandelbrot, 25,  5683.17, 2965.93, 2922.51, 0.00, 61.65, 120875, 481762, 1169, 63.8, , 1
Python, mandelbrot, 25,  5587.29, 2908.57, 2865.94, 0.00, 60.55, 118683, 473067, 1082, 64.2, , 1
Python, mandelbrot, 25,  5668.45, 2953.64, 2910.24, 0.00, 61.67, 120782, 481240, 1096, 64.5, , 1
Python, mandelbrot, 25,  5620.00, 2935.35, 2892.24, 0.00, 61.18, 119934, 477847, 1095, 64.0, , 1
Python, mandelbrot, 25,  5545.16, 2903.88, 2861.32, 0.00, 60.42, 118443, 471986, 1146, 63.8, , 1
Python, mandelbrot, 25,  5580.67, 2917.47, 2874.68, 0.00, 60.80, 119126, 474625, 1218, 63.5, , 1
Python, mandelbrot, 25,  5594.42, 2920.65, 2877.80, 0.00, 60.86, 119233, 475031, 1165, 64.0, , 1
Python, mandelbrot, 25,  5579.35, 2913.89, 2871.20, 0.00, 60.64, 118900, 473908, 1082, 64.0, , 1
Python, mandelbrot, 25,  5547.30, 2911.24, 2868.53, 0.00, 60.64, 118899, 473876, 1122, 64.5, , 1
Python, mandelbrot, 25,  5587.56, 2931.11, 2888.01, 0.00, 61.24, 119912, 477566, 1055, 64.2, , 1
Python, mandelbrot, 25,  5586.27, 2925.18, 2882.25, 0.00, 60.93, 119420, 475860, 1169, 64.2, , 1
Python, n-body, 25,  7888.20, 3364.37, 3273.86, 0.00, 128.90, 252814, 252782, 5, 54.8, , 1
Python, n-body, 25,  7488.69, 3180.43, 3094.64, 0.00, 121.98, 239323, 239339, 4, 55.5, , 1
Python, n-body, 25,  7594.61, 3246.38, 3159.93, 0.00, 123.74, 242773, 242733, 9, 55.5, , 1
Python, n-body, 25,  7447.70, 3188.52, 3103.76, 0.00, 121.53, 238363, 238332, 16, 55.8, , 1
Python, n-body, 25,  7776.16, 3314.45, 3225.65, 0.00, 127.16, 249390, 249378, 10, 55.8, , 1
Python, n-body, 25,  7441.70, 3183.98, 3099.18, 0.00, 121.64, 238534, 238517, 12, 55.8, , 1
Python, n-body, 25,  7560.31, 3229.72, 3143.99, 0.00, 123.11, 241417, 241397, 13, 55.8, , 1
Python, n-body, 25,  7553.31, 3234.88, 3147.88, 0.00, 124.29, 243703, 243702, 4, 54.8, , 1
Python, n-body, 25,  7392.48, 3171.60, 3086.77, 0.00, 121.00, 237290, 237289, 2, 55.2, , 1
Python, n-body, 25,  7581.33, 3259.13, 3172.27, 0.00, 124.53, 244178, 244177, 2, 55.2, , 1
Python, n-body, 25,  7435.03, 3202.67, 3117.03, 0.00, 122.27, 239776, 239775, 2, 54.5, , 1
Python, n-body, 25,  7394.04, 3177.99, 3093.15, 0.00, 120.98, 237246, 237247, 0, 54.2, , 1
Python, n-body, 25,  7561.13, 3284.63, 3197.99, 0.00, 123.50, 242159, 242133, 17, 56.0, , 1
Python, n-body, 25,  7585.94, 3291.59, 3205.12, 0.00, 124.48, 238877, 238870, 3, 54.8, , 1
Python, n-body, 25,  7405.08, 3173.68, 3087.90, 0.00, 121.99, 239188, 239185, 0, 55.2, , 1
Python, n-body, 25,  7371.20, 3181.58, 3096.74, 0.00, 121.24, 237721, 237718, 5, 55.2, , 1
Python, n-body, 25,  7458.93, 3218.71, 3132.88, 0.00, 122.24, 239680, 239679, 1, 54.8, , 1
Python, n-body, 25,  7433.35, 3215.67, 3129.63, 0.00, 122.71, 240598, 240584, 2, 54.8, , 1
Python, n-body, 25,  7368.87, 3168.56, 3083.85, 0.00, 121.08, 237444, 237436, 1, 55.0, , 1
Python, n-body, 25,  7437.38, 3192.78, 3107.36, 0.00, 121.97, 239167, 239158, 3, 54.8, , 1
Python, regex-redux, 25,  263.15, 117.17, 114.40, 0.00, 4.60, 7305, 13290, 431, 54.2, , 1
Python, regex-redux, 25,  263.29, 117.44, 114.67, 0.00, 4.61, 7308, 13238, 480, 54.5, , 1
Python, regex-redux, 25,  263.45, 118.35, 115.56, 0.00, 4.63, 7337, 13358, 446, 54.5, , 1
Python, regex-redux, 25,  263.44, 117.91, 115.12, 0.00, 4.62, 7339, 13329, 432, 54.8, , 1
Python, regex-redux, 25,  266.37, 119.15, 116.34, 0.00, 4.65, 7383, 13398, 451, 55.0, , 1
Python, regex-redux, 25,  264.95, 118.68, 115.88, 0.00, 4.65, 7339, 13315, 452, 55.5, , 1
Python, regex-redux, 25,  264.47, 118.08, 115.29, 0.00, 4.63, 7321, 13289, 466, 55.5, , 1
Python, regex-redux, 25,  265.81, 118.67, 115.85, 0.00, 4.66, 7366, 13354, 448, 55.8, , 1
Python, regex-redux, 25,  264.35, 118.29, 115.49, 0.00, 4.64, 7336, 13298, 486, 55.2, , 1
Python, regex-redux, 25,  263.75, 117.78, 114.98, 0.00, 4.64, 7326, 13332, 428, 56.2, , 1
Python, regex-redux, 25,  264.96, 118.75, 115.93, 0.00, 4.67, 7354, 13355, 456, 56.5, , 1
Python, regex-redux, 25,  264.86, 119.15, 116.34, 0.00, 4.64, 7353, 13354, 444, 55.8, , 1
Python, regex-redux, 25,  265.59, 119.06, 116.25, 0.00, 4.64, 7349, 13362, 457, 55.8, , 1
Python, regex-redux, 25,  265.03, 118.92, 116.12, 0.00, 4.63, 7321, 13289, 490, 56.0, , 1
Python, regex-redux, 25,  264.80, 119.03, 116.22, 0.00, 4.64, 7343, 13385, 440, 55.5, , 1
Python, regex-redux, 25,  264.65, 119.07, 116.25, 0.00, 4.65, 7355, 13366, 463, 56.2, , 1
Python, regex-redux, 25,  264.42, 118.69, 115.88, 0.00, 4.64, 7348, 13339, 461, 56.0, , 1
Python, regex-redux, 25,  265.60, 119.58, 116.78, 0.00, 4.65, 7354, 13492, 420, 56.2, , 1
Python, regex-redux, 25,  268.36, 120.54, 117.70, 0.00, 4.70, 7452, 13475, 444, 56.5, , 1
Python, regex-redux, 25,  265.65, 119.18, 116.37, 0.00, 4.65, 7352, 13364, 466, 57.0, , 1
Python, reverse-complement, 25,  52.80, 23.29, 22.69, 0.00, 1.14, 1435, 1789, 445, 56.2, , 1
Python, reverse-complement, 25,  52.66, 23.11, 22.51, 0.00, 1.14, 1433, 1765, 467, 56.8, , 1
Python, reverse-complement, 25,  52.73, 23.38, 22.78, 0.00, 1.15, 1439, 1779, 459, 56.5, , 1
Python, reverse-complement, 25,  53.01, 23.54, 22.92, 0.00, 1.16, 1447, 1808, 441, 56.5, , 1
Python, reverse-complement, 25,  52.84, 23.27, 22.66, 0.00, 1.16, 1442, 1790, 457, 56.2, , 1
Python, reverse-complement, 25,  52.39, 23.26, 22.66, 0.00, 1.15, 1442, 1784, 458, 56.0, , 1
Python, reverse-complement, 25,  52.31, 23.09, 22.51, 0.00, 1.14, 1431, 1780, 453, 56.0, , 1
Python, reverse-complement, 25,  52.44, 23.26, 22.66, 0.00, 1.14, 1433, 1784, 451, 56.5, , 1
Python, reverse-complement, 25,  52.56, 23.21, 22.61, 0.00, 1.15, 1438, 1781, 453, 56.2, , 1
Python, reverse-complement, 25,  52.39, 23.12, 22.52, 0.00, 1.14, 1431, 1751, 478, 55.5, , 1
Python, reverse-complement, 25,  52.58, 23.30, 22.70, 0.00, 1.14, 1435, 1769, 461, 55.5, , 1
Python, reverse-complement, 25,  52.55, 23.31, 22.71, 0.00, 1.14, 1434, 1791, 444, 55.2, , 1
Python, reverse-complement, 25,  52.49, 23.21, 22.60, 0.00, 1.14, 1435, 1777, 458, 56.2, , 1
Python, reverse-complement, 25,  52.70, 23.24, 22.64, 0.00, 1.15, 1440, 1791, 450, 55.8, , 1
Python, reverse-complement, 25,  52.46, 23.17, 22.57, 0.00, 1.14, 1436, 1781, 455, 56.2, , 1
Python, reverse-complement, 25,  52.52, 23.20, 22.59, 0.00, 1.14, 1435, 1776, 456, 55.8, , 1
Python, reverse-complement, 25,  52.87, 23.14, 22.54, 0.00, 1.15, 1434, 1765, 470, 56.2, , 1
Python, reverse-complement, 25,  52.87, 23.11, 22.51, 0.00, 1.14, 1434, 1772, 457, 56.0, , 1
Python, reverse-complement, 25,  53.69, 23.58, 22.97, 0.00, 1.16, 1459, 1864, 419, 56.5, , 1
Python, reverse-complement, 25,  52.86, 23.24, 22.64, 0.00, 1.14, 1437, 1806, 430, 56.2, , 1
Python, spectral-norm, 25,  4212.72, 2217.70, 2185.09, 0.00, 46.45, 90756, 361937, 109, 63.0, , 1
Python, spectral-norm, 25,  4205.12, 2209.48, 2177.03, 0.00, 46.19, 90280, 360047, 102, 63.5, , 1
Python, spectral-norm, 25,  4201.15, 2210.89, 2178.37, 0.00, 46.27, 90459, 360376, 104, 64.8, , 1
Python, spectral-norm, 25,  4159.40, 2182.14, 2150.04, 0.00, 45.69, 89304, 356069, 94, 64.2, , 1
Python, spectral-norm, 25,  4196.93, 2206.42, 2173.96, 0.00, 46.20, 90318, 360116, 101, 64.0, , 1
Python, spectral-norm, 25,  4161.91, 2182.97, 2150.88, 0.00, 45.65, 89239, 355860, 119, 64.5, , 1
Python, spectral-norm, 25,  4211.71, 2209.74, 2177.23, 0.00, 46.29, 90426, 360488, 104, 64.8, , 1
Python, spectral-norm, 25,  4183.70, 2193.82, 2161.43, 0.00, 46.08, 90112, 358837, 93, 64.2, , 1
Python, spectral-norm, 25,  4201.78, 2208.60, 2176.07, 0.00, 46.30, 90472, 360767, 102, 64.2, , 1
Python, spectral-norm, 25,  4186.42, 2201.64, 2169.12, 0.00, 46.28, 90481, 360345, 119, 64.2, , 1
Python, spectral-norm, 25,  4221.48, 2213.46, 2180.70, 0.00, 46.61, 91108, 362730, 97, 64.2, , 1
Python, spectral-norm, 25,  4177.69, 2191.78, 2159.45, 0.00, 45.99, 89915, 358493, 112, 64.0, , 1
Python, spectral-norm, 25,  4185.52, 2192.97, 2160.67, 0.00, 45.95, 89851, 358054, 119, 64.0, , 1
Python, spectral-norm, 25,  4217.05, 2213.87, 2181.23, 0.00, 46.46, 90823, 361729, 111, 64.2, , 1
Python, spectral-norm, 25,  4221.15, 2216.68, 2183.92, 0.00, 46.56, 91020, 362510, 141, 64.0, , 1
Python, spectral-norm, 25,  4210.69, 2210.36, 2177.68, 0.00, 46.42, 90717, 360808, 161, 64.0, , 1
Python, spectral-norm, 25,  4257.38, 2224.34, 2191.44, 0.00, 46.73, 91347, 363163, 161, 64.5, , 1
Python, spectral-norm, 25,  4189.84, 2190.42, 2157.98, 0.00, 46.08, 90044, 358215, 172, 64.5, , 1
Python, spectral-norm, 25,  4210.28, 2202.02, 2169.37, 0.00, 46.37, 90672, 360011, 177, 64.2, , 1
Python, spectral-norm, 25,  4195.17, 2204.02, 2171.49, 0.00, 46.21, 90295, 358995, 143, 63.8, , 1
