Language,Program,PowerLimit,Package,Core,GPU,DRAM,Time(ms),Temperature,Memory,Perf
C, binary-trees, -1, 25.58, 25.06, 1.15, 0.00, 978, 54.8, , 1
C, binary-trees, -1, 25.60, 25.09, 1.14, 0.00, 977, 54.8, , 1
C, binary-trees, -1, 27.18, 26.61, 1.21, 0.00, 1104, 55.0, , 1
C, binary-trees, -1, 25.94, 25.42, 1.14, 0.00, 994, 55.8, , 1
C, binary-trees, -1, 25.59, 25.08, 1.13, 0.00, 973, 55.8, , 1
C, binary-trees, -1, 25.55, 25.04, 1.14, 0.00, 975, 55.8, , 1
C, binary-trees, -1, 25.53, 25.02, 1.14, 0.00, 975, 55.8, , 1
C, binary-trees, -1, 25.59, 25.09, 1.13, 0.00, 974, 56.8, , 1
C, binary-trees, -1, 25.57, 25.06, 1.14, 0.00, 974, 56.8, , 1
C, binary-trees, -1, 25.47, 24.95, 1.14, 0.00, 975, 56.5, , 1
C, binary-trees, -1, 25.46, 24.95, 1.14, 0.00, 978, 56.5, , 1
C, binary-trees, -1, 25.64, 25.13, 1.14, 0.00, 979, 57.2, , 1
C, binary-trees, -1, 25.49, 24.98, 1.14, 0.00, 976, 56.8, , 1
C, binary-trees, -1, 25.43, 24.91, 1.14, 0.00, 975, 56.8, , 1
C, binary-trees, -1, 25.50, 24.99, 1.14, 0.00, 975, 56.8, , 1
C, binary-trees, -1, 25.46, 24.95, 1.14, 0.00, 976, 56.8, , 1
C, binary-trees, -1, 25.55, 25.02, 1.14, 0.00, 976, 57.5, , 1
C, binary-trees, -1, 25.47, 24.95, 1.15, 0.00, 977, 57.5, , 1
C, binary-trees, -1, 25.42, 24.89, 1.15, 0.00, 978, 57.2, , 1
C, binary-trees, -1, 25.51, 25.00, 1.15, 0.00, 976, 57.2, , 1
C, fannkuch-redux, -1, 54.44, 53.73, 1.01, 0.00, 1969, 59.2, , 1
C, fannkuch-redux, -1, 54.30, 53.59, 1.01, 0.00, 1969, 59.0, , 1
C, fannkuch-redux, -1, 54.55, 53.84, 1.01, 0.00, 1969, 59.5, , 1
C, fannkuch-redux, -1, 54.60, 53.88, 1.01, 0.00, 1969, 59.0, , 1
C, fannkuch-redux, -1, 54.45, 53.75, 1.01, 0.00, 1969, 59.2, , 1
C, fannkuch-redux, -1, 54.57, 53.87, 1.01, 0.00, 1969, 59.2, , 1
C, fannkuch-redux, -1, 54.54, 53.83, 1.01, 0.00, 1969, 59.8, , 1
C, fannkuch-redux, -1, 54.61, 53.89, 1.01, 0.00, 1969, 59.8, , 1
C, fannkuch-redux, -1, 54.59, 53.89, 1.01, 0.00, 1969, 59.8, , 1
C, fannkuch-redux, -1, 54.55, 53.85, 1.01, 0.00, 1969, 60.2, , 1
C, fannkuch-redux, -1, 54.48, 53.77, 1.01, 0.00, 1969, 60.0, , 1
C, fannkuch-redux, -1, 54.49, 53.78, 1.01, 0.00, 1969, 60.0, , 1
C, fannkuch-redux, -1, 54.63, 53.92, 1.01, 0.00, 1968, 60.5, , 1
C, fannkuch-redux, -1, 54.58, 53.88, 1.01, 0.00, 1968, 60.0, , 1
C, fannkuch-redux, -1, 54.59, 53.89, 1.01, 0.00, 1968, 60.2, , 1
C, fannkuch-redux, -1, 54.60, 53.90, 1.01, 0.00, 1969, 60.2, , 1
C, fannkuch-redux, -1, 54.75, 54.04, 1.01, 0.00, 1972, 60.5, , 1
C, fannkuch-redux, -1, 54.57, 53.86, 1.01, 0.00, 1968, 60.5, , 1
C, fannkuch-redux, -1, 54.67, 53.97, 1.01, 0.00, 1968, 60.2, , 1
C, fannkuch-redux, -1, 54.63, 53.93, 1.01, 0.00, 1968, 60.5, , 1
C, fasta, -1, 6.80, 6.57, 0.34, 0.00, 664, 52.5, , 1
C, fasta, -1, 6.76, 6.53, 0.34, 0.00, 663, 56.5, , 1
C, fasta, -1, 6.80, 6.56, 0.34, 0.00, 664, 56.5, , 1
C, fasta, -1, 6.75, 6.51, 0.34, 0.00, 663, 56.2, , 1
C, fasta, -1, 6.83, 6.59, 0.34, 0.00, 664, 56.2, , 1
C, fasta, -1, 6.92, 6.68, 0.34, 0.00, 664, 56.5, , 1
C, fasta, -1, 6.74, 6.50, 0.34, 0.00, 665, 56.5, , 1
C, fasta, -1, 6.83, 6.59, 0.34, 0.00, 664, 55.5, , 1
C, fasta, -1, 6.82, 6.59, 0.34, 0.00, 664, 55.5, , 1
C, fasta, -1, 6.77, 6.54, 0.34, 0.00, 664, 56.0, , 1
C, fasta, -1, 6.83, 6.58, 0.34, 0.00, 665, 56.0, , 1
C, fasta, -1, 6.79, 6.56, 0.34, 0.00, 664, 55.2, , 1
C, fasta, -1, 6.76, 6.53, 0.34, 0.00, 664, 55.2, , 1
C, fasta, -1, 6.74, 6.50, 0.34, 0.00, 664, 56.0, , 1
C, fasta, -1, 6.98, 6.74, 0.34, 0.00, 667, 56.0, , 1
C, fasta, -1, 6.72, 6.48, 0.34, 0.00, 663, 56.0, , 1
C, fasta, -1, 6.74, 6.51, 0.34, 0.00, 664, 56.0, , 1
C, fasta, -1, 6.82, 6.58, 0.34, 0.00, 664, 55.2, , 1
C, fasta, -1, 6.75, 6.52, 0.34, 0.00, 663, 55.2, , 1
C, fasta, -1, 6.73, 6.49, 0.34, 0.00, 664, 56.0, , 1
C, k-nucleotide, -1, 76.91, 75.80, 2.93, 0.00, 2738, 60.2, , 1
C, k-nucleotide, -1, 77.57, 76.39, 3.12, 0.00, 2801, 60.0, , 1
C, k-nucleotide, -1, 78.43, 77.20, 3.24, 0.00, 2855, 59.2, , 1
C, k-nucleotide, -1, 78.32, 77.10, 3.23, 0.00, 2847, 59.8, , 1
C, k-nucleotide, -1, 77.24, 76.12, 2.96, 0.00, 2763, 60.8, , 1
C, k-nucleotide, -1, 76.23, 75.16, 2.70, 0.00, 2689, 60.0, , 1
C, k-nucleotide, -1, 78.82, 77.55, 3.36, 0.00, 2882, 60.2, , 1
C, k-nucleotide, -1, 77.99, 76.81, 3.11, 0.00, 2824, 60.5, , 1
C, k-nucleotide, -1, 78.38, 77.20, 3.04, 0.00, 2835, 59.8, , 1
C, k-nucleotide, -1, 77.09, 76.00, 2.84, 0.00, 2717, 61.2, , 1
C, k-nucleotide, -1, 79.29, 77.99, 3.42, 0.00, 2921, 60.0, , 1
C, k-nucleotide, -1, 77.58, 76.46, 2.92, 0.00, 2743, 61.2, , 1
C, k-nucleotide, -1, 77.76, 76.60, 3.05, 0.00, 2800, 61.0, , 1
C, k-nucleotide, -1, 76.97, 75.84, 2.94, 0.00, 2735, 61.2, , 1
C, k-nucleotide, -1, 77.65, 76.49, 2.98, 0.00, 2797, 59.5, , 1
C, k-nucleotide, -1, 79.26, 77.97, 3.36, 0.00, 2918, 60.0, , 1
C, k-nucleotide, -1, 79.54, 78.26, 3.39, 0.00, 2945, 60.2, , 1
C, k-nucleotide, -1, 78.15, 76.94, 3.21, 0.00, 2823, 61.0, , 1
C, k-nucleotide, -1, 77.76, 76.62, 3.01, 0.00, 2784, 60.5, , 1
C, k-nucleotide, -1, 78.12, 76.97, 2.98, 0.00, 2775, 60.8, , 1
C, mandelbrot, -1, 27.05, 26.71, 0.49, 0.00, 944, 54.2, , 1
C, mandelbrot, -1, 27.18, 26.84, 0.49, 0.00, 943, 64.5, , 1
C, mandelbrot, -1, 28.02, 27.67, 0.51, 0.00, 974, 54.2, , 1
C, mandelbrot, -1, 27.58, 27.23, 0.51, 0.00, 956, 65.0, , 1
C, mandelbrot, -1, 27.08, 26.75, 0.49, 0.00, 944, 54.5, , 1
C, mandelbrot, -1, 27.26, 26.91, 0.49, 0.00, 944, 64.8, , 1
C, mandelbrot, -1, 27.09, 26.75, 0.49, 0.00, 944, 54.5, , 1
C, mandelbrot, -1, 27.24, 26.89, 0.49, 0.00, 944, 64.8, , 1
C, mandelbrot, -1, 27.17, 26.84, 0.49, 0.00, 944, 54.5, , 1
C, mandelbrot, -1, 27.27, 26.94, 0.49, 0.00, 944, 64.2, , 1
C, mandelbrot, -1, 27.20, 26.86, 0.49, 0.00, 944, 54.2, , 1
C, mandelbrot, -1, 27.29, 26.96, 0.49, 0.00, 944, 64.8, , 1
C, mandelbrot, -1, 27.15, 26.82, 0.49, 0.00, 944, 54.5, , 1
C, mandelbrot, -1, 27.30, 26.96, 0.49, 0.00, 944, 64.8, , 1
C, mandelbrot, -1, 27.22, 26.88, 0.49, 0.00, 944, 54.5, , 1
C, mandelbrot, -1, 27.27, 26.93, 0.49, 0.00, 944, 64.5, , 1
C, mandelbrot, -1, 27.30, 26.96, 0.49, 0.00, 944, 54.8, , 1
C, mandelbrot, -1, 27.34, 27.01, 0.49, 0.00, 944, 64.8, , 1
C, mandelbrot, -1, 27.18, 26.84, 0.49, 0.00, 944, 54.5, , 1
C, mandelbrot, -1, 27.25, 26.92, 0.49, 0.00, 944, 64.5, , 1
C, n-body, -1, 20.60, 19.98, 0.88, 0.00, 1725, 58.8, , 1
C, n-body, -1, 20.73, 20.10, 0.89, 0.00, 1728, 58.5, , 1
C, n-body, -1, 20.60, 19.98, 0.88, 0.00, 1727, 59.0, , 1
C, n-body, -1, 20.63, 20.01, 0.88, 0.00, 1725, 58.8, , 1
C, n-body, -1, 20.58, 19.97, 0.88, 0.00, 1728, 58.5, , 1
C, n-body, -1, 20.57, 19.95, 0.88, 0.00, 1726, 58.2, , 1
C, n-body, -1, 20.62, 20.00, 0.89, 0.00, 1727, 58.0, , 1
C, n-body, -1, 20.58, 19.96, 0.88, 0.00, 1727, 58.2, , 1
C, n-body, -1, 20.56, 19.95, 0.88, 0.00, 1727, 58.2, , 1
C, n-body, -1, 20.61, 19.99, 0.88, 0.00, 1724, 58.2, , 1
C, n-body, -1, 20.54, 19.93, 0.88, 0.00, 1725, 58.2, , 1
C, n-body, -1, 20.62, 20.00, 0.89, 0.00, 1726, 57.8, , 1
C, n-body, -1, 20.58, 19.97, 0.88, 0.00, 1726, 57.8, , 1
C, n-body, -1, 20.57, 19.94, 0.88, 0.00, 1726, 57.5, , 1
C, n-body, -1, 20.60, 19.97, 0.89, 0.00, 1727, 58.0, , 1
C, n-body, -1, 20.63, 20.01, 0.88, 0.00, 1724, 58.2, , 1
C, n-body, -1, 20.58, 19.96, 0.89, 0.00, 1728, 58.0, , 1
C, n-body, -1, 20.55, 19.92, 0.88, 0.00, 1725, 57.2, , 1
C, n-body, -1, 20.44, 19.82, 0.88, 0.00, 1726, 57.5, , 1
C, n-body, -1, 20.52, 19.90, 0.88, 0.00, 1727, 57.5, , 1
C, regex-redux, -1, 16.10, 15.83, 0.59, 0.00, 687, 59.2, , 1
C, regex-redux, -1, 15.97, 15.70, 0.59, 0.00, 685, 59.2, , 1
C, regex-redux, -1, 16.05, 15.78, 0.59, 0.00, 688, 59.8, , 1
C, regex-redux, -1, 16.18, 15.89, 0.59, 0.00, 687, 59.8, , 1
C, regex-redux, -1, 16.15, 15.87, 0.59, 0.00, 686, 59.2, , 1
C, regex-redux, -1, 16.19, 15.92, 0.59, 0.00, 686, 59.2, , 1
C, regex-redux, -1, 16.28, 15.99, 0.59, 0.00, 688, 60.2, , 1
C, regex-redux, -1, 16.10, 15.82, 0.59, 0.00, 686, 54.0, , 1
C, regex-redux, -1, 16.10, 15.82, 0.59, 0.00, 687, 59.5, , 1
C, regex-redux, -1, 16.05, 15.78, 0.59, 0.00, 689, 59.5, , 1
C, regex-redux, -1, 16.19, 15.90, 0.59, 0.00, 685, 58.8, , 1
C, regex-redux, -1, 16.15, 15.87, 0.59, 0.00, 686, 58.8, , 1
C, regex-redux, -1, 16.10, 15.82, 0.59, 0.00, 687, 59.5, , 1
C, regex-redux, -1, 15.99, 15.72, 0.59, 0.00, 687, 59.5, , 1
C, regex-redux, -1, 16.02, 15.76, 0.59, 0.00, 686, 60.0, , 1
C, regex-redux, -1, 15.95, 15.67, 0.59, 0.00, 687, 53.8, , 1
C, regex-redux, -1, 16.02, 15.74, 0.59, 0.00, 686, 59.0, , 1
C, regex-redux, -1, 16.22, 15.93, 0.59, 0.00, 687, 59.0, , 1
C, regex-redux, -1, 15.90, 15.63, 0.60, 0.00, 698, 59.2, , 1
C, regex-redux, -1, 16.06, 15.78, 0.59, 0.00, 688, 59.2, , 1
C, reverse-complement, -1, 1.45, 1.38, 0.15, 0.00, 93, 59.2, , 1
C, reverse-complement, -1, 1.47, 1.40, 0.15, 0.00, 95, 59.2, , 1
C, reverse-complement, -1, 1.44, 1.37, 0.15, 0.00, 92, 59.2, , 1
C, reverse-complement, -1, 1.44, 1.37, 0.15, 0.00, 91, 59.2, , 1
C, reverse-complement, -1, 1.42, 1.36, 0.15, 0.00, 90, 59.2, , 1
C, reverse-complement, -1, 1.44, 1.38, 0.15, 0.00, 91, 59.2, , 1
C, reverse-complement, -1, 1.43, 1.37, 0.15, 0.00, 90, 59.2, , 1
C, reverse-complement, -1, 1.34, 1.29, 0.15, 0.00, 96, 59.2, , 1
C, reverse-complement, -1, 1.42, 1.36, 0.15, 0.00, 90, 59.2, , 1
C, reverse-complement, -1, 1.43, 1.37, 0.15, 0.00, 91, 59.2, , 1
C, reverse-complement, -1, 1.45, 1.38, 0.15, 0.00, 91, 59.2, , 1
C, reverse-complement, -1, 1.43, 1.36, 0.15, 0.00, 91, 59.2, , 1
C, reverse-complement, -1, 1.42, 1.36, 0.15, 0.00, 92, 59.2, , 1
C, reverse-complement, -1, 1.45, 1.38, 0.15, 0.00, 92, 59.2, , 1
C, reverse-complement, -1, 1.45, 1.38, 0.15, 0.00, 93, 59.2, , 1
C, reverse-complement, -1, 1.41, 1.35, 0.15, 0.00, 92, 59.2, , 1
C, reverse-complement, -1, 1.43, 1.37, 0.15, 0.00, 91, 59.2, , 1
C, reverse-complement, -1, 1.47, 1.39, 0.16, 0.00, 93, 59.2, , 1
C, reverse-complement, -1, 1.44, 1.37, 0.15, 0.00, 91, 59.2, , 1
C, reverse-complement, -1, 1.45, 1.39, 0.15, 0.00, 93, 59.2, , 1
C, spectral-norm, -1, 9.74, 9.65, 0.16, 0.00, 306, 65.5, , 1
C, spectral-norm, -1, 9.64, 9.54, 0.16, 0.00, 306, 53.8, , 1
C, spectral-norm, -1, 9.72, 9.62, 0.16, 0.00, 306, 53.8, , 1
C, spectral-norm, -1, 9.77, 9.66, 0.16, 0.00, 306, 53.8, , 1
C, spectral-norm, -1, 9.73, 9.65, 0.16, 0.00, 306, 65.5, , 1
C, spectral-norm, -1, 9.69, 9.58, 0.16, 0.00, 306, 54.2, , 1
C, spectral-norm, -1, 9.72, 9.62, 0.16, 0.00, 306, 54.2, , 1
C, spectral-norm, -1, 9.77, 9.66, 0.16, 0.00, 306, 54.2, , 1
C, spectral-norm, -1, 9.75, 9.66, 0.16, 0.00, 306, 65.8, , 1
C, spectral-norm, -1, 9.65, 9.54, 0.16, 0.00, 305, 54.2, , 1
C, spectral-norm, -1, 9.80, 9.71, 0.16, 0.00, 306, 54.2, , 1
C, spectral-norm, -1, 9.77, 9.66, 0.16, 0.00, 305, 54.2, , 1
C, spectral-norm, -1, 9.83, 9.71, 0.16, 0.00, 306, 65.8, , 1
C, spectral-norm, -1, 9.75, 9.64, 0.16, 0.00, 307, 54.0, , 1
C, spectral-norm, -1, 9.83, 9.72, 0.16, 0.00, 306, 54.0, , 1
C, spectral-norm, -1, 9.78, 9.68, 0.16, 0.00, 305, 54.0, , 1
C, spectral-norm, -1, 9.77, 9.66, 0.16, 0.00, 306, 66.0, , 1
C, spectral-norm, -1, 9.67, 9.57, 0.16, 0.00, 306, 54.0, , 1
C, spectral-norm, -1, 9.75, 9.66, 0.16, 0.00, 306, 54.0, , 1
C, spectral-norm, -1, 9.77, 9.66, 0.16, 0.00, 305, 54.0, , 1
C++, binary-trees, -1, 23.34, 22.85, 1.02, 0.00, 796, 54.0, , 1
C++, binary-trees, -1, 24.20, 23.68, 1.08, 0.00, 811, 62.2, , 1
C++, binary-trees, -1, 22.97, 22.48, 1.02, 0.00, 769, 54.5, , 1
C++, binary-trees, -1, 23.71, 23.24, 1.05, 0.00, 787, 62.5, , 1
C++, binary-trees, -1, 24.08, 23.53, 1.16, 0.00, 855, 54.5, , 1
C++, binary-trees, -1, 23.50, 22.99, 1.05, 0.00, 788, 62.8, , 1
C++, binary-trees, -1, 23.59, 23.05, 1.12, 0.00, 843, 54.0, , 1
C++, binary-trees, -1, 23.45, 22.93, 1.10, 0.00, 800, 61.0, , 1
C++, binary-trees, -1, 24.19, 23.70, 1.03, 0.00, 817, 54.5, , 1
C++, binary-trees, -1, 24.25, 23.76, 1.03, 0.00, 816, 62.0, , 1
C++, binary-trees, -1, 24.67, 24.14, 1.14, 0.00, 835, 54.8, , 1
C++, binary-trees, -1, 24.27, 23.71, 1.14, 0.00, 826, 61.8, , 1
C++, binary-trees, -1, 23.69, 23.20, 1.04, 0.00, 839, 54.5, , 1
C++, binary-trees, -1, 24.10, 23.56, 1.13, 0.00, 828, 61.5, , 1
C++, binary-trees, -1, 24.37, 23.89, 1.01, 0.00, 818, 54.0, , 1
C++, binary-trees, -1, 24.16, 23.66, 1.04, 0.00, 821, 61.5, , 1
C++, binary-trees, -1, 23.75, 23.28, 1.02, 0.00, 796, 54.8, , 1
C++, binary-trees, -1, 23.52, 23.03, 1.03, 0.00, 792, 61.8, , 1
C++, binary-trees, -1, 23.71, 23.22, 1.03, 0.00, 816, 54.2, , 1
C++, binary-trees, -1, 24.96, 24.42, 1.12, 0.00, 849, 61.8, , 1
C++, fannkuch-redux, -1, 90.18, 88.92, 1.80, 0.00, 3526, 62.5, , 1
C++, fannkuch-redux, -1, 90.27, 89.01, 1.80, 0.00, 3526, 62.5, , 1
C++, fannkuch-redux, -1, 90.08, 88.82, 1.80, 0.00, 3527, 62.2, , 1
C++, fannkuch-redux, -1, 89.97, 88.70, 1.80, 0.00, 3525, 63.0, , 1
C++, fannkuch-redux, -1, 90.19, 88.92, 1.80, 0.00, 3526, 62.2, , 1
C++, fannkuch-redux, -1, 90.16, 88.89, 1.80, 0.00, 3526, 63.0, , 1
C++, fannkuch-redux, -1, 89.97, 88.70, 1.80, 0.00, 3527, 62.2, , 1
C++, fannkuch-redux, -1, 89.89, 88.63, 1.80, 0.00, 3525, 63.8, , 1
C++, fannkuch-redux, -1, 90.01, 88.75, 1.80, 0.00, 3526, 63.0, , 1
C++, fannkuch-redux, -1, 89.99, 88.73, 1.80, 0.00, 3526, 63.2, , 1
C++, fannkuch-redux, -1, 90.12, 88.85, 1.80, 0.00, 3524, 64.2, , 1
C++, fannkuch-redux, -1, 90.44, 89.17, 1.80, 0.00, 3526, 63.0, , 1
C++, fannkuch-redux, -1, 90.43, 89.17, 1.80, 0.00, 3526, 62.8, , 1
C++, fannkuch-redux, -1, 90.24, 88.97, 1.80, 0.00, 3528, 63.0, , 1
C++, fannkuch-redux, -1, 90.34, 89.07, 1.80, 0.00, 3527, 63.2, , 1
C++, fannkuch-redux, -1, 90.27, 89.01, 1.80, 0.00, 3526, 63.2, , 1
C++, fannkuch-redux, -1, 90.28, 89.02, 1.80, 0.00, 3527, 64.0, , 1
C++, fannkuch-redux, -1, 90.19, 88.92, 1.80, 0.00, 3526, 63.2, , 1
C++, fannkuch-redux, -1, 90.34, 89.07, 1.80, 0.00, 3525, 64.0, , 1
C++, fannkuch-redux, -1, 90.20, 88.94, 1.80, 0.00, 3524, 64.0, , 1
C++, fasta, -1, 9.82, 9.59, 0.34, 0.00, 659, 55.5, , 1
C++, fasta, -1, 9.91, 9.68, 0.34, 0.00, 660, 60.0, , 1
C++, fasta, -1, 9.85, 9.61, 0.34, 0.00, 659, 55.2, , 1
C++, fasta, -1, 9.83, 9.60, 0.34, 0.00, 659, 60.8, , 1
C++, fasta, -1, 9.76, 9.53, 0.34, 0.00, 659, 54.8, , 1
C++, fasta, -1, 9.83, 9.59, 0.34, 0.00, 658, 60.0, , 1
C++, fasta, -1, 9.78, 9.55, 0.34, 0.00, 660, 54.8, , 1
C++, fasta, -1, 9.77, 9.54, 0.34, 0.00, 659, 60.8, , 1
C++, fasta, -1, 9.76, 9.52, 0.34, 0.00, 660, 54.8, , 1
C++, fasta, -1, 9.76, 9.54, 0.34, 0.00, 658, 60.0, , 1
C++, fasta, -1, 9.73, 9.50, 0.34, 0.00, 659, 54.5, , 1
C++, fasta, -1, 9.80, 9.57, 0.34, 0.00, 659, 59.8, , 1
C++, fasta, -1, 9.82, 9.59, 0.34, 0.00, 659, 59.8, , 1
C++, fasta, -1, 9.81, 9.58, 0.34, 0.00, 659, 60.0, , 1
C++, fasta, -1, 9.79, 9.56, 0.34, 0.00, 659, 54.8, , 1
C++, fasta, -1, 9.80, 9.57, 0.34, 0.00, 658, 59.8, , 1
C++, fasta, -1, 9.83, 9.60, 0.34, 0.00, 660, 59.8, , 1
C++, fasta, -1, 9.80, 9.56, 0.34, 0.00, 659, 59.8, , 1
C++, fasta, -1, 9.81, 9.58, 0.34, 0.00, 659, 59.8, , 1
C++, fasta, -1, 9.84, 9.59, 0.34, 0.00, 659, 60.2, , 1
C++, k-nucleotide, -1, 38.91, 37.33, 3.67, 0.00, 1752, 61.5, , 1
C++, k-nucleotide, -1, 38.79, 37.22, 3.65, 0.00, 1771, 60.5, , 1
C++, k-nucleotide, -1, 39.04, 37.47, 3.65, 0.00, 1782, 60.2, , 1
C++, k-nucleotide, -1, 39.17, 37.58, 3.74, 0.00, 1786, 60.2, , 1
C++, k-nucleotide, -1, 39.48, 37.90, 3.70, 0.00, 1767, 60.8, , 1
C++, k-nucleotide, -1, 39.49, 37.90, 3.76, 0.00, 1805, 59.8, , 1
C++, k-nucleotide, -1, 38.74, 37.20, 3.59, 0.00, 1747, 60.8, , 1
C++, k-nucleotide, -1, 38.90, 37.33, 3.67, 0.00, 1775, 61.5, , 1
C++, k-nucleotide, -1, 38.81, 37.29, 3.55, 0.00, 1754, 60.0, , 1
C++, k-nucleotide, -1, 39.08, 37.55, 3.58, 0.00, 1761, 60.5, , 1
C++, k-nucleotide, -1, 38.70, 37.15, 3.58, 0.00, 1746, 61.2, , 1
C++, k-nucleotide, -1, 38.64, 37.13, 3.54, 0.00, 1731, 61.0, , 1
C++, k-nucleotide, -1, 38.62, 37.11, 3.52, 0.00, 1742, 60.5, , 1
C++, k-nucleotide, -1, 39.00, 37.45, 3.64, 0.00, 1757, 61.2, , 1
C++, k-nucleotide, -1, 39.22, 37.68, 3.63, 0.00, 1761, 60.0, , 1
C++, k-nucleotide, -1, 39.16, 37.62, 3.62, 0.00, 1748, 60.8, , 1
C++, k-nucleotide, -1, 40.70, 39.12, 3.71, 0.00, 1888, 60.5, , 1
C++, k-nucleotide, -1, 38.88, 37.35, 3.59, 0.00, 1748, 60.5, , 1
C++, k-nucleotide, -1, 38.56, 37.06, 3.49, 0.00, 1735, 60.2, , 1
C++, k-nucleotide, -1, 39.76, 38.17, 3.77, 0.00, 1800, 60.2, , 1
C++, mandelbrot, -1, 22.08, 21.80, 0.39, 0.00, 742, 54.8, , 1
C++, mandelbrot, -1, 22.18, 21.93, 0.38, 0.00, 741, 62.5, , 1
C++, mandelbrot, -1, 22.16, 21.89, 0.39, 0.00, 742, 55.2, , 1
C++, mandelbrot, -1, 22.27, 22.00, 0.39, 0.00, 741, 62.5, , 1
C++, mandelbrot, -1, 22.10, 21.84, 0.39, 0.00, 741, 55.2, , 1
C++, mandelbrot, -1, 22.15, 21.90, 0.39, 0.00, 741, 62.2, , 1
C++, mandelbrot, -1, 22.15, 21.88, 0.39, 0.00, 741, 55.2, , 1
C++, mandelbrot, -1, 22.27, 22.00, 0.39, 0.00, 742, 62.5, , 1
C++, mandelbrot, -1, 22.15, 21.87, 0.39, 0.00, 742, 55.2, , 1
C++, mandelbrot, -1, 22.22, 21.95, 0.39, 0.00, 742, 62.8, , 1
C++, mandelbrot, -1, 22.09, 21.83, 0.39, 0.00, 743, 55.0, , 1
C++, mandelbrot, -1, 22.20, 21.95, 0.39, 0.00, 741, 62.2, , 1
C++, mandelbrot, -1, 22.17, 21.90, 0.39, 0.00, 742, 55.5, , 1
C++, mandelbrot, -1, 22.18, 21.92, 0.39, 0.00, 742, 63.0, , 1
C++, mandelbrot, -1, 22.12, 21.86, 0.39, 0.00, 741, 55.8, , 1
C++, mandelbrot, -1, 22.27, 22.00, 0.39, 0.00, 741, 63.2, , 1
C++, mandelbrot, -1, 22.13, 21.87, 0.39, 0.00, 742, 55.8, , 1
C++, mandelbrot, -1, 22.25, 21.99, 0.39, 0.00, 741, 63.0, , 1
C++, mandelbrot, -1, 22.15, 21.89, 0.39, 0.00, 742, 55.5, , 1
C++, mandelbrot, -1, 22.23, 21.96, 0.39, 0.00, 741, 63.5, , 1
C++, n-body, -1, 21.52, 20.90, 0.88, 0.00, 1713, 59.5, , 1
C++, n-body, -1, 21.31, 20.70, 0.88, 0.00, 1714, 59.5, , 1
C++, n-body, -1, 21.42, 20.81, 0.88, 0.00, 1716, 58.8, , 1
C++, n-body, -1, 21.38, 20.77, 0.88, 0.00, 1715, 59.2, , 1
C++, n-body, -1, 21.09, 20.48, 0.88, 0.00, 1715, 59.2, , 1
C++, n-body, -1, 21.06, 20.44, 0.88, 0.00, 1715, 59.8, , 1
C++, n-body, -1, 21.25, 20.64, 0.88, 0.00, 1714, 59.8, , 1
C++, n-body, -1, 21.24, 20.62, 0.88, 0.00, 1712, 59.5, , 1
C++, n-body, -1, 21.36, 20.75, 0.88, 0.00, 1712, 59.0, , 1
C++, n-body, -1, 21.39, 20.78, 0.88, 0.00, 1713, 60.2, , 1
C++, n-body, -1, 21.14, 20.54, 0.88, 0.00, 1712, 58.8, , 1
C++, n-body, -1, 21.08, 20.46, 0.88, 0.00, 1713, 59.2, , 1
C++, n-body, -1, 21.07, 20.46, 0.88, 0.00, 1714, 59.2, , 1
C++, n-body, -1, 21.26, 20.65, 0.88, 0.00, 1714, 59.0, , 1
C++, n-body, -1, 21.08, 20.47, 0.88, 0.00, 1711, 59.2, , 1
C++, n-body, -1, 21.15, 20.53, 0.88, 0.00, 1712, 58.8, , 1
C++, n-body, -1, 21.14, 20.52, 0.88, 0.00, 1715, 58.8, , 1
C++, n-body, -1, 21.34, 20.72, 0.88, 0.00, 1714, 58.8, , 1
C++, n-body, -1, 21.15, 20.55, 0.88, 0.00, 1712, 59.0, , 1
C++, n-body, -1, 21.17, 20.55, 0.88, 0.00, 1717, 58.2, , 1
C++, regex-redux, -1, 18.65, 18.23, 0.81, 0.00, 1002, 59.8, , 1
C++, regex-redux, -1, 18.66, 18.25, 0.81, 0.00, 995, 59.2, , 1
C++, regex-redux, -1, 18.86, 18.43, 0.83, 0.00, 1024, 58.8, , 1
C++, regex-redux, -1, 18.74, 18.31, 0.83, 0.00, 1025, 58.8, , 1
C++, regex-redux, -1, 18.68, 18.28, 0.81, 0.00, 1007, 59.0, , 1
C++, regex-redux, -1, 18.10, 17.72, 0.76, 0.00, 904, 59.0, , 1
C++, regex-redux, -1, 18.79, 18.36, 0.83, 0.00, 1013, 59.5, , 1
C++, regex-redux, -1, 18.78, 18.36, 0.82, 0.00, 1016, 59.5, , 1
C++, regex-redux, -1, 18.78, 18.35, 0.82, 0.00, 1012, 60.0, , 1
C++, regex-redux, -1, 18.72, 18.30, 0.82, 0.00, 1009, 59.8, , 1
C++, regex-redux, -1, 18.79, 18.35, 0.83, 0.00, 1020, 60.0, , 1
C++, regex-redux, -1, 18.62, 18.22, 0.81, 0.00, 989, 58.5, , 1
C++, regex-redux, -1, 18.67, 18.26, 0.81, 0.00, 995, 59.0, , 1
C++, regex-redux, -1, 18.26, 17.88, 0.77, 0.00, 918, 59.0, , 1
C++, regex-redux, -1, 18.34, 17.94, 0.77, 0.00, 923, 59.2, , 1
C++, regex-redux, -1, 18.48, 18.09, 0.80, 0.00, 960, 59.2, , 1
C++, regex-redux, -1, 18.80, 18.37, 0.82, 0.00, 1010, 59.0, , 1
C++, regex-redux, -1, 18.68, 18.26, 0.82, 0.00, 1000, 59.5, , 1
C++, regex-redux, -1, 18.29, 17.90, 0.79, 0.00, 944, 59.5, , 1
C++, regex-redux, -1, 18.74, 18.32, 0.82, 0.00, 1013, 60.2, , 1
C++, reverse-complement, -1, 1.89, 1.80, 0.21, 0.00, 148, 54.2, , 1
C++, reverse-complement, -1, 1.87, 1.79, 0.21, 0.00, 149, 54.2, , 1
C++, reverse-complement, -1, 1.89, 1.79, 0.21, 0.00, 148, 54.2, , 1
C++, reverse-complement, -1, 1.87, 1.78, 0.21, 0.00, 149, 54.2, , 1
C++, reverse-complement, -1, 1.89, 1.80, 0.21, 0.00, 148, 54.2, , 1
C++, reverse-complement, -1, 1.88, 1.79, 0.21, 0.00, 149, 59.2, , 1
C++, reverse-complement, -1, 1.87, 1.77, 0.21, 0.00, 149, 59.2, , 1
C++, reverse-complement, -1, 1.89, 1.79, 0.21, 0.00, 148, 59.2, , 1
C++, reverse-complement, -1, 1.88, 1.78, 0.21, 0.00, 148, 59.2, , 1
C++, reverse-complement, -1, 1.90, 1.80, 0.21, 0.00, 148, 59.2, , 1
C++, reverse-complement, -1, 1.88, 1.78, 0.21, 0.00, 148, 59.2, , 1
C++, reverse-complement, -1, 1.90, 1.80, 0.20, 0.00, 149, 60.0, , 1
C++, reverse-complement, -1, 1.88, 1.78, 0.21, 0.00, 148, 54.0, , 1
C++, reverse-complement, -1, 1.90, 1.81, 0.21, 0.00, 149, 54.0, , 1
C++, reverse-complement, -1, 1.91, 1.81, 0.21, 0.00, 148, 54.0, , 1
C++, reverse-complement, -1, 1.90, 1.81, 0.21, 0.00, 149, 54.0, , 1
C++, reverse-complement, -1, 1.91, 1.81, 0.21, 0.00, 148, 54.0, , 1
C++, reverse-complement, -1, 1.91, 1.80, 0.21, 0.00, 148, 58.2, , 1
C++, reverse-complement, -1, 1.88, 1.78, 0.21, 0.00, 148, 58.2, , 1
C++, reverse-complement, -1, 1.88, 1.80, 0.21, 0.00, 148, 58.2, , 1
C++, spectral-norm, -1, 8.53, 8.40, 0.18, 0.00, 352, 63.0, , 1
C++, spectral-norm, -1, 8.47, 8.35, 0.18, 0.00, 353, 54.2, , 1
C++, spectral-norm, -1, 8.47, 8.36, 0.18, 0.00, 352, 54.2, , 1
C++, spectral-norm, -1, 8.57, 8.46, 0.18, 0.00, 353, 62.8, , 1
C++, spectral-norm, -1, 8.50, 8.38, 0.18, 0.00, 354, 54.5, , 1
C++, spectral-norm, -1, 8.48, 8.38, 0.18, 0.00, 352, 54.5, , 1
C++, spectral-norm, -1, 8.56, 8.45, 0.18, 0.00, 353, 62.8, , 1
C++, spectral-norm, -1, 8.50, 8.39, 0.18, 0.00, 353, 54.2, , 1
C++, spectral-norm, -1, 8.52, 8.40, 0.18, 0.00, 352, 54.2, , 1
C++, spectral-norm, -1, 8.49, 8.37, 0.18, 0.00, 352, 63.5, , 1
C++, spectral-norm, -1, 8.46, 8.34, 0.18, 0.00, 352, 54.2, , 1
C++, spectral-norm, -1, 8.52, 8.40, 0.18, 0.00, 352, 54.2, , 1
C++, spectral-norm, -1, 8.54, 8.40, 0.18, 0.00, 353, 62.8, , 1
C++, spectral-norm, -1, 8.51, 8.39, 0.18, 0.00, 353, 54.0, , 1
C++, spectral-norm, -1, 8.51, 8.38, 0.18, 0.00, 352, 54.0, , 1
C++, spectral-norm, -1, 8.56, 8.43, 0.18, 0.00, 353, 63.2, , 1
C++, spectral-norm, -1, 8.52, 8.39, 0.18, 0.00, 352, 54.2, , 1
C++, spectral-norm, -1, 8.56, 8.44, 0.18, 0.00, 353, 54.2, , 1
C++, spectral-norm, -1, 8.56, 8.45, 0.18, 0.00, 353, 63.5, , 1
C++, spectral-norm, -1, 8.51, 8.39, 0.18, 0.00, 352, 54.2, , 1
Java, binary-trees, -1, 58.18, 55.95, 4.98, 0.00, 1968, 59.5, , 1
Java, binary-trees, -1, 58.27, 56.03, 5.05, 0.00, 1993, 60.8, , 1
Java, binary-trees, -1, 56.66, 54.42, 5.02, 0.00, 1995, 60.0, , 1
Java, binary-trees, -1, 57.03, 54.79, 5.02, 0.00, 1986, 60.0, , 1
Java, binary-trees, -1, 59.12, 56.87, 5.00, 0.00, 2080, 60.5, , 1
Java, binary-trees, -1, 58.65, 56.41, 5.02, 0.00, 1993, 60.5, , 1
Java, binary-trees, -1, 58.82, 56.57, 5.02, 0.00, 2002, 59.8, , 1
Java, binary-trees, -1, 59.15, 56.90, 5.02, 0.00, 1988, 61.0, , 1
Java, binary-trees, -1, 58.69, 56.44, 5.03, 0.00, 2012, 60.5, , 1
Java, binary-trees, -1, 58.04, 55.81, 4.99, 0.00, 1975, 61.0, , 1
Java, binary-trees, -1, 59.63, 57.37, 5.06, 0.00, 2016, 60.2, , 1
Java, binary-trees, -1, 59.95, 57.70, 5.00, 0.00, 2092, 61.0, , 1
Java, binary-trees, -1, 56.15, 53.91, 5.02, 0.00, 1982, 60.2, , 1
Java, binary-trees, -1, 56.91, 54.66, 5.01, 0.00, 1979, 60.8, , 1
Java, binary-trees, -1, 56.48, 54.22, 5.06, 0.00, 2002, 60.8, , 1
Java, binary-trees, -1, 59.22, 56.96, 5.05, 0.00, 2003, 61.0, , 1
Java, binary-trees, -1, 57.88, 55.60, 5.07, 0.00, 2040, 59.2, , 1
Java, binary-trees, -1, 58.77, 56.53, 5.02, 0.00, 1989, 61.2, , 1
Java, binary-trees, -1, 59.76, 57.49, 5.03, 0.00, 2099, 61.2, , 1
Java, binary-trees, -1, 59.60, 57.33, 5.06, 0.00, 2021, 60.5, , 1
Java, fannkuch-redux, -1, 259.40, 256.60, 3.98, 0.00, 7765, 64.0, , 1
Java, fannkuch-redux, -1, 260.23, 257.43, 3.98, 0.00, 7775, 64.2, , 1
Java, fannkuch-redux, -1, 273.11, 270.17, 4.17, 0.00, 8145, 63.2, , 1
Java, fannkuch-redux, -1, 266.32, 263.46, 4.07, 0.00, 7938, 64.5, , 1
Java, fannkuch-redux, -1, 273.47, 270.53, 4.17, 0.00, 8141, 64.5, , 1
Java, fannkuch-redux, -1, 271.80, 268.86, 4.17, 0.00, 8134, 63.2, , 1
Java, fannkuch-redux, -1, 261.18, 258.34, 4.02, 0.00, 7835, 64.5, , 1
Java, fannkuch-redux, -1, 260.50, 257.70, 3.96, 0.00, 7730, 64.0, , 1
Java, fannkuch-redux, -1, 267.10, 264.22, 4.09, 0.00, 7983, 62.0, , 1
Java, fannkuch-redux, -1, 261.68, 258.85, 4.02, 0.00, 7844, 64.8, , 1
Java, fannkuch-redux, -1, 261.45, 258.63, 4.01, 0.00, 7830, 65.2, , 1
Java, fannkuch-redux, -1, 261.45, 258.61, 4.02, 0.00, 7838, 64.2, , 1
Java, fannkuch-redux, -1, 266.82, 263.95, 4.07, 0.00, 7935, 64.5, , 1
Java, fannkuch-redux, -1, 272.96, 270.00, 4.20, 0.00, 8193, 64.5, , 1
Java, fannkuch-redux, -1, 259.64, 256.85, 3.96, 0.00, 7731, 64.0, , 1
Java, fannkuch-redux, -1, 266.38, 263.52, 4.05, 0.00, 7899, 65.8, , 1
Java, fannkuch-redux, -1, 266.60, 263.74, 4.06, 0.00, 7917, 65.2, , 1
Java, fannkuch-redux, -1, 268.98, 266.09, 4.10, 0.00, 8003, 64.8, , 1
Java, fannkuch-redux, -1, 262.45, 259.62, 4.02, 0.00, 7841, 65.0, , 1
Java, fannkuch-redux, -1, 262.36, 259.53, 4.02, 0.00, 7838, 65.5, , 1
Java, fasta, -1, 24.17, 23.77, 0.58, 0.00, 1061, 63.8, , 1
Java, fasta, -1, 23.23, 22.83, 0.59, 0.00, 1079, 63.2, , 1
Java, fasta, -1, 23.29, 22.88, 0.61, 0.00, 1099, 61.0, , 1
Java, fasta, -1, 24.23, 23.83, 0.59, 0.00, 1064, 63.2, , 1
Java, fasta, -1, 23.68, 23.28, 0.61, 0.00, 1102, 62.5, , 1
Java, fasta, -1, 22.99, 22.59, 0.59, 0.00, 1088, 62.8, , 1
Java, fasta, -1, 23.45, 23.04, 0.62, 0.00, 1135, 62.5, , 1
Java, fasta, -1, 23.37, 22.97, 0.61, 0.00, 1102, 63.0, , 1
Java, fasta, -1, 23.51, 23.11, 0.61, 0.00, 1111, 62.8, , 1
Java, fasta, -1, 23.18, 22.78, 0.61, 0.00, 1118, 62.8, , 1
Java, fasta, -1, 23.03, 22.62, 0.61, 0.00, 1105, 61.8, , 1
Java, fasta, -1, 23.93, 23.54, 0.59, 0.00, 1075, 62.2, , 1
Java, fasta, -1, 22.70, 22.29, 0.61, 0.00, 1103, 62.5, , 1
Java, fasta, -1, 23.19, 22.80, 0.60, 0.00, 1085, 62.2, , 1
Java, fasta, -1, 23.46, 23.06, 0.59, 0.00, 1077, 61.8, , 1
Java, fasta, -1, 23.37, 22.96, 0.61, 0.00, 1105, 62.2, , 1
Java, fasta, -1, 23.12, 22.73, 0.60, 0.00, 1084, 62.0, , 1
Java, fasta, -1, 23.00, 22.60, 0.62, 0.00, 1103, 61.2, , 1
Java, fasta, -1, 23.93, 23.53, 0.59, 0.00, 1062, 62.2, , 1
Java, fasta, -1, 23.70, 23.31, 0.58, 0.00, 1065, 62.0, , 1
Java, k-nucleotide, -1, 108.87, 107.33, 3.53, 0.00, 3820, 62.8, , 1
Java, k-nucleotide, -1, 106.60, 105.06, 3.54, 0.00, 3840, 62.0, , 1
Java, k-nucleotide, -1, 103.73, 102.21, 3.50, 0.00, 3769, 60.8, , 1
Java, k-nucleotide, -1, 106.39, 104.84, 3.53, 0.00, 3900, 62.5, , 1
Java, k-nucleotide, -1, 105.07, 103.55, 3.51, 0.00, 3781, 62.8, , 1
Java, k-nucleotide, -1, 102.67, 101.14, 3.50, 0.00, 3790, 64.0, , 1
Java, k-nucleotide, -1, 97.75, 96.28, 3.40, 0.00, 3617, 63.5, , 1
Java, k-nucleotide, -1, 104.29, 102.77, 3.51, 0.00, 3781, 62.5, , 1
Java, k-nucleotide, -1, 105.75, 104.20, 3.55, 0.00, 3858, 63.0, , 1
Java, k-nucleotide, -1, 103.08, 101.60, 3.42, 0.00, 3692, 63.8, , 1
Java, k-nucleotide, -1, 104.97, 103.45, 3.50, 0.00, 3773, 64.2, , 1
Java, k-nucleotide, -1, 105.42, 103.89, 3.51, 0.00, 3790, 62.8, , 1
Java, k-nucleotide, -1, 106.37, 104.83, 3.53, 0.00, 3810, 63.2, , 1
Java, k-nucleotide, -1, 106.18, 104.66, 3.51, 0.00, 3794, 63.2, , 1
Java, k-nucleotide, -1, 101.92, 100.43, 3.39, 0.00, 3713, 63.8, , 1
Java, k-nucleotide, -1, 105.61, 104.06, 3.55, 0.00, 3835, 62.5, , 1
Java, k-nucleotide, -1, 107.74, 106.20, 3.52, 0.00, 3811, 63.8, , 1
Java, k-nucleotide, -1, 104.49, 102.95, 3.47, 0.00, 3835, 60.8, , 1
Java, k-nucleotide, -1, 107.94, 106.39, 3.55, 0.00, 3847, 64.0, , 1
Java, k-nucleotide, -1, 107.89, 106.36, 3.53, 0.00, 3812, 64.2, , 1
Java, mandelbrot, -1, 84.91, 83.72, 1.74, 0.00, 3275, 64.0, , 1
Java, mandelbrot, -1, 83.47, 82.27, 1.74, 0.00, 3286, 63.2, , 1
Java, mandelbrot, -1, 84.29, 83.08, 1.76, 0.00, 3319, 62.8, , 1
Java, mandelbrot, -1, 82.44, 81.28, 1.70, 0.00, 3204, 63.0, , 1
Java, mandelbrot, -1, 83.86, 82.66, 1.75, 0.00, 3298, 64.2, , 1
Java, mandelbrot, -1, 85.58, 84.40, 1.72, 0.00, 3253, 63.5, , 1
Java, mandelbrot, -1, 85.83, 84.64, 1.73, 0.00, 3260, 64.2, , 1
Java, mandelbrot, -1, 84.20, 83.01, 1.74, 0.00, 3288, 63.8, , 1
Java, mandelbrot, -1, 84.29, 83.09, 1.75, 0.00, 3299, 63.2, , 1
Java, mandelbrot, -1, 85.14, 83.96, 1.73, 0.00, 3268, 64.2, , 1
Java, mandelbrot, -1, 82.57, 81.41, 1.69, 0.00, 3191, 64.2, , 1
Java, mandelbrot, -1, 81.42, 80.25, 1.69, 0.00, 3193, 63.5, , 1
Java, mandelbrot, -1, 84.97, 83.78, 1.73, 0.00, 3268, 63.8, , 1
Java, mandelbrot, -1, 85.50, 84.31, 1.72, 0.00, 3257, 63.8, , 1
Java, mandelbrot, -1, 84.54, 83.36, 1.73, 0.00, 3262, 63.5, , 1
Java, mandelbrot, -1, 84.87, 83.67, 1.74, 0.00, 3291, 64.5, , 1
Java, mandelbrot, -1, 81.82, 80.65, 1.70, 0.00, 3203, 63.8, , 1
Java, mandelbrot, -1, 84.56, 83.37, 1.73, 0.00, 3257, 64.0, , 1
Java, mandelbrot, -1, 84.98, 83.80, 1.73, 0.00, 3271, 64.2, , 1
Java, mandelbrot, -1, 85.89, 84.69, 1.74, 0.00, 3294, 63.0, , 1
Java, n-body, -1, 47.66, 46.20, 2.09, 0.00, 4051, 60.0, , 1
Java, n-body, -1, 47.40, 45.94, 2.09, 0.00, 4055, 59.5, , 1
Java, n-body, -1, 47.40, 45.95, 2.07, 0.00, 4025, 59.0, , 1
Java, n-body, -1, 47.62, 46.15, 2.08, 0.00, 4048, 59.8, , 1
Java, n-body, -1, 47.37, 45.91, 2.08, 0.00, 4026, 59.2, , 1
Java, n-body, -1, 47.27, 45.82, 2.07, 0.00, 4024, 59.2, , 1
Java, n-body, -1, 46.95, 45.51, 2.08, 0.00, 4031, 58.8, , 1
Java, n-body, -1, 47.37, 45.92, 2.07, 0.00, 4026, 58.2, , 1
Java, n-body, -1, 47.05, 45.59, 2.09, 0.00, 4052, 58.5, , 1
Java, n-body, -1, 46.55, 45.10, 2.09, 0.00, 4055, 58.8, , 1
Java, n-body, -1, 46.60, 45.14, 2.09, 0.00, 4055, 57.2, , 1
Java, n-body, -1, 46.91, 45.47, 2.07, 0.00, 4026, 58.0, , 1
Java, n-body, -1, 47.15, 45.70, 2.09, 0.00, 4048, 58.0, , 1
Java, n-body, -1, 47.47, 46.01, 2.09, 0.00, 4048, 58.2, , 1
Java, n-body, -1, 46.80, 45.34, 2.08, 0.00, 4031, 57.5, , 1
Java, n-body, -1, 46.97, 45.52, 2.07, 0.00, 4026, 58.2, , 1
Java, n-body, -1, 46.65, 45.19, 2.09, 0.00, 4055, 57.8, , 1
Java, n-body, -1, 46.96, 45.52, 2.07, 0.00, 4023, 57.5, , 1
Java, n-body, -1, 46.47, 45.02, 2.07, 0.00, 4025, 57.2, , 1
Java, n-body, -1, 46.72, 45.25, 2.09, 0.00, 4050, 57.8, , 1
Java, regex-redux, -1, 111.88, 110.13, 3.18, 0.00, 4272, 59.0, , 1
Java, regex-redux, -1, 112.06, 110.31, 3.15, 0.00, 4233, 59.2, , 1
Java, regex-redux, -1, 111.66, 109.90, 3.19, 0.00, 4277, 60.0, , 1
Java, regex-redux, -1, 113.10, 111.36, 3.16, 0.00, 4250, 60.0, , 1
Java, regex-redux, -1, 112.40, 110.66, 3.15, 0.00, 4255, 60.5, , 1
Java, regex-redux, -1, 112.26, 110.50, 3.20, 0.00, 4292, 60.8, , 1
Java, regex-redux, -1, 112.34, 110.58, 3.17, 0.00, 4290, 59.2, , 1
Java, regex-redux, -1, 112.56, 110.82, 3.16, 0.00, 4230, 60.0, , 1
Java, regex-redux, -1, 113.18, 111.42, 3.19, 0.00, 4291, 60.2, , 1
Java, regex-redux, -1, 112.01, 110.24, 3.19, 0.00, 4284, 60.8, , 1
Java, regex-redux, -1, 113.19, 111.43, 3.17, 0.00, 4272, 60.8, , 1
Java, regex-redux, -1, 113.62, 111.87, 3.17, 0.00, 4264, 61.2, , 1
Java, regex-redux, -1, 116.13, 114.36, 3.21, 0.00, 4328, 60.5, , 1
Java, regex-redux, -1, 115.02, 113.26, 3.18, 0.00, 4287, 60.8, , 1
Java, regex-redux, -1, 115.16, 113.35, 3.26, 0.00, 4430, 60.8, , 1
Java, regex-redux, -1, 113.05, 111.29, 3.18, 0.00, 4272, 60.8, , 1
Java, regex-redux, -1, 116.15, 114.36, 3.22, 0.00, 4350, 61.5, , 1
Java, regex-redux, -1, 114.55, 112.77, 3.21, 0.00, 4338, 60.5, , 1
Java, regex-redux, -1, 111.75, 110.03, 3.12, 0.00, 4205, 61.0, , 1
Java, regex-redux, -1, 115.57, 113.78, 3.21, 0.00, 4332, 60.5, , 1
Java, reverse-complement, -1, 9.41, 9.03, 0.76, 0.00, 707, 56.0, , 1
Java, reverse-complement, -1, 9.44, 9.07, 0.76, 0.00, 700, 59.8, , 1
Java, reverse-complement, -1, 9.41, 9.04, 0.75, 0.00, 699, 59.8, , 1
Java, reverse-complement, -1, 9.48, 9.11, 0.76, 0.00, 701, 59.5, , 1
Java, reverse-complement, -1, 9.50, 9.13, 0.76, 0.00, 701, 59.5, , 1
Java, reverse-complement, -1, 9.48, 9.09, 0.76, 0.00, 702, 59.5, , 1
Java, reverse-complement, -1, 9.47, 9.10, 0.76, 0.00, 703, 59.5, , 1
Java, reverse-complement, -1, 9.53, 9.15, 0.76, 0.00, 702, 59.8, , 1
Java, reverse-complement, -1, 9.40, 9.03, 0.75, 0.00, 699, 59.8, , 1
Java, reverse-complement, -1, 9.53, 9.14, 0.76, 0.00, 702, 59.0, , 1
Java, reverse-complement, -1, 9.48, 9.10, 0.76, 0.00, 703, 59.0, , 1
Java, reverse-complement, -1, 9.57, 9.19, 0.76, 0.00, 702, 59.2, , 1
Java, reverse-complement, -1, 9.55, 9.17, 0.76, 0.00, 700, 59.2, , 1
Java, reverse-complement, -1, 9.53, 9.15, 0.76, 0.00, 702, 59.5, , 1
Java, reverse-complement, -1, 9.49, 9.11, 0.76, 0.00, 703, 59.5, , 1
Java, reverse-complement, -1, 9.46, 9.09, 0.76, 0.00, 700, 60.0, , 1
Java, reverse-complement, -1, 9.40, 9.02, 0.75, 0.00, 701, 55.2, , 1
Java, reverse-complement, -1, 9.57, 9.19, 0.76, 0.00, 706, 58.8, , 1
Java, reverse-complement, -1, 9.50, 9.13, 0.76, 0.00, 703, 58.8, , 1
Java, reverse-complement, -1, 9.53, 9.15, 0.76, 0.00, 703, 59.0, , 1
Java, spectral-norm, -1, 13.31, 13.12, 0.30, 0.00, 533, 55.2, , 1
Java, spectral-norm, -1, 13.61, 13.41, 0.30, 0.00, 538, 62.5, , 1
Java, spectral-norm, -1, 13.52, 13.32, 0.30, 0.00, 549, 55.0, , 1
Java, spectral-norm, -1, 13.65, 13.45, 0.30, 0.00, 535, 63.2, , 1
Java, spectral-norm, -1, 13.51, 13.32, 0.30, 0.00, 541, 55.2, , 1
Java, spectral-norm, -1, 13.48, 13.29, 0.29, 0.00, 521, 62.5, , 1
Java, spectral-norm, -1, 13.46, 13.26, 0.30, 0.00, 538, 55.2, , 1
Java, spectral-norm, -1, 13.62, 13.42, 0.30, 0.00, 538, 62.2, , 1
Java, spectral-norm, -1, 13.50, 13.30, 0.30, 0.00, 542, 54.5, , 1
Java, spectral-norm, -1, 13.42, 13.23, 0.29, 0.00, 522, 62.5, , 1
Java, spectral-norm, -1, 13.51, 13.31, 0.30, 0.00, 540, 55.0, , 1
Java, spectral-norm, -1, 13.65, 13.45, 0.30, 0.00, 543, 61.8, , 1
Java, spectral-norm, -1, 13.49, 13.29, 0.30, 0.00, 545, 55.2, , 1
Java, spectral-norm, -1, 13.47, 13.27, 0.29, 0.00, 526, 62.5, , 1
Java, spectral-norm, -1, 13.59, 13.39, 0.31, 0.00, 550, 55.0, , 1
Java, spectral-norm, -1, 13.58, 13.39, 0.30, 0.00, 531, 63.2, , 1
Java, spectral-norm, -1, 13.40, 13.19, 0.30, 0.00, 542, 55.0, , 1
Java, spectral-norm, -1, 13.61, 13.41, 0.30, 0.00, 537, 62.0, , 1
Java, spectral-norm, -1, 12.88, 12.67, 0.32, 0.00, 573, 54.8, , 1
Java, spectral-norm, -1, 13.48, 13.28, 0.29, 0.00, 530, 62.2, , 1
Python, binary-trees, -1, 984.20, 968.17, 33.12, 0.00, 31156, 63.0, , 1
Python, binary-trees, -1, 984.77, 968.71, 33.15, 0.00, 31097, 63.2, , 1
Python, binary-trees, -1, 981.14, 965.21, 32.90, 0.00, 31004, 63.8, , 1
Python, binary-trees, -1, 986.76, 970.80, 32.98, 0.00, 31020, 64.8, , 1
Python, binary-trees, -1, 988.60, 972.58, 33.07, 0.00, 31086, 64.8, , 1
Python, binary-trees, -1, 980.03, 964.13, 32.99, 0.00, 30973, 64.5, , 1
Python, binary-trees, -1, 983.48, 967.56, 32.98, 0.00, 30993, 64.5, , 1
Python, binary-trees, -1, 987.94, 971.98, 32.99, 0.00, 30965, 64.8, , 1
Python, binary-trees, -1, 990.85, 974.87, 33.05, 0.00, 31010, 64.0, , 1
Python, binary-trees, -1, 986.03, 970.04, 33.13, 0.00, 31060, 64.5, , 1
Python, binary-trees, -1, 997.89, 981.78, 33.28, 0.00, 31338, 64.5, , 1
Python, binary-trees, -1, 986.23, 970.23, 33.03, 0.00, 31076, 64.2, , 1
Python, binary-trees, -1, 985.73, 969.83, 32.84, 0.00, 30945, 64.8, , 1
Python, binary-trees, -1, 989.46, 973.51, 32.87, 0.00, 31086, 65.0, , 1
Python, binary-trees, -1, 989.16, 973.26, 32.96, 0.00, 31092, 65.0, , 1
Python, binary-trees, -1, 988.61, 972.64, 33.04, 0.00, 31063, 64.5, , 1
Python, binary-trees, -1, 984.90, 968.93, 32.95, 0.00, 31064, 64.2, , 1
Python, binary-trees, -1, 987.37, 971.34, 33.08, 0.00, 31181, 64.5, , 1
Python, binary-trees, -1, 990.70, 974.74, 32.97, 0.00, 31031, 64.2, , 1
Python, binary-trees, -1, 995.66, 979.66, 33.00, 0.00, 31226, 64.8, , 1
Python, fannkuch-redux, -1, 8091.29, 8007.13, 118.86, 0.00, 233102, 63.8, , 1
Python, fannkuch-redux, -1, 8061.03, 7977.55, 118.41, 0.00, 232229, 64.5, , 1
Python, fannkuch-redux, -1, 8269.77, 8185.23, 119.56, 0.00, 234460, 64.2, , 1
Python, fannkuch-redux, -1, 8117.95, 8033.70, 119.13, 0.00, 233635, 64.5, , 1
Python, fannkuch-redux, -1, 8148.25, 8063.27, 120.45, 0.00, 236222, 64.0, , 1
Python, fannkuch-redux, -1, 8086.17, 8002.44, 118.49, 0.00, 232358, 64.8, , 1
Python, fannkuch-redux, -1, 8054.39, 7970.54, 118.31, 0.00, 232003, 64.2, , 1
Python, fannkuch-redux, -1, 8239.04, 8153.54, 120.99, 0.00, 237250, 63.8, , 1
Python, fannkuch-redux, -1, 8153.88, 8069.43, 119.59, 0.00, 234500, 64.2, , 1
Python, fannkuch-redux, -1, 8121.53, 8037.67, 118.73, 0.00, 232823, 64.0, , 1
Python, fannkuch-redux, -1, 8220.57, 8135.79, 120.17, 0.00, 235621, 64.5, , 1
Python, fannkuch-redux, -1, 8106.47, 8022.37, 119.15, 0.00, 233643, 64.0, , 1
Python, fannkuch-redux, -1, 8090.34, 8006.14, 119.09, 0.00, 233530, 64.8, , 1
Python, fannkuch-redux, -1, 8249.03, 8164.08, 120.03, 0.00, 235384, 64.5, , 1
Python, fannkuch-redux, -1, 8119.10, 8035.13, 118.82, 0.00, 232996, 64.2, , 1
Python, fannkuch-redux, -1, 8161.83, 8076.36, 120.97, 0.00, 237218, 63.8, , 1
Python, fannkuch-redux, -1, 8154.72, 8069.58, 120.23, 0.00, 235760, 63.5, , 1
Python, fannkuch-redux, -1, 8240.17, 8155.65, 119.55, 0.00, 234413, 64.8, , 1
Python, fannkuch-redux, -1, 8067.09, 7983.22, 118.83, 0.00, 233010, 65.8, , 1
Python, fannkuch-redux, -1, 8222.08, 8138.05, 118.82, 0.00, 233003, 64.2, , 1
Python, fasta, -1, 570.48, 554.92, 22.07, 0.00, 43271, 58.8, , 1
Python, fasta, -1, 571.36, 555.91, 22.08, 0.00, 43290, 58.5, , 1
Python, fasta, -1, 572.98, 557.48, 22.14, 0.00, 43407, 57.8, , 1
Python, fasta, -1, 567.29, 551.80, 22.10, 0.00, 43342, 57.2, , 1
Python, fasta, -1, 561.54, 546.07, 22.08, 0.00, 43298, 57.0, , 1
Python, fasta, -1, 563.27, 547.72, 22.22, 0.00, 43549, 56.2, , 1
Python, fasta, -1, 558.66, 543.22, 22.07, 0.00, 43266, 56.5, , 1
Python, fasta, -1, 563.21, 547.74, 22.08, 0.00, 43278, 56.2, , 1
Python, fasta, -1, 562.87, 547.43, 22.07, 0.00, 43246, 56.2, , 1
Python, fasta, -1, 560.70, 545.22, 22.07, 0.00, 43246, 56.5, , 1
Python, fasta, -1, 564.42, 548.97, 22.05, 0.00, 43209, 56.0, , 1
Python, fasta, -1, 559.63, 544.20, 22.07, 0.00, 43259, 56.5, , 1
Python, fasta, -1, 559.78, 544.33, 22.09, 0.00, 43294, 56.2, , 1
Python, fasta, -1, 567.12, 551.71, 22.05, 0.00, 43205, 56.0, , 1
Python, fasta, -1, 558.19, 542.76, 22.07, 0.00, 43243, 56.0, , 1
Python, fasta, -1, 565.51, 549.99, 22.14, 0.00, 43387, 56.0, , 1
Python, fasta, -1, 563.65, 548.12, 22.22, 0.00, 43531, 56.2, , 1
Python, fasta, -1, 563.16, 547.72, 22.06, 0.00, 43221, 56.5, , 1
Python, fasta, -1, 566.79, 551.38, 22.04, 0.00, 43185, 56.8, , 1
Python, fasta, -1, 566.26, 550.83, 22.06, 0.00, 43227, 56.2, , 1
Python, k-nucleotide, -1, 1234.17, 1217.93, 42.73, 0.00, 35614, 64.8, , 1
Python, k-nucleotide, -1, 1245.55, 1229.17, 43.09, 0.00, 35941, 64.8, , 1
Python, k-nucleotide, -1, 1243.28, 1227.06, 42.66, 0.00, 35566, 65.5, , 1
Python, k-nucleotide, -1, 1248.72, 1232.45, 42.79, 0.00, 35579, 66.2, , 1
Python, k-nucleotide, -1, 1240.53, 1224.26, 42.78, 0.00, 35523, 66.8, , 1
Python, k-nucleotide, -1, 1267.40, 1250.94, 43.14, 0.00, 36123, 66.2, , 1
Python, k-nucleotide, -1, 1256.55, 1240.14, 43.10, 0.00, 35826, 66.2, , 1
Python, k-nucleotide, -1, 1257.95, 1241.61, 42.86, 0.00, 35828, 66.0, , 1
Python, k-nucleotide, -1, 1250.44, 1234.20, 42.66, 0.00, 35533, 67.5, , 1
Python, k-nucleotide, -1, 1254.35, 1238.05, 42.84, 0.00, 35729, 67.8, , 1
Python, k-nucleotide, -1, 1255.98, 1239.65, 42.86, 0.00, 35721, 67.2, , 1
Python, k-nucleotide, -1, 1264.33, 1247.95, 43.00, 0.00, 35945, 68.2, , 1
Python, k-nucleotide, -1, 1247.92, 1231.51, 43.14, 0.00, 35750, 67.5, , 1
Python, k-nucleotide, -1, 1245.31, 1229.08, 42.69, 0.00, 35401, 68.8, , 1
Python, k-nucleotide, -1, 1252.66, 1236.37, 42.73, 0.00, 35735, 67.0, , 1
Python, k-nucleotide, -1, 1247.12, 1230.76, 42.96, 0.00, 35790, 67.2, , 1
Python, k-nucleotide, -1, 1249.70, 1233.41, 42.80, 0.00, 35669, 67.8, , 1
Python, k-nucleotide, -1, 1248.43, 1232.11, 42.93, 0.00, 35608, 68.5, , 1
Python, k-nucleotide, -1, 1243.72, 1227.38, 42.96, 0.00, 35579, 68.0, , 1
Python, k-nucleotide, -1, 1269.20, 1252.70, 43.30, 0.00, 36170, 68.0, , 1
Python, mandelbrot, -1, 3825.81, 3789.20, 51.70, 0.00, 101271, 70.5, , 1
Python, mandelbrot, -1, 3802.73, 3766.67, 51.04, 0.00, 99998, 70.8, , 1
Python, mandelbrot, -1, 3805.41, 3769.39, 50.97, 0.00, 99850, 70.5, , 1
Python, mandelbrot, -1, 3772.52, 3736.67, 50.69, 0.00, 99334, 70.8, , 1
Python, mandelbrot, -1, 3782.92, 3746.93, 50.85, 0.00, 99620, 70.5, , 1
Python, mandelbrot, -1, 3779.23, 3743.23, 50.86, 0.00, 99660, 71.0, , 1
Python, mandelbrot, -1, 3770.60, 3734.58, 50.86, 0.00, 99615, 70.8, , 1
Python, mandelbrot, -1, 3795.30, 3759.30, 50.85, 0.00, 99613, 70.2, , 1
Python, mandelbrot, -1, 3783.42, 3747.38, 50.95, 0.00, 99790, 70.5, , 1
Python, mandelbrot, -1, 3765.68, 3729.63, 50.97, 0.00, 99830, 70.0, , 1
Python, mandelbrot, -1, 3842.90, 3806.34, 51.70, 0.00, 101266, 70.2, , 1
Python, mandelbrot, -1, 3861.01, 3824.81, 51.20, 0.00, 100274, 70.8, , 1
Python, mandelbrot, -1, 3777.31, 3741.61, 50.54, 0.00, 98993, 70.5, , 1
Python, mandelbrot, -1, 3828.36, 3792.21, 51.17, 0.00, 100205, 70.5, , 1
Python, mandelbrot, -1, 3763.91, 3727.95, 50.78, 0.00, 99497, 70.5, , 1
Python, mandelbrot, -1, 3778.92, 3742.84, 51.02, 0.00, 99954, 70.0, , 1
Python, mandelbrot, -1, 3797.28, 3761.09, 51.15, 0.00, 100206, 70.2, , 1
Python, mandelbrot, -1, 3778.80, 3742.75, 50.93, 0.00, 99793, 70.8, , 1
Python, mandelbrot, -1, 3787.31, 3751.30, 50.92, 0.00, 99758, 70.5, , 1
Python, mandelbrot, -1, 3763.27, 3727.34, 50.76, 0.00, 99434, 70.8, , 1
Python, n-body, -1, 3349.53, 3262.18, 124.14, 0.00, 243532, 55.2, , 1
Python, n-body, -1, 3295.86, 3209.96, 123.01, 0.00, 241269, 55.0, , 1
Python, n-body, -1, 3284.34, 3199.03, 122.41, 0.00, 240083, 55.2, , 1
Python, n-body, -1, 3362.19, 3274.26, 125.57, 0.00, 246231, 56.0, , 1
Python, n-body, -1, 3307.86, 3222.06, 122.23, 0.00, 239697, 56.0, , 1
Python, n-body, -1, 3313.41, 3226.85, 123.80, 0.00, 242771, 55.0, , 1
Python, n-body, -1, 3284.53, 3198.55, 121.90, 0.00, 238998, 56.0, , 1
Python, n-body, -1, 3265.20, 3180.16, 121.22, 0.00, 237672, 55.5, , 1
Python, n-body, -1, 3241.28, 3156.73, 120.74, 0.00, 236702, 55.5, , 1
Python, n-body, -1, 3264.13, 3178.52, 121.69, 0.00, 238521, 55.8, , 1
Python, n-body, -1, 3260.47, 3175.37, 121.54, 0.00, 238234, 55.2, , 1
Python, n-body, -1, 3256.18, 3171.06, 121.87, 0.00, 238884, 55.2, , 1
Python, n-body, -1, 3325.81, 3239.11, 123.06, 0.00, 241215, 56.0, , 1
Python, n-body, -1, 3258.25, 3173.11, 121.72, 0.00, 238602, 55.0, , 1
Python, n-body, -1, 3270.44, 3185.39, 121.97, 0.00, 239088, 55.5, , 1
Python, n-body, -1, 3311.36, 3224.75, 122.96, 0.00, 241031, 56.2, , 1
Python, n-body, -1, 3279.11, 3194.16, 121.03, 0.00, 237254, 56.2, , 1
Python, n-body, -1, 3268.09, 3182.70, 121.44, 0.00, 238055, 56.2, , 1
Python, n-body, -1, 3285.01, 3199.45, 121.78, 0.00, 238714, 56.5, , 1
Python, n-body, -1, 3252.28, 3167.37, 120.89, 0.00, 236955, 55.5, , 1
Python, regex-redux, -1, 126.98, 124.26, 4.50, 0.00, 7121, 55.2, , 1
Python, regex-redux, -1, 126.88, 124.17, 4.50, 0.00, 7088, 56.2, , 1
Python, regex-redux, -1, 127.91, 125.20, 4.50, 0.00, 7099, 55.5, , 1
Python, regex-redux, -1, 128.64, 125.91, 4.54, 0.00, 7153, 55.2, , 1
Python, regex-redux, -1, 127.53, 124.81, 4.51, 0.00, 7096, 55.5, , 1
Python, regex-redux, -1, 127.53, 124.80, 4.53, 0.00, 7117, 56.0, , 1
Python, regex-redux, -1, 128.25, 125.53, 4.53, 0.00, 7111, 56.2, , 1
Python, regex-redux, -1, 127.70, 124.97, 4.52, 0.00, 7116, 56.0, , 1
Python, regex-redux, -1, 128.73, 126.00, 4.53, 0.00, 7146, 56.2, , 1
Python, regex-redux, -1, 129.61, 126.88, 4.54, 0.00, 7150, 56.5, , 1
Python, regex-redux, -1, 128.78, 126.06, 4.52, 0.00, 7116, 56.5, , 1
Python, regex-redux, -1, 130.13, 127.38, 4.55, 0.00, 7153, 57.0, , 1
Python, regex-redux, -1, 129.41, 126.66, 4.55, 0.00, 7176, 56.5, , 1
Python, regex-redux, -1, 128.92, 126.19, 4.53, 0.00, 7122, 57.2, , 1
Python, regex-redux, -1, 128.83, 126.09, 4.53, 0.00, 7125, 57.0, , 1
Python, regex-redux, -1, 128.71, 125.98, 4.54, 0.00, 7145, 56.5, , 1
Python, regex-redux, -1, 128.63, 125.90, 4.53, 0.00, 7130, 56.8, , 1
Python, regex-redux, -1, 128.76, 126.02, 4.54, 0.00, 7139, 56.8, , 1
Python, regex-redux, -1, 129.78, 127.03, 4.54, 0.00, 7166, 56.8, , 1
Python, regex-redux, -1, 129.63, 126.91, 4.53, 0.00, 7128, 57.2, , 1
Python, reverse-complement, -1, 24.77, 24.17, 1.14, 0.00, 1427, 57.8, , 1
Python, reverse-complement, -1, 24.50, 23.90, 1.13, 0.00, 1414, 57.2, , 1
Python, reverse-complement, -1, 24.48, 23.89, 1.13, 0.00, 1414, 57.8, , 1
Python, reverse-complement, -1, 24.56, 23.96, 1.13, 0.00, 1415, 57.0, , 1
Python, reverse-complement, -1, 24.66, 24.05, 1.14, 0.00, 1422, 57.2, , 1
Python, reverse-complement, -1, 24.49, 23.90, 1.13, 0.00, 1414, 57.8, , 1
Python, reverse-complement, -1, 24.62, 24.02, 1.14, 0.00, 1415, 57.0, , 1
Python, reverse-complement, -1, 24.48, 23.88, 1.13, 0.00, 1409, 57.2, , 1
Python, reverse-complement, -1, 24.77, 24.16, 1.13, 0.00, 1416, 57.5, , 1
Python, reverse-complement, -1, 24.58, 23.97, 1.13, 0.00, 1419, 57.8, , 1
Python, reverse-complement, -1, 24.49, 23.89, 1.13, 0.00, 1412, 57.8, , 1
Python, reverse-complement, -1, 24.80, 24.20, 1.14, 0.00, 1420, 58.0, , 1
Python, reverse-complement, -1, 24.49, 23.89, 1.13, 0.00, 1415, 58.0, , 1
Python, reverse-complement, -1, 24.68, 24.09, 1.13, 0.00, 1406, 57.5, , 1
Python, reverse-complement, -1, 24.71, 24.12, 1.14, 0.00, 1410, 57.8, , 1
Python, reverse-complement, -1, 24.59, 24.00, 1.13, 0.00, 1407, 57.0, , 1
Python, reverse-complement, -1, 24.49, 23.90, 1.13, 0.00, 1410, 57.0, , 1
Python, reverse-complement, -1, 24.61, 24.02, 1.14, 0.00, 1414, 57.2, , 1
Python, reverse-complement, -1, 24.62, 24.03, 1.14, 0.00, 1419, 57.0, , 1
Python, reverse-complement, -1, 24.48, 23.89, 1.13, 0.00, 1408, 58.2, , 1
Python, spectral-norm, -1, 2853.37, 2826.14, 38.65, 0.00, 75434, 69.8, , 1
Python, spectral-norm, -1, 2843.90, 2816.73, 38.54, 0.00, 75268, 70.5, , 1
Python, spectral-norm, -1, 2858.70, 2831.51, 38.56, 0.00, 75271, 70.5, , 1
Python, spectral-norm, -1, 2909.60, 2882.04, 39.07, 0.00, 76267, 70.8, , 1
Python, spectral-norm, -1, 2867.26, 2840.07, 38.53, 0.00, 75254, 71.8, , 1
Python, spectral-norm, -1, 2890.41, 2863.11, 38.67, 0.00, 75496, 71.2, , 1
Python, spectral-norm, -1, 2874.68, 2847.44, 38.58, 0.00, 75365, 70.5, , 1
Python, spectral-norm, -1, 2871.60, 2844.38, 38.58, 0.00, 75326, 71.0, , 1
Python, spectral-norm, -1, 2883.92, 2856.64, 38.65, 0.00, 75503, 70.0, , 1
Python, spectral-norm, -1, 2855.81, 2828.58, 38.58, 0.00, 75362, 70.8, , 1
Python, spectral-norm, -1, 2904.41, 2876.88, 39.00, 0.00, 76175, 71.0, , 1
Python, spectral-norm, -1, 2874.64, 2847.42, 38.56, 0.00, 75325, 70.8, , 1
Python, spectral-norm, -1, 2896.29, 2869.01, 38.65, 0.00, 75482, 70.8, , 1
Python, spectral-norm, -1, 2888.37, 2860.85, 38.96, 0.00, 76138, 70.8, , 1
Python, spectral-norm, -1, 2866.48, 2839.29, 38.52, 0.00, 75213, 70.8, , 1
Python, spectral-norm, -1, 2865.69, 2838.48, 38.54, 0.00, 75287, 70.0, , 1
Python, spectral-norm, -1, 2888.41, 2861.09, 38.72, 0.00, 75616, 71.0, , 1
Python, spectral-norm, -1, 2867.13, 2839.88, 38.60, 0.00, 75385, 70.5, , 1
Python, spectral-norm, -1, 2844.95, 2817.78, 38.51, 0.00, 75234, 70.5, , 1
Python, spectral-norm, -1, 2875.32, 2847.83, 38.97, 0.00, 76072, 71.0, , 1
C, binary-trees, 2, 15.53, 13.84, 3.22, 0.00, 4395, 57.8, , 1
C, binary-trees, 2, 15.37, 13.67, 3.22, 0.00, 4398, 57.2, , 1
C, binary-trees, 2, 15.33, 13.64, 3.22, 0.00, 4387, 57.0, , 1
C, binary-trees, 2, 15.42, 13.73, 3.21, 0.00, 4382, 56.8, , 1
C, binary-trees, 2, 15.45, 13.75, 3.26, 0.00, 4394, 56.8, , 1
C, binary-trees, 2, 15.40, 13.71, 3.21, 0.00, 4400, 56.2, , 1
C, binary-trees, 2, 15.54, 13.84, 3.22, 0.00, 4415, 55.5, , 1
C, binary-trees, 2, 15.30, 13.62, 3.21, 0.00, 4377, 55.2, , 1
C, binary-trees, 2, 15.21, 13.51, 3.22, 0.00, 4401, 55.0, , 1
C, binary-trees, 2, 15.29, 13.60, 3.22, 0.00, 4402, 55.0, , 1
C, binary-trees, 2, 15.46, 13.76, 3.22, 0.00, 4412, 55.0, , 1
C, binary-trees, 2, 15.39, 13.70, 3.22, 0.00, 4392, 54.8, , 1
C, binary-trees, 2, 15.32, 13.60, 3.26, 0.00, 4474, 54.8, , 1
C, binary-trees, 2, 15.43, 13.73, 3.22, 0.00, 4429, 54.2, , 1
C, binary-trees, 2, 15.49, 13.80, 3.22, 0.00, 4406, 53.8, , 1
C, binary-trees, 2, 15.54, 13.84, 3.23, 0.00, 4429, 53.5, , 1
C, binary-trees, 2, 15.44, 13.74, 3.23, 0.00, 4436, 53.2, , 1
C, binary-trees, 2, 16.23, 14.42, 3.39, 0.00, 4752, 53.5, , 1
C, binary-trees, 2, 15.51, 13.81, 3.23, 0.00, 4408, 53.0, , 1
C, binary-trees, 2, 15.46, 13.75, 3.26, 0.00, 4448, 53.0, , 1
C, fannkuch-redux, 2, 31.73, 28.55, 4.55, 0.00, 8922, 52.5, , 1
C, fannkuch-redux, 2, 31.52, 28.35, 4.55, 0.00, 8920, 52.2, , 1
C, fannkuch-redux, 2, 31.37, 28.21, 4.55, 0.00, 8925, 52.0, , 1
C, fannkuch-redux, 2, 31.39, 28.22, 4.56, 0.00, 8934, 51.8, , 1
C, fannkuch-redux, 2, 31.67, 28.48, 4.56, 0.00, 8941, 51.8, , 1
C, fannkuch-redux, 2, 31.74, 28.55, 4.55, 0.00, 8917, 51.5, , 1
C, fannkuch-redux, 2, 31.31, 28.12, 4.55, 0.00, 8919, 50.8, , 1
C, fannkuch-redux, 2, 31.55, 28.38, 4.55, 0.00, 8920, 50.8, , 1
C, fannkuch-redux, 2, 31.91, 28.74, 4.55, 0.00, 8920, 50.8, , 1
C, fannkuch-redux, 2, 31.81, 28.65, 4.55, 0.00, 8919, 50.5, , 1
C, fannkuch-redux, 2, 31.81, 28.64, 4.56, 0.00, 8925, 50.5, , 1
C, fannkuch-redux, 2, 31.92, 28.75, 4.56, 0.00, 8925, 50.2, , 1
C, fannkuch-redux, 2, 31.83, 28.67, 4.56, 0.00, 8935, 50.2, , 1
C, fannkuch-redux, 2, 31.71, 28.57, 4.55, 0.00, 8908, 49.8, , 1
C, fannkuch-redux, 2, 31.43, 28.31, 4.55, 0.00, 8911, 49.8, , 1
C, fannkuch-redux, 2, 31.75, 28.62, 4.55, 0.00, 8914, 49.5, , 1
C, fannkuch-redux, 2, 32.12, 28.96, 4.55, 0.00, 8911, 49.8, , 1
C, fannkuch-redux, 2, 31.56, 28.40, 4.55, 0.00, 8911, 49.2, , 1
C, fannkuch-redux, 2, 31.75, 28.58, 4.55, 0.00, 8908, 49.2, , 1
C, fannkuch-redux, 2, 31.60, 28.43, 4.55, 0.00, 8914, 49.5, , 1
C, fasta, 2, 6.09, 4.96, 1.61, 0.00, 3159, 48.8, , 1
C, fasta, 2, 5.76, 4.63, 1.62, 0.00, 3160, 48.5, , 1
C, fasta, 2, 5.63, 4.50, 1.61, 0.00, 3157, 48.5, , 1
C, fasta, 2, 5.56, 4.43, 1.61, 0.00, 3157, 48.5, , 1
C, fasta, 2, 5.69, 4.56, 1.61, 0.00, 3159, 48.5, , 1
C, fasta, 2, 5.65, 4.52, 1.61, 0.00, 3156, 48.8, , 1
C, fasta, 2, 5.11, 4.14, 1.39, 0.00, 2720, 48.2, , 1
C, fasta, 2, 4.76, 3.88, 1.26, 0.00, 2470, 48.5, , 1
C, fasta, 2, 4.92, 4.02, 1.29, 0.00, 2533, 48.5, , 1
C, fasta, 2, 4.84, 3.96, 1.26, 0.00, 2476, 48.2, , 1
C, fasta, 2, 4.74, 3.88, 1.24, 0.00, 2435, 48.8, , 1
C, fasta, 2, 4.93, 4.02, 1.29, 0.00, 2530, 48.5, , 1
C, fasta, 2, 4.95, 4.05, 1.30, 0.00, 2538, 48.5, , 1
C, fasta, 2, 4.69, 3.84, 1.23, 0.00, 2406, 48.2, , 1
C, fasta, 2, 4.97, 4.07, 1.30, 0.00, 2534, 48.0, , 1
C, fasta, 2, 5.07, 4.14, 1.32, 0.00, 2588, 48.2, , 1
C, fasta, 2, 5.07, 4.14, 1.32, 0.00, 2591, 48.2, , 1
C, fasta, 2, 5.28, 4.32, 1.38, 0.00, 2695, 48.0, , 1
C, fasta, 2, 5.35, 4.36, 1.41, 0.00, 2753, 48.0, , 1
C, fasta, 2, 5.11, 4.18, 1.33, 0.00, 2611, 48.0, , 1
C, k-nucleotide, 2, 42.31, 38.26, 9.09, 0.00, 11180, 48.0, , 1
C, k-nucleotide, 2, 42.32, 38.27, 9.16, 0.00, 11179, 47.8, , 1
C, k-nucleotide, 2, 42.23, 38.16, 9.07, 0.00, 11222, 47.2, , 1
C, k-nucleotide, 2, 42.20, 38.22, 8.55, 0.00, 11207, 48.0, , 1
C, k-nucleotide, 2, 42.27, 38.21, 9.18, 0.00, 11266, 47.8, , 1
C, k-nucleotide, 2, 41.51, 37.55, 8.46, 0.00, 11199, 47.5, , 1
C, k-nucleotide, 2, 41.57, 37.56, 8.88, 0.00, 11213, 47.8, , 1
C, k-nucleotide, 2, 41.77, 37.79, 8.79, 0.00, 11150, 47.8, , 1
C, k-nucleotide, 2, 42.10, 38.06, 9.02, 0.00, 11179, 47.5, , 1
C, k-nucleotide, 2, 41.98, 37.97, 8.89, 0.00, 11194, 47.5, , 1
C, k-nucleotide, 2, 42.40, 38.38, 8.96, 0.00, 11182, 47.8, , 1
C, k-nucleotide, 2, 42.14, 38.16, 8.42, 0.00, 11189, 47.2, , 1
C, k-nucleotide, 2, 42.34, 38.27, 9.22, 0.00, 11215, 47.5, , 1
C, k-nucleotide, 2, 42.75, 38.72, 8.78, 0.00, 11250, 47.0, , 1
C, k-nucleotide, 2, 42.77, 38.77, 8.66, 0.00, 11190, 47.0, , 1
C, k-nucleotide, 2, 42.46, 38.45, 8.65, 0.00, 11192, 47.0, , 1
C, k-nucleotide, 2, 42.00, 37.97, 8.75, 0.00, 11217, 47.2, , 1
C, k-nucleotide, 2, 41.54, 37.54, 8.69, 0.00, 11171, 46.8, , 1
C, k-nucleotide, 2, 41.98, 37.93, 9.00, 0.00, 11183, 46.8, , 1
C, k-nucleotide, 2, 42.43, 38.31, 9.57, 0.00, 11221, 47.0, , 1
C, mandelbrot, 2, 15.10, 13.57, 2.20, 0.00, 4281, 47.0, , 1
C, mandelbrot, 2, 15.22, 13.69, 2.20, 0.00, 4278, 47.0, , 1
C, mandelbrot, 2, 15.18, 13.65, 2.19, 0.00, 4276, 46.8, , 1
C, mandelbrot, 2, 15.18, 13.65, 2.19, 0.00, 4278, 47.0, , 1
C, mandelbrot, 2, 15.14, 13.61, 2.19, 0.00, 4277, 47.2, , 1
C, mandelbrot, 2, 15.26, 13.72, 2.19, 0.00, 4278, 46.8, , 1
C, mandelbrot, 2, 14.96, 13.43, 2.19, 0.00, 4277, 47.2, , 1
C, mandelbrot, 2, 15.21, 13.68, 2.19, 0.00, 4279, 47.0, , 1
C, mandelbrot, 2, 14.99, 13.46, 2.20, 0.00, 4280, 47.0, , 1
C, mandelbrot, 2, 14.97, 13.44, 2.19, 0.00, 4280, 47.0, , 1
C, mandelbrot, 2, 15.09, 13.57, 2.19, 0.00, 4277, 46.8, , 1
C, mandelbrot, 2, 15.18, 13.65, 2.19, 0.00, 4279, 46.8, , 1
C, mandelbrot, 2, 15.12, 13.58, 2.20, 0.00, 4281, 46.8, , 1
C, mandelbrot, 2, 15.21, 13.68, 2.19, 0.00, 4277, 46.8, , 1
C, mandelbrot, 2, 14.90, 13.37, 2.20, 0.00, 4278, 46.8, , 1
C, mandelbrot, 2, 14.70, 13.17, 2.19, 0.00, 4276, 47.0, , 1
C, mandelbrot, 2, 14.76, 13.24, 2.20, 0.00, 4279, 46.5, , 1
C, mandelbrot, 2, 15.14, 13.61, 2.20, 0.00, 4278, 46.5, , 1
C, mandelbrot, 2, 14.94, 13.41, 2.20, 0.00, 4280, 46.2, , 1
C, mandelbrot, 2, 15.16, 13.62, 2.20, 0.00, 4278, 46.8, , 1
C, n-body, 2, 16.40, 13.45, 4.19, 0.00, 8219, 45.8, , 1
C, n-body, 2, 16.06, 13.12, 4.19, 0.00, 8218, 45.8, , 1
C, n-body, 2, 16.19, 13.27, 4.19, 0.00, 8218, 45.5, , 1
C, n-body, 2, 16.17, 13.25, 4.19, 0.00, 8218, 45.2, , 1
C, n-body, 2, 16.13, 13.21, 4.20, 0.00, 8218, 45.5, , 1
C, n-body, 2, 16.21, 13.28, 4.20, 0.00, 8218, 45.2, , 1
C, n-body, 2, 15.68, 12.76, 4.20, 0.00, 8219, 45.2, , 1
C, n-body, 2, 15.95, 13.02, 4.19, 0.00, 8219, 45.5, , 1
C, n-body, 2, 15.55, 12.72, 4.07, 0.00, 7973, 45.2, , 1
C, n-body, 2, 16.01, 13.09, 4.17, 0.00, 8167, 45.0, , 1
C, n-body, 2, 15.47, 12.66, 4.02, 0.00, 7875, 45.2, , 1
C, n-body, 2, 15.06, 12.32, 3.91, 0.00, 7674, 45.0, , 1
C, n-body, 2, 14.55, 11.89, 3.79, 0.00, 7420, 45.0, , 1
C, n-body, 2, 14.51, 11.88, 3.78, 0.00, 7397, 45.0, , 1
C, n-body, 2, 15.10, 12.35, 3.93, 0.00, 7689, 45.2, , 1
C, n-body, 2, 15.54, 12.71, 4.04, 0.00, 7913, 45.0, , 1
C, n-body, 2, 15.49, 12.68, 4.04, 0.00, 7906, 44.8, , 1
C, n-body, 2, 14.83, 12.13, 3.86, 0.00, 7565, 45.5, , 1
C, n-body, 2, 15.63, 12.80, 4.07, 0.00, 7964, 45.0, , 1
C, n-body, 2, 15.12, 12.37, 3.94, 0.00, 7717, 45.0, , 1
C, regex-redux, 2, 9.57, 8.44, 1.91, 0.00, 3112, 45.5, , 1
C, regex-redux, 2, 9.43, 8.31, 1.91, 0.00, 3105, 45.0, , 1
C, regex-redux, 2, 9.62, 8.50, 1.91, 0.00, 3110, 45.2, , 1
C, regex-redux, 2, 9.67, 8.54, 1.91, 0.00, 3110, 45.2, , 1
C, regex-redux, 2, 9.50, 8.37, 1.91, 0.00, 3107, 44.8, , 1
C, regex-redux, 2, 9.53, 8.40, 1.91, 0.00, 3121, 45.0, , 1
C, regex-redux, 2, 9.42, 8.29, 1.91, 0.00, 3114, 45.0, , 1
C, regex-redux, 2, 9.60, 8.47, 1.91, 0.00, 3108, 45.0, , 1
C, regex-redux, 2, 9.49, 8.36, 1.91, 0.00, 3113, 45.0, , 1
C, regex-redux, 2, 9.41, 8.28, 1.91, 0.00, 3111, 45.2, , 1
C, regex-redux, 2, 9.51, 8.38, 1.91, 0.00, 3119, 45.2, , 1
C, regex-redux, 2, 9.56, 8.43, 1.91, 0.00, 3109, 45.0, , 1
C, regex-redux, 2, 9.53, 8.40, 1.91, 0.00, 3109, 45.0, , 1
C, regex-redux, 2, 9.96, 8.82, 1.93, 0.00, 3142, 45.2, , 1
C, regex-redux, 2, 9.41, 8.27, 1.91, 0.00, 3113, 44.8, , 1
C, regex-redux, 2, 9.43, 8.30, 1.91, 0.00, 3110, 45.2, , 1
C, regex-redux, 2, 9.47, 8.34, 1.91, 0.00, 3109, 44.8, , 1
C, regex-redux, 2, 9.44, 8.31, 1.92, 0.00, 3115, 44.8, , 1
C, regex-redux, 2, 9.54, 8.41, 1.92, 0.00, 3113, 45.0, , 1
C, regex-redux, 2, 9.44, 8.31, 1.91, 0.00, 3109, 45.0, , 1
C, reverse-complement, 2, 0.82, 0.67, 0.31, 0.00, 348, 45.2, , 1
C, reverse-complement, 2, 0.84, 0.69, 0.31, 0.00, 351, 45.2, , 1
C, reverse-complement, 2, 0.84, 0.69, 0.31, 0.00, 350, 44.8, , 1
C, reverse-complement, 2, 0.84, 0.69, 0.31, 0.00, 353, 44.8, , 1
C, reverse-complement, 2, 0.83, 0.67, 0.31, 0.00, 350, 44.8, , 1
C, reverse-complement, 2, 0.80, 0.64, 0.31, 0.00, 353, 44.8, , 1
C, reverse-complement, 2, 0.82, 0.67, 0.31, 0.00, 353, 44.8, , 1
C, reverse-complement, 2, 0.81, 0.65, 0.31, 0.00, 347, 44.8, , 1
C, reverse-complement, 2, 0.82, 0.67, 0.31, 0.00, 350, 45.0, , 1
C, reverse-complement, 2, 0.84, 0.68, 0.31, 0.00, 348, 45.0, , 1
C, reverse-complement, 2, 0.82, 0.67, 0.31, 0.00, 348, 45.0, , 1
C, reverse-complement, 2, 0.83, 0.68, 0.31, 0.00, 349, 45.0, , 1
C, reverse-complement, 2, 0.83, 0.67, 0.31, 0.00, 351, 45.0, , 1
C, reverse-complement, 2, 0.82, 0.67, 0.31, 0.00, 347, 45.0, , 1
C, reverse-complement, 2, 0.84, 0.68, 0.31, 0.00, 352, 45.0, , 1
C, reverse-complement, 2, 0.83, 0.68, 0.31, 0.00, 347, 45.0, , 1
C, reverse-complement, 2, 0.84, 0.69, 0.31, 0.00, 351, 45.0, , 1
C, reverse-complement, 2, 0.84, 0.69, 0.31, 0.00, 355, 45.2, , 1
C, reverse-complement, 2, 0.86, 0.71, 0.32, 0.00, 355, 45.2, , 1
C, reverse-complement, 2, 0.84, 0.69, 0.31, 0.00, 349, 45.2, , 1
C, spectral-norm, 2, 5.30, 4.80, 0.71, 0.00, 1384, 45.0, , 1
C, spectral-norm, 2, 5.31, 4.82, 0.71, 0.00, 1385, 45.5, , 1
C, spectral-norm, 2, 5.30, 4.80, 0.71, 0.00, 1385, 45.0, , 1
C, spectral-norm, 2, 5.27, 4.77, 0.71, 0.00, 1385, 45.2, , 1
C, spectral-norm, 2, 5.27, 4.78, 0.71, 0.00, 1385, 45.5, , 1
C, spectral-norm, 2, 5.30, 4.80, 0.71, 0.00, 1387, 45.5, , 1
C, spectral-norm, 2, 5.27, 4.77, 0.71, 0.00, 1386, 45.2, , 1
C, spectral-norm, 2, 5.24, 4.75, 0.71, 0.00, 1385, 45.5, , 1
C, spectral-norm, 2, 5.29, 4.79, 0.71, 0.00, 1384, 45.0, , 1
C, spectral-norm, 2, 5.22, 4.72, 0.71, 0.00, 1387, 45.5, , 1
C, spectral-norm, 2, 5.26, 4.76, 0.71, 0.00, 1385, 45.5, , 1
C, spectral-norm, 2, 5.29, 4.79, 0.71, 0.00, 1385, 45.5, , 1
C, spectral-norm, 2, 5.29, 4.79, 0.71, 0.00, 1385, 45.2, , 1
C, spectral-norm, 2, 5.31, 4.81, 0.71, 0.00, 1393, 45.2, , 1
C, spectral-norm, 2, 5.30, 4.80, 0.72, 0.00, 1398, 45.2, , 1
C, spectral-norm, 2, 5.24, 4.75, 0.71, 0.00, 1383, 45.2, , 1
C, spectral-norm, 2, 5.28, 4.79, 0.71, 0.00, 1383, 45.5, , 1
C, spectral-norm, 2, 5.29, 4.79, 0.71, 0.00, 1382, 45.0, , 1
C, spectral-norm, 2, 5.29, 4.80, 0.71, 0.00, 1383, 45.0, , 1
C, spectral-norm, 2, 5.29, 4.79, 0.71, 0.00, 1384, 45.2, , 1
C++, binary-trees, 2, 13.58, 12.11, 2.74, 0.00, 3530, 45.0, , 1
C++, binary-trees, 2, 13.54, 12.14, 2.63, 0.00, 3493, 45.5, , 1
C++, binary-trees, 2, 13.30, 11.91, 2.67, 0.00, 3474, 45.8, , 1
C++, binary-trees, 2, 13.71, 12.23, 2.84, 0.00, 3551, 45.2, , 1
C++, binary-trees, 2, 13.37, 11.97, 2.63, 0.00, 3510, 45.5, , 1
C++, binary-trees, 2, 13.08, 11.70, 2.62, 0.00, 3411, 45.0, , 1
C++, binary-trees, 2, 13.34, 11.84, 2.83, 0.00, 3553, 45.2, , 1
C++, binary-trees, 2, 13.23, 11.81, 2.74, 0.00, 3467, 45.2, , 1
C++, binary-trees, 2, 12.72, 11.40, 2.68, 0.00, 3347, 45.5, , 1
C++, binary-trees, 2, 12.94, 11.56, 2.68, 0.00, 3443, 45.0, , 1
C++, binary-trees, 2, 12.95, 11.59, 2.73, 0.00, 3428, 45.2, , 1
C++, binary-trees, 2, 13.02, 11.63, 2.65, 0.00, 3464, 45.0, , 1
C++, binary-trees, 2, 12.87, 11.48, 2.65, 0.00, 3438, 45.2, , 1
C++, binary-trees, 2, 13.30, 11.91, 2.64, 0.00, 3488, 45.5, , 1
C++, binary-trees, 2, 13.32, 11.92, 2.64, 0.00, 3511, 45.0, , 1
C++, binary-trees, 2, 12.99, 11.66, 2.70, 0.00, 3359, 45.5, , 1
C++, binary-trees, 2, 13.14, 11.76, 2.64, 0.00, 3441, 45.5, , 1
C++, binary-trees, 2, 12.62, 11.22, 2.68, 0.00, 3382, 45.8, , 1
C++, binary-trees, 2, 12.73, 11.35, 2.62, 0.00, 3403, 45.2, , 1
C++, binary-trees, 2, 13.41, 11.92, 2.84, 0.00, 3564, 45.2, , 1
C++, fannkuch-redux, 2, 52.24, 46.56, 8.16, 0.00, 15993, 45.5, , 1
C++, fannkuch-redux, 2, 52.11, 46.43, 8.15, 0.00, 15981, 45.0, , 1
C++, fannkuch-redux, 2, 52.11, 46.43, 8.17, 0.00, 16002, 45.0, , 1
C++, fannkuch-redux, 2, 53.32, 47.62, 8.17, 0.00, 16000, 45.2, , 1
C++, fannkuch-redux, 2, 53.35, 47.66, 8.16, 0.00, 15992, 44.8, , 1
C++, fannkuch-redux, 2, 52.92, 47.24, 8.15, 0.00, 15972, 45.0, , 1
C++, fannkuch-redux, 2, 52.79, 47.09, 8.17, 0.00, 16004, 45.0, , 1
C++, fannkuch-redux, 2, 53.17, 47.48, 8.15, 0.00, 15968, 44.8, , 1
C++, fannkuch-redux, 2, 53.84, 48.15, 8.16, 0.00, 15992, 44.8, , 1
C++, fannkuch-redux, 2, 53.17, 47.48, 8.15, 0.00, 15970, 44.5, , 1
C++, fannkuch-redux, 2, 53.19, 47.50, 8.15, 0.00, 15967, 44.8, , 1
C++, fannkuch-redux, 2, 53.16, 47.46, 8.16, 0.00, 15993, 44.8, , 1
C++, fannkuch-redux, 2, 53.30, 47.60, 8.16, 0.00, 15984, 44.8, , 1
C++, fannkuch-redux, 2, 53.09, 47.39, 8.16, 0.00, 15984, 45.0, , 1
C++, fannkuch-redux, 2, 52.80, 47.09, 8.17, 0.00, 16010, 44.5, , 1
C++, fannkuch-redux, 2, 52.72, 47.03, 8.16, 0.00, 15993, 44.5, , 1
C++, fannkuch-redux, 2, 52.55, 46.87, 8.15, 0.00, 15960, 44.8, , 1
C++, fannkuch-redux, 2, 53.00, 47.29, 8.16, 0.00, 16002, 44.5, , 1
C++, fannkuch-redux, 2, 53.00, 47.31, 8.15, 0.00, 15964, 44.8, , 1
C++, fannkuch-redux, 2, 53.74, 48.06, 8.15, 0.00, 15971, 44.8, , 1
C++, fasta, 2, 6.56, 5.47, 1.57, 0.00, 3065, 44.2, , 1
C++, fasta, 2, 6.53, 5.44, 1.57, 0.00, 3065, 44.2, , 1
C++, fasta, 2, 6.48, 5.39, 1.57, 0.00, 3065, 44.2, , 1
C++, fasta, 2, 6.61, 5.52, 1.57, 0.00, 3064, 44.5, , 1
C++, fasta, 2, 6.58, 5.50, 1.57, 0.00, 3064, 44.5, , 1
C++, fasta, 2, 6.63, 5.54, 1.57, 0.00, 3064, 44.5, , 1
C++, fasta, 2, 6.74, 5.66, 1.57, 0.00, 3064, 44.0, , 1
C++, fasta, 2, 6.67, 5.58, 1.57, 0.00, 3064, 44.2, , 1
C++, fasta, 2, 6.73, 5.64, 1.57, 0.00, 3065, 44.5, , 1
C++, fasta, 2, 6.72, 5.63, 1.56, 0.00, 3064, 44.0, , 1
C++, fasta, 2, 6.83, 5.74, 1.57, 0.00, 3064, 44.0, , 1
C++, fasta, 2, 6.87, 5.78, 1.57, 0.00, 3064, 44.5, , 1
C++, fasta, 2, 6.87, 5.78, 1.57, 0.00, 3064, 44.0, , 1
C++, fasta, 2, 6.83, 5.74, 1.57, 0.00, 3064, 44.2, , 1
C++, fasta, 2, 6.71, 5.62, 1.57, 0.00, 3064, 44.2, , 1
C++, fasta, 2, 6.85, 5.77, 1.57, 0.00, 3064, 44.5, , 1
C++, fasta, 2, 6.85, 5.76, 1.57, 0.00, 3064, 44.2, , 1
C++, fasta, 2, 6.61, 5.52, 1.57, 0.00, 3064, 44.2, , 1
C++, fasta, 2, 6.68, 5.59, 1.57, 0.00, 3064, 43.8, , 1
C++, fasta, 2, 6.69, 5.60, 1.57, 0.00, 3065, 44.0, , 1
C++, k-nucleotide, 2, 21.36, 18.32, 6.67, 0.00, 6316, 44.5, , 1
C++, k-nucleotide, 2, 21.24, 18.23, 6.53, 0.00, 6252, 44.5, , 1
C++, k-nucleotide, 2, 21.42, 18.42, 6.52, 0.00, 6282, 44.8, , 1
C++, k-nucleotide, 2, 21.94, 18.90, 6.60, 0.00, 6492, 44.2, , 1
C++, k-nucleotide, 2, 21.16, 18.16, 6.54, 0.00, 6248, 44.8, , 1
C++, k-nucleotide, 2, 21.08, 18.08, 6.60, 0.00, 6280, 44.5, , 1
C++, k-nucleotide, 2, 20.94, 17.93, 6.56, 0.00, 6265, 44.5, , 1
C++, k-nucleotide, 2, 20.96, 17.96, 6.51, 0.00, 6236, 44.5, , 1
C++, k-nucleotide, 2, 20.79, 17.78, 6.59, 0.00, 6260, 44.2, , 1
C++, k-nucleotide, 2, 20.75, 17.76, 6.55, 0.00, 6229, 44.2, , 1
C++, k-nucleotide, 2, 20.75, 17.75, 6.50, 0.00, 6214, 44.5, , 1
C++, k-nucleotide, 2, 20.72, 17.75, 6.50, 0.00, 6227, 44.5, , 1
C++, k-nucleotide, 2, 20.87, 17.85, 6.57, 0.00, 6264, 44.8, , 1
C++, k-nucleotide, 2, 20.86, 17.83, 6.60, 0.00, 6253, 44.8, , 1
C++, k-nucleotide, 2, 20.84, 17.81, 6.67, 0.00, 6305, 44.5, , 1
C++, k-nucleotide, 2, 20.69, 17.70, 6.47, 0.00, 6236, 44.5, , 1
C++, k-nucleotide, 2, 20.78, 17.77, 6.57, 0.00, 6273, 44.5, , 1
C++, k-nucleotide, 2, 20.67, 17.68, 6.54, 0.00, 6242, 44.2, , 1
C++, k-nucleotide, 2, 21.50, 18.39, 6.78, 0.00, 6553, 44.0, , 1
C++, k-nucleotide, 2, 20.78, 17.78, 6.52, 0.00, 6249, 44.5, , 1
C++, mandelbrot, 2, 12.07, 10.88, 1.73, 0.00, 3360, 44.5, , 1
C++, mandelbrot, 2, 12.20, 11.01, 1.73, 0.00, 3367, 44.8, , 1
C++, mandelbrot, 2, 12.19, 10.99, 1.73, 0.00, 3373, 44.5, , 1
C++, mandelbrot, 2, 12.23, 11.04, 1.73, 0.00, 3369, 44.8, , 1
C++, mandelbrot, 2, 12.16, 10.96, 1.72, 0.00, 3360, 44.2, , 1
C++, mandelbrot, 2, 12.20, 11.00, 1.73, 0.00, 3364, 44.2, , 1
C++, mandelbrot, 2, 12.05, 10.85, 1.73, 0.00, 3364, 44.8, , 1
C++, mandelbrot, 2, 12.14, 10.94, 1.73, 0.00, 3366, 44.2, , 1
C++, mandelbrot, 2, 12.26, 11.06, 1.73, 0.00, 3362, 44.5, , 1
C++, mandelbrot, 2, 12.17, 10.97, 1.73, 0.00, 3368, 44.8, , 1
C++, mandelbrot, 2, 12.08, 10.88, 1.73, 0.00, 3364, 44.8, , 1
C++, mandelbrot, 2, 12.18, 10.98, 1.72, 0.00, 3359, 44.5, , 1
C++, mandelbrot, 2, 12.23, 11.03, 1.73, 0.00, 3367, 44.8, , 1
C++, mandelbrot, 2, 12.21, 11.01, 1.73, 0.00, 3364, 44.8, , 1
C++, mandelbrot, 2, 12.19, 11.00, 1.73, 0.00, 3361, 44.5, , 1
C++, mandelbrot, 2, 12.21, 11.01, 1.73, 0.00, 3369, 44.2, , 1
C++, mandelbrot, 2, 12.10, 10.90, 1.73, 0.00, 3365, 44.5, , 1
C++, mandelbrot, 2, 12.21, 11.02, 1.72, 0.00, 3358, 44.8, , 1
C++, mandelbrot, 2, 12.32, 11.13, 1.73, 0.00, 3359, 44.5, , 1
C++, mandelbrot, 2, 12.43, 11.24, 1.72, 0.00, 3358, 44.2, , 1
C++, n-body, 2, 16.70, 13.79, 4.16, 0.00, 8162, 44.5, , 1
C++, n-body, 2, 16.34, 13.42, 4.16, 0.00, 8162, 44.2, , 1
C++, n-body, 2, 16.65, 13.75, 4.17, 0.00, 8164, 44.0, , 1
C++, n-body, 2, 16.86, 13.96, 4.17, 0.00, 8164, 44.0, , 1
C++, n-body, 2, 17.12, 14.22, 4.16, 0.00, 8162, 44.2, , 1
C++, n-body, 2, 16.49, 13.58, 4.17, 0.00, 8164, 44.0, , 1
C++, n-body, 2, 16.59, 13.69, 4.17, 0.00, 8163, 43.8, , 1
C++, n-body, 2, 17.05, 14.15, 4.17, 0.00, 8163, 43.8, , 1
C++, n-body, 2, 16.63, 13.73, 4.17, 0.00, 8163, 43.8, , 1
C++, n-body, 2, 16.15, 13.25, 4.17, 0.00, 8163, 43.8, , 1
C++, n-body, 2, 16.59, 13.69, 4.17, 0.00, 8163, 43.8, , 1
C++, n-body, 2, 16.27, 13.34, 4.17, 0.00, 8163, 43.5, , 1
C++, n-body, 2, 16.34, 13.43, 4.17, 0.00, 8166, 43.5, , 1
C++, n-body, 2, 16.42, 13.52, 4.17, 0.00, 8162, 44.0, , 1
C++, n-body, 2, 16.67, 13.76, 4.17, 0.00, 8163, 43.5, , 1
C++, n-body, 2, 16.55, 13.66, 4.17, 0.00, 8163, 43.8, , 1
C++, n-body, 2, 16.57, 13.67, 4.17, 0.00, 8162, 43.5, , 1
C++, n-body, 2, 16.78, 13.88, 4.17, 0.00, 8166, 43.0, , 1
C++, n-body, 2, 16.69, 13.79, 4.17, 0.00, 8164, 43.5, , 1
C++, n-body, 2, 16.14, 13.24, 4.17, 0.00, 8163, 43.8, , 1
C++, regex-redux, 2, 12.11, 10.40, 2.81, 0.00, 4688, 43.8, , 1
C++, regex-redux, 2, 11.86, 10.18, 2.77, 0.00, 4604, 43.8, , 1
C++, regex-redux, 2, 11.81, 10.17, 2.72, 0.00, 4486, 43.2, , 1
C++, regex-redux, 2, 12.21, 10.50, 2.83, 0.00, 4708, 44.0, , 1
C++, regex-redux, 2, 12.43, 10.72, 2.81, 0.00, 4686, 44.2, , 1
C++, regex-redux, 2, 12.52, 10.81, 2.80, 0.00, 4669, 43.8, , 1
C++, regex-redux, 2, 12.48, 10.78, 2.79, 0.00, 4659, 44.0, , 1
C++, regex-redux, 2, 12.45, 10.79, 2.75, 0.00, 4550, 43.8, , 1
C++, regex-redux, 2, 12.54, 10.84, 2.80, 0.00, 4664, 43.8, , 1
C++, regex-redux, 2, 12.41, 10.70, 2.82, 0.00, 4707, 43.8, , 1
C++, regex-redux, 2, 12.62, 10.93, 2.79, 0.00, 4629, 43.8, , 1
C++, regex-redux, 2, 12.70, 11.01, 2.80, 0.00, 4651, 43.2, , 1
C++, regex-redux, 2, 11.99, 10.42, 2.60, 0.00, 4276, 43.8, , 1
C++, regex-redux, 2, 12.71, 11.02, 2.80, 0.00, 4655, 43.8, , 1
C++, regex-redux, 2, 12.56, 10.89, 2.75, 0.00, 4570, 43.8, , 1
C++, regex-redux, 2, 12.68, 10.96, 2.83, 0.00, 4717, 43.8, , 1
C++, regex-redux, 2, 12.31, 10.65, 2.74, 0.00, 4547, 44.0, , 1
C++, regex-redux, 2, 12.20, 10.52, 2.78, 0.00, 4610, 43.5, , 1
C++, regex-redux, 2, 12.62, 10.90, 2.83, 0.00, 4719, 44.2, , 1
C++, regex-redux, 2, 12.15, 10.47, 2.80, 0.00, 4633, 43.8, , 1
C++, reverse-complement, 2, 1.30, 1.04, 0.50, 0.00, 626, 44.2, , 1
C++, reverse-complement, 2, 1.31, 1.05, 0.50, 0.00, 624, 43.8, , 1
C++, reverse-complement, 2, 1.30, 1.04, 0.50, 0.00, 624, 43.8, , 1
C++, reverse-complement, 2, 1.30, 1.04, 0.50, 0.00, 624, 44.0, , 1
C++, reverse-complement, 2, 1.30, 1.04, 0.50, 0.00, 625, 44.0, , 1
C++, reverse-complement, 2, 1.28, 1.03, 0.50, 0.00, 624, 43.8, , 1
C++, reverse-complement, 2, 1.31, 1.06, 0.50, 0.00, 625, 43.8, , 1
C++, reverse-complement, 2, 1.31, 1.06, 0.50, 0.00, 624, 43.2, , 1
C++, reverse-complement, 2, 1.29, 1.04, 0.50, 0.00, 623, 43.2, , 1
C++, reverse-complement, 2, 1.30, 1.04, 0.50, 0.00, 625, 44.2, , 1
C++, reverse-complement, 2, 1.30, 1.04, 0.50, 0.00, 625, 44.2, , 1
C++, reverse-complement, 2, 1.28, 1.02, 0.50, 0.00, 625, 44.0, , 1
C++, reverse-complement, 2, 1.29, 1.04, 0.50, 0.00, 625, 44.0, , 1
C++, reverse-complement, 2, 1.29, 1.03, 0.50, 0.00, 625, 43.8, , 1
C++, reverse-complement, 2, 1.30, 1.04, 0.50, 0.00, 625, 43.8, , 1
C++, reverse-complement, 2, 1.33, 1.06, 0.50, 0.00, 629, 43.8, , 1
C++, reverse-complement, 2, 1.32, 1.06, 0.50, 0.00, 628, 43.8, , 1
C++, reverse-complement, 2, 1.31, 1.05, 0.50, 0.00, 628, 43.5, , 1
C++, reverse-complement, 2, 1.31, 1.05, 0.50, 0.00, 624, 43.5, , 1
C++, reverse-complement, 2, 1.32, 1.06, 0.50, 0.00, 624, 43.8, , 1
C++, spectral-norm, 2, 5.29, 4.71, 0.82, 0.00, 1601, 44.0, , 1
C++, spectral-norm, 2, 5.31, 4.74, 0.82, 0.00, 1598, 44.0, , 1
C++, spectral-norm, 2, 5.32, 4.75, 0.82, 0.00, 1598, 43.8, , 1
C++, spectral-norm, 2, 5.31, 4.73, 0.82, 0.00, 1600, 44.0, , 1
C++, spectral-norm, 2, 5.28, 4.71, 0.82, 0.00, 1597, 43.8, , 1
C++, spectral-norm, 2, 5.39, 4.81, 0.83, 0.00, 1620, 43.8, , 1
C++, spectral-norm, 2, 5.34, 4.76, 0.82, 0.00, 1601, 44.0, , 1
C++, spectral-norm, 2, 5.31, 4.74, 0.82, 0.00, 1596, 44.0, , 1
C++, spectral-norm, 2, 5.33, 4.75, 0.82, 0.00, 1597, 44.0, , 1
C++, spectral-norm, 2, 5.32, 4.74, 0.82, 0.00, 1599, 44.0, , 1
C++, spectral-norm, 2, 5.30, 4.73, 0.82, 0.00, 1595, 44.0, , 1
C++, spectral-norm, 2, 5.27, 4.70, 0.82, 0.00, 1596, 43.8, , 1
C++, spectral-norm, 2, 5.20, 4.63, 0.82, 0.00, 1598, 44.2, , 1
C++, spectral-norm, 2, 5.23, 4.66, 0.82, 0.00, 1597, 44.2, , 1
C++, spectral-norm, 2, 5.24, 4.67, 0.82, 0.00, 1597, 44.0, , 1
C++, spectral-norm, 2, 5.26, 4.68, 0.82, 0.00, 1604, 44.2, , 1
C++, spectral-norm, 2, 5.27, 4.69, 0.82, 0.00, 1609, 43.8, , 1
C++, spectral-norm, 2, 5.20, 4.64, 0.81, 0.00, 1594, 44.0, , 1
C++, spectral-norm, 2, 5.29, 4.72, 0.82, 0.00, 1595, 44.2, , 1
C++, spectral-norm, 2, 5.23, 4.65, 0.82, 0.00, 1600, 44.0, , 1
Java, binary-trees, 2, 27.61, 23.64, 8.70, 0.00, 7235, 44.2, , 1
Java, binary-trees, 2, 28.13, 24.14, 8.73, 0.00, 7287, 44.2, , 1
Java, binary-trees, 2, 28.20, 24.13, 8.80, 0.00, 7589, 44.2, , 1
Java, binary-trees, 2, 28.24, 24.17, 8.79, 0.00, 7575, 44.2, , 1
Java, binary-trees, 2, 29.82, 25.66, 9.00, 0.00, 7870, 44.5, , 1
Java, binary-trees, 2, 27.81, 23.85, 8.69, 0.00, 7255, 43.8, , 1
Java, binary-trees, 2, 28.81, 24.75, 8.84, 0.00, 7555, 44.0, , 1
Java, binary-trees, 2, 29.22, 25.09, 8.92, 0.00, 7747, 44.2, , 1
Java, binary-trees, 2, 26.89, 22.96, 8.64, 0.00, 7122, 44.5, , 1
Java, binary-trees, 2, 28.14, 24.05, 8.83, 0.00, 7641, 44.2, , 1
Java, binary-trees, 2, 28.08, 24.09, 8.75, 0.00, 7307, 44.0, , 1
Java, binary-trees, 2, 27.83, 23.74, 8.85, 0.00, 7636, 44.2, , 1
Java, binary-trees, 2, 27.42, 23.33, 8.82, 0.00, 7616, 44.5, , 1
Java, binary-trees, 2, 27.54, 23.45, 8.82, 0.00, 7607, 44.5, , 1
Java, binary-trees, 2, 25.83, 21.95, 8.52, 0.00, 7017, 44.8, , 1
Java, binary-trees, 2, 28.89, 24.75, 8.94, 0.00, 7766, 44.2, , 1
Java, binary-trees, 2, 28.24, 24.22, 8.79, 0.00, 7378, 44.5, , 1
Java, binary-trees, 2, 26.24, 22.34, 8.55, 0.00, 7038, 44.2, , 1
Java, binary-trees, 2, 29.19, 25.04, 8.99, 0.00, 7852, 44.5, , 1
Java, binary-trees, 2, 28.40, 24.29, 8.85, 0.00, 7663, 44.0, , 1
Java, fannkuch-redux, 2, 140.92, 128.15, 18.31, 0.00, 35845, 44.2, , 1
Java, fannkuch-redux, 2, 147.62, 134.42, 18.94, 0.00, 37096, 44.5, , 1
Java, fannkuch-redux, 2, 140.52, 127.90, 18.10, 0.00, 35426, 44.8, , 1
Java, fannkuch-redux, 2, 142.90, 130.07, 18.40, 0.00, 36023, 44.2, , 1
Java, fannkuch-redux, 2, 142.21, 129.41, 18.33, 0.00, 35889, 44.5, , 1
Java, fannkuch-redux, 2, 145.64, 132.40, 18.98, 0.00, 37141, 44.8, , 1
Java, fannkuch-redux, 2, 137.34, 124.94, 17.78, 0.00, 34804, 44.5, , 1
Java, fannkuch-redux, 2, 141.78, 128.94, 18.40, 0.00, 36026, 44.8, , 1
Java, fannkuch-redux, 2, 141.34, 128.54, 18.32, 0.00, 35867, 44.8, , 1
Java, fannkuch-redux, 2, 138.38, 125.97, 17.76, 0.00, 34760, 44.8, , 1
Java, fannkuch-redux, 2, 139.20, 126.62, 18.03, 0.00, 35281, 44.5, , 1
Java, fannkuch-redux, 2, 140.68, 127.90, 18.33, 0.00, 35872, 44.8, , 1
Java, fannkuch-redux, 2, 141.73, 128.90, 18.34, 0.00, 35896, 45.0, , 1
Java, fannkuch-redux, 2, 143.21, 130.04, 18.88, 0.00, 36941, 44.8, , 1
Java, fannkuch-redux, 2, 144.31, 131.16, 18.81, 0.00, 36812, 45.0, , 1
Java, fannkuch-redux, 2, 140.45, 127.68, 18.30, 0.00, 35813, 44.8, , 1
Java, fannkuch-redux, 2, 142.39, 129.56, 18.35, 0.00, 35913, 45.0, , 1
Java, fannkuch-redux, 2, 146.33, 133.16, 18.84, 0.00, 36867, 45.0, , 1
Java, fannkuch-redux, 2, 141.78, 129.08, 18.15, 0.00, 35519, 44.8, , 1
Java, fannkuch-redux, 2, 144.80, 131.96, 18.36, 0.00, 35929, 44.5, , 1
Java, fasta, 2, 13.90, 12.32, 2.34, 0.00, 4465, 44.8, , 1
Java, fasta, 2, 13.96, 12.38, 2.34, 0.00, 4458, 45.0, , 1
Java, fasta, 2, 13.82, 12.23, 2.38, 0.00, 4478, 44.5, , 1
Java, fasta, 2, 13.78, 12.19, 2.34, 0.00, 4466, 44.5, , 1
Java, fasta, 2, 13.82, 12.24, 2.33, 0.00, 4458, 45.0, , 1
Java, fasta, 2, 13.88, 12.29, 2.35, 0.00, 4472, 44.8, , 1
Java, fasta, 2, 13.95, 12.36, 2.34, 0.00, 4457, 45.0, , 1
Java, fasta, 2, 13.92, 12.33, 2.35, 0.00, 4469, 44.8, , 1
Java, fasta, 2, 13.85, 12.26, 2.34, 0.00, 4470, 45.0, , 1
Java, fasta, 2, 14.03, 12.45, 2.34, 0.00, 4452, 44.8, , 1
Java, fasta, 2, 13.83, 12.24, 2.34, 0.00, 4456, 44.8, , 1
Java, fasta, 2, 13.78, 12.19, 2.34, 0.00, 4460, 44.8, , 1
Java, fasta, 2, 13.87, 12.30, 2.33, 0.00, 4443, 44.8, , 1
Java, fasta, 2, 13.68, 12.10, 2.34, 0.00, 4449, 44.5, , 1
Java, fasta, 2, 13.82, 12.23, 2.34, 0.00, 4461, 44.8, , 1
Java, fasta, 2, 13.81, 12.22, 2.35, 0.00, 4467, 45.0, , 1
Java, fasta, 2, 14.04, 12.46, 2.33, 0.00, 4446, 44.5, , 1
Java, fasta, 2, 13.90, 12.31, 2.35, 0.00, 4471, 44.8, , 1
Java, fasta, 2, 13.99, 12.41, 2.35, 0.00, 4457, 44.8, , 1
Java, fasta, 2, 13.92, 12.34, 2.33, 0.00, 4449, 44.5, , 1
Java, k-nucleotide, 2, 62.54, 56.43, 10.86, 0.00, 17168, 45.0, , 1
Java, k-nucleotide, 2, 60.80, 54.73, 10.76, 0.00, 16989, 44.8, , 1
Java, k-nucleotide, 2, 61.46, 55.36, 10.82, 0.00, 17105, 44.5, , 1
Java, k-nucleotide, 2, 60.69, 54.57, 10.82, 0.00, 17126, 44.8, , 1
Java, k-nucleotide, 2, 59.63, 53.54, 10.80, 0.00, 17041, 45.0, , 1
Java, k-nucleotide, 2, 59.47, 53.34, 10.82, 0.00, 17165, 45.0, , 1
Java, k-nucleotide, 2, 59.64, 53.54, 10.79, 0.00, 17035, 44.8, , 1
Java, k-nucleotide, 2, 59.95, 53.90, 10.75, 0.00, 16936, 45.0, , 1
Java, k-nucleotide, 2, 61.27, 55.09, 10.89, 0.00, 17314, 44.8, , 1
Java, k-nucleotide, 2, 60.31, 54.22, 10.80, 0.00, 17021, 44.8, , 1
Java, k-nucleotide, 2, 60.98, 54.85, 10.88, 0.00, 17182, 44.8, , 1
Java, k-nucleotide, 2, 60.20, 54.09, 10.85, 0.00, 17125, 44.8, , 1
Java, k-nucleotide, 2, 59.14, 53.06, 10.79, 0.00, 17020, 44.8, , 1
Java, k-nucleotide, 2, 60.48, 54.30, 10.94, 0.00, 17286, 44.8, , 1
Java, k-nucleotide, 2, 60.04, 53.93, 10.84, 0.00, 17091, 44.8, , 1
Java, k-nucleotide, 2, 58.27, 52.22, 10.76, 0.00, 16960, 44.8, , 1
Java, k-nucleotide, 2, 59.28, 53.13, 10.89, 0.00, 17188, 44.8, , 1
Java, k-nucleotide, 2, 59.20, 53.03, 10.93, 0.00, 17271, 44.5, , 1
Java, k-nucleotide, 2, 58.77, 52.69, 10.76, 0.00, 17008, 44.8, , 1
Java, k-nucleotide, 2, 57.81, 51.83, 10.63, 0.00, 16729, 45.0, , 1
Java, mandelbrot, 2, 47.33, 42.24, 7.37, 0.00, 14284, 45.0, , 1
Java, mandelbrot, 2, 46.96, 41.86, 7.36, 0.00, 14291, 45.2, , 1
Java, mandelbrot, 2, 49.00, 43.77, 7.57, 0.00, 14695, 45.0, , 1
Java, mandelbrot, 2, 46.77, 41.67, 7.38, 0.00, 14317, 44.5, , 1
Java, mandelbrot, 2, 47.47, 42.36, 7.40, 0.00, 14356, 44.8, , 1
Java, mandelbrot, 2, 47.26, 42.17, 7.37, 0.00, 14285, 44.5, , 1
Java, mandelbrot, 2, 47.78, 42.70, 7.36, 0.00, 14286, 45.0, , 1
Java, mandelbrot, 2, 48.74, 43.61, 7.41, 0.00, 14375, 44.5, , 1
Java, mandelbrot, 2, 50.34, 45.10, 7.58, 0.00, 14711, 44.5, , 1
Java, mandelbrot, 2, 48.66, 43.55, 7.39, 0.00, 14328, 45.0, , 1
Java, mandelbrot, 2, 48.09, 42.95, 7.42, 0.00, 14376, 44.5, , 1
Java, mandelbrot, 2, 49.17, 43.92, 7.58, 0.00, 14699, 44.5, , 1
Java, mandelbrot, 2, 47.90, 42.81, 7.36, 0.00, 14275, 45.0, , 1
Java, mandelbrot, 2, 48.14, 43.04, 7.36, 0.00, 14269, 44.5, , 1
Java, mandelbrot, 2, 50.18, 44.94, 7.58, 0.00, 14706, 44.5, , 1
Java, mandelbrot, 2, 48.01, 42.91, 7.37, 0.00, 14298, 44.8, , 1
Java, mandelbrot, 2, 48.00, 42.91, 7.36, 0.00, 14270, 44.8, , 1
Java, mandelbrot, 2, 48.76, 43.62, 7.44, 0.00, 14424, 44.5, , 1
Java, mandelbrot, 2, 48.33, 43.20, 7.41, 0.00, 14368, 44.5, , 1
Java, mandelbrot, 2, 49.13, 43.90, 7.56, 0.00, 14668, 44.8, , 1
Java, n-body, 2, 34.53, 28.08, 9.20, 0.00, 17984, 44.0, , 1
Java, n-body, 2, 33.84, 27.66, 8.83, 0.00, 17252, 44.2, , 1
Java, n-body, 2, 33.94, 27.75, 8.83, 0.00, 17260, 44.2, , 1
Java, n-body, 2, 33.94, 27.77, 8.82, 0.00, 17233, 44.2, , 1
Java, n-body, 2, 35.06, 28.69, 9.15, 0.00, 17887, 44.2, , 1
Java, n-body, 2, 35.87, 29.38, 9.33, 0.00, 18231, 43.8, , 1
Java, n-body, 2, 35.26, 28.85, 9.17, 0.00, 17931, 44.0, , 1
Java, n-body, 2, 34.65, 28.34, 9.03, 0.00, 17657, 44.2, , 1
Java, n-body, 2, 33.07, 27.03, 8.63, 0.00, 16853, 44.0, , 1
Java, n-body, 2, 34.16, 27.94, 8.87, 0.00, 17344, 44.0, , 1
Java, n-body, 2, 35.83, 29.33, 9.33, 0.00, 18229, 43.8, , 1
Java, n-body, 2, 35.82, 29.32, 9.33, 0.00, 18236, 43.8, , 1
Java, n-body, 2, 33.97, 27.77, 8.85, 0.00, 17288, 43.8, , 1
Java, n-body, 2, 33.41, 27.33, 8.72, 0.00, 17037, 43.8, , 1
Java, n-body, 2, 33.63, 27.48, 8.76, 0.00, 17112, 43.5, , 1
Java, n-body, 2, 33.89, 27.74, 8.81, 0.00, 17220, 43.8, , 1
Java, n-body, 2, 35.48, 29.04, 9.24, 0.00, 18059, 44.0, , 1
Java, n-body, 2, 34.16, 27.94, 8.89, 0.00, 17382, 43.8, , 1
Java, n-body, 2, 35.33, 28.92, 9.20, 0.00, 17985, 43.2, , 1
Java, n-body, 2, 35.46, 29.03, 9.24, 0.00, 18060, 43.8, , 1
Java, regex-redux, 2, 63.89, 57.07, 10.76, 0.00, 18613, 43.5, , 1
Java, regex-redux, 2, 66.38, 59.20, 11.30, 0.00, 19676, 43.8, , 1
Java, regex-redux, 2, 63.98, 57.15, 10.77, 0.00, 18676, 43.5, , 1
Java, regex-redux, 2, 65.73, 58.69, 11.06, 0.00, 19286, 44.0, , 1
Java, regex-redux, 2, 66.05, 59.15, 10.91, 0.00, 18904, 44.0, , 1
Java, regex-redux, 2, 66.76, 59.77, 11.04, 0.00, 19148, 44.0, , 1
Java, regex-redux, 2, 66.33, 59.34, 11.04, 0.00, 19156, 44.0, , 1
Java, regex-redux, 2, 65.12, 58.19, 10.93, 0.00, 18947, 44.0, , 1
Java, regex-redux, 2, 64.79, 57.88, 10.93, 0.00, 18949, 44.2, , 1
Java, regex-redux, 2, 64.93, 58.00, 10.94, 0.00, 18955, 44.0, , 1
Java, regex-redux, 2, 65.07, 58.10, 11.03, 0.00, 19103, 44.5, , 1
Java, regex-redux, 2, 65.31, 58.38, 10.91, 0.00, 18951, 44.5, , 1
Java, regex-redux, 2, 65.17, 58.30, 10.87, 0.00, 18840, 44.2, , 1
Java, regex-redux, 2, 66.30, 59.32, 11.02, 0.00, 19133, 44.0, , 1
Java, regex-redux, 2, 64.19, 57.35, 10.81, 0.00, 18715, 44.5, , 1
Java, regex-redux, 2, 67.55, 60.35, 11.35, 0.00, 19756, 44.0, , 1
Java, regex-redux, 2, 65.43, 58.49, 10.95, 0.00, 18993, 44.5, , 1
Java, regex-redux, 2, 64.04, 57.12, 10.93, 0.00, 18938, 44.2, , 1
Java, regex-redux, 2, 64.74, 57.78, 10.96, 0.00, 19048, 44.2, , 1
Java, regex-redux, 2, 64.94, 57.96, 11.00, 0.00, 19097, 44.2, , 1
Java, reverse-complement, 2, 6.45, 5.24, 2.15, 0.00, 3132, 44.2, , 1
Java, reverse-complement, 2, 6.30, 5.08, 2.15, 0.00, 3138, 44.0, , 1
Java, reverse-complement, 2, 6.51, 5.29, 2.15, 0.00, 3143, 44.2, , 1
Java, reverse-complement, 2, 6.40, 5.18, 2.15, 0.00, 3131, 44.5, , 1
Java, reverse-complement, 2, 6.75, 5.54, 2.14, 0.00, 3116, 44.2, , 1
Java, reverse-complement, 2, 6.52, 5.30, 2.15, 0.00, 3147, 44.2, , 1
Java, reverse-complement, 2, 6.56, 5.35, 2.14, 0.00, 3116, 44.0, , 1
Java, reverse-complement, 2, 6.67, 5.46, 2.14, 0.00, 3134, 44.2, , 1
Java, reverse-complement, 2, 6.69, 5.46, 2.16, 0.00, 3145, 44.0, , 1
Java, reverse-complement, 2, 6.56, 5.35, 2.14, 0.00, 3115, 44.0, , 1
Java, reverse-complement, 2, 6.55, 5.33, 2.15, 0.00, 3136, 44.2, , 1
Java, reverse-complement, 2, 6.73, 5.51, 2.15, 0.00, 3144, 44.2, , 1
Java, reverse-complement, 2, 6.76, 5.54, 2.15, 0.00, 3138, 44.2, , 1
Java, reverse-complement, 2, 6.51, 5.28, 2.15, 0.00, 3145, 44.0, , 1
Java, reverse-complement, 2, 6.40, 5.18, 2.15, 0.00, 3124, 44.0, , 1
Java, reverse-complement, 2, 6.40, 5.18, 2.15, 0.00, 3132, 44.0, , 1
Java, reverse-complement, 2, 6.44, 5.23, 2.14, 0.00, 3118, 44.0, , 1
Java, reverse-complement, 2, 6.53, 5.32, 2.14, 0.00, 3115, 44.2, , 1
Java, reverse-complement, 2, 6.51, 5.29, 2.14, 0.00, 3136, 44.2, , 1
Java, reverse-complement, 2, 6.59, 5.38, 2.15, 0.00, 3125, 44.0, , 1
Java, spectral-norm, 2, 8.03, 7.18, 1.23, 0.00, 2355, 44.2, , 1
Java, spectral-norm, 2, 8.00, 7.15, 1.24, 0.00, 2362, 43.8, , 1
Java, spectral-norm, 2, 8.01, 7.17, 1.24, 0.00, 2359, 44.5, , 1
Java, spectral-norm, 2, 8.04, 7.20, 1.23, 0.00, 2349, 44.2, , 1
Java, spectral-norm, 2, 8.07, 7.23, 1.23, 0.00, 2342, 44.2, , 1
Java, spectral-norm, 2, 8.03, 7.20, 1.23, 0.00, 2347, 44.2, , 1
Java, spectral-norm, 2, 8.14, 7.31, 1.22, 0.00, 2335, 44.0, , 1
Java, spectral-norm, 2, 8.11, 7.27, 1.24, 0.00, 2360, 44.5, , 1
Java, spectral-norm, 2, 7.94, 7.11, 1.22, 0.00, 2326, 44.2, , 1
Java, spectral-norm, 2, 8.00, 7.15, 1.23, 0.00, 2351, 44.2, , 1
Java, spectral-norm, 2, 8.08, 7.23, 1.24, 0.00, 2358, 44.2, , 1
Java, spectral-norm, 2, 8.04, 7.19, 1.25, 0.00, 2371, 44.0, , 1
Java, spectral-norm, 2, 8.00, 7.15, 1.23, 0.00, 2357, 44.0, , 1
Java, spectral-norm, 2, 8.06, 7.22, 1.23, 0.00, 2341, 44.0, , 1
Java, spectral-norm, 2, 7.92, 7.07, 1.23, 0.00, 2343, 44.0, , 1
Java, spectral-norm, 2, 7.92, 7.08, 1.23, 0.00, 2345, 44.0, , 1
Java, spectral-norm, 2, 7.97, 7.13, 1.23, 0.00, 2347, 44.2, , 1
Java, spectral-norm, 2, 8.06, 7.22, 1.23, 0.00, 2352, 44.5, , 1
Java, spectral-norm, 2, 8.05, 7.21, 1.23, 0.00, 2342, 44.2, , 1
Java, spectral-norm, 2, 8.08, 7.23, 1.24, 0.00, 2354, 44.5, , 1
Python, binary-trees, 2, 506.30, 457.88, 85.73, 0.00, 126149, 44.8, , 1
Python, binary-trees, 2, 502.12, 454.10, 85.80, 0.00, 125739, 45.0, , 1
Python, binary-trees, 2, 499.39, 451.10, 85.88, 0.00, 125992, 45.0, , 1
Python, binary-trees, 2, 498.86, 450.93, 85.48, 0.00, 125173, 44.8, , 1
Python, binary-trees, 2, 501.78, 453.89, 85.11, 0.00, 124745, 45.0, , 1
Python, binary-trees, 2, 499.04, 451.03, 85.37, 0.00, 125138, 45.0, , 1
Python, binary-trees, 2, 503.01, 455.02, 85.30, 0.00, 124878, 45.2, , 1
Python, binary-trees, 2, 508.36, 460.27, 85.46, 0.00, 125433, 45.2, , 1
Python, binary-trees, 2, 513.02, 464.83, 85.25, 0.00, 125447, 45.2, , 1
Python, binary-trees, 2, 505.97, 457.85, 85.20, 0.00, 125215, 45.2, , 1
Python, binary-trees, 2, 507.39, 459.30, 85.72, 0.00, 125653, 45.0, , 1
Python, binary-trees, 2, 503.21, 455.30, 84.99, 0.00, 124744, 45.5, , 1
Python, binary-trees, 2, 506.43, 458.46, 85.25, 0.00, 124948, 45.0, , 1
Python, binary-trees, 2, 506.66, 458.45, 85.43, 0.00, 125397, 45.2, , 1
Python, binary-trees, 2, 511.25, 463.27, 85.62, 0.00, 125288, 45.2, , 1
Python, binary-trees, 2, 507.05, 459.22, 85.32, 0.00, 124957, 45.8, , 1
Python, binary-trees, 2, 511.38, 463.27, 85.15, 0.00, 125094, 45.0, , 1
Python, binary-trees, 2, 505.43, 457.50, 85.21, 0.00, 124945, 45.5, , 1
Python, binary-trees, 2, 501.32, 453.31, 85.47, 0.00, 125195, 45.2, , 1
Python, binary-trees, 2, 497.52, 449.64, 85.22, 0.00, 124779, 45.2, , 1
Python, fannkuch-redux, 2, 4598.62, 4221.38, 541.68, 0.00, 1061840, 45.0, , 1
Python, fannkuch-redux, 2, 4614.18, 4239.51, 538.71, 0.00, 1056010, 45.2, , 1
Python, fannkuch-redux, 2, 4685.90, 4301.55, 552.16, 0.00, 1082357, 44.8, , 1
Python, fannkuch-redux, 2, 4597.08, 4220.84, 540.61, 0.00, 1059402, 45.0, , 1
Python, fannkuch-redux, 2, 4525.71, 4151.19, 538.26, 0.00, 1054809, 45.0, , 1
Python, fannkuch-redux, 2, 4648.45, 4267.90, 546.39, 0.00, 1070951, 45.0, , 1
Python, fannkuch-redux, 2, 4587.57, 4213.13, 537.81, 0.00, 1054104, 44.8, , 1
Python, fannkuch-redux, 2, 4605.50, 4228.63, 541.36, 0.00, 1061062, 44.8, , 1
Python, fannkuch-redux, 2, 4585.70, 4208.99, 541.03, 0.00, 1060265, 45.0, , 1
Python, fannkuch-redux, 2, 4530.55, 4156.24, 537.83, 0.00, 1053871, 44.8, , 1
Python, fannkuch-redux, 2, 4656.78, 4277.95, 544.23, 0.00, 1066412, 44.8, , 1
Python, fannkuch-redux, 2, 4666.16, 4287.31, 546.72, 0.00, 1063330, 45.0, , 1
Python, fannkuch-redux, 2, 4692.29, 4306.13, 555.25, 0.00, 1088058, 44.8, , 1
Python, fannkuch-redux, 2, 4583.90, 4207.54, 540.54, 0.00, 1059201, 45.2, , 1
Python, fannkuch-redux, 2, 4632.98, 4254.86, 543.23, 0.00, 1064436, 44.8, , 1
Python, fannkuch-redux, 2, 4641.02, 4262.80, 543.42, 0.00, 1064861, 44.8, , 1
Python, fannkuch-redux, 2, 4696.44, 4315.55, 547.14, 0.00, 1072108, 44.8, , 1
Python, fannkuch-redux, 2, 4585.68, 4208.13, 542.36, 0.00, 1062752, 44.8, , 1
Python, fannkuch-redux, 2, 4656.71, 4275.04, 548.88, 0.00, 1075568, 45.0, , 1
Python, fannkuch-redux, 2, 4563.32, 4187.19, 540.58, 0.00, 1059284, 45.0, , 1
Python, fasta, 2, 428.02, 354.87, 105.10, 0.00, 206000, 43.5, , 1
Python, fasta, 2, 431.36, 358.40, 105.08, 0.00, 205974, 43.2, , 1
Python, fasta, 2, 423.53, 350.45, 105.00, 0.00, 205810, 43.2, , 1
Python, fasta, 2, 425.33, 352.31, 104.90, 0.00, 205609, 43.2, , 1
Python, fasta, 2, 422.78, 349.76, 104.89, 0.00, 205603, 42.8, , 1
Python, fasta, 2, 425.03, 351.99, 104.88, 0.00, 205568, 43.2, , 1
Python, fasta, 2, 431.32, 358.21, 104.89, 0.00, 205597, 42.8, , 1
Python, fasta, 2, 437.84, 364.57, 104.96, 0.00, 205720, 42.8, , 1
Python, fasta, 2, 433.12, 359.15, 106.00, 0.00, 207722, 42.2, , 1
Python, fasta, 2, 408.57, 335.67, 104.79, 0.00, 205345, 42.8, , 1
Python, fasta, 2, 409.11, 335.66, 105.63, 0.00, 206993, 42.5, , 1
Python, fasta, 2, 411.87, 338.93, 104.93, 0.00, 205594, 42.8, , 1
Python, fasta, 2, 416.90, 343.83, 105.01, 0.00, 205766, 42.5, , 1
Python, fasta, 2, 423.35, 349.95, 105.46, 0.00, 206642, 42.5, , 1
Python, fasta, 2, 428.85, 353.35, 108.51, 0.00, 212609, 42.5, , 1
Python, fasta, 2, 429.87, 356.66, 104.98, 0.00, 205699, 42.5, , 1
Python, fasta, 2, 432.42, 359.19, 105.18, 0.00, 206097, 42.8, , 1
Python, fasta, 2, 429.43, 356.37, 104.97, 0.00, 205684, 42.5, , 1
Python, fasta, 2, 429.64, 356.55, 104.92, 0.00, 205592, 42.8, , 1
Python, fasta, 2, 425.34, 352.08, 105.23, 0.00, 206197, 43.5, , 1
Python, k-nucleotide, 2, 597.58, 547.52, 103.70, 0.00, 139283, 44.5, , 1
Python, k-nucleotide, 2, 602.46, 552.43, 102.94, 0.00, 139357, 44.5, , 1
Python, k-nucleotide, 2, 597.43, 547.27, 103.05, 0.00, 139655, 44.8, , 1
Python, k-nucleotide, 2, 602.77, 552.33, 103.63, 0.00, 140596, 45.2, , 1
Python, k-nucleotide, 2, 605.72, 555.58, 103.50, 0.00, 139598, 45.2, , 1
Python, k-nucleotide, 2, 599.55, 549.21, 103.44, 0.00, 140203, 45.5, , 1
Python, k-nucleotide, 2, 604.33, 554.10, 103.31, 0.00, 139815, 45.0, , 1
Python, k-nucleotide, 2, 603.91, 553.33, 103.89, 0.00, 140822, 44.8, , 1
Python, k-nucleotide, 2, 593.55, 543.47, 103.04, 0.00, 139442, 45.0, , 1
Python, k-nucleotide, 2, 598.66, 548.37, 103.48, 0.00, 139966, 45.2, , 1
Python, k-nucleotide, 2, 600.82, 550.85, 102.93, 0.00, 139104, 45.2, , 1
Python, k-nucleotide, 2, 604.28, 554.31, 102.92, 0.00, 139289, 45.5, , 1
Python, k-nucleotide, 2, 605.16, 555.32, 103.26, 0.00, 138596, 45.2, , 1
Python, k-nucleotide, 2, 610.15, 560.16, 102.95, 0.00, 139122, 45.2, , 1
Python, k-nucleotide, 2, 603.61, 553.72, 102.80, 0.00, 138874, 45.2, , 1
Python, k-nucleotide, 2, 596.97, 546.85, 103.05, 0.00, 139549, 45.2, , 1
Python, k-nucleotide, 2, 600.65, 550.61, 103.05, 0.00, 139239, 45.2, , 1
Python, k-nucleotide, 2, 606.28, 555.93, 103.48, 0.00, 140222, 45.0, , 1
Python, k-nucleotide, 2, 621.31, 569.86, 106.72, 0.00, 142813, 45.5, , 1
Python, k-nucleotide, 2, 605.25, 555.12, 103.32, 0.00, 139500, 45.0, , 1
Python, mandelbrot, 2, 2085.42, 1923.98, 232.11, 0.00, 454610, 45.2, , 1
Python, mandelbrot, 2, 2084.06, 1923.95, 230.38, 0.00, 451179, 45.5, , 1
Python, mandelbrot, 2, 2047.77, 1888.89, 228.40, 0.00, 447359, 45.8, , 1
Python, mandelbrot, 2, 2076.10, 1915.45, 231.01, 0.00, 452444, 46.0, , 1
Python, mandelbrot, 2, 2059.32, 1900.05, 229.07, 0.00, 448604, 45.8, , 1
Python, mandelbrot, 2, 2050.36, 1891.22, 228.83, 0.00, 448131, 45.5, , 1
Python, mandelbrot, 2, 2054.39, 1894.22, 230.18, 0.00, 450824, 46.0, , 1
Python, mandelbrot, 2, 2077.00, 1915.25, 232.36, 0.00, 455061, 45.5, , 1
Python, mandelbrot, 2, 2059.43, 1899.71, 229.55, 0.00, 449505, 46.0, , 1
Python, mandelbrot, 2, 2089.38, 1929.15, 230.66, 0.00, 451570, 45.8, , 1
Python, mandelbrot, 2, 2059.75, 1899.88, 229.90, 0.00, 450138, 46.2, , 1
Python, mandelbrot, 2, 2059.65, 1897.97, 232.22, 0.00, 454660, 45.8, , 1
Python, mandelbrot, 2, 2068.26, 1907.56, 230.96, 0.00, 452215, 45.8, , 1
Python, mandelbrot, 2, 2077.62, 1918.23, 229.18, 0.00, 448703, 46.0, , 1
Python, mandelbrot, 2, 2055.00, 1894.76, 230.11, 0.00, 450523, 45.8, , 1
Python, mandelbrot, 2, 2057.13, 1895.30, 232.31, 0.00, 454828, 46.5, , 1
Python, mandelbrot, 2, 2068.68, 1907.44, 231.59, 0.00, 453405, 46.0, , 1
Python, mandelbrot, 2, 2027.41, 1866.60, 230.64, 0.00, 451574, 46.0, , 1
Python, mandelbrot, 2, 2047.97, 1887.92, 229.78, 0.00, 449892, 46.0, , 1
Python, mandelbrot, 2, 2052.36, 1891.67, 230.69, 0.00, 451653, 46.2, , 1
Python, n-body, 2, 2474.96, 2074.05, 576.76, 0.00, 1130554, 43.8, , 1
Python, n-body, 2, 2457.69, 2059.53, 576.28, 0.00, 1129616, 43.8, , 1
Python, n-body, 2, 2491.64, 2092.22, 576.51, 0.00, 1130065, 43.5, , 1
Python, n-body, 2, 2516.59, 2115.64, 579.25, 0.00, 1135518, 44.0, , 1
Python, n-body, 2, 2543.06, 2140.75, 580.39, 0.00, 1137739, 44.0, , 1
Python, n-body, 2, 2518.51, 2112.40, 584.64, 0.00, 1146051, 44.2, , 1
Python, n-body, 2, 2490.77, 2088.11, 579.83, 0.00, 1136668, 44.0, , 1
Python, n-body, 2, 2493.49, 2093.17, 577.53, 0.00, 1132148, 43.5, , 1
Python, n-body, 2, 2534.06, 2134.42, 577.49, 0.00, 1131892, 44.0, , 1
Python, n-body, 2, 2539.71, 2131.46, 589.31, 0.00, 1154912, 44.0, , 1
Python, n-body, 2, 2456.17, 2055.76, 579.38, 0.00, 1135451, 44.2, , 1
Python, n-body, 2, 2483.28, 2075.33, 588.97, 0.00, 1154261, 44.0, , 1
Python, n-body, 2, 2494.38, 2091.10, 582.22, 0.00, 1141012, 44.2, , 1
Python, n-body, 2, 2519.43, 2118.25, 580.17, 0.00, 1136979, 44.2, , 1
Python, n-body, 2, 2519.47, 2116.90, 581.62, 0.00, 1139826, 43.8, , 1
Python, n-body, 2, 2492.55, 2091.96, 578.89, 0.00, 1134484, 44.0, , 1
Python, n-body, 2, 2470.51, 2071.15, 576.87, 0.00, 1130531, 43.5, , 1
Python, n-body, 2, 2550.79, 2144.35, 588.12, 0.00, 1147113, 43.8, , 1
Python, n-body, 2, 2510.23, 2108.79, 580.38, 0.00, 1137297, 44.0, , 1
Python, n-body, 2, 2527.94, 2123.10, 584.21, 0.00, 1144888, 43.8, , 1
Python, regex-redux, 2, 88.43, 76.59, 18.01, 0.00, 32971, 44.2, , 1
Python, regex-redux, 2, 88.66, 76.80, 18.01, 0.00, 33032, 44.0, , 1
Python, regex-redux, 2, 88.28, 76.41, 18.02, 0.00, 33007, 44.0, , 1
Python, regex-redux, 2, 88.85, 77.01, 18.01, 0.00, 32950, 44.2, , 1
Python, regex-redux, 2, 87.59, 75.74, 18.03, 0.00, 32989, 43.5, , 1
Python, regex-redux, 2, 87.67, 75.83, 18.02, 0.00, 32958, 43.8, , 1
Python, regex-redux, 2, 88.53, 76.68, 18.04, 0.00, 32970, 44.0, , 1
Python, regex-redux, 2, 89.82, 77.61, 18.55, 0.00, 33999, 44.5, , 1
Python, regex-redux, 2, 89.29, 77.48, 18.00, 0.00, 32915, 44.2, , 1
Python, regex-redux, 2, 89.07, 77.21, 18.03, 0.00, 32980, 44.0, , 1
Python, regex-redux, 2, 90.17, 78.21, 18.17, 0.00, 33253, 44.0, , 1
Python, regex-redux, 2, 89.70, 77.86, 18.01, 0.00, 32944, 44.0, , 1
Python, regex-redux, 2, 88.43, 76.57, 18.01, 0.00, 32970, 44.2, , 1
Python, regex-redux, 2, 88.83, 76.99, 18.04, 0.00, 33008, 44.2, , 1
Python, regex-redux, 2, 90.77, 78.84, 18.13, 0.00, 33178, 44.0, , 1
Python, regex-redux, 2, 90.16, 78.32, 18.03, 0.00, 32969, 43.8, , 1
Python, regex-redux, 2, 90.52, 78.70, 18.00, 0.00, 32929, 44.5, , 1
Python, regex-redux, 2, 89.97, 78.11, 18.02, 0.00, 32967, 44.5, , 1
Python, regex-redux, 2, 90.46, 78.59, 18.04, 0.00, 33022, 44.2, , 1
Python, regex-redux, 2, 90.85, 78.96, 18.12, 0.00, 33131, 44.2, , 1
Python, reverse-complement, 2, 16.83, 14.47, 3.88, 0.00, 6505, 44.2, , 1
Python, reverse-complement, 2, 16.75, 14.39, 3.88, 0.00, 6502, 44.2, , 1
Python, reverse-complement, 2, 16.99, 14.63, 3.89, 0.00, 6511, 44.2, , 1
Python, reverse-complement, 2, 17.08, 14.72, 3.89, 0.00, 6505, 44.2, , 1
Python, reverse-complement, 2, 17.07, 14.70, 3.88, 0.00, 6505, 44.2, , 1
Python, reverse-complement, 2, 17.08, 14.72, 3.89, 0.00, 6509, 43.8, , 1
Python, reverse-complement, 2, 17.08, 14.72, 3.89, 0.00, 6503, 44.2, , 1
Python, reverse-complement, 2, 16.78, 14.42, 3.89, 0.00, 6504, 44.0, , 1
Python, reverse-complement, 2, 16.88, 14.52, 3.89, 0.00, 6496, 44.5, , 1
Python, reverse-complement, 2, 17.10, 14.73, 3.90, 0.00, 6520, 44.0, , 1
Python, reverse-complement, 2, 16.84, 14.48, 3.88, 0.00, 6494, 44.2, , 1
Python, reverse-complement, 2, 16.84, 14.48, 3.89, 0.00, 6508, 44.0, , 1
Python, reverse-complement, 2, 16.85, 14.47, 3.92, 0.00, 6551, 44.2, , 1
Python, reverse-complement, 2, 16.75, 14.38, 3.90, 0.00, 6518, 44.2, , 1
Python, reverse-complement, 2, 16.66, 14.30, 3.89, 0.00, 6494, 44.0, , 1
Python, reverse-complement, 2, 17.32, 14.96, 3.90, 0.00, 6521, 44.2, , 1
Python, reverse-complement, 2, 16.78, 14.42, 3.88, 0.00, 6501, 44.0, , 1
Python, reverse-complement, 2, 16.85, 14.48, 3.89, 0.00, 6516, 44.5, , 1
Python, reverse-complement, 2, 16.74, 14.38, 3.90, 0.00, 6515, 44.2, , 1
Python, reverse-complement, 2, 16.94, 14.58, 3.90, 0.00, 6512, 44.8, , 1
Python, spectral-norm, 2, 1536.59, 1415.32, 174.32, 0.00, 341027, 45.5, , 1
Python, spectral-norm, 2, 1547.84, 1426.45, 174.52, 0.00, 341411, 45.8, , 1
Python, spectral-norm, 2, 1544.82, 1423.45, 174.40, 0.00, 341180, 46.2, , 1
Python, spectral-norm, 2, 1561.65, 1440.12, 174.69, 0.00, 341793, 45.8, , 1
Python, spectral-norm, 2, 1557.08, 1434.42, 176.20, 0.00, 344743, 46.5, , 1
Python, spectral-norm, 2, 1543.97, 1422.50, 174.55, 0.00, 341331, 46.0, , 1
Python, spectral-norm, 2, 1584.11, 1462.01, 175.61, 0.00, 343534, 46.2, , 1
Python, spectral-norm, 2, 1569.60, 1446.92, 176.35, 0.00, 344960, 46.2, , 1
Python, spectral-norm, 2, 1556.55, 1434.19, 175.85, 0.00, 343984, 46.0, , 1
Python, spectral-norm, 2, 1555.39, 1433.72, 174.94, 0.00, 342103, 46.0, , 1
Python, spectral-norm, 2, 1543.30, 1421.96, 174.39, 0.00, 341036, 46.0, , 1
Python, spectral-norm, 2, 1571.13, 1448.30, 176.63, 0.00, 345438, 46.0, , 1
Python, spectral-norm, 2, 1548.64, 1426.05, 176.14, 0.00, 344478, 45.5, , 1
Python, spectral-norm, 2, 1578.67, 1453.08, 180.35, 0.00, 352704, 46.2, , 1
Python, spectral-norm, 2, 1542.93, 1420.25, 176.12, 0.00, 344429, 45.5, , 1
Python, spectral-norm, 2, 1540.80, 1419.45, 174.39, 0.00, 341057, 46.5, , 1
Python, spectral-norm, 2, 1545.37, 1423.97, 174.49, 0.00, 341210, 45.8, , 1
Python, spectral-norm, 2, 1541.08, 1419.87, 174.17, 0.00, 340603, 45.8, , 1
Python, spectral-norm, 2, 1525.91, 1404.46, 174.38, 0.00, 341012, 46.2, , 1
Python, spectral-norm, 2, 1541.96, 1419.11, 176.40, 0.00, 344982, 45.8, , 1
C, binary-trees, 10, 15.83, 15.09, 1.59, 0.00, 1631, 48.8, , 1
C, binary-trees, 10, 15.90, 15.17, 1.57, 0.00, 1601, 48.5, , 1
C, binary-trees, 10, 15.99, 15.27, 1.57, 0.00, 1611, 49.0, , 1
C, binary-trees, 10, 16.43, 15.70, 1.59, 0.00, 1652, 48.2, , 1
C, binary-trees, 10, 16.00, 15.27, 1.58, 0.00, 1610, 48.8, , 1
C, binary-trees, 10, 15.88, 15.16, 1.57, 0.00, 1601, 49.2, , 1
C, binary-trees, 10, 15.97, 15.24, 1.57, 0.00, 1609, 49.2, , 1
C, binary-trees, 10, 15.88, 15.16, 1.57, 0.00, 1600, 48.5, , 1
C, binary-trees, 10, 15.96, 15.23, 1.58, 0.00, 1608, 48.2, , 1
C, binary-trees, 10, 15.94, 15.22, 1.57, 0.00, 1608, 48.8, , 1
C, binary-trees, 10, 16.55, 15.80, 1.61, 0.00, 1668, 49.2, , 1
C, binary-trees, 10, 16.04, 15.31, 1.58, 0.00, 1620, 49.8, , 1
C, binary-trees, 10, 15.92, 15.19, 1.56, 0.00, 1601, 49.2, , 1
C, binary-trees, 10, 15.98, 15.25, 1.57, 0.00, 1614, 50.0, , 1
C, binary-trees, 10, 17.55, 16.76, 1.65, 0.00, 1773, 49.2, , 1
C, binary-trees, 10, 16.45, 15.71, 1.60, 0.00, 1654, 50.0, , 1
C, binary-trees, 10, 15.90, 15.18, 1.56, 0.00, 1600, 49.2, , 1
C, binary-trees, 10, 16.11, 15.38, 1.58, 0.00, 1625, 49.2, , 1
C, binary-trees, 10, 15.87, 15.15, 1.57, 0.00, 1602, 50.0, , 1
C, binary-trees, 10, 15.96, 15.23, 1.58, 0.00, 1615, 50.0, , 1
C, fannkuch-redux, 10, 33.58, 32.38, 1.73, 0.00, 3370, 49.8, , 1
C, fannkuch-redux, 10, 33.49, 32.30, 1.72, 0.00, 3361, 49.8, , 1
C, fannkuch-redux, 10, 33.48, 32.29, 1.72, 0.00, 3360, 50.5, , 1
C, fannkuch-redux, 10, 33.42, 32.23, 1.72, 0.00, 3355, 49.8, , 1
C, fannkuch-redux, 10, 33.21, 32.02, 1.70, 0.00, 3332, 50.8, , 1
C, fannkuch-redux, 10, 33.41, 32.23, 1.71, 0.00, 3354, 50.8, , 1
C, fannkuch-redux, 10, 33.38, 32.18, 1.71, 0.00, 3349, 50.2, , 1
C, fannkuch-redux, 10, 33.25, 32.07, 1.71, 0.00, 3338, 50.5, , 1
C, fannkuch-redux, 10, 33.12, 31.94, 1.70, 0.00, 3324, 50.2, , 1
C, fannkuch-redux, 10, 33.18, 32.00, 1.70, 0.00, 3330, 50.8, , 1
C, fannkuch-redux, 10, 33.31, 32.12, 1.71, 0.00, 3343, 50.2, , 1
C, fannkuch-redux, 10, 33.21, 32.03, 1.70, 0.00, 3333, 50.8, , 1
C, fannkuch-redux, 10, 33.25, 32.06, 1.71, 0.00, 3337, 50.5, , 1
C, fannkuch-redux, 10, 33.21, 32.03, 1.70, 0.00, 3333, 50.8, , 1
C, fannkuch-redux, 10, 33.17, 31.99, 1.70, 0.00, 3329, 50.8, , 1
C, fannkuch-redux, 10, 33.21, 32.02, 1.70, 0.00, 3332, 50.8, , 1
C, fannkuch-redux, 10, 33.15, 31.97, 1.70, 0.00, 3327, 50.5, , 1
C, fannkuch-redux, 10, 33.14, 31.96, 1.70, 0.00, 3327, 51.0, , 1
C, fannkuch-redux, 10, 33.13, 31.94, 1.70, 0.00, 3325, 51.0, , 1
C, fannkuch-redux, 10, 33.19, 32.01, 1.70, 0.00, 3330, 50.8, , 1
C, fasta, 10, 6.49, 6.24, 0.34, 0.00, 666, 50.8, , 1
C, fasta, 10, 6.66, 6.42, 0.34, 0.00, 670, 50.5, , 1
C, fasta, 10, 6.46, 6.23, 0.34, 0.00, 666, 50.5, , 1
C, fasta, 10, 6.50, 6.26, 0.34, 0.00, 664, 51.2, , 1
C, fasta, 10, 6.60, 6.36, 0.34, 0.00, 668, 51.2, , 1
C, fasta, 10, 6.43, 6.20, 0.34, 0.00, 665, 51.0, , 1
C, fasta, 10, 6.51, 6.28, 0.34, 0.00, 664, 51.0, , 1
C, fasta, 10, 6.58, 6.35, 0.34, 0.00, 668, 50.2, , 1
C, fasta, 10, 6.55, 6.31, 0.34, 0.00, 665, 50.2, , 1
C, fasta, 10, 6.44, 6.20, 0.34, 0.00, 665, 51.2, , 1
C, fasta, 10, 6.42, 6.19, 0.34, 0.00, 665, 51.2, , 1
C, fasta, 10, 6.55, 6.32, 0.34, 0.00, 664, 51.0, , 1
C, fasta, 10, 6.68, 6.45, 0.35, 0.00, 673, 51.0, , 1
C, fasta, 10, 6.51, 6.27, 0.34, 0.00, 664, 50.8, , 1
C, fasta, 10, 6.53, 6.29, 0.34, 0.00, 665, 50.8, , 1
C, fasta, 10, 6.40, 6.16, 0.34, 0.00, 665, 51.0, , 1
C, fasta, 10, 6.57, 6.33, 0.34, 0.00, 665, 51.0, , 1
C, fasta, 10, 6.49, 6.25, 0.34, 0.00, 666, 50.2, , 1
C, fasta, 10, 6.58, 6.34, 0.34, 0.00, 666, 50.2, , 1
C, fasta, 10, 6.52, 6.29, 0.34, 0.00, 665, 51.2, , 1
C, k-nucleotide, 10, 46.91, 44.94, 5.20, 0.00, 4707, 50.8, , 1
C, k-nucleotide, 10, 46.39, 44.51, 4.86, 0.00, 4658, 50.2, , 1
C, k-nucleotide, 10, 46.30, 44.41, 4.97, 0.00, 4646, 51.2, , 1
C, k-nucleotide, 10, 46.93, 44.97, 5.12, 0.00, 4709, 51.0, , 1
C, k-nucleotide, 10, 46.68, 44.79, 4.87, 0.00, 4690, 50.8, , 1
C, k-nucleotide, 10, 46.64, 44.74, 4.96, 0.00, 4688, 51.5, , 1
C, k-nucleotide, 10, 47.16, 45.15, 5.26, 0.00, 4734, 50.8, , 1
C, k-nucleotide, 10, 46.13, 44.32, 4.68, 0.00, 4630, 50.8, , 1
C, k-nucleotide, 10, 46.05, 44.23, 4.63, 0.00, 4621, 50.5, , 1
C, k-nucleotide, 10, 46.69, 44.76, 5.04, 0.00, 4686, 51.0, , 1
C, k-nucleotide, 10, 46.18, 44.34, 4.77, 0.00, 4638, 51.0, , 1
C, k-nucleotide, 10, 46.83, 44.89, 5.02, 0.00, 4699, 51.5, , 1
C, k-nucleotide, 10, 46.97, 45.01, 5.15, 0.00, 4712, 51.0, , 1
C, k-nucleotide, 10, 47.12, 45.17, 5.13, 0.00, 4729, 52.0, , 1
C, k-nucleotide, 10, 47.73, 45.68, 5.42, 0.00, 4793, 51.8, , 1
C, k-nucleotide, 10, 46.28, 44.47, 4.59, 0.00, 4643, 52.2, , 1
C, k-nucleotide, 10, 46.48, 44.66, 4.60, 0.00, 4669, 51.5, , 1
C, k-nucleotide, 10, 46.95, 44.97, 5.20, 0.00, 4716, 51.8, , 1
C, k-nucleotide, 10, 46.40, 44.53, 4.81, 0.00, 4655, 51.8, , 1
C, k-nucleotide, 10, 46.82, 44.89, 5.04, 0.00, 4702, 51.5, , 1
C, mandelbrot, 10, 15.28, 14.73, 0.79, 0.00, 1531, 51.2, , 1
C, mandelbrot, 10, 15.23, 14.68, 0.79, 0.00, 1527, 52.0, , 1
C, mandelbrot, 10, 15.26, 14.72, 0.79, 0.00, 1531, 52.5, , 1
C, mandelbrot, 10, 15.21, 14.66, 0.79, 0.00, 1525, 52.0, , 1
C, mandelbrot, 10, 15.24, 14.70, 0.79, 0.00, 1529, 51.5, , 1
C, mandelbrot, 10, 15.24, 14.70, 0.79, 0.00, 1529, 51.8, , 1
C, mandelbrot, 10, 15.25, 14.70, 0.79, 0.00, 1529, 52.0, , 1
C, mandelbrot, 10, 15.35, 14.80, 0.80, 0.00, 1539, 52.0, , 1
C, mandelbrot, 10, 15.33, 14.78, 0.79, 0.00, 1538, 51.8, , 1
C, mandelbrot, 10, 15.25, 14.69, 0.81, 0.00, 1572, 52.0, , 1
C, mandelbrot, 10, 15.31, 14.77, 0.79, 0.00, 1536, 52.0, , 1
C, mandelbrot, 10, 15.32, 14.77, 0.80, 0.00, 1536, 52.2, , 1
C, mandelbrot, 10, 15.27, 14.72, 0.79, 0.00, 1531, 51.8, , 1
C, mandelbrot, 10, 15.30, 14.76, 0.79, 0.00, 1535, 52.0, , 1
C, mandelbrot, 10, 15.29, 14.74, 0.79, 0.00, 1533, 52.0, , 1
C, mandelbrot, 10, 15.31, 14.75, 0.79, 0.00, 1535, 52.0, , 1
C, mandelbrot, 10, 15.34, 14.79, 0.79, 0.00, 1539, 51.8, , 1
C, mandelbrot, 10, 15.32, 14.78, 0.79, 0.00, 1537, 51.8, , 1
C, mandelbrot, 10, 15.27, 14.73, 0.79, 0.00, 1532, 52.0, , 1
C, mandelbrot, 10, 15.26, 14.71, 0.79, 0.00, 1530, 52.0, , 1
C, n-body, 10, 18.62, 17.95, 0.96, 0.00, 1868, 52.2, , 1
C, n-body, 10, 18.62, 17.95, 0.96, 0.00, 1867, 52.2, , 1
C, n-body, 10, 18.64, 17.97, 0.96, 0.00, 1870, 52.0, , 1
C, n-body, 10, 18.65, 17.98, 0.96, 0.00, 1872, 52.0, , 1
C, n-body, 10, 18.62, 17.96, 0.96, 0.00, 1869, 52.2, , 1
C, n-body, 10, 18.63, 17.97, 0.96, 0.00, 1869, 52.0, , 1
C, n-body, 10, 18.58, 17.91, 0.95, 0.00, 1864, 52.2, , 1
C, n-body, 10, 18.70, 18.04, 0.96, 0.00, 1877, 51.8, , 1
C, n-body, 10, 18.62, 17.95, 0.96, 0.00, 1868, 52.0, , 1
C, n-body, 10, 18.59, 17.92, 0.96, 0.00, 1865, 51.5, , 1
C, n-body, 10, 18.56, 17.89, 0.95, 0.00, 1861, 51.8, , 1
C, n-body, 10, 18.61, 17.95, 0.96, 0.00, 1868, 52.0, , 1
C, n-body, 10, 18.69, 18.01, 0.96, 0.00, 1874, 52.2, , 1
C, n-body, 10, 18.66, 17.99, 0.96, 0.00, 1872, 51.8, , 1
C, n-body, 10, 18.63, 17.97, 0.96, 0.00, 1870, 51.5, , 1
C, n-body, 10, 18.56, 17.90, 0.95, 0.00, 1863, 52.2, , 1
C, n-body, 10, 18.57, 17.91, 0.95, 0.00, 1864, 52.2, , 1
C, n-body, 10, 18.62, 17.95, 0.96, 0.00, 1870, 52.2, , 1
C, n-body, 10, 18.64, 17.97, 0.96, 0.00, 1870, 52.2, , 1
C, n-body, 10, 18.56, 17.90, 0.95, 0.00, 1862, 52.5, , 1
C, regex-redux, 10, 10.25, 9.85, 0.79, 0.00, 1027, 52.5, , 1
C, regex-redux, 10, 10.20, 9.80, 0.79, 0.00, 1033, 52.2, , 1
C, regex-redux, 10, 10.25, 9.85, 0.79, 0.00, 1028, 52.5, , 1
C, regex-redux, 10, 10.28, 9.87, 0.79, 0.00, 1030, 52.5, , 1
C, regex-redux, 10, 10.21, 9.82, 0.79, 0.00, 1030, 51.5, , 1
C, regex-redux, 10, 10.29, 9.90, 0.79, 0.00, 1033, 52.5, , 1
C, regex-redux, 10, 10.31, 9.92, 0.79, 0.00, 1035, 52.5, , 1
C, regex-redux, 10, 10.24, 9.84, 0.79, 0.00, 1031, 52.2, , 1
C, regex-redux, 10, 10.28, 9.88, 0.79, 0.00, 1040, 52.5, , 1
C, regex-redux, 10, 10.27, 9.87, 0.79, 0.00, 1033, 52.2, , 1
C, regex-redux, 10, 10.30, 9.89, 0.80, 0.00, 1035, 52.2, , 1
C, regex-redux, 10, 10.22, 9.82, 0.79, 0.00, 1033, 52.5, , 1
C, regex-redux, 10, 10.30, 9.90, 0.79, 0.00, 1034, 51.8, , 1
C, regex-redux, 10, 10.32, 9.92, 0.79, 0.00, 1039, 52.2, , 1
C, regex-redux, 10, 10.29, 9.90, 0.79, 0.00, 1034, 52.2, , 1
C, regex-redux, 10, 10.26, 9.86, 0.79, 0.00, 1037, 51.8, , 1
C, regex-redux, 10, 10.27, 9.86, 0.79, 0.00, 1037, 52.2, , 1
C, regex-redux, 10, 10.32, 9.92, 0.79, 0.00, 1036, 51.5, , 1
C, regex-redux, 10, 11.55, 11.10, 0.86, 0.00, 1165, 52.0, , 1
C, regex-redux, 10, 10.30, 9.91, 0.79, 0.00, 1034, 52.0, , 1
C, reverse-complement, 10, 1.04, 0.97, 0.17, 0.00, 110, 52.0, , 1
C, reverse-complement, 10, 1.03, 0.96, 0.17, 0.00, 112, 51.2, , 1
C, reverse-complement, 10, 1.00, 0.93, 0.17, 0.00, 115, 51.2, , 1
C, reverse-complement, 10, 1.03, 0.96, 0.17, 0.00, 111, 51.2, , 1
C, reverse-complement, 10, 1.05, 0.98, 0.17, 0.00, 115, 51.2, , 1
C, reverse-complement, 10, 1.00, 0.92, 0.17, 0.00, 117, 51.2, , 1
C, reverse-complement, 10, 0.99, 0.92, 0.17, 0.00, 118, 51.2, , 1
C, reverse-complement, 10, 1.04, 0.96, 0.17, 0.00, 114, 51.2, , 1
C, reverse-complement, 10, 1.00, 0.93, 0.17, 0.00, 117, 51.2, , 1
C, reverse-complement, 10, 0.97, 0.89, 0.17, 0.00, 118, 51.5, , 1
C, reverse-complement, 10, 1.05, 0.98, 0.17, 0.00, 109, 51.5, , 1
C, reverse-complement, 10, 0.97, 0.89, 0.17, 0.00, 121, 51.5, , 1
C, reverse-complement, 10, 1.02, 0.95, 0.17, 0.00, 111, 51.5, , 1
C, reverse-complement, 10, 1.06, 0.98, 0.17, 0.00, 110, 51.5, , 1
C, reverse-complement, 10, 1.02, 0.95, 0.17, 0.00, 112, 51.5, , 1
C, reverse-complement, 10, 1.03, 0.95, 0.17, 0.00, 113, 51.5, , 1
C, reverse-complement, 10, 1.03, 0.96, 0.17, 0.00, 114, 51.5, , 1
C, reverse-complement, 10, 1.03, 0.96, 0.17, 0.00, 112, 51.2, , 1
C, reverse-complement, 10, 1.00, 0.93, 0.17, 0.00, 116, 51.2, , 1
C, reverse-complement, 10, 1.03, 0.96, 0.17, 0.00, 112, 51.2, , 1
C, spectral-norm, 10, 5.36, 5.16, 0.28, 0.00, 535, 53.0, , 1
C, spectral-norm, 10, 5.32, 5.13, 0.27, 0.00, 532, 52.0, , 1
C, spectral-norm, 10, 5.33, 5.14, 0.27, 0.00, 533, 52.0, , 1
C, spectral-norm, 10, 5.34, 5.14, 0.27, 0.00, 533, 52.2, , 1
C, spectral-norm, 10, 5.34, 5.14, 0.28, 0.00, 533, 52.2, , 1
C, spectral-norm, 10, 5.32, 5.14, 0.27, 0.00, 532, 52.0, , 1
C, spectral-norm, 10, 5.32, 5.13, 0.27, 0.00, 534, 52.0, , 1
C, spectral-norm, 10, 5.35, 5.15, 0.28, 0.00, 534, 52.2, , 1
C, spectral-norm, 10, 5.32, 5.13, 0.27, 0.00, 531, 52.2, , 1
C, spectral-norm, 10, 5.35, 5.16, 0.28, 0.00, 535, 52.2, , 1
C, spectral-norm, 10, 5.39, 5.19, 0.28, 0.00, 538, 52.2, , 1
C, spectral-norm, 10, 5.36, 5.17, 0.28, 0.00, 536, 52.5, , 1
C, spectral-norm, 10, 5.35, 5.15, 0.28, 0.00, 534, 52.5, , 1
C, spectral-norm, 10, 5.32, 5.14, 0.28, 0.00, 533, 51.8, , 1
C, spectral-norm, 10, 5.34, 5.14, 0.28, 0.00, 533, 51.8, , 1
C, spectral-norm, 10, 5.34, 5.14, 0.27, 0.00, 533, 52.2, , 1
C, spectral-norm, 10, 5.33, 5.14, 0.27, 0.00, 533, 52.2, , 1
C, spectral-norm, 10, 5.30, 5.11, 0.27, 0.00, 530, 52.8, , 1
C, spectral-norm, 10, 5.32, 5.13, 0.27, 0.00, 532, 52.8, , 1
C, spectral-norm, 10, 5.32, 5.13, 0.27, 0.00, 532, 51.8, , 1
C++, binary-trees, 10, 13.78, 13.11, 1.40, 0.00, 1400, 52.5, , 1
C++, binary-trees, 10, 14.24, 13.46, 1.58, 0.00, 1461, 51.8, , 1
C++, binary-trees, 10, 14.07, 13.33, 1.54, 0.00, 1445, 52.8, , 1
C++, binary-trees, 10, 14.35, 13.56, 1.60, 0.00, 1465, 52.2, , 1
C++, binary-trees, 10, 13.87, 13.17, 1.48, 0.00, 1417, 51.8, , 1
C++, binary-trees, 10, 13.63, 12.97, 1.46, 0.00, 1381, 52.0, , 1
C++, binary-trees, 10, 13.87, 13.18, 1.40, 0.00, 1414, 52.2, , 1
C++, binary-trees, 10, 13.55, 12.86, 1.41, 0.00, 1394, 51.2, , 1
C++, binary-trees, 10, 13.44, 12.76, 1.43, 0.00, 1370, 51.8, , 1
C++, binary-trees, 10, 13.45, 12.76, 1.43, 0.00, 1387, 51.8, , 1
C++, binary-trees, 10, 13.50, 12.83, 1.46, 0.00, 1381, 51.8, , 1
C++, binary-trees, 10, 13.49, 12.81, 1.39, 0.00, 1388, 52.0, , 1
C++, binary-trees, 10, 13.77, 13.03, 1.48, 0.00, 1416, 51.5, , 1
C++, binary-trees, 10, 14.14, 13.38, 1.55, 0.00, 1445, 52.5, , 1
C++, binary-trees, 10, 13.56, 12.87, 1.41, 0.00, 1391, 52.2, , 1
C++, binary-trees, 10, 13.91, 13.22, 1.41, 0.00, 1424, 51.8, , 1
C++, binary-trees, 10, 13.88, 13.20, 1.40, 0.00, 1421, 51.8, , 1
C++, binary-trees, 10, 14.15, 13.40, 1.55, 0.00, 1446, 52.8, , 1
C++, binary-trees, 10, 13.53, 12.85, 1.40, 0.00, 1383, 52.0, , 1
C++, binary-trees, 10, 13.76, 13.04, 1.51, 0.00, 1411, 52.5, , 1
C++, fannkuch-redux, 10, 54.16, 52.22, 2.78, 0.00, 5434, 52.2, , 1
C++, fannkuch-redux, 10, 54.14, 52.20, 2.77, 0.00, 5431, 53.2, , 1
C++, fannkuch-redux, 10, 54.13, 52.19, 2.77, 0.00, 5431, 53.0, , 1
C++, fannkuch-redux, 10, 54.10, 52.17, 2.77, 0.00, 5429, 53.2, , 1
C++, fannkuch-redux, 10, 54.10, 52.18, 2.77, 0.00, 5429, 52.8, , 1
C++, fannkuch-redux, 10, 53.91, 51.98, 2.76, 0.00, 5409, 52.8, , 1
C++, fannkuch-redux, 10, 54.13, 52.19, 2.78, 0.00, 5432, 52.8, , 1
C++, fannkuch-redux, 10, 54.28, 52.34, 2.78, 0.00, 5447, 53.2, , 1
C++, fannkuch-redux, 10, 54.30, 52.35, 2.78, 0.00, 5447, 52.8, , 1
C++, fannkuch-redux, 10, 54.10, 52.16, 2.77, 0.00, 5428, 53.2, , 1
C++, fannkuch-redux, 10, 54.19, 52.26, 2.78, 0.00, 5438, 52.8, , 1
C++, fannkuch-redux, 10, 54.43, 52.48, 2.79, 0.00, 5461, 53.2, , 1
C++, fannkuch-redux, 10, 54.45, 52.51, 2.79, 0.00, 5464, 53.0, , 1
C++, fannkuch-redux, 10, 54.31, 52.37, 2.78, 0.00, 5450, 52.8, , 1
C++, fannkuch-redux, 10, 54.20, 52.27, 2.78, 0.00, 5439, 53.5, , 1
C++, fannkuch-redux, 10, 54.16, 52.22, 2.78, 0.00, 5434, 53.2, , 1
C++, fannkuch-redux, 10, 54.15, 52.21, 2.78, 0.00, 5433, 53.2, , 1
C++, fannkuch-redux, 10, 54.26, 52.32, 2.78, 0.00, 5445, 52.8, , 1
C++, fannkuch-redux, 10, 54.62, 52.66, 2.80, 0.00, 5481, 53.5, , 1
C++, fannkuch-redux, 10, 54.33, 52.38, 2.79, 0.00, 5451, 53.5, , 1
C++, fasta, 10, 7.71, 7.43, 0.40, 0.00, 772, 53.5, , 1
C++, fasta, 10, 7.71, 7.44, 0.40, 0.00, 773, 53.5, , 1
C++, fasta, 10, 7.70, 7.42, 0.40, 0.00, 772, 53.5, , 1
C++, fasta, 10, 7.67, 7.39, 0.39, 0.00, 768, 52.8, , 1
C++, fasta, 10, 7.67, 7.40, 0.40, 0.00, 769, 52.8, , 1
C++, fasta, 10, 7.65, 7.38, 0.40, 0.00, 767, 54.2, , 1
C++, fasta, 10, 7.66, 7.38, 0.40, 0.00, 767, 54.2, , 1
C++, fasta, 10, 7.64, 7.37, 0.39, 0.00, 766, 53.2, , 1
C++, fasta, 10, 7.66, 7.38, 0.39, 0.00, 767, 53.2, , 1
C++, fasta, 10, 7.66, 7.39, 0.40, 0.00, 768, 53.2, , 1
C++, fasta, 10, 7.66, 7.38, 0.40, 0.00, 767, 53.2, , 1
C++, fasta, 10, 7.67, 7.39, 0.40, 0.00, 768, 53.8, , 1
C++, fasta, 10, 7.65, 7.38, 0.39, 0.00, 768, 53.8, , 1
C++, fasta, 10, 7.69, 7.41, 0.40, 0.00, 771, 53.5, , 1
C++, fasta, 10, 7.67, 7.39, 0.40, 0.00, 769, 53.5, , 1
C++, fasta, 10, 7.68, 7.41, 0.40, 0.00, 770, 53.2, , 1
C++, fasta, 10, 7.68, 7.41, 0.40, 0.00, 771, 53.2, , 1
C++, fasta, 10, 7.67, 7.39, 0.40, 0.00, 769, 53.2, , 1
C++, fasta, 10, 7.68, 7.41, 0.40, 0.00, 770, 53.2, , 1
C++, fasta, 10, 7.71, 7.43, 0.40, 0.00, 773, 53.2, , 1
C++, k-nucleotide, 10, 23.26, 21.50, 4.07, 0.00, 2348, 53.5, , 1
C++, k-nucleotide, 10, 23.08, 21.34, 4.03, 0.00, 2341, 52.8, , 1
C++, k-nucleotide, 10, 23.20, 21.47, 4.04, 0.00, 2354, 53.2, , 1
C++, k-nucleotide, 10, 23.29, 21.53, 4.07, 0.00, 2362, 52.2, , 1
C++, k-nucleotide, 10, 23.26, 21.52, 4.06, 0.00, 2363, 53.0, , 1
C++, k-nucleotide, 10, 23.12, 21.37, 4.03, 0.00, 2349, 53.5, , 1
C++, k-nucleotide, 10, 23.33, 21.56, 4.11, 0.00, 2372, 53.0, , 1
C++, k-nucleotide, 10, 23.38, 21.64, 4.06, 0.00, 2370, 53.0, , 1
C++, k-nucleotide, 10, 23.17, 21.42, 4.07, 0.00, 2356, 52.8, , 1
C++, k-nucleotide, 10, 23.13, 21.37, 4.05, 0.00, 2350, 53.0, , 1
C++, k-nucleotide, 10, 23.41, 21.66, 4.08, 0.00, 2357, 53.2, , 1
C++, k-nucleotide, 10, 23.50, 21.72, 4.16, 0.00, 2388, 54.0, , 1
C++, k-nucleotide, 10, 22.93, 21.20, 3.99, 0.00, 2336, 52.2, , 1
C++, k-nucleotide, 10, 23.26, 21.52, 4.06, 0.00, 2365, 53.5, , 1
C++, k-nucleotide, 10, 23.46, 21.68, 4.15, 0.00, 2392, 52.8, , 1
C++, k-nucleotide, 10, 23.20, 21.45, 4.05, 0.00, 2350, 53.0, , 1
C++, k-nucleotide, 10, 23.29, 21.51, 4.12, 0.00, 2360, 53.5, , 1
C++, k-nucleotide, 10, 23.17, 21.43, 4.06, 0.00, 2358, 53.0, , 1
C++, k-nucleotide, 10, 23.33, 21.59, 4.03, 0.00, 2375, 53.2, , 1
C++, k-nucleotide, 10, 23.62, 21.85, 4.19, 0.00, 2389, 53.2, , 1
C++, mandelbrot, 10, 12.25, 11.81, 0.64, 0.00, 1230, 53.8, , 1
C++, mandelbrot, 10, 12.30, 11.85, 0.64, 0.00, 1233, 52.8, , 1
C++, mandelbrot, 10, 12.27, 11.82, 0.64, 0.00, 1232, 53.5, , 1
C++, mandelbrot, 10, 12.27, 11.84, 0.64, 0.00, 1233, 53.5, , 1
C++, mandelbrot, 10, 12.30, 11.86, 0.64, 0.00, 1234, 53.0, , 1
C++, mandelbrot, 10, 12.28, 11.85, 0.64, 0.00, 1234, 53.0, , 1
C++, mandelbrot, 10, 12.28, 11.85, 0.64, 0.00, 1233, 53.8, , 1
C++, mandelbrot, 10, 12.31, 11.87, 0.64, 0.00, 1234, 53.2, , 1
C++, mandelbrot, 10, 12.30, 11.85, 0.64, 0.00, 1233, 53.5, , 1
C++, mandelbrot, 10, 12.23, 11.79, 0.64, 0.00, 1228, 53.5, , 1
C++, mandelbrot, 10, 12.23, 11.78, 0.64, 0.00, 1227, 53.5, , 1
C++, mandelbrot, 10, 12.25, 11.81, 0.64, 0.00, 1229, 52.8, , 1
C++, mandelbrot, 10, 12.31, 11.87, 0.64, 0.00, 1236, 53.2, , 1
C++, mandelbrot, 10, 12.27, 11.83, 0.64, 0.00, 1232, 53.8, , 1
C++, mandelbrot, 10, 12.30, 11.86, 0.64, 0.00, 1234, 53.2, , 1
C++, mandelbrot, 10, 12.31, 11.87, 0.64, 0.00, 1237, 53.0, , 1
C++, mandelbrot, 10, 12.28, 11.84, 0.64, 0.00, 1232, 53.8, , 1
C++, mandelbrot, 10, 12.30, 11.85, 0.64, 0.00, 1233, 53.5, , 1
C++, mandelbrot, 10, 12.28, 11.84, 0.64, 0.00, 1233, 53.5, , 1
C++, mandelbrot, 10, 12.28, 11.84, 0.64, 0.00, 1232, 53.2, , 1
C++, n-body, 10, 18.91, 18.23, 0.97, 0.00, 1897, 53.2, , 1
C++, n-body, 10, 18.90, 18.22, 0.97, 0.00, 1896, 53.5, , 1
C++, n-body, 10, 18.92, 18.25, 0.97, 0.00, 1898, 53.5, , 1
C++, n-body, 10, 18.89, 18.21, 0.97, 0.00, 1895, 53.5, , 1
C++, n-body, 10, 19.25, 18.56, 0.99, 0.00, 1932, 53.0, , 1
C++, n-body, 10, 18.97, 18.29, 0.97, 0.00, 1903, 52.8, , 1
C++, n-body, 10, 18.93, 18.26, 0.97, 0.00, 1900, 53.8, , 1
C++, n-body, 10, 18.97, 18.28, 0.97, 0.00, 1903, 53.2, , 1
C++, n-body, 10, 18.98, 18.31, 0.97, 0.00, 1905, 53.2, , 1
C++, n-body, 10, 18.94, 18.26, 0.97, 0.00, 1903, 53.0, , 1
C++, n-body, 10, 18.96, 18.28, 0.97, 0.00, 1903, 53.8, , 1
C++, n-body, 10, 18.97, 18.28, 0.97, 0.00, 1903, 53.0, , 1
C++, n-body, 10, 19.01, 18.34, 0.98, 0.00, 1910, 53.5, , 1
C++, n-body, 10, 18.95, 18.26, 0.97, 0.00, 1902, 53.8, , 1
C++, n-body, 10, 18.91, 18.23, 0.97, 0.00, 1898, 53.2, , 1
C++, n-body, 10, 18.95, 18.28, 0.97, 0.00, 1902, 53.8, , 1
C++, n-body, 10, 18.93, 18.25, 0.97, 0.00, 1899, 53.2, , 1
C++, n-body, 10, 18.98, 18.30, 0.97, 0.00, 1904, 53.8, , 1
C++, n-body, 10, 18.95, 18.28, 0.97, 0.00, 1902, 53.8, , 1
C++, n-body, 10, 18.93, 18.25, 0.97, 0.00, 1899, 53.2, , 1
C++, regex-redux, 10, 13.03, 12.50, 1.00, 0.00, 1307, 53.0, , 1
C++, regex-redux, 10, 13.21, 12.68, 1.00, 0.00, 1326, 53.0, , 1
C++, regex-redux, 10, 13.53, 12.99, 1.02, 0.00, 1358, 53.0, , 1
C++, regex-redux, 10, 13.20, 12.67, 1.00, 0.00, 1324, 53.0, , 1
C++, regex-redux, 10, 13.26, 12.73, 1.01, 0.00, 1330, 53.0, , 1
C++, regex-redux, 10, 13.21, 12.68, 0.99, 0.00, 1326, 53.2, , 1
C++, regex-redux, 10, 13.17, 12.64, 1.00, 0.00, 1321, 53.2, , 1
C++, regex-redux, 10, 13.34, 12.80, 1.01, 0.00, 1339, 53.0, , 1
C++, regex-redux, 10, 13.25, 12.72, 1.01, 0.00, 1332, 52.8, , 1
C++, regex-redux, 10, 13.35, 12.82, 1.01, 0.00, 1340, 52.8, , 1
C++, regex-redux, 10, 13.19, 12.65, 1.01, 0.00, 1325, 52.8, , 1
C++, regex-redux, 10, 13.56, 13.02, 1.02, 0.00, 1361, 53.8, , 1
C++, regex-redux, 10, 13.68, 13.13, 1.03, 0.00, 1372, 53.8, , 1
C++, regex-redux, 10, 13.55, 13.00, 1.02, 0.00, 1359, 53.2, , 1
C++, regex-redux, 10, 13.43, 12.90, 1.02, 0.00, 1350, 54.0, , 1
C++, regex-redux, 10, 13.61, 13.07, 1.03, 0.00, 1367, 53.8, , 1
C++, regex-redux, 10, 13.26, 12.73, 1.01, 0.00, 1331, 53.5, , 1
C++, regex-redux, 10, 13.49, 12.96, 1.02, 0.00, 1355, 53.5, , 1
C++, regex-redux, 10, 13.59, 13.04, 1.03, 0.00, 1365, 52.8, , 1
C++, regex-redux, 10, 13.23, 12.70, 1.00, 0.00, 1328, 52.8, , 1
C++, reverse-complement, 10, 1.61, 1.51, 0.22, 0.00, 163, 53.5, , 1
C++, reverse-complement, 10, 1.63, 1.53, 0.22, 0.00, 163, 53.5, , 1
C++, reverse-complement, 10, 1.62, 1.53, 0.22, 0.00, 163, 53.5, , 1
C++, reverse-complement, 10, 1.61, 1.51, 0.21, 0.00, 162, 53.5, , 1
C++, reverse-complement, 10, 1.62, 1.52, 0.22, 0.00, 164, 53.5, , 1
C++, reverse-complement, 10, 1.59, 1.48, 0.22, 0.00, 167, 52.8, , 1
C++, reverse-complement, 10, 1.62, 1.53, 0.22, 0.00, 163, 52.8, , 1
C++, reverse-complement, 10, 1.62, 1.52, 0.22, 0.00, 163, 52.8, , 1
C++, reverse-complement, 10, 1.63, 1.54, 0.22, 0.00, 164, 52.8, , 1
C++, reverse-complement, 10, 1.63, 1.53, 0.22, 0.00, 163, 52.8, , 1
C++, reverse-complement, 10, 1.63, 1.53, 0.22, 0.00, 163, 52.8, , 1
C++, reverse-complement, 10, 1.59, 1.49, 0.22, 0.00, 167, 53.5, , 1
C++, reverse-complement, 10, 1.61, 1.51, 0.22, 0.00, 164, 53.5, , 1
C++, reverse-complement, 10, 1.60, 1.50, 0.22, 0.00, 166, 53.5, , 1
C++, reverse-complement, 10, 1.59, 1.49, 0.22, 0.00, 167, 53.5, , 1
C++, reverse-complement, 10, 1.62, 1.52, 0.22, 0.00, 162, 53.5, , 1
C++, reverse-complement, 10, 1.63, 1.52, 0.22, 0.00, 164, 53.5, , 1
C++, reverse-complement, 10, 1.62, 1.52, 0.22, 0.00, 163, 53.0, , 1
C++, reverse-complement, 10, 1.60, 1.51, 0.22, 0.00, 164, 53.0, , 1
C++, reverse-complement, 10, 1.58, 1.48, 0.22, 0.00, 167, 53.0, , 1
C++, spectral-norm, 10, 5.26, 5.07, 0.27, 0.00, 526, 54.0, , 1
C++, spectral-norm, 10, 5.25, 5.06, 0.27, 0.00, 525, 53.2, , 1
C++, spectral-norm, 10, 5.24, 5.05, 0.27, 0.00, 524, 53.2, , 1
C++, spectral-norm, 10, 5.24, 5.06, 0.27, 0.00, 525, 53.5, , 1
C++, spectral-norm, 10, 5.26, 5.07, 0.27, 0.00, 526, 53.5, , 1
C++, spectral-norm, 10, 5.28, 5.08, 0.27, 0.00, 527, 53.2, , 1
C++, spectral-norm, 10, 5.25, 5.06, 0.27, 0.00, 524, 53.2, , 1
C++, spectral-norm, 10, 5.25, 5.07, 0.27, 0.00, 525, 53.2, , 1
C++, spectral-norm, 10, 5.26, 5.07, 0.27, 0.00, 526, 53.2, , 1
C++, spectral-norm, 10, 5.25, 5.07, 0.27, 0.00, 526, 53.5, , 1
C++, spectral-norm, 10, 5.26, 5.07, 0.27, 0.00, 526, 53.5, , 1
C++, spectral-norm, 10, 5.24, 5.06, 0.27, 0.00, 525, 53.0, , 1
C++, spectral-norm, 10, 5.25, 5.06, 0.27, 0.00, 525, 53.0, , 1
C++, spectral-norm, 10, 5.25, 5.07, 0.27, 0.00, 526, 53.5, , 1
C++, spectral-norm, 10, 5.24, 5.06, 0.27, 0.00, 524, 53.5, , 1
C++, spectral-norm, 10, 5.28, 5.09, 0.27, 0.00, 528, 53.2, , 1
C++, spectral-norm, 10, 5.25, 5.07, 0.27, 0.00, 526, 53.2, , 1
C++, spectral-norm, 10, 5.26, 5.07, 0.27, 0.00, 526, 53.8, , 1
C++, spectral-norm, 10, 5.24, 5.06, 0.27, 0.00, 525, 53.8, , 1
C++, spectral-norm, 10, 5.27, 5.08, 0.27, 0.00, 528, 53.8, , 1
Java, binary-trees, 10, 31.52, 28.91, 5.81, 0.00, 3180, 53.2, , 1
Java, binary-trees, 10, 28.76, 26.23, 5.68, 0.00, 2906, 53.5, , 1
Java, binary-trees, 10, 29.55, 27.01, 5.74, 0.00, 2985, 53.5, , 1
Java, binary-trees, 10, 29.54, 26.99, 5.75, 0.00, 2986, 53.0, , 1
Java, binary-trees, 10, 31.17, 28.58, 5.78, 0.00, 3164, 53.0, , 1
Java, binary-trees, 10, 29.48, 26.94, 5.74, 0.00, 2972, 53.8, , 1
Java, binary-trees, 10, 29.20, 26.66, 5.71, 0.00, 2959, 53.2, , 1
Java, binary-trees, 10, 30.61, 28.04, 5.73, 0.00, 3086, 53.0, , 1
Java, binary-trees, 10, 30.51, 27.94, 5.72, 0.00, 3076, 54.0, , 1
Java, binary-trees, 10, 29.56, 27.01, 5.75, 0.00, 2982, 53.5, , 1
Java, binary-trees, 10, 31.32, 28.73, 5.80, 0.00, 3182, 53.2, , 1
Java, binary-trees, 10, 29.66, 27.10, 5.76, 0.00, 2991, 52.8, , 1
Java, binary-trees, 10, 29.64, 27.08, 5.75, 0.00, 2999, 53.0, , 1
Java, binary-trees, 10, 29.14, 26.60, 5.71, 0.00, 2940, 53.0, , 1
Java, binary-trees, 10, 28.15, 25.65, 5.64, 0.00, 2841, 53.2, , 1
Java, binary-trees, 10, 31.28, 28.67, 5.80, 0.00, 3176, 53.0, , 1
Java, binary-trees, 10, 30.65, 28.07, 5.75, 0.00, 3127, 53.5, , 1
Java, binary-trees, 10, 29.64, 27.08, 5.77, 0.00, 3010, 53.0, , 1
Java, binary-trees, 10, 31.35, 28.75, 5.79, 0.00, 3170, 53.0, , 1
Java, binary-trees, 10, 31.41, 28.81, 5.81, 0.00, 3185, 53.8, , 1
Java, fannkuch-redux, 10, 143.67, 138.53, 7.38, 0.00, 14427, 53.5, , 1
Java, fannkuch-redux, 10, 143.83, 138.67, 7.39, 0.00, 14445, 52.5, , 1
Java, fannkuch-redux, 10, 139.83, 134.82, 7.18, 0.00, 14038, 52.2, , 1
Java, fannkuch-redux, 10, 147.19, 141.91, 7.56, 0.00, 14784, 53.8, , 1
Java, fannkuch-redux, 10, 147.05, 141.77, 7.55, 0.00, 14767, 52.5, , 1
Java, fannkuch-redux, 10, 142.07, 136.98, 7.30, 0.00, 14267, 53.0, , 1
Java, fannkuch-redux, 10, 140.35, 135.32, 7.22, 0.00, 14101, 53.0, , 1
Java, fannkuch-redux, 10, 139.68, 134.68, 7.18, 0.00, 14028, 53.2, , 1
Java, fannkuch-redux, 10, 140.45, 135.42, 7.22, 0.00, 14103, 53.5, , 1
Java, fannkuch-redux, 10, 147.29, 142.01, 7.57, 0.00, 14792, 53.5, , 1
Java, fannkuch-redux, 10, 141.09, 136.03, 7.25, 0.00, 14168, 53.2, , 1
Java, fannkuch-redux, 10, 145.81, 140.58, 7.49, 0.00, 14642, 53.0, , 1
Java, fannkuch-redux, 10, 139.38, 134.38, 7.17, 0.00, 13999, 53.2, , 1
Java, fannkuch-redux, 10, 143.71, 138.56, 7.39, 0.00, 14430, 52.8, , 1
Java, fannkuch-redux, 10, 140.99, 135.93, 7.24, 0.00, 14158, 53.5, , 1
Java, fannkuch-redux, 10, 140.12, 135.09, 7.20, 0.00, 14070, 53.2, , 1
Java, fannkuch-redux, 10, 147.63, 142.34, 7.59, 0.00, 14825, 54.2, , 1
Java, fannkuch-redux, 10, 139.30, 134.31, 7.16, 0.00, 13985, 54.0, , 1
Java, fannkuch-redux, 10, 140.40, 135.37, 7.21, 0.00, 14092, 54.0, , 1
Java, fannkuch-redux, 10, 139.61, 134.61, 7.18, 0.00, 14028, 53.8, , 1
Java, fasta, 10, 14.17, 13.65, 0.78, 0.00, 1442, 53.5, , 1
Java, fasta, 10, 14.18, 13.66, 0.78, 0.00, 1440, 53.0, , 1
Java, fasta, 10, 14.31, 13.79, 0.78, 0.00, 1445, 52.5, , 1
Java, fasta, 10, 14.22, 13.70, 0.79, 0.00, 1461, 53.8, , 1
Java, fasta, 10, 14.23, 13.71, 0.79, 0.00, 1456, 54.0, , 1
Java, fasta, 10, 14.19, 13.67, 0.78, 0.00, 1443, 54.0, , 1
Java, fasta, 10, 14.19, 13.66, 0.78, 0.00, 1444, 52.5, , 1
Java, fasta, 10, 14.10, 13.57, 0.79, 0.00, 1455, 53.5, , 1
Java, fasta, 10, 14.31, 13.78, 0.79, 0.00, 1463, 54.0, , 1
Java, fasta, 10, 14.29, 13.77, 0.79, 0.00, 1450, 54.0, , 1
Java, fasta, 10, 14.41, 13.89, 0.79, 0.00, 1456, 53.8, , 1
Java, fasta, 10, 14.20, 13.68, 0.78, 0.00, 1436, 53.5, , 1
Java, fasta, 10, 14.24, 13.72, 0.78, 0.00, 1443, 53.5, , 1
Java, fasta, 10, 14.20, 13.68, 0.78, 0.00, 1442, 53.5, , 1
Java, fasta, 10, 14.26, 13.74, 0.79, 0.00, 1448, 53.2, , 1
Java, fasta, 10, 14.17, 13.64, 0.78, 0.00, 1440, 54.0, , 1
Java, fasta, 10, 14.25, 13.73, 0.78, 0.00, 1451, 53.8, , 1
Java, fasta, 10, 14.33, 13.80, 0.79, 0.00, 1459, 53.0, , 1
Java, fasta, 10, 14.12, 13.61, 0.78, 0.00, 1435, 53.8, , 1
Java, fasta, 10, 14.15, 13.62, 0.79, 0.00, 1444, 54.0, , 1
Java, k-nucleotide, 10, 63.05, 60.66, 5.03, 0.00, 6362, 52.8, , 1
Java, k-nucleotide, 10, 58.36, 56.12, 4.80, 0.00, 5923, 52.5, , 1
Java, k-nucleotide, 10, 62.59, 60.22, 4.94, 0.00, 6351, 51.8, , 1
Java, k-nucleotide, 10, 64.67, 62.23, 5.11, 0.00, 6529, 52.2, , 1
Java, k-nucleotide, 10, 62.46, 60.09, 5.03, 0.00, 6316, 52.5, , 1
Java, k-nucleotide, 10, 64.35, 61.90, 5.14, 0.00, 6529, 52.2, , 1
Java, k-nucleotide, 10, 63.25, 60.85, 5.07, 0.00, 6385, 52.2, , 1
Java, k-nucleotide, 10, 58.77, 56.53, 4.81, 0.00, 5950, 52.2, , 1
Java, k-nucleotide, 10, 59.51, 57.24, 4.84, 0.00, 5993, 52.8, , 1
Java, k-nucleotide, 10, 64.55, 62.10, 5.15, 0.00, 6529, 52.0, , 1
Java, k-nucleotide, 10, 61.74, 59.41, 4.95, 0.00, 6221, 52.2, , 1
Java, k-nucleotide, 10, 61.33, 59.00, 4.96, 0.00, 6198, 52.8, , 1
Java, k-nucleotide, 10, 62.98, 60.60, 5.07, 0.00, 6358, 52.5, , 1
Java, k-nucleotide, 10, 64.07, 61.64, 5.11, 0.00, 6477, 52.5, , 1
Java, k-nucleotide, 10, 61.85, 59.50, 4.98, 0.00, 6259, 52.8, , 1
Java, k-nucleotide, 10, 62.85, 60.47, 4.98, 0.00, 6373, 51.8, , 1
Java, k-nucleotide, 10, 61.36, 59.03, 4.96, 0.00, 6205, 52.5, , 1
Java, k-nucleotide, 10, 62.55, 60.18, 5.00, 0.00, 6322, 52.5, , 1
Java, k-nucleotide, 10, 63.05, 60.66, 5.05, 0.00, 6352, 52.8, , 1
Java, k-nucleotide, 10, 63.13, 60.74, 5.06, 0.00, 6385, 52.5, , 1
Java, mandelbrot, 10, 50.87, 49.03, 2.68, 0.00, 5120, 54.2, , 1
Java, mandelbrot, 10, 49.40, 47.61, 2.60, 0.00, 4974, 53.2, , 1
Java, mandelbrot, 10, 50.57, 48.74, 2.66, 0.00, 5086, 53.8, , 1
Java, mandelbrot, 10, 50.98, 49.13, 2.68, 0.00, 5130, 54.2, , 1
Java, mandelbrot, 10, 49.51, 47.71, 2.62, 0.00, 4987, 54.0, , 1
Java, mandelbrot, 10, 51.19, 49.34, 2.69, 0.00, 5145, 53.2, , 1
Java, mandelbrot, 10, 49.76, 47.96, 2.62, 0.00, 5004, 54.2, , 1
Java, mandelbrot, 10, 50.43, 48.61, 2.66, 0.00, 5076, 53.2, , 1
Java, mandelbrot, 10, 49.98, 48.17, 2.63, 0.00, 5029, 54.0, , 1
Java, mandelbrot, 10, 50.77, 48.93, 2.68, 0.00, 5116, 52.2, , 1
Java, mandelbrot, 10, 50.80, 48.95, 2.70, 0.00, 5158, 52.2, , 1
Java, mandelbrot, 10, 50.82, 48.97, 2.70, 0.00, 5156, 53.8, , 1
Java, mandelbrot, 10, 50.81, 48.97, 2.68, 0.00, 5109, 53.5, , 1
Java, mandelbrot, 10, 50.92, 49.08, 2.68, 0.00, 5122, 53.8, , 1
Java, mandelbrot, 10, 49.41, 47.63, 2.61, 0.00, 4972, 53.8, , 1
Java, mandelbrot, 10, 49.01, 47.23, 2.61, 0.00, 4981, 54.0, , 1
Java, mandelbrot, 10, 49.91, 48.10, 2.64, 0.00, 5032, 52.2, , 1
Java, mandelbrot, 10, 51.20, 49.33, 2.73, 0.00, 5224, 53.5, , 1
Java, mandelbrot, 10, 49.54, 47.76, 2.61, 0.00, 4985, 53.5, , 1
Java, mandelbrot, 10, 50.94, 49.09, 2.70, 0.00, 5166, 53.5, , 1
Java, n-body, 10, 43.20, 41.65, 2.24, 0.00, 4341, 53.2, , 1
Java, n-body, 10, 42.99, 41.45, 2.22, 0.00, 4315, 54.0, , 1
Java, n-body, 10, 42.93, 41.39, 2.22, 0.00, 4317, 53.2, , 1
Java, n-body, 10, 43.30, 41.74, 2.24, 0.00, 4345, 53.8, , 1
Java, n-body, 10, 43.25, 41.70, 2.24, 0.00, 4341, 53.8, , 1
Java, n-body, 10, 43.14, 41.59, 2.23, 0.00, 4333, 52.8, , 1
Java, n-body, 10, 43.16, 41.61, 2.23, 0.00, 4336, 53.8, , 1
Java, n-body, 10, 43.36, 41.80, 2.24, 0.00, 4353, 53.8, , 1
Java, n-body, 10, 43.30, 41.75, 2.24, 0.00, 4346, 53.5, , 1
Java, n-body, 10, 43.22, 41.68, 2.24, 0.00, 4338, 53.8, , 1
Java, n-body, 10, 42.89, 41.36, 2.22, 0.00, 4306, 54.0, , 1
Java, n-body, 10, 43.20, 41.65, 2.24, 0.00, 4337, 54.0, , 1
Java, n-body, 10, 43.10, 41.55, 2.23, 0.00, 4326, 53.8, , 1
Java, n-body, 10, 43.23, 41.67, 2.24, 0.00, 4338, 53.8, , 1
Java, n-body, 10, 43.08, 41.53, 2.23, 0.00, 4323, 54.0, , 1
Java, n-body, 10, 43.15, 41.59, 2.23, 0.00, 4334, 53.8, , 1
Java, n-body, 10, 42.94, 41.39, 2.22, 0.00, 4309, 53.8, , 1
Java, n-body, 10, 42.95, 41.40, 2.22, 0.00, 4313, 53.5, , 1
Java, n-body, 10, 42.98, 41.43, 2.23, 0.00, 4315, 53.8, , 1
Java, n-body, 10, 43.14, 41.59, 2.23, 0.00, 4330, 53.5, , 1
Java, regex-redux, 10, 69.28, 66.58, 4.60, 0.00, 6977, 53.8, , 1
Java, regex-redux, 10, 66.91, 64.29, 4.47, 0.00, 6730, 53.5, , 1
Java, regex-redux, 10, 67.46, 64.82, 4.52, 0.00, 6822, 54.0, , 1
Java, regex-redux, 10, 67.77, 65.12, 4.52, 0.00, 6825, 54.0, , 1
Java, regex-redux, 10, 67.41, 64.77, 4.51, 0.00, 6788, 53.5, , 1
Java, regex-redux, 10, 69.20, 66.49, 4.60, 0.00, 6977, 53.2, , 1
Java, regex-redux, 10, 67.86, 65.21, 4.51, 0.00, 6823, 54.0, , 1
Java, regex-redux, 10, 68.13, 65.46, 4.55, 0.00, 6868, 54.2, , 1
Java, regex-redux, 10, 69.21, 66.50, 4.61, 0.00, 6985, 53.5, , 1
Java, regex-redux, 10, 69.22, 66.52, 4.59, 0.00, 6958, 53.8, , 1
Java, regex-redux, 10, 66.06, 63.47, 4.45, 0.00, 6662, 53.0, , 1
Java, regex-redux, 10, 69.27, 66.58, 4.58, 0.00, 6969, 53.5, , 1
Java, regex-redux, 10, 68.51, 65.84, 4.58, 0.00, 6907, 53.8, , 1
Java, regex-redux, 10, 68.64, 65.96, 4.56, 0.00, 6904, 53.8, , 1
Java, regex-redux, 10, 67.57, 64.93, 4.50, 0.00, 6796, 53.5, , 1
Java, regex-redux, 10, 68.14, 65.45, 4.55, 0.00, 6868, 54.0, , 1
Java, regex-redux, 10, 67.94, 65.28, 4.52, 0.00, 6833, 53.5, , 1
Java, regex-redux, 10, 67.29, 64.66, 4.49, 0.00, 6783, 54.2, , 1
Java, regex-redux, 10, 67.74, 65.10, 4.52, 0.00, 6816, 54.0, , 1
Java, regex-redux, 10, 69.44, 66.73, 4.61, 0.00, 7008, 54.5, , 1
Java, reverse-complement, 10, 7.94, 7.53, 0.83, 0.00, 802, 54.0, , 1
Java, reverse-complement, 10, 7.94, 7.52, 0.82, 0.00, 801, 53.8, , 1
Java, reverse-complement, 10, 7.91, 7.50, 0.82, 0.00, 804, 53.8, , 1
Java, reverse-complement, 10, 7.90, 7.49, 0.82, 0.00, 802, 54.0, , 1
Java, reverse-complement, 10, 7.95, 7.55, 0.82, 0.00, 799, 54.0, , 1
Java, reverse-complement, 10, 7.96, 7.55, 0.82, 0.00, 799, 53.8, , 1
Java, reverse-complement, 10, 7.94, 7.52, 0.82, 0.00, 803, 53.8, , 1
Java, reverse-complement, 10, 7.95, 7.54, 0.82, 0.00, 806, 53.8, , 1
Java, reverse-complement, 10, 7.93, 7.52, 0.83, 0.00, 799, 53.8, , 1
Java, reverse-complement, 10, 7.90, 7.49, 0.82, 0.00, 794, 54.2, , 1
Java, reverse-complement, 10, 7.90, 7.50, 0.83, 0.00, 802, 54.2, , 1
Java, reverse-complement, 10, 7.92, 7.50, 0.82, 0.00, 801, 54.0, , 1
Java, reverse-complement, 10, 7.89, 7.48, 0.82, 0.00, 802, 54.0, , 1
Java, reverse-complement, 10, 7.91, 7.51, 0.82, 0.00, 802, 53.8, , 1
Java, reverse-complement, 10, 7.91, 7.51, 0.82, 0.00, 800, 53.8, , 1
Java, reverse-complement, 10, 7.89, 7.48, 0.82, 0.00, 805, 53.0, , 1
Java, reverse-complement, 10, 7.93, 7.52, 0.82, 0.00, 796, 53.0, , 1
Java, reverse-complement, 10, 7.95, 7.54, 0.82, 0.00, 801, 53.2, , 1
Java, reverse-complement, 10, 7.92, 7.52, 0.82, 0.00, 804, 53.2, , 1
Java, reverse-complement, 10, 7.93, 7.51, 0.82, 0.00, 803, 53.2, , 1
Java, spectral-norm, 10, 8.32, 8.02, 0.46, 0.00, 849, 53.5, , 1
Java, spectral-norm, 10, 8.31, 8.00, 0.46, 0.00, 853, 53.5, , 1
Java, spectral-norm, 10, 8.40, 8.09, 0.46, 0.00, 850, 53.5, , 1
Java, spectral-norm, 10, 8.46, 8.14, 0.47, 0.00, 870, 53.5, , 1
Java, spectral-norm, 10, 8.36, 8.05, 0.47, 0.00, 862, 53.5, , 1
Java, spectral-norm, 10, 8.22, 7.91, 0.47, 0.00, 869, 53.2, , 1
Java, spectral-norm, 10, 8.34, 8.03, 0.46, 0.00, 849, 53.2, , 1
Java, spectral-norm, 10, 8.36, 8.05, 0.46, 0.00, 862, 53.2, , 1
Java, spectral-norm, 10, 8.33, 8.01, 0.46, 0.00, 853, 53.2, , 1
Java, spectral-norm, 10, 8.32, 8.01, 0.46, 0.00, 848, 53.2, , 1
Java, spectral-norm, 10, 8.28, 7.97, 0.46, 0.00, 850, 53.2, , 1
Java, spectral-norm, 10, 8.28, 7.97, 0.46, 0.00, 848, 53.0, , 1
Java, spectral-norm, 10, 8.35, 8.04, 0.46, 0.00, 851, 53.0, , 1
Java, spectral-norm, 10, 8.28, 7.98, 0.46, 0.00, 843, 53.5, , 1
Java, spectral-norm, 10, 8.34, 8.04, 0.46, 0.00, 847, 53.5, , 1
Java, spectral-norm, 10, 8.40, 8.09, 0.46, 0.00, 851, 53.2, , 1
Java, spectral-norm, 10, 8.33, 8.03, 0.46, 0.00, 853, 53.2, , 1
Java, spectral-norm, 10, 8.30, 8.00, 0.46, 0.00, 851, 53.2, , 1
Java, spectral-norm, 10, 8.34, 8.03, 0.46, 0.00, 856, 53.2, , 1
Java, spectral-norm, 10, 8.32, 8.02, 0.46, 0.00, 850, 53.2, , 1
Python, binary-trees, 10, 525.08, 501.76, 45.30, 0.00, 53194, 53.8, , 1
Python, binary-trees, 10, 522.87, 499.52, 45.60, 0.00, 52967, 54.2, , 1
Python, binary-trees, 10, 526.27, 502.95, 45.52, 0.00, 53174, 54.2, , 1
Python, binary-trees, 10, 530.98, 507.44, 45.87, 0.00, 53727, 54.2, , 1
Python, binary-trees, 10, 530.70, 507.06, 45.71, 0.00, 53826, 53.8, , 1
Python, binary-trees, 10, 531.21, 507.66, 45.79, 0.00, 53779, 53.8, , 1
Python, binary-trees, 10, 532.11, 508.51, 45.82, 0.00, 53795, 54.5, , 1
Python, binary-trees, 10, 527.19, 503.64, 45.52, 0.00, 53356, 53.5, , 1
Python, binary-trees, 10, 540.00, 516.10, 46.35, 0.00, 54665, 54.0, , 1
Python, binary-trees, 10, 528.29, 504.77, 45.56, 0.00, 53561, 54.0, , 1
Python, binary-trees, 10, 532.00, 508.32, 45.80, 0.00, 53895, 53.5, , 1
Python, binary-trees, 10, 533.76, 510.09, 45.93, 0.00, 53959, 54.0, , 1
Python, binary-trees, 10, 531.68, 507.99, 45.77, 0.00, 53823, 54.0, , 1
Python, binary-trees, 10, 531.63, 508.17, 45.88, 0.00, 53807, 53.5, , 1
Python, binary-trees, 10, 532.83, 509.17, 45.86, 0.00, 53886, 54.0, , 1
Python, binary-trees, 10, 527.45, 504.09, 45.69, 0.00, 53357, 54.2, , 1
Python, binary-trees, 10, 530.47, 506.86, 45.72, 0.00, 53770, 53.8, , 1
Python, binary-trees, 10, 528.92, 505.44, 45.81, 0.00, 53536, 53.8, , 1
Python, binary-trees, 10, 528.84, 505.29, 45.70, 0.00, 53514, 54.2, , 1
Python, binary-trees, 10, 526.32, 502.90, 45.45, 0.00, 53273, 54.5, , 1
Python, fannkuch-redux, 10, 4586.04, 4421.77, 234.88, 0.00, 460418, 54.0, , 1
Python, fannkuch-redux, 10, 4579.41, 4415.32, 234.53, 0.00, 459740, 53.2, , 1
Python, fannkuch-redux, 10, 4623.43, 4457.76, 236.79, 0.00, 464154, 53.2, , 1
Python, fannkuch-redux, 10, 4538.48, 4375.91, 232.45, 0.00, 455634, 53.8, , 1
Python, fannkuch-redux, 10, 4552.47, 4389.39, 233.16, 0.00, 457033, 53.8, , 1
Python, fannkuch-redux, 10, 4541.82, 4379.06, 232.62, 0.00, 455956, 53.5, , 1
Python, fannkuch-redux, 10, 4557.76, 4394.45, 233.43, 0.00, 457551, 53.5, , 1
Python, fannkuch-redux, 10, 4577.65, 4413.62, 234.49, 0.00, 459582, 53.8, , 1
Python, fannkuch-redux, 10, 4585.41, 4421.14, 234.89, 0.00, 460348, 53.2, , 1
Python, fannkuch-redux, 10, 4603.09, 4437.99, 235.82, 0.00, 462091, 53.5, , 1
Python, fannkuch-redux, 10, 4564.06, 4400.56, 233.83, 0.00, 458201, 53.0, , 1
Python, fannkuch-redux, 10, 4573.11, 4409.05, 234.29, 0.00, 459074, 53.2, , 1
Python, fannkuch-redux, 10, 4629.45, 4463.56, 237.18, 0.00, 464758, 54.0, , 1
Python, fannkuch-redux, 10, 4532.18, 4369.80, 232.19, 0.00, 454985, 53.2, , 1
Python, fannkuch-redux, 10, 4555.21, 4391.96, 233.36, 0.00, 457289, 53.5, , 1
Python, fannkuch-redux, 10, 4609.74, 4444.48, 236.22, 0.00, 462782, 54.0, , 1
Python, fannkuch-redux, 10, 4540.60, 4377.84, 232.63, 0.00, 455836, 53.5, , 1
Python, fannkuch-redux, 10, 4520.67, 4358.67, 231.62, 0.00, 453828, 53.8, , 1
Python, fannkuch-redux, 10, 4567.66, 4403.97, 234.01, 0.00, 458555, 54.0, , 1
Python, fannkuch-redux, 10, 4563.27, 4399.59, 233.79, 0.00, 458091, 53.0, , 1
Python, fasta, 10, 488.06, 470.67, 25.01, 0.00, 49007, 54.2, , 1
Python, fasta, 10, 485.22, 467.97, 24.86, 0.00, 48725, 54.0, , 1
Python, fasta, 10, 483.60, 466.32, 24.78, 0.00, 48556, 53.2, , 1
Python, fasta, 10, 484.19, 466.91, 24.80, 0.00, 48615, 53.2, , 1
Python, fasta, 10, 487.92, 470.57, 25.00, 0.00, 48996, 53.5, , 1
Python, fasta, 10, 485.74, 468.35, 24.88, 0.00, 48771, 53.0, , 1
Python, fasta, 10, 491.88, 474.27, 25.20, 0.00, 49386, 53.2, , 1
Python, fasta, 10, 485.53, 468.19, 24.87, 0.00, 48743, 53.2, , 1
Python, fasta, 10, 484.50, 467.19, 24.83, 0.00, 48643, 53.5, , 1
Python, fasta, 10, 486.15, 468.76, 24.91, 0.00, 48813, 52.8, , 1
Python, fasta, 10, 487.36, 469.91, 24.97, 0.00, 48928, 53.8, , 1
Python, fasta, 10, 485.40, 468.20, 24.88, 0.00, 48750, 53.5, , 1
Python, fasta, 10, 488.21, 470.71, 25.02, 0.00, 49015, 53.0, , 1
Python, fasta, 10, 485.33, 467.97, 24.87, 0.00, 48728, 54.2, , 1
Python, fasta, 10, 486.71, 469.31, 24.94, 0.00, 48863, 54.0, , 1
Python, fasta, 10, 484.26, 466.92, 24.81, 0.00, 48620, 53.2, , 1
Python, fasta, 10, 486.85, 469.42, 24.95, 0.00, 48881, 53.0, , 1
Python, fasta, 10, 488.12, 470.73, 25.02, 0.00, 49013, 53.2, , 1
Python, fasta, 10, 486.76, 469.33, 24.95, 0.00, 48873, 53.0, , 1
Python, fasta, 10, 486.12, 468.70, 24.91, 0.00, 48807, 53.0, , 1
Python, k-nucleotide, 10, 617.10, 592.72, 59.11, 0.00, 61951, 53.5, , 1
Python, k-nucleotide, 10, 623.46, 598.90, 59.44, 0.00, 62585, 54.0, , 1
Python, k-nucleotide, 10, 614.53, 590.23, 59.19, 0.00, 61687, 53.8, , 1
Python, k-nucleotide, 10, 620.88, 596.35, 59.42, 0.00, 62348, 53.8, , 1
Python, k-nucleotide, 10, 620.49, 596.03, 59.30, 0.00, 62292, 53.5, , 1
Python, k-nucleotide, 10, 613.77, 589.48, 58.99, 0.00, 61613, 53.5, , 1
Python, k-nucleotide, 10, 622.33, 597.72, 59.72, 0.00, 62468, 54.0, , 1
Python, k-nucleotide, 10, 614.26, 589.95, 59.16, 0.00, 61679, 54.5, , 1
Python, k-nucleotide, 10, 615.56, 591.15, 59.38, 0.00, 61799, 54.8, , 1
Python, k-nucleotide, 10, 614.27, 589.97, 59.02, 0.00, 61669, 53.8, , 1
Python, k-nucleotide, 10, 618.79, 594.29, 59.48, 0.00, 62110, 53.8, , 1
Python, k-nucleotide, 10, 625.34, 600.72, 59.58, 0.00, 62790, 54.0, , 1
Python, k-nucleotide, 10, 619.19, 594.68, 59.59, 0.00, 62154, 53.8, , 1
Python, k-nucleotide, 10, 617.98, 593.53, 59.37, 0.00, 62042, 53.2, , 1
Python, k-nucleotide, 10, 618.79, 594.36, 59.20, 0.00, 62128, 54.5, , 1
Python, k-nucleotide, 10, 613.42, 589.04, 59.26, 0.00, 61582, 54.8, , 1
Python, k-nucleotide, 10, 624.19, 599.47, 60.08, 0.00, 62659, 53.8, , 1
Python, k-nucleotide, 10, 612.37, 588.14, 58.93, 0.00, 61486, 53.5, , 1
Python, k-nucleotide, 10, 621.42, 596.88, 59.49, 0.00, 62374, 54.5, , 1
Python, k-nucleotide, 10, 615.33, 590.95, 59.18, 0.00, 61760, 53.5, , 1
Python, mandelbrot, 10, 2046.84, 1973.52, 104.90, 0.00, 205424, 52.5, , 1
Python, mandelbrot, 10, 2039.96, 1966.89, 104.56, 0.00, 204763, 52.2, , 1
Python, mandelbrot, 10, 2079.49, 2004.97, 106.59, 0.00, 208748, 52.5, , 1
Python, mandelbrot, 10, 2062.14, 1988.28, 105.72, 0.00, 207012, 52.0, , 1
Python, mandelbrot, 10, 2048.67, 1975.30, 105.02, 0.00, 205662, 52.0, , 1
Python, mandelbrot, 10, 2125.15, 2049.05, 108.94, 0.00, 213331, 52.5, , 1
Python, mandelbrot, 10, 2050.38, 1976.94, 105.11, 0.00, 205826, 53.0, , 1
Python, mandelbrot, 10, 2041.95, 1968.84, 104.67, 0.00, 204941, 52.2, , 1
Python, mandelbrot, 10, 2041.25, 1968.14, 104.65, 0.00, 204893, 52.2, , 1
Python, mandelbrot, 10, 2041.57, 1968.45, 104.69, 0.00, 204939, 52.5, , 1
Python, mandelbrot, 10, 2045.02, 1971.77, 104.88, 0.00, 205286, 52.2, , 1
Python, mandelbrot, 10, 2048.22, 1974.86, 105.03, 0.00, 205614, 52.0, , 1
Python, mandelbrot, 10, 2057.40, 1983.69, 105.51, 0.00, 206532, 52.0, , 1
Python, mandelbrot, 10, 2050.02, 1976.57, 105.12, 0.00, 205789, 52.2, , 1
Python, mandelbrot, 10, 2055.80, 1982.16, 105.43, 0.00, 206375, 52.5, , 1
Python, mandelbrot, 10, 2030.99, 1958.25, 104.15, 0.00, 203884, 52.2, , 1
Python, mandelbrot, 10, 2088.21, 2013.41, 107.08, 0.00, 209618, 52.0, , 1
Python, mandelbrot, 10, 2055.20, 1981.58, 105.41, 0.00, 206314, 51.8, , 1
Python, mandelbrot, 10, 2056.41, 1982.75, 105.44, 0.00, 206436, 52.0, , 1
Python, mandelbrot, 10, 2038.65, 1965.63, 104.52, 0.00, 204660, 51.8, , 1
Python, n-body, 10, 2724.37, 2626.88, 139.51, 0.00, 273526, 54.0, , 1
Python, n-body, 10, 2716.08, 2619.20, 139.11, 0.00, 272733, 53.8, , 1
Python, n-body, 10, 2758.50, 2659.80, 141.32, 0.00, 276975, 53.0, , 1
Python, n-body, 10, 2736.49, 2638.94, 140.14, 0.00, 274771, 53.2, , 1
Python, n-body, 10, 2789.35, 2689.77, 142.85, 0.00, 280080, 53.2, , 1
Python, n-body, 10, 2740.97, 2642.91, 140.36, 0.00, 275183, 53.2, , 1
Python, n-body, 10, 2719.67, 2622.50, 139.28, 0.00, 273052, 53.5, , 1
Python, n-body, 10, 2739.57, 2641.79, 140.30, 0.00, 275079, 53.5, , 1
Python, n-body, 10, 2717.81, 2620.81, 139.20, 0.00, 272895, 53.0, , 1
Python, n-body, 10, 2731.32, 2633.65, 139.90, 0.00, 274221, 54.0, , 1
Python, n-body, 10, 2727.24, 2630.00, 139.71, 0.00, 273845, 54.0, , 1
Python, n-body, 10, 2713.64, 2616.71, 139.00, 0.00, 272476, 52.8, , 1
Python, n-body, 10, 2701.71, 2605.21, 138.39, 0.00, 271263, 53.2, , 1
Python, n-body, 10, 2719.49, 2622.33, 139.30, 0.00, 273052, 53.0, , 1
Python, n-body, 10, 2783.90, 2684.31, 142.59, 0.00, 279496, 53.8, , 1
Python, n-body, 10, 2724.45, 2627.05, 139.55, 0.00, 273554, 53.5, , 1
Python, n-body, 10, 2712.28, 2615.22, 138.91, 0.00, 272308, 52.8, , 1
Python, n-body, 10, 2712.58, 2615.57, 138.94, 0.00, 272340, 52.8, , 1
Python, n-body, 10, 2731.84, 2634.26, 139.93, 0.00, 274296, 53.5, , 1
Python, n-body, 10, 2711.27, 2614.26, 138.89, 0.00, 272229, 52.5, , 1
Python, regex-redux, 10, 93.87, 90.34, 5.70, 0.00, 9425, 53.5, , 1
Python, regex-redux, 10, 94.00, 90.45, 5.72, 0.00, 9435, 53.5, , 1
Python, regex-redux, 10, 94.11, 90.57, 5.72, 0.00, 9448, 53.8, , 1
Python, regex-redux, 10, 94.10, 90.56, 5.73, 0.00, 9447, 53.2, , 1
Python, regex-redux, 10, 94.20, 90.65, 5.73, 0.00, 9458, 53.5, , 1
Python, regex-redux, 10, 94.95, 91.37, 5.79, 0.00, 9533, 53.2, , 1
Python, regex-redux, 10, 93.97, 90.43, 5.71, 0.00, 9434, 52.8, , 1
Python, regex-redux, 10, 93.85, 90.32, 5.72, 0.00, 9422, 53.0, , 1
Python, regex-redux, 10, 93.89, 90.35, 5.72, 0.00, 9423, 53.2, , 1
Python, regex-redux, 10, 94.44, 90.88, 5.76, 0.00, 9480, 53.8, , 1
Python, regex-redux, 10, 94.72, 91.15, 5.77, 0.00, 9509, 53.0, , 1
Python, regex-redux, 10, 94.72, 91.14, 5.77, 0.00, 9508, 54.0, , 1
Python, regex-redux, 10, 94.04, 90.49, 5.73, 0.00, 9439, 53.8, , 1
Python, regex-redux, 10, 93.98, 90.44, 5.73, 0.00, 9433, 53.5, , 1
Python, regex-redux, 10, 93.70, 90.16, 5.70, 0.00, 9406, 53.5, , 1
Python, regex-redux, 10, 94.78, 91.21, 5.77, 0.00, 9518, 53.5, , 1
Python, regex-redux, 10, 94.03, 90.49, 5.73, 0.00, 9441, 53.5, , 1
Python, regex-redux, 10, 94.60, 91.03, 5.75, 0.00, 9495, 53.5, , 1
Python, regex-redux, 10, 94.26, 90.70, 5.75, 0.00, 9465, 53.0, , 1
Python, regex-redux, 10, 93.99, 90.45, 5.73, 0.00, 9435, 53.2, , 1
Python, reverse-complement, 10, 18.18, 17.45, 1.38, 0.00, 1827, 53.2, , 1
Python, reverse-complement, 10, 17.94, 17.21, 1.37, 0.00, 1806, 53.2, , 1
Python, reverse-complement, 10, 18.04, 17.31, 1.38, 0.00, 1811, 53.5, , 1
Python, reverse-complement, 10, 17.97, 17.24, 1.37, 0.00, 1811, 52.8, , 1
Python, reverse-complement, 10, 18.05, 17.33, 1.36, 0.00, 1812, 53.2, , 1
Python, reverse-complement, 10, 17.88, 17.16, 1.36, 0.00, 1797, 53.2, , 1
Python, reverse-complement, 10, 17.79, 17.07, 1.36, 0.00, 1792, 53.0, , 1
Python, reverse-complement, 10, 17.94, 17.22, 1.37, 0.00, 1803, 53.0, , 1
Python, reverse-complement, 10, 17.95, 17.23, 1.36, 0.00, 1801, 53.8, , 1
Python, reverse-complement, 10, 17.85, 17.13, 1.37, 0.00, 1800, 53.5, , 1
Python, reverse-complement, 10, 17.93, 17.21, 1.36, 0.00, 1801, 53.8, , 1
Python, reverse-complement, 10, 17.99, 17.26, 1.37, 0.00, 1806, 54.0, , 1
Python, reverse-complement, 10, 17.95, 17.24, 1.36, 0.00, 1803, 53.5, , 1
Python, reverse-complement, 10, 17.85, 17.13, 1.36, 0.00, 1793, 52.8, , 1
Python, reverse-complement, 10, 17.94, 17.22, 1.36, 0.00, 1801, 53.5, , 1
Python, reverse-complement, 10, 17.99, 17.26, 1.37, 0.00, 1806, 53.5, , 1
Python, reverse-complement, 10, 17.94, 17.21, 1.36, 0.00, 1801, 53.5, , 1
Python, reverse-complement, 10, 17.92, 17.20, 1.36, 0.00, 1801, 53.2, , 1
Python, reverse-complement, 10, 17.90, 17.17, 1.36, 0.00, 1800, 53.0, , 1
Python, reverse-complement, 10, 18.10, 17.37, 1.38, 0.00, 1817, 53.0, , 1
Python, spectral-norm, 10, 1503.03, 1449.19, 77.18, 0.00, 150863, 53.0, , 1
Python, spectral-norm, 10, 1502.63, 1448.81, 77.14, 0.00, 150818, 52.5, , 1
Python, spectral-norm, 10, 1536.34, 1481.30, 78.90, 0.00, 154256, 53.2, , 1
Python, spectral-norm, 10, 1525.85, 1471.21, 78.33, 0.00, 153155, 52.8, , 1
Python, spectral-norm, 10, 1509.17, 1455.12, 77.47, 0.00, 151497, 52.2, , 1
Python, spectral-norm, 10, 1524.53, 1469.91, 78.28, 0.00, 153029, 52.5, , 1
Python, spectral-norm, 10, 1520.90, 1466.42, 78.09, 0.00, 152675, 52.2, , 1
Python, spectral-norm, 10, 1521.79, 1467.23, 78.20, 0.00, 152872, 54.0, , 1
Python, spectral-norm, 10, 1529.92, 1475.12, 78.58, 0.00, 153565, 52.8, , 1
Python, spectral-norm, 10, 1509.74, 1455.67, 77.54, 0.00, 151536, 53.0, , 1
Python, spectral-norm, 10, 1512.16, 1458.01, 77.66, 0.00, 151784, 52.5, , 1
Python, spectral-norm, 10, 1521.71, 1467.19, 78.17, 0.00, 152789, 52.5, , 1
Python, spectral-norm, 10, 1534.48, 1479.51, 78.80, 0.00, 154027, 53.2, , 1
Python, spectral-norm, 10, 1566.84, 1509.91, 84.52, 0.00, 157320, 53.0, , 1
Python, spectral-norm, 10, 1518.49, 1464.08, 78.00, 0.00, 152418, 53.0, , 1
Python, spectral-norm, 10, 1524.84, 1470.20, 78.35, 0.00, 153111, 53.0, , 1
Python, spectral-norm, 10, 1508.24, 1454.22, 77.46, 0.00, 151393, 52.8, , 1
Python, spectral-norm, 10, 1505.45, 1451.51, 77.32, 0.00, 151125, 53.2, , 1
Python, spectral-norm, 10, 1507.09, 1453.10, 77.42, 0.00, 151316, 53.5, , 1
Python, spectral-norm, 10, 1531.12, 1476.24, 78.66, 0.00, 153724, 53.0, , 1
C, binary-trees, 15, 17.76, 17.16, 1.34, 0.00, 1237, 55.5, , 1
C, binary-trees, 15, 17.76, 17.14, 1.34, 0.00, 1240, 55.2, , 1
C, binary-trees, 15, 17.73, 17.13, 1.34, 0.00, 1239, 55.8, , 1
C, binary-trees, 15, 17.76, 17.16, 1.33, 0.00, 1237, 56.2, , 1
C, binary-trees, 15, 17.74, 17.13, 1.34, 0.00, 1236, 55.8, , 1
C, binary-trees, 15, 17.70, 17.08, 1.35, 0.00, 1255, 55.5, , 1
C, binary-trees, 15, 17.74, 17.13, 1.33, 0.00, 1235, 54.8, , 1
C, binary-trees, 15, 17.77, 17.17, 1.33, 0.00, 1239, 55.8, , 1
C, binary-trees, 15, 17.74, 17.14, 1.33, 0.00, 1238, 56.2, , 1
C, binary-trees, 15, 17.69, 17.08, 1.33, 0.00, 1237, 56.5, , 1
C, binary-trees, 15, 17.67, 17.06, 1.33, 0.00, 1237, 55.2, , 1
C, binary-trees, 15, 17.89, 17.28, 1.34, 0.00, 1247, 55.8, , 1
C, binary-trees, 15, 17.70, 17.09, 1.33, 0.00, 1236, 55.5, , 1
C, binary-trees, 15, 18.14, 17.52, 1.35, 0.00, 1269, 55.8, , 1
C, binary-trees, 15, 17.72, 17.12, 1.34, 0.00, 1244, 56.2, , 1
C, binary-trees, 15, 17.86, 17.24, 1.34, 0.00, 1248, 56.2, , 1
C, binary-trees, 15, 17.86, 17.25, 1.34, 0.00, 1244, 55.8, , 1
C, binary-trees, 15, 17.89, 17.28, 1.35, 0.00, 1247, 56.2, , 1
C, binary-trees, 15, 17.81, 17.20, 1.34, 0.00, 1249, 55.5, , 1
C, binary-trees, 15, 17.79, 17.18, 1.34, 0.00, 1243, 55.5, , 1
C, fannkuch-redux, 15, 37.96, 37.05, 1.30, 0.00, 2538, 55.8, , 1
C, fannkuch-redux, 15, 37.96, 37.04, 1.30, 0.00, 2540, 56.0, , 1
C, fannkuch-redux, 15, 37.86, 36.94, 1.30, 0.00, 2531, 56.2, , 1
C, fannkuch-redux, 15, 37.97, 37.05, 1.30, 0.00, 2539, 56.2, , 1
C, fannkuch-redux, 15, 37.98, 37.08, 1.30, 0.00, 2541, 56.2, , 1
C, fannkuch-redux, 15, 37.99, 37.08, 1.30, 0.00, 2541, 56.2, , 1
C, fannkuch-redux, 15, 37.94, 37.03, 1.30, 0.00, 2538, 56.8, , 1
C, fannkuch-redux, 15, 38.06, 37.16, 1.30, 0.00, 2547, 56.2, , 1
C, fannkuch-redux, 15, 38.19, 37.28, 1.31, 0.00, 2554, 56.5, , 1
C, fannkuch-redux, 15, 38.02, 37.11, 1.31, 0.00, 2567, 56.5, , 1
C, fannkuch-redux, 15, 38.13, 37.23, 1.30, 0.00, 2551, 56.5, , 1
C, fannkuch-redux, 15, 37.99, 37.08, 1.30, 0.00, 2541, 56.8, , 1
C, fannkuch-redux, 15, 37.98, 37.06, 1.30, 0.00, 2540, 56.8, , 1
C, fannkuch-redux, 15, 38.10, 37.20, 1.30, 0.00, 2548, 57.2, , 1
C, fannkuch-redux, 15, 38.04, 37.14, 1.30, 0.00, 2545, 57.0, , 1
C, fannkuch-redux, 15, 38.01, 37.11, 1.30, 0.00, 2543, 57.2, , 1
C, fannkuch-redux, 15, 37.92, 37.01, 1.30, 0.00, 2535, 56.8, , 1
C, fannkuch-redux, 15, 37.96, 37.05, 1.30, 0.00, 2538, 57.2, , 1
C, fannkuch-redux, 15, 37.95, 37.05, 1.30, 0.00, 2539, 57.0, , 1
C, fannkuch-redux, 15, 38.01, 37.10, 1.30, 0.00, 2542, 57.2, , 1
C, fasta, 15, 6.68, 6.44, 0.34, 0.00, 663, 56.2, , 1
C, fasta, 15, 6.62, 6.38, 0.34, 0.00, 665, 56.2, , 1
C, fasta, 15, 6.60, 6.36, 0.34, 0.00, 664, 54.8, , 1
C, fasta, 15, 6.63, 6.39, 0.34, 0.00, 666, 54.8, , 1
C, fasta, 15, 6.61, 6.36, 0.34, 0.00, 664, 55.5, , 1
C, fasta, 15, 6.59, 6.34, 0.34, 0.00, 664, 55.5, , 1
C, fasta, 15, 6.60, 6.36, 0.34, 0.00, 665, 56.0, , 1
C, fasta, 15, 6.68, 6.43, 0.34, 0.00, 665, 56.0, , 1
C, fasta, 15, 6.61, 6.37, 0.34, 0.00, 664, 56.0, , 1
C, fasta, 15, 6.60, 6.36, 0.34, 0.00, 664, 56.0, , 1
C, fasta, 15, 6.60, 6.36, 0.34, 0.00, 665, 55.2, , 1
C, fasta, 15, 6.62, 6.38, 0.34, 0.00, 663, 55.2, , 1
C, fasta, 15, 6.60, 6.36, 0.34, 0.00, 664, 55.5, , 1
C, fasta, 15, 6.60, 6.36, 0.34, 0.00, 664, 55.5, , 1
C, fasta, 15, 6.60, 6.36, 0.34, 0.00, 664, 55.2, , 1
C, fasta, 15, 6.57, 6.34, 0.34, 0.00, 664, 55.2, , 1
C, fasta, 15, 6.61, 6.36, 0.34, 0.00, 664, 54.8, , 1
C, fasta, 15, 6.56, 6.33, 0.34, 0.00, 664, 54.8, , 1
C, fasta, 15, 6.60, 6.36, 0.34, 0.00, 664, 55.5, , 1
C, fasta, 15, 6.62, 6.38, 0.34, 0.00, 665, 55.5, , 1
C, k-nucleotide, 15, 53.76, 52.13, 4.34, 0.00, 3650, 56.5, , 1
C, k-nucleotide, 15, 54.83, 53.13, 4.55, 0.00, 3724, 57.8, , 1
C, k-nucleotide, 15, 54.86, 53.19, 4.48, 0.00, 3725, 57.2, , 1
C, k-nucleotide, 15, 52.84, 51.37, 3.88, 0.00, 3592, 57.5, , 1
C, k-nucleotide, 15, 54.33, 52.67, 4.37, 0.00, 3686, 57.5, , 1
C, k-nucleotide, 15, 52.14, 50.73, 3.61, 0.00, 3546, 58.0, , 1
C, k-nucleotide, 15, 54.63, 52.93, 4.57, 0.00, 3715, 57.2, , 1
C, k-nucleotide, 15, 55.36, 53.60, 4.69, 0.00, 3753, 57.5, , 1
C, k-nucleotide, 15, 54.13, 52.52, 4.29, 0.00, 3671, 57.5, , 1
C, k-nucleotide, 15, 53.22, 51.68, 4.08, 0.00, 3612, 58.2, , 1
C, k-nucleotide, 15, 54.07, 52.47, 4.24, 0.00, 3673, 58.0, , 1
C, k-nucleotide, 15, 55.19, 53.45, 4.66, 0.00, 3747, 57.8, , 1
C, k-nucleotide, 15, 53.48, 51.92, 4.08, 0.00, 3637, 57.8, , 1
C, k-nucleotide, 15, 55.21, 53.46, 4.72, 0.00, 3744, 58.5, , 1
C, k-nucleotide, 15, 53.25, 51.71, 4.09, 0.00, 3618, 57.8, , 1
C, k-nucleotide, 15, 54.51, 52.85, 4.46, 0.00, 3698, 58.0, , 1
C, k-nucleotide, 15, 53.51, 51.96, 4.13, 0.00, 3636, 58.2, , 1
C, k-nucleotide, 15, 52.92, 51.41, 3.97, 0.00, 3592, 57.8, , 1
C, k-nucleotide, 15, 53.50, 51.95, 4.07, 0.00, 3633, 58.0, , 1
C, k-nucleotide, 15, 54.52, 52.85, 4.46, 0.00, 3706, 58.2, , 1
C, mandelbrot, 15, 18.23, 17.79, 0.63, 0.00, 1222, 57.8, , 1
C, mandelbrot, 15, 18.26, 17.83, 0.63, 0.00, 1220, 58.2, , 1
C, mandelbrot, 15, 18.24, 17.81, 0.63, 0.00, 1219, 58.5, , 1
C, mandelbrot, 15, 18.27, 17.83, 0.63, 0.00, 1220, 57.5, , 1
C, mandelbrot, 15, 18.26, 17.83, 0.63, 0.00, 1220, 58.0, , 1
C, mandelbrot, 15, 18.29, 17.84, 0.63, 0.00, 1221, 58.0, , 1
C, mandelbrot, 15, 18.27, 17.83, 0.63, 0.00, 1220, 58.0, , 1
C, mandelbrot, 15, 18.24, 17.81, 0.63, 0.00, 1219, 58.0, , 1
C, mandelbrot, 15, 18.33, 17.89, 0.64, 0.00, 1224, 58.2, , 1
C, mandelbrot, 15, 18.29, 17.84, 0.64, 0.00, 1221, 58.2, , 1
C, mandelbrot, 15, 18.36, 17.92, 0.64, 0.00, 1226, 58.0, , 1
C, mandelbrot, 15, 18.30, 17.87, 0.63, 0.00, 1223, 58.2, , 1
C, mandelbrot, 15, 18.32, 17.88, 0.64, 0.00, 1224, 58.8, , 1
C, mandelbrot, 15, 18.32, 17.88, 0.63, 0.00, 1224, 58.0, , 1
C, mandelbrot, 15, 18.33, 17.89, 0.64, 0.00, 1225, 57.5, , 1
C, mandelbrot, 15, 18.27, 17.84, 0.63, 0.00, 1221, 57.8, , 1
C, mandelbrot, 15, 18.32, 17.88, 0.63, 0.00, 1224, 58.8, , 1
C, mandelbrot, 15, 18.32, 17.89, 0.63, 0.00, 1224, 57.8, , 1
C, mandelbrot, 15, 18.29, 17.85, 0.63, 0.00, 1222, 58.2, , 1
C, mandelbrot, 15, 18.31, 17.88, 0.63, 0.00, 1224, 58.2, , 1
C, n-body, 15, 19.97, 19.35, 0.88, 0.00, 1727, 57.8, , 1
C, n-body, 15, 20.02, 19.41, 0.88, 0.00, 1725, 57.0, , 1
C, n-body, 15, 20.03, 19.41, 0.88, 0.00, 1725, 57.5, , 1
C, n-body, 15, 19.98, 19.37, 0.88, 0.00, 1724, 57.8, , 1
C, n-body, 15, 20.02, 19.40, 0.88, 0.00, 1726, 56.5, , 1
C, n-body, 15, 20.02, 19.39, 0.88, 0.00, 1728, 57.2, , 1
C, n-body, 15, 20.02, 19.40, 0.88, 0.00, 1725, 57.0, , 1
C, n-body, 15, 19.92, 19.31, 0.88, 0.00, 1725, 57.0, , 1
C, n-body, 15, 20.10, 19.48, 0.88, 0.00, 1724, 57.0, , 1
C, n-body, 15, 20.03, 19.42, 0.88, 0.00, 1727, 57.5, , 1
C, n-body, 15, 20.09, 19.47, 0.88, 0.00, 1726, 56.5, , 1
C, n-body, 15, 20.01, 19.40, 0.89, 0.00, 1725, 56.8, , 1
C, n-body, 15, 20.02, 19.39, 0.89, 0.00, 1728, 57.2, , 1
C, n-body, 15, 19.94, 19.32, 0.88, 0.00, 1727, 57.5, , 1
C, n-body, 15, 19.99, 19.38, 0.88, 0.00, 1724, 56.8, , 1
C, n-body, 15, 20.07, 19.45, 0.88, 0.00, 1725, 57.0, , 1
C, n-body, 15, 20.03, 19.41, 0.89, 0.00, 1725, 57.2, , 1
C, n-body, 15, 20.02, 19.40, 0.88, 0.00, 1724, 56.8, , 1
C, n-body, 15, 20.06, 19.44, 0.88, 0.00, 1724, 57.0, , 1
C, n-body, 15, 20.02, 19.40, 0.88, 0.00, 1724, 57.2, , 1
C, regex-redux, 15, 11.69, 11.36, 0.67, 0.00, 825, 57.0, , 1
C, regex-redux, 15, 11.63, 11.30, 0.67, 0.00, 823, 57.0, , 1
C, regex-redux, 15, 11.61, 11.29, 0.67, 0.00, 825, 57.8, , 1
C, regex-redux, 15, 11.68, 11.34, 0.67, 0.00, 825, 57.8, , 1
C, regex-redux, 15, 11.91, 11.58, 0.68, 0.00, 843, 58.0, , 1
C, regex-redux, 15, 11.65, 11.33, 0.68, 0.00, 824, 58.0, , 1
C, regex-redux, 15, 11.65, 11.32, 0.68, 0.00, 826, 58.0, , 1
C, regex-redux, 15, 11.67, 11.34, 0.68, 0.00, 825, 58.0, , 1
C, regex-redux, 15, 11.66, 11.33, 0.68, 0.00, 823, 57.0, , 1
C, regex-redux, 15, 11.66, 11.32, 0.67, 0.00, 823, 57.0, , 1
C, regex-redux, 15, 11.66, 11.33, 0.67, 0.00, 826, 57.2, , 1
C, regex-redux, 15, 11.66, 11.33, 0.68, 0.00, 823, 57.2, , 1
C, regex-redux, 15, 11.63, 11.31, 0.67, 0.00, 825, 57.8, , 1
C, regex-redux, 15, 11.67, 11.34, 0.67, 0.00, 824, 57.8, , 1
C, regex-redux, 15, 11.74, 11.40, 0.68, 0.00, 829, 57.0, , 1
C, regex-redux, 15, 11.64, 11.32, 0.67, 0.00, 823, 57.0, , 1
C, regex-redux, 15, 11.66, 11.34, 0.67, 0.00, 824, 57.0, , 1
C, regex-redux, 15, 11.93, 11.59, 0.68, 0.00, 841, 57.0, , 1
C, regex-redux, 15, 11.64, 11.32, 0.67, 0.00, 826, 58.5, , 1
C, regex-redux, 15, 11.69, 11.35, 0.67, 0.00, 823, 58.5, , 1
C, reverse-complement, 15, 1.21, 1.14, 0.16, 0.00, 98, 58.0, , 1
C, reverse-complement, 15, 1.17, 1.10, 0.16, 0.00, 99, 58.0, , 1
C, reverse-complement, 15, 1.18, 1.11, 0.16, 0.00, 102, 58.0, , 1
C, reverse-complement, 15, 1.19, 1.12, 0.16, 0.00, 99, 58.0, , 1
C, reverse-complement, 15, 1.20, 1.14, 0.16, 0.00, 100, 58.0, , 1
C, reverse-complement, 15, 1.22, 1.15, 0.16, 0.00, 100, 58.0, , 1
C, reverse-complement, 15, 1.17, 1.10, 0.16, 0.00, 103, 58.0, , 1
C, reverse-complement, 15, 1.24, 1.17, 0.16, 0.00, 99, 58.0, , 1
C, reverse-complement, 15, 1.08, 1.01, 0.16, 0.00, 107, 56.0, , 1
C, reverse-complement, 15, 1.18, 1.12, 0.16, 0.00, 98, 56.0, , 1
C, reverse-complement, 15, 1.21, 1.13, 0.16, 0.00, 98, 56.0, , 1
C, reverse-complement, 15, 1.11, 1.04, 0.16, 0.00, 105, 56.0, , 1
C, reverse-complement, 15, 1.23, 1.16, 0.16, 0.00, 99, 56.0, , 1
C, reverse-complement, 15, 1.23, 1.16, 0.16, 0.00, 100, 56.0, , 1
C, reverse-complement, 15, 1.20, 1.12, 0.16, 0.00, 99, 56.0, , 1
C, reverse-complement, 15, 1.16, 1.09, 0.16, 0.00, 103, 56.0, , 1
C, reverse-complement, 15, 1.15, 1.08, 0.16, 0.00, 102, 56.0, , 1
C, reverse-complement, 15, 1.16, 1.10, 0.16, 0.00, 100, 56.8, , 1
C, reverse-complement, 15, 1.14, 1.07, 0.16, 0.00, 104, 56.8, , 1
C, reverse-complement, 15, 1.16, 1.10, 0.16, 0.00, 100, 56.8, , 1
C, spectral-norm, 15, 6.25, 6.09, 0.21, 0.00, 416, 58.2, , 1
C, spectral-norm, 15, 6.24, 6.09, 0.21, 0.00, 415, 58.2, , 1
C, spectral-norm, 15, 6.23, 6.09, 0.22, 0.00, 416, 57.8, , 1
C, spectral-norm, 15, 6.22, 6.08, 0.21, 0.00, 415, 57.8, , 1
C, spectral-norm, 15, 6.23, 6.09, 0.21, 0.00, 416, 57.8, , 1
C, spectral-norm, 15, 6.23, 6.08, 0.21, 0.00, 415, 58.0, , 1
C, spectral-norm, 15, 6.19, 6.05, 0.22, 0.00, 415, 58.0, , 1
C, spectral-norm, 15, 6.21, 6.06, 0.21, 0.00, 414, 58.0, , 1
C, spectral-norm, 15, 6.22, 6.07, 0.21, 0.00, 414, 57.8, , 1
C, spectral-norm, 15, 6.22, 6.07, 0.21, 0.00, 414, 57.8, , 1
C, spectral-norm, 15, 6.39, 6.24, 0.22, 0.00, 428, 57.8, , 1
C, spectral-norm, 15, 6.22, 6.06, 0.21, 0.00, 414, 58.0, , 1
C, spectral-norm, 15, 6.21, 6.08, 0.21, 0.00, 415, 58.0, , 1
C, spectral-norm, 15, 6.21, 6.06, 0.21, 0.00, 413, 58.0, , 1
C, spectral-norm, 15, 6.22, 6.08, 0.22, 0.00, 415, 58.2, , 1
C, spectral-norm, 15, 6.23, 6.08, 0.22, 0.00, 415, 58.2, , 1
C, spectral-norm, 15, 6.22, 6.07, 0.21, 0.00, 414, 58.2, , 1
C, spectral-norm, 15, 6.22, 6.08, 0.21, 0.00, 415, 58.0, , 1
C, spectral-norm, 15, 6.24, 6.09, 0.21, 0.00, 416, 58.0, , 1
C, spectral-norm, 15, 6.23, 6.08, 0.21, 0.00, 415, 58.0, , 1
C++, binary-trees, 15, 15.87, 15.23, 1.31, 0.00, 1092, 57.8, , 1
C++, binary-trees, 15, 15.38, 14.81, 1.19, 0.00, 1079, 57.2, , 1
C++, binary-trees, 15, 15.39, 14.82, 1.19, 0.00, 1081, 58.5, , 1
C++, binary-trees, 15, 15.55, 14.97, 1.18, 0.00, 1074, 58.0, , 1
C++, binary-trees, 15, 15.11, 14.54, 1.24, 0.00, 1046, 57.5, , 1
C++, binary-trees, 15, 15.36, 14.76, 1.25, 0.00, 1062, 57.8, , 1
C++, binary-trees, 15, 15.20, 14.63, 1.25, 0.00, 1053, 57.8, , 1
C++, binary-trees, 15, 14.82, 14.25, 1.22, 0.00, 1032, 57.8, , 1
C++, binary-trees, 15, 15.50, 14.92, 1.26, 0.00, 1072, 57.5, , 1
C++, binary-trees, 15, 15.34, 14.77, 1.20, 0.00, 1068, 57.5, , 1
C++, binary-trees, 15, 15.42, 14.82, 1.28, 0.00, 1077, 57.5, , 1
C++, binary-trees, 15, 15.11, 14.53, 1.25, 0.00, 1059, 58.0, , 1
C++, binary-trees, 15, 14.86, 14.28, 1.20, 0.00, 1041, 57.8, , 1
C++, binary-trees, 15, 15.39, 14.77, 1.28, 0.00, 1070, 57.0, , 1
C++, binary-trees, 15, 14.91, 14.35, 1.20, 0.00, 1041, 58.2, , 1
C++, binary-trees, 15, 14.98, 14.39, 1.25, 0.00, 1043, 57.5, , 1
C++, binary-trees, 15, 15.77, 15.13, 1.33, 0.00, 1097, 58.0, , 1
C++, binary-trees, 15, 15.55, 14.98, 1.19, 0.00, 1076, 57.8, , 1
C++, binary-trees, 15, 15.44, 14.81, 1.30, 0.00, 1065, 58.0, , 1
C++, binary-trees, 15, 14.75, 14.20, 1.22, 0.00, 1017, 58.2, , 1
C++, fannkuch-redux, 15, 65.57, 64.00, 2.24, 0.00, 4382, 58.8, , 1
C++, fannkuch-redux, 15, 65.49, 63.93, 2.24, 0.00, 4377, 59.0, , 1
C++, fannkuch-redux, 15, 65.51, 63.94, 2.24, 0.00, 4378, 58.8, , 1
C++, fannkuch-redux, 15, 65.52, 63.96, 2.24, 0.00, 4379, 59.2, , 1
C++, fannkuch-redux, 15, 65.64, 64.08, 2.24, 0.00, 4387, 59.0, , 1
C++, fannkuch-redux, 15, 65.61, 64.04, 2.24, 0.00, 4386, 60.0, , 1
C++, fannkuch-redux, 15, 65.65, 64.08, 2.24, 0.00, 4387, 58.2, , 1
C++, fannkuch-redux, 15, 65.64, 64.08, 2.24, 0.00, 4387, 59.0, , 1
C++, fannkuch-redux, 15, 65.87, 64.30, 2.25, 0.00, 4402, 59.5, , 1
C++, fannkuch-redux, 15, 65.65, 64.08, 2.24, 0.00, 4392, 59.5, , 1
C++, fannkuch-redux, 15, 65.67, 64.09, 2.24, 0.00, 4388, 59.0, , 1
C++, fannkuch-redux, 15, 65.64, 64.07, 2.24, 0.00, 4387, 59.5, , 1
C++, fannkuch-redux, 15, 65.65, 64.08, 2.24, 0.00, 4387, 59.8, , 1
C++, fannkuch-redux, 15, 65.64, 64.07, 2.24, 0.00, 4387, 59.2, , 1
C++, fannkuch-redux, 15, 65.69, 64.11, 2.24, 0.00, 4390, 59.5, , 1
C++, fannkuch-redux, 15, 65.64, 64.08, 2.24, 0.00, 4390, 59.5, , 1
C++, fannkuch-redux, 15, 65.78, 64.21, 2.25, 0.00, 4396, 60.0, , 1
C++, fannkuch-redux, 15, 65.75, 64.17, 2.25, 0.00, 4394, 59.5, , 1
C++, fannkuch-redux, 15, 65.71, 64.15, 2.24, 0.00, 4392, 60.0, , 1
C++, fannkuch-redux, 15, 65.71, 64.13, 2.24, 0.00, 4391, 59.5, , 1
C++, fasta, 15, 9.69, 9.46, 0.34, 0.00, 660, 59.8, , 1
C++, fasta, 15, 9.73, 9.49, 0.34, 0.00, 660, 59.0, , 1
C++, fasta, 15, 9.69, 9.46, 0.34, 0.00, 660, 59.0, , 1
C++, fasta, 15, 9.65, 9.42, 0.34, 0.00, 660, 59.2, , 1
C++, fasta, 15, 9.74, 9.50, 0.34, 0.00, 661, 59.2, , 1
C++, fasta, 15, 9.70, 9.46, 0.34, 0.00, 661, 59.2, , 1
C++, fasta, 15, 9.69, 9.45, 0.34, 0.00, 661, 59.2, , 1
C++, fasta, 15, 9.72, 9.48, 0.34, 0.00, 660, 59.0, , 1
C++, fasta, 15, 9.68, 9.46, 0.34, 0.00, 659, 59.0, , 1
C++, fasta, 15, 9.70, 9.47, 0.34, 0.00, 660, 59.0, , 1
C++, fasta, 15, 9.72, 9.48, 0.34, 0.00, 661, 59.0, , 1
C++, fasta, 15, 9.67, 9.44, 0.34, 0.00, 660, 59.0, , 1
C++, fasta, 15, 9.65, 9.41, 0.34, 0.00, 659, 59.0, , 1
C++, fasta, 15, 9.68, 9.45, 0.34, 0.00, 660, 59.0, , 1
C++, fasta, 15, 9.69, 9.46, 0.34, 0.00, 660, 59.0, , 1
C++, fasta, 15, 9.69, 9.46, 0.34, 0.00, 661, 58.8, , 1
C++, fasta, 15, 9.66, 9.43, 0.34, 0.00, 660, 58.8, , 1
C++, fasta, 15, 9.72, 9.48, 0.34, 0.00, 660, 59.0, , 1
C++, fasta, 15, 9.73, 9.49, 0.34, 0.00, 661, 59.0, , 1
C++, fasta, 15, 9.71, 9.48, 0.34, 0.00, 661, 58.2, , 1
C++, k-nucleotide, 15, 27.61, 25.99, 3.79, 0.00, 1951, 58.0, , 1
C++, k-nucleotide, 15, 27.76, 26.13, 3.80, 0.00, 1957, 58.8, , 1
C++, k-nucleotide, 15, 27.38, 25.76, 3.73, 0.00, 1927, 57.5, , 1
C++, k-nucleotide, 15, 27.66, 26.03, 3.80, 0.00, 1947, 58.5, , 1
C++, k-nucleotide, 15, 27.87, 26.24, 3.81, 0.00, 1964, 59.0, , 1
C++, k-nucleotide, 15, 27.78, 26.14, 3.81, 0.00, 1959, 58.5, , 1
C++, k-nucleotide, 15, 27.72, 26.10, 3.80, 0.00, 1948, 58.2, , 1
C++, k-nucleotide, 15, 27.58, 25.95, 3.79, 0.00, 1940, 59.2, , 1
C++, k-nucleotide, 15, 27.91, 26.26, 3.83, 0.00, 1967, 59.0, , 1
C++, k-nucleotide, 15, 27.72, 26.09, 3.79, 0.00, 1948, 58.5, , 1
C++, k-nucleotide, 15, 27.58, 25.98, 3.72, 0.00, 1942, 58.5, , 1
C++, k-nucleotide, 15, 27.71, 26.07, 3.83, 0.00, 1965, 58.8, , 1
C++, k-nucleotide, 15, 27.74, 26.12, 3.79, 0.00, 1957, 59.2, , 1
C++, k-nucleotide, 15, 27.92, 26.29, 3.80, 0.00, 1951, 59.0, , 1
C++, k-nucleotide, 15, 27.57, 25.97, 3.69, 0.00, 1939, 59.0, , 1
C++, k-nucleotide, 15, 27.64, 26.00, 3.82, 0.00, 1948, 58.8, , 1
C++, k-nucleotide, 15, 27.40, 25.80, 3.71, 0.00, 1927, 58.0, , 1
C++, k-nucleotide, 15, 27.65, 26.01, 3.82, 0.00, 1967, 58.8, , 1
C++, k-nucleotide, 15, 27.15, 25.57, 3.66, 0.00, 1915, 59.2, , 1
C++, k-nucleotide, 15, 27.71, 26.09, 3.75, 0.00, 1957, 57.0, , 1
C++, mandelbrot, 15, 14.57, 14.22, 0.51, 0.00, 977, 53.8, , 1
C++, mandelbrot, 15, 14.55, 14.20, 0.51, 0.00, 977, 59.2, , 1
C++, mandelbrot, 15, 14.56, 14.22, 0.51, 0.00, 978, 58.2, , 1
C++, mandelbrot, 15, 14.57, 14.21, 0.51, 0.00, 979, 58.8, , 1
C++, mandelbrot, 15, 14.58, 14.23, 0.51, 0.00, 979, 59.5, , 1
C++, mandelbrot, 15, 14.57, 14.22, 0.51, 0.00, 979, 58.8, , 1
C++, mandelbrot, 15, 14.54, 14.19, 0.51, 0.00, 978, 57.8, , 1
C++, mandelbrot, 15, 14.56, 14.22, 0.51, 0.00, 978, 58.5, , 1
C++, mandelbrot, 15, 14.56, 14.21, 0.51, 0.00, 979, 58.8, , 1
C++, mandelbrot, 15, 14.54, 14.20, 0.51, 0.00, 977, 58.2, , 1
C++, mandelbrot, 15, 14.56, 14.22, 0.51, 0.00, 978, 59.2, , 1
C++, mandelbrot, 15, 14.58, 14.23, 0.51, 0.00, 979, 59.5, , 1
C++, mandelbrot, 15, 14.58, 14.22, 0.51, 0.00, 979, 58.2, , 1
C++, mandelbrot, 15, 14.61, 14.26, 0.51, 0.00, 981, 58.5, , 1
C++, mandelbrot, 15, 14.57, 14.22, 0.51, 0.00, 980, 58.5, , 1
C++, mandelbrot, 15, 14.60, 14.25, 0.51, 0.00, 980, 58.5, , 1
C++, mandelbrot, 15, 14.58, 14.23, 0.51, 0.00, 979, 59.0, , 1
C++, mandelbrot, 15, 14.57, 14.23, 0.51, 0.00, 979, 59.0, , 1
C++, mandelbrot, 15, 14.59, 14.24, 0.51, 0.00, 981, 58.8, , 1
C++, mandelbrot, 15, 14.60, 14.24, 0.51, 0.00, 980, 58.5, , 1
C++, n-body, 15, 20.98, 20.36, 0.88, 0.00, 1711, 58.2, , 1
C++, n-body, 15, 21.04, 20.43, 0.88, 0.00, 1713, 58.0, , 1
C++, n-body, 15, 21.00, 20.39, 0.88, 0.00, 1712, 57.8, , 1
C++, n-body, 15, 20.98, 20.37, 0.88, 0.00, 1713, 57.8, , 1
C++, n-body, 15, 21.07, 20.46, 0.88, 0.00, 1713, 57.8, , 1
C++, n-body, 15, 20.99, 20.37, 0.88, 0.00, 1712, 58.0, , 1
C++, n-body, 15, 20.97, 20.37, 0.88, 0.00, 1713, 57.5, , 1
C++, n-body, 15, 21.01, 20.39, 0.88, 0.00, 1714, 57.2, , 1
C++, n-body, 15, 20.95, 20.33, 0.88, 0.00, 1711, 58.2, , 1
C++, n-body, 15, 20.95, 20.33, 0.88, 0.00, 1711, 58.2, , 1
C++, n-body, 15, 20.99, 20.38, 0.88, 0.00, 1714, 58.5, , 1
C++, n-body, 15, 21.02, 20.41, 0.88, 0.00, 1714, 58.0, , 1
C++, n-body, 15, 21.02, 20.41, 0.88, 0.00, 1715, 57.5, , 1
C++, n-body, 15, 20.95, 20.34, 0.88, 0.00, 1713, 58.2, , 1
C++, n-body, 15, 21.00, 20.38, 0.88, 0.00, 1714, 57.8, , 1
C++, n-body, 15, 20.97, 20.35, 0.88, 0.00, 1714, 57.8, , 1
C++, n-body, 15, 20.95, 20.34, 0.88, 0.00, 1712, 58.0, , 1
C++, n-body, 15, 20.96, 20.36, 0.88, 0.00, 1713, 58.0, , 1
C++, n-body, 15, 21.01, 20.40, 0.88, 0.00, 1713, 57.8, , 1
C++, n-body, 15, 20.99, 20.39, 0.88, 0.00, 1714, 57.8, , 1
C++, regex-redux, 15, 15.29, 14.84, 0.89, 0.00, 1127, 58.0, , 1
C++, regex-redux, 15, 15.26, 14.80, 0.89, 0.00, 1125, 58.0, , 1
C++, regex-redux, 15, 15.28, 14.82, 0.89, 0.00, 1122, 58.5, , 1
C++, regex-redux, 15, 15.23, 14.77, 0.88, 0.00, 1121, 58.5, , 1
C++, regex-redux, 15, 14.50, 14.07, 0.85, 0.00, 1060, 58.5, , 1
C++, regex-redux, 15, 15.24, 14.78, 0.89, 0.00, 1124, 57.5, , 1
C++, regex-redux, 15, 15.25, 14.79, 0.89, 0.00, 1118, 57.2, , 1
C++, regex-redux, 15, 15.32, 14.87, 0.89, 0.00, 1127, 58.0, , 1
C++, regex-redux, 15, 14.66, 14.22, 0.86, 0.00, 1067, 58.0, , 1
C++, regex-redux, 15, 14.83, 14.38, 0.86, 0.00, 1080, 58.8, , 1
C++, regex-redux, 15, 15.46, 15.00, 0.90, 0.00, 1135, 58.2, , 1
C++, regex-redux, 15, 15.12, 14.66, 0.88, 0.00, 1111, 57.5, , 1
C++, regex-redux, 15, 14.67, 14.23, 0.87, 0.00, 1074, 57.8, , 1
C++, regex-redux, 15, 14.75, 14.31, 0.85, 0.00, 1074, 57.8, , 1
C++, regex-redux, 15, 15.54, 15.07, 0.90, 0.00, 1136, 57.8, , 1
C++, regex-redux, 15, 14.25, 13.81, 0.83, 0.00, 1038, 57.8, , 1
C++, regex-redux, 15, 15.52, 15.04, 0.90, 0.00, 1145, 58.5, , 1
C++, regex-redux, 15, 14.84, 14.39, 0.87, 0.00, 1088, 57.8, , 1
C++, regex-redux, 15, 15.27, 14.81, 0.89, 0.00, 1123, 58.0, , 1
C++, regex-redux, 15, 14.96, 14.50, 0.88, 0.00, 1099, 58.0, , 1
C++, reverse-complement, 15, 1.87, 1.77, 0.21, 0.00, 148, 59.0, , 1
C++, reverse-complement, 15, 1.87, 1.78, 0.21, 0.00, 149, 59.0, , 1
C++, reverse-complement, 15, 1.86, 1.76, 0.21, 0.00, 149, 59.0, , 1
C++, reverse-complement, 15, 1.87, 1.77, 0.21, 0.00, 148, 59.0, , 1
C++, reverse-complement, 15, 1.87, 1.78, 0.21, 0.00, 148, 59.0, , 1
C++, reverse-complement, 15, 1.87, 1.77, 0.21, 0.00, 148, 57.8, , 1
C++, reverse-complement, 15, 1.88, 1.78, 0.21, 0.00, 149, 57.8, , 1
C++, reverse-complement, 15, 1.88, 1.78, 0.21, 0.00, 149, 57.8, , 1
C++, reverse-complement, 15, 1.87, 1.77, 0.21, 0.00, 149, 57.8, , 1
C++, reverse-complement, 15, 1.86, 1.77, 0.21, 0.00, 149, 57.8, , 1
C++, reverse-complement, 15, 1.86, 1.76, 0.21, 0.00, 149, 57.8, , 1
C++, reverse-complement, 15, 1.88, 1.78, 0.21, 0.00, 149, 57.5, , 1
C++, reverse-complement, 15, 1.87, 1.77, 0.21, 0.00, 149, 57.5, , 1
C++, reverse-complement, 15, 1.86, 1.76, 0.21, 0.00, 149, 57.5, , 1
C++, reverse-complement, 15, 1.85, 1.75, 0.21, 0.00, 149, 57.5, , 1
C++, reverse-complement, 15, 1.87, 1.76, 0.21, 0.00, 149, 57.5, , 1
C++, reverse-complement, 15, 1.88, 1.78, 0.21, 0.00, 149, 57.5, , 1
C++, reverse-complement, 15, 1.90, 1.80, 0.21, 0.00, 149, 57.8, , 1
C++, reverse-complement, 15, 1.88, 1.78, 0.21, 0.00, 149, 57.8, , 1
C++, reverse-complement, 15, 1.88, 1.78, 0.21, 0.00, 149, 57.8, , 1
C++, spectral-norm, 15, 6.44, 6.29, 0.22, 0.00, 429, 59.5, , 1
C++, spectral-norm, 15, 6.44, 6.29, 0.22, 0.00, 430, 59.5, , 1
C++, spectral-norm, 15, 6.47, 6.32, 0.22, 0.00, 432, 58.2, , 1
C++, spectral-norm, 15, 6.47, 6.32, 0.22, 0.00, 432, 58.2, , 1
C++, spectral-norm, 15, 6.45, 6.30, 0.22, 0.00, 432, 58.2, , 1
C++, spectral-norm, 15, 6.46, 6.31, 0.22, 0.00, 431, 58.8, , 1
C++, spectral-norm, 15, 6.44, 6.29, 0.22, 0.00, 429, 58.8, , 1
C++, spectral-norm, 15, 6.47, 6.31, 0.22, 0.00, 431, 58.8, , 1
C++, spectral-norm, 15, 6.47, 6.32, 0.22, 0.00, 431, 59.0, , 1
C++, spectral-norm, 15, 6.44, 6.29, 0.22, 0.00, 430, 59.0, , 1
C++, spectral-norm, 15, 6.44, 6.29, 0.22, 0.00, 430, 59.0, , 1
C++, spectral-norm, 15, 6.44, 6.28, 0.22, 0.00, 430, 58.2, , 1
C++, spectral-norm, 15, 6.44, 6.29, 0.22, 0.00, 430, 58.2, , 1
C++, spectral-norm, 15, 6.44, 6.30, 0.22, 0.00, 430, 58.2, , 1
C++, spectral-norm, 15, 6.46, 6.30, 0.22, 0.00, 430, 58.8, , 1
C++, spectral-norm, 15, 6.48, 6.33, 0.23, 0.00, 432, 58.8, , 1
C++, spectral-norm, 15, 6.43, 6.27, 0.22, 0.00, 429, 58.8, , 1
C++, spectral-norm, 15, 6.44, 6.29, 0.22, 0.00, 430, 59.2, , 1
C++, spectral-norm, 15, 6.47, 6.30, 0.22, 0.00, 431, 59.2, , 1
C++, spectral-norm, 15, 6.44, 6.28, 0.22, 0.00, 429, 59.2, , 1
Java, binary-trees, 15, 35.81, 33.46, 5.21, 0.00, 2452, 57.5, , 1
Java, binary-trees, 15, 35.34, 33.00, 5.21, 0.00, 2437, 57.5, , 1
Java, binary-trees, 15, 35.81, 33.46, 5.21, 0.00, 2456, 58.0, , 1
Java, binary-trees, 15, 34.90, 32.55, 5.22, 0.00, 2426, 57.8, , 1
Java, binary-trees, 15, 35.37, 33.02, 5.21, 0.00, 2426, 58.2, , 1
Java, binary-trees, 15, 34.35, 32.00, 5.30, 0.00, 2346, 57.5, , 1
Java, binary-trees, 15, 35.24, 32.90, 5.20, 0.00, 2419, 57.8, , 1
Java, binary-trees, 15, 33.99, 31.64, 5.27, 0.00, 2334, 57.8, , 1
Java, binary-trees, 15, 36.12, 33.75, 5.27, 0.00, 2484, 58.2, , 1
Java, binary-trees, 15, 34.18, 31.84, 5.24, 0.00, 2345, 58.0, , 1
Java, binary-trees, 15, 36.34, 33.97, 5.27, 0.00, 2489, 58.2, , 1
Java, binary-trees, 15, 36.02, 33.66, 5.24, 0.00, 2465, 58.2, , 1
Java, binary-trees, 15, 34.04, 31.71, 5.23, 0.00, 2331, 59.0, , 1
Java, binary-trees, 15, 33.99, 31.66, 5.24, 0.00, 2334, 58.0, , 1
Java, binary-trees, 15, 36.03, 33.66, 5.27, 0.00, 2479, 59.0, , 1
Java, binary-trees, 15, 36.25, 33.87, 5.27, 0.00, 2483, 57.8, , 1
Java, binary-trees, 15, 35.86, 33.51, 5.23, 0.00, 2469, 58.8, , 1
Java, binary-trees, 15, 35.08, 32.74, 5.18, 0.00, 2405, 58.8, , 1
Java, binary-trees, 15, 33.63, 31.30, 5.22, 0.00, 2304, 58.5, , 1
Java, binary-trees, 15, 34.06, 31.73, 5.24, 0.00, 2332, 59.0, , 1
Java, fannkuch-redux, 15, 163.81, 159.89, 5.61, 0.00, 10960, 59.0, , 1
Java, fannkuch-redux, 15, 160.99, 157.11, 5.51, 0.00, 10771, 58.0, , 1
Java, fannkuch-redux, 15, 160.51, 156.65, 5.50, 0.00, 10739, 58.0, , 1
Java, fannkuch-redux, 15, 160.13, 156.28, 5.50, 0.00, 10744, 58.2, , 1
Java, fannkuch-redux, 15, 160.47, 156.63, 5.50, 0.00, 10738, 58.0, , 1
Java, fannkuch-redux, 15, 163.90, 159.98, 5.62, 0.00, 10972, 58.8, , 1
Java, fannkuch-redux, 15, 160.42, 156.55, 5.50, 0.00, 10738, 58.0, , 1
Java, fannkuch-redux, 15, 160.54, 156.68, 5.50, 0.00, 10742, 59.2, , 1
Java, fannkuch-redux, 15, 158.56, 154.78, 5.43, 0.00, 10611, 58.8, , 1
Java, fannkuch-redux, 15, 163.91, 160.00, 5.62, 0.00, 10969, 59.0, , 1
Java, fannkuch-redux, 15, 167.32, 163.31, 5.73, 0.00, 11197, 59.0, , 1
Java, fannkuch-redux, 15, 160.73, 156.90, 5.51, 0.00, 10757, 59.0, , 1
Java, fannkuch-redux, 15, 161.57, 157.70, 5.53, 0.00, 10806, 59.2, , 1
Java, fannkuch-redux, 15, 168.00, 163.96, 5.75, 0.00, 11238, 58.5, , 1
Java, fannkuch-redux, 15, 164.40, 160.49, 5.64, 0.00, 11010, 58.8, , 1
Java, fannkuch-redux, 15, 160.61, 156.74, 5.51, 0.00, 10753, 58.5, , 1
Java, fannkuch-redux, 15, 167.51, 163.49, 5.75, 0.00, 11219, 58.2, , 1
Java, fannkuch-redux, 15, 168.27, 164.26, 5.77, 0.00, 11264, 58.2, , 1
Java, fannkuch-redux, 15, 168.73, 164.68, 5.78, 0.00, 11291, 59.0, , 1
Java, fannkuch-redux, 15, 168.79, 164.73, 5.78, 0.00, 11296, 58.0, , 1
Java, fasta, 15, 17.35, 16.92, 0.66, 0.00, 1199, 59.8, , 1
Java, fasta, 15, 17.65, 17.21, 0.65, 0.00, 1198, 59.2, , 1
Java, fasta, 15, 17.76, 17.31, 0.67, 0.00, 1224, 59.2, , 1
Java, fasta, 15, 17.31, 16.87, 0.66, 0.00, 1214, 59.0, , 1
Java, fasta, 15, 17.41, 16.97, 0.66, 0.00, 1198, 59.2, , 1
Java, fasta, 15, 17.78, 17.34, 0.67, 0.00, 1206, 59.0, , 1
Java, fasta, 15, 17.65, 17.21, 0.65, 0.00, 1196, 58.5, , 1
Java, fasta, 15, 17.62, 17.19, 0.65, 0.00, 1191, 59.0, , 1
Java, fasta, 15, 17.52, 17.09, 0.66, 0.00, 1200, 58.8, , 1
Java, fasta, 15, 17.57, 17.14, 0.65, 0.00, 1187, 58.8, , 1
Java, fasta, 15, 17.48, 17.04, 0.66, 0.00, 1205, 58.0, , 1
Java, fasta, 15, 17.55, 17.13, 0.66, 0.00, 1201, 59.2, , 1
Java, fasta, 15, 17.34, 16.91, 0.66, 0.00, 1201, 59.5, , 1
Java, fasta, 15, 17.64, 17.20, 0.65, 0.00, 1193, 59.0, , 1
Java, fasta, 15, 17.83, 17.40, 0.66, 0.00, 1204, 59.2, , 1
Java, fasta, 15, 17.82, 17.38, 0.66, 0.00, 1208, 59.2, , 1
Java, fasta, 15, 17.62, 17.19, 0.65, 0.00, 1191, 59.8, , 1
Java, fasta, 15, 17.26, 16.82, 0.66, 0.00, 1196, 59.0, , 1
Java, fasta, 15, 17.69, 17.25, 0.65, 0.00, 1200, 59.5, , 1
Java, fasta, 15, 17.34, 16.92, 0.65, 0.00, 1184, 59.2, , 1
Java, k-nucleotide, 15, 71.06, 69.16, 4.20, 0.00, 4899, 57.8, , 1
Java, k-nucleotide, 15, 70.34, 68.42, 4.22, 0.00, 4930, 57.0, , 1
Java, k-nucleotide, 15, 70.28, 68.39, 4.19, 0.00, 4874, 57.8, , 1
Java, k-nucleotide, 15, 72.64, 70.71, 4.24, 0.00, 5021, 58.2, , 1
Java, k-nucleotide, 15, 73.13, 71.19, 4.31, 0.00, 5028, 57.8, , 1
Java, k-nucleotide, 15, 71.44, 69.52, 4.24, 0.00, 4940, 57.5, , 1
Java, k-nucleotide, 15, 72.35, 70.43, 4.27, 0.00, 4972, 59.0, , 1
Java, k-nucleotide, 15, 67.90, 66.07, 4.08, 0.00, 4692, 57.2, , 1
Java, k-nucleotide, 15, 71.64, 69.69, 4.27, 0.00, 5038, 57.5, , 1
Java, k-nucleotide, 15, 65.66, 63.89, 3.97, 0.00, 4534, 59.0, , 1
Java, k-nucleotide, 15, 71.20, 69.29, 4.23, 0.00, 4935, 57.5, , 1
Java, k-nucleotide, 15, 71.45, 69.54, 4.23, 0.00, 4931, 57.8, , 1
Java, k-nucleotide, 15, 71.25, 69.33, 4.25, 0.00, 4975, 57.5, , 1
Java, k-nucleotide, 15, 70.34, 68.47, 4.10, 0.00, 4886, 58.2, , 1
Java, k-nucleotide, 15, 70.46, 68.58, 4.18, 0.00, 4870, 57.8, , 1
Java, k-nucleotide, 15, 72.77, 70.82, 4.27, 0.00, 5021, 58.5, , 1
Java, k-nucleotide, 15, 70.54, 68.64, 4.15, 0.00, 4910, 57.0, , 1
Java, k-nucleotide, 15, 67.27, 65.46, 4.07, 0.00, 4667, 58.2, , 1
Java, k-nucleotide, 15, 71.23, 69.31, 4.23, 0.00, 4926, 57.8, , 1
Java, k-nucleotide, 15, 71.03, 69.13, 4.22, 0.00, 4902, 57.5, , 1
Java, mandelbrot, 15, 60.10, 58.64, 2.13, 0.00, 4045, 59.2, , 1
Java, mandelbrot, 15, 61.39, 59.90, 2.17, 0.00, 4123, 59.0, , 1
Java, mandelbrot, 15, 61.28, 59.78, 2.17, 0.00, 4116, 58.2, , 1
Java, mandelbrot, 15, 60.89, 59.42, 2.15, 0.00, 4090, 58.8, , 1
Java, mandelbrot, 15, 59.33, 57.89, 2.10, 0.00, 3987, 59.2, , 1
Java, mandelbrot, 15, 61.08, 59.61, 2.16, 0.00, 4092, 59.0, , 1
Java, mandelbrot, 15, 59.01, 57.58, 2.09, 0.00, 3963, 57.2, , 1
Java, mandelbrot, 15, 61.15, 59.64, 2.20, 0.00, 4183, 59.0, , 1
Java, mandelbrot, 15, 60.85, 59.38, 2.15, 0.00, 4082, 59.2, , 1
Java, mandelbrot, 15, 61.10, 59.62, 2.16, 0.00, 4101, 59.5, , 1
Java, mandelbrot, 15, 60.85, 59.37, 2.15, 0.00, 4082, 59.0, , 1
Java, mandelbrot, 15, 60.90, 59.43, 2.15, 0.00, 4081, 59.2, , 1
Java, mandelbrot, 15, 61.46, 59.97, 2.17, 0.00, 4120, 59.0, , 1
Java, mandelbrot, 15, 61.17, 59.69, 2.17, 0.00, 4111, 58.5, , 1
Java, mandelbrot, 15, 61.15, 59.68, 2.16, 0.00, 4106, 59.0, , 1
Java, mandelbrot, 15, 61.13, 59.65, 2.16, 0.00, 4099, 59.0, , 1
Java, mandelbrot, 15, 59.79, 58.35, 2.11, 0.00, 4012, 59.2, , 1
Java, mandelbrot, 15, 61.31, 59.82, 2.17, 0.00, 4114, 58.5, , 1
Java, mandelbrot, 15, 61.12, 59.64, 2.16, 0.00, 4101, 59.2, , 1
Java, mandelbrot, 15, 61.60, 60.11, 2.18, 0.00, 4132, 59.0, , 1
Java, n-body, 15, 47.28, 45.82, 2.07, 0.00, 4026, 58.0, , 1
Java, n-body, 15, 47.34, 45.88, 2.09, 0.00, 4053, 58.0, , 1
Java, n-body, 15, 47.22, 45.77, 2.08, 0.00, 4029, 58.0, , 1
Java, n-body, 15, 47.25, 45.79, 2.08, 0.00, 4030, 57.2, , 1
Java, n-body, 15, 47.54, 46.08, 2.09, 0.00, 4049, 58.5, , 1
Java, n-body, 15, 47.53, 46.07, 2.08, 0.00, 4049, 57.2, , 1
Java, n-body, 15, 47.18, 45.71, 2.09, 0.00, 4053, 57.8, , 1
Java, n-body, 15, 47.32, 45.87, 2.08, 0.00, 4031, 57.2, , 1
Java, n-body, 15, 47.31, 45.86, 2.09, 0.00, 4053, 58.0, , 1
Java, n-body, 15, 47.33, 45.88, 2.08, 0.00, 4029, 57.0, , 1
Java, n-body, 15, 47.25, 45.81, 2.07, 0.00, 4026, 58.2, , 1
Java, n-body, 15, 46.81, 45.36, 2.09, 0.00, 4052, 57.5, , 1
Java, n-body, 15, 46.66, 45.20, 2.09, 0.00, 4055, 56.5, , 1
Java, n-body, 15, 46.74, 45.29, 2.08, 0.00, 4027, 57.2, , 1
Java, n-body, 15, 46.69, 45.24, 2.08, 0.00, 4033, 57.2, , 1
Java, n-body, 15, 46.75, 45.31, 2.07, 0.00, 4028, 57.0, , 1
Java, n-body, 15, 46.78, 45.33, 2.07, 0.00, 4026, 56.8, , 1
Java, n-body, 15, 46.49, 45.04, 2.09, 0.00, 4051, 57.2, , 1
Java, n-body, 15, 46.58, 45.13, 2.07, 0.00, 4028, 57.0, , 1
Java, n-body, 15, 47.11, 45.67, 2.07, 0.00, 4025, 57.2, , 1
Java, regex-redux, 15, 77.83, 75.68, 3.77, 0.00, 5411, 57.0, , 1
Java, regex-redux, 15, 76.72, 74.59, 3.76, 0.00, 5349, 58.0, , 1
Java, regex-redux, 15, 76.86, 74.75, 3.74, 0.00, 5321, 57.8, , 1
Java, regex-redux, 15, 76.32, 74.21, 3.71, 0.00, 5287, 58.2, , 1
Java, regex-redux, 15, 77.80, 75.65, 3.77, 0.00, 5386, 57.5, , 1
Java, regex-redux, 15, 75.92, 73.81, 3.70, 0.00, 5254, 58.0, , 1
Java, regex-redux, 15, 76.98, 74.86, 3.73, 0.00, 5307, 58.0, , 1
Java, regex-redux, 15, 77.49, 75.35, 3.76, 0.00, 5353, 59.0, , 1
Java, regex-redux, 15, 79.51, 77.32, 3.83, 0.00, 5503, 58.0, , 1
Java, regex-redux, 15, 77.01, 74.88, 3.74, 0.00, 5336, 58.2, , 1
Java, regex-redux, 15, 76.35, 74.22, 3.74, 0.00, 5329, 57.2, , 1
Java, regex-redux, 15, 76.92, 74.79, 3.74, 0.00, 5328, 58.5, , 1
Java, regex-redux, 15, 78.75, 76.59, 3.79, 0.00, 5442, 58.2, , 1
Java, regex-redux, 15, 78.46, 76.31, 3.78, 0.00, 5416, 58.8, , 1
Java, regex-redux, 15, 80.98, 78.75, 3.88, 0.00, 5604, 58.5, , 1
Java, regex-redux, 15, 77.05, 74.90, 3.76, 0.00, 5358, 58.5, , 1
Java, regex-redux, 15, 76.29, 74.17, 3.71, 0.00, 5301, 57.0, , 1
Java, regex-redux, 15, 76.71, 74.58, 3.74, 0.00, 5331, 58.2, , 1
Java, regex-redux, 15, 79.05, 76.88, 3.81, 0.00, 5462, 58.5, , 1
Java, regex-redux, 15, 78.78, 76.59, 3.83, 0.00, 5474, 58.0, , 1
Java, reverse-complement, 15, 9.11, 8.73, 0.78, 0.00, 717, 59.2, , 1
Java, reverse-complement, 15, 9.02, 8.65, 0.77, 0.00, 717, 58.2, , 1
Java, reverse-complement, 15, 8.94, 8.57, 0.76, 0.00, 715, 58.2, , 1
Java, reverse-complement, 15, 8.99, 8.61, 0.76, 0.00, 716, 58.0, , 1
Java, reverse-complement, 15, 9.03, 8.65, 0.77, 0.00, 715, 58.0, , 1
Java, reverse-complement, 15, 9.06, 8.68, 0.77, 0.00, 718, 57.2, , 1
Java, reverse-complement, 15, 8.97, 8.59, 0.76, 0.00, 713, 57.2, , 1
Java, reverse-complement, 15, 8.98, 8.60, 0.76, 0.00, 714, 58.0, , 1
Java, reverse-complement, 15, 9.02, 8.63, 0.77, 0.00, 721, 58.0, , 1
Java, reverse-complement, 15, 9.07, 8.69, 0.77, 0.00, 718, 56.8, , 1
Java, reverse-complement, 15, 9.04, 8.66, 0.77, 0.00, 716, 56.8, , 1
Java, reverse-complement, 15, 9.09, 8.71, 0.77, 0.00, 714, 58.2, , 1
Java, reverse-complement, 15, 9.05, 8.67, 0.77, 0.00, 718, 58.2, , 1
Java, reverse-complement, 15, 9.08, 8.71, 0.77, 0.00, 717, 58.2, , 1
Java, reverse-complement, 15, 9.11, 8.74, 0.78, 0.00, 721, 58.2, , 1
Java, reverse-complement, 15, 8.97, 8.59, 0.77, 0.00, 718, 57.8, , 1
Java, reverse-complement, 15, 9.00, 8.61, 0.77, 0.00, 718, 57.8, , 1
Java, reverse-complement, 15, 9.03, 8.66, 0.77, 0.00, 715, 58.5, , 1
Java, reverse-complement, 15, 9.03, 8.65, 0.77, 0.00, 716, 58.5, , 1
Java, reverse-complement, 15, 9.02, 8.64, 0.77, 0.00, 718, 58.0, , 1
Java, spectral-norm, 15, 9.74, 9.49, 0.37, 0.00, 673, 58.5, , 1
Java, spectral-norm, 15, 9.77, 9.51, 0.37, 0.00, 671, 58.2, , 1
Java, spectral-norm, 15, 9.64, 9.40, 0.36, 0.00, 657, 58.2, , 1
Java, spectral-norm, 15, 9.47, 9.22, 0.38, 0.00, 690, 58.2, , 1
Java, spectral-norm, 15, 9.84, 9.59, 0.37, 0.00, 675, 58.2, , 1
Java, spectral-norm, 15, 9.59, 9.35, 0.36, 0.00, 660, 58.8, , 1
Java, spectral-norm, 15, 9.69, 9.45, 0.36, 0.00, 665, 58.8, , 1
Java, spectral-norm, 15, 9.77, 9.53, 0.37, 0.00, 668, 57.8, , 1
Java, spectral-norm, 15, 9.68, 9.45, 0.36, 0.00, 660, 57.8, , 1
Java, spectral-norm, 15, 9.74, 9.50, 0.37, 0.00, 669, 58.8, , 1
Java, spectral-norm, 15, 9.81, 9.57, 0.37, 0.00, 670, 58.8, , 1
Java, spectral-norm, 15, 9.73, 9.49, 0.36, 0.00, 665, 57.8, , 1
Java, spectral-norm, 15, 9.77, 9.53, 0.37, 0.00, 669, 57.8, , 1
Java, spectral-norm, 15, 9.69, 9.44, 0.37, 0.00, 667, 58.2, , 1
Java, spectral-norm, 15, 9.80, 9.55, 0.37, 0.00, 669, 58.2, , 1
Java, spectral-norm, 15, 9.79, 9.55, 0.36, 0.00, 668, 57.8, , 1
Java, spectral-norm, 15, 9.76, 9.51, 0.37, 0.00, 669, 57.8, , 1
Java, spectral-norm, 15, 9.61, 9.37, 0.37, 0.00, 670, 58.0, , 1
Java, spectral-norm, 15, 9.80, 9.55, 0.37, 0.00, 674, 58.0, , 1
Java, spectral-norm, 15, 9.83, 9.58, 0.37, 0.00, 679, 58.5, , 1
Python, binary-trees, 15, 606.02, 586.47, 38.89, 0.00, 41720, 59.5, , 1
Python, binary-trees, 15, 604.68, 585.15, 38.89, 0.00, 41677, 58.5, , 1
Python, binary-trees, 15, 608.78, 589.17, 39.12, 0.00, 41812, 58.8, , 1
Python, binary-trees, 15, 607.95, 588.42, 39.04, 0.00, 41777, 58.8, , 1
Python, binary-trees, 15, 609.71, 590.07, 39.12, 0.00, 41917, 58.8, , 1
Python, binary-trees, 15, 610.14, 590.49, 38.96, 0.00, 41912, 59.5, , 1
Python, binary-trees, 15, 610.39, 590.77, 38.99, 0.00, 41905, 59.8, , 1
Python, binary-trees, 15, 612.15, 592.52, 39.14, 0.00, 42117, 59.5, , 1
Python, binary-trees, 15, 606.60, 586.98, 38.93, 0.00, 41796, 59.8, , 1
Python, binary-trees, 15, 611.60, 591.85, 39.24, 0.00, 42135, 59.8, , 1
Python, binary-trees, 15, 609.88, 590.20, 39.07, 0.00, 41973, 59.2, , 1
Python, binary-trees, 15, 608.17, 588.61, 39.06, 0.00, 41818, 59.8, , 1
Python, binary-trees, 15, 609.72, 589.98, 39.16, 0.00, 41974, 59.5, , 1
Python, binary-trees, 15, 604.77, 585.14, 38.99, 0.00, 41724, 59.2, , 1
Python, binary-trees, 15, 605.96, 586.44, 38.81, 0.00, 41637, 59.5, , 1
Python, binary-trees, 15, 609.44, 589.81, 39.15, 0.00, 41891, 59.8, , 1
Python, binary-trees, 15, 606.24, 586.66, 38.99, 0.00, 41831, 59.5, , 1
Python, binary-trees, 15, 607.36, 587.72, 39.01, 0.00, 41798, 59.8, , 1
Python, binary-trees, 15, 609.48, 589.90, 38.98, 0.00, 41847, 60.2, , 1
Python, binary-trees, 15, 602.26, 582.79, 38.98, 0.00, 41530, 59.0, , 1
Python, fannkuch-redux, 15, 4976.00, 4857.18, 169.68, 0.00, 332757, 60.2, , 1
Python, fannkuch-redux, 15, 5052.82, 4931.99, 172.31, 0.00, 337889, 59.8, , 1
Python, fannkuch-redux, 15, 5024.83, 4905.06, 171.36, 0.00, 335999, 59.8, , 1
Python, fannkuch-redux, 15, 5139.16, 5015.93, 175.27, 0.00, 343681, 59.5, , 1
Python, fannkuch-redux, 15, 5027.68, 4907.59, 171.45, 0.00, 336181, 59.8, , 1
Python, fannkuch-redux, 15, 5048.24, 4927.79, 172.15, 0.00, 337550, 59.8, , 1
Python, fannkuch-redux, 15, 5077.28, 4956.91, 173.20, 0.00, 339603, 59.5, , 1
Python, fannkuch-redux, 15, 5043.98, 4923.64, 172.11, 0.00, 337410, 58.8, , 1
Python, fannkuch-redux, 15, 4996.91, 4877.51, 170.46, 0.00, 334147, 59.2, , 1
Python, fannkuch-redux, 15, 5043.79, 4923.53, 172.06, 0.00, 337288, 59.2, , 1
Python, fannkuch-redux, 15, 5159.35, 5035.78, 176.04, 0.00, 345022, 59.5, , 1
Python, fannkuch-redux, 15, 5047.18, 4926.22, 172.17, 0.00, 337421, 59.8, , 1
Python, fannkuch-redux, 15, 5218.60, 5093.49, 178.55, 0.00, 349927, 59.2, , 1
Python, fannkuch-redux, 15, 5039.96, 4919.55, 171.99, 0.00, 337020, 60.0, , 1
Python, fannkuch-redux, 15, 5115.65, 4992.78, 174.52, 0.00, 342077, 59.0, , 1
Python, fannkuch-redux, 15, 5057.99, 4937.71, 172.58, 0.00, 338287, 59.8, , 1
Python, fannkuch-redux, 15, 5069.41, 4948.21, 172.94, 0.00, 338995, 59.2, , 1
Python, fannkuch-redux, 15, 5024.25, 4903.72, 171.42, 0.00, 335992, 59.2, , 1
Python, fannkuch-redux, 15, 5064.82, 4943.56, 172.78, 0.00, 338673, 59.2, , 1
Python, fannkuch-redux, 15, 5026.56, 4906.31, 171.51, 0.00, 336182, 59.2, , 1
Python, fasta, 15, 556.69, 541.24, 22.05, 0.00, 43225, 57.8, , 1
Python, fasta, 15, 558.36, 542.86, 22.10, 0.00, 43314, 57.5, , 1
Python, fasta, 15, 557.23, 541.62, 22.20, 0.00, 43514, 57.0, , 1
Python, fasta, 15, 555.75, 540.28, 22.07, 0.00, 43256, 57.5, , 1
Python, fasta, 15, 550.94, 535.46, 22.08, 0.00, 43281, 57.0, , 1
Python, fasta, 15, 559.65, 544.14, 22.08, 0.00, 43275, 56.5, , 1
Python, fasta, 15, 557.44, 541.93, 22.09, 0.00, 43290, 56.8, , 1
Python, fasta, 15, 551.77, 536.26, 22.08, 0.00, 43275, 56.2, , 1
Python, fasta, 15, 553.89, 538.39, 22.08, 0.00, 43263, 55.8, , 1
Python, fasta, 15, 556.88, 541.31, 22.19, 0.00, 43483, 56.2, , 1
Python, fasta, 15, 562.36, 546.74, 22.25, 0.00, 43599, 57.0, , 1
Python, fasta, 15, 559.46, 543.99, 22.12, 0.00, 43334, 56.8, , 1
Python, fasta, 15, 604.31, 587.10, 24.44, 0.00, 47867, 56.5, , 1
Python, fasta, 15, 556.53, 541.07, 22.07, 0.00, 43242, 56.5, , 1
Python, fasta, 15, 556.81, 541.33, 22.08, 0.00, 43271, 56.2, , 1
Python, fasta, 15, 563.86, 548.33, 22.15, 0.00, 43396, 56.5, , 1
Python, fasta, 15, 559.66, 544.14, 22.13, 0.00, 43374, 56.2, , 1
Python, fasta, 15, 557.84, 542.35, 22.08, 0.00, 43272, 56.5, , 1
Python, fasta, 15, 560.10, 544.62, 22.07, 0.00, 43255, 56.8, , 1
Python, fasta, 15, 558.38, 542.89, 22.09, 0.00, 43271, 57.0, , 1
Python, k-nucleotide, 15, 718.24, 698.25, 50.75, 0.00, 48108, 58.0, , 1
Python, k-nucleotide, 15, 716.30, 696.36, 50.55, 0.00, 47971, 58.5, , 1
Python, k-nucleotide, 15, 724.24, 703.97, 51.41, 0.00, 48504, 58.2, , 1
Python, k-nucleotide, 15, 720.06, 699.99, 50.83, 0.00, 48217, 58.2, , 1
Python, k-nucleotide, 15, 717.47, 697.45, 50.67, 0.00, 48070, 58.8, , 1
Python, k-nucleotide, 15, 718.82, 698.69, 51.03, 0.00, 48153, 59.2, , 1
Python, k-nucleotide, 15, 719.56, 699.45, 50.98, 0.00, 48183, 59.0, , 1
Python, k-nucleotide, 15, 717.46, 697.45, 50.66, 0.00, 48052, 59.5, , 1
Python, k-nucleotide, 15, 735.05, 714.66, 51.42, 0.00, 49218, 60.0, , 1
Python, k-nucleotide, 15, 714.97, 695.00, 50.53, 0.00, 47888, 59.5, , 1
Python, k-nucleotide, 15, 716.64, 696.53, 51.06, 0.00, 47983, 59.2, , 1
Python, k-nucleotide, 15, 720.23, 700.10, 50.98, 0.00, 48241, 60.2, , 1
Python, k-nucleotide, 15, 716.55, 696.53, 50.79, 0.00, 47987, 59.0, , 1
Python, k-nucleotide, 15, 715.05, 695.06, 50.69, 0.00, 47885, 59.5, , 1
Python, k-nucleotide, 15, 718.65, 698.62, 50.69, 0.00, 48134, 59.2, , 1
Python, k-nucleotide, 15, 716.60, 696.59, 50.60, 0.00, 48009, 59.8, , 1
Python, k-nucleotide, 15, 716.61, 696.59, 50.79, 0.00, 47976, 60.0, , 1
Python, k-nucleotide, 15, 718.91, 698.82, 50.89, 0.00, 48129, 59.5, , 1
Python, k-nucleotide, 15, 717.60, 697.54, 50.80, 0.00, 48063, 59.2, , 1
Python, k-nucleotide, 15, 719.70, 699.57, 51.03, 0.00, 48193, 59.8, , 1
Python, mandelbrot, 15, 2256.16, 2202.28, 76.98, 0.00, 150803, 59.8, , 1
Python, mandelbrot, 15, 2239.71, 2186.29, 76.43, 0.00, 149717, 58.5, , 1
Python, mandelbrot, 15, 2230.83, 2177.56, 76.11, 0.00, 149131, 58.2, , 1
Python, mandelbrot, 15, 2248.34, 2194.65, 76.73, 0.00, 150302, 58.5, , 1
Python, mandelbrot, 15, 2229.28, 2176.02, 76.08, 0.00, 149028, 59.2, , 1
Python, mandelbrot, 15, 2234.72, 2181.41, 76.27, 0.00, 149394, 58.2, , 1
Python, mandelbrot, 15, 2247.98, 2194.33, 76.71, 0.00, 150281, 58.8, , 1
Python, mandelbrot, 15, 2238.31, 2184.79, 76.41, 0.00, 149630, 58.8, , 1
Python, mandelbrot, 15, 2235.82, 2182.41, 76.34, 0.00, 149467, 58.5, , 1
Python, mandelbrot, 15, 2250.25, 2196.54, 76.82, 0.00, 150434, 58.8, , 1
Python, mandelbrot, 15, 2229.47, 2176.20, 76.12, 0.00, 149038, 59.0, , 1
Python, mandelbrot, 15, 2268.43, 2214.33, 77.45, 0.00, 151656, 58.8, , 1
Python, mandelbrot, 15, 2236.56, 2183.16, 76.36, 0.00, 149523, 58.8, , 1
Python, mandelbrot, 15, 2237.88, 2184.45, 76.42, 0.00, 149632, 59.2, , 1
Python, mandelbrot, 15, 2226.42, 2173.17, 76.00, 0.00, 148823, 59.0, , 1
Python, mandelbrot, 15, 2241.48, 2187.87, 76.52, 0.00, 149841, 59.2, , 1
Python, mandelbrot, 15, 2263.98, 2209.79, 77.30, 0.00, 151343, 58.8, , 1
Python, mandelbrot, 15, 2224.39, 2171.14, 75.93, 0.00, 148694, 58.8, , 1
Python, mandelbrot, 15, 2265.14, 2211.04, 77.34, 0.00, 151432, 58.8, , 1
Python, mandelbrot, 15, 2245.39, 2191.80, 76.67, 0.00, 150109, 58.5, , 1
Python, n-body, 15, 3261.32, 3175.90, 121.53, 0.00, 238269, 55.5, , 1
Python, n-body, 15, 3263.45, 3177.76, 122.61, 0.00, 238326, 55.5, , 1
Python, n-body, 15, 3243.92, 3159.39, 120.94, 0.00, 237115, 56.0, , 1
Python, n-body, 15, 3233.12, 3148.56, 120.91, 0.00, 237059, 55.8, , 1
Python, n-body, 15, 3233.44, 3148.55, 121.01, 0.00, 237260, 56.2, , 1
Python, n-body, 15, 3253.99, 3168.88, 121.59, 0.00, 238404, 55.8, , 1
Python, n-body, 15, 3220.14, 3135.27, 121.12, 0.00, 237484, 56.0, , 1
Python, n-body, 15, 3230.40, 3144.83, 121.92, 0.00, 239046, 55.5, , 1
Python, n-body, 15, 3228.25, 3143.33, 121.07, 0.00, 237366, 56.0, , 1
Python, n-body, 15, 3233.06, 3148.07, 121.27, 0.00, 237708, 56.2, , 1
Python, n-body, 15, 3228.88, 3143.74, 121.62, 0.00, 238402, 56.2, , 1
Python, n-body, 15, 3272.65, 3185.16, 124.52, 0.00, 244099, 55.5, , 1
Python, n-body, 15, 3231.68, 3145.79, 122.38, 0.00, 239891, 56.2, , 1
Python, n-body, 15, 3209.14, 3123.86, 121.57, 0.00, 238302, 55.8, , 1
Python, n-body, 15, 3245.73, 3160.65, 121.24, 0.00, 237652, 56.2, , 1
Python, n-body, 15, 3294.89, 3208.44, 123.71, 0.00, 242480, 56.0, , 1
Python, n-body, 15, 3250.45, 3165.88, 121.10, 0.00, 237369, 55.5, , 1
Python, n-body, 15, 3261.93, 3176.82, 121.76, 0.00, 238658, 55.2, , 1
Python, n-body, 15, 3242.36, 3157.68, 121.09, 0.00, 237358, 55.5, , 1
Python, n-body, 15, 3211.86, 3127.29, 121.10, 0.00, 237262, 55.5, , 1
Python, regex-redux, 15, 105.26, 102.26, 4.90, 0.00, 7881, 54.8, , 1
Python, regex-redux, 15, 104.81, 101.82, 4.89, 0.00, 7857, 55.0, , 1
Python, regex-redux, 15, 105.83, 102.84, 4.91, 0.00, 7894, 55.0, , 1
Python, regex-redux, 15, 106.50, 103.50, 4.95, 0.00, 7949, 54.2, , 1
Python, regex-redux, 15, 105.53, 102.54, 4.90, 0.00, 7887, 55.8, , 1
Python, regex-redux, 15, 105.40, 102.41, 4.91, 0.00, 7893, 55.0, , 1
Python, regex-redux, 15, 104.86, 101.88, 4.90, 0.00, 7855, 55.8, , 1
Python, regex-redux, 15, 105.98, 102.98, 4.93, 0.00, 7919, 55.8, , 1
Python, regex-redux, 15, 105.69, 102.69, 4.94, 0.00, 7890, 55.2, , 1
Python, regex-redux, 15, 105.76, 102.78, 4.93, 0.00, 7880, 56.2, , 1
Python, regex-redux, 15, 105.67, 102.67, 4.92, 0.00, 7886, 55.5, , 1
Python, regex-redux, 15, 105.80, 102.79, 4.92, 0.00, 7893, 56.5, , 1
Python, regex-redux, 15, 105.79, 102.80, 4.91, 0.00, 7874, 56.0, , 1
Python, regex-redux, 15, 106.40, 103.40, 4.92, 0.00, 7898, 55.5, , 1
Python, regex-redux, 15, 105.41, 102.41, 4.92, 0.00, 7871, 55.8, , 1
Python, regex-redux, 15, 105.03, 102.04, 4.89, 0.00, 7843, 56.0, , 1
Python, regex-redux, 15, 105.97, 102.96, 4.92, 0.00, 7895, 55.8, , 1
Python, regex-redux, 15, 105.49, 102.48, 4.92, 0.00, 7880, 56.2, , 1
Python, regex-redux, 15, 105.81, 102.81, 4.91, 0.00, 7874, 56.2, , 1
Python, regex-redux, 15, 105.74, 102.74, 4.93, 0.00, 7879, 56.2, , 1
Python, reverse-complement, 15, 20.79, 20.16, 1.20, 0.00, 1526, 56.2, , 1
Python, reverse-complement, 15, 20.86, 20.23, 1.20, 0.00, 1526, 56.0, , 1
Python, reverse-complement, 15, 20.92, 20.28, 1.21, 0.00, 1530, 56.5, , 1
Python, reverse-complement, 15, 20.91, 20.28, 1.21, 0.00, 1530, 56.2, , 1
Python, reverse-complement, 15, 20.81, 20.18, 1.20, 0.00, 1525, 56.5, , 1
Python, reverse-complement, 15, 20.88, 20.24, 1.21, 0.00, 1538, 56.0, , 1
Python, reverse-complement, 15, 20.90, 20.27, 1.20, 0.00, 1532, 56.2, , 1
Python, reverse-complement, 15, 20.84, 20.21, 1.21, 0.00, 1528, 56.0, , 1
Python, reverse-complement, 15, 20.88, 20.25, 1.20, 0.00, 1523, 56.2, , 1
Python, reverse-complement, 15, 20.91, 20.28, 1.20, 0.00, 1525, 56.2, , 1
Python, reverse-complement, 15, 20.87, 20.23, 1.20, 0.00, 1523, 55.8, , 1
Python, reverse-complement, 15, 21.05, 20.41, 1.21, 0.00, 1539, 55.8, , 1
Python, reverse-complement, 15, 21.03, 20.39, 1.21, 0.00, 1536, 56.5, , 1
Python, reverse-complement, 15, 21.05, 20.42, 1.21, 0.00, 1534, 56.5, , 1
Python, reverse-complement, 15, 21.02, 20.39, 1.21, 0.00, 1536, 56.5, , 1
Python, reverse-complement, 15, 20.84, 20.21, 1.21, 0.00, 1527, 55.8, , 1
Python, reverse-complement, 15, 21.17, 20.54, 1.22, 0.00, 1547, 56.2, , 1
Python, reverse-complement, 15, 21.03, 20.39, 1.22, 0.00, 1542, 56.8, , 1
Python, reverse-complement, 15, 20.84, 20.20, 1.21, 0.00, 1523, 56.5, , 1
Python, reverse-complement, 15, 20.87, 20.25, 1.20, 0.00, 1524, 56.0, , 1
Python, spectral-norm, 15, 1676.82, 1636.66, 57.42, 0.00, 112133, 58.5, , 1
Python, spectral-norm, 15, 1685.01, 1644.66, 57.65, 0.00, 112682, 59.2, , 1
Python, spectral-norm, 15, 1689.46, 1649.00, 57.81, 0.00, 112974, 59.2, , 1
Python, spectral-norm, 15, 1673.05, 1632.98, 57.25, 0.00, 111858, 59.2, , 1
Python, spectral-norm, 15, 1696.56, 1655.91, 58.02, 0.00, 113425, 59.8, , 1
Python, spectral-norm, 15, 1693.70, 1653.10, 57.96, 0.00, 113249, 59.8, , 1
Python, spectral-norm, 15, 1681.22, 1640.92, 57.53, 0.00, 112427, 59.5, , 1
Python, spectral-norm, 15, 1680.50, 1640.18, 57.50, 0.00, 112364, 59.2, , 1
Python, spectral-norm, 15, 1665.35, 1625.44, 57.01, 0.00, 111344, 60.0, , 1
Python, spectral-norm, 15, 1669.94, 1629.93, 57.13, 0.00, 111651, 59.8, , 1
Python, spectral-norm, 15, 1674.11, 1633.99, 57.30, 0.00, 111950, 60.0, , 1
Python, spectral-norm, 15, 1696.06, 1655.40, 58.07, 0.00, 113435, 60.5, , 1
Python, spectral-norm, 15, 1689.09, 1648.60, 57.78, 0.00, 112935, 60.0, , 1
Python, spectral-norm, 15, 1689.61, 1649.11, 57.82, 0.00, 112959, 60.0, , 1
Python, spectral-norm, 15, 1679.89, 1639.62, 57.47, 0.00, 112315, 60.0, , 1
Python, spectral-norm, 15, 1697.71, 1657.04, 58.07, 0.00, 113500, 59.8, , 1
Python, spectral-norm, 15, 1690.01, 1649.50, 57.85, 0.00, 113000, 60.0, , 1
Python, spectral-norm, 15, 1691.60, 1651.04, 57.88, 0.00, 113128, 59.2, , 1
Python, spectral-norm, 15, 1697.92, 1657.23, 58.08, 0.00, 113532, 59.5, , 1
Python, spectral-norm, 15, 1695.47, 1654.83, 58.02, 0.00, 113357, 59.5, , 1
C, binary-trees, 25, 22.57, 22.02, 1.21, 0.00, 1068, 60.5, , 1
C, binary-trees, 25, 22.63, 22.09, 1.21, 0.00, 1065, 60.8, , 1
C, binary-trees, 25, 22.50, 21.95, 1.21, 0.00, 1060, 60.8, , 1
C, binary-trees, 25, 22.40, 21.86, 1.21, 0.00, 1057, 60.8, , 1
C, binary-trees, 25, 22.48, 21.93, 1.21, 0.00, 1059, 60.8, , 1
C, binary-trees, 25, 22.50, 21.95, 1.22, 0.00, 1058, 61.2, , 1
C, binary-trees, 25, 22.55, 22.01, 1.21, 0.00, 1060, 61.5, , 1
C, binary-trees, 25, 22.50, 21.96, 1.21, 0.00, 1062, 61.2, , 1
C, binary-trees, 25, 22.62, 22.07, 1.21, 0.00, 1064, 61.5, , 1
C, binary-trees, 25, 22.59, 22.04, 1.22, 0.00, 1065, 61.0, , 1
C, binary-trees, 25, 22.47, 21.93, 1.21, 0.00, 1062, 61.8, , 1
C, binary-trees, 25, 22.57, 22.02, 1.22, 0.00, 1061, 61.2, , 1
C, binary-trees, 25, 22.53, 21.98, 1.21, 0.00, 1068, 61.0, , 1
C, binary-trees, 25, 22.55, 22.00, 1.21, 0.00, 1063, 60.8, , 1
C, binary-trees, 25, 22.50, 21.96, 1.21, 0.00, 1060, 60.2, , 1
C, binary-trees, 25, 22.50, 21.95, 1.21, 0.00, 1061, 60.2, , 1
C, binary-trees, 25, 22.50, 21.95, 1.21, 0.00, 1062, 61.0, , 1
C, binary-trees, 25, 22.39, 21.84, 1.21, 0.00, 1057, 60.5, , 1
C, binary-trees, 25, 22.54, 21.99, 1.21, 0.00, 1058, 60.2, , 1
C, binary-trees, 25, 22.40, 21.85, 1.21, 0.00, 1063, 60.2, , 1
C, fannkuch-redux, 25, 51.46, 50.73, 1.06, 0.00, 2070, 62.0, , 1
C, fannkuch-redux, 25, 51.41, 50.67, 1.06, 0.00, 2067, 61.8, , 1
C, fannkuch-redux, 25, 51.50, 50.76, 1.06, 0.00, 2072, 62.0, , 1
C, fannkuch-redux, 25, 51.42, 50.68, 1.06, 0.00, 2068, 62.0, , 1
C, fannkuch-redux, 25, 51.44, 50.70, 1.06, 0.00, 2069, 62.5, , 1
C, fannkuch-redux, 25, 51.41, 50.67, 1.06, 0.00, 2067, 62.5, , 1
C, fannkuch-redux, 25, 51.44, 50.69, 1.06, 0.00, 2068, 62.2, , 1
C, fannkuch-redux, 25, 51.46, 50.72, 1.06, 0.00, 2070, 62.5, , 1
C, fannkuch-redux, 25, 51.47, 50.72, 1.06, 0.00, 2069, 62.5, , 1
C, fannkuch-redux, 25, 51.48, 50.73, 1.06, 0.00, 2070, 62.8, , 1
C, fannkuch-redux, 25, 51.48, 50.74, 1.06, 0.00, 2070, 62.2, , 1
C, fannkuch-redux, 25, 51.43, 50.70, 1.06, 0.00, 2069, 62.8, , 1
C, fannkuch-redux, 25, 51.52, 50.77, 1.06, 0.00, 2072, 62.2, , 1
C, fannkuch-redux, 25, 51.50, 50.75, 1.06, 0.00, 2071, 62.5, , 1
C, fannkuch-redux, 25, 51.47, 50.73, 1.06, 0.00, 2071, 62.2, , 1
C, fannkuch-redux, 25, 51.53, 50.78, 1.06, 0.00, 2073, 62.0, , 1
C, fannkuch-redux, 25, 51.50, 50.76, 1.06, 0.00, 2072, 62.2, , 1
C, fannkuch-redux, 25, 51.49, 50.74, 1.06, 0.00, 2072, 62.8, , 1
C, fannkuch-redux, 25, 51.42, 50.68, 1.06, 0.00, 2069, 62.8, , 1
C, fannkuch-redux, 25, 51.43, 50.69, 1.06, 0.00, 2070, 62.2, , 1
C, fasta, 25, 6.59, 6.35, 0.34, 0.00, 664, 55.5, , 1
C, fasta, 25, 6.64, 6.40, 0.34, 0.00, 666, 58.8, , 1
C, fasta, 25, 6.60, 6.36, 0.34, 0.00, 664, 58.8, , 1
C, fasta, 25, 6.62, 6.38, 0.34, 0.00, 664, 59.0, , 1
C, fasta, 25, 6.62, 6.38, 0.34, 0.00, 664, 59.0, , 1
C, fasta, 25, 6.69, 6.44, 0.34, 0.00, 664, 58.2, , 1
C, fasta, 25, 6.78, 6.54, 0.34, 0.00, 666, 58.2, , 1
C, fasta, 25, 6.71, 6.47, 0.34, 0.00, 664, 58.8, , 1
C, fasta, 25, 6.74, 6.51, 0.34, 0.00, 663, 58.8, , 1
C, fasta, 25, 6.58, 6.35, 0.34, 0.00, 664, 57.8, , 1
C, fasta, 25, 6.62, 6.38, 0.34, 0.00, 664, 57.8, , 1
C, fasta, 25, 6.59, 6.35, 0.34, 0.00, 663, 58.2, , 1
C, fasta, 25, 6.90, 6.66, 0.34, 0.00, 665, 58.2, , 1
C, fasta, 25, 6.60, 6.36, 0.34, 0.00, 664, 58.0, , 1
C, fasta, 25, 6.66, 6.42, 0.34, 0.00, 664, 58.0, , 1
C, fasta, 25, 6.58, 6.34, 0.34, 0.00, 663, 59.0, , 1
C, fasta, 25, 6.61, 6.37, 0.34, 0.00, 666, 59.0, , 1
C, fasta, 25, 6.60, 6.36, 0.34, 0.00, 664, 59.0, , 1
C, fasta, 25, 6.58, 6.34, 0.34, 0.00, 664, 59.0, , 1
C, fasta, 25, 6.70, 6.46, 0.34, 0.00, 664, 58.0, , 1
C, k-nucleotide, 25, 72.25, 70.77, 3.92, 0.00, 3195, 61.2, , 1
C, k-nucleotide, 25, 73.28, 71.73, 4.16, 0.00, 3245, 61.2, , 1
C, k-nucleotide, 25, 72.81, 71.33, 3.97, 0.00, 3211, 61.5, , 1
C, k-nucleotide, 25, 73.05, 71.50, 4.13, 0.00, 3229, 61.5, , 1
C, k-nucleotide, 25, 73.10, 71.58, 4.06, 0.00, 3215, 61.5, , 1
C, k-nucleotide, 25, 74.83, 73.16, 4.46, 0.00, 3340, 62.0, , 1
C, k-nucleotide, 25, 70.46, 69.14, 3.52, 0.00, 3057, 62.2, , 1
C, k-nucleotide, 25, 71.29, 69.90, 3.72, 0.00, 3107, 62.2, , 1
C, k-nucleotide, 25, 70.70, 69.35, 3.57, 0.00, 3092, 61.2, , 1
C, k-nucleotide, 25, 72.11, 70.66, 3.85, 0.00, 3168, 61.5, , 1
C, k-nucleotide, 25, 72.56, 71.08, 3.92, 0.00, 3206, 62.0, , 1
C, k-nucleotide, 25, 72.01, 70.59, 3.81, 0.00, 3142, 62.5, , 1
C, k-nucleotide, 25, 73.06, 71.57, 4.03, 0.00, 3211, 62.0, , 1
C, k-nucleotide, 25, 72.85, 71.36, 3.95, 0.00, 3213, 62.0, , 1
C, k-nucleotide, 25, 73.06, 71.56, 4.03, 0.00, 3212, 62.0, , 1
C, k-nucleotide, 25, 73.60, 72.05, 4.11, 0.00, 3242, 61.8, , 1
C, k-nucleotide, 25, 72.30, 70.85, 3.90, 0.00, 3167, 62.5, , 1
C, k-nucleotide, 25, 72.39, 70.91, 3.92, 0.00, 3193, 61.2, , 1
C, k-nucleotide, 25, 70.84, 69.49, 3.58, 0.00, 3106, 61.0, , 1
C, k-nucleotide, 25, 72.05, 70.65, 3.76, 0.00, 3155, 62.2, , 1
C, mandelbrot, 25, 25.11, 24.74, 0.52, 0.00, 1006, 64.2, , 1
C, mandelbrot, 25, 25.04, 24.68, 0.52, 0.00, 1004, 64.0, , 1
C, mandelbrot, 25, 25.06, 24.70, 0.52, 0.00, 1004, 63.8, , 1
C, mandelbrot, 25, 25.06, 24.71, 0.52, 0.00, 1005, 64.2, , 1
C, mandelbrot, 25, 25.07, 24.71, 0.52, 0.00, 1005, 63.2, , 1
C, mandelbrot, 25, 25.01, 24.65, 0.52, 0.00, 1002, 64.2, , 1
C, mandelbrot, 25, 25.03, 24.66, 0.52, 0.00, 1003, 63.8, , 1
C, mandelbrot, 25, 25.05, 24.69, 0.52, 0.00, 1004, 63.8, , 1
C, mandelbrot, 25, 25.06, 24.69, 0.52, 0.00, 1004, 63.8, , 1
C, mandelbrot, 25, 25.06, 24.70, 0.52, 0.00, 1004, 62.2, , 1
C, mandelbrot, 25, 25.04, 24.68, 0.52, 0.00, 1004, 63.2, , 1
C, mandelbrot, 25, 25.04, 24.69, 0.52, 0.00, 1004, 63.5, , 1
C, mandelbrot, 25, 25.04, 24.68, 0.52, 0.00, 1004, 63.5, , 1
C, mandelbrot, 25, 25.01, 24.65, 0.52, 0.00, 1002, 64.0, , 1
C, mandelbrot, 25, 26.54, 26.14, 0.58, 0.00, 1118, 60.5, , 1
C, mandelbrot, 25, 25.05, 24.69, 0.52, 0.00, 1004, 63.5, , 1
C, mandelbrot, 25, 25.05, 24.70, 0.52, 0.00, 1005, 63.8, , 1
C, mandelbrot, 25, 25.04, 24.68, 0.52, 0.00, 1004, 63.5, , 1
C, mandelbrot, 25, 25.05, 24.68, 0.52, 0.00, 1004, 63.5, , 1
C, mandelbrot, 25, 25.03, 24.68, 0.52, 0.00, 1004, 61.5, , 1
C, n-body, 25, 20.50, 19.88, 0.88, 0.00, 1724, 59.5, , 1
C, n-body, 25, 20.52, 19.90, 0.88, 0.00, 1725, 59.2, , 1
C, n-body, 25, 20.33, 19.72, 0.88, 0.00, 1725, 59.5, , 1
C, n-body, 25, 20.28, 19.66, 0.88, 0.00, 1726, 58.8, , 1
C, n-body, 25, 20.23, 19.61, 0.88, 0.00, 1726, 58.5, , 1
C, n-body, 25, 20.27, 19.66, 0.88, 0.00, 1726, 58.8, , 1
C, n-body, 25, 20.10, 19.48, 0.88, 0.00, 1725, 58.5, , 1
C, n-body, 25, 20.00, 19.38, 0.88, 0.00, 1726, 59.2, , 1
C, n-body, 25, 20.12, 19.51, 0.88, 0.00, 1724, 59.0, , 1
C, n-body, 25, 20.06, 19.44, 0.88, 0.00, 1725, 58.5, , 1
C, n-body, 25, 20.11, 19.50, 0.88, 0.00, 1725, 58.8, , 1
C, n-body, 25, 20.16, 19.54, 0.88, 0.00, 1727, 59.0, , 1
C, n-body, 25, 20.17, 19.55, 0.88, 0.00, 1725, 58.8, , 1
C, n-body, 25, 20.01, 19.39, 0.88, 0.00, 1725, 58.5, , 1
C, n-body, 25, 20.07, 19.45, 0.88, 0.00, 1724, 58.5, , 1
C, n-body, 25, 20.00, 19.38, 0.88, 0.00, 1726, 59.0, , 1
C, n-body, 25, 20.02, 19.41, 0.88, 0.00, 1726, 58.5, , 1
C, n-body, 25, 20.02, 19.41, 0.88, 0.00, 1725, 59.0, , 1
C, n-body, 25, 20.12, 19.50, 0.88, 0.00, 1725, 58.8, , 1
C, n-body, 25, 20.13, 19.51, 0.88, 0.00, 1726, 58.5, , 1
C, regex-redux, 25, 14.44, 14.14, 0.62, 0.00, 726, 59.2, , 1
C, regex-redux, 25, 14.44, 14.16, 0.61, 0.00, 725, 59.2, , 1
C, regex-redux, 25, 14.49, 14.20, 0.62, 0.00, 728, 59.5, , 1
C, regex-redux, 25, 14.73, 14.44, 0.63, 0.00, 743, 59.5, , 1
C, regex-redux, 25, 14.48, 14.18, 0.62, 0.00, 727, 59.5, , 1
C, regex-redux, 25, 14.50, 14.20, 0.62, 0.00, 727, 59.5, , 1
C, regex-redux, 25, 14.77, 14.46, 0.63, 0.00, 745, 59.5, , 1
C, regex-redux, 25, 14.44, 14.16, 0.61, 0.00, 725, 59.5, , 1
C, regex-redux, 25, 14.44, 14.15, 0.62, 0.00, 729, 60.2, , 1
C, regex-redux, 25, 14.46, 14.17, 0.62, 0.00, 726, 54.8, , 1
C, regex-redux, 25, 14.45, 14.16, 0.62, 0.00, 725, 59.8, , 1
C, regex-redux, 25, 14.31, 14.02, 0.61, 0.00, 725, 59.8, , 1
C, regex-redux, 25, 14.39, 14.10, 0.62, 0.00, 728, 59.8, , 1
C, regex-redux, 25, 14.46, 14.17, 0.62, 0.00, 725, 59.8, , 1
C, regex-redux, 25, 14.42, 14.14, 0.62, 0.00, 726, 60.0, , 1
C, regex-redux, 25, 14.49, 14.20, 0.62, 0.00, 728, 54.8, , 1
C, regex-redux, 25, 14.45, 14.17, 0.62, 0.00, 727, 59.5, , 1
C, regex-redux, 25, 14.48, 14.17, 0.62, 0.00, 727, 59.5, , 1
C, regex-redux, 25, 14.46, 14.18, 0.62, 0.00, 728, 59.8, , 1
C, regex-redux, 25, 14.42, 14.12, 0.62, 0.00, 726, 59.8, , 1
C, reverse-complement, 25, 1.35, 1.28, 0.15, 0.00, 92, 54.2, , 1
C, reverse-complement, 25, 1.32, 1.26, 0.16, 0.00, 95, 54.2, , 1
C, reverse-complement, 25, 1.34, 1.29, 0.15, 0.00, 93, 54.2, , 1
C, reverse-complement, 25, 1.35, 1.28, 0.15, 0.00, 92, 54.2, , 1
C, reverse-complement, 25, 1.33, 1.27, 0.15, 0.00, 94, 54.2, , 1
C, reverse-complement, 25, 1.36, 1.29, 0.15, 0.00, 93, 54.2, , 1
C, reverse-complement, 25, 1.33, 1.27, 0.15, 0.00, 93, 54.2, , 1
C, reverse-complement, 25, 1.30, 1.23, 0.15, 0.00, 94, 54.2, , 1
C, reverse-complement, 25, 1.31, 1.24, 0.16, 0.00, 94, 59.0, , 1
C, reverse-complement, 25, 1.35, 1.28, 0.16, 0.00, 94, 59.0, , 1
C, reverse-complement, 25, 1.35, 1.29, 0.16, 0.00, 93, 59.0, , 1
C, reverse-complement, 25, 1.37, 1.30, 0.15, 0.00, 92, 59.0, , 1
C, reverse-complement, 25, 1.37, 1.30, 0.16, 0.00, 94, 59.0, , 1
C, reverse-complement, 25, 1.36, 1.29, 0.15, 0.00, 92, 59.0, , 1
C, reverse-complement, 25, 1.32, 1.25, 0.16, 0.00, 96, 59.0, , 1
C, reverse-complement, 25, 1.35, 1.29, 0.15, 0.00, 92, 59.0, , 1
C, reverse-complement, 25, 1.36, 1.29, 0.15, 0.00, 94, 59.0, , 1
C, reverse-complement, 25, 1.37, 1.30, 0.16, 0.00, 94, 59.2, , 1
C, reverse-complement, 25, 1.38, 1.31, 0.15, 0.00, 92, 59.2, , 1
C, reverse-complement, 25, 1.31, 1.25, 0.16, 0.00, 97, 59.2, , 1
C, spectral-norm, 25, 8.48, 8.35, 0.18, 0.00, 339, 62.8, , 1
C, spectral-norm, 25, 8.51, 8.39, 0.18, 0.00, 340, 54.2, , 1
C, spectral-norm, 25, 8.49, 8.37, 0.18, 0.00, 340, 54.2, , 1
C, spectral-norm, 25, 8.47, 8.35, 0.18, 0.00, 340, 63.5, , 1
C, spectral-norm, 25, 8.48, 8.37, 0.18, 0.00, 340, 54.8, , 1
C, spectral-norm, 25, 8.41, 8.30, 0.18, 0.00, 340, 54.8, , 1
C, spectral-norm, 25, 8.44, 8.33, 0.18, 0.00, 340, 63.0, , 1
C, spectral-norm, 25, 8.53, 8.41, 0.18, 0.00, 341, 54.5, , 1
C, spectral-norm, 25, 8.43, 8.32, 0.18, 0.00, 339, 54.5, , 1
C, spectral-norm, 25, 8.39, 8.29, 0.18, 0.00, 339, 63.2, , 1
C, spectral-norm, 25, 8.48, 8.36, 0.18, 0.00, 339, 54.5, , 1
C, spectral-norm, 25, 8.41, 8.31, 0.18, 0.00, 341, 54.5, , 1
C, spectral-norm, 25, 8.48, 8.36, 0.18, 0.00, 340, 63.0, , 1
C, spectral-norm, 25, 8.45, 8.34, 0.18, 0.00, 339, 54.0, , 1
C, spectral-norm, 25, 8.46, 8.34, 0.17, 0.00, 339, 54.0, , 1
C, spectral-norm, 25, 8.45, 8.35, 0.18, 0.00, 339, 63.2, , 1
C, spectral-norm, 25, 8.48, 8.35, 0.18, 0.00, 339, 54.8, , 1
C, spectral-norm, 25, 8.46, 8.33, 0.18, 0.00, 338, 54.8, , 1
C, spectral-norm, 25, 8.42, 8.31, 0.18, 0.00, 340, 63.2, , 1
C, spectral-norm, 25, 8.52, 8.40, 0.18, 0.00, 341, 54.0, , 1
C++, binary-trees, 25, 19.96, 19.45, 1.08, 0.00, 882, 54.2, , 1
C++, binary-trees, 25, 20.72, 20.14, 1.21, 0.00, 914, 60.8, , 1
C++, binary-trees, 25, 19.67, 19.16, 1.09, 0.00, 862, 54.2, , 1
C++, binary-trees, 25, 20.87, 20.29, 1.21, 0.00, 915, 60.5, , 1
C++, binary-trees, 25, 19.64, 19.16, 1.10, 0.00, 862, 54.2, , 1
C++, binary-trees, 25, 19.07, 18.59, 1.09, 0.00, 845, 60.5, , 1
C++, binary-trees, 25, 20.70, 20.19, 1.07, 0.00, 910, 54.5, , 1
C++, binary-trees, 25, 20.79, 20.20, 1.21, 0.00, 914, 60.8, , 1
C++, binary-trees, 25, 20.62, 20.11, 1.07, 0.00, 908, 54.5, , 1
C++, binary-trees, 25, 19.70, 19.19, 1.08, 0.00, 871, 61.0, , 1
C++, binary-trees, 25, 20.71, 20.15, 1.19, 0.00, 907, 54.8, , 1
C++, binary-trees, 25, 20.30, 19.79, 1.08, 0.00, 907, 60.8, , 1
C++, binary-trees, 25, 19.39, 18.89, 1.07, 0.00, 853, 54.2, , 1
C++, binary-trees, 25, 20.56, 20.00, 1.16, 0.00, 910, 60.8, , 1
C++, binary-trees, 25, 19.33, 18.85, 1.09, 0.00, 849, 54.2, , 1
C++, binary-trees, 25, 19.67, 19.16, 1.08, 0.00, 877, 61.0, , 1
C++, binary-trees, 25, 19.79, 19.28, 1.08, 0.00, 871, 54.5, , 1
C++, binary-trees, 25, 20.39, 19.82, 1.20, 0.00, 904, 60.2, , 1
C++, binary-trees, 25, 20.23, 19.71, 1.10, 0.00, 892, 54.5, , 1
C++, binary-trees, 25, 20.46, 19.95, 1.06, 0.00, 899, 60.8, , 1
C++, fannkuch-redux, 25, 88.93, 87.64, 1.83, 0.00, 3578, 62.8, , 1
C++, fannkuch-redux, 25, 88.82, 87.54, 1.83, 0.00, 3576, 62.2, , 1
C++, fannkuch-redux, 25, 88.77, 87.48, 1.82, 0.00, 3572, 63.2, , 1
C++, fannkuch-redux, 25, 88.85, 87.58, 1.83, 0.00, 3576, 62.8, , 1
C++, fannkuch-redux, 25, 88.89, 87.60, 1.83, 0.00, 3577, 63.5, , 1
C++, fannkuch-redux, 25, 88.85, 87.57, 1.83, 0.00, 3577, 63.0, , 1
C++, fannkuch-redux, 25, 88.85, 87.57, 1.83, 0.00, 3576, 63.2, , 1
C++, fannkuch-redux, 25, 88.95, 87.67, 1.83, 0.00, 3581, 62.8, , 1
C++, fannkuch-redux, 25, 88.84, 87.56, 1.83, 0.00, 3575, 64.0, , 1
C++, fannkuch-redux, 25, 88.84, 87.56, 1.83, 0.00, 3576, 63.2, , 1
C++, fannkuch-redux, 25, 88.74, 87.46, 1.82, 0.00, 3572, 63.0, , 1
C++, fannkuch-redux, 25, 88.77, 87.48, 1.82, 0.00, 3573, 63.0, , 1
C++, fannkuch-redux, 25, 88.89, 87.61, 1.83, 0.00, 3579, 63.0, , 1
C++, fannkuch-redux, 25, 88.90, 87.62, 1.83, 0.00, 3578, 63.2, , 1
C++, fannkuch-redux, 25, 89.00, 87.72, 1.83, 0.00, 3582, 63.2, , 1
C++, fannkuch-redux, 25, 88.86, 87.58, 1.83, 0.00, 3577, 63.0, , 1
C++, fannkuch-redux, 25, 88.78, 87.49, 1.83, 0.00, 3574, 63.0, , 1
C++, fannkuch-redux, 25, 89.06, 87.78, 1.83, 0.00, 3585, 63.0, , 1
C++, fannkuch-redux, 25, 89.10, 87.81, 1.83, 0.00, 3586, 62.5, , 1
C++, fannkuch-redux, 25, 88.92, 87.64, 1.83, 0.00, 3581, 63.0, , 1
C++, fasta, 25, 9.68, 9.44, 0.34, 0.00, 659, 55.5, , 1
C++, fasta, 25, 9.71, 9.47, 0.34, 0.00, 659, 61.0, , 1
C++, fasta, 25, 9.60, 9.36, 0.34, 0.00, 660, 55.2, , 1
C++, fasta, 25, 9.63, 9.40, 0.34, 0.00, 659, 59.8, , 1
C++, fasta, 25, 9.68, 9.44, 0.34, 0.00, 659, 59.8, , 1
C++, fasta, 25, 9.65, 9.41, 0.34, 0.00, 659, 60.0, , 1
C++, fasta, 25, 9.64, 9.41, 0.34, 0.00, 659, 55.2, , 1
C++, fasta, 25, 9.72, 9.48, 0.34, 0.00, 659, 59.8, , 1
C++, fasta, 25, 9.67, 9.44, 0.34, 0.00, 659, 59.8, , 1
C++, fasta, 25, 9.65, 9.41, 0.34, 0.00, 659, 61.0, , 1
C++, fasta, 25, 9.63, 9.40, 0.34, 0.00, 658, 55.0, , 1
C++, fasta, 25, 9.68, 9.45, 0.34, 0.00, 659, 60.8, , 1
C++, fasta, 25, 9.66, 9.41, 0.34, 0.00, 659, 54.8, , 1
C++, fasta, 25, 9.70, 9.46, 0.34, 0.00, 659, 60.2, , 1
C++, fasta, 25, 9.66, 9.43, 0.34, 0.00, 659, 54.8, , 1
C++, fasta, 25, 9.67, 9.44, 0.34, 0.00, 659, 60.0, , 1
C++, fasta, 25, 9.70, 9.46, 0.34, 0.00, 659, 54.8, , 1
C++, fasta, 25, 9.65, 9.41, 0.34, 0.00, 659, 60.8, , 1
C++, fasta, 25, 9.71, 9.48, 0.34, 0.00, 659, 54.5, , 1
C++, fasta, 25, 9.73, 9.49, 0.34, 0.00, 659, 60.0, , 1
C++, k-nucleotide, 25, 37.57, 35.99, 3.66, 0.00, 1769, 61.0, , 1
C++, k-nucleotide, 25, 37.55, 35.96, 3.69, 0.00, 1795, 60.8, , 1
C++, k-nucleotide, 25, 37.74, 36.17, 3.68, 0.00, 1778, 60.8, , 1
C++, k-nucleotide, 25, 37.55, 35.99, 3.66, 0.00, 1777, 60.5, , 1
C++, k-nucleotide, 25, 37.78, 36.22, 3.67, 0.00, 1787, 60.0, , 1
C++, k-nucleotide, 25, 37.55, 35.98, 3.62, 0.00, 1763, 60.8, , 1
C++, k-nucleotide, 25, 37.15, 35.64, 3.50, 0.00, 1751, 60.5, , 1
C++, k-nucleotide, 25, 37.69, 36.12, 3.68, 0.00, 1792, 60.8, , 1
C++, k-nucleotide, 25, 37.55, 35.98, 3.66, 0.00, 1781, 60.0, , 1
C++, k-nucleotide, 25, 37.17, 35.61, 3.62, 0.00, 1769, 61.2, , 1
C++, k-nucleotide, 25, 37.53, 35.97, 3.61, 0.00, 1774, 59.8, , 1
C++, k-nucleotide, 25, 37.65, 36.08, 3.69, 0.00, 1780, 60.8, , 1
C++, k-nucleotide, 25, 37.37, 35.81, 3.61, 0.00, 1761, 61.0, , 1
C++, k-nucleotide, 25, 37.56, 36.00, 3.63, 0.00, 1771, 60.5, , 1
C++, k-nucleotide, 25, 37.14, 35.59, 3.61, 0.00, 1787, 60.5, , 1
C++, k-nucleotide, 25, 37.40, 35.82, 3.66, 0.00, 1766, 60.0, , 1
C++, k-nucleotide, 25, 37.48, 35.91, 3.64, 0.00, 1779, 60.8, , 1
C++, k-nucleotide, 25, 37.09, 35.55, 3.58, 0.00, 1773, 60.0, , 1
C++, k-nucleotide, 25, 37.76, 36.18, 3.71, 0.00, 1793, 60.5, , 1
C++, k-nucleotide, 25, 37.28, 35.70, 3.69, 0.00, 1797, 61.2, , 1
C++, mandelbrot, 25, 19.73, 19.44, 0.42, 0.00, 804, 55.0, , 1
C++, mandelbrot, 25, 19.58, 19.29, 0.42, 0.00, 807, 61.2, , 1
C++, mandelbrot, 25, 19.79, 19.49, 0.42, 0.00, 806, 55.0, , 1
C++, mandelbrot, 25, 19.58, 19.30, 0.42, 0.00, 811, 61.0, , 1
C++, mandelbrot, 25, 19.77, 19.49, 0.42, 0.00, 806, 55.0, , 1
C++, mandelbrot, 25, 19.61, 19.32, 0.42, 0.00, 809, 61.2, , 1
C++, mandelbrot, 25, 19.77, 19.49, 0.42, 0.00, 806, 55.2, , 1
C++, mandelbrot, 25, 19.68, 19.38, 0.42, 0.00, 807, 61.2, , 1
C++, mandelbrot, 25, 19.76, 19.47, 0.42, 0.00, 805, 54.8, , 1
C++, mandelbrot, 25, 19.71, 19.41, 0.42, 0.00, 807, 61.2, , 1
C++, mandelbrot, 25, 19.81, 19.51, 0.42, 0.00, 807, 55.0, , 1
C++, mandelbrot, 25, 19.76, 19.48, 0.42, 0.00, 805, 61.2, , 1
C++, mandelbrot, 25, 19.78, 19.50, 0.42, 0.00, 806, 55.0, , 1
C++, mandelbrot, 25, 19.71, 19.41, 0.42, 0.00, 808, 61.8, , 1
C++, mandelbrot, 25, 19.81, 19.51, 0.42, 0.00, 806, 55.0, , 1
C++, mandelbrot, 25, 19.75, 19.47, 0.42, 0.00, 808, 62.0, , 1
C++, mandelbrot, 25, 19.80, 19.50, 0.42, 0.00, 806, 55.0, , 1
C++, mandelbrot, 25, 19.71, 19.44, 0.42, 0.00, 807, 61.0, , 1
C++, mandelbrot, 25, 19.80, 19.52, 0.42, 0.00, 807, 55.2, , 1
C++, mandelbrot, 25, 19.78, 19.49, 0.42, 0.00, 805, 61.5, , 1
C++, n-body, 25, 20.96, 20.35, 0.88, 0.00, 1713, 59.5, , 1
C++, n-body, 25, 20.97, 20.35, 0.88, 0.00, 1714, 59.2, , 1
C++, n-body, 25, 20.98, 20.37, 0.88, 0.00, 1715, 59.0, , 1
C++, n-body, 25, 20.85, 20.23, 0.88, 0.00, 1715, 58.5, , 1
C++, n-body, 25, 20.64, 20.02, 0.88, 0.00, 1714, 59.0, , 1
C++, n-body, 25, 20.86, 20.25, 0.88, 0.00, 1715, 58.5, , 1
C++, n-body, 25, 20.67, 20.06, 0.88, 0.00, 1714, 59.5, , 1
C++, n-body, 25, 20.91, 20.30, 0.88, 0.00, 1712, 58.8, , 1
C++, n-body, 25, 20.90, 20.29, 0.88, 0.00, 1712, 58.8, , 1
C++, n-body, 25, 20.93, 20.31, 0.88, 0.00, 1713, 59.0, , 1
C++, n-body, 25, 20.84, 20.22, 0.88, 0.00, 1712, 58.8, , 1
C++, n-body, 25, 20.96, 20.34, 0.88, 0.00, 1714, 58.8, , 1
C++, n-body, 25, 20.98, 20.37, 0.88, 0.00, 1720, 59.2, , 1
C++, n-body, 25, 20.79, 20.19, 0.88, 0.00, 1714, 58.2, , 1
C++, n-body, 25, 20.81, 20.20, 0.88, 0.00, 1712, 59.0, , 1
C++, n-body, 25, 20.92, 20.30, 0.88, 0.00, 1711, 58.8, , 1
C++, n-body, 25, 20.93, 20.32, 0.88, 0.00, 1712, 58.2, , 1
C++, n-body, 25, 20.94, 20.32, 0.88, 0.00, 1711, 58.8, , 1
C++, n-body, 25, 20.98, 20.36, 0.88, 0.00, 1714, 58.0, , 1
C++, n-body, 25, 20.89, 20.28, 0.88, 0.00, 1713, 57.8, , 1
C++, regex-redux, 25, 17.21, 16.79, 0.83, 0.00, 1025, 59.2, , 1
C++, regex-redux, 25, 17.35, 16.92, 0.84, 0.00, 1038, 59.2, , 1
C++, regex-redux, 25, 17.49, 17.05, 0.85, 0.00, 1055, 59.2, , 1
C++, regex-redux, 25, 17.40, 16.96, 0.84, 0.00, 1048, 59.8, , 1
C++, regex-redux, 25, 17.28, 16.85, 0.84, 0.00, 1036, 59.0, , 1
C++, regex-redux, 25, 17.53, 17.08, 0.85, 0.00, 1061, 59.2, , 1
C++, regex-redux, 25, 17.38, 16.95, 0.85, 0.00, 1056, 59.0, , 1
C++, regex-redux, 25, 17.47, 17.03, 0.85, 0.00, 1056, 58.5, , 1
C++, regex-redux, 25, 17.39, 16.96, 0.85, 0.00, 1043, 59.0, , 1
C++, regex-redux, 25, 17.33, 16.90, 0.84, 0.00, 1033, 59.0, , 1
C++, regex-redux, 25, 17.06, 16.64, 0.81, 0.00, 996, 59.0, , 1
C++, regex-redux, 25, 17.07, 16.65, 0.81, 0.00, 987, 59.2, , 1
C++, regex-redux, 25, 17.11, 16.69, 0.83, 0.00, 1008, 59.5, , 1
C++, regex-redux, 25, 17.41, 16.98, 0.84, 0.00, 1042, 58.5, , 1
C++, regex-redux, 25, 17.44, 17.01, 0.84, 0.00, 1051, 59.5, , 1
C++, regex-redux, 25, 17.42, 16.98, 0.84, 0.00, 1038, 59.0, , 1
C++, regex-redux, 25, 17.33, 16.90, 0.83, 0.00, 1030, 58.8, , 1
C++, regex-redux, 25, 17.35, 16.92, 0.84, 0.00, 1039, 58.8, , 1
C++, regex-redux, 25, 17.41, 16.98, 0.84, 0.00, 1037, 59.5, , 1
C++, regex-redux, 25, 17.34, 16.92, 0.84, 0.00, 1042, 59.5, , 1
C++, reverse-complement, 25, 1.87, 1.78, 0.21, 0.00, 149, 59.8, , 1
C++, reverse-complement, 25, 1.87, 1.77, 0.21, 0.00, 148, 59.8, , 1
C++, reverse-complement, 25, 1.87, 1.77, 0.21, 0.00, 149, 59.8, , 1
C++, reverse-complement, 25, 1.87, 1.78, 0.21, 0.00, 148, 59.8, , 1
C++, reverse-complement, 25, 1.86, 1.76, 0.21, 0.00, 149, 59.8, , 1
C++, reverse-complement, 25, 1.86, 1.76, 0.21, 0.00, 148, 58.5, , 1
C++, reverse-complement, 25, 1.85, 1.75, 0.21, 0.00, 148, 58.5, , 1
C++, reverse-complement, 25, 1.85, 1.76, 0.21, 0.00, 149, 58.5, , 1
C++, reverse-complement, 25, 1.85, 1.76, 0.21, 0.00, 148, 58.5, , 1
C++, reverse-complement, 25, 1.87, 1.77, 0.21, 0.00, 149, 58.5, , 1
C++, reverse-complement, 25, 1.86, 1.76, 0.21, 0.00, 148, 58.5, , 1
C++, reverse-complement, 25, 1.88, 1.77, 0.21, 0.00, 149, 58.5, , 1
C++, reverse-complement, 25, 1.86, 1.77, 0.21, 0.00, 149, 58.5, , 1
C++, reverse-complement, 25, 1.83, 1.74, 0.20, 0.00, 148, 58.5, , 1
C++, reverse-complement, 25, 1.86, 1.76, 0.21, 0.00, 148, 58.5, , 1
C++, reverse-complement, 25, 1.87, 1.77, 0.21, 0.00, 149, 58.5, , 1
C++, reverse-complement, 25, 1.86, 1.76, 0.21, 0.00, 149, 58.5, , 1
C++, reverse-complement, 25, 1.86, 1.76, 0.21, 0.00, 149, 58.2, , 1
C++, reverse-complement, 25, 1.85, 1.76, 0.21, 0.00, 148, 58.2, , 1
C++, reverse-complement, 25, 1.86, 1.76, 0.21, 0.00, 148, 58.2, , 1
C++, spectral-norm, 25, 8.46, 8.35, 0.18, 0.00, 353, 62.5, , 1
C++, spectral-norm, 25, 8.41, 8.29, 0.18, 0.00, 353, 54.5, , 1
C++, spectral-norm, 25, 8.48, 8.37, 0.18, 0.00, 353, 54.5, , 1
C++, spectral-norm, 25, 8.49, 8.37, 0.18, 0.00, 352, 63.0, , 1
C++, spectral-norm, 25, 8.41, 8.30, 0.18, 0.00, 353, 54.2, , 1
C++, spectral-norm, 25, 8.42, 8.30, 0.18, 0.00, 352, 54.2, , 1
C++, spectral-norm, 25, 8.46, 8.35, 0.18, 0.00, 353, 63.0, , 1
C++, spectral-norm, 25, 8.37, 8.24, 0.18, 0.00, 352, 54.0, , 1
C++, spectral-norm, 25, 8.46, 8.34, 0.18, 0.00, 353, 54.0, , 1
C++, spectral-norm, 25, 8.46, 8.34, 0.18, 0.00, 353, 62.5, , 1
C++, spectral-norm, 25, 8.41, 8.30, 0.18, 0.00, 353, 54.2, , 1
C++, spectral-norm, 25, 8.48, 8.36, 0.18, 0.00, 352, 54.2, , 1
C++, spectral-norm, 25, 8.47, 8.35, 0.18, 0.00, 352, 62.5, , 1
C++, spectral-norm, 25, 8.45, 8.32, 0.18, 0.00, 353, 54.0, , 1
C++, spectral-norm, 25, 8.48, 8.35, 0.18, 0.00, 353, 54.0, , 1
C++, spectral-norm, 25, 8.29, 8.16, 0.19, 0.00, 360, 63.0, , 1
C++, spectral-norm, 25, 8.38, 8.26, 0.18, 0.00, 352, 54.0, , 1
C++, spectral-norm, 25, 8.41, 8.29, 0.18, 0.00, 352, 54.0, , 1
C++, spectral-norm, 25, 8.46, 8.35, 0.18, 0.00, 352, 62.5, , 1
C++, spectral-norm, 25, 8.43, 8.29, 0.18, 0.00, 353, 54.0, , 1
Java, binary-trees, 25, 46.70, 44.43, 5.07, 0.00, 2087, 59.0, , 1
Java, binary-trees, 25, 46.95, 44.67, 5.11, 0.00, 2095, 59.2, , 1
Java, binary-trees, 25, 46.54, 44.27, 5.07, 0.00, 2078, 58.8, , 1
Java, binary-trees, 25, 46.01, 43.74, 5.07, 0.00, 2064, 60.2, , 1
Java, binary-trees, 25, 46.72, 44.44, 5.11, 0.00, 2088, 59.0, , 1
Java, binary-trees, 25, 49.41, 47.11, 5.10, 0.00, 2219, 58.8, , 1
Java, binary-trees, 25, 47.18, 44.89, 5.11, 0.00, 2111, 59.8, , 1
Java, binary-trees, 25, 48.30, 46.02, 5.06, 0.00, 2211, 59.8, , 1
Java, binary-trees, 25, 47.06, 44.78, 5.11, 0.00, 2100, 59.8, , 1
Java, binary-trees, 25, 47.16, 44.87, 5.12, 0.00, 2109, 61.2, , 1
Java, binary-trees, 25, 46.60, 44.32, 5.09, 0.00, 2118, 59.2, , 1
Java, binary-trees, 25, 46.68, 44.41, 5.07, 0.00, 2090, 60.0, , 1
Java, binary-trees, 25, 46.75, 44.49, 5.07, 0.00, 2089, 60.0, , 1
Java, binary-trees, 25, 45.77, 43.51, 5.06, 0.00, 2050, 59.5, , 1
Java, binary-trees, 25, 46.29, 44.02, 5.07, 0.00, 2067, 60.2, , 1
Java, binary-trees, 25, 46.06, 43.79, 5.06, 0.00, 2064, 58.0, , 1
Java, binary-trees, 25, 49.03, 46.74, 5.10, 0.00, 2208, 60.0, , 1
Java, binary-trees, 25, 48.66, 46.38, 5.06, 0.00, 2198, 60.8, , 1
Java, binary-trees, 25, 47.58, 45.28, 5.16, 0.00, 2140, 60.2, , 1
Java, binary-trees, 25, 47.09, 44.79, 5.13, 0.00, 2099, 59.8, , 1
Java, fannkuch-redux, 25, 239.77, 236.29, 4.96, 0.00, 9684, 59.2, , 1
Java, fannkuch-redux, 25, 217.96, 214.77, 4.54, 0.00, 8865, 61.8, , 1
Java, fannkuch-redux, 25, 218.67, 215.51, 4.52, 0.00, 8816, 62.2, , 1
Java, fannkuch-redux, 25, 219.46, 216.28, 4.53, 0.00, 8850, 62.5, , 1
Java, fannkuch-redux, 25, 217.65, 214.49, 4.50, 0.00, 8780, 62.5, , 1
Java, fannkuch-redux, 25, 229.98, 226.64, 4.75, 0.00, 9278, 61.2, , 1
Java, fannkuch-redux, 25, 230.66, 227.32, 4.77, 0.00, 9305, 62.2, , 1
Java, fannkuch-redux, 25, 219.64, 216.46, 4.53, 0.00, 8852, 63.0, , 1
Java, fannkuch-redux, 25, 220.89, 217.69, 4.56, 0.00, 8910, 63.0, , 1
Java, fannkuch-redux, 25, 230.19, 226.86, 4.76, 0.00, 9282, 62.8, , 1
Java, fannkuch-redux, 25, 230.97, 227.63, 4.76, 0.00, 9307, 63.0, , 1
Java, fannkuch-redux, 25, 221.30, 218.10, 4.57, 0.00, 8925, 63.0, , 1
Java, fannkuch-redux, 25, 221.77, 218.55, 4.58, 0.00, 8950, 60.2, , 1
Java, fannkuch-redux, 25, 220.86, 217.66, 4.57, 0.00, 8915, 61.8, , 1
Java, fannkuch-redux, 25, 220.17, 216.97, 4.55, 0.00, 8882, 62.5, , 1
Java, fannkuch-redux, 25, 221.19, 217.98, 4.57, 0.00, 8924, 63.2, , 1
Java, fannkuch-redux, 25, 219.66, 216.48, 4.54, 0.00, 8857, 63.2, , 1
Java, fannkuch-redux, 25, 221.17, 217.96, 4.57, 0.00, 8930, 61.0, , 1
Java, fannkuch-redux, 25, 220.16, 216.97, 4.55, 0.00, 8876, 62.8, , 1
Java, fannkuch-redux, 25, 222.22, 219.00, 4.59, 0.00, 8965, 63.8, , 1
Java, fasta, 25, 23.51, 23.12, 0.58, 0.00, 1054, 62.2, , 1
Java, fasta, 25, 23.53, 23.13, 0.59, 0.00, 1075, 61.8, , 1
Java, fasta, 25, 23.45, 23.06, 0.59, 0.00, 1073, 61.8, , 1
Java, fasta, 25, 23.78, 23.38, 0.58, 0.00, 1062, 59.8, , 1
Java, fasta, 25, 23.71, 23.31, 0.60, 0.00, 1106, 61.8, , 1
Java, fasta, 25, 22.69, 22.27, 0.63, 0.00, 1142, 61.5, , 1
Java, fasta, 25, 22.77, 22.37, 0.60, 0.00, 1087, 61.8, , 1
Java, fasta, 25, 22.91, 22.51, 0.60, 0.00, 1097, 61.2, , 1
Java, fasta, 25, 22.81, 22.40, 0.61, 0.00, 1116, 61.2, , 1
Java, fasta, 25, 23.36, 22.97, 0.59, 0.00, 1068, 61.8, , 1
Java, fasta, 25, 23.04, 22.65, 0.61, 0.00, 1091, 60.8, , 1
Java, fasta, 25, 23.61, 23.21, 0.59, 0.00, 1076, 60.8, , 1
Java, fasta, 25, 23.64, 23.25, 0.59, 0.00, 1061, 61.2, , 1
Java, fasta, 25, 23.35, 22.95, 0.60, 0.00, 1089, 61.0, , 1
Java, fasta, 25, 22.79, 22.39, 0.60, 0.00, 1099, 61.0, , 1
Java, fasta, 25, 23.66, 23.25, 0.59, 0.00, 1079, 61.0, , 1
Java, fasta, 25, 23.24, 22.86, 0.58, 0.00, 1063, 61.8, , 1
Java, fasta, 25, 22.82, 22.42, 0.61, 0.00, 1109, 60.5, , 1
Java, fasta, 25, 22.87, 22.47, 0.60, 0.00, 1092, 60.8, , 1
Java, fasta, 25, 22.93, 22.52, 0.61, 0.00, 1109, 58.2, , 1
Java, k-nucleotide, 25, 93.99, 92.34, 3.76, 0.00, 4181, 60.0, , 1
Java, k-nucleotide, 25, 91.40, 89.78, 3.65, 0.00, 4094, 59.0, , 1
Java, k-nucleotide, 25, 93.16, 91.51, 3.77, 0.00, 4179, 61.5, , 1
Java, k-nucleotide, 25, 92.41, 90.80, 3.57, 0.00, 4087, 62.2, , 1
Java, k-nucleotide, 25, 93.41, 91.75, 3.70, 0.00, 4199, 58.8, , 1
Java, k-nucleotide, 25, 93.32, 91.67, 3.75, 0.00, 4146, 61.2, , 1
Java, k-nucleotide, 25, 93.24, 91.59, 3.75, 0.00, 4159, 60.8, , 1
Java, k-nucleotide, 25, 91.62, 90.00, 3.68, 0.00, 4076, 61.2, , 1
Java, k-nucleotide, 25, 93.72, 92.07, 3.76, 0.00, 4173, 62.0, , 1
Java, k-nucleotide, 25, 95.24, 93.57, 3.77, 0.00, 4216, 60.8, , 1
Java, k-nucleotide, 25, 94.36, 92.71, 3.74, 0.00, 4193, 62.0, , 1
Java, k-nucleotide, 25, 94.81, 93.15, 3.76, 0.00, 4194, 60.8, , 1
Java, k-nucleotide, 25, 92.62, 90.98, 3.72, 0.00, 4122, 61.2, , 1
Java, k-nucleotide, 25, 93.92, 92.27, 3.76, 0.00, 4170, 60.8, , 1
Java, k-nucleotide, 25, 92.69, 91.06, 3.68, 0.00, 4111, 61.2, , 1
Java, k-nucleotide, 25, 93.65, 91.99, 3.78, 0.00, 4196, 58.2, , 1
Java, k-nucleotide, 25, 93.80, 92.14, 3.77, 0.00, 4203, 60.8, , 1
Java, k-nucleotide, 25, 94.33, 92.67, 3.74, 0.00, 4193, 60.8, , 1
Java, k-nucleotide, 25, 92.43, 90.79, 3.73, 0.00, 4113, 60.0, , 1
Java, k-nucleotide, 25, 92.58, 90.94, 3.72, 0.00, 4140, 60.0, , 1
Java, mandelbrot, 25, 82.09, 80.88, 1.76, 0.00, 3329, 62.2, , 1
Java, mandelbrot, 25, 82.53, 81.31, 1.78, 0.00, 3351, 62.0, , 1
Java, mandelbrot, 25, 82.12, 80.91, 1.77, 0.00, 3335, 62.0, , 1
Java, mandelbrot, 25, 82.13, 80.92, 1.76, 0.00, 3330, 62.0, , 1
Java, mandelbrot, 25, 81.18, 79.99, 1.74, 0.00, 3291, 62.2, , 1
Java, mandelbrot, 25, 82.11, 80.90, 1.77, 0.00, 3351, 62.8, , 1
Java, mandelbrot, 25, 81.64, 80.43, 1.78, 0.00, 3356, 63.0, , 1
Java, mandelbrot, 25, 80.16, 78.97, 1.73, 0.00, 3258, 62.5, , 1
Java, mandelbrot, 25, 82.55, 81.33, 1.77, 0.00, 3347, 62.8, , 1
Java, mandelbrot, 25, 82.57, 81.35, 1.78, 0.00, 3367, 62.2, , 1
Java, mandelbrot, 25, 82.20, 80.99, 1.76, 0.00, 3333, 63.2, , 1
Java, mandelbrot, 25, 82.10, 80.89, 1.78, 0.00, 3363, 63.0, , 1
Java, mandelbrot, 25, 79.89, 78.70, 1.73, 0.00, 3270, 63.8, , 1
Java, mandelbrot, 25, 82.54, 81.33, 1.77, 0.00, 3347, 63.2, , 1
Java, mandelbrot, 25, 80.77, 79.59, 1.74, 0.00, 3279, 62.8, , 1
Java, mandelbrot, 25, 80.15, 78.96, 1.75, 0.00, 3294, 62.0, , 1
Java, mandelbrot, 25, 82.32, 81.11, 1.78, 0.00, 3358, 62.0, , 1
Java, mandelbrot, 25, 82.14, 80.93, 1.77, 0.00, 3339, 62.5, , 1
Java, mandelbrot, 25, 80.54, 79.36, 1.73, 0.00, 3269, 62.5, , 1
Java, mandelbrot, 25, 82.09, 80.87, 1.79, 0.00, 3379, 62.0, , 1
Java, n-body, 25, 47.46, 46.00, 2.08, 0.00, 4048, 58.8, , 1
Java, n-body, 25, 47.39, 45.93, 2.08, 0.00, 4027, 59.2, , 1
Java, n-body, 25, 47.32, 45.86, 2.08, 0.00, 4048, 59.0, , 1
Java, n-body, 25, 47.20, 45.76, 2.07, 0.00, 4025, 59.2, , 1
Java, n-body, 25, 47.30, 45.85, 2.07, 0.00, 4028, 58.5, , 1
Java, n-body, 25, 47.42, 45.97, 2.09, 0.00, 4052, 58.2, , 1
Java, n-body, 25, 47.42, 45.96, 2.09, 0.00, 4049, 58.0, , 1
Java, n-body, 25, 47.08, 45.63, 2.08, 0.00, 4027, 57.5, , 1
Java, n-body, 25, 46.47, 45.02, 2.08, 0.00, 4030, 58.2, , 1
Java, n-body, 25, 46.79, 45.33, 2.09, 0.00, 4055, 58.0, , 1
Java, n-body, 25, 46.97, 45.52, 2.08, 0.00, 4031, 56.8, , 1
Java, n-body, 25, 46.70, 45.24, 2.09, 0.00, 4052, 57.5, , 1
Java, n-body, 25, 47.03, 45.56, 2.09, 0.00, 4055, 58.0, , 1
Java, n-body, 25, 47.05, 45.60, 2.08, 0.00, 4030, 57.5, , 1
Java, n-body, 25, 46.67, 45.22, 2.08, 0.00, 4031, 56.5, , 1
Java, n-body, 25, 46.51, 45.06, 2.08, 0.00, 4033, 57.8, , 1
Java, n-body, 25, 46.57, 45.11, 2.09, 0.00, 4052, 57.8, , 1
Java, n-body, 25, 46.66, 45.22, 2.08, 0.00, 4031, 56.8, , 1
Java, n-body, 25, 47.08, 45.61, 2.09, 0.00, 4060, 56.0, , 1
Java, n-body, 25, 46.69, 45.24, 2.08, 0.00, 4031, 57.0, , 1
Java, regex-redux, 25, 99.87, 97.97, 3.38, 0.00, 4653, 58.5, , 1
Java, regex-redux, 25, 100.55, 98.66, 3.37, 0.00, 4641, 58.8, , 1
Java, regex-redux, 25, 99.71, 97.83, 3.36, 0.00, 4619, 59.2, , 1
Java, regex-redux, 25, 101.46, 99.56, 3.38, 0.00, 4673, 58.8, , 1
Java, regex-redux, 25, 99.06, 97.20, 3.33, 0.00, 4564, 58.8, , 1
Java, regex-redux, 25, 97.57, 95.70, 3.35, 0.00, 4576, 59.2, , 1
Java, regex-redux, 25, 100.06, 98.18, 3.39, 0.00, 4645, 59.8, , 1
Java, regex-redux, 25, 99.59, 97.73, 3.33, 0.00, 4565, 58.0, , 1
Java, regex-redux, 25, 98.62, 96.76, 3.33, 0.00, 4565, 58.8, , 1
Java, regex-redux, 25, 102.25, 100.34, 3.41, 0.00, 4727, 59.5, , 1
Java, regex-redux, 25, 99.90, 98.01, 3.37, 0.00, 4652, 59.8, , 1
Java, regex-redux, 25, 99.66, 97.80, 3.34, 0.00, 4584, 60.2, , 1
Java, regex-redux, 25, 98.02, 96.17, 3.32, 0.00, 4533, 59.8, , 1
Java, regex-redux, 25, 99.24, 97.38, 3.34, 0.00, 4577, 59.2, , 1
Java, regex-redux, 25, 101.10, 99.19, 3.41, 0.00, 4722, 59.8, , 1
Java, regex-redux, 25, 100.75, 98.84, 3.40, 0.00, 4684, 58.2, , 1
Java, regex-redux, 25, 101.14, 99.25, 3.37, 0.00, 4658, 59.2, , 1
Java, regex-redux, 25, 100.06, 98.18, 3.38, 0.00, 4645, 59.8, , 1
Java, regex-redux, 25, 99.95, 98.07, 3.36, 0.00, 4612, 59.8, , 1
Java, regex-redux, 25, 101.22, 99.31, 3.40, 0.00, 4705, 59.5, , 1
Java, reverse-complement, 25, 9.42, 9.05, 0.76, 0.00, 706, 55.0, , 1
Java, reverse-complement, 25, 9.52, 9.15, 0.77, 0.00, 705, 59.0, , 1
Java, reverse-complement, 25, 9.53, 9.15, 0.76, 0.00, 703, 59.0, , 1
Java, reverse-complement, 25, 9.48, 9.10, 0.76, 0.00, 703, 58.8, , 1
Java, reverse-complement, 25, 9.45, 9.07, 0.76, 0.00, 701, 58.8, , 1
Java, reverse-complement, 25, 9.43, 9.06, 0.76, 0.00, 701, 59.2, , 1
Java, reverse-complement, 25, 9.40, 9.02, 0.76, 0.00, 700, 59.2, , 1
Java, reverse-complement, 25, 9.45, 9.07, 0.76, 0.00, 703, 59.2, , 1
Java, reverse-complement, 25, 9.47, 9.09, 0.76, 0.00, 703, 59.2, , 1
Java, reverse-complement, 25, 9.50, 9.12, 0.76, 0.00, 700, 59.0, , 1
Java, reverse-complement, 25, 9.45, 9.07, 0.76, 0.00, 702, 59.0, , 1
Java, reverse-complement, 25, 9.45, 9.06, 0.76, 0.00, 701, 58.8, , 1
Java, reverse-complement, 25, 9.49, 9.10, 0.76, 0.00, 703, 58.8, , 1
Java, reverse-complement, 25, 9.47, 9.09, 0.76, 0.00, 700, 58.2, , 1
Java, reverse-complement, 25, 9.43, 9.05, 0.76, 0.00, 702, 58.2, , 1
Java, reverse-complement, 25, 9.36, 8.98, 0.77, 0.00, 717, 59.2, , 1
Java, reverse-complement, 25, 9.46, 9.08, 0.77, 0.00, 703, 59.2, , 1
Java, reverse-complement, 25, 9.47, 9.09, 0.76, 0.00, 702, 59.0, , 1
Java, reverse-complement, 25, 9.40, 9.03, 0.76, 0.00, 702, 59.0, , 1
Java, reverse-complement, 25, 9.49, 9.12, 0.76, 0.00, 703, 58.8, , 1
Java, spectral-norm, 25, 12.41, 12.21, 0.31, 0.00, 563, 54.2, , 1
Java, spectral-norm, 25, 12.97, 12.76, 0.31, 0.00, 562, 61.2, , 1
Java, spectral-norm, 25, 12.34, 12.14, 0.30, 0.00, 547, 54.5, , 1
Java, spectral-norm, 25, 12.94, 12.74, 0.30, 0.00, 550, 61.5, , 1
Java, spectral-norm, 25, 12.77, 12.56, 0.31, 0.00, 567, 54.8, , 1
Java, spectral-norm, 25, 12.93, 12.72, 0.31, 0.00, 557, 58.8, , 1
Java, spectral-norm, 25, 12.45, 12.25, 0.33, 0.00, 594, 58.8, , 1
Java, spectral-norm, 25, 13.11, 12.91, 0.31, 0.00, 559, 61.5, , 1
Java, spectral-norm, 25, 12.76, 12.56, 0.31, 0.00, 556, 54.8, , 1
Java, spectral-norm, 25, 13.03, 12.83, 0.31, 0.00, 555, 61.2, , 1
Java, spectral-norm, 25, 12.61, 12.39, 0.31, 0.00, 566, 54.2, , 1
Java, spectral-norm, 25, 12.86, 12.66, 0.31, 0.00, 552, 61.8, , 1
Java, spectral-norm, 25, 12.47, 12.27, 0.31, 0.00, 559, 54.5, , 1
Java, spectral-norm, 25, 13.11, 12.91, 0.31, 0.00, 564, 61.2, , 1
Java, spectral-norm, 25, 12.66, 12.45, 0.31, 0.00, 569, 54.8, , 1
Java, spectral-norm, 25, 12.92, 12.71, 0.31, 0.00, 552, 61.0, , 1
Java, spectral-norm, 25, 12.74, 12.53, 0.31, 0.00, 557, 54.2, , 1
Java, spectral-norm, 25, 12.89, 12.68, 0.31, 0.00, 549, 61.2, , 1
Java, spectral-norm, 25, 12.71, 12.50, 0.31, 0.00, 561, 54.5, , 1
Java, spectral-norm, 25, 13.03, 12.82, 0.31, 0.00, 554, 61.2, , 1
Python, binary-trees, 25, 793.70, 776.30, 35.38, 0.00, 35340, 60.8, , 1
Python, binary-trees, 25, 794.64, 777.22, 35.45, 0.00, 35437, 61.5, , 1
Python, binary-trees, 25, 791.53, 774.25, 35.17, 0.00, 35067, 61.8, , 1
Python, binary-trees, 25, 802.24, 784.68, 35.59, 0.00, 35689, 62.0, , 1
Python, binary-trees, 25, 789.37, 771.90, 35.42, 0.00, 35363, 62.0, , 1
Python, binary-trees, 25, 786.67, 769.28, 35.31, 0.00, 35231, 61.5, , 1
Python, binary-trees, 25, 790.65, 773.19, 35.47, 0.00, 35339, 61.5, , 1
Python, binary-trees, 25, 791.10, 773.52, 35.59, 0.00, 35686, 62.0, , 1
Python, binary-trees, 25, 798.62, 781.10, 35.39, 0.00, 35465, 62.2, , 1
Python, binary-trees, 25, 788.99, 771.53, 35.46, 0.00, 35315, 61.5, , 1
Python, binary-trees, 25, 786.73, 769.36, 35.36, 0.00, 35239, 61.0, , 1
Python, binary-trees, 25, 790.27, 772.95, 35.26, 0.00, 35136, 62.0, , 1
Python, binary-trees, 25, 793.05, 775.65, 35.41, 0.00, 35281, 61.8, , 1
Python, binary-trees, 25, 789.82, 772.50, 35.16, 0.00, 35118, 62.0, , 1
Python, binary-trees, 25, 788.04, 770.64, 35.36, 0.00, 35184, 61.8, , 1
Python, binary-trees, 25, 786.75, 769.37, 35.27, 0.00, 35288, 61.8, , 1
Python, binary-trees, 25, 790.48, 773.15, 35.26, 0.00, 35167, 62.2, , 1
Python, binary-trees, 25, 794.68, 777.19, 35.36, 0.00, 35473, 62.0, , 1
Python, binary-trees, 25, 812.05, 794.42, 35.81, 0.00, 36132, 62.2, , 1
Python, binary-trees, 25, 789.79, 772.46, 35.29, 0.00, 35104, 61.5, , 1
Python, fannkuch-redux, 25, 6780.46, 6682.48, 138.90, 0.00, 272427, 62.0, , 1
Python, fannkuch-redux, 25, 6739.25, 6642.01, 137.99, 0.00, 270654, 62.2, , 1
Python, fannkuch-redux, 25, 6745.94, 6648.61, 138.03, 0.00, 270734, 62.8, , 1
Python, fannkuch-redux, 25, 6724.94, 6627.80, 137.89, 0.00, 270425, 61.8, , 1
Python, fannkuch-redux, 25, 6703.67, 6606.86, 137.37, 0.00, 269412, 62.2, , 1
Python, fannkuch-redux, 25, 6667.88, 6571.69, 136.50, 0.00, 267696, 62.5, , 1
Python, fannkuch-redux, 25, 6691.51, 6594.87, 137.12, 0.00, 268885, 61.5, , 1
Python, fannkuch-redux, 25, 6738.99, 6641.80, 137.86, 0.00, 270325, 63.2, , 1
Python, fannkuch-redux, 25, 6703.59, 6606.84, 137.32, 0.00, 269275, 61.5, , 1
Python, fannkuch-redux, 25, 6783.04, 6685.01, 138.98, 0.00, 272519, 61.5, , 1
Python, fannkuch-redux, 25, 6749.21, 6651.37, 138.83, 0.00, 272251, 61.2, , 1
Python, fannkuch-redux, 25, 6703.74, 6606.96, 137.33, 0.00, 269287, 61.5, , 1
Python, fannkuch-redux, 25, 6680.86, 6584.40, 136.81, 0.00, 268271, 62.5, , 1
Python, fannkuch-redux, 25, 6767.59, 6669.92, 138.56, 0.00, 271699, 62.5, , 1
Python, fannkuch-redux, 25, 6792.09, 6693.76, 139.47, 0.00, 273488, 62.5, , 1
Python, fannkuch-redux, 25, 6759.83, 6661.82, 139.01, 0.00, 272600, 62.0, , 1
Python, fannkuch-redux, 25, 6690.91, 6594.26, 137.10, 0.00, 268827, 62.0, , 1
Python, fannkuch-redux, 25, 6733.75, 6636.43, 138.02, 0.00, 270637, 61.5, , 1
Python, fannkuch-redux, 25, 6673.78, 6577.42, 136.70, 0.00, 268055, 62.5, , 1
Python, fannkuch-redux, 25, 6705.13, 6608.39, 137.29, 0.00, 269213, 62.0, , 1
Python, fasta, 25, 555.77, 540.24, 22.05, 0.00, 43245, 58.2, , 1
Python, fasta, 25, 557.16, 541.69, 22.05, 0.00, 43240, 58.5, , 1
Python, fasta, 25, 552.33, 536.83, 22.04, 0.00, 43217, 56.8, , 1
Python, fasta, 25, 554.41, 538.94, 22.08, 0.00, 43277, 57.5, , 1
Python, fasta, 25, 551.22, 535.70, 22.06, 0.00, 43253, 56.2, , 1
Python, fasta, 25, 550.84, 535.33, 22.10, 0.00, 43330, 56.8, , 1
Python, fasta, 25, 557.84, 542.31, 22.09, 0.00, 43306, 57.0, , 1
Python, fasta, 25, 557.44, 541.96, 22.07, 0.00, 43255, 56.2, , 1
Python, fasta, 25, 550.46, 534.94, 22.13, 0.00, 43373, 56.0, , 1
Python, fasta, 25, 566.30, 550.56, 22.46, 0.00, 44014, 56.2, , 1
Python, fasta, 25, 552.38, 536.92, 22.05, 0.00, 43208, 55.8, , 1
Python, fasta, 25, 552.75, 537.20, 22.19, 0.00, 43478, 56.5, , 1
Python, fasta, 25, 550.31, 534.81, 22.08, 0.00, 43268, 55.8, , 1
Python, fasta, 25, 554.65, 539.18, 22.07, 0.00, 43234, 55.8, , 1
Python, fasta, 25, 547.19, 531.65, 22.11, 0.00, 43340, 56.2, , 1
Python, fasta, 25, 546.02, 530.49, 22.08, 0.00, 43269, 55.5, , 1
Python, fasta, 25, 556.49, 541.02, 22.09, 0.00, 43283, 55.8, , 1
Python, fasta, 25, 561.07, 545.54, 22.17, 0.00, 43436, 56.0, , 1
Python, fasta, 25, 553.56, 538.03, 22.15, 0.00, 43418, 56.0, , 1
Python, fasta, 25, 552.74, 537.25, 22.09, 0.00, 43286, 55.5, , 1
Python, k-nucleotide, 25, 1059.96, 1040.37, 50.47, 0.00, 43034, 61.8, , 1
Python, k-nucleotide, 25, 1003.89, 985.91, 46.06, 0.00, 40603, 61.8, , 1
Python, k-nucleotide, 25, 1004.49, 986.67, 46.06, 0.00, 40581, 63.8, , 1
Python, k-nucleotide, 25, 1010.29, 992.40, 46.23, 0.00, 40861, 63.0, , 1
Python, k-nucleotide, 25, 1013.41, 995.49, 46.29, 0.00, 40950, 63.2, , 1
Python, k-nucleotide, 25, 1003.63, 985.87, 45.93, 0.00, 40563, 63.2, , 1
Python, k-nucleotide, 25, 1008.93, 991.00, 46.38, 0.00, 40809, 64.2, , 1
Python, k-nucleotide, 25, 1003.14, 985.36, 45.93, 0.00, 40527, 64.2, , 1
Python, k-nucleotide, 25, 1005.26, 987.47, 46.00, 0.00, 40631, 64.0, , 1
Python, k-nucleotide, 25, 1010.31, 992.40, 46.26, 0.00, 40863, 64.2, , 1
Python, k-nucleotide, 25, 1007.92, 990.03, 46.23, 0.00, 40792, 63.5, , 1
Python, k-nucleotide, 25, 1010.49, 992.63, 46.12, 0.00, 40843, 63.8, , 1
Python, k-nucleotide, 25, 1018.99, 1000.79, 47.04, 0.00, 41214, 64.0, , 1
Python, k-nucleotide, 25, 1006.40, 988.57, 46.00, 0.00, 40702, 64.2, , 1
Python, k-nucleotide, 25, 1011.85, 993.76, 46.81, 0.00, 40885, 64.0, , 1
Python, k-nucleotide, 25, 1009.86, 992.00, 46.07, 0.00, 40872, 64.0, , 1
Python, k-nucleotide, 25, 1010.31, 992.41, 46.19, 0.00, 40872, 64.0, , 1
Python, k-nucleotide, 25, 1005.81, 987.98, 46.09, 0.00, 40658, 64.2, , 1
Python, k-nucleotide, 25, 1006.12, 988.05, 46.81, 0.00, 40789, 63.2, , 1
Python, k-nucleotide, 25, 1016.60, 998.59, 46.40, 0.00, 41176, 63.8, , 1
Python, mandelbrot, 25, 2946.60, 2903.40, 61.34, 0.00, 120144, 64.8, , 1
Python, mandelbrot, 25, 2926.75, 2883.85, 60.90, 0.00, 119339, 64.5, , 1
Python, mandelbrot, 25, 2994.76, 2950.43, 62.94, 0.00, 123331, 64.5, , 1
Python, mandelbrot, 25, 2961.01, 2917.59, 61.67, 0.00, 120835, 64.5, , 1
Python, mandelbrot, 25, 2964.50, 2921.06, 61.71, 0.00, 120921, 64.0, , 1
Python, mandelbrot, 25, 2935.96, 2892.98, 61.02, 0.00, 119548, 64.0, , 1
Python, mandelbrot, 25, 2944.76, 2901.58, 61.34, 0.00, 120142, 64.0, , 1
Python, mandelbrot, 25, 2925.14, 2882.24, 60.93, 0.00, 119369, 64.2, , 1
Python, mandelbrot, 25, 3010.55, 2966.43, 62.65, 0.00, 122744, 64.2, , 1
Python, mandelbrot, 25, 2932.76, 2889.77, 61.04, 0.00, 119579, 64.5, , 1
Python, mandelbrot, 25, 2943.92, 2900.79, 61.28, 0.00, 120040, 63.8, , 1
Python, mandelbrot, 25, 2954.11, 2910.83, 61.45, 0.00, 120391, 64.8, , 1
Python, mandelbrot, 25, 2940.92, 2897.84, 61.20, 0.00, 119887, 64.5, , 1
Python, mandelbrot, 25, 2951.00, 2907.74, 61.47, 0.00, 120394, 64.2, , 1
Python, mandelbrot, 25, 2918.15, 2875.35, 60.77, 0.00, 119053, 64.5, , 1
Python, mandelbrot, 25, 2944.54, 2901.43, 61.28, 0.00, 120017, 64.8, , 1
Python, mandelbrot, 25, 2920.40, 2877.55, 60.84, 0.00, 119184, 64.8, , 1
Python, mandelbrot, 25, 2950.70, 2907.45, 61.40, 0.00, 120299, 64.2, , 1
Python, mandelbrot, 25, 2927.63, 2884.66, 61.01, 0.00, 119519, 64.2, , 1
Python, mandelbrot, 25, 2964.52, 2921.05, 61.76, 0.00, 121000, 64.0, , 1
Python, n-body, 25, 3276.03, 3191.01, 120.82, 0.00, 236960, 55.8, , 1
Python, n-body, 25, 3272.56, 3187.27, 121.30, 0.00, 237905, 55.5, , 1
Python, n-body, 25, 3312.89, 3227.15, 122.48, 0.00, 240221, 55.2, , 1
Python, n-body, 25, 3252.60, 3167.73, 121.26, 0.00, 237802, 55.5, , 1
Python, n-body, 25, 3315.17, 3229.45, 122.52, 0.00, 240263, 54.8, , 1
Python, n-body, 25, 3273.80, 3189.08, 121.05, 0.00, 237383, 55.2, , 1
Python, n-body, 25, 3280.33, 3195.65, 121.42, 0.00, 238063, 55.5, , 1
Python, n-body, 25, 3303.41, 3217.69, 121.79, 0.00, 238794, 55.8, , 1
Python, n-body, 25, 3273.09, 3188.22, 121.33, 0.00, 237862, 55.5, , 1
Python, n-body, 25, 3266.03, 3181.07, 121.76, 0.00, 238659, 55.5, , 1
Python, n-body, 25, 3344.84, 3257.19, 125.36, 0.00, 245711, 55.5, , 1
Python, n-body, 25, 3292.79, 3206.65, 122.59, 0.00, 240283, 56.0, , 1
Python, n-body, 25, 3246.49, 3162.01, 121.11, 0.00, 237395, 56.0, , 1
Python, n-body, 25, 3324.82, 3238.91, 122.50, 0.00, 240116, 56.5, , 1
Python, n-body, 25, 3291.58, 3206.34, 121.41, 0.00, 237994, 56.0, , 1
Python, n-body, 25, 3314.47, 3228.10, 123.16, 0.00, 241389, 55.8, , 1
Python, n-body, 25, 3261.07, 3176.56, 121.07, 0.00, 237319, 55.8, , 1
Python, n-body, 25, 3263.54, 3179.22, 120.85, 0.00, 236880, 55.5, , 1
Python, n-body, 25, 3335.44, 3248.83, 123.23, 0.00, 241555, 55.5, , 1
Python, n-body, 25, 3310.15, 3224.47, 122.42, 0.00, 239946, 55.8, , 1
Python, regex-redux, 25, 120.64, 117.86, 4.62, 0.00, 7335, 55.5, , 1
Python, regex-redux, 25, 122.64, 119.81, 4.68, 0.00, 7424, 55.8, , 1
Python, regex-redux, 25, 121.41, 118.62, 4.64, 0.00, 7357, 55.5, , 1
Python, regex-redux, 25, 121.42, 118.62, 4.65, 0.00, 7359, 55.8, , 1
Python, regex-redux, 25, 121.43, 118.62, 4.64, 0.00, 7346, 55.5, , 1
Python, regex-redux, 25, 121.78, 118.97, 4.64, 0.00, 7359, 56.2, , 1
Python, regex-redux, 25, 121.82, 119.01, 4.65, 0.00, 7358, 56.0, , 1
Python, regex-redux, 25, 121.49, 118.68, 4.63, 0.00, 7347, 56.2, , 1
Python, regex-redux, 25, 121.65, 118.83, 4.64, 0.00, 7343, 56.5, , 1
Python, regex-redux, 25, 122.63, 119.82, 4.66, 0.00, 7382, 56.5, , 1
Python, regex-redux, 25, 121.86, 119.05, 4.66, 0.00, 7354, 56.5, , 1
Python, regex-redux, 25, 121.66, 118.85, 4.64, 0.00, 7356, 56.8, , 1
Python, regex-redux, 25, 122.61, 119.79, 4.66, 0.00, 7383, 56.5, , 1
Python, regex-redux, 25, 122.03, 119.21, 4.66, 0.00, 7368, 57.0, , 1
Python, regex-redux, 25, 121.82, 119.02, 4.64, 0.00, 7350, 56.5, , 1
Python, regex-redux, 25, 122.29, 119.49, 4.65, 0.00, 7361, 56.8, , 1
Python, regex-redux, 25, 121.96, 119.16, 4.65, 0.00, 7349, 57.2, , 1
Python, regex-redux, 25, 122.16, 119.35, 4.64, 0.00, 7360, 56.2, , 1
Python, regex-redux, 25, 121.47, 118.66, 4.63, 0.00, 7337, 56.5, , 1
Python, regex-redux, 25, 121.60, 118.78, 4.64, 0.00, 7357, 56.8, , 1
Python, reverse-complement, 25, 23.81, 23.20, 1.15, 0.00, 1433, 57.5, , 1
Python, reverse-complement, 25, 23.88, 23.27, 1.16, 0.00, 1437, 56.8, , 1
Python, reverse-complement, 25, 23.83, 23.23, 1.14, 0.00, 1433, 57.0, , 1
Python, reverse-complement, 25, 23.78, 23.18, 1.15, 0.00, 1430, 57.2, , 1
Python, reverse-complement, 25, 23.78, 23.18, 1.15, 0.00, 1432, 57.0, , 1
Python, reverse-complement, 25, 23.81, 23.21, 1.14, 0.00, 1432, 57.2, , 1
Python, reverse-complement, 25, 23.79, 23.19, 1.15, 0.00, 1441, 57.0, , 1
Python, reverse-complement, 25, 23.72, 23.12, 1.14, 0.00, 1429, 57.5, , 1
Python, reverse-complement, 25, 23.84, 23.24, 1.14, 0.00, 1434, 57.5, , 1
Python, reverse-complement, 25, 23.84, 23.24, 1.16, 0.00, 1442, 56.8, , 1
Python, reverse-complement, 25, 24.01, 23.40, 1.16, 0.00, 1462, 56.2, , 1
Python, reverse-complement, 25, 23.77, 23.16, 1.14, 0.00, 1432, 57.8, , 1
Python, reverse-complement, 25, 23.51, 22.91, 1.15, 0.00, 1432, 57.2, , 1
Python, reverse-complement, 25, 23.86, 23.25, 1.16, 0.00, 1442, 57.0, , 1
Python, reverse-complement, 25, 23.88, 23.28, 1.14, 0.00, 1434, 57.5, , 1
Python, reverse-complement, 25, 23.72, 23.10, 1.16, 0.00, 1435, 57.0, , 1
Python, reverse-complement, 25, 23.98, 23.38, 1.15, 0.00, 1441, 57.2, , 1
Python, reverse-complement, 25, 23.77, 23.17, 1.14, 0.00, 1431, 57.0, , 1
Python, reverse-complement, 25, 23.95, 23.33, 1.15, 0.00, 1439, 56.0, , 1
Python, reverse-complement, 25, 23.72, 23.12, 1.14, 0.00, 1431, 57.2, , 1
Python, spectral-norm, 25, 2236.07, 2203.25, 46.76, 0.00, 91377, 63.0, , 1
Python, spectral-norm, 25, 2205.80, 2173.31, 46.29, 0.00, 90359, 63.5, , 1
Python, spectral-norm, 25, 2224.23, 2191.50, 46.61, 0.00, 91081, 64.0, , 1
Python, spectral-norm, 25, 2228.06, 2195.27, 46.70, 0.00, 91221, 64.2, , 1
Python, spectral-norm, 25, 2202.23, 2169.77, 46.19, 0.00, 90265, 64.5, , 1
Python, spectral-norm, 25, 2225.09, 2192.30, 46.66, 0.00, 91158, 65.0, , 1
Python, spectral-norm, 25, 2206.02, 2173.50, 46.27, 0.00, 90442, 64.5, , 1
Python, spectral-norm, 25, 2237.88, 2204.81, 47.08, 0.00, 91957, 64.8, , 1
Python, spectral-norm, 25, 2227.01, 2194.20, 46.68, 0.00, 91201, 65.0, , 1
Python, spectral-norm, 25, 2220.96, 2188.13, 46.74, 0.00, 91291, 64.0, , 1
Python, spectral-norm, 25, 2223.20, 2190.36, 46.72, 0.00, 91303, 64.0, , 1
Python, spectral-norm, 25, 2199.19, 2166.72, 46.19, 0.00, 90224, 64.8, , 1
Python, spectral-norm, 25, 2229.82, 2196.87, 46.85, 0.00, 91562, 64.8, , 1
Python, spectral-norm, 25, 2225.94, 2193.06, 46.80, 0.00, 91422, 64.5, , 1
Python, spectral-norm, 25, 2194.37, 2161.98, 46.09, 0.00, 90056, 64.2, , 1
Python, spectral-norm, 25, 2192.82, 2160.46, 46.06, 0.00, 89964, 64.2, , 1
Python, spectral-norm, 25, 2227.93, 2195.03, 46.79, 0.00, 91430, 64.2, , 1
Python, spectral-norm, 25, 2215.84, 2183.04, 46.70, 0.00, 91211, 64.0, , 1
Python, spectral-norm, 25, 2226.92, 2194.13, 46.69, 0.00, 91249, 65.0, , 1
Python, spectral-norm, 25, 2219.68, 2186.88, 46.68, 0.00, 91206, 64.5, , 1
