Language,Program,PowerLimit,Package,Core,GPU,DRAM,Time(ms),Temperature,Memory,Perf
C, binary-trees, -1, 25.249511718750000000, 24.738220214843750000,  ,  , 980, 50.2, 134400, 0
C, binary-trees, -1, 25.292541503906250000, 24.791259765625000000,  ,  , 977, 51.2, 134400, 0
C, binary-trees, -1, 25.126220703125000000, 24.611694335937500000,  ,  , 978, 51.2, 134400, 0
C, binary-trees, -1, 25.268737792968750000, 24.746520996093750000,  ,  , 983, 51.5, 134400, 0
C, binary-trees, -1, 25.237426757812500000, 24.713378906250000000,  ,  , 977, 51.5, 134400, 0
C, binary-trees, -1, 25.198669433593750000, 24.682800292968750000,  ,  , 980, 52.2, 134400, 0
C, binary-trees, -1, 25.045410156250000000, 24.526855468750000000,  ,  , 980, 52.2, 134400, 0
C, binary-trees, -1, 25.149353027343750000, 24.641967773437500000,  ,  , 983, 52.8, 134400, 0
C, binary-trees, -1, 25.509643554687500000, 24.977294921875000000,  ,  , 1006, 52.0, 134400, 0
C, binary-trees, -1, 25.186523437500000000, 24.651367187500000000,  ,  , 983, 52.0, 134400, 0
C, binary-trees, -1, 25.077392578125000000, 24.575683593750000000,  ,  , 974, 52.5, 134400, 0
C, binary-trees, -1, 25.137756347656250000, 24.623291015625000000,  ,  , 982, 52.5, 134400, 0
C, binary-trees, -1, 25.069702148437500000, 24.559387207031250000,  ,  , 978, 53.0, 134400, 0
C, binary-trees, -1, 25.092529296875000000, 24.579162597656250000,  ,  , 984, 53.0, 134400, 0
C, binary-trees, -1, 25.065246582031250000, 24.548767089843750000,  ,  , 980, 51.8, 134400, 0
C, binary-trees, -1, 25.005859375000000000, 24.489135742187500000,  ,  , 976, 53.5, 134400, 0
C, binary-trees, -1, 25.292785644531250000, 24.772705078125000000,  ,  , 993, 53.2, 134272, 0
C, binary-trees, -1, 25.088806152343750000, 24.577758789062500000,  ,  , 985, 53.2, 134400, 0
C, binary-trees, -1, 25.050292968750000000, 24.532897949218750000,  ,  , 978, 53.2, 134400, 0
C, binary-trees, -1, 25.154174804687500000, 24.639953613281250000,  ,  , 981, 53.2, 134400, 0
C, fannkuch-redux, -1, 53.471496582031250000, 52.773010253906250000,  ,  , 1970, 55.0, 1664, 0
C, fannkuch-redux, -1, 53.437194824218750000, 52.736206054687500000,  ,  , 1972, 55.5, 1664, 0
C, fannkuch-redux, -1, 53.407287597656250000, 52.701782226562500000,  ,  , 1975, 55.2, 1664, 0
C, fannkuch-redux, -1, 53.526428222656250000, 52.821777343750000000,  ,  , 1970, 55.0, 1664, 0
C, fannkuch-redux, -1, 53.510925292968750000, 52.801696777343750000,  ,  , 1971, 55.2, 1664, 0
C, fannkuch-redux, -1, 53.606567382812500000, 52.898681640625000000,  ,  , 1971, 56.2, 1664, 0
C, fannkuch-redux, -1, 53.449401855468750000, 52.750854492187500000,  ,  , 1971, 55.5, 1664, 0
C, fannkuch-redux, -1, 53.499145507812500000, 52.794921875000000000,  ,  , 1974, 55.2, 1664, 0
C, fannkuch-redux, -1, 53.523986816406250000, 52.823425292968750000,  ,  , 1971, 56.0, 1664, 0
C, fannkuch-redux, -1, 53.514648437500000000, 52.802307128906250000,  ,  , 1971, 56.0, 1664, 0
C, fannkuch-redux, -1, 53.507690429687500000, 52.806518554687500000,  ,  , 1976, 55.8, 1664, 0
C, fannkuch-redux, -1, 53.401916503906250000, 52.695007324218750000,  ,  , 1971, 55.8, 1664, 0
C, fannkuch-redux, -1, 53.583740234375000000, 52.881164550781250000,  ,  , 1975, 55.8, 1664, 0
C, fannkuch-redux, -1, 53.647583007812500000, 52.947204589843750000,  ,  , 1975, 56.8, 1664, 0
C, fannkuch-redux, -1, 53.763916015625000000, 53.070312500000000000,  ,  , 1976, 56.0, 1664, 0
C, fannkuch-redux, -1, 53.492431640625000000, 52.797302246093750000,  ,  , 1976, 56.2, 1664, 0
C, fannkuch-redux, -1, 53.769775390625000000, 53.076477050781250000,  ,  , 1975, 57.0, 1664, 0
C, fannkuch-redux, -1, 53.774230957031250000, 53.081665039062500000,  ,  , 1975, 56.8, 1664, 0
C, fannkuch-redux, -1, 53.798706054687500000, 53.098693847656250000,  ,  , 1975, 57.0, 1664, 0
C, fannkuch-redux, -1, 53.835388183593750000, 53.133850097656250000,  ,  , 1974, 57.0, 1664, 0
C, fasta, -1, 6.390686035156250000, 6.155578613281250000,  ,  , 669, 49.0, 1408, 0
C, fasta, -1, 6.546203613281250000, 6.314941406250000000,  ,  , 669, 52.5, 1408, 0
C, fasta, -1, 6.511901855468750000, 6.284362792968750000,  ,  , 666, 52.5, 1408, 0
C, fasta, -1, 6.417480468750000000, 6.192443847656250000,  ,  , 665, 52.8, 1408, 0
C, fasta, -1, 6.572326660156250000, 6.339782714843750000,  ,  , 666, 52.8, 1408, 0
C, fasta, -1, 6.527709960937500000, 6.286804199218750000,  ,  , 666, 53.0, 1408, 0
C, fasta, -1, 6.431396484375000000, 6.198547363281250000,  ,  , 667, 53.0, 1408, 0
C, fasta, -1, 6.512817382812500000, 6.269409179687500000,  ,  , 667, 52.5, 1408, 0
C, fasta, -1, 6.397888183593750000, 6.168029785156250000,  ,  , 666, 52.5, 1408, 0
C, fasta, -1, 6.409118652343750000, 6.169860839843750000,  ,  , 667, 52.2, 1408, 0
C, fasta, -1, 6.411499023437500000, 6.177062988281250000,  ,  , 667, 52.2, 1408, 0
C, fasta, -1, 6.435974121093750000, 6.190795898437500000,  ,  , 666, 53.2, 1408, 0
C, fasta, -1, 6.434387207031250000, 6.202941894531250000,  ,  , 667, 53.2, 1408, 0
C, fasta, -1, 6.487304687500000000, 6.248596191406250000,  ,  , 665, 52.2, 1408, 0
C, fasta, -1, 6.583496093750000000, 6.355651855468750000,  ,  , 667, 52.2, 1408, 0
C, fasta, -1, 6.439880371093750000, 6.204040527343750000,  ,  , 666, 52.8, 1408, 0
C, fasta, -1, 6.512207031250000000, 6.266113281250000000,  ,  , 670, 52.8, 1408, 0
C, fasta, -1, 6.546203613281250000, 6.317199707031250000,  ,  , 667, 52.5, 1408, 0
C, fasta, -1, 6.436523437500000000, 6.205627441406250000,  ,  , 666, 52.5, 1408, 0
C, fasta, -1, 6.437377929687500000, 6.191162109375000000,  ,  , 666, 53.0, 1408, 0
C, k-nucleotide, -1, 75.748901367187500000, 74.585693359375000000,  ,  , 2832, 55.8, 130304, 0
C, k-nucleotide, -1, 78.944763183593750000, 77.554626464843750000,  ,  , 3005, 56.8, 130304, 0
C, k-nucleotide, -1, 77.649841308593750000, 76.385986328125000000,  ,  , 2887, 57.0, 130304, 0
C, k-nucleotide, -1, 79.042846679687500000, 77.645202636718750000,  ,  , 3025, 56.0, 130304, 0
C, k-nucleotide, -1, 76.331787109375000000, 75.164672851562500000,  ,  , 2800, 57.2, 130304, 0
C, k-nucleotide, -1, 81.283813476562500000, 79.645019531250000000,  ,  , 3162, 57.2, 130304, 0
C, k-nucleotide, -1, 79.732421875000000000, 78.225585937500000000,  ,  , 3113, 56.8, 130304, 0
C, k-nucleotide, -1, 76.826965332031250000, 75.638977050781250000,  ,  , 2817, 57.5, 130304, 0
C, k-nucleotide, -1, 76.223876953125000000, 75.115234375000000000,  ,  , 2756, 58.0, 130304, 0
C, k-nucleotide, -1, 75.007812500000000000, 73.946594238281250000,  ,  , 2682, 58.2, 130304, 0
C, k-nucleotide, -1, 77.273864746093750000, 76.026611328125000000,  ,  , 2888, 57.8, 130304, 0
C, k-nucleotide, -1, 75.814392089843750000, 74.691711425781250000,  ,  , 2744, 58.5, 130304, 0
C, k-nucleotide, -1, 75.659545898437500000, 74.559570312500000000,  ,  , 2724, 58.5, 130304, 0
C, k-nucleotide, -1, 76.792053222656250000, 75.608337402343750000,  ,  , 2805, 58.2, 130304, 0
C, k-nucleotide, -1, 80.604064941406250000, 79.067260742187500000,  ,  , 3153, 58.0, 130304, 0
C, k-nucleotide, -1, 80.694763183593750000, 79.167236328125000000,  ,  , 3171, 57.5, 130304, 0
C, k-nucleotide, -1, 76.403198242187500000, 75.263671875000000000,  ,  , 2778, 59.0, 130304, 0
C, k-nucleotide, -1, 81.740722656250000000, 80.119995117187500000,  ,  , 3221, 57.5, 130304, 0
C, k-nucleotide, -1, 76.836669921875000000, 75.677917480468750000,  ,  , 2797, 59.2, 130304, 0
C, k-nucleotide, -1, 77.281005859375000000, 76.017578125000000000,  ,  , 2879, 59.0, 130304, 0
C, mandelbrot, -1, 26.640930175781250000, 26.298278808593750000,  ,  , 951, 52.0, 33152, 0
C, mandelbrot, -1, 27.451904296875000000, 27.101440429687500000,  ,  , 967, 62.8, 33280, 0
C, mandelbrot, -1, 26.756408691406250000, 26.415527343750000000,  ,  , 951, 52.0, 33024, 0
C, mandelbrot, -1, 26.794189453125000000, 26.460388183593750000,  ,  , 946, 62.5, 33024, 0
C, mandelbrot, -1, 26.730163574218750000, 26.387634277343750000,  ,  , 949, 52.0, 33152, 0
C, mandelbrot, -1, 26.771789550781250000, 26.438293457031250000,  ,  , 946, 62.8, 33280, 0
C, mandelbrot, -1, 26.771179199218750000, 26.433898925781250000,  ,  , 947, 52.2, 33152, 0
C, mandelbrot, -1, 26.914733886718750000, 26.570800781250000000,  ,  , 946, 62.8, 33280, 0
C, mandelbrot, -1, 26.763427734375000000, 26.426879882812500000,  ,  , 947, 52.2, 33280, 0
C, mandelbrot, -1, 26.812866210937500000, 26.469665527343750000,  ,  , 947, 62.5, 33152, 0
C, mandelbrot, -1, 26.828613281250000000, 26.481628417968750000,  ,  , 953, 52.5, 33152, 0
C, mandelbrot, -1, 26.881652832031250000, 26.530334472656250000,  ,  , 946, 63.0, 33152, 0
C, mandelbrot, -1, 26.673095703125000000, 26.335937500000000000,  ,  , 950, 52.2, 33152, 0
C, mandelbrot, -1, 26.843688964843750000, 26.495544433593750000,  ,  , 946, 63.0, 33152, 0
C, mandelbrot, -1, 26.815429687500000000, 26.473754882812500000,  ,  , 951, 52.0, 33024, 0
C, mandelbrot, -1, 26.935363769531250000, 26.590637207031250000,  ,  , 946, 62.5, 33152, 0
C, mandelbrot, -1, 26.853271484375000000, 26.512878417968750000,  ,  , 950, 52.2, 33152, 0
C, mandelbrot, -1, 26.893737792968750000, 26.561279296875000000,  ,  , 946, 63.0, 33024, 0
C, mandelbrot, -1, 26.774291992187500000, 26.435485839843750000,  ,  , 950, 52.2, 33024, 0
C, mandelbrot, -1, 26.968444824218750000, 26.630432128906250000,  ,  , 949, 63.0, 33280, 0
C, n-body, -1, 19.988159179687500000, 19.377807617187500000,  ,  , 1733, 56.2, 1536, 0
C, n-body, -1, 19.888671875000000000, 19.269958496093750000,  ,  , 1735, 56.8, 1536, 0
C, n-body, -1, 19.757812500000000000, 19.150085449218750000,  ,  , 1732, 56.2, 1536, 0
C, n-body, -1, 19.568725585937500000, 18.955261230468750000,  ,  , 1732, 56.2, 1536, 0
C, n-body, -1, 19.892944335937500000, 19.273498535156250000,  ,  , 1735, 55.8, 1536, 0
C, n-body, -1, 19.695861816406250000, 19.086791992187500000,  ,  , 1733, 56.5, 1536, 0
C, n-body, -1, 19.490478515625000000, 18.867675781250000000,  ,  , 1730, 55.8, 1536, 0
C, n-body, -1, 19.675231933593750000, 19.054626464843750000,  ,  , 1731, 55.5, 1536, 0
C, n-body, -1, 19.620056152343750000, 19.007568359375000000,  ,  , 1732, 55.5, 1536, 0
C, n-body, -1, 19.762878417968750000, 19.155395507812500000,  ,  , 1732, 55.8, 1536, 0
C, n-body, -1, 19.697631835937500000, 19.088378906250000000,  ,  , 1731, 55.5, 1536, 0
C, n-body, -1, 19.529418945312500000, 18.914611816406250000,  ,  , 1732, 55.2, 1536, 0
C, n-body, -1, 19.701354980468750000, 19.091247558593750000,  ,  , 1728, 55.8, 1536, 0
C, n-body, -1, 19.501098632812500000, 18.885131835937500000,  ,  , 1731, 55.5, 1536, 0
C, n-body, -1, 19.532897949218750000, 18.906372070312500000,  ,  , 1734, 55.0, 1536, 0
C, n-body, -1, 19.578063964843750000, 18.952880859375000000,  ,  , 1729, 55.0, 1536, 0
C, n-body, -1, 19.697265625000000000, 19.080139160156250000,  ,  , 1729, 55.2, 1536, 0
C, n-body, -1, 19.551452636718750000, 18.927246093750000000,  ,  , 1729, 55.5, 1536, 0
C, n-body, -1, 19.802124023437500000, 19.193481445312500000,  ,  , 1733, 55.8, 1536, 0
C, n-body, -1, 19.719360351562500000, 19.110229492187500000,  ,  , 1734, 55.0, 1536, 0
C, regex-redux, -1, 15.841186523437500000, 15.561340332031250000,  ,  , 689, 56.8, 152256, 0
C, regex-redux, -1, 15.758728027343750000, 15.477966308593750000,  ,  , 694, 50.8, 152256, 0
C, regex-redux, -1, 15.718383789062500000, 15.436889648437500000,  ,  , 690, 57.2, 152256, 0
C, regex-redux, -1, 15.646789550781250000, 15.370666503906250000,  ,  , 693, 51.2, 152256, 0
C, regex-redux, -1, 15.851501464843750000, 15.565063476562500000,  ,  , 689, 57.0, 152260, 0
C, regex-redux, -1, 15.787658691406250000, 15.516479492187500000,  ,  , 694, 50.8, 152256, 0
C, regex-redux, -1, 15.945312500000000000, 15.666870117187500000,  ,  , 691, 57.2, 152256, 0
C, regex-redux, -1, 15.728515625000000000, 15.449462890625000000,  ,  , 693, 51.2, 152256, 0
C, regex-redux, -1, 15.937133789062500000, 15.661071777343750000,  ,  , 689, 57.0, 152260, 0
C, regex-redux, -1, 15.823364257812500000, 15.552429199218750000,  ,  , 693, 51.0, 152256, 0
C, regex-redux, -1, 15.761535644531250000, 15.481384277343750000,  ,  , 690, 56.8, 152256, 0
C, regex-redux, -1, 15.759460449218750000, 15.482055664062500000,  ,  , 693, 50.8, 152256, 0
C, regex-redux, -1, 15.842651367187500000, 15.562255859375000000,  ,  , 690, 56.5, 152260, 0
C, regex-redux, -1, 15.832641601562500000, 15.549316406250000000,  ,  , 694, 51.0, 152256, 0
C, regex-redux, -1, 15.838256835937500000, 15.559082031250000000,  ,  , 689, 57.2, 152256, 0
C, regex-redux, -1, 15.735168457031250000, 15.460815429687500000,  ,  , 691, 51.0, 152256, 0
C, regex-redux, -1, 15.969665527343750000, 15.690979003906250000,  ,  , 690, 57.5, 152256, 0
C, regex-redux, -1, 15.675354003906250000, 15.398620605468750000,  ,  , 693, 50.8, 152256, 0
C, regex-redux, -1, 15.768249511718750000, 15.495422363281250000,  ,  , 689, 56.8, 152256, 0
C, regex-redux, -1, 15.931030273437500000, 15.651672363281250000,  ,  , 697, 51.5, 152260, 0
C, reverse-complement, -1, 1.434509277343750000, 1.376281738281250000,  ,  , 99, 50.5, 127508, 0
C, reverse-complement, -1, 1.452148437500000000, 1.391174316406250000,  ,  , 96, 50.5, 127508, 0
C, reverse-complement, -1, 1.431579589843750000, 1.374023437500000000,  ,  , 94, 50.5, 127508, 0
C, reverse-complement, -1, 1.472900390625000000, 1.414428710937500000,  ,  , 94, 50.5, 127508, 0
C, reverse-complement, -1, 1.462707519531250000, 1.404663085937500000,  ,  , 94, 50.5, 127508, 0
C, reverse-complement, -1, 1.438476562500000000, 1.378784179687500000,  ,  , 94, 50.5, 127640, 0
C, reverse-complement, -1, 1.461364746093750000, 1.393066406250000000,  ,  , 94, 50.5, 127380, 0
C, reverse-complement, -1, 1.450500488281250000, 1.380676269531250000,  ,  , 95, 50.5, 127636, 0
C, reverse-complement, -1, 1.469604492187500000, 1.406555175781250000,  ,  , 95, 50.5, 127512, 0
C, reverse-complement, -1, 1.474609375000000000, 1.403991699218750000,  ,  , 94, 56.8, 127512, 0
C, reverse-complement, -1, 1.439758300781250000, 1.374755859375000000,  ,  , 94, 50.5, 127508, 0
C, reverse-complement, -1, 1.469543457031250000, 1.408813476562500000,  ,  , 94, 50.5, 127512, 0
C, reverse-complement, -1, 1.451660156250000000, 1.390136718750000000,  ,  , 94, 50.5, 127508, 0
C, reverse-complement, -1, 1.462097167968750000, 1.405151367187500000,  ,  , 94, 50.5, 127512, 0
C, reverse-complement, -1, 1.456481933593750000, 1.391967773437500000,  ,  , 93, 50.5, 127508, 0
C, reverse-complement, -1, 1.480346679687500000, 1.408996582031250000,  ,  , 95, 50.5, 127508, 0
C, reverse-complement, -1, 1.459167480468750000, 1.403137207031250000,  ,  , 95, 50.5, 127512, 0
C, reverse-complement, -1, 1.467224121093750000, 1.408508300781250000,  ,  , 94, 50.5, 127508, 0
C, reverse-complement, -1, 1.480224609375000000, 1.405944824218750000,  ,  , 95, 50.5, 127512, 0
C, reverse-complement, -1, 1.485412597656250000, 1.428039550781250000,  ,  , 95, 56.8, 127508, 0
C, spectral-norm, -1, 9.571289062500000000, 9.469238281250000000,  ,  , 312, 50.8, 2048, 0
C, spectral-norm, -1, 9.693054199218750000, 9.583190917968750000,  ,  , 308, 50.8, 2048, 0
C, spectral-norm, -1, 9.601745605468750000, 9.502990722656250000,  ,  , 307, 50.8, 2048, 0
C, spectral-norm, -1, 9.629882812500000000, 9.530883789062500000,  ,  , 308, 62.5, 2048, 0
C, spectral-norm, -1, 9.516662597656250000, 9.405639648437500000,  ,  , 312, 51.2, 2048, 0
C, spectral-norm, -1, 9.643676757812500000, 9.536499023437500000,  ,  , 308, 51.2, 2048, 0
C, spectral-norm, -1, 9.301818847656250000, 9.189208984375000000,  ,  , 328, 51.2, 2048, 0
C, spectral-norm, -1, 9.719482421875000000, 9.606445312500000000,  ,  , 308, 63.5, 2048, 0
C, spectral-norm, -1, 9.625610351562500000, 9.519348144531250000,  ,  , 312, 51.5, 2048, 0
C, spectral-norm, -1, 9.630554199218750000, 9.516052246093750000,  ,  , 307, 51.5, 2048, 0
C, spectral-norm, -1, 9.697387695312500000, 9.588256835937500000,  ,  , 307, 51.5, 2048, 0
C, spectral-norm, -1, 9.763977050781250000, 9.642883300781250000,  ,  , 309, 63.0, 2048, 0
C, spectral-norm, -1, 9.586669921875000000, 9.488098144531250000,  ,  , 312, 51.5, 2048, 0
C, spectral-norm, -1, 9.622863769531250000, 9.518249511718750000,  ,  , 307, 51.5, 2048, 0
C, spectral-norm, -1, 9.704956054687500000, 9.597351074218750000,  ,  , 308, 51.5, 2048, 0
C, spectral-norm, -1, 9.673583984375000000, 9.560302734375000000,  ,  , 307, 63.5, 2048, 0
C, spectral-norm, -1, 9.664062500000000000, 9.560852050781250000,  ,  , 312, 52.0, 2048, 0
C, spectral-norm, -1, 9.706787109375000000, 9.593933105468750000,  ,  , 308, 52.0, 2048, 0
C, spectral-norm, -1, 9.743225097656250000, 9.625610351562500000,  ,  , 308, 52.0, 2048, 0
C, spectral-norm, -1, 9.759582519531250000, 9.646789550781250000,  ,  , 308, 63.2, 2048, 0
C++, binary-trees, -1, 23.973510742187500000, 23.469055175781250000,  ,  , 832, 51.8, 168244, 0
C++, binary-trees, -1, 23.436767578125000000, 22.931823730468750000,  ,  , 794, 60.2, 143800, 0
C++, binary-trees, -1, 24.358032226562500000, 23.806274414062500000,  ,  , 840, 52.2, 145716, 0
C++, binary-trees, -1, 23.851440429687500000, 23.370178222656250000,  ,  , 809, 59.8, 168244, 0
C++, binary-trees, -1, 24.188354492187500000, 23.623107910156250000,  ,  , 875, 51.8, 170296, 0
C++, binary-trees, -1, 23.845275878906250000, 23.356872558593750000,  ,  , 807, 60.2, 168248, 0
C++, binary-trees, -1, 22.472717285156250000, 22.006958007812500000,  ,  , 767, 51.8, 135988, 0
C++, binary-trees, -1, 23.394165039062500000, 22.916015625000000000,  ,  , 813, 59.5, 168244, 0
C++, binary-trees, -1, 23.486389160156250000, 22.962768554687500000,  ,  , 817, 52.0, 145716, 0
C++, binary-trees, -1, 23.334533691406250000, 22.851928710937500000,  ,  , 798, 59.8, 168248, 0
C++, binary-trees, -1, 23.964904785156250000, 23.422607421875000000,  ,  , 840, 52.0, 170292, 0
C++, binary-trees, -1, 22.772888183593750000, 22.311584472656250000,  ,  , 766, 60.5, 134528, 0
C++, binary-trees, -1, 24.114379882812500000, 23.635986328125000000,  ,  , 827, 52.0, 168244, 0
C++, binary-trees, -1, 23.014160156250000000, 22.537963867187500000,  ,  , 763, 60.5, 134528, 0
C++, binary-trees, -1, 22.554260253906250000, 22.086791992187500000,  ,  , 771, 52.2, 134528, 0
C++, binary-trees, -1, 23.715698242187500000, 23.227722167968750000,  ,  , 821, 60.0, 168248, 0
C++, binary-trees, -1, 23.842468261718750000, 23.355895996093750000,  ,  , 818, 52.2, 168244, 0
C++, binary-trees, -1, 23.979248046875000000, 23.453979492187500000,  ,  , 825, 60.0, 170296, 0
C++, binary-trees, -1, 23.029357910156250000, 22.541076660156250000,  ,  , 845, 52.5, 168244, 0
C++, binary-trees, -1, 24.042846679687500000, 23.549011230468750000,  ,  , 822, 59.5, 168244, 0
C++, fannkuch-redux, -1, 88.388610839843750000, 87.137329101562500000,  ,  , 3532, 60.0, 3584, 0
C++, fannkuch-redux, -1, 88.440734863281250000, 87.187255859375000000,  ,  , 3533, 60.5, 3712, 0
C++, fannkuch-redux, -1, 88.525695800781250000, 87.257629394531250000,  ,  , 3535, 61.2, 3584, 0
C++, fannkuch-redux, -1, 88.419372558593750000, 87.159057617187500000,  ,  , 3529, 61.0, 3584, 0
C++, fannkuch-redux, -1, 88.236816406250000000, 86.972717285156250000,  ,  , 3534, 61.0, 3584, 0
C++, fannkuch-redux, -1, 88.477600097656250000, 87.218383789062500000,  ,  , 3533, 61.0, 3584, 0
C++, fannkuch-redux, -1, 88.326599121093750000, 87.072692871093750000,  ,  , 3534, 61.0, 3712, 0
C++, fannkuch-redux, -1, 88.426147460937500000, 87.161926269531250000,  ,  , 3534, 61.5, 3584, 0
C++, fannkuch-redux, -1, 88.448974609375000000, 87.192443847656250000,  ,  , 3531, 62.2, 3712, 0
C++, fannkuch-redux, -1, 88.591613769531250000, 87.332885742187500000,  ,  , 3533, 61.5, 3584, 0
C++, fannkuch-redux, -1, 88.792358398437500000, 87.534362792968750000,  ,  , 3535, 61.5, 3712, 0
C++, fannkuch-redux, -1, 88.581848144531250000, 87.316101074218750000,  ,  , 3534, 61.8, 3584, 0
C++, fannkuch-redux, -1, 88.873535156250000000, 87.606994628906250000,  ,  , 3536, 62.0, 3712, 0
C++, fannkuch-redux, -1, 88.385437011718750000, 87.122253417968750000,  ,  , 3535, 62.0, 3712, 0
C++, fannkuch-redux, -1, 88.499572753906250000, 87.236328125000000000,  ,  , 3534, 62.0, 3584, 0
C++, fannkuch-redux, -1, 88.676513671875000000, 87.410522460937500000,  ,  , 3535, 61.8, 3584, 0
C++, fannkuch-redux, -1, 88.678466796875000000, 87.422546386718750000,  ,  , 3534, 61.5, 3712, 0
C++, fannkuch-redux, -1, 88.628967285156250000, 87.368591308593750000,  ,  , 3537, 62.5, 3584, 0
C++, fannkuch-redux, -1, 88.590515136718750000, 87.330566406250000000,  ,  , 3531, 63.0, 3584, 0
C++, fannkuch-redux, -1, 88.489501953125000000, 87.221313476562500000,  ,  , 3534, 62.5, 3584, 0
C++, fasta, -1, 9.470031738281250000, 9.231689453125000000,  ,  , 666, 54.5, 3244, 0
C++, fasta, -1, 9.567138671875000000, 9.334594726562500000,  ,  , 661, 60.0, 3244, 0
C++, fasta, -1, 9.456298828125000000, 9.220214843750000000,  ,  , 666, 53.8, 3244, 0
C++, fasta, -1, 9.583679199218750000, 9.342346191406250000,  ,  , 661, 59.5, 3372, 0
C++, fasta, -1, 9.455505371093750000, 9.214721679687500000,  ,  , 665, 53.8, 3244, 0
C++, fasta, -1, 9.570434570312500000, 9.333190917968750000,  ,  , 661, 59.2, 3372, 0
C++, fasta, -1, 9.430847167968750000, 9.201110839843750000,  ,  , 664, 54.0, 3244, 0
C++, fasta, -1, 9.514099121093750000, 9.277954101562500000,  ,  , 661, 59.2, 3244, 0
C++, fasta, -1, 9.469360351562500000, 9.235290527343750000,  ,  , 666, 53.8, 3372, 0
C++, fasta, -1, 9.563354492187500000, 9.322082519531250000,  ,  , 661, 59.2, 3244, 0
C++, fasta, -1, 9.487121582031250000, 9.251159667968750000,  ,  , 665, 53.2, 3372, 0
C++, fasta, -1, 9.524963378906250000, 9.287536621093750000,  ,  , 661, 59.5, 3244, 0
C++, fasta, -1, 9.460876464843750000, 9.223876953125000000,  ,  , 661, 53.8, 3372, 0
C++, fasta, -1, 9.534973144531250000, 9.303649902343750000,  ,  , 661, 59.2, 3372, 0
C++, fasta, -1, 9.509765625000000000, 9.274902343750000000,  ,  , 666, 53.5, 3244, 0
C++, fasta, -1, 9.527526855468750000, 9.288208007812500000,  ,  , 661, 58.8, 3244, 0
C++, fasta, -1, 9.535156250000000000, 9.297790527343750000,  ,  , 667, 53.2, 3372, 0
C++, fasta, -1, 9.610351562500000000, 9.369750976562500000,  ,  , 661, 58.5, 3244, 0
C++, fasta, -1, 9.513671875000000000, 9.286682128906250000,  ,  , 665, 53.0, 3244, 0
C++, fasta, -1, 9.586853027343750000, 9.349121093750000000,  ,  , 662, 58.2, 3372, 0
C++, k-nucleotide, -1, 38.046203613281250000, 36.507324218750000000,  ,  , 1759, 59.5, 156500, 0
C++, k-nucleotide, -1, 38.049194335937500000, 36.519653320312500000,  ,  , 1743, 59.8, 156372, 0
C++, k-nucleotide, -1, 37.834960937500000000, 36.311767578125000000,  ,  , 1739, 59.5, 156244, 0
C++, k-nucleotide, -1, 37.549865722656250000, 36.033508300781250000,  ,  , 1725, 59.2, 156244, 0
C++, k-nucleotide, -1, 38.031555175781250000, 36.503540039062500000,  ,  , 1746, 59.5, 156376, 0
C++, k-nucleotide, -1, 38.597229003906250000, 37.140502929687500000,  ,  , 1786, 59.0, 155988, 0
C++, k-nucleotide, -1, 38.106933593750000000, 36.573486328125000000,  ,  , 1746, 59.2, 156372, 0
C++, k-nucleotide, -1, 38.724670410156250000, 37.137939453125000000,  ,  , 1789, 59.2, 156500, 0
C++, k-nucleotide, -1, 38.143493652343750000, 36.582580566406250000,  ,  , 1764, 58.8, 156244, 0
C++, k-nucleotide, -1, 37.792175292968750000, 36.258972167968750000,  ,  , 1737, 59.2, 156504, 0
C++, k-nucleotide, -1, 37.750305175781250000, 36.251770019531250000,  ,  , 1749, 59.8, 156376, 0
C++, k-nucleotide, -1, 38.479370117187500000, 36.920654296875000000,  ,  , 1766, 59.8, 156376, 0
C++, k-nucleotide, -1, 37.640563964843750000, 36.135437011718750000,  ,  , 1728, 58.5, 156248, 0
C++, k-nucleotide, -1, 37.518371582031250000, 36.063415527343750000,  ,  , 1731, 59.8, 156500, 0
C++, k-nucleotide, -1, 37.574279785156250000, 36.088012695312500000,  ,  , 1731, 59.2, 156248, 0
C++, k-nucleotide, -1, 38.477539062500000000, 36.920715332031250000,  ,  , 1793, 59.2, 156244, 0
C++, k-nucleotide, -1, 38.210266113281250000, 36.664123535156250000,  ,  , 1759, 59.0, 156372, 0
C++, k-nucleotide, -1, 37.822753906250000000, 36.304748535156250000,  ,  , 1741, 59.8, 156500, 0
C++, k-nucleotide, -1, 38.544250488281250000, 36.961791992187500000,  ,  , 1786, 59.8, 156116, 0
C++, k-nucleotide, -1, 37.214294433593750000, 35.748413085937500000,  ,  , 1703, 59.8, 156116, 0
C++, mandelbrot, -1, 21.718933105468750000, 21.456298828125000000,  ,  , 748, 53.8, 34304, 0
C++, mandelbrot, -1, 21.869384765625000000, 21.597167968750000000,  ,  , 744, 61.5, 34176, 0
C++, mandelbrot, -1, 21.805297851562500000, 21.548095703125000000,  ,  , 749, 53.8, 34304, 0
C++, mandelbrot, -1, 21.872436523437500000, 21.602111816406250000,  ,  , 743, 61.0, 34176, 0
C++, mandelbrot, -1, 21.804809570312500000, 21.546508789062500000,  ,  , 748, 53.8, 34176, 0
C++, mandelbrot, -1, 21.940246582031250000, 21.671875000000000000,  ,  , 743, 61.5, 34304, 0
C++, mandelbrot, -1, 21.788818359375000000, 21.520996093750000000,  ,  , 749, 54.0, 34304, 0
C++, mandelbrot, -1, 21.969848632812500000, 21.695556640625000000,  ,  , 744, 61.0, 34176, 0
C++, mandelbrot, -1, 21.853271484375000000, 21.596191406250000000,  ,  , 747, 54.5, 34304, 0
C++, mandelbrot, -1, 22.076843261718750000, 21.808837890625000000,  ,  , 743, 61.2, 34176, 0
C++, mandelbrot, -1, 22.061828613281250000, 21.798278808593750000,  ,  , 745, 54.2, 34304, 0
C++, mandelbrot, -1, 21.982116699218750000, 21.709228515625000000,  ,  , 744, 61.5, 34304, 0
C++, mandelbrot, -1, 21.868591308593750000, 21.606994628906250000,  ,  , 747, 54.0, 34304, 0
C++, mandelbrot, -1, 22.022216796875000000, 21.758728027343750000,  ,  , 744, 61.8, 34176, 0
C++, mandelbrot, -1, 21.903015136718750000, 21.630676269531250000,  ,  , 749, 54.5, 34304, 0
C++, mandelbrot, -1, 21.954223632812500000, 21.690124511718750000,  ,  , 744, 62.2, 34304, 0
C++, mandelbrot, -1, 21.836486816406250000, 21.565979003906250000,  ,  , 749, 54.0, 34432, 0
C++, mandelbrot, -1, 21.974609375000000000, 21.707763671875000000,  ,  , 743, 61.5, 34176, 0
C++, mandelbrot, -1, 21.854614257812500000, 21.594787597656250000,  ,  , 748, 54.2, 34304, 0
C++, mandelbrot, -1, 22.095886230468750000, 21.826293945312500000,  ,  , 744, 62.0, 34304, 0
C++, n-body, -1, 20.523254394531250000, 19.905151367187500000,  ,  , 1721, 58.0, 1536, 0
C++, n-body, -1, 20.558959960937500000, 19.944091796875000000,  ,  , 1720, 57.8, 1536, 0
C++, n-body, -1, 20.479553222656250000, 19.862731933593750000,  ,  , 1721, 57.8, 1536, 0
C++, n-body, -1, 20.449340820312500000, 19.845275878906250000,  ,  , 1718, 58.0, 1536, 0
C++, n-body, -1, 20.659118652343750000, 20.050048828125000000,  ,  , 1724, 57.5, 1536, 0
C++, n-body, -1, 20.412475585937500000, 19.804565429687500000,  ,  , 1723, 58.5, 1536, 0
C++, n-body, -1, 20.444213867187500000, 19.839843750000000000,  ,  , 1719, 57.8, 1536, 0
C++, n-body, -1, 20.385864257812500000, 19.779541015625000000,  ,  , 1721, 58.0, 1536, 0
C++, n-body, -1, 20.409240722656250000, 19.799743652343750000,  ,  , 1721, 57.2, 1536, 0
C++, n-body, -1, 20.466979980468750000, 19.854797363281250000,  ,  , 1723, 57.5, 1536, 0
C++, n-body, -1, 20.365478515625000000, 19.749633789062500000,  ,  , 1723, 58.0, 1536, 0
C++, n-body, -1, 20.343811035156250000, 19.728820800781250000,  ,  , 1716, 57.8, 1536, 0
C++, n-body, -1, 20.418579101562500000, 19.804870605468750000,  ,  , 1721, 57.0, 1536, 0
C++, n-body, -1, 20.302978515625000000, 19.687011718750000000,  ,  , 1723, 57.5, 1536, 0
C++, n-body, -1, 20.487731933593750000, 19.879455566406250000,  ,  , 1724, 57.2, 1536, 0
C++, n-body, -1, 20.486877441406250000, 19.879760742187500000,  ,  , 1719, 57.2, 1536, 0
C++, n-body, -1, 20.410766601562500000, 19.797546386718750000,  ,  , 1720, 57.2, 1536, 0
C++, n-body, -1, 20.408264160156250000, 19.806884765625000000,  ,  , 1718, 57.0, 1536, 0
C++, n-body, -1, 20.357666015625000000, 19.752197265625000000,  ,  , 1721, 57.0, 1536, 0
C++, n-body, -1, 20.528259277343750000, 19.914794921875000000,  ,  , 1718, 57.0, 1536, 0
C++, regex-redux, -1, 17.809509277343750000, 17.424377441406250000,  ,  , 949, 52.2, 275960, 0
C++, regex-redux, -1, 18.262634277343750000, 17.851501464843750000,  ,  , 1006, 57.5, 276136, 0
C++, regex-redux, -1, 18.124938964843750000, 17.710571289062500000,  ,  , 1012, 58.0, 276012, 0
C++, regex-redux, -1, 18.287597656250000000, 17.862854003906250000,  ,  , 1027, 57.5, 276012, 0
C++, regex-redux, -1, 18.374938964843750000, 17.960937500000000000,  ,  , 1032, 57.8, 276008, 0
C++, regex-redux, -1, 17.881713867187500000, 17.485351562500000000,  ,  , 948, 52.5, 275956, 0
C++, regex-redux, -1, 18.093078613281250000, 17.691406250000000000,  ,  , 955, 56.8, 275832, 0
C++, regex-redux, -1, 18.370422363281250000, 17.945434570312500000,  ,  , 1024, 56.8, 276012, 0
C++, regex-redux, -1, 18.286926269531250000, 17.876647949218750000,  ,  , 1009, 57.8, 276008, 0
C++, regex-redux, -1, 18.260498046875000000, 17.848266601562500000,  ,  , 1023, 57.2, 276008, 0
C++, regex-redux, -1, 18.243469238281250000, 17.823852539062500000,  ,  , 1009, 57.0, 276008, 0
C++, regex-redux, -1, 17.762817382812500000, 17.375244140625000000,  ,  , 948, 52.0, 275956, 0
C++, regex-redux, -1, 18.054565429687500000, 17.651855468750000000,  ,  , 958, 57.2, 275960, 0
C++, regex-redux, -1, 18.272155761718750000, 17.856689453125000000,  ,  , 1032, 57.5, 276012, 0
C++, regex-redux, -1, 18.250549316406250000, 17.840576171875000000,  ,  , 1025, 57.0, 276008, 0
C++, regex-redux, -1, 18.104980468750000000, 17.696899414062500000,  ,  , 1010, 56.2, 276008, 0
C++, regex-redux, -1, 18.087646484375000000, 17.677001953125000000,  ,  , 1007, 56.8, 276012, 0
C++, regex-redux, -1, 18.354797363281250000, 17.940307617187500000,  ,  , 1020, 57.2, 276008, 0
C++, regex-redux, -1, 18.198791503906250000, 17.784790039062500000,  ,  , 1012, 56.8, 276008, 0
C++, regex-redux, -1, 18.255615234375000000, 17.844177246093750000,  ,  , 1023, 56.5, 276008, 0
C++, reverse-complement, -1, 1.845458984375000000, 1.747863769531250000,  ,  , 150, 52.5, 127360, 0
C++, reverse-complement, -1, 1.862426757812500000, 1.770568847656250000,  ,  , 152, 52.5, 127360, 0
C++, reverse-complement, -1, 1.862487792968750000, 1.761596679687500000,  ,  , 151, 52.5, 127360, 0
C++, reverse-complement, -1, 1.884582519531250000, 1.787170410156250000,  ,  , 151, 52.5, 127360, 0
C++, reverse-complement, -1, 1.885314941406250000, 1.788513183593750000,  ,  , 152, 52.5, 127360, 0
C++, reverse-complement, -1, 1.869384765625000000, 1.773681640625000000,  ,  , 150, 52.5, 127360, 0
C++, reverse-complement, -1, 1.875122070312500000, 1.782165527343750000,  ,  , 152, 56.5, 127360, 0
C++, reverse-complement, -1, 1.851257324218750000, 1.758544921875000000,  ,  , 155, 52.0, 127360, 0
C++, reverse-complement, -1, 1.854980468750000000, 1.758972167968750000,  ,  , 150, 52.0, 127360, 0
C++, reverse-complement, -1, 1.861816406250000000, 1.761718750000000000,  ,  , 151, 52.0, 127360, 0
C++, reverse-complement, -1, 1.865051269531250000, 1.767333984375000000,  ,  , 151, 52.0, 127360, 0
C++, reverse-complement, -1, 1.881835937500000000, 1.781860351562500000,  ,  , 151, 52.0, 127360, 0
C++, reverse-complement, -1, 1.880004882812500000, 1.779663085937500000,  ,  , 151, 52.0, 127360, 0
C++, reverse-complement, -1, 1.884826660156250000, 1.783142089843750000,  ,  , 151, 56.5, 127360, 0
C++, reverse-complement, -1, 1.848693847656250000, 1.757446289062500000,  ,  , 155, 52.0, 127360, 0
C++, reverse-complement, -1, 1.875122070312500000, 1.788635253906250000,  ,  , 151, 52.0, 127360, 0
C++, reverse-complement, -1, 1.883178710937500000, 1.785156250000000000,  ,  , 151, 52.0, 127360, 0
C++, reverse-complement, -1, 1.899291992187500000, 1.794738769531250000,  ,  , 152, 52.0, 127360, 0
C++, reverse-complement, -1, 1.868286132812500000, 1.771606445312500000,  ,  , 150, 52.0, 127360, 0
C++, reverse-complement, -1, 1.873291015625000000, 1.774169921875000000,  ,  , 151, 52.0, 127360, 0
C++, spectral-norm, -1, 8.364868164062500000, 8.246398925781250000,  ,  , 358, 52.2, 2432, 0
C++, spectral-norm, -1, 8.469604492187500000, 8.339904785156250000,  ,  , 355, 52.2, 2432, 0
C++, spectral-norm, -1, 8.492126464843750000, 8.367919921875000000,  ,  , 355, 60.5, 2432, 0
C++, spectral-norm, -1, 8.402099609375000000, 8.271057128906250000,  ,  , 355, 51.5, 2432, 0
C++, spectral-norm, -1, 8.488037109375000000, 8.352478027343750000,  ,  , 355, 51.5, 2432, 0
C++, spectral-norm, -1, 8.262207031250000000, 8.126464843750000000,  ,  , 370, 60.8, 2432, 0
C++, spectral-norm, -1, 8.414306640625000000, 8.287963867187500000,  ,  , 355, 52.2, 2432, 0
C++, spectral-norm, -1, 8.402099609375000000, 8.277648925781250000,  ,  , 354, 52.2, 2432, 0
C++, spectral-norm, -1, 8.427185058593750000, 8.305603027343750000,  ,  , 354, 61.5, 2432, 0
C++, spectral-norm, -1, 8.345581054687500000, 8.225402832031250000,  ,  , 355, 52.0, 2432, 0
C++, spectral-norm, -1, 8.393676757812500000, 8.277648925781250000,  ,  , 354, 52.0, 2432, 0
C++, spectral-norm, -1, 8.448974609375000000, 8.319763183593750000,  ,  , 354, 60.2, 2432, 0
C++, spectral-norm, -1, 8.621643066406250000, 8.485168457031250000,  ,  , 374, 52.2, 2432, 0
C++, spectral-norm, -1, 8.443054199218750000, 8.326416015625000000,  ,  , 355, 52.2, 2432, 0
C++, spectral-norm, -1, 8.485839843750000000, 8.354919433593750000,  ,  , 355, 61.2, 2432, 0
C++, spectral-norm, -1, 8.328002929687500000, 8.211669921875000000,  ,  , 358, 52.0, 2432, 0
C++, spectral-norm, -1, 8.426147460937500000, 8.300537109375000000,  ,  , 355, 52.0, 2432, 0
C++, spectral-norm, -1, 8.470031738281250000, 8.341430664062500000,  ,  , 356, 60.5, 2432, 0
C++, spectral-norm, -1, 8.351257324218750000, 8.230651855468750000,  ,  , 359, 52.2, 2432, 0
C++, spectral-norm, -1, 8.497741699218750000, 8.375183105468750000,  ,  , 357, 52.2, 2432, 0
Java, binary-trees, -1, 57.833007812500000000, 55.602661132812500000,  ,  , 2076, 57.2, 2479788, 0
Java, binary-trees, -1, 57.105712890625000000, 54.843139648437500000,  ,  , 2021, 58.5, 1725724, 0
Java, binary-trees, -1, 57.357604980468750000, 55.096801757812500000,  ,  , 2021, 58.2, 1729488, 0
Java, binary-trees, -1, 58.477722167968750000, 56.231262207031250000,  ,  , 2020, 58.2, 1720984, 0
Java, binary-trees, -1, 55.352355957031250000, 53.103210449218750000,  ,  , 1996, 58.5, 1728136, 0
Java, binary-trees, -1, 56.736877441406250000, 54.478210449218750000,  ,  , 2008, 57.2, 1724416, 0
Java, binary-trees, -1, 55.847106933593750000, 53.616027832031250000,  ,  , 1980, 58.8, 1714484, 0
Java, binary-trees, -1, 57.960083007812500000, 55.712951660156250000,  ,  , 1998, 57.2, 1708172, 0
Java, binary-trees, -1, 57.732849121093750000, 55.497558593750000000,  ,  , 1988, 58.8, 1703864, 0
Java, binary-trees, -1, 58.424560546875000000, 56.169860839843750000,  ,  , 2031, 58.8, 1727668, 0
Java, binary-trees, -1, 57.886840820312500000, 55.647399902343750000,  ,  , 1999, 59.0, 1728048, 0
Java, binary-trees, -1, 57.909484863281250000, 55.669067382812500000,  ,  , 1997, 59.0, 1708264, 0
Java, binary-trees, -1, 56.174926757812500000, 53.924621582031250000,  ,  , 1993, 58.8, 1714632, 0
Java, binary-trees, -1, 56.959106445312500000, 54.709716796875000000,  ,  , 2011, 59.5, 1714368, 0
Java, binary-trees, -1, 58.140441894531250000, 55.901916503906250000,  ,  , 2006, 58.8, 1702148, 0
Java, binary-trees, -1, 58.014831542968750000, 55.775268554687500000,  ,  , 2005, 59.2, 1724696, 0
Java, binary-trees, -1, 59.242187500000000000, 56.989318847656250000,  ,  , 2088, 59.5, 2479228, 0
Java, binary-trees, -1, 57.645935058593750000, 55.397705078125000000,  ,  , 2015, 59.5, 1731044, 0
Java, binary-trees, -1, 58.533325195312500000, 56.270874023437500000,  ,  , 2020, 60.0, 1728856, 0
Java, binary-trees, -1, 58.137145996093750000, 55.892822265625000000,  ,  , 2008, 59.5, 1726856, 0
Java, fannkuch-redux, -1, 257.074768066406250000, 254.276245117187500000,  ,  , 7819, 63.8, 41620, 0
Java, fannkuch-redux, -1, 269.545898437500000000, 266.618408203125000000,  ,  , 8173, 63.8, 41536, 0
Java, fannkuch-redux, -1, 262.960144042968750000, 260.113403320312500000,  ,  , 7929, 63.5, 41696, 0
Java, fannkuch-redux, -1, 257.418090820312500000, 254.631774902343750000,  ,  , 7726, 62.0, 42560, 0
Java, fannkuch-redux, -1, 270.401428222656250000, 267.470520019531250000,  ,  , 8149, 63.0, 41724, 0
Java, fannkuch-redux, -1, 257.332153320312500000, 254.546630859375000000,  ,  , 7784, 63.0, 41464, 0
Java, fannkuch-redux, -1, 256.537719726562500000, 253.761962890625000000,  ,  , 7773, 63.2, 42476, 0
Java, fannkuch-redux, -1, 270.854370117187500000, 267.875122070312500000,  ,  , 8274, 63.0, 41484, 0
Java, fannkuch-redux, -1, 257.818969726562500000, 255.013427734375000000,  ,  , 7837, 63.0, 42324, 0
Java, fannkuch-redux, -1, 263.622863769531250000, 260.770690917968750000,  ,  , 7936, 60.2, 42228, 0
Java, fannkuch-redux, -1, 262.609863281250000000, 259.759216308593750000,  ,  , 7942, 62.5, 42636, 0
Java, fannkuch-redux, -1, 257.924804687500000000, 255.122070312500000000,  ,  , 7850, 62.0, 42468, 0
Java, fannkuch-redux, -1, 262.460571289062500000, 259.608276367187500000,  ,  , 7937, 62.2, 42520, 0
Java, fannkuch-redux, -1, 269.968750000000000000, 267.037048339843750000,  ,  , 8186, 63.8, 41696, 0
Java, fannkuch-redux, -1, 268.882812500000000000, 265.949157714843750000,  ,  , 8175, 61.0, 42304, 0
Java, fannkuch-redux, -1, 270.829040527343750000, 267.892089843750000000,  ,  , 8149, 62.5, 42452, 0
Java, fannkuch-redux, -1, 258.564025878906250000, 255.742065429687500000,  ,  , 7849, 61.2, 41364, 0
Java, fannkuch-redux, -1, 264.465087890625000000, 261.612792968750000000,  ,  , 7960, 62.8, 42164, 0
Java, fannkuch-redux, -1, 269.181884765625000000, 266.248474121093750000,  ,  , 8165, 63.5, 42180, 0
Java, fannkuch-redux, -1, 267.378906250000000000, 264.464294433593750000,  ,  , 8114, 64.0, 41496, 0
Java, fasta, -1, 23.662597656250000000, 23.279357910156250000,  ,  , 1060, 62.5, 47944, 0
Java, fasta, -1, 23.369689941406250000, 22.997619628906250000,  ,  , 1046, 61.0, 47644, 0
Java, fasta, -1, 23.364746093750000000, 22.969421386718750000,  ,  , 1065, 61.5, 47804, 0
Java, fasta, -1, 23.739318847656250000, 23.343322753906250000,  ,  , 1071, 61.2, 47888, 0
Java, fasta, -1, 22.559570312500000000, 22.165344238281250000,  ,  , 1109, 61.5, 47800, 0
Java, fasta, -1, 23.002563476562500000, 22.612854003906250000,  ,  , 1074, 59.0, 47888, 0
Java, fasta, -1, 23.421630859375000000, 23.042175292968750000,  ,  , 1066, 61.0, 48000, 0
Java, fasta, -1, 23.196411132812500000, 22.810852050781250000,  ,  , 1067, 61.0, 47668, 0
Java, fasta, -1, 22.430969238281250000, 22.037597656250000000,  ,  , 1090, 61.2, 47836, 0
Java, fasta, -1, 23.503356933593750000, 23.117492675781250000,  ,  , 1061, 60.5, 48104, 0
Java, fasta, -1, 23.543518066406250000, 23.142639160156250000,  ,  , 1085, 61.0, 48068, 0
Java, fasta, -1, 22.950744628906250000, 22.568847656250000000,  ,  , 1087, 60.8, 47864, 0
Java, fasta, -1, 22.531860351562500000, 22.142395019531250000,  ,  , 1086, 61.5, 47740, 0
Java, fasta, -1, 22.127624511718750000, 21.728027343750000000,  ,  , 1111, 61.8, 48192, 0
Java, fasta, -1, 22.639282226562500000, 22.248229980468750000,  ,  , 1083, 61.0, 47988, 0
Java, fasta, -1, 22.341918945312500000, 21.944274902343750000,  ,  , 1103, 60.8, 47856, 0
Java, fasta, -1, 22.431457519531250000, 22.018615722656250000,  ,  , 1142, 61.5, 47964, 0
Java, fasta, -1, 22.512695312500000000, 22.106262207031250000,  ,  , 1110, 60.5, 47928, 0
Java, fasta, -1, 22.488037109375000000, 22.078002929687500000,  ,  , 1156, 60.0, 47652, 0
Java, fasta, -1, 22.632446289062500000, 22.227783203125000000,  ,  , 1108, 58.5, 47980, 0
Java, k-nucleotide, -1, 103.786254882812500000, 102.272094726562500000,  ,  , 3774, 62.2, 363352, 0
Java, k-nucleotide, -1, 102.345275878906250000, 100.817260742187500000,  ,  , 3824, 61.5, 362028, 0
Java, k-nucleotide, -1, 91.024719238281250000, 89.612548828125000000,  ,  , 3506, 59.0, 362312, 0
Java, k-nucleotide, -1, 101.921875000000000000, 100.423645019531250000,  ,  , 3741, 62.8, 362136, 0
Java, k-nucleotide, -1, 103.987670898437500000, 102.455322265625000000,  ,  , 3820, 62.8, 361380, 0
Java, k-nucleotide, -1, 101.719482421875000000, 100.230224609375000000,  ,  , 3763, 62.2, 361028, 0
Java, k-nucleotide, -1, 102.042175292968750000, 100.530761718750000000,  ,  , 3780, 62.0, 361044, 0
Java, k-nucleotide, -1, 104.556396484375000000, 103.025939941406250000,  ,  , 3805, 62.2, 360932, 0
Java, k-nucleotide, -1, 103.197265625000000000, 101.689697265625000000,  ,  , 3809, 61.8, 360896, 0
Java, k-nucleotide, -1, 103.047424316406250000, 101.546203613281250000,  ,  , 3807, 63.0, 362692, 0
Java, k-nucleotide, -1, 98.178894042968750000, 96.683593750000000000,  ,  , 3708, 59.2, 361692, 0
Java, k-nucleotide, -1, 102.153869628906250000, 100.640563964843750000,  ,  , 3778, 61.8, 361636, 0
Java, k-nucleotide, -1, 105.668212890625000000, 104.152832031250000000,  ,  , 3811, 61.2, 361984, 0
Java, k-nucleotide, -1, 103.524169921875000000, 102.016540527343750000,  ,  , 3773, 62.0, 361836, 0
Java, k-nucleotide, -1, 100.962829589843750000, 99.478271484375000000,  ,  , 3695, 62.8, 362232, 0
Java, k-nucleotide, -1, 102.503051757812500000, 100.979553222656250000,  ,  , 3832, 61.8, 361728, 0
Java, k-nucleotide, -1, 103.322082519531250000, 101.788879394531250000,  ,  , 3826, 59.0, 361148, 0
Java, k-nucleotide, -1, 98.492370605468750000, 97.015991210937500000,  ,  , 3680, 61.5, 362264, 0
Java, k-nucleotide, -1, 102.418395996093750000, 100.880981445312500000,  ,  , 3835, 59.5, 360500, 0
Java, k-nucleotide, -1, 102.128234863281250000, 100.629089355468750000,  ,  , 3768, 62.8, 362368, 0
Java, mandelbrot, -1, 84.039611816406250000, 82.864013671875000000,  ,  , 3273, 63.2, 86380, 0
Java, mandelbrot, -1, 83.630004882812500000, 82.455139160156250000,  ,  , 3255, 63.2, 86336, 0
Java, mandelbrot, -1, 83.188110351562500000, 82.003845214843750000,  ,  , 3278, 63.2, 86244, 0
Java, mandelbrot, -1, 84.790466308593750000, 83.602966308593750000,  ,  , 3287, 62.8, 86532, 0
Java, mandelbrot, -1, 84.659729003906250000, 83.485717773437500000,  ,  , 3261, 63.8, 86404, 0
Java, mandelbrot, -1, 81.657592773437500000, 80.508422851562500000,  ,  , 3207, 62.8, 86404, 0
Java, mandelbrot, -1, 84.538574218750000000, 83.371459960937500000,  ,  , 3246, 63.2, 76140, 0
Java, mandelbrot, -1, 84.096740722656250000, 82.909240722656250000,  ,  , 3293, 62.5, 85868, 0
Java, mandelbrot, -1, 84.020629882812500000, 82.825805664062500000,  ,  , 3290, 60.8, 86116, 0
Java, mandelbrot, -1, 83.065734863281250000, 81.879028320312500000,  ,  , 3290, 62.5, 86232, 0
Java, mandelbrot, -1, 83.155883789062500000, 81.976867675781250000,  ,  , 3272, 62.8, 86532, 0
Java, mandelbrot, -1, 83.008789062500000000, 81.826721191406250000,  ,  , 3283, 63.0, 78180, 0
Java, mandelbrot, -1, 82.333068847656250000, 81.180725097656250000,  ,  , 3201, 63.2, 86236, 0
Java, mandelbrot, -1, 82.853576660156250000, 81.674255371093750000,  ,  , 3281, 63.8, 86636, 0
Java, mandelbrot, -1, 84.529296875000000000, 83.355163574218750000,  ,  , 3256, 63.0, 86332, 0
Java, mandelbrot, -1, 83.914245605468750000, 82.734069824218750000,  ,  , 3277, 62.5, 86356, 0
Java, mandelbrot, -1, 83.145324707031250000, 81.979736328125000000,  ,  , 3245, 64.2, 77932, 0
Java, mandelbrot, -1, 80.764831542968750000, 79.615051269531250000,  ,  , 3167, 63.2, 86360, 0
Java, mandelbrot, -1, 83.768981933593750000, 82.582153320312500000,  ,  , 3287, 62.0, 86060, 0
Java, mandelbrot, -1, 84.177734375000000000, 82.998352050781250000,  ,  , 3267, 62.5, 86404, 0
Java, n-body, -1, 46.269348144531250000, 44.809509277343750000,  ,  , 4061, 59.2, 41348, 0
Java, n-body, -1, 46.365844726562500000, 44.921752929687500000,  ,  , 4057, 59.0, 41476, 0
Java, n-body, -1, 45.907897949218750000, 44.453796386718750000,  ,  , 4061, 59.5, 41324, 0
Java, n-body, -1, 46.031860351562500000, 44.593444824218750000,  ,  , 4038, 58.0, 41452, 0
Java, n-body, -1, 45.727844238281250000, 44.272766113281250000,  ,  , 4041, 58.2, 41308, 0
Java, n-body, -1, 45.514343261718750000, 44.054565429687500000,  ,  , 4061, 58.8, 41436, 0
Java, n-body, -1, 45.740966796875000000, 44.293151855468750000,  ,  , 4036, 57.0, 41348, 0
Java, n-body, -1, 45.855895996093750000, 44.399841308593750000,  ,  , 4060, 58.2, 41452, 0
Java, n-body, -1, 45.938537597656250000, 44.490722656250000000,  ,  , 4060, 58.2, 40928, 0
Java, n-body, -1, 45.914428710937500000, 44.453979492187500000,  ,  , 4065, 57.5, 41448, 0
Java, n-body, -1, 45.197692871093750000, 43.736145019531250000,  ,  , 4063, 56.8, 41348, 0
Java, n-body, -1, 45.550903320312500000, 44.111877441406250000,  ,  , 4035, 57.2, 41452, 0
Java, n-body, -1, 45.202209472656250000, 43.756225585937500000,  ,  , 4062, 58.0, 41580, 0
Java, n-body, -1, 45.136230468750000000, 43.689514160156250000,  ,  , 4060, 58.0, 41580, 0
Java, n-body, -1, 45.370605468750000000, 43.918029785156250000,  ,  , 4056, 57.2, 41604, 0
Java, n-body, -1, 45.568054199218750000, 44.114379882812500000,  ,  , 4058, 57.5, 41348, 0
Java, n-body, -1, 45.510437011718750000, 44.064270019531250000,  ,  , 4033, 57.5, 41580, 0
Java, n-body, -1, 45.888732910156250000, 44.439880371093750000,  ,  , 4032, 57.2, 41572, 0
Java, n-body, -1, 45.514892578125000000, 44.059997558593750000,  ,  , 4061, 57.5, 41576, 0
Java, n-body, -1, 45.911071777343750000, 44.463745117187500000,  ,  , 4056, 57.5, 41348, 0
Java, regex-redux, -1, 109.680236816406250000, 107.960693359375000000,  ,  , 4191, 59.2, 631368, 0
Java, regex-redux, -1, 111.515930175781250000, 109.758789062500000000,  ,  , 4313, 60.0, 631708, 0
Java, regex-redux, -1, 113.632812500000000000, 111.822387695312500000,  ,  , 4440, 58.8, 630600, 0
Java, regex-redux, -1, 111.840454101562500000, 110.095275878906250000,  ,  , 4251, 59.5, 602836, 0
Java, regex-redux, -1, 112.339538574218750000, 110.567016601562500000,  ,  , 4327, 59.5, 630576, 0
Java, regex-redux, -1, 112.002014160156250000, 110.240905761718750000,  ,  , 4300, 59.0, 631028, 0
Java, regex-redux, -1, 110.200134277343750000, 108.469543457031250000,  ,  , 4207, 59.8, 600880, 0
Java, regex-redux, -1, 112.970336914062500000, 111.217468261718750000,  ,  , 4289, 59.8, 582820, 0
Java, regex-redux, -1, 114.602783203125000000, 112.835388183593750000,  ,  , 4329, 60.2, 631784, 0
Java, regex-redux, -1, 112.863647460937500000, 111.129394531250000000,  ,  , 4259, 60.5, 602868, 0
Java, regex-redux, -1, 114.206054687500000000, 112.405334472656250000,  ,  , 4416, 60.2, 630704, 0
Java, regex-redux, -1, 112.976806640625000000, 111.208740234375000000,  ,  , 4321, 61.2, 631280, 0
Java, regex-redux, -1, 111.506164550781250000, 109.750244140625000000,  ,  , 4263, 59.8, 630412, 0
Java, regex-redux, -1, 114.463806152343750000, 112.677734375000000000,  ,  , 4341, 60.5, 581524, 0
Java, regex-redux, -1, 112.635070800781250000, 110.857666015625000000,  ,  , 4367, 59.5, 630612, 0
Java, regex-redux, -1, 114.055969238281250000, 112.326171875000000000,  ,  , 4235, 60.0, 602936, 0
Java, regex-redux, -1, 113.167724609375000000, 111.425415039062500000,  ,  , 4288, 59.5, 601080, 0
Java, regex-redux, -1, 110.863342285156250000, 109.109558105468750000,  ,  , 4286, 60.2, 629796, 0
Java, regex-redux, -1, 111.516479492187500000, 109.779785156250000000,  ,  , 4249, 59.8, 631392, 0
Java, regex-redux, -1, 110.395324707031250000, 108.668762207031250000,  ,  , 4208, 59.5, 604816, 0
Java, reverse-complement, -1, 9.295715332031250000, 8.925537109375000000,  ,  , 707, 55.0, 536356, 0
Java, reverse-complement, -1, 9.449645996093750000, 9.071838378906250000,  ,  , 705, 59.5, 536424, 0
Java, reverse-complement, -1, 9.249938964843750000, 8.876159667968750000,  ,  , 706, 54.8, 536300, 0
Java, reverse-complement, -1, 9.274597167968750000, 8.905334472656250000,  ,  , 701, 58.8, 536364, 0
Java, reverse-complement, -1, 9.357238769531250000, 8.986938476562500000,  ,  , 706, 54.5, 536408, 0
Java, reverse-complement, -1, 9.400146484375000000, 9.024597167968750000,  ,  , 704, 58.0, 536388, 0
Java, reverse-complement, -1, 9.228088378906250000, 8.861938476562500000,  ,  , 710, 54.2, 536252, 0
Java, reverse-complement, -1, 9.368835449218750000, 8.991455078125000000,  ,  , 704, 57.5, 536352, 0
Java, reverse-complement, -1, 9.300109863281250000, 8.925415039062500000,  ,  , 708, 54.2, 536364, 0
Java, reverse-complement, -1, 9.392150878906250000, 9.020751953125000000,  ,  , 704, 58.2, 536448, 0
Java, reverse-complement, -1, 9.292663574218750000, 8.916748046875000000,  ,  , 709, 53.8, 536316, 0
Java, reverse-complement, -1, 9.419433593750000000, 9.048095703125000000,  ,  , 703, 58.2, 536508, 0
Java, reverse-complement, -1, 9.259399414062500000, 8.888610839843750000,  ,  , 710, 54.2, 536480, 0
Java, reverse-complement, -1, 9.329162597656250000, 8.957214355468750000,  ,  , 704, 57.2, 536368, 0
Java, reverse-complement, -1, 9.352539062500000000, 8.974182128906250000,  ,  , 713, 54.0, 536288, 0
Java, reverse-complement, -1, 9.342163085937500000, 8.976928710937500000,  ,  , 704, 58.0, 536492, 0
Java, reverse-complement, -1, 9.247497558593750000, 8.878784179687500000,  ,  , 709, 54.2, 536276, 0
Java, reverse-complement, -1, 9.364318847656250000, 8.996765136718750000,  ,  , 707, 58.0, 536412, 0
Java, reverse-complement, -1, 9.185913085937500000, 8.820800781250000000,  ,  , 709, 54.0, 536328, 0
Java, reverse-complement, -1, 9.328918457031250000, 8.952819824218750000,  ,  , 705, 58.2, 536396, 0
Java, spectral-norm, -1, 13.277709960937500000, 13.073608398437500000,  ,  , 547, 54.0, 42940, 0
Java, spectral-norm, -1, 13.395690917968750000, 13.204284667968750000,  ,  , 532, 61.5, 42348, 0
Java, spectral-norm, -1, 13.395446777343750000, 13.202575683593750000,  ,  , 546, 53.8, 42828, 0
Java, spectral-norm, -1, 13.456115722656250000, 13.261108398437500000,  ,  , 532, 61.8, 42764, 0
Java, spectral-norm, -1, 13.346679687500000000, 13.156555175781250000,  ,  , 552, 54.0, 42728, 0
Java, spectral-norm, -1, 13.624938964843750000, 13.416259765625000000,  ,  , 544, 62.0, 43180, 0
Java, spectral-norm, -1, 13.368835449218750000, 13.174011230468750000,  ,  , 551, 53.8, 42752, 0
Java, spectral-norm, -1, 13.547790527343750000, 13.345520019531250000,  ,  , 536, 61.2, 42756, 0
Java, spectral-norm, -1, 13.205078125000000000, 13.005615234375000000,  ,  , 539, 54.0, 42932, 0
Java, spectral-norm, -1, 13.591430664062500000, 13.391357421875000000,  ,  , 537, 61.8, 42804, 0
Java, spectral-norm, -1, 13.388977050781250000, 13.193847656250000000,  ,  , 549, 53.8, 42696, 0
Java, spectral-norm, -1, 13.235168457031250000, 13.045227050781250000,  ,  , 536, 61.2, 42372, 0
Java, spectral-norm, -1, 13.312622070312500000, 13.123291015625000000,  ,  , 539, 54.0, 42900, 0
Java, spectral-norm, -1, 13.536682128906250000, 13.347534179687500000,  ,  , 537, 61.5, 42728, 0
Java, spectral-norm, -1, 13.624755859375000000, 13.431457519531250000,  ,  , 557, 53.8, 42672, 0
Java, spectral-norm, -1, 13.706237792968750000, 13.510437011718750000,  ,  , 546, 61.5, 43040, 0
Java, spectral-norm, -1, 13.439147949218750000, 13.250793457031250000,  ,  , 550, 54.0, 42976, 0
Java, spectral-norm, -1, 13.479125976562500000, 13.292175292968750000,  ,  , 535, 61.2, 42344, 0
Java, spectral-norm, -1, 13.373779296875000000, 13.190795898437500000,  ,  , 534, 54.0, 42948, 0
Java, spectral-norm, -1, 13.576171875000000000, 13.379333496093750000,  ,  , 537, 61.2, 42832, 0
Python, binary-trees, -1, 972.490905761718750000, 956.565917968750000000,  ,  , 31048, 62.5, 277248, 0
Python, binary-trees, -1, 987.080993652343750000, 971.021240234375000000,  ,  , 31258, 63.8, 277248, 0
Python, binary-trees, -1, 970.783630371093750000, 954.901672363281250000,  ,  , 30993, 63.2, 277120, 0
Python, binary-trees, -1, 977.238037109375000000, 961.295837402343750000,  ,  , 31111, 63.5, 277248, 0
Python, binary-trees, -1, 970.067687988281250000, 954.139221191406250000,  ,  , 31023, 63.2, 277248, 0
Python, binary-trees, -1, 980.560302734375000000, 964.566711425781250000,  ,  , 31242, 63.5, 277248, 0
Python, binary-trees, -1, 971.922424316406250000, 955.991027832031250000,  ,  , 30957, 63.8, 277120, 0
Python, binary-trees, -1, 974.687438964843750000, 958.713317871093750000,  ,  , 31097, 63.5, 277248, 0
Python, binary-trees, -1, 973.496337890625000000, 957.497680664062500000,  ,  , 31087, 64.0, 277248, 0
Python, binary-trees, -1, 970.065002441406250000, 954.140014648437500000,  ,  , 31014, 63.5, 277248, 0
Python, binary-trees, -1, 987.424804687500000000, 971.302917480468750000,  ,  , 31463, 63.2, 277248, 0
Python, binary-trees, -1, 978.641052246093750000, 962.575988769531250000,  ,  , 31212, 63.5, 277248, 0
Python, binary-trees, -1, 978.308898925781250000, 962.264465332031250000,  ,  , 31235, 63.8, 277248, 0
Python, binary-trees, -1, 966.668090820312500000, 950.741577148437500000,  ,  , 30935, 63.5, 277248, 0
Python, binary-trees, -1, 971.144958496093750000, 955.250366210937500000,  ,  , 30969, 63.2, 277120, 0
Python, binary-trees, -1, 975.695007324218750000, 959.749145507812500000,  ,  , 31037, 63.8, 277248, 0
Python, binary-trees, -1, 985.859985351562500000, 969.841308593750000000,  ,  , 31355, 63.5, 277248, 0
Python, binary-trees, -1, 973.947631835937500000, 957.959472656250000000,  ,  , 31078, 63.2, 277248, 0
Python, binary-trees, -1, 978.043090820312500000, 962.032409667968750000,  ,  , 31138, 64.0, 277248, 0
Python, binary-trees, -1, 971.838867187500000000, 955.842163085937500000,  ,  , 31015, 63.8, 277248, 0
Python, fannkuch-redux, -1, 8033.852294921875000000, 7949.980285644531250000,  ,  , 233238, 64.2, 14336, 0
Python, fannkuch-redux, -1, 8026.315551757812500000, 7942.705871582031250000,  ,  , 232079, 64.0, 14464, 0
Python, fannkuch-redux, -1, 8168.118164062500000000, 8083.504882812500000000,  ,  , 235035, 64.8, 14336, 0
Python, fannkuch-redux, -1, 8366.195678710937500000, 8280.342529296875000000,  ,  , 238178, 63.5, 14336, 0
Python, fannkuch-redux, -1, 8170.251525878906250000, 8085.481445312500000000,  ,  , 235557, 63.5, 14336, 0
Python, fannkuch-redux, -1, 8013.301269531250000000, 7928.880981445312500000,  ,  , 233793, 63.5, 14336, 0
Python, fannkuch-redux, -1, 8077.635742187500000000, 7993.356079101562500000,  ,  , 233723, 63.8, 14336, 0
Python, fannkuch-redux, -1, 8089.975952148437500000, 8005.121032714843750000,  ,  , 235540, 63.0, 14336, 0
Python, fannkuch-redux, -1, 8359.655700683593750000, 8274.036010742187500000,  ,  , 237328, 63.5, 14336, 0
Python, fannkuch-redux, -1, 8065.831848144531250000, 7981.911437988281250000,  ,  , 233173, 64.2, 14464, 0
Python, fannkuch-redux, -1, 8226.162414550781250000, 8141.664184570312500000,  ,  , 234732, 64.0, 14336, 0
Python, fannkuch-redux, -1, 8076.766479492187500000, 7992.212036132812500000,  ,  , 235157, 63.5, 14336, 0
Python, fannkuch-redux, -1, 8135.587585449218750000, 8051.097900390625000000,  ,  , 235179, 63.8, 14336, 0
Python, fannkuch-redux, -1, 8064.863891601562500000, 7980.701293945312500000,  ,  , 233981, 63.5, 14336, 0
Python, fannkuch-redux, -1, 8063.797973632812500000, 7979.540771484375000000,  ,  , 233883, 64.2, 14336, 0
Python, fannkuch-redux, -1, 8026.919311523437500000, 7943.132568359375000000,  ,  , 233181, 64.0, 14336, 0
Python, fannkuch-redux, -1, 8054.193298339843750000, 7970.271484375000000000,  ,  , 233492, 65.5, 14336, 0
Python, fannkuch-redux, -1, 8033.177734375000000000, 7949.387878417968750000,  ,  , 233550, 64.5, 14336, 0
Python, fannkuch-redux, -1, 8016.797790527343750000, 7932.499389648437500000,  ,  , 234338, 64.0, 14336, 0
Python, fannkuch-redux, -1, 8139.478942871093750000, 8054.337341308593750000,  ,  , 236805, 64.5, 14464, 0
Python, fasta, -1, 556.507690429687500000, 541.055236816406250000,  ,  , 43272, 58.8, 9728, 0
Python, fasta, -1, 549.502563476562500000, 533.916320800781250000,  ,  , 43287, 58.8, 9728, 0
Python, fasta, -1, 551.666076660156250000, 536.010803222656250000,  ,  , 43557, 58.0, 9728, 0
Python, fasta, -1, 544.635986328125000000, 529.153564453125000000,  ,  , 43296, 57.2, 9600, 0
Python, fasta, -1, 542.947326660156250000, 527.450012207031250000,  ,  , 43269, 57.2, 9728, 0
Python, fasta, -1, 545.861022949218750000, 530.286682128906250000,  ,  , 43331, 56.2, 9600, 0
Python, fasta, -1, 550.507385253906250000, 534.916320800781250000,  ,  , 43383, 57.0, 9728, 0
Python, fasta, -1, 542.086547851562500000, 526.570861816406250000,  ,  , 43257, 56.8, 9728, 0
Python, fasta, -1, 544.430847167968750000, 528.895446777343750000,  ,  , 43284, 56.8, 9728, 0
Python, fasta, -1, 546.493041992187500000, 530.934387207031250000,  ,  , 43321, 56.5, 9728, 0
Python, fasta, -1, 544.791015625000000000, 529.269775390625000000,  ,  , 43275, 55.8, 9728, 0
Python, fasta, -1, 544.437072753906250000, 528.844665527343750000,  ,  , 43508, 56.0, 9728, 0
Python, fasta, -1, 543.539916992187500000, 528.016174316406250000,  ,  , 43310, 56.2, 9600, 0
Python, fasta, -1, 541.167907714843750000, 525.642578125000000000,  ,  , 43305, 55.5, 9600, 0
Python, fasta, -1, 545.086791992187500000, 529.652709960937500000,  ,  , 43300, 56.5, 9600, 0
Python, fasta, -1, 543.636291503906250000, 528.188903808593750000,  ,  , 43304, 55.5, 9728, 0
Python, fasta, -1, 546.193847656250000000, 530.752502441406250000,  ,  , 43262, 56.5, 9728, 0
Python, fasta, -1, 539.719909667968750000, 524.254333496093750000,  ,  , 43266, 56.2, 9728, 0
Python, fasta, -1, 541.463745117187500000, 525.974365234375000000,  ,  , 43309, 56.0, 9728, 0
Python, fasta, -1, 537.644165039062500000, 522.159545898437500000,  ,  , 43380, 55.5, 9728, 0
Python, k-nucleotide, -1, 1236.190856933593750000, 1219.807861328125000000,  ,  , 35986, 63.5, 261936, 0
Python, k-nucleotide, -1, 1223.988891601562500000, 1207.770080566406250000,  ,  , 35720, 65.0, 261828, 0
Python, k-nucleotide, -1, 1238.030639648437500000, 1221.631958007812500000,  ,  , 36000, 65.0, 261928, 0
Python, k-nucleotide, -1, 1223.666381835937500000, 1207.402160644531250000,  ,  , 35561, 65.2, 261924, 0
Python, k-nucleotide, -1, 1227.140686035156250000, 1210.826354980468750000,  ,  , 35715, 66.8, 261924, 0
Python, k-nucleotide, -1, 1257.704711914062500000, 1241.107727050781250000,  ,  , 36440, 66.2, 261828, 0
Python, k-nucleotide, -1, 1234.801879882812500000, 1218.420043945312500000,  ,  , 35870, 65.0, 261960, 0
Python, k-nucleotide, -1, 1231.945068359375000000, 1215.606689453125000000,  ,  , 35722, 66.5, 261796, 0
Python, k-nucleotide, -1, 1219.662902832031250000, 1203.427246093750000000,  ,  , 35465, 66.8, 261928, 0
Python, k-nucleotide, -1, 1231.482055664062500000, 1215.183898925781250000,  ,  , 35737, 66.5, 261828, 0
Python, k-nucleotide, -1, 1226.316528320312500000, 1210.081176757812500000,  ,  , 35584, 66.0, 261928, 0
Python, k-nucleotide, -1, 1232.799865722656250000, 1216.373107910156250000,  ,  , 35712, 66.5, 262052, 0
Python, k-nucleotide, -1, 1232.646728515625000000, 1216.421875000000000000,  ,  , 35632, 66.0, 261928, 0
Python, k-nucleotide, -1, 1237.665222167968750000, 1221.266357421875000000,  ,  , 35964, 66.2, 261828, 0
Python, k-nucleotide, -1, 1225.805664062500000000, 1209.552917480468750000,  ,  , 35577, 66.8, 261808, 0
Python, k-nucleotide, -1, 1235.708496093750000000, 1219.421813964843750000,  ,  , 35731, 66.2, 261820, 0
Python, k-nucleotide, -1, 1229.088195800781250000, 1212.801025390625000000,  ,  , 35645, 66.2, 261956, 0
Python, k-nucleotide, -1, 1262.664123535156250000, 1246.008728027343750000,  ,  , 36861, 64.2, 261800, 0
Python, k-nucleotide, -1, 1244.166137695312500000, 1227.752685546875000000,  ,  , 36142, 65.2, 261828, 0
Python, k-nucleotide, -1, 1228.904846191406250000, 1212.624572753906250000,  ,  , 35757, 66.0, 261928, 0
Python, mandelbrot, -1, 3739.244812011718750000, 3703.217224121093750000,  ,  , 99932, 70.0, 14336, 0
Python, mandelbrot, -1, -258393.624816894531250000, 3714.257507324218750000,  ,  , 100135, 70.5, 14336, 0
Python, mandelbrot, -1, 3890.900878906250000000, -258289.590637207031250000,  ,  , 101133, 70.8, 14336, 0
Python, mandelbrot, -1, 3855.743530273437500000, 3819.237792968750000000,  ,  , 101212, 70.0, 14336, 0
Python, mandelbrot, -1, 3734.583007812500000000, 3698.584472656250000000,  ,  , 99774, 70.2, 14336, 0
Python, mandelbrot, -1, 3945.566833496093750000, 3908.905517578125000000,  ,  , 101624, 70.8, 14464, 0
Python, mandelbrot, -1, 3745.813659667968750000, 3709.849243164062500000,  ,  , 99673, 70.2, 14336, 0
Python, mandelbrot, -1, 3755.478332519531250000, 3719.416870117187500000,  ,  , 99968, 70.5, 14336, 0
Python, mandelbrot, -1, 3843.209350585937500000, 3806.741943359375000000,  ,  , 101094, 70.2, 14464, 0
Python, mandelbrot, -1, 3754.462097167968750000, 3718.298645019531250000,  ,  , 100254, 69.5, 14336, 0
Python, mandelbrot, -1, 3760.146423339843750000, 3724.106201171875000000,  ,  , 99923, 70.0, 14336, 0
Python, mandelbrot, -1, 3858.709594726562500000, 3822.186645507812500000,  ,  , 101199, 70.2, 14336, 0
Python, mandelbrot, -1, 3733.870971679687500000, 3697.884948730468750000,  ,  , 99736, 70.5, 14336, 0
Python, mandelbrot, -1, 3747.857910156250000000, 3711.864135742187500000,  ,  , 99773, 70.0, 14336, 0
Python, mandelbrot, -1, 3756.600769042968750000, 3720.265502929687500000,  ,  , 100770, 70.5, 14464, 0
Python, mandelbrot, -1, 3775.204589843750000000, 3739.081237792968750000,  ,  , 100116, 70.2, 14336, 0
Python, mandelbrot, -1, 3768.934020996093750000, 3732.837341308593750000,  ,  , 100034, 71.2, 14336, 0
Python, mandelbrot, -1, 3795.403259277343750000, 3759.175292968750000000,  ,  , 100492, 70.2, 14464, 0
Python, mandelbrot, -1, 3748.566467285156250000, 3712.456176757812500000,  ,  , 100135, 70.8, 14464, 0
Python, mandelbrot, -1, 3797.071777343750000000, 3760.898864746093750000,  ,  , 100286, 70.2, 14336, 0
Python, n-body, -1, 3228.077819824218750000, 3142.776855468750000000,  ,  , 238940, 55.8, 9856, 0
Python, n-body, -1, 3213.721313476562500000, 3127.972595214843750000,  ,  , 239357, 54.8, 9856, 0
Python, n-body, -1, 3230.105895996093750000, 3144.901550292968750000,  ,  , 238874, 55.8, 9856, 0
Python, n-body, -1, 3227.439758300781250000, 3142.570739746093750000,  ,  , 237667, 56.0, 9728, 0
Python, n-body, -1, 3220.594116210937500000, 3135.825683593750000000,  ,  , 238000, 55.5, 9856, 0
Python, n-body, -1, 3227.301025390625000000, 3140.832580566406250000,  ,  , 241216, 55.2, 9856, 0
Python, n-body, -1, 3231.508850097656250000, 3145.528869628906250000,  ,  , 240748, 54.8, 9856, 0
Python, n-body, -1, 3395.253784179687500000, 3304.471862792968750000,  ,  , 253672, 55.2, 9856, 0
Python, n-body, -1, 3224.946472167968750000, 3138.695373535156250000,  ,  , 240684, 55.0, 9856, 0
Python, n-body, -1, 3205.130004882812500000, 3119.641357421875000000,  ,  , 239225, 55.2, 9728, 0
Python, n-body, -1, 3213.937744140625000000, 3128.198547363281250000,  ,  , 238632, 55.8, 9856, 0
Python, n-body, -1, 3236.945434570312500000, 3150.906433105468750000,  ,  , 240458, 55.2, 9856, 0
Python, n-body, -1, 3256.851867675781250000, 3170.398010253906250000,  ,  , 242722, 55.2, 9728, 0
Python, n-body, -1, 3294.427429199218750000, 3205.756530761718750000,  ,  , 246449, 55.5, 9856, 0
Python, n-body, -1, 3224.548583984375000000, 3138.481018066406250000,  ,  , 239860, 55.8, 9728, 0
Python, n-body, -1, 3217.559631347656250000, 3132.436401367187500000,  ,  , 237915, 55.5, 9728, 0
Python, n-body, -1, 3207.757141113281250000, 3122.318054199218750000,  ,  , 238366, 55.0, 9856, 0
Python, n-body, -1, 3200.070983886718750000, 3115.052001953125000000,  ,  , 237999, 55.2, 9728, 0
Python, n-body, -1, 3262.466064453125000000, 3174.997253417968750000,  ,  , 244177, 55.0, 9856, 0
Python, n-body, -1, 3348.489746093750000000, 3258.722351074218750000,  ,  , 250267, 56.0, 9728, 0
Python, regex-redux, -1, 128.019775390625000000, 125.296081542968750000,  ,  , 7131, 55.8, 460624, 0
Python, regex-redux, -1, 128.046325683593750000, 125.316894531250000000,  ,  , 7132, 56.2, 460680, 0
Python, regex-redux, -1, 127.579345703125000000, 124.855163574218750000,  ,  , 7144, 56.2, 460652, 0
Python, regex-redux, -1, 127.537597656250000000, 124.812133789062500000,  ,  , 7127, 55.8, 460664, 0
Python, regex-redux, -1, 127.646423339843750000, 124.927978515625000000,  ,  , 7118, 56.5, 460480, 0
Python, regex-redux, -1, 127.235717773437500000, 124.525817871093750000,  ,  , 7122, 56.8, 460640, 0
Python, regex-redux, -1, 127.527526855468750000, 124.801635742187500000,  ,  , 7147, 56.8, 460648, 0
Python, regex-redux, -1, 128.200317382812500000, 125.457519531250000000,  ,  , 7156, 56.8, 460772, 0
Python, regex-redux, -1, 128.702270507812500000, 125.969726562500000000,  ,  , 7144, 56.0, 460780, 0
Python, regex-redux, -1, 128.404418945312500000, 125.672668457031250000,  ,  , 7158, 56.2, 460648, 0
Python, regex-redux, -1, 128.087402343750000000, 125.360473632812500000,  ,  , 7142, 56.5, 460664, 0
Python, regex-redux, -1, 127.674377441406250000, 124.950012207031250000,  ,  , 7124, 56.5, 460764, 0
Python, regex-redux, -1, 128.551208496093750000, 125.829711914062500000,  ,  , 7113, 56.8, 460768, 0
Python, regex-redux, -1, 127.405456542968750000, 124.683044433593750000,  ,  , 7129, 57.2, 460428, 0
Python, regex-redux, -1, 127.925476074218750000, 125.197631835937500000,  ,  , 7137, 56.8, 460776, 0
Python, regex-redux, -1, 128.022827148437500000, 125.282897949218750000,  ,  , 7153, 57.0, 460780, 0
Python, regex-redux, -1, 128.230651855468750000, 125.506103515625000000,  ,  , 7131, 56.8, 460576, 0
Python, regex-redux, -1, 128.249572753906250000, 125.527770996093750000,  ,  , 7126, 57.0, 460520, 0
Python, regex-redux, -1, 128.812255859375000000, 126.086730957031250000,  ,  , 7130, 56.8, 460644, 0
Python, regex-redux, -1, 128.488342285156250000, 125.767761230468750000,  ,  , 7124, 58.2, 460644, 0
Python, reverse-complement, -1, 24.253356933593750000, 23.664123535156250000,  ,  , 1422, 57.0, 628208, 0
Python, reverse-complement, -1, 24.405456542968750000, 23.811401367187500000,  ,  , 1417, 57.5, 628192, 0
Python, reverse-complement, -1, 24.456054687500000000, 23.865783691406250000,  ,  , 1425, 57.0, 628200, 0
Python, reverse-complement, -1, 24.544311523437500000, 23.948181152343750000,  ,  , 1427, 56.5, 628180, 0
Python, reverse-complement, -1, 24.486206054687500000, 23.899291992187500000,  ,  , 1422, 56.5, 628292, 0
Python, reverse-complement, -1, 24.365783691406250000, 23.776733398437500000,  ,  , 1418, 56.8, 628296, 0
Python, reverse-complement, -1, 24.366333007812500000, 23.775207519531250000,  ,  , 1418, 56.5, 628336, 0
Python, reverse-complement, -1, 24.491088867187500000, 23.894042968750000000,  ,  , 1427, 57.2, 628428, 0
Python, reverse-complement, -1, 24.196899414062500000, 23.602661132812500000,  ,  , 1414, 57.0, 628180, 0
Python, reverse-complement, -1, 24.255920410156250000, 23.669799804687500000,  ,  , 1416, 56.0, 628200, 0
Python, reverse-complement, -1, 24.343078613281250000, 23.756652832031250000,  ,  , 1419, 56.2, 628180, 0
Python, reverse-complement, -1, 24.354492187500000000, 23.758850097656250000,  ,  , 1422, 56.8, 628424, 0
Python, reverse-complement, -1, 24.173522949218750000, 23.588500976562500000,  ,  , 1420, 56.5, 628200, 0
Python, reverse-complement, -1, 24.447265625000000000, 23.849060058593750000,  ,  , 1425, 56.5, 628308, 0
Python, reverse-complement, -1, 24.340576171875000000, 23.745239257812500000,  ,  , 1423, 57.2, 628300, 0
Python, reverse-complement, -1, 24.174377441406250000, 23.580566406250000000,  ,  , 1412, 56.5, 628200, 0
Python, reverse-complement, -1, 24.246337890625000000, 23.665222167968750000,  ,  , 1421, 56.5, 628296, 0
Python, reverse-complement, -1, 24.317932128906250000, 23.731445312500000000,  ,  , 1418, 56.8, 628300, 0
Python, reverse-complement, -1, 24.253601074218750000, 23.663940429687500000,  ,  , 1412, 56.5, 628424, 0
Python, reverse-complement, -1, 24.366943359375000000, 23.785339355468750000,  ,  , 1416, 57.0, 628296, 0
Python, spectral-norm, -1, 2843.884948730468750000, 2816.471740722656250000,  ,  , 76002, 69.2, 15872, 0
Python, spectral-norm, -1, 2847.341491699218750000, 2820.203979492187500000,  ,  , 75225, 70.2, 15872, 0
Python, spectral-norm, -1, 2856.861755371093750000, 2829.407104492187500000,  ,  , 76090, 70.5, 15616, 0
Python, spectral-norm, -1, 2877.133117675781250000, 2849.604553222656250000,  ,  , 76276, 70.2, 15872, 0
Python, spectral-norm, -1, 2862.103027343750000000, 2834.632873535156250000,  ,  , 76085, 70.2, 15872, 0
Python, spectral-norm, -1, 2871.523559570312500000, 2844.183471679687500000,  ,  , 75697, 70.0, 15872, 0
Python, spectral-norm, -1, 2897.763000488281250000, 2870.149780273437500000,  ,  , 76535, 69.8, 15872, 0
Python, spectral-norm, -1, 2831.393798828125000000, 2804.233032226562500000,  ,  , 75268, 70.2, 15744, 0
Python, spectral-norm, -1, 2864.292114257812500000, 2836.819702148437500000,  ,  , 76120, 70.5, 15872, 0
Python, spectral-norm, -1, 2839.550170898437500000, 2812.334594726562500000,  ,  , 75394, 69.5, 15872, 0
Python, spectral-norm, -1, 2884.742919921875000000, 2857.016174316406250000,  ,  , 76853, 69.8, 16000, 0
Python, spectral-norm, -1, 2834.375976562500000000, 2807.218627929687500000,  ,  , 75237, 69.2, 15744, 0
Python, spectral-norm, -1, 2885.618774414062500000, 2857.603881835937500000,  ,  , 77612, 68.2, 15744, 0
Python, spectral-norm, -1, 2881.747375488281250000, 2854.217102050781250000,  ,  , 76249, 69.8, 15744, 0
Python, spectral-norm, -1, 2855.949584960937500000, 2828.465881347656250000,  ,  , 76150, 70.0, 15872, 0
Python, spectral-norm, -1, 2863.275329589843750000, 2835.879211425781250000,  ,  , 75895, 70.2, 15872, 0
Python, spectral-norm, -1, 2881.762573242187500000, 2854.287963867187500000,  ,  , 76138, 69.8, 15872, 0
Python, spectral-norm, -1, 2863.362731933593750000, 2835.930236816406250000,  ,  , 76058, 70.8, 15872, 0
Python, spectral-norm, -1, 2831.825805664062500000, 2804.669677734375000000,  ,  , 75246, 70.2, 15744, 0
Python, spectral-norm, -1, 2853.127624511718750000, 2825.920410156250000000,  ,  , 75383, 70.0, 15616, 0
C, binary-trees, 2, 15.394958496093750000, 13.526977539062500000,  ,  , 4867, 55.5, 134400, 0
C, binary-trees, 2, 14.284484863281250000, 12.642944335937500000,  ,  , 4261, 55.0, 134400, 0
C, binary-trees, 2, 14.435607910156250000, 12.769592285156250000,  ,  , 4319, 55.0, 134272, 0
C, binary-trees, 2, 14.569641113281250000, 12.878784179687500000,  ,  , 4395, 54.5, 134400, 0
C, binary-trees, 2, 14.587951660156250000, 12.886718750000000000,  ,  , 4431, 54.5, 134400, 0
C, binary-trees, 2, 14.577148437500000000, 12.875915527343750000,  ,  , 4416, 54.2, 134400, 0
C, binary-trees, 2, 14.470214843750000000, 12.769470214843750000,  ,  , 4421, 54.0, 134400, 0
C, binary-trees, 2, 14.224060058593750000, 12.524780273437500000,  ,  , 4416, 54.2, 134400, 0
C, binary-trees, 2, 14.127502441406250000, 12.433227539062500000,  ,  , 4405, 53.8, 134272, 0
C, binary-trees, 2, 14.223327636718750000, 12.506896972656250000,  ,  , 4448, 53.8, 134400, 0
C, binary-trees, 2, 14.278320312500000000, 12.572875976562500000,  ,  , 4436, 53.5, 134400, 0
C, binary-trees, 2, 14.133911132812500000, 12.439086914062500000,  ,  , 4396, 52.2, 134400, 0
C, binary-trees, 2, 14.288879394531250000, 12.582885742187500000,  ,  , 4420, 53.0, 134272, 0
C, binary-trees, 2, 14.796325683593750000, 13.028686523437500000,  ,  , 4605, 52.8, 134272, 0
C, binary-trees, 2, 14.325683593750000000, 12.623596191406250000,  ,  , 4425, 52.5, 134400, 0
C, binary-trees, 2, 14.381286621093750000, 12.686462402343750000,  ,  , 4403, 52.5, 134400, 0
C, binary-trees, 2, 14.495361328125000000, 12.758911132812500000,  ,  , 4528, 52.0, 134400, 0
C, binary-trees, 2, 14.222290039062500000, 12.533508300781250000,  ,  , 4393, 52.0, 134400, 0
C, binary-trees, 2, 14.139343261718750000, 12.445556640625000000,  ,  , 4399, 52.0, 134272, 0
C, binary-trees, 2, 14.166015625000000000, 12.467956542968750000,  ,  , 4414, 51.8, 134272, 0
C, fannkuch-redux, 2, 29.560913085937500000, 26.381286621093750000,  ,  , 8934, 51.5, 1664, 0
C, fannkuch-redux, 2, 29.276306152343750000, 26.118591308593750000,  ,  , 8916, 51.5, 1664, 0
C, fannkuch-redux, 2, 29.288330078125000000, 26.107543945312500000,  ,  , 8932, 50.8, 1664, 0
C, fannkuch-redux, 2, 29.860534667968750000, 26.637023925781250000,  ,  , 8996, 50.5, 1536, 0
C, fannkuch-redux, 2, 29.650207519531250000, 26.433044433593750000,  ,  , 8952, 50.2, 1664, 0
C, fannkuch-redux, 2, 29.679809570312500000, 26.477478027343750000,  ,  , 8935, 50.2, 1664, 0
C, fannkuch-redux, 2, 29.676940917968750000, 26.480346679687500000,  ,  , 8932, 50.0, 1664, 0
C, fannkuch-redux, 2, 29.724975585937500000, 26.522460937500000000,  ,  , 8932, 50.0, 1664, 0
C, fannkuch-redux, 2, 29.900939941406250000, 26.701477050781250000,  ,  , 8938, 50.0, 1664, 0
C, fannkuch-redux, 2, 29.977539062500000000, 26.786071777343750000,  ,  , 8942, 49.8, 1664, 0
C, fannkuch-redux, 2, 29.586791992187500000, 26.395874023437500000,  ,  , 8932, 49.2, 1664, 0
C, fannkuch-redux, 2, 29.885498046875000000, 26.708923339843750000,  ,  , 8923, 49.5, 1664, 0
C, fannkuch-redux, 2, 30.144165039062500000, 26.908630371093750000,  ,  , 9086, 49.8, 1536, 0
C, fannkuch-redux, 2, 29.313049316406250000, 26.130310058593750000,  ,  , 8935, 49.2, 1664, 0
C, fannkuch-redux, 2, 29.380859375000000000, 26.192871093750000000,  ,  , 8932, 48.8, 1664, 0
C, fannkuch-redux, 2, 29.464782714843750000, 26.276062011718750000,  ,  , 8923, 48.5, 1664, 0
C, fannkuch-redux, 2, 29.544006347656250000, 26.359008789062500000,  ,  , 8927, 48.5, 1664, 0
C, fannkuch-redux, 2, 29.610595703125000000, 26.424499511718750000,  ,  , 8938, 48.8, 1664, 0
C, fannkuch-redux, 2, 29.558959960937500000, 26.381347656250000000,  ,  , 8930, 48.2, 1664, 0
C, fannkuch-redux, 2, 29.258117675781250000, 26.073242187500000000,  ,  , 8933, 48.8, 1664, 0
C, fasta, 2, 4.752685546875000000, 3.601440429687500000,  ,  , 3164, 48.0, 1408, 0
C, fasta, 2, 4.737182617187500000, 3.586975097656250000,  ,  , 3166, 47.5, 1408, 0
C, fasta, 2, 4.715698242187500000, 3.602416992187500000,  ,  , 3078, 48.2, 1408, 0
C, fasta, 2, 3.998901367187500000, 3.247924804687500000,  ,  , 2121, 47.8, 1408, 0
C, fasta, 2, 3.988098144531250000, 3.265197753906250000,  ,  , 2036, 48.2, 1408, 0
C, fasta, 2, 3.934265136718750000, 3.217041015625000000,  ,  , 2016, 48.5, 1408, 0
C, fasta, 2, 3.908569335937500000, 3.197448730468750000,  ,  , 1995, 47.8, 1408, 0
C, fasta, 2, 3.926208496093750000, 3.211120605468750000,  ,  , 2002, 48.0, 1408, 0
C, fasta, 2, 4.064086914062500000, 3.327331542968750000,  ,  , 2074, 47.8, 1408, 0
C, fasta, 2, 3.917846679687500000, 3.203918457031250000,  ,  , 2001, 48.0, 1408, 0
C, fasta, 2, 3.912414550781250000, 3.204589843750000000,  ,  , 1981, 47.8, 1408, 0
C, fasta, 2, 3.882812500000000000, 3.176208496093750000,  ,  , 1982, 48.2, 1408, 0
C, fasta, 2, 3.907165527343750000, 3.195312500000000000,  ,  , 2002, 47.8, 1408, 0
C, fasta, 2, 3.898986816406250000, 3.194213867187500000,  ,  , 1981, 47.8, 1408, 0
C, fasta, 2, 3.888916015625000000, 3.182556152343750000,  ,  , 1993, 48.2, 1408, 0
C, fasta, 2, 3.883483886718750000, 3.186523437500000000,  ,  , 1970, 47.8, 1408, 0
C, fasta, 2, 3.883483886718750000, 3.179687500000000000,  ,  , 1979, 47.8, 1408, 0
C, fasta, 2, 3.930480957031250000, 3.215637207031250000,  ,  , 2010, 47.5, 1408, 0
C, fasta, 2, 3.897827148437500000, 3.191955566406250000,  ,  , 1988, 47.8, 1408, 0
C, fasta, 2, 3.958862304687500000, 3.242248535156250000,  ,  , 2018, 47.5, 1408, 0
C, k-nucleotide, 2, 39.238342285156250000, 35.176147460937500000,  ,  , 11309, 47.8, 130304, 0
C, k-nucleotide, 2, 39.713439941406250000, 35.569274902343750000,  ,  , 11255, 48.0, 130304, 0
C, k-nucleotide, 2, 39.417785644531250000, 35.352905273437500000,  ,  , 11233, 47.8, 130304, 0
C, k-nucleotide, 2, 39.354003906250000000, 35.351074218750000000,  ,  , 11167, 47.5, 130304, 0
C, k-nucleotide, 2, 39.972595214843750000, 35.881103515625000000,  ,  , 11356, 47.5, 130304, 0
C, k-nucleotide, 2, 39.631286621093750000, 35.597961425781250000,  ,  , 11240, 47.8, 130304, 0
C, k-nucleotide, 2, 39.905151367187500000, 35.727661132812500000,  ,  , 11274, 47.2, 130304, 0
C, k-nucleotide, 2, 40.039367675781250000, 35.919250488281250000,  ,  , 11293, 47.2, 130304, 0
C, k-nucleotide, 2, 40.171508789062500000, 35.963745117187500000,  ,  , 11392, 47.0, 130304, 0
C, k-nucleotide, 2, 40.166625976562500000, 36.097534179687500000,  ,  , 11191, 46.8, 130304, 0
C, k-nucleotide, 2, 40.597900390625000000, 36.510070800781250000,  ,  , 11150, 46.8, 130304, 0
C, k-nucleotide, 2, 40.858093261718750000, 36.755737304687500000,  ,  , 11201, 47.0, 130304, 0
C, k-nucleotide, 2, 40.615051269531250000, 36.559509277343750000,  ,  , 11224, 47.0, 130304, 0
C, k-nucleotide, 2, 40.555603027343750000, 36.426513671875000000,  ,  , 11298, 47.2, 130304, 0
C, k-nucleotide, 2, 40.327758789062500000, 36.250183105468750000,  ,  , 11192, 47.2, 130304, 0
C, k-nucleotide, 2, 40.526367187500000000, 36.427062988281250000,  ,  , 11230, 46.8, 130304, 0
C, k-nucleotide, 2, 40.423889160156250000, 36.329833984375000000,  ,  , 11229, 47.0, 130304, 0
C, k-nucleotide, 2, 40.650085449218750000, 36.539428710937500000,  ,  , 11256, 47.0, 130304, 0
C, k-nucleotide, 2, 40.164916992187500000, 36.166625976562500000,  ,  , 11166, 46.8, 130304, 0
C, k-nucleotide, 2, 40.259704589843750000, 36.228149414062500000,  ,  , 11212, 46.8, 130304, 0
C, mandelbrot, 2, 13.934692382812500000, 12.409973144531250000,  ,  , 4284, 46.5, 33152, 0
C, mandelbrot, 2, 13.944274902343750000, 12.415466308593750000,  ,  , 4288, 46.8, 33152, 0
C, mandelbrot, 2, 14.065612792968750000, 12.536926269531250000,  ,  , 4287, 46.8, 33152, 0
C, mandelbrot, 2, 14.091674804687500000, 12.562927246093750000,  ,  , 4286, 46.8, 33024, 0
C, mandelbrot, 2, 14.138671875000000000, 12.608032226562500000,  ,  , 4287, 46.2, 33024, 0
C, mandelbrot, 2, 13.872314453125000000, 12.341796875000000000,  ,  , 4298, 47.0, 33152, 0
C, mandelbrot, 2, 14.152832031250000000, 12.622436523437500000,  ,  , 4289, 46.8, 33024, 0
C, mandelbrot, 2, 14.285644531250000000, 12.755371093750000000,  ,  , 4287, 47.0, 33152, 0
C, mandelbrot, 2, 14.133972167968750000, 12.603515625000000000,  ,  , 4286, 46.8, 33152, 0
C, mandelbrot, 2, 13.964233398437500000, 12.436218261718750000,  ,  , 4288, 46.8, 33152, 0
C, mandelbrot, 2, 13.875854492187500000, 12.345703125000000000,  ,  , 4290, 46.2, 33152, 0
C, mandelbrot, 2, 14.022949218750000000, 12.492309570312500000,  ,  , 4286, 46.8, 33152, 0
C, mandelbrot, 2, 14.017822265625000000, 12.482604980468750000,  ,  , 4296, 46.2, 33280, 0
C, mandelbrot, 2, 13.526489257812500000, 12.004455566406250000,  ,  , 4288, 46.8, 33024, 0
C, mandelbrot, 2, 13.799377441406250000, 12.274047851562500000,  ,  , 4290, 46.2, 33152, 0
C, mandelbrot, 2, 13.694152832031250000, 12.168884277343750000,  ,  , 4284, 46.8, 33280, 0
C, mandelbrot, 2, 13.628662109375000000, 12.103759765625000000,  ,  , 4287, 46.5, 33152, 0
C, mandelbrot, 2, 13.588684082031250000, 12.062744140625000000,  ,  , 4286, 46.8, 33152, 0
C, mandelbrot, 2, 13.718566894531250000, 12.195678710937500000,  ,  , 4284, 46.5, 33152, 0
C, mandelbrot, 2, 13.847595214843750000, 12.320251464843750000,  ,  , 4287, 46.0, 33152, 0
C, n-body, 2, 13.882080078125000000, 11.024719238281250000,  ,  , 7998, 45.5, 1536, 0
C, n-body, 2, 11.989807128906250000, 9.809387207031250000,  ,  , 6166, 45.5, 1536, 0
C, n-body, 2, 11.509399414062500000, 9.432189941406250000,  ,  , 5880, 46.0, 1536, 0
C, n-body, 2, 11.772094726562500000, 9.652648925781250000,  ,  , 6002, 46.0, 1536, 0
C, n-body, 2, 11.960998535156250000, 9.813049316406250000,  ,  , 6076, 45.5, 1536, 0
C, n-body, 2, 11.849060058593750000, 9.713439941406250000,  ,  , 6038, 45.5, 1536, 0
C, n-body, 2, 11.767395019531250000, 9.650146484375000000,  ,  , 5999, 45.5, 1536, 0
C, n-body, 2, 11.529296875000000000, 9.447998046875000000,  ,  , 5893, 45.5, 1536, 0
C, n-body, 2, 11.817810058593750000, 9.694702148437500000,  ,  , 6016, 45.5, 1536, 0
C, n-body, 2, 11.653991699218750000, 9.554443359375000000,  ,  , 5950, 45.8, 1536, 0
C, n-body, 2, 11.633483886718750000, 9.539489746093750000,  ,  , 5934, 45.0, 1536, 0
C, n-body, 2, 11.501953125000000000, 9.430664062500000000,  ,  , 5852, 45.2, 1536, 0
C, n-body, 2, 11.353027343750000000, 9.297607421875000000,  ,  , 5789, 46.0, 1536, 0
C, n-body, 2, 11.467102050781250000, 9.405700683593750000,  ,  , 5842, 45.5, 1536, 0
C, n-body, 2, 11.110717773437500000, 9.105590820312500000,  ,  , 5656, 45.5, 1536, 0
C, n-body, 2, 10.995605468750000000, 8.999694824218750000,  ,  , 5599, 45.8, 1536, 0
C, n-body, 2, 11.194335937500000000, 9.179077148437500000,  ,  , 5696, 45.2, 1536, 0
C, n-body, 2, 11.250976562500000000, 9.224426269531250000,  ,  , 5729, 45.8, 1536, 0
C, n-body, 2, 11.171997070312500000, 9.157409667968750000,  ,  , 5691, 44.8, 1536, 0
C, n-body, 2, 11.243835449218750000, 9.211425781250000000,  ,  , 5726, 45.2, 1536, 0
C, regex-redux, 2, 8.683959960937500000, 7.552185058593750000,  ,  , 3115, 45.2, 152256, 0
C, regex-redux, 2, 8.634094238281250000, 7.502319335937500000,  ,  , 3116, 45.0, 152256, 0
C, regex-redux, 2, 8.692321777343750000, 7.557861328125000000,  ,  , 3119, 44.8, 152260, 0
C, regex-redux, 2, 8.715209960937500000, 7.578979492187500000,  ,  , 3119, 45.0, 152256, 0
C, regex-redux, 2, 8.696777343750000000, 7.562316894531250000,  ,  , 3117, 44.8, 152256, 0
C, regex-redux, 2, 8.828369140625000000, 7.687683105468750000,  ,  , 3135, 45.2, 152256, 0
C, regex-redux, 2, 8.710449218750000000, 7.576965332031250000,  ,  , 3129, 45.2, 152256, 0
C, regex-redux, 2, 9.304748535156250000, 8.119628906250000000,  ,  , 3274, 44.8, 152260, 0
C, regex-redux, 2, 8.816528320312500000, 7.682861328125000000,  ,  , 3119, 45.2, 152256, 0
C, regex-redux, 2, 8.643127441406250000, 7.510314941406250000,  ,  , 3116, 45.2, 152256, 0
C, regex-redux, 2, 8.753967285156250000, 7.614807128906250000,  ,  , 3131, 45.0, 152208, 0
C, regex-redux, 2, 8.774963378906250000, 7.633361816406250000,  ,  , 3136, 45.2, 152256, 0
C, regex-redux, 2, 8.659729003906250000, 7.527893066406250000,  ,  , 3118, 45.2, 152256, 0
C, regex-redux, 2, 8.477539062500000000, 7.343444824218750000,  ,  , 3120, 45.2, 152256, 0
C, regex-redux, 2, 8.619750976562500000, 7.485046386718750000,  ,  , 3124, 44.8, 152260, 0
C, regex-redux, 2, 8.686889648437500000, 7.553588867187500000,  ,  , 3117, 45.2, 152256, 0
C, regex-redux, 2, 8.709289550781250000, 7.574157714843750000,  ,  , 3119, 45.0, 152260, 0
C, regex-redux, 2, 8.837402343750000000, 7.698852539062500000,  ,  , 3130, 45.2, 152080, 0
C, regex-redux, 2, 8.845214843750000000, 7.711914062500000000,  ,  , 3122, 45.0, 152256, 0
C, regex-redux, 2, 8.765930175781250000, 7.632324218750000000,  ,  , 3120, 44.8, 152256, 0
C, reverse-complement, 2, 0.790649414062500000, 0.635742187500000000,  ,  , 359, 45.2, 127508, 0
C, reverse-complement, 2, 0.783386230468750000, 0.628723144531250000,  ,  , 359, 45.2, 127508, 0
C, reverse-complement, 2, 0.781799316406250000, 0.627990722656250000,  ,  , 359, 45.2, 127508, 0
C, reverse-complement, 2, 0.787353515625000000, 0.632080078125000000,  ,  , 359, 45.2, 127512, 0
C, reverse-complement, 2, 0.792785644531250000, 0.636962890625000000,  ,  , 362, 45.2, 127508, 0
C, reverse-complement, 2, 0.796691894531250000, 0.637695312500000000,  ,  , 369, 45.0, 127508, 0
C, reverse-complement, 2, 0.793823242187500000, 0.638671875000000000,  ,  , 359, 45.0, 127512, 0
C, reverse-complement, 2, 0.786621093750000000, 0.631469726562500000,  ,  , 357, 45.0, 127508, 0
C, reverse-complement, 2, 0.790649414062500000, 0.635070800781250000,  ,  , 360, 45.2, 127512, 0
C, reverse-complement, 2, 0.794555664062500000, 0.637451171875000000,  ,  , 361, 45.2, 127508, 0
C, reverse-complement, 2, 0.780151367187500000, 0.624938964843750000,  ,  , 358, 45.2, 127640, 0
C, reverse-complement, 2, 0.789672851562500000, 0.633972167968750000,  ,  , 358, 45.5, 127508, 0
C, reverse-complement, 2, 0.788085937500000000, 0.634765625000000000,  ,  , 358, 45.5, 127508, 0
C, reverse-complement, 2, 0.770080566406250000, 0.615234375000000000,  ,  , 358, 45.5, 127508, 0
C, reverse-complement, 2, 0.771911621093750000, 0.616149902343750000,  ,  , 357, 45.0, 127508, 0
C, reverse-complement, 2, 0.769104003906250000, 0.613037109375000000,  ,  , 360, 45.0, 127420, 0
C, reverse-complement, 2, 0.772949218750000000, 0.615905761718750000,  ,  , 359, 45.0, 127508, 0
C, reverse-complement, 2, 0.782226562500000000, 0.626037597656250000,  ,  , 358, 44.8, 127508, 0
C, reverse-complement, 2, 0.787963867187500000, 0.633239746093750000,  ,  , 356, 44.8, 127508, 0
C, reverse-complement, 2, 0.793151855468750000, 0.637512207031250000,  ,  , 359, 44.8, 127508, 0
C, spectral-norm, 2, 4.995849609375000000, 4.505126953125000000,  ,  , 1392, 45.5, 2048, 0
C, spectral-norm, 2, 4.991088867187500000, 4.498657226562500000,  ,  , 1394, 45.2, 2048, 0
C, spectral-norm, 2, 5.010253906250000000, 4.517700195312500000,  ,  , 1392, 45.0, 2048, 0
C, spectral-norm, 2, 4.979370117187500000, 4.488708496093750000,  ,  , 1392, 45.8, 2048, 0
C, spectral-norm, 2, 4.984924316406250000, 4.494384765625000000,  ,  , 1395, 45.2, 2048, 0
C, spectral-norm, 2, 5.008056640625000000, 4.512512207031250000,  ,  , 1402, 45.5, 2048, 0
C, spectral-norm, 2, 4.974182128906250000, 4.480163574218750000,  ,  , 1394, 45.5, 2048, 0
C, spectral-norm, 2, 4.976135253906250000, 4.482238769531250000,  ,  , 1395, 45.8, 2048, 0
C, spectral-norm, 2, 4.976257324218750000, 4.485290527343750000,  ,  , 1392, 45.5, 2048, 0
C, spectral-norm, 2, 4.978698730468750000, 4.487976074218750000,  ,  , 1394, 45.5, 2048, 0
C, spectral-norm, 2, 4.986328125000000000, 4.493347167968750000,  ,  , 1394, 46.0, 2048, 0
C, spectral-norm, 2, 4.996826171875000000, 4.503173828125000000,  ,  , 1394, 45.5, 2048, 0
C, spectral-norm, 2, 4.991210937500000000, 4.496948242187500000,  ,  , 1393, 45.5, 2048, 0
C, spectral-norm, 2, 4.988220214843750000, 4.495361328125000000,  ,  , 1392, 45.5, 2048, 0
C, spectral-norm, 2, 4.991882324218750000, 4.498291015625000000,  ,  , 1394, 45.2, 2048, 0
C, spectral-norm, 2, 4.999389648437500000, 4.506164550781250000,  ,  , 1397, 45.2, 2048, 0
C, spectral-norm, 2, 5.002075195312500000, 4.506103515625000000,  ,  , 1397, 45.0, 2048, 0
C, spectral-norm, 2, 4.979003906250000000, 4.485229492187500000,  ,  , 1398, 45.5, 2048, 0
C, spectral-norm, 2, 4.929504394531250000, 4.436218261718750000,  ,  , 1393, 45.8, 2048, 0
C, spectral-norm, 2, 4.964904785156250000, 4.472351074218750000,  ,  , 1394, 45.5, 2048, 0
C++, binary-trees, 2, 12.592590332031250000, 11.172180175781250000,  ,  , 3498, 45.0, 168248, 0
C++, binary-trees, 2, 12.298583984375000000, 10.918395996093750000,  ,  , 3422, 45.8, 168244, 0
C++, binary-trees, 2, 12.275695800781250000, 10.896667480468750000,  ,  , 3412, 45.5, 168244, 0
C++, binary-trees, 2, 12.744567871093750000, 11.293762207031250000,  ,  , 3557, 45.5, 168248, 0
C++, binary-trees, 2, 12.615661621093750000, 11.197204589843750000,  ,  , 3544, 45.5, 168372, 0
C++, binary-trees, 2, 12.280639648437500000, 10.933105468750000000,  ,  , 3369, 45.8, 134528, 0
C++, binary-trees, 2, 12.778381347656250000, 11.382019042968750000,  ,  , 3470, 45.2, 168244, 0
C++, binary-trees, 2, 12.771179199218750000, 11.306152343750000000,  ,  , 3519, 45.0, 145720, 0
C++, binary-trees, 2, 12.460937500000000000, 11.090454101562500000,  ,  , 3369, 45.2, 134528, 0
C++, binary-trees, 2, 12.988586425781250000, 11.517761230468750000,  ,  , 3526, 45.5, 145716, 0
C++, binary-trees, 2, 12.802978515625000000, 11.386901855468750000,  ,  , 3549, 45.5, 168244, 0
C++, binary-trees, 2, 12.786437988281250000, 11.370971679687500000,  ,  , 3540, 45.5, 168244, 0
C++, binary-trees, 2, 12.319519042968750000, 10.964477539062500000,  ,  , 3407, 45.8, 137528, 0
C++, binary-trees, 2, 12.700256347656250000, 11.294982910156250000,  ,  , 3520, 45.2, 168244, 0
C++, binary-trees, 2, 12.508666992187500000, 11.112182617187500000,  ,  , 3481, 45.0, 168244, 0
C++, binary-trees, 2, 12.853332519531250000, 11.433410644531250000,  ,  , 3556, 45.5, 168244, 0
C++, binary-trees, 2, 12.355529785156250000, 10.976745605468750000,  ,  , 3382, 45.5, 134528, 0
C++, binary-trees, 2, 12.638549804687500000, 11.234985351562500000,  ,  , 3509, 45.2, 137524, 0
C++, binary-trees, 2, 12.154541015625000000, 10.817993164062500000,  ,  , 3357, 45.8, 134528, 0
C++, binary-trees, 2, 12.357849121093750000, 10.975219726562500000,  ,  , 3418, 45.8, 168244, 0
C++, fannkuch-redux, 2, 49.535888671875000000, 43.862670898437500000,  ,  , 15985, 45.5, 3712, 0
C++, fannkuch-redux, 2, 49.581481933593750000, 43.913879394531250000,  ,  , 15983, 45.0, 3712, 0
C++, fannkuch-redux, 2, 49.763854980468750000, 44.097290039062500000,  ,  , 15987, 45.0, 3584, 0
C++, fannkuch-redux, 2, 49.613647460937500000, 43.951782226562500000,  ,  , 15985, 45.2, 3712, 0
C++, fannkuch-redux, 2, 49.623657226562500000, 43.952331542968750000,  ,  , 16012, 44.8, 3584, 0
C++, fannkuch-redux, 2, 49.279174804687500000, 43.607910156250000000,  ,  , 16004, 45.0, 3584, 0
C++, fannkuch-redux, 2, 49.343688964843750000, 43.671752929687500000,  ,  , 15996, 45.2, 3712, 0
C++, fannkuch-redux, 2, 49.530273437500000000, 43.853393554687500000,  ,  , 16022, 45.2, 3712, 0
C++, fannkuch-redux, 2, 49.276000976562500000, 43.611694335937500000,  ,  , 16001, 45.5, 3584, 0
C++, fannkuch-redux, 2, 49.640319824218750000, 43.963867187500000000,  ,  , 16012, 45.2, 3712, 0
C++, fannkuch-redux, 2, 49.426086425781250000, 43.757507324218750000,  ,  , 15995, 45.2, 3712, 0
C++, fannkuch-redux, 2, 49.249023437500000000, 43.586425781250000000,  ,  , 15983, 45.0, 3584, 0
C++, fannkuch-redux, 2, 49.647033691406250000, 43.990356445312500000,  ,  , 15979, 45.0, 3584, 0
C++, fannkuch-redux, 2, 49.680236816406250000, 44.009399414062500000,  ,  , 15998, 44.5, 3584, 0
C++, fannkuch-redux, 2, 49.642700195312500000, 43.979125976562500000,  ,  , 15988, 45.2, 3712, 0
C++, fannkuch-redux, 2, 49.884765625000000000, 44.195983886718750000,  ,  , 15986, 45.0, 3712, 0
C++, fannkuch-redux, 2, 49.497802734375000000, 43.830078125000000000,  ,  , 15998, 44.5, 3584, 0
C++, fannkuch-redux, 2, 49.811035156250000000, 44.124267578125000000,  ,  , 16043, 44.2, 3712, 0
C++, fannkuch-redux, 2, 49.484069824218750000, 43.809509277343750000,  ,  , 16010, 44.8, 3712, 0
C++, fannkuch-redux, 2, 49.243103027343750000, 43.570434570312500000,  ,  , 15995, 44.8, 3584, 0
C++, fasta, 2, 5.775634765625000000, 4.684143066406250000,  ,  , 3073, 44.2, 3372, 0
C++, fasta, 2, 5.821472167968750000, 4.729125976562500000,  ,  , 3074, 44.5, 3372, 0
C++, fasta, 2, 5.699096679687500000, 4.606689453125000000,  ,  , 3072, 44.5, 3372, 0
C++, fasta, 2, 5.643493652343750000, 4.548706054687500000,  ,  , 3074, 44.5, 3372, 0
C++, fasta, 2, 5.780029296875000000, 4.687622070312500000,  ,  , 3073, 44.2, 3244, 0
C++, fasta, 2, 5.664489746093750000, 4.591369628906250000,  ,  , 3017, 44.2, 3372, 0
C++, fasta, 2, 5.721496582031250000, 4.686706542968750000,  ,  , 2919, 44.2, 3372, 0
C++, fasta, 2, 5.836303710937500000, 4.786621093750000000,  ,  , 2956, 44.8, 3372, 0
C++, fasta, 2, 5.793334960937500000, 4.745361328125000000,  ,  , 2949, 44.2, 3372, 0
C++, fasta, 2, 5.808105468750000000, 4.755493164062500000,  ,  , 2956, 44.5, 3244, 0
C++, fasta, 2, 5.815490722656250000, 4.764282226562500000,  ,  , 2960, 44.5, 3372, 0
C++, fasta, 2, 5.783264160156250000, 4.736450195312500000,  ,  , 2946, 44.2, 3244, 0
C++, fasta, 2, 5.842590332031250000, 4.787109375000000000,  ,  , 2973, 44.2, 3244, 0
C++, fasta, 2, 5.881164550781250000, 4.817077636718750000,  ,  , 2995, 44.0, 3372, 0
C++, fasta, 2, 6.055114746093750000, 4.962097167968750000,  ,  , 3074, 44.0, 3244, 0
C++, fasta, 2, 5.883056640625000000, 4.818420410156250000,  ,  , 2993, 44.5, 3244, 0
C++, fasta, 2, 5.774658203125000000, 4.727966308593750000,  ,  , 2943, 44.5, 3244, 0
C++, fasta, 2, 5.713867187500000000, 4.681518554687500000,  ,  , 2911, 44.0, 3372, 0
C++, fasta, 2, 5.767578125000000000, 4.723937988281250000,  ,  , 2935, 44.2, 3244, 0
C++, fasta, 2, 5.836914062500000000, 4.780578613281250000,  ,  , 2974, 44.2, 3244, 0
C++, k-nucleotide, 2, 19.273925781250000000, 16.238403320312500000,  ,  , 6299, 44.0, 156372, 0
C++, k-nucleotide, 2, 19.368957519531250000, 16.356506347656250000,  ,  , 6293, 44.8, 156500, 0
C++, k-nucleotide, 2, 20.039123535156250000, 16.914001464843750000,  ,  , 6583, 44.5, 156120, 0
C++, k-nucleotide, 2, 19.441589355468750000, 16.440612792968750000,  ,  , 6244, 44.5, 156372, 0
C++, k-nucleotide, 2, 19.454833984375000000, 16.436035156250000000,  ,  , 6312, 45.0, 156372, 0
C++, k-nucleotide, 2, 19.327758789062500000, 16.303771972656250000,  ,  , 6275, 44.2, 156244, 0
C++, k-nucleotide, 2, 19.435852050781250000, 16.393005371093750000,  ,  , 6322, 44.8, 156500, 0
C++, k-nucleotide, 2, 19.125549316406250000, 16.123168945312500000,  ,  , 6263, 44.8, 156244, 0
C++, k-nucleotide, 2, 19.215881347656250000, 16.213989257812500000,  ,  , 6265, 44.8, 156372, 0
C++, k-nucleotide, 2, 19.434570312500000000, 16.418151855468750000,  ,  , 6263, 44.2, 156372, 0
C++, k-nucleotide, 2, 19.379272460937500000, 16.364318847656250000,  ,  , 6253, 44.8, 156244, 0
C++, k-nucleotide, 2, 19.301269531250000000, 16.287658691406250000,  ,  , 6302, 44.5, 156504, 0
C++, k-nucleotide, 2, 19.273986816406250000, 16.280395507812500000,  ,  , 6262, 44.8, 156372, 0
C++, k-nucleotide, 2, 19.445373535156250000, 16.423889160156250000,  ,  , 6278, 44.5, 156372, 0
C++, k-nucleotide, 2, 19.179138183593750000, 16.176391601562500000,  ,  , 6247, 44.5, 156248, 0
C++, k-nucleotide, 2, 19.123718261718750000, 16.122070312500000000,  ,  , 6247, 44.8, 156500, 0
C++, k-nucleotide, 2, 19.558532714843750000, 16.553894042968750000,  ,  , 6266, 44.8, 156240, 0
C++, k-nucleotide, 2, 19.423156738281250000, 16.405456542968750000,  ,  , 6275, 44.8, 156372, 0
C++, k-nucleotide, 2, 19.204650878906250000, 16.223815917968750000,  ,  , 6237, 44.5, 156248, 0
C++, k-nucleotide, 2, 19.430725097656250000, 16.398925781250000000,  ,  , 6297, 44.8, 156372, 0
C++, mandelbrot, 2, 11.262756347656250000, 10.054443359375000000,  ,  , 3393, 44.5, 34304, 0
C++, mandelbrot, 2, 11.344116210937500000, 10.144287109375000000,  ,  , 3370, 44.8, 34304, 0
C++, mandelbrot, 2, 11.312011718750000000, 10.114501953125000000,  ,  , 3369, 44.5, 34304, 0
C++, mandelbrot, 2, 11.176208496093750000, 9.977050781250000000,  ,  , 3369, 44.8, 34176, 0
C++, mandelbrot, 2, 11.181030273437500000, 9.984069824218750000,  ,  , 3366, 44.5, 34304, 0
C++, mandelbrot, 2, 11.299438476562500000, 10.094055175781250000,  ,  , 3385, 44.8, 34304, 0
C++, mandelbrot, 2, 11.360473632812500000, 10.163085937500000000,  ,  , 3366, 44.5, 34176, 0
C++, mandelbrot, 2, 11.536437988281250000, 10.341918945312500000,  ,  , 3366, 45.0, 34176, 0
C++, mandelbrot, 2, 11.432861328125000000, 10.237182617187500000,  ,  , 3371, 44.5, 34304, 0
C++, mandelbrot, 2, 11.298461914062500000, 10.098571777343750000,  ,  , 3378, 45.5, 34304, 0
C++, mandelbrot, 2, 11.336914062500000000, 10.138977050781250000,  ,  , 3368, 44.8, 34304, 0
C++, mandelbrot, 2, 11.265808105468750000, 10.069824218750000000,  ,  , 3370, 44.5, 34304, 0
C++, mandelbrot, 2, 11.158691406250000000, 9.958190917968750000,  ,  , 3370, 44.5, 34304, 0
C++, mandelbrot, 2, 11.286621093750000000, 10.088439941406250000,  ,  , 3367, 45.0, 34432, 0
C++, mandelbrot, 2, 11.353881835937500000, 10.156616210937500000,  ,  , 3376, 44.8, 34304, 0
C++, mandelbrot, 2, 11.116516113281250000, 9.918029785156250000,  ,  , 3371, 45.0, 34304, 0
C++, mandelbrot, 2, 11.032592773437500000, 9.836547851562500000,  ,  , 3369, 44.8, 34432, 0
C++, mandelbrot, 2, 11.135314941406250000, 9.932678222656250000,  ,  , 3378, 45.0, 34176, 0
C++, mandelbrot, 2, 11.282470703125000000, 10.079895019531250000,  ,  , 3378, 44.2, 34304, 0
C++, mandelbrot, 2, 11.250061035156250000, 10.050354003906250000,  ,  , 3371, 44.5, 34304, 0
C++, n-body, 2, 14.100708007812500000, 11.212890625000000000,  ,  , 8074, 44.5, 1536, 0
C++, n-body, 2, 12.922180175781250000, 10.583190917968750000,  ,  , 6590, 44.2, 1536, 0
C++, n-body, 2, 12.785888671875000000, 10.471435546875000000,  ,  , 6539, 44.2, 1536, 0
C++, n-body, 2, 13.016052246093750000, 10.674072265625000000,  ,  , 6605, 44.5, 1536, 0
C++, n-body, 2, 12.817199707031250000, 10.498901367187500000,  ,  , 6548, 44.5, 1536, 0
C++, n-body, 2, 12.292907714843750000, 10.075012207031250000,  ,  , 6274, 44.5, 1536, 0
C++, n-body, 2, 12.337036132812500000, 10.118774414062500000,  ,  , 6281, 44.5, 1536, 0
C++, n-body, 2, 12.345031738281250000, 10.122070312500000000,  ,  , 6283, 44.2, 1536, 0
C++, n-body, 2, 12.485717773437500000, 10.232177734375000000,  ,  , 6371, 44.2, 1536, 0
C++, n-body, 2, 12.398376464843750000, 10.168212890625000000,  ,  , 6321, 44.0, 1536, 0
C++, n-body, 2, 12.554077148437500000, 10.292297363281250000,  ,  , 6398, 44.5, 1536, 0
C++, n-body, 2, 12.716918945312500000, 10.426818847656250000,  ,  , 6474, 44.0, 1536, 0
C++, n-body, 2, 12.576477050781250000, 10.310302734375000000,  ,  , 6414, 43.8, 1536, 0
C++, n-body, 2, 12.687500000000000000, 10.401306152343750000,  ,  , 6466, 44.0, 1536, 0
C++, n-body, 2, 12.746887207031250000, 10.454772949218750000,  ,  , 6490, 44.5, 1536, 0
C++, n-body, 2, 12.566284179687500000, 10.298278808593750000,  ,  , 6396, 43.8, 1536, 0
C++, n-body, 2, 12.596069335937500000, 10.326538085937500000,  ,  , 6430, 44.0, 1536, 0
C++, n-body, 2, 12.371643066406250000, 10.149597167968750000,  ,  , 6297, 43.8, 1536, 0
C++, n-body, 2, 12.363159179687500000, 10.140686035156250000,  ,  , 6309, 44.0, 1536, 0
C++, n-body, 2, 12.247436523437500000, 10.045166015625000000,  ,  , 6244, 44.0, 1536, 0
C++, regex-redux, 2, 10.623474121093750000, 8.927368164062500000,  ,  , 4635, 44.0, 276140, 0
C++, regex-redux, 2, 10.724853515625000000, 9.042602539062500000,  ,  , 4602, 44.2, 275960, 0
C++, regex-redux, 2, 10.898925781250000000, 9.188537597656250000,  ,  , 4671, 43.8, 276028, 0
C++, regex-redux, 2, 10.775756835937500000, 9.113891601562500000,  ,  , 4537, 43.8, 276012, 0
C++, regex-redux, 2, 10.853698730468750000, 9.157226562500000000,  ,  , 4636, 43.8, 276024, 0
C++, regex-redux, 2, 10.846618652343750000, 9.146545410156250000,  ,  , 4642, 44.0, 276008, 0
C++, regex-redux, 2, 10.971008300781250000, 9.302124023437500000,  ,  , 4559, 44.0, 275836, 0
C++, regex-redux, 2, 10.992919921875000000, 9.305969238281250000,  ,  , 4606, 44.2, 275976, 0
C++, regex-redux, 2, 11.131408691406250000, 9.423461914062500000,  ,  , 4677, 43.8, 275964, 0
C++, regex-redux, 2, 10.887634277343750000, 9.209167480468750000,  ,  , 4587, 44.0, 275940, 0
C++, regex-redux, 2, 11.164672851562500000, 9.456115722656250000,  ,  , 4680, 44.2, 275836, 0
C++, regex-redux, 2, 11.027282714843750000, 9.348083496093750000,  ,  , 4600, 43.8, 276028, 0
C++, regex-redux, 2, 11.166809082031250000, 9.444763183593750000,  ,  , 4708, 44.0, 275932, 0
C++, regex-redux, 2, 11.142150878906250000, 9.426635742187500000,  ,  , 4696, 43.8, 275984, 0
C++, regex-redux, 2, 10.941955566406250000, 9.213500976562500000,  ,  , 4723, 43.8, 276060, 0
C++, regex-redux, 2, 10.748779296875000000, 9.112121582031250000,  ,  , 4476, 43.8, 276028, 0
C++, regex-redux, 2, 10.836791992187500000, 9.160156250000000000,  ,  , 4578, 43.5, 275848, 0
C++, regex-redux, 2, 11.015136718750000000, 9.351501464843750000,  ,  , 4548, 44.0, 276008, 0
C++, regex-redux, 2, 10.935668945312500000, 9.249206542968750000,  ,  , 4619, 44.2, 275884, 0
C++, regex-redux, 2, 11.025207519531250000, 9.363403320312500000,  ,  , 4542, 43.8, 276000, 0
C++, reverse-complement, 2, 1.161193847656250000, 0.901306152343750000,  ,  , 634, 44.0, 127360, 0
C++, reverse-complement, 2, 1.181640625000000000, 0.918884277343750000,  ,  , 636, 44.0, 127360, 0
C++, reverse-complement, 2, 1.190429687500000000, 0.927673339843750000,  ,  , 637, 44.0, 127360, 0
C++, reverse-complement, 2, 1.177856445312500000, 0.914672851562500000,  ,  , 635, 43.8, 127360, 0
C++, reverse-complement, 2, 1.188659667968750000, 0.924987792968750000,  ,  , 638, 43.8, 127360, 0
C++, reverse-complement, 2, 1.200988769531250000, 0.933898925781250000,  ,  , 647, 44.0, 127360, 0
C++, reverse-complement, 2, 1.171020507812500000, 0.910278320312500000,  ,  , 636, 44.0, 127360, 0
C++, reverse-complement, 2, 1.194946289062500000, 0.931823730468750000,  ,  , 637, 44.0, 127360, 0
C++, reverse-complement, 2, 1.198364257812500000, 0.936706542968750000,  ,  , 634, 44.0, 127360, 0
C++, reverse-complement, 2, 1.223205566406250000, 0.960021972656250000,  ,  , 637, 44.0, 127360, 0
C++, reverse-complement, 2, 1.213256835937500000, 0.951416015625000000,  ,  , 635, 44.0, 127360, 0
C++, reverse-complement, 2, 1.218078613281250000, 0.956298828125000000,  ,  , 634, 44.0, 127360, 0
C++, reverse-complement, 2, 1.244873046875000000, 0.981262207031250000,  ,  , 636, 44.0, 127360, 0
C++, reverse-complement, 2, 1.234741210937500000, 0.971496582031250000,  ,  , 639, 43.5, 127360, 0
C++, reverse-complement, 2, 1.212158203125000000, 0.947570800781250000,  ,  , 639, 43.5, 127360, 0
C++, reverse-complement, 2, 1.196105957031250000, 0.934692382812500000,  ,  , 635, 44.0, 127360, 0
C++, reverse-complement, 2, 1.188354492187500000, 0.925537109375000000,  ,  , 635, 44.0, 127360, 0
C++, reverse-complement, 2, 1.185913085937500000, 0.923583984375000000,  ,  , 636, 43.5, 127360, 0
C++, reverse-complement, 2, 1.187133789062500000, 0.923461914062500000,  ,  , 635, 43.5, 127360, 0
C++, reverse-complement, 2, 1.184753417968750000, 0.921264648437500000,  ,  , 635, 44.0, 127360, 0
C++, spectral-norm, 2, 4.950744628906250000, 4.380432128906250000,  ,  , 1607, 44.2, 2432, 0
C++, spectral-norm, 2, 4.863037109375000000, 4.290771484375000000,  ,  , 1604, 43.8, 2432, 0
C++, spectral-norm, 2, 4.809509277343750000, 4.241760253906250000,  ,  , 1604, 44.0, 2432, 0
C++, spectral-norm, 2, 4.920532226562500000, 4.354492187500000000,  ,  , 1605, 44.2, 2432, 0
C++, spectral-norm, 2, 4.897888183593750000, 4.327209472656250000,  ,  , 1607, 44.0, 2432, 0
C++, spectral-norm, 2, 4.964416503906250000, 4.391906738281250000,  ,  , 1612, 44.2, 2432, 0
C++, spectral-norm, 2, 4.902526855468750000, 4.333984375000000000,  ,  , 1603, 44.5, 2432, 0
C++, spectral-norm, 2, 4.876525878906250000, 4.304809570312500000,  ,  , 1610, 44.0, 2432, 0
C++, spectral-norm, 2, 4.859741210937500000, 4.291625976562500000,  ,  , 1604, 44.2, 2432, 0
C++, spectral-norm, 2, 4.892700195312500000, 4.324584960937500000,  ,  , 1605, 44.0, 2432, 0
C++, spectral-norm, 2, 4.916320800781250000, 4.348510742187500000,  ,  , 1605, 44.0, 2432, 0
C++, spectral-norm, 2, 4.929687500000000000, 4.359558105468750000,  ,  , 1603, 44.5, 2432, 0
C++, spectral-norm, 2, 4.938171386718750000, 4.369995117187500000,  ,  , 1603, 44.0, 2432, 0
C++, spectral-norm, 2, 4.917846679687500000, 4.349731445312500000,  ,  , 1605, 44.2, 2432, 0
C++, spectral-norm, 2, 4.900390625000000000, 4.331420898437500000,  ,  , 1603, 44.2, 2432, 0
C++, spectral-norm, 2, 4.963073730468750000, 4.385009765625000000,  ,  , 1631, 44.2, 2432, 0
C++, spectral-norm, 2, 4.855957031250000000, 4.288330078125000000,  ,  , 1602, 44.0, 2432, 0
C++, spectral-norm, 2, 4.951293945312500000, 4.381347656250000000,  ,  , 1604, 44.0, 2432, 0
C++, spectral-norm, 2, 4.884216308593750000, 4.317199707031250000,  ,  , 1604, 44.2, 2432, 0
C++, spectral-norm, 2, 4.936950683593750000, 4.368713378906250000,  ,  , 1604, 44.0, 2432, 0
Java, binary-trees, 2, 27.796386718750000000, 23.620788574218750000,  ,  , 7902, 44.2, 2453672, 0
Java, binary-trees, 2, 25.619873046875000000, 21.664550781250000000,  ,  , 7196, 44.0, 1745272, 0
Java, binary-trees, 2, 27.609436035156250000, 23.479553222656250000,  ,  , 7713, 44.2, 2163312, 0
Java, binary-trees, 2, 27.111450195312500000, 22.993469238281250000,  ,  , 7714, 43.8, 2453520, 0
Java, binary-trees, 2, 27.674377441406250000, 23.497070312500000000,  ,  , 7911, 44.5, 2450068, 0
Java, binary-trees, 2, 24.813537597656250000, 20.871887207031250000,  ,  , 7144, 44.2, 1783236, 0
Java, binary-trees, 2, 25.007019042968750000, 21.061645507812500000,  ,  , 7167, 44.5, 1752340, 0
Java, binary-trees, 2, 27.192077636718750000, 23.049499511718750000,  ,  , 7789, 44.5, 2453796, 0
Java, binary-trees, 2, 25.096313476562500000, 21.145507812500000000,  ,  , 7185, 44.5, 1766016, 0
Java, binary-trees, 2, 27.170959472656250000, 23.039367675781250000,  ,  , 7763, 44.5, 2452956, 0
Java, binary-trees, 2, 26.549133300781250000, 22.459655761718750000,  ,  , 7618, 44.8, 2438516, 0
Java, binary-trees, 2, 26.529357910156250000, 22.445251464843750000,  ,  , 7592, 44.5, 2438152, 0
Java, binary-trees, 2, 25.504211425781250000, 21.554992675781250000,  ,  , 7176, 44.5, 1733496, 0
Java, binary-trees, 2, 26.877136230468750000, 22.758483886718750000,  ,  , 7721, 44.5, 2450564, 0
Java, binary-trees, 2, 27.281066894531250000, 23.130859375000000000,  ,  , 7807, 44.8, 2438640, 0
Java, binary-trees, 2, 24.624450683593750000, 20.732604980468750000,  ,  , 7001, 44.2, 1742928, 0
Java, binary-trees, 2, 25.068725585937500000, 21.141357421875000000,  ,  , 7099, 45.0, 1756360, 0
Java, binary-trees, 2, 27.120361328125000000, 22.972351074218750000,  ,  , 7791, 44.8, 2438132, 0
Java, binary-trees, 2, 26.432617187500000000, 22.341125488281250000,  ,  , 7615, 44.5, 2437936, 0
Java, binary-trees, 2, 26.806274414062500000, 22.691528320312500000,  ,  , 7704, 44.8, 2453952, 0
Java, fannkuch-redux, 2, 134.157897949218750000, 121.330383300781250000,  ,  , 35981, 44.5, 41168, 0
Java, fannkuch-redux, 2, 135.243774414062500000, 122.396728515625000000,  ,  , 35822, 44.8, 41116, 0
Java, fannkuch-redux, 2, 134.822204589843750000, 121.978576660156250000,  ,  , 35972, 44.8, 42608, 0
Java, fannkuch-redux, 2, 131.319091796875000000, 118.713195800781250000,  ,  , 35368, 44.8, 40992, 0
Java, fannkuch-redux, 2, 138.475769042968750000, 125.287414550781250000,  ,  , 36754, 44.8, 42224, 0
Java, fannkuch-redux, 2, 130.806518554687500000, 118.239807128906250000,  ,  , 35255, 44.5, 42320, 0
Java, fannkuch-redux, 2, 131.056945800781250000, 118.437805175781250000,  ,  , 35410, 44.8, 42516, 0
Java, fannkuch-redux, 2, 134.785034179687500000, 121.884521484375000000,  ,  , 35956, 45.0, 41344, 0
Java, fannkuch-redux, 2, 130.587524414062500000, 118.005249023437500000,  ,  , 35249, 44.8, 41140, 0
Java, fannkuch-redux, 2, 130.121276855468750000, 117.554809570312500000,  ,  , 35113, 44.8, 42344, 0
Java, fannkuch-redux, 2, 131.416625976562500000, 118.817626953125000000,  ,  , 35223, 44.8, 41244, 0
Java, fannkuch-redux, 2, 135.619445800781250000, 122.534912109375000000,  ,  , 36743, 45.0, 41452, 0
Java, fannkuch-redux, 2, 134.473632812500000000, 121.564086914062500000,  ,  , 35985, 44.5, 41120, 0
Java, fannkuch-redux, 2, 137.610656738281250000, 124.345886230468750000,  ,  , 37073, 45.0, 42268, 0
Java, fannkuch-redux, 2, 135.782287597656250000, 122.820983886718750000,  ,  , 36121, 45.0, 42252, 0
Java, fannkuch-redux, 2, 129.473266601562500000, 116.945556640625000000,  ,  , 35203, 44.8, 42324, 0
Java, fannkuch-redux, 2, 134.232727050781250000, 121.173156738281250000,  ,  , 36822, 45.0, 41492, 0
Java, fannkuch-redux, 2, 133.576293945312500000, 120.556518554687500000,  ,  , 36735, 45.0, 42532, 0
Java, fannkuch-redux, 2, 136.321655273437500000, 123.147460937500000000,  ,  , 37115, 44.8, 41168, 0
Java, fannkuch-redux, 2, 129.985717773437500000, 117.437438964843750000,  ,  , 35320, 45.2, 42228, 0
Java, fasta, 2, 12.747314453125000000, 11.157409667968750000,  ,  , 4471, 44.8, 47976, 0
Java, fasta, 2, 12.626159667968750000, 11.034484863281250000,  ,  , 4470, 45.2, 47700, 0
Java, fasta, 2, 12.765625000000000000, 11.173950195312500000,  ,  , 4481, 45.0, 47996, 0
Java, fasta, 2, 12.516601562500000000, 10.933532714843750000,  ,  , 4450, 44.5, 47832, 0
Java, fasta, 2, 12.324523925781250000, 10.736389160156250000,  ,  , 4469, 44.5, 47820, 0
Java, fasta, 2, 12.579528808593750000, 10.990234375000000000,  ,  , 4471, 45.0, 48352, 0
Java, fasta, 2, 12.436218261718750000, 10.852294921875000000,  ,  , 4452, 44.5, 47864, 0
Java, fasta, 2, 12.655273437500000000, 11.063537597656250000,  ,  , 4471, 44.8, 47932, 0
Java, fasta, 2, 12.706481933593750000, 11.120666503906250000,  ,  , 4463, 44.8, 47892, 0
Java, fasta, 2, 12.746887207031250000, 11.154235839843750000,  ,  , 4474, 45.0, 47940, 0
Java, fasta, 2, 12.648132324218750000, 11.062438964843750000,  ,  , 4456, 44.8, 47888, 0
Java, fasta, 2, 12.732360839843750000, 11.140563964843750000,  ,  , 4473, 45.0, 47484, 0
Java, fasta, 2, 12.594848632812500000, 11.005615234375000000,  ,  , 4471, 45.0, 48020, 0
Java, fasta, 2, 12.328430175781250000, 10.737060546875000000,  ,  , 4478, 44.8, 47572, 0
Java, fasta, 2, 12.401672363281250000, 10.811706542968750000,  ,  , 4464, 45.0, 48012, 0
Java, fasta, 2, 12.591552734375000000, 10.993713378906250000,  ,  , 4490, 44.5, 47928, 0
Java, fasta, 2, 12.419982910156250000, 10.829284667968750000,  ,  , 4474, 45.0, 47964, 0
Java, fasta, 2, 12.551879882812500000, 10.961975097656250000,  ,  , 4464, 44.8, 48008, 0
Java, fasta, 2, 12.382568359375000000, 10.796447753906250000,  ,  , 4464, 44.5, 47892, 0
Java, fasta, 2, 12.521911621093750000, 10.928710937500000000,  ,  , 4472, 44.8, 48088, 0
Java, k-nucleotide, 2, 52.367492675781250000, 46.557250976562500000,  ,  , 16246, 44.5, 355228, 0
Java, k-nucleotide, 2, 54.111755371093750000, 48.049987792968750000,  ,  , 16913, 44.8, 355748, 0
Java, k-nucleotide, 2, 56.931762695312500000, 50.847900390625000000,  ,  , 17018, 44.8, 357280, 0
Java, k-nucleotide, 2, 54.461059570312500000, 48.408325195312500000,  ,  , 16895, 44.8, 355292, 0
Java, k-nucleotide, 2, 55.586364746093750000, 49.463806152343750000,  ,  , 17108, 44.5, 356176, 0
Java, k-nucleotide, 2, 56.515197753906250000, 50.401123046875000000,  ,  , 17113, 44.5, 357256, 0
Java, k-nucleotide, 2, 54.907043457031250000, 48.820129394531250000,  ,  , 17016, 45.2, 353388, 0
Java, k-nucleotide, 2, 55.127990722656250000, 48.989318847656250000,  ,  , 17114, 44.8, 359316, 0
Java, k-nucleotide, 2, 57.338745117187500000, 51.218444824218750000,  ,  , 17151, 44.8, 356716, 0
Java, k-nucleotide, 2, 56.497070312500000000, 50.331298828125000000,  ,  , 17226, 44.8, 355500, 0
Java, k-nucleotide, 2, 56.157531738281250000, 49.956420898437500000,  ,  , 17275, 44.8, 356744, 0
Java, k-nucleotide, 2, 51.638427734375000000, 45.881896972656250000,  ,  , 16096, 44.5, 355140, 0
Java, k-nucleotide, 2, 56.231750488281250000, 50.136962890625000000,  ,  , 17023, 45.0, 357416, 0
Java, k-nucleotide, 2, 54.402038574218750000, 48.482543945312500000,  ,  , 16505, 45.0, 356384, 0
Java, k-nucleotide, 2, 53.820495605468750000, 47.855529785156250000,  ,  , 16634, 44.8, 355076, 0
Java, k-nucleotide, 2, 55.609924316406250000, 49.522277832031250000,  ,  , 16992, 44.8, 355436, 0
Java, k-nucleotide, 2, 56.307006835937500000, 50.109130859375000000,  ,  , 17303, 44.8, 353768, 0
Java, k-nucleotide, 2, 55.679016113281250000, 49.579956054687500000,  ,  , 17024, 44.8, 358284, 0
Java, k-nucleotide, 2, 54.343688964843750000, 48.330383300781250000,  ,  , 16804, 44.5, 358444, 0
Java, k-nucleotide, 2, 57.110412597656250000, 50.981323242187500000,  ,  , 17140, 44.5, 355400, 0
Java, mandelbrot, 2, 44.353942871093750000, 39.272521972656250000,  ,  , 14293, 44.8, 86112, 0
Java, mandelbrot, 2, 46.010986328125000000, 40.794311523437500000,  ,  , 14691, 44.5, 85892, 0
Java, mandelbrot, 2, 45.235107421875000000, 40.126342773437500000,  ,  , 14382, 44.8, 86116, 0
Java, mandelbrot, 2, 44.600219726562500000, 39.525390625000000000,  ,  , 14283, 44.8, 85868, 0
Java, mandelbrot, 2, 44.927429199218750000, 39.834045410156250000,  ,  , 14343, 45.0, 86148, 0
Java, mandelbrot, 2, 45.859252929687500000, 40.632934570312500000,  ,  , 14739, 44.8, 86020, 0
Java, mandelbrot, 2, 45.971862792968750000, 40.748535156250000000,  ,  , 14713, 44.5, 85988, 0
Java, mandelbrot, 2, 44.635375976562500000, 39.532165527343750000,  ,  , 14384, 44.5, 85992, 0
Java, mandelbrot, 2, 44.257202148437500000, 39.152648925781250000,  ,  , 14382, 44.5, 87660, 0
Java, mandelbrot, 2, 44.685791015625000000, 39.578186035156250000,  ,  , 14388, 44.5, 86248, 0
Java, mandelbrot, 2, 44.776550292968750000, 39.678283691406250000,  ,  , 14355, 45.0, 86020, 0
Java, mandelbrot, 2, 44.287780761718750000, 39.200927734375000000,  ,  , 14321, 44.8, 85992, 0
Java, mandelbrot, 2, 45.042236328125000000, 39.946838378906250000,  ,  , 14353, 44.8, 86380, 0
Java, mandelbrot, 2, 45.353881835937500000, 40.252319335937500000,  ,  , 14350, 44.5, 86020, 0
Java, mandelbrot, 2, 44.729309082031250000, 39.638305664062500000,  ,  , 14339, 44.5, 85996, 0
Java, mandelbrot, 2, 44.988403320312500000, 39.887390136718750000,  ,  , 14348, 45.2, 85980, 0
Java, mandelbrot, 2, 45.072082519531250000, 39.964050292968750000,  ,  , 14375, 44.8, 86148, 0
Java, mandelbrot, 2, 45.816040039062500000, 40.707580566406250000,  ,  , 14358, 44.5, 86148, 0
Java, mandelbrot, 2, 45.094482421875000000, 40.009460449218750000,  ,  , 14311, 44.8, 86220, 0
Java, mandelbrot, 2, 46.410095214843750000, 41.185852050781250000,  ,  , 14694, 44.8, 85636, 0
Java, n-body, 2, 28.254638671875000000, 23.167724609375000000,  ,  , 14400, 44.5, 41220, 0
Java, n-body, 2, 28.423461914062500000, 23.303161621093750000,  ,  , 14484, 44.5, 41128, 0
Java, n-body, 2, 28.784790039062500000, 23.604614257812500000,  ,  , 14671, 44.2, 41164, 0
Java, n-body, 2, 29.104919433593750000, 23.854736328125000000,  ,  , 14830, 44.2, 41092, 0
Java, n-body, 2, 28.822448730468750000, 23.626342773437500000,  ,  , 14688, 43.5, 41344, 0
Java, n-body, 2, 26.927795410156250000, 22.054626464843750000,  ,  , 13761, 44.0, 41508, 0
Java, n-body, 2, 26.787170410156250000, 21.956359863281250000,  ,  , 13635, 44.2, 41320, 0
Java, n-body, 2, 27.420410156250000000, 22.496948242187500000,  ,  , 13983, 44.0, 41444, 0
Java, n-body, 2, 27.568664550781250000, 22.632873535156250000,  ,  , 14020, 43.8, 41324, 0
Java, n-body, 2, 27.095336914062500000, 22.209045410156250000,  ,  , 13835, 43.8, 41092, 0
Java, n-body, 2, 26.813110351562500000, 21.989440917968750000,  ,  , 13663, 44.2, 41604, 0
Java, n-body, 2, 27.038513183593750000, 22.173706054687500000,  ,  , 13777, 44.0, 41324, 0
Java, n-body, 2, 27.147277832031250000, 22.251831054687500000,  ,  , 13838, 44.2, 41580, 0
Java, n-body, 2, 26.762451171875000000, 21.944335937500000000,  ,  , 13639, 44.0, 41452, 0
Java, n-body, 2, 26.723815917968750000, 21.914184570312500000,  ,  , 13604, 43.8, 41436, 0
Java, n-body, 2, 27.551147460937500000, 22.581787109375000000,  ,  , 14049, 43.8, 41204, 0
Java, n-body, 2, 27.003662109375000000, 22.152587890625000000,  ,  , 13739, 43.5, 41708, 0
Java, n-body, 2, 27.285522460937500000, 22.377258300781250000,  ,  , 13904, 44.0, 41192, 0
Java, n-body, 2, 28.099731445312500000, 23.048889160156250000,  ,  , 14297, 44.0, 41708, 0
Java, n-body, 2, 28.219909667968750000, 23.148010253906250000,  ,  , 14364, 43.8, 41580, 0
Java, regex-redux, 2, 61.601684570312500000, 54.546691894531250000,  ,  , 19373, 43.8, 631912, 0
Java, regex-redux, 2, 60.709899902343750000, 53.849365234375000000,  ,  , 18818, 43.8, 604440, 0
Java, regex-redux, 2, 60.878356933593750000, 53.898742675781250000,  ,  , 19151, 44.2, 631592, 0
Java, regex-redux, 2, 59.816955566406250000, 52.761169433593750000,  ,  , 19367, 44.0, 721592, 0
Java, regex-redux, 2, 59.454467773437500000, 52.481811523437500000,  ,  , 19124, 43.8, 631032, 0
Java, regex-redux, 2, 59.511962890625000000, 52.620788574218750000,  ,  , 18874, 44.2, 632440, 0
Java, regex-redux, 2, 59.892089843750000000, 52.794372558593750000,  ,  , 19441, 43.8, 630612, 0
Java, regex-redux, 2, 60.388061523437500000, 53.341186523437500000,  ,  , 19318, 44.5, 632332, 0
Java, regex-redux, 2, 59.998718261718750000, 53.031127929687500000,  ,  , 19104, 44.0, 632752, 0
Java, regex-redux, 2, 58.546142578125000000, 51.756896972656250000,  ,  , 18616, 44.0, 640640, 0
Java, regex-redux, 2, 59.536865234375000000, 52.544494628906250000,  ,  , 19170, 43.8, 632220, 0
Java, regex-redux, 2, 59.492919921875000000, 52.508117675781250000,  ,  , 19144, 44.0, 686636, 0
Java, regex-redux, 2, 59.824768066406250000, 52.790344238281250000,  ,  , 19296, 43.8, 633084, 0
Java, regex-redux, 2, 59.168273925781250000, 52.231262207031250000,  ,  , 19021, 44.5, 631860, 0
Java, regex-redux, 2, 58.992126464843750000, 52.016174316406250000,  ,  , 19140, 44.2, 719672, 0
Java, regex-redux, 2, 59.079223632812500000, 52.164794921875000000,  ,  , 18956, 44.0, 719852, 0
Java, regex-redux, 2, 60.152770996093750000, 53.088317871093750000,  ,  , 19366, 44.2, 606764, 0
Java, regex-redux, 2, 59.035461425781250000, 52.102355957031250000,  ,  , 19016, 43.8, 632476, 0
Java, regex-redux, 2, 58.699768066406250000, 51.824523925781250000,  ,  , 18845, 44.5, 631864, 0
Java, regex-redux, 2, 59.917236328125000000, 52.939575195312500000,  ,  , 19165, 44.5, 632372, 0
Java, reverse-complement, 2, 6.081542968750000000, 4.861999511718750000,  ,  , 3138, 44.5, 536424, 0
Java, reverse-complement, 2, 6.007568359375000000, 4.787292480468750000,  ,  , 3137, 44.0, 536364, 0
Java, reverse-complement, 2, 5.891174316406250000, 4.667053222656250000,  ,  , 3139, 44.0, 536468, 0
Java, reverse-complement, 2, 5.906005859375000000, 4.684326171875000000,  ,  , 3141, 44.2, 536280, 0
Java, reverse-complement, 2, 5.823913574218750000, 4.595642089843750000,  ,  , 3162, 44.0, 536420, 0
Java, reverse-complement, 2, 5.889038085937500000, 4.663574218750000000,  ,  , 3149, 44.0, 536480, 0
Java, reverse-complement, 2, 5.805358886718750000, 4.586364746093750000,  ,  , 3136, 44.2, 536452, 0
Java, reverse-complement, 2, 5.673034667968750000, 4.524291992187500000,  ,  , 2930, 44.2, 536452, 0
Java, reverse-complement, 2, 5.585632324218750000, 4.465148925781250000,  ,  , 2850, 44.0, 536400, 0
Java, reverse-complement, 2, 5.669006347656250000, 4.537963867187500000,  ,  , 2877, 44.0, 536304, 0
Java, reverse-complement, 2, 5.569885253906250000, 4.445800781250000000,  ,  , 2847, 43.8, 536456, 0
Java, reverse-complement, 2, 5.480834960937500000, 4.383178710937500000,  ,  , 2788, 44.0, 536504, 0
Java, reverse-complement, 2, 5.592041015625000000, 4.474670410156250000,  ,  , 2839, 44.2, 536116, 0
Java, reverse-complement, 2, 5.706787109375000000, 4.571655273437500000,  ,  , 2890, 44.0, 536328, 0
Java, reverse-complement, 2, 5.627990722656250000, 4.497131347656250000,  ,  , 2878, 44.0, 536204, 0
Java, reverse-complement, 2, 5.626708984375000000, 4.501098632812500000,  ,  , 2861, 44.0, 536436, 0
Java, reverse-complement, 2, 5.659362792968750000, 4.534362792968750000,  ,  , 2867, 43.8, 536392, 0
Java, reverse-complement, 2, 5.631591796875000000, 4.501220703125000000,  ,  , 2880, 44.2, 536264, 0
Java, reverse-complement, 2, 5.555053710937500000, 4.437988281250000000,  ,  , 2833, 44.0, 536328, 0
Java, reverse-complement, 2, 5.745483398437500000, 4.610351562500000000,  ,  , 2896, 44.0, 536380, 0
Java, spectral-norm, 2, 7.556762695312500000, 6.707397460937500000,  ,  , 2376, 44.2, 42764, 0
Java, spectral-norm, 2, 7.476379394531250000, 6.641357421875000000,  ,  , 2345, 44.0, 42872, 0
Java, spectral-norm, 2, 7.606201171875000000, 6.760559082031250000,  ,  , 2365, 44.5, 42876, 0
Java, spectral-norm, 2, 7.715698242187500000, 6.867370605468750000,  ,  , 2374, 44.0, 42672, 0
Java, spectral-norm, 2, 7.670288085937500000, 6.821899414062500000,  ,  , 2371, 44.2, 42720, 0
Java, spectral-norm, 2, 7.728881835937500000, 6.880371093750000000,  ,  , 2376, 44.0, 42668, 0
Java, spectral-norm, 2, 7.614562988281250000, 6.772827148437500000,  ,  , 2356, 44.5, 42768, 0
Java, spectral-norm, 2, 7.734130859375000000, 6.886108398437500000,  ,  , 2375, 44.2, 42776, 0
Java, spectral-norm, 2, 7.651977539062500000, 6.807556152343750000,  ,  , 2370, 44.2, 42500, 0
Java, spectral-norm, 2, 7.599975585937500000, 6.757751464843750000,  ,  , 2366, 43.8, 42720, 0
Java, spectral-norm, 2, 7.602600097656250000, 6.759948730468750000,  ,  , 2361, 44.2, 42680, 0
Java, spectral-norm, 2, 7.546081542968750000, 6.701599121093750000,  ,  , 2367, 44.0, 42736, 0
Java, spectral-norm, 2, 7.483337402343750000, 6.642761230468750000,  ,  , 2364, 44.2, 42756, 0
Java, spectral-norm, 2, 7.471801757812500000, 6.630615234375000000,  ,  , 2360, 44.5, 42676, 0
Java, spectral-norm, 2, 7.460571289062500000, 6.618225097656250000,  ,  , 2367, 44.5, 42668, 0
Java, spectral-norm, 2, 7.463500976562500000, 6.621154785156250000,  ,  , 2364, 44.2, 42724, 0
Java, spectral-norm, 2, 7.380737304687500000, 6.542175292968750000,  ,  , 2341, 44.5, 42704, 0
Java, spectral-norm, 2, 7.466308593750000000, 6.622497558593750000,  ,  , 2367, 44.2, 42876, 0
Java, spectral-norm, 2, 7.473327636718750000, 6.631835937500000000,  ,  , 2358, 44.2, 42836, 0
Java, spectral-norm, 2, 7.500122070312500000, 6.654113769531250000,  ,  , 2362, 44.5, 42524, 0
Python, binary-trees, 2, 478.082702636718750000, 429.549377441406250000,  ,  , 126434, 44.8, 277248, 0
Python, binary-trees, 2, 477.761535644531250000, 429.760192871093750000,  ,  , 125039, 44.5, 277248, 0
Python, binary-trees, 2, 474.339965820312500000, 426.473571777343750000,  ,  , 124647, 45.0, 277120, 0
Python, binary-trees, 2, 480.798828125000000000, 432.866943359375000000,  ,  , 124664, 45.0, 277120, 0
Python, binary-trees, 2, 480.619812011718750000, 432.261779785156250000,  ,  , 125598, 45.0, 277248, 0
Python, binary-trees, 2, 478.808349609375000000, 431.073730468750000000,  ,  , 124584, 45.2, 277248, 0
Python, binary-trees, 2, 483.431152343750000000, 435.302124023437500000,  ,  , 125478, 45.2, 277248, 0
Python, binary-trees, 2, 476.737243652343750000, 428.788208007812500000,  ,  , 124869, 45.2, 277248, 0
Python, binary-trees, 2, 477.520751953125000000, 429.504394531250000000,  ,  , 125478, 45.0, 277376, 0
Python, binary-trees, 2, 476.611206054687500000, 428.600891113281250000,  ,  , 125114, 45.2, 277376, 0
Python, binary-trees, 2, 480.166625976562500000, 432.117675781250000000,  ,  , 125015, 45.0, 277248, 0
Python, binary-trees, 2, 483.718933105468750000, 435.636962890625000000,  ,  , 125235, 45.0, 277248, 0
Python, binary-trees, 2, 483.603576660156250000, 435.614807128906250000,  ,  , 124852, 44.8, 277120, 0
Python, binary-trees, 2, 478.049682617187500000, 430.008483886718750000,  ,  , 125132, 45.5, 277248, 0
Python, binary-trees, 2, 480.142883300781250000, 432.325012207031250000,  ,  , 125146, 45.0, 277248, 0
Python, binary-trees, 2, 474.233215332031250000, 426.295349121093750000,  ,  , 124784, 44.8, 277248, 0
Python, binary-trees, 2, 478.029418945312500000, 430.052062988281250000,  ,  , 124881, 45.0, 277248, 0
Python, binary-trees, 2, 530.124755859375000000, 476.509094238281250000,  ,  , 137845, 45.5, 277120, 0
Python, binary-trees, 2, 483.677429199218750000, 435.449768066406250000,  ,  , 125152, 45.0, 277248, 0
Python, binary-trees, 2, 483.176025390625000000, 434.981628417968750000,  ,  , 125557, 45.0, 277248, 0
Python, fannkuch-redux, 2, 4282.447204589843750000, 3906.546508789062500000,  ,  , 1.05963E+06, 45.0, 14336, 0
Python, fannkuch-redux, 2, 4359.547058105468750000, 3980.397583007812500000,  ,  , 1.0676E+06, 44.8, 14336, 0
Python, fannkuch-redux, 2, 4401.933532714843750000, 4022.444946289062500000,  ,  , 1.0684E+06, 44.8, 14464, 0
Python, fannkuch-redux, 2, 4310.880615234375000000, 3934.341064453125000000,  ,  , 1.06115E+06, 45.0, 14336, 0
Python, fannkuch-redux, 2, 4420.519042968750000000, 4035.906494140625000000,  ,  , 1.08404E+06, 44.8, 14336, 0
Python, fannkuch-redux, 2, 4271.774230957031250000, 3895.613952636718750000,  ,  , 1.06169E+06, 45.2, 14336, 0
Python, fannkuch-redux, 2, 4303.052551269531250000, 3924.166259765625000000,  ,  , 1.06959E+06, 45.2, 14336, 0
Python, fannkuch-redux, 2, -257906.271850585937500000, 3862.908325195312500000,  ,  , 1.05866E+06, 45.2, 14336, 0
Python, fannkuch-redux, 2, 4301.385131835937500000, 3925.763000488281250000,  ,  , 1.05915E+06, 44.8, 14208, 0
Python, fannkuch-redux, 2, 4267.617919921875000000, 3892.063415527343750000,  ,  , 1.0605E+06, 44.5, 14336, 0
Python, fannkuch-redux, 2, 4340.625488281250000000, -258179.532592773437500000,  ,  , 1.06028E+06, 44.8, 14336, 0
Python, fannkuch-redux, 2, 4375.088867187500000000, 3996.203369140625000000,  ,  , 1.06753E+06, 44.8, 14336, 0
Python, fannkuch-redux, 2, 4310.047973632812500000, 3933.128906250000000000,  ,  , 1.06271E+06, 44.8, 14208, 0
Python, fannkuch-redux, 2, 4295.300598144531250000, 3916.533935546875000000,  ,  , 1.06814E+06, 45.0, 14464, 0
Python, fannkuch-redux, 2, 4391.508483886718750000, 3999.154113769531250000,  ,  , 1.10597E+06, 44.8, 14336, 0
Python, fannkuch-redux, 2, 4351.187683105468750000, 3970.262512207031250000,  ,  , 1.07088E+06, 45.0, 14464, 0
Python, fannkuch-redux, 2, 4358.992431640625000000, 3981.791931152343750000,  ,  , 1.06093E+06, 45.0, 14464, 0
Python, fannkuch-redux, 2, 4383.330078125000000000, 4005.638427734375000000,  ,  , 1.06305E+06, 45.5, 14336, 0
Python, fannkuch-redux, 2, 4330.502319335937500000, 3951.007385253906250000,  ,  , 1.06808E+06, 45.2, 14336, 0
Python, fannkuch-redux, 2, 4290.848693847656250000, 3914.064025878906250000,  ,  , 1.06176E+06, 44.8, 14336, 0
Python, fasta, 2, 339.079589843750000000, 277.775329589843750000,  ,  , 172564, 44.0, 9728, 0
Python, fasta, 2, 343.522888183593750000, 281.285400390625000000,  ,  , 174672, 43.8, 9728, 0
Python, fasta, 2, 337.334960937500000000, 276.531311035156250000,  ,  , 171722, 43.8, 9728, 0
Python, fasta, 2, 341.917053222656250000, 279.950988769531250000,  ,  , 173873, 43.5, 9728, 0
Python, fasta, 2, 333.132751464843750000, 273.251342773437500000,  ,  , 169675, 43.5, 9728, 0
Python, fasta, 2, 332.401062011718750000, 272.653930664062500000,  ,  , 169315, 43.5, 9728, 0
Python, fasta, 2, 339.338623046875000000, 277.836303710937500000,  ,  , 172560, 43.2, 9728, 0
Python, fasta, 2, 339.358154296875000000, 278.082580566406250000,  ,  , 172701, 43.2, 9728, 0
Python, fasta, 2, 333.278869628906250000, 272.923339843750000000,  ,  , 169521, 43.0, 9728, 0
Python, fasta, 2, 331.845458984375000000, 271.825805664062500000,  ,  , 168857, 42.8, 9600, 0
Python, fasta, 2, 343.164733886718750000, 281.274353027343750000,  ,  , 174654, 43.0, 9728, 0
Python, fasta, 2, 344.638916015625000000, 282.432739257812500000,  ,  , 175399, 43.0, 9600, 0
Python, fasta, 2, 336.645507812500000000, 276.060485839843750000,  ,  , 171432, 42.5, 9728, 0
Python, fasta, 2, 336.049621582031250000, 275.242065429687500000,  ,  , 171011, 43.2, 9728, 0
Python, fasta, 2, 334.301391601562500000, 274.243957519531250000,  ,  , 170246, 43.0, 9728, 0
Python, fasta, 2, 333.419738769531250000, 273.300048828125000000,  ,  , 169736, 43.0, 9728, 0
Python, fasta, 2, 337.176452636718750000, 276.356445312500000000,  ,  , 171654, 43.0, 9728, 0
Python, fasta, 2, 332.813964843750000000, 272.818725585937500000,  ,  , 169443, 43.2, 9600, 0
Python, fasta, 2, 331.819152832031250000, 272.131408691406250000,  ,  , 169029, 43.0, 9600, 0
Python, fasta, 2, 318.459106445312500000, 261.267089843750000000,  ,  , 162279, 42.8, 9728, 0
Python, k-nucleotide, 2, 555.891723632812500000, 505.628112792968750000,  ,  , 139550, 44.2, 261792, 0
Python, k-nucleotide, 2, 567.900085449218750000, 517.361145019531250000,  ,  , 140559, 44.8, 261920, 0
Python, k-nucleotide, 2, 558.220581054687500000, 507.993225097656250000,  ,  , 139433, 45.5, 261924, 0
Python, k-nucleotide, 2, 558.479736328125000000, 507.896545410156250000,  ,  , 140339, 45.0, 261920, 0
Python, k-nucleotide, 2, 558.191162109375000000, 508.082336425781250000,  ,  , 139136, 45.0, 261948, 0
Python, k-nucleotide, 2, 569.661743164062500000, 519.323120117187500000,  ,  , 139845, 45.0, 261820, 0
Python, k-nucleotide, 2, 565.267395019531250000, 515.144958496093750000,  ,  , 139367, 45.5, 261692, 0
Python, k-nucleotide, 2, 561.240966796875000000, 510.559997558593750000,  ,  , 140861, 45.2, 261804, 0
Python, k-nucleotide, 2, 559.675354003906250000, 509.516052246093750000,  ,  , 139396, 45.5, 261920, 0
Python, k-nucleotide, 2, 558.904724121093750000, 508.858886718750000000,  ,  , 139066, 45.5, 261820, 0
Python, k-nucleotide, 2, 559.411010742187500000, 509.510009765625000000,  ,  , 138519, 45.2, 261868, 0
Python, k-nucleotide, 2, 560.489013671875000000, 510.493347167968750000,  ,  , 138849, 45.5, 261692, 0
Python, k-nucleotide, 2, 551.042358398437500000, 501.342285156250000000,  ,  , 137810, 45.8, 261800, 0
Python, k-nucleotide, 2, 564.487548828125000000, 513.587585449218750000,  ,  , 141407, 45.8, 261796, 0
Python, k-nucleotide, 2, 560.291259765625000000, 510.215087890625000000,  ,  , 139106, 45.0, 261952, 0
Python, k-nucleotide, 2, 562.586303710937500000, 512.626464843750000000,  ,  , 138839, 45.8, 261680, 0
Python, k-nucleotide, 2, 569.407165527343750000, 519.040344238281250000,  ,  , 140092, 45.8, 261804, 0
Python, k-nucleotide, 2, 570.121826171875000000, 519.810424804687500000,  ,  , 139803, 45.8, 261724, 0
Python, k-nucleotide, 2, 578.682128906250000000, 527.743774414062500000,  ,  , 141663, 45.5, 261796, 0
Python, k-nucleotide, 2, 568.787780761718750000, 518.667846679687500000,  ,  , 139288, 45.2, 261796, 0
Python, mandelbrot, 2, 2013.828735351562500000, 1850.132873535156250000,  ,  , 460883, 45.5, 14336, 0
Python, mandelbrot, 2, 1947.044067382812500000, 1785.898803710937500000,  ,  , 453840, 45.8, 14336, 0
Python, mandelbrot, 2, 1915.627136230468750000, 1755.914550781250000000,  ,  , 449532, 45.5, 14336, 0
Python, mandelbrot, 2, 1906.927307128906250000, 1747.441040039062500000,  ,  , 448593, 45.8, 14336, 0
Python, mandelbrot, 2, 1974.968688964843750000, 1812.235473632812500000,  ,  , 457691, 45.8, 14336, 0
Python, mandelbrot, 2, 1967.881835937500000000, 1804.933532714843750000,  ,  , 458565, 45.5, 14336, 0
Python, mandelbrot, 2, 1912.904907226562500000, 1753.158691406250000000,  ,  , 449796, 45.2, 14336, 0
Python, mandelbrot, 2, 1930.126464843750000000, 1769.204101562500000000,  ,  , 452614, 45.5, 14336, 0
Python, mandelbrot, 2, 1955.265502929687500000, 1795.159484863281250000,  ,  , 450488, 45.8, 14464, 0
Python, mandelbrot, 2, 1961.507324218750000000, 1799.302307128906250000,  ,  , 456411, 45.5, 14464, 0
Python, mandelbrot, 2, 1927.967285156250000000, 1767.930358886718750000,  ,  , 450527, 45.2, 14336, 0
Python, mandelbrot, 2, 1942.971252441406250000, 1781.999877929687500000,  ,  , 452972, 45.5, 14336, 0
Python, mandelbrot, 2, 1941.083496093750000000, 1780.437500000000000000,  ,  , 451900, 45.5, 14336, 0
Python, mandelbrot, 2, 1939.974975585937500000, 1778.741638183593750000,  ,  , 453417, 45.5, 14336, 0
Python, mandelbrot, 2, 1927.135437011718750000, 1766.278198242187500000,  ,  , 452513, 45.8, 14464, 0
Python, mandelbrot, 2, 1973.851989746093750000, 1812.927551269531250000,  ,  , 452742, 45.2, 14464, 0
Python, mandelbrot, 2, 1938.282531738281250000, 1776.928527832031250000,  ,  , 453976, 45.2, 14336, 0
Python, mandelbrot, 2, 1955.708496093750000000, 1795.692199707031250000,  ,  , 450423, 45.8, 14336, 0
Python, mandelbrot, 2, 1903.378784179687500000, 1743.879577636718750000,  ,  , 449023, 45.2, 14336, 0
Python, mandelbrot, 2, 1925.320251464843750000, 1763.305175781250000000,  ,  , 456321, 45.8, 14336, 0
Python, n-body, 2, 1989.072143554687500000, 1628.466308593750000000,  ,  , 1.01142E+06, 43.0, 9856, 0
Python, n-body, 2, 1917.810363769531250000, 1571.293395996093750000,  ,  , 975919, 42.5, 9856, 0
Python, n-body, 2, 1887.566772460937500000, 1546.719055175781250000,  ,  , 960508, 42.8, 9728, 0
Python, n-body, 2, 2033.232543945312500000, 1666.102233886718750000,  ,  , 1.03166E+06, 43.0, 9856, 0
Python, n-body, 2, 2105.898864746093750000, 1724.690490722656250000,  ,  , 1.07128E+06, 43.0, 9856, 0
Python, n-body, 2, 2080.895141601562500000, 1703.898925781250000000,  ,  , 1.05805E+06, 42.8, 9728, 0
Python, n-body, 2, 2216.709411621093750000, 1816.474243164062500000,  ,  , 1.12667E+06, 42.8, 9728, 0
Python, n-body, 2, 2063.339721679687500000, 1690.155517578125000000,  ,  , 1.04963E+06, 42.8, 9856, 0
Python, n-body, 2, 2099.444763183593750000, 1719.546630859375000000,  ,  , 1.06805E+06, 43.0, 9728, 0
Python, n-body, 2, 2092.306762695312500000, 1713.658447265625000000,  ,  , 1.06434E+06, 43.2, 9856, 0
Python, n-body, 2, 2060.036376953125000000, 1686.409973144531250000,  ,  , 1.04739E+06, 43.5, 9856, 0
Python, n-body, 2, 2049.499938964843750000, 1677.404724121093750000,  ,  , 1.04194E+06, 43.8, 9856, 0
Python, n-body, 2, 2118.068359375000000000, 1734.675231933593750000,  ,  , 1.07744E+06, 43.2, 9728, 0
Python, n-body, 2, 2063.234924316406250000, 1688.707092285156250000,  ,  , 1.04898E+06, 44.0, 9856, 0
Python, n-body, 2, 2064.882995605468750000, 1689.622497558593750000,  ,  , 1.04952E+06, 43.8, 9856, 0
Python, n-body, 2, 2108.061889648437500000, 1726.194274902343750000,  ,  , 1.07226E+06, 43.8, 9856, 0
Python, n-body, 2, 2104.932373046875000000, 1723.546997070312500000,  ,  , 1.07083E+06, 43.5, 9856, 0
Python, n-body, 2, 2046.361938476562500000, 1674.920166015625000000,  ,  , 1.04039E+06, 43.5, 9856, 0
Python, n-body, 2, 2030.776184082031250000, 1662.329956054687500000,  ,  , 1.03257E+06, 44.0, 9728, 0
Python, n-body, 2, 2044.143859863281250000, 1672.821777343750000000,  ,  , 1.03913E+06, 43.5, 9856, 0
Python, regex-redux, 2, 76.890747070312500000, 65.258422851562500000,  ,  , 32373, 44.2, 460660, 0
Python, regex-redux, 2, 77.429504394531250000, 65.746276855468750000,  ,  , 32524, 44.0, 460628, 0
Python, regex-redux, 2, 79.208129882812500000, 67.443359375000000000,  ,  , 32738, 44.0, 460640, 0
Python, regex-redux, 2, 79.532897949218750000, 67.658264160156250000,  ,  , 33023, 44.0, 460536, 0
Python, regex-redux, 2, 78.644042968750000000, 66.802246093750000000,  ,  , 32951, 44.0, 460648, 0
Python, regex-redux, 2, 78.661254882812500000, 66.884643554687500000,  ,  , 32778, 43.8, 460648, 0
Python, regex-redux, 2, 78.887207031250000000, 67.050720214843750000,  ,  , 32903, 44.0, 460668, 0
Python, regex-redux, 2, 79.917663574218750000, 68.054870605468750000,  ,  , 32981, 44.0, 460640, 0
Python, regex-redux, 2, 82.202514648437500000, 70.260437011718750000,  ,  , 33181, 44.0, 460640, 0
Python, regex-redux, 2, 80.468811035156250000, 68.607116699218750000,  ,  , 32965, 44.0, 460656, 0
Python, regex-redux, 2, 80.413085937500000000, 68.538391113281250000,  ,  , 33031, 43.8, 460648, 0
Python, regex-redux, 2, 78.185668945312500000, 66.330078125000000000,  ,  , 32988, 44.0, 460648, 0
Python, regex-redux, 2, 78.328613281250000000, 66.639709472656250000,  ,  , 32545, 44.5, 460756, 0
Python, regex-redux, 2, 78.596801757812500000, 66.736511230468750000,  ,  , 32991, 44.8, 460648, 0
Python, regex-redux, 2, 80.505371093750000000, 68.675598144531250000,  ,  , 32841, 43.8, 460640, 0
Python, regex-redux, 2, 81.160583496093750000, 69.307495117187500000,  ,  , 32933, 44.0, 460640, 0
Python, regex-redux, 2, 81.109558105468750000, 69.208801269531250000,  ,  , 33046, 44.0, 460664, 0
Python, regex-redux, 2, 79.764709472656250000, 67.909667968750000000,  ,  , 32955, 44.2, 460644, 0
Python, regex-redux, 2, 77.966552734375000000, 66.182495117187500000,  ,  , 32722, 44.2, 460640, 0
Python, regex-redux, 2, 78.209228515625000000, 66.446716308593750000,  ,  , 32687, 44.2, 460536, 0
Python, reverse-complement, 2, 15.344482421875000000, 12.964782714843750000,  ,  , 6522, 44.2, 628208, 0
Python, reverse-complement, 2, 15.258239746093750000, 12.872131347656250000,  ,  , 6542, 44.0, 628296, 0
Python, reverse-complement, 2, 14.932922363281250000, 12.569641113281250000,  ,  , 6508, 44.2, 628296, 0
Python, reverse-complement, 2, 14.639038085937500000, 12.275695800781250000,  ,  , 6504, 44.2, 628300, 0
Python, reverse-complement, 2, 14.523193359375000000, 12.171020507812500000,  ,  , 6488, 44.2, 628296, 0
Python, reverse-complement, 2, 14.726745605468750000, 12.356384277343750000,  ,  , 6534, 44.2, 628180, 0
Python, reverse-complement, 2, 14.882141113281250000, 12.522705078125000000,  ,  , 6501, 44.2, 628296, 0
Python, reverse-complement, 2, 15.091857910156250000, 12.709655761718750000,  ,  , 6544, 44.2, 628168, 0
Python, reverse-complement, 2, 14.648986816406250000, 12.279602050781250000,  ,  , 6530, 44.2, 628296, 0
Python, reverse-complement, 2, 14.630920410156250000, 12.268798828125000000,  ,  , 6505, 44.2, 628296, 0
Python, reverse-complement, 2, 14.660888671875000000, 12.300659179687500000,  ,  , 6506, 44.2, 628168, 0
Python, reverse-complement, 2, 14.827758789062500000, 12.452697753906250000,  ,  , 6540, 44.2, 628320, 0
Python, reverse-complement, 2, 15.010620117187500000, 12.646911621093750000,  ,  , 6512, 44.5, 628296, 0
Python, reverse-complement, 2, 14.922485351562500000, 12.564331054687500000,  ,  , 6498, 44.0, 628072, 0
Python, reverse-complement, 2, 14.632263183593750000, 12.268249511718750000,  ,  , 6514, 44.2, 628052, 0
Python, reverse-complement, 2, 15.115234375000000000, 12.716918945312500000,  ,  , 6612, 44.2, 628320, 0
Python, reverse-complement, 2, 14.781188964843750000, 12.416442871093750000,  ,  , 6513, 44.0, 628296, 0
Python, reverse-complement, 2, 14.868774414062500000, 12.498718261718750000,  ,  , 6533, 44.0, 628428, 0
Python, reverse-complement, 2, 14.967285156250000000, 12.598510742187500000,  ,  , 6511, 44.2, 628180, 0
Python, reverse-complement, 2, 14.895996093750000000, 12.532104492187500000,  ,  , 6505, 44.2, 628320, 0
Python, spectral-norm, 2, 1456.649841308593750000, 1334.552673339843750000,  ,  , 343922, 45.5, 15872, 0
Python, spectral-norm, 2, 1454.250976562500000000, 1331.923400878906250000,  ,  , 344605, 46.5, 15744, 0
Python, spectral-norm, 2, 1452.390502929687500000, 1330.424133300781250000,  ,  , 343573, 46.2, 15744, 0
Python, spectral-norm, 2, 1435.512268066406250000, 1314.596191406250000000,  ,  , 340642, 46.5, 15872, 0
Python, spectral-norm, 2, 1457.162597656250000000, 1335.009704589843750000,  ,  , 344058, 46.5, 15872, 0
Python, spectral-norm, 2, 1477.883850097656250000, 1353.554992675781250000,  ,  , 350449, 46.5, 15872, 0
Python, spectral-norm, 2, 1446.742004394531250000, 1325.932678222656250000,  ,  , 340511, 46.8, 15744, 0
Python, spectral-norm, 2, 1462.186035156250000000, 1340.127441406250000000,  ,  , 344234, 46.2, 15744, 0
Python, spectral-norm, 2, 1465.950195312500000000, 1343.518066406250000000,  ,  , 345024, 47.0, 15744, 0
Python, spectral-norm, 2, 1456.016235351562500000, 1335.159240722656250000,  ,  , 340369, 46.5, 15872, 0
Python, spectral-norm, 2, 1444.871215820312500000, 1323.902832031250000000,  ,  , 340697, 46.5, 16000, 0
Python, spectral-norm, 2, 1445.325927734375000000, 1324.446105957031250000,  ,  , 340680, 46.5, 15744, 0
Python, spectral-norm, 2, 1455.019287109375000000, 1332.647949218750000000,  ,  , 344850, 46.5, 16000, 0
Python, spectral-norm, 2, 1430.646789550781250000, 1309.503967285156250000,  ,  , 341249, 46.8, 15872, 0
Python, spectral-norm, 2, 1437.392578125000000000, 1316.561462402343750000,  ,  , 340555, 46.2, 15872, 0
Python, spectral-norm, 2, 1456.573181152343750000, 1335.590209960937500000,  ,  , 340847, 46.5, 15872, 0
Python, spectral-norm, 2, 1446.600769042968750000, 1324.379272460937500000,  ,  , 344394, 46.2, 15872, 0
Python, spectral-norm, 2, 1437.315795898437500000, 1316.409484863281250000,  ,  , 340470, 46.5, 15744, 0
Python, spectral-norm, 2, 1449.643249511718750000, 1327.557189941406250000,  ,  , 343979, 46.2, 16000, 0
Python, spectral-norm, 2, 1436.269531250000000000, 1314.741088867187500000,  ,  , 342458, 46.0, 15872, 0
C, binary-trees, 10, 15.460571289062500000, 14.733886718750000000,  ,  , 1596, 49.8, 134400, 0
C, binary-trees, 10, 15.913696289062500000, 15.196655273437500000,  ,  , 1605, 49.5, 134400, 0
C, binary-trees, 10, 15.632995605468750000, 14.918823242187500000,  ,  , 1571, 49.2, 134400, 0
C, binary-trees, 10, 15.625061035156250000, 14.906066894531250000,  ,  , 1570, 49.5, 134400, 0
C, binary-trees, 10, 15.705627441406250000, 14.996826171875000000,  ,  , 1579, 49.8, 134400, 0
C, binary-trees, 10, 15.710388183593750000, 14.995849609375000000,  ,  , 1579, 50.0, 134400, 0
C, binary-trees, 10, 15.615966796875000000, 14.901977539062500000,  ,  , 1568, 50.0, 134400, 0
C, binary-trees, 10, 15.682495117187500000, 14.960510253906250000,  ,  , 1585, 49.2, 134400, 0
C, binary-trees, 10, 15.804809570312500000, 15.080200195312500000,  ,  , 1586, 49.8, 134400, 0
C, binary-trees, 10, 15.819641113281250000, 15.103454589843750000,  ,  , 1587, 49.2, 134272, 0
C, binary-trees, 10, 15.804321289062500000, 15.082824707031250000,  ,  , 1587, 49.8, 134400, 0
C, binary-trees, 10, 15.697204589843750000, 14.979248046875000000,  ,  , 1575, 50.0, 134400, 0
C, binary-trees, 10, 15.684692382812500000, 14.971862792968750000,  ,  , 1575, 49.5, 134400, 0
C, binary-trees, 10, 15.768554687500000000, 15.043029785156250000,  ,  , 1589, 50.0, 134400, 0
C, binary-trees, 10, 15.737060546875000000, 15.017822265625000000,  ,  , 1581, 50.0, 134400, 0
C, binary-trees, 10, 16.075256347656250000, 15.345031738281250000,  ,  , 1613, 49.8, 134400, 0
C, binary-trees, 10, 15.815063476562500000, 15.094970703125000000,  ,  , 1588, 50.5, 134272, 0
C, binary-trees, 10, 15.771179199218750000, 15.051574707031250000,  ,  , 1582, 50.5, 134400, 0
C, binary-trees, 10, 15.740539550781250000, 15.026184082031250000,  ,  , 1580, 50.0, 134400, 0
C, binary-trees, 10, 15.726623535156250000, 15.006530761718750000,  ,  , 1581, 50.2, 134272, 0
C, fannkuch-redux, 10, 32.583251953125000000, 31.427795410156250000,  ,  , 3271, 50.2, 1664, 0
C, fannkuch-redux, 10, 32.658142089843750000, 31.496582031250000000,  ,  , 3279, 50.2, 1664, 0
C, fannkuch-redux, 10, 32.659729003906250000, 31.495361328125000000,  ,  , 3279, 50.2, 1664, 0
C, fannkuch-redux, 10, 32.546325683593750000, 31.385009765625000000,  ,  , 3266, 50.5, 1664, 0
C, fannkuch-redux, 10, 32.761718750000000000, 31.596374511718750000,  ,  , 3288, 50.2, 1664, 0
C, fannkuch-redux, 10, 32.526489257812500000, 31.372741699218750000,  ,  , 3272, 51.0, 1664, 0
C, fannkuch-redux, 10, 32.645812988281250000, 31.477478027343750000,  ,  , 3276, 50.8, 1664, 0
C, fannkuch-redux, 10, 32.798278808593750000, 31.621215820312500000,  ,  , 3291, 51.0, 1664, 0
C, fannkuch-redux, 10, 32.780822753906250000, 31.610900878906250000,  ,  , 3289, 50.5, 1664, 0
C, fannkuch-redux, 10, 32.787231445312500000, 31.618957519531250000,  ,  , 3290, 51.2, 1664, 0
C, fannkuch-redux, 10, 32.839965820312500000, 31.662292480468750000,  ,  , 3295, 51.5, 1664, 0
C, fannkuch-redux, 10, 32.677856445312500000, 31.506652832031250000,  ,  , 3278, 51.0, 1664, 0
C, fannkuch-redux, 10, 32.614685058593750000, 31.452514648437500000,  ,  , 3272, 50.8, 1664, 0
C, fannkuch-redux, 10, 32.645996093750000000, 31.480590820312500000,  ,  , 3277, 50.8, 1664, 0
C, fannkuch-redux, 10, 32.741638183593750000, 31.570129394531250000,  ,  , 3285, 51.5, 1664, 0
C, fannkuch-redux, 10, 32.546020507812500000, 31.384460449218750000,  ,  , 3267, 51.5, 1664, 0
C, fannkuch-redux, 10, 32.470520019531250000, 31.314086914062500000,  ,  , 3260, 51.5, 1664, 0
C, fannkuch-redux, 10, 32.856323242187500000, 31.685485839843750000,  ,  , 3298, 51.0, 1664, 0
C, fannkuch-redux, 10, 32.727905273437500000, 31.556762695312500000,  ,  , 3284, 51.5, 1664, 0
C, fannkuch-redux, 10, 32.597045898437500000, 31.437133789062500000,  ,  , 3272, 51.2, 1664, 0
C, fasta, 10, 6.336364746093750000, 6.098327636718750000,  ,  , 669, 51.8, 1408, 0
C, fasta, 10, 6.248535156250000000, 6.019470214843750000,  ,  , 668, 51.2, 1408, 0
C, fasta, 10, 6.283569335937500000, 6.038696289062500000,  ,  , 668, 51.2, 1408, 0
C, fasta, 10, 6.250244140625000000, 6.009338378906250000,  ,  , 667, 51.0, 1408, 0
C, fasta, 10, 6.244323730468750000, 6.003723144531250000,  ,  , 669, 51.0, 1408, 0
C, fasta, 10, 6.276306152343750000, 6.032836914062500000,  ,  , 674, 51.5, 1408, 0
C, fasta, 10, 6.204956054687500000, 5.973999023437500000,  ,  , 668, 51.5, 1408, 0
C, fasta, 10, 6.192993164062500000, 5.957336425781250000,  ,  , 667, 51.5, 1408, 0
C, fasta, 10, 6.185180664062500000, 5.961242675781250000,  ,  , 667, 51.5, 1408, 0
C, fasta, 10, 6.297851562500000000, 6.061645507812500000,  ,  , 668, 51.0, 1408, 0
C, fasta, 10, 6.412658691406250000, 6.175170898437500000,  ,  , 668, 51.0, 1408, 0
C, fasta, 10, 6.233703613281250000, 5.999267578125000000,  ,  , 668, 51.2, 1408, 0
C, fasta, 10, 6.259216308593750000, 6.024291992187500000,  ,  , 669, 51.2, 1408, 0
C, fasta, 10, 6.373657226562500000, 6.139038085937500000,  ,  , 669, 51.2, 1408, 0
C, fasta, 10, 6.336120605468750000, 6.107727050781250000,  ,  , 667, 51.2, 1408, 0
C, fasta, 10, 6.310058593750000000, 6.067749023437500000,  ,  , 667, 51.2, 1408, 0
C, fasta, 10, 6.423583984375000000, 6.184448242187500000,  ,  , 668, 51.2, 1408, 0
C, fasta, 10, 6.406860351562500000, 6.170166015625000000,  ,  , 669, 51.5, 1408, 0
C, fasta, 10, 6.288024902343750000, 6.042846679687500000,  ,  , 669, 51.5, 1408, 0
C, fasta, 10, 6.351745605468750000, 6.112304687500000000,  ,  , 668, 51.8, 1408, 0
C, k-nucleotide, 10, 45.950012207031250000, 44.019409179687500000,  ,  , 4612, 51.0, 130304, 0
C, k-nucleotide, 10, 45.609802246093750000, 43.762939453125000000,  ,  , 4575, 51.2, 130304, 0
C, k-nucleotide, 10, 46.498046875000000000, 44.524780273437500000,  ,  , 4677, 51.2, 130304, 0
C, k-nucleotide, 10, 47.134277343750000000, 45.069396972656250000,  ,  , 4730, 51.5, 130304, 0
C, k-nucleotide, 10, 45.749267578125000000, 43.869689941406250000,  ,  , 4593, 51.5, 130304, 0
C, k-nucleotide, 10, 45.722656250000000000, 43.874938964843750000,  ,  , 4592, 51.8, 130304, 0
C, k-nucleotide, 10, 45.892578125000000000, 43.982177734375000000,  ,  , 4605, 51.0, 130304, 0
C, k-nucleotide, 10, 45.945251464843750000, 44.031677246093750000,  ,  , 4611, 52.0, 130304, 0
C, k-nucleotide, 10, 45.599060058593750000, 43.757629394531250000,  ,  , 4576, 52.2, 130304, 0
C, k-nucleotide, 10, 45.628784179687500000, 43.732482910156250000,  ,  , 4579, 52.5, 130304, 0
C, k-nucleotide, 10, 45.401245117187500000, 43.579162597656250000,  ,  , 4557, 52.2, 130304, 0
C, k-nucleotide, 10, 45.515563964843750000, 43.676208496093750000,  ,  , 4569, 52.2, 130304, 0
C, k-nucleotide, 10, 45.681152343750000000, 43.725036621093750000,  ,  , 4584, 52.0, 130304, 0
C, k-nucleotide, 10, 45.098266601562500000, 43.295227050781250000,  ,  , 4526, 51.5, 130304, 0
C, k-nucleotide, 10, 46.126037597656250000, 44.223083496093750000,  ,  , 4627, 52.0, 130304, 0
C, k-nucleotide, 10, 45.884826660156250000, 43.987121582031250000,  ,  , 4603, 52.2, 130304, 0
C, k-nucleotide, 10, 46.352539062500000000, 44.371520996093750000,  ,  , 4656, 52.2, 130304, 0
C, k-nucleotide, 10, 45.249816894531250000, 43.432739257812500000,  ,  , 4543, 52.5, 130304, 0
C, k-nucleotide, 10, 46.118103027343750000, 44.188537597656250000,  ,  , 4628, 52.8, 130304, 0
C, k-nucleotide, 10, 46.480834960937500000, 44.528503417968750000,  ,  , 4663, 52.8, 130432, 0
C, mandelbrot, 10, 15.064514160156250000, 14.522888183593750000,  ,  , 1510, 52.5, 33152, 0
C, mandelbrot, 10, 14.993164062500000000, 14.454101562500000000,  ,  , 1504, 51.8, 33280, 0
C, mandelbrot, 10, 15.024230957031250000, 14.483703613281250000,  ,  , 1506, 52.5, 33152, 0
C, mandelbrot, 10, 15.034301757812500000, 14.492187500000000000,  ,  , 1507, 52.0, 33152, 0
C, mandelbrot, 10, 15.045532226562500000, 14.498657226562500000,  ,  , 1508, 52.2, 33152, 0
C, mandelbrot, 10, 15.151062011718750000, 14.603393554687500000,  ,  , 1523, 52.5, 33280, 0
C, mandelbrot, 10, 15.044555664062500000, 14.505981445312500000,  ,  , 1509, 52.0, 33152, 0
C, mandelbrot, 10, 14.998046875000000000, 14.462097167968750000,  ,  , 1504, 52.5, 33280, 0
C, mandelbrot, 10, 15.043273925781250000, 14.500793457031250000,  ,  , 1508, 52.8, 33152, 0
C, mandelbrot, 10, 15.027282714843750000, 14.485473632812500000,  ,  , 1507, 52.2, 33280, 0
C, mandelbrot, 10, 14.957031250000000000, 14.421447753906250000,  ,  , 1500, 52.8, 33024, 0
C, mandelbrot, 10, 14.944396972656250000, 14.404113769531250000,  ,  , 1499, 52.2, 33280, 0
C, mandelbrot, 10, 14.995178222656250000, 14.458251953125000000,  ,  , 1503, 52.5, 33280, 0
C, mandelbrot, 10, 15.024597167968750000, 14.491760253906250000,  ,  , 1507, 52.2, 33024, 0
C, mandelbrot, 10, 15.047851562500000000, 14.507080078125000000,  ,  , 1509, 52.8, 33152, 0
C, mandelbrot, 10, 15.067260742187500000, 14.525756835937500000,  ,  , 1511, 51.8, 33152, 0
C, mandelbrot, 10, 15.065795898437500000, 14.526000976562500000,  ,  , 1511, 52.2, 33152, 0
C, mandelbrot, 10, 15.073364257812500000, 14.528930664062500000,  ,  , 1511, 52.2, 33152, 0
C, mandelbrot, 10, 15.086181640625000000, 14.547180175781250000,  ,  , 1513, 52.5, 33152, 0
C, mandelbrot, 10, 15.037597656250000000, 14.498046875000000000,  ,  , 1508, 52.8, 33152, 0
C, n-body, 10, 18.476989746093750000, 17.820556640625000000,  ,  , 1853, 52.5, 1536, 0
C, n-body, 10, 18.420349121093750000, 17.767517089843750000,  ,  , 1849, 53.5, 1536, 0
C, n-body, 10, 18.467346191406250000, 17.808776855468750000,  ,  , 1852, 52.8, 1536, 0
C, n-body, 10, 18.486694335937500000, 17.832397460937500000,  ,  , 1855, 53.0, 1536, 0
C, n-body, 10, 18.466369628906250000, 17.816101074218750000,  ,  , 1853, 52.5, 1536, 0
C, n-body, 10, 18.544128417968750000, 17.877868652343750000,  ,  , 1863, 52.0, 1536, 0
C, n-body, 10, 18.448791503906250000, 17.797485351562500000,  ,  , 1851, 52.8, 1536, 0
C, n-body, 10, 18.440917968750000000, 17.781311035156250000,  ,  , 1850, 51.8, 1536, 0
C, n-body, 10, 18.467895507812500000, 17.801269531250000000,  ,  , 1852, 52.8, 1536, 0
C, n-body, 10, 18.488708496093750000, 17.822631835937500000,  ,  , 1854, 53.0, 1536, 0
C, n-body, 10, 18.450073242187500000, 17.789733886718750000,  ,  , 1851, 52.8, 1536, 0
C, n-body, 10, 18.490600585937500000, 17.831176757812500000,  ,  , 1855, 52.8, 1536, 0
C, n-body, 10, 18.427551269531250000, 17.777343750000000000,  ,  , 1849, 52.8, 1536, 0
C, n-body, 10, 18.477233886718750000, 17.819091796875000000,  ,  , 1854, 52.8, 1536, 0
C, n-body, 10, 18.506469726562500000, 17.845703125000000000,  ,  , 1857, 52.5, 1536, 0
C, n-body, 10, 18.488647460937500000, 17.823913574218750000,  ,  , 1854, 52.8, 1536, 0
C, n-body, 10, 18.423034667968750000, 17.764038085937500000,  ,  , 1854, 52.5, 1536, 0
C, n-body, 10, 18.458435058593750000, 17.805419921875000000,  ,  , 1852, 52.0, 1536, 0
C, n-body, 10, 18.421875000000000000, 17.767944335937500000,  ,  , 1851, 53.0, 1536, 0
C, n-body, 10, 18.439208984375000000, 17.785827636718750000,  ,  , 1851, 52.8, 1536, 0
C, regex-redux, 10, 10.073974609375000000, 9.682006835937500000,  ,  , 1012, 53.2, 152256, 0
C, regex-redux, 10, 10.141784667968750000, 9.744445800781250000,  ,  , 1017, 52.8, 152260, 0
C, regex-redux, 10, 10.118652343750000000, 9.727233886718750000,  ,  , 1018, 52.0, 152256, 0
C, regex-redux, 10, 10.151550292968750000, 9.749938964843750000,  ,  , 1017, 52.5, 152256, 0
C, regex-redux, 10, 10.145629882812500000, 9.748535156250000000,  ,  , 1017, 53.2, 152256, 0
C, regex-redux, 10, 10.153076171875000000, 9.751892089843750000,  ,  , 1029, 52.5, 152260, 0
C, regex-redux, 10, 10.072204589843750000, 9.679809570312500000,  ,  , 1011, 52.5, 152260, 0
C, regex-redux, 10, 10.123840332031250000, 9.726867675781250000,  ,  , 1015, 52.2, 152256, 0
C, regex-redux, 10, 10.133728027343750000, 9.739257812500000000,  ,  , 1015, 52.5, 152256, 0
C, regex-redux, 10, 10.312438964843750000, 9.911804199218750000,  ,  , 1037, 52.2, 152260, 0
C, regex-redux, 10, 10.101562500000000000, 9.704711914062500000,  ,  , 1014, 52.5, 152260, 0
C, regex-redux, 10, 10.084106445312500000, 9.684509277343750000,  ,  , 1014, 52.5, 152256, 0
C, regex-redux, 10, 10.117797851562500000, 9.728759765625000000,  ,  , 1015, 52.5, 152256, 0
C, regex-redux, 10, 10.098205566406250000, 9.705871582031250000,  ,  , 1013, 53.0, 152256, 0
C, regex-redux, 10, 10.099975585937500000, 9.709411621093750000,  ,  , 1013, 53.0, 152260, 0
C, regex-redux, 10, 10.072021484375000000, 9.675170898437500000,  ,  , 1010, 52.8, 152256, 0
C, regex-redux, 10, 10.060546875000000000, 9.663146972656250000,  ,  , 1008, 52.5, 152256, 0
C, regex-redux, 10, 10.049072265625000000, 9.659240722656250000,  ,  , 1008, 52.5, 152256, 0
C, regex-redux, 10, 10.088073730468750000, 9.694946289062500000,  ,  , 1012, 53.0, 152260, 0
C, regex-redux, 10, 10.066406250000000000, 9.668823242187500000,  ,  , 1009, 53.0, 152256, 0
C, reverse-complement, 10, 1.011840820312500000, 0.932739257812500000,  ,  , 119, 53.0, 127508, 0
C, reverse-complement, 10, 1.038024902343750000, 0.963928222656250000,  ,  , 118, 53.0, 127508, 0
C, reverse-complement, 10, 0.991210937500000000, 0.920837402343750000,  ,  , 116, 52.0, 127508, 0
C, reverse-complement, 10, 0.985656738281250000, 0.904785156250000000,  ,  , 124, 52.0, 127512, 0
C, reverse-complement, 10, 0.980041503906250000, 0.902893066406250000,  ,  , 118, 52.0, 127508, 0
C, reverse-complement, 10, 0.931823730468750000, 0.854980468750000000,  ,  , 132, 52.0, 127636, 0
C, reverse-complement, 10, 1.008544921875000000, 0.933105468750000000,  ,  , 118, 52.0, 127508, 0
C, reverse-complement, 10, 1.060302734375000000, 0.988403320312500000,  ,  , 112, 52.0, 127636, 0
C, reverse-complement, 10, 1.034545898437500000, 0.967529296875000000,  ,  , 111, 52.0, 127508, 0
C, reverse-complement, 10, 0.977539062500000000, 0.904052734375000000,  ,  , 118, 52.0, 127636, 0
C, reverse-complement, 10, 1.003540039062500000, 0.932434082031250000,  ,  , 114, 52.0, 127636, 0
C, reverse-complement, 10, 1.042053222656250000, 0.965759277343750000,  ,  , 111, 52.0, 127512, 0
C, reverse-complement, 10, 1.001098632812500000, 0.925415039062500000,  ,  , 116, 52.0, 127508, 0
C, reverse-complement, 10, 0.960815429687500000, 0.888854980468750000,  ,  , 119, 52.0, 127636, 0
C, reverse-complement, 10, 1.059448242187500000, 0.992736816406250000,  ,  , 109, 52.0, 127508, 0
C, reverse-complement, 10, 1.010009765625000000, 0.936706542968750000,  ,  , 115, 52.0, 127508, 0
C, reverse-complement, 10, 0.961547851562500000, 0.891235351562500000,  ,  , 128, 52.0, 127512, 0
C, reverse-complement, 10, 1.033630371093750000, 0.959838867187500000,  ,  , 114, 52.0, 127508, 0
C, reverse-complement, 10, 0.996582031250000000, 0.921691894531250000,  ,  , 118, 52.0, 127508, 0
C, reverse-complement, 10, 1.041564941406250000, 0.965881347656250000,  ,  , 113, 52.0, 127508, 0
C, spectral-norm, 10, 5.249877929687500000, 5.060546875000000000,  ,  , 525, 53.0, 2048, 0
C, spectral-norm, 10, 5.253356933593750000, 5.064025878906250000,  ,  , 525, 52.5, 2048, 0
C, spectral-norm, 10, 5.253784179687500000, 5.064636230468750000,  ,  , 525, 52.5, 2048, 0
C, spectral-norm, 10, 5.273071289062500000, 5.083679199218750000,  ,  , 527, 52.2, 2048, 0
C, spectral-norm, 10, 5.273498535156250000, 5.075866699218750000,  ,  , 527, 52.2, 2048, 0
C, spectral-norm, 10, 5.296386718750000000, 5.106994628906250000,  ,  , 537, 52.8, 2048, 0
C, spectral-norm, 10, 5.282226562500000000, 5.091979980468750000,  ,  , 528, 52.8, 2048, 0
C, spectral-norm, 10, 5.261352539062500000, 5.067626953125000000,  ,  , 526, 52.8, 2048, 0
C, spectral-norm, 10, 5.261901855468750000, 5.069885253906250000,  ,  , 526, 52.8, 2048, 0
C, spectral-norm, 10, 5.264953613281250000, 5.072814941406250000,  ,  , 526, 52.2, 2048, 0
C, spectral-norm, 10, 5.293701171875000000, 5.100769042968750000,  ,  , 529, 52.2, 2048, 0
C, spectral-norm, 10, 5.264099121093750000, 5.070739746093750000,  ,  , 526, 53.0, 2048, 0
C, spectral-norm, 10, 5.265075683593750000, 5.077697753906250000,  ,  , 527, 53.0, 1920, 0
C, spectral-norm, 10, 5.261962890625000000, 5.073303222656250000,  ,  , 526, 52.8, 2048, 0
C, spectral-norm, 10, 5.265258789062500000, 5.076171875000000000,  ,  , 527, 52.8, 2048, 0
C, spectral-norm, 10, 5.272705078125000000, 5.081176757812500000,  ,  , 527, 52.5, 2048, 0
C, spectral-norm, 10, 5.312194824218750000, 5.116455078125000000,  ,  , 531, 52.5, 2048, 0
C, spectral-norm, 10, 5.261779785156250000, 5.072570800781250000,  ,  , 526, 52.8, 2048, 0
C, spectral-norm, 10, 5.251220703125000000, 5.061340332031250000,  ,  , 525, 52.8, 2048, 0
C, spectral-norm, 10, 5.272155761718750000, 5.080810546875000000,  ,  , 527, 53.0, 2048, 0
C++, binary-trees, 10, 13.126403808593750000, 12.483154296875000000,  ,  , 1348, 52.2, 134528, 0
C++, binary-trees, 10, 13.656555175781250000, 12.985839843750000000,  ,  , 1392, 53.2, 168244, 0
C++, binary-trees, 10, 13.458190917968750000, 12.768859863281250000,  ,  , 1393, 52.8, 168244, 0
C++, binary-trees, 10, 13.304321289062500000, 12.650329589843750000,  ,  , 1348, 52.5, 134528, 0
C++, binary-trees, 10, 13.664672851562500000, 12.998657226562500000,  ,  , 1382, 53.0, 168248, 0
C++, binary-trees, 10, 13.625671386718750000, 12.922180175781250000,  ,  , 1397, 52.5, 143668, 0
C++, binary-trees, 10, 13.605957031250000000, 12.945190429687500000,  ,  , 1385, 52.8, 135604, 0
C++, binary-trees, 10, 13.726379394531250000, 13.003295898437500000,  ,  , 1390, 52.8, 176440, 0
C++, binary-trees, 10, 13.628479003906250000, 12.946899414062500000,  ,  , 1398, 53.0, 168244, 0
C++, binary-trees, 10, 13.530151367187500000, 12.831481933593750000,  ,  , 1398, 52.8, 168248, 0
C++, binary-trees, 10, 13.835021972656250000, 13.121948242187500000,  ,  , 1396, 53.2, 168244, 0
C++, binary-trees, 10, 13.481628417968750000, 12.816467285156250000,  ,  , 1356, 52.8, 168244, 0
C++, binary-trees, 10, 13.729187011718750000, 13.003540039062500000,  ,  , 1402, 53.0, 143668, 0
C++, binary-trees, 10, 13.478942871093750000, 12.797302246093750000,  ,  , 1382, 53.0, 168248, 0
C++, binary-trees, 10, 14.256408691406250000, 13.480041503906250000,  ,  , 1438, 52.5, 170424, 0
C++, binary-trees, 10, 13.974548339843750000, 13.216125488281250000,  ,  , 1425, 53.2, 170292, 0
C++, binary-trees, 10, 13.301696777343750000, 12.652709960937500000,  ,  , 1356, 52.5, 134528, 0
C++, binary-trees, 10, 13.721008300781250000, 13.043029785156250000,  ,  , 1388, 53.0, 168244, 0
C++, binary-trees, 10, 13.346069335937500000, 12.675903320312500000,  ,  , 1350, 52.5, 168248, 0
C++, binary-trees, 10, 14.139160156250000000, 13.381652832031250000,  ,  , 1439, 52.5, 176308, 0
C++, fannkuch-redux, 10, 53.127563476562500000, 51.224182128906250000,  ,  , 5330, 52.8, 3712, 0
C++, fannkuch-redux, 10, 53.039550781250000000, 51.143310546875000000,  ,  , 5322, 53.5, 3584, 0
C++, fannkuch-redux, 10, 52.964355468750000000, 51.075500488281250000,  ,  , 5315, 53.2, 3584, 0
C++, fannkuch-redux, 10, 53.090515136718750000, 51.194824218750000000,  ,  , 5328, 53.2, 3584, 0
C++, fannkuch-redux, 10, 53.254150390625000000, 51.346984863281250000,  ,  , 5343, 53.2, 3584, 0
C++, fannkuch-redux, 10, 53.227539062500000000, 51.316162109375000000,  ,  , 5343, 53.5, 3712, 0
C++, fannkuch-redux, 10, 53.149475097656250000, 51.249389648437500000,  ,  , 5333, 53.8, 3584, 0
C++, fannkuch-redux, 10, 53.167968750000000000, 51.263366699218750000,  ,  , 5334, 53.0, 3584, 0
C++, fannkuch-redux, 10, 53.101806640625000000, 51.205627441406250000,  ,  , 5329, 53.5, 3712, 0
C++, fannkuch-redux, 10, 53.123840332031250000, 51.224365234375000000,  ,  , 5330, 53.8, 3712, 0
C++, fannkuch-redux, 10, 53.061645507812500000, 51.163452148437500000,  ,  , 5325, 53.5, 3584, 0
C++, fannkuch-redux, 10, 53.018249511718750000, 51.129882812500000000,  ,  , 5320, 53.8, 3584, 0
C++, fannkuch-redux, 10, 53.143066406250000000, 51.249694824218750000,  ,  , 5333, 53.5, 3712, 0
C++, fannkuch-redux, 10, 53.287963867187500000, 51.382507324218750000,  ,  , 5346, 53.5, 3584, 0
C++, fannkuch-redux, 10, 53.202026367187500000, 51.296875000000000000,  ,  , 5338, 53.8, 3712, 0
C++, fannkuch-redux, 10, 53.065063476562500000, 51.166259765625000000,  ,  , 5325, 54.0, 3712, 0
C++, fannkuch-redux, 10, 52.995971679687500000, 51.099975585937500000,  ,  , 5318, 54.0, 3712, 0
C++, fannkuch-redux, 10, 53.054504394531250000, 51.153442382812500000,  ,  , 5323, 53.5, 3584, 0
C++, fannkuch-redux, 10, 53.129577636718750000, 51.226196289062500000,  ,  , 5331, 53.8, 3712, 0
C++, fannkuch-redux, 10, 52.851562500000000000, 50.965515136718750000,  ,  , 5303, 54.2, 3584, 0
C++, fasta, 10, 7.588928222656250000, 7.314025878906250000,  ,  , 760, 53.8, 3372, 0
C++, fasta, 10, 7.587524414062500000, 7.319519042968750000,  ,  , 760, 54.0, 3372, 0
C++, fasta, 10, 7.578735351562500000, 7.307067871093750000,  ,  , 759, 54.0, 3372, 0
C++, fasta, 10, 7.577819824218750000, 7.313476562500000000,  ,  , 760, 53.8, 3244, 0
C++, fasta, 10, 7.584106445312500000, 7.307556152343750000,  ,  , 759, 53.8, 3244, 0
C++, fasta, 10, 7.609558105468750000, 7.337585449218750000,  ,  , 767, 54.8, 3244, 0
C++, fasta, 10, 7.599792480468750000, 7.325134277343750000,  ,  , 761, 54.8, 3372, 0
C++, fasta, 10, 7.575134277343750000, 7.309997558593750000,  ,  , 760, 53.8, 3372, 0
C++, fasta, 10, 7.562438964843750000, 7.294433593750000000,  ,  , 761, 53.8, 3372, 0
C++, fasta, 10, 7.598815917968750000, 7.322998046875000000,  ,  , 761, 53.8, 3244, 0
C++, fasta, 10, 7.590881347656250000, 7.315429687500000000,  ,  , 760, 53.8, 3372, 0
C++, fasta, 10, 7.568664550781250000, 7.306030273437500000,  ,  , 759, 53.5, 3372, 0
C++, fasta, 10, 7.590576171875000000, 7.317443847656250000,  ,  , 760, 53.5, 3372, 0
C++, fasta, 10, 7.578247070312500000, 7.307983398437500000,  ,  , 759, 53.8, 3244, 0
C++, fasta, 10, 7.603393554687500000, 7.330505371093750000,  ,  , 763, 53.8, 3244, 0
C++, fasta, 10, 7.578796386718750000, 7.308044433593750000,  ,  , 761, 53.8, 3372, 0
C++, fasta, 10, 7.585998535156250000, 7.315673828125000000,  ,  , 760, 53.8, 3244, 0
C++, fasta, 10, 7.599304199218750000, 7.323791503906250000,  ,  , 761, 54.0, 3372, 0
C++, fasta, 10, 7.575805664062500000, 7.302001953125000000,  ,  , 759, 54.0, 3372, 0
C++, fasta, 10, 7.588134765625000000, 7.314025878906250000,  ,  , 760, 54.2, 3244, 0
C++, k-nucleotide, 10, 22.612182617187500000, 20.917358398437500000,  ,  , 2277, 53.5, 156244, 0
C++, k-nucleotide, 10, 22.997009277343750000, 21.255126953125000000,  ,  , 2320, 53.8, 156120, 0
C++, k-nucleotide, 10, 22.919738769531250000, 21.189575195312500000,  ,  , 2305, 54.0, 156372, 0
C++, k-nucleotide, 10, 22.704467773437500000, 20.997802734375000000,  ,  , 2313, 53.5, 156500, 0
C++, k-nucleotide, 10, 23.284301757812500000, 21.524353027343750000,  ,  , 2337, 53.5, 156248, 0
C++, k-nucleotide, 10, 22.952209472656250000, 21.215820312500000000,  ,  , 2319, 53.8, 156116, 0
C++, k-nucleotide, 10, 22.561645507812500000, 20.858947753906250000,  ,  , 2291, 53.8, 156372, 0
C++, k-nucleotide, 10, 22.743896484375000000, 20.994628906250000000,  ,  , 2337, 53.2, 156244, 0
C++, k-nucleotide, 10, 22.490295410156250000, 20.795959472656250000,  ,  , 2289, 53.2, 156376, 0
C++, k-nucleotide, 10, 22.574645996093750000, 20.877319335937500000,  ,  , 2293, 54.0, 156372, 0
C++, k-nucleotide, 10, 22.839416503906250000, 21.119750976562500000,  ,  , 2304, 53.2, 156376, 0
C++, k-nucleotide, 10, 22.686828613281250000, 20.998229980468750000,  ,  , 2296, 53.8, 156244, 0
C++, k-nucleotide, 10, 22.767333984375000000, 21.054992675781250000,  ,  , 2332, 53.5, 155860, 0
C++, k-nucleotide, 10, 23.003295898437500000, 21.289062500000000000,  ,  , 2312, 53.5, 156372, 0
C++, k-nucleotide, 10, 23.196960449218750000, 21.432495117187500000,  ,  , 2338, 54.0, 156248, 0
C++, k-nucleotide, 10, 22.820861816406250000, 21.133300781250000000,  ,  , 2295, 54.0, 156376, 0
C++, k-nucleotide, 10, 22.927612304687500000, 21.219787597656250000,  ,  , 2303, 53.5, 156240, 0
C++, k-nucleotide, 10, 23.285339355468750000, 21.479675292968750000,  ,  , 2358, 53.8, 156248, 0
C++, k-nucleotide, 10, 22.710815429687500000, 21.047607421875000000,  ,  , 2290, 54.0, 156244, 0
C++, k-nucleotide, 10, 22.683410644531250000, 21.002258300781250000,  ,  , 2285, 54.0, 156372, 0
C++, mandelbrot, 10, 12.014221191406250000, 11.579101562500000000,  ,  , 1206, 54.0, 34432, 0
C++, mandelbrot, 10, 11.999267578125000000, 11.572204589843750000,  ,  , 1206, 54.0, 34304, 0
C++, mandelbrot, 10, 12.014526367187500000, 11.575988769531250000,  ,  , 1205, 53.8, 34304, 0
C++, mandelbrot, 10, 12.007812500000000000, 11.580932617187500000,  ,  , 1206, 54.0, 34176, 0
C++, mandelbrot, 10, 12.041442871093750000, 11.599609375000000000,  ,  , 1208, 54.2, 34176, 0
C++, mandelbrot, 10, 12.066162109375000000, 11.632507324218750000,  ,  , 1214, 54.2, 34176, 0
C++, mandelbrot, 10, 12.059387207031250000, 11.626770019531250000,  ,  , 1211, 53.5, 34304, 0
C++, mandelbrot, 10, 12.072937011718750000, 11.635314941406250000,  ,  , 1212, 54.2, 34304, 0
C++, mandelbrot, 10, 12.076843261718750000, 11.639343261718750000,  ,  , 1213, 54.5, 34176, 0
C++, mandelbrot, 10, 12.047241210937500000, 11.608520507812500000,  ,  , 1209, 53.8, 34176, 0
C++, mandelbrot, 10, 12.033142089843750000, 11.594116210937500000,  ,  , 1224, 54.5, 34304, 0
C++, mandelbrot, 10, 12.046813964843750000, 11.610473632812500000,  ,  , 1209, 54.2, 34176, 0
C++, mandelbrot, 10, 12.024353027343750000, 11.596252441406250000,  ,  , 1206, 53.8, 34304, 0
C++, mandelbrot, 10, 12.001159667968750000, 11.567260742187500000,  ,  , 1205, 54.5, 34176, 0
C++, mandelbrot, 10, 12.090759277343750000, 11.651855468750000000,  ,  , 1214, 54.2, 34176, 0
C++, mandelbrot, 10, 12.093627929687500000, 11.657043457031250000,  ,  , 1215, 54.0, 34304, 0
C++, mandelbrot, 10, 12.094116210937500000, 11.657409667968750000,  ,  , 1214, 54.2, 34304, 0
C++, mandelbrot, 10, 12.062927246093750000, 11.628234863281250000,  ,  , 1212, 54.0, 34176, 0
C++, mandelbrot, 10, 12.039184570312500000, 11.606872558593750000,  ,  , 1208, 53.8, 34304, 0
C++, mandelbrot, 10, 12.055114746093750000, 11.618591308593750000,  ,  , 1211, 54.0, 34304, 0
C++, n-body, 10, 18.600402832031250000, 17.935424804687500000,  ,  , 1866, 54.0, 1536, 0
C++, n-body, 10, 18.657287597656250000, 17.985168457031250000,  ,  , 1872, 54.0, 1536, 0
C++, n-body, 10, 18.609436035156250000, 17.940124511718750000,  ,  , 1866, 54.2, 1536, 0
C++, n-body, 10, 18.620544433593750000, 17.944152832031250000,  ,  , 1866, 54.0, 1536, 0
C++, n-body, 10, 18.610290527343750000, 17.939514160156250000,  ,  , 1866, 54.5, 1536, 0
C++, n-body, 10, 18.627868652343750000, 17.955505371093750000,  ,  , 1870, 54.0, 1536, 0
C++, n-body, 10, 18.642700195312500000, 17.963317871093750000,  ,  , 1869, 54.0, 1536, 0
C++, n-body, 10, 18.627075195312500000, 17.959472656250000000,  ,  , 1868, 53.8, 1536, 0
C++, n-body, 10, 18.588562011718750000, 17.929565429687500000,  ,  , 1865, 53.8, 1536, 0
C++, n-body, 10, 18.609924316406250000, 17.941894531250000000,  ,  , 1866, 54.5, 1536, 0
C++, n-body, 10, 18.609985351562500000, 17.946411132812500000,  ,  , 1867, 54.0, 1536, 0
C++, n-body, 10, 18.595275878906250000, 17.931091308593750000,  ,  , 1865, 53.5, 1536, 0
C++, n-body, 10, 18.632507324218750000, 17.960205078125000000,  ,  , 1868, 54.0, 1536, 0
C++, n-body, 10, 18.629638671875000000, 17.971069335937500000,  ,  , 1870, 53.8, 1536, 0
C++, n-body, 10, 18.667968750000000000, 18.001037597656250000,  ,  , 1872, 54.2, 1536, 0
C++, n-body, 10, 18.638366699218750000, 17.965637207031250000,  ,  , 1869, 54.2, 1536, 0
C++, n-body, 10, 18.638427734375000000, 17.972717285156250000,  ,  , 1870, 54.2, 1536, 0
C++, n-body, 10, 18.640625000000000000, 17.972167968750000000,  ,  , 1869, 54.0, 1536, 0
C++, n-body, 10, 18.686401367187500000, 18.024414062500000000,  ,  , 1877, 53.8, 1536, 0
C++, n-body, 10, 18.619140625000000000, 17.947387695312500000,  ,  , 1867, 53.5, 1536, 0
C++, regex-redux, 10, 12.986755371093750000, 12.468566894531250000,  ,  , 1302, 54.0, 275960, 0
C++, regex-redux, 10, 12.896362304687500000, 12.376037597656250000,  ,  , 1297, 53.5, 276088, 0
C++, regex-redux, 10, 13.085205078125000000, 12.564025878906250000,  ,  , 1312, 54.0, 276012, 0
C++, regex-redux, 10, 12.972839355468750000, 12.454162597656250000,  ,  , 1301, 53.5, 275960, 0
C++, regex-redux, 10, 13.014404296875000000, 12.492736816406250000,  ,  , 1305, 54.2, 275964, 0
C++, regex-redux, 10, 13.122436523437500000, 12.596008300781250000,  ,  , 1323, 54.0, 275832, 0
C++, regex-redux, 10, 13.301208496093750000, 12.773437500000000000,  ,  , 1335, 54.5, 276008, 0
C++, regex-redux, 10, 13.008605957031250000, 12.485534667968750000,  ,  , 1304, 54.5, 275836, 0
C++, regex-redux, 10, 13.187744140625000000, 12.665161132812500000,  ,  , 1323, 54.2, 276008, 0
C++, regex-redux, 10, 13.276062011718750000, 12.752990722656250000,  ,  , 1332, 54.8, 275808, 0
C++, regex-redux, 10, 13.016845703125000000, 12.496154785156250000,  ,  , 1305, 54.2, 276088, 0
C++, regex-redux, 10, 12.948303222656250000, 12.426086425781250000,  ,  , 1299, 54.0, 275960, 0
C++, regex-redux, 10, 12.889404296875000000, 12.367492675781250000,  ,  , 1292, 54.2, 275960, 0
C++, regex-redux, 10, 13.145996093750000000, 12.626647949218750000,  ,  , 1320, 54.5, 276012, 0
C++, regex-redux, 10, 12.856262207031250000, 12.343017578125000000,  ,  , 1290, 53.8, 276088, 0
C++, regex-redux, 10, 13.157714843750000000, 12.628295898437500000,  ,  , 1319, 54.2, 275880, 0
C++, regex-redux, 10, 13.194152832031250000, 12.660583496093750000,  ,  , 1323, 53.8, 275960, 0
C++, regex-redux, 10, 13.124816894531250000, 12.598876953125000000,  ,  , 1317, 54.0, 275836, 0
C++, regex-redux, 10, 12.887329101562500000, 12.368896484375000000,  ,  , 1292, 54.2, 275960, 0
C++, regex-redux, 10, 12.784606933593750000, 12.275939941406250000,  ,  , 1283, 54.0, 275836, 0
C++, reverse-complement, 10, 1.626647949218750000, 1.520629882812500000,  ,  , 162, 54.2, 127360, 0
C++, reverse-complement, 10, 1.631958007812500000, 1.530822753906250000,  ,  , 164, 54.2, 127360, 0
C++, reverse-complement, 10, 1.554504394531250000, 1.443298339843750000,  ,  , 171, 54.2, 127360, 0
C++, reverse-complement, 10, 1.643066406250000000, 1.536010742187500000,  ,  , 163, 54.2, 127360, 0
C++, reverse-complement, 10, 1.634521484375000000, 1.528076171875000000,  ,  , 164, 54.2, 127360, 0
C++, reverse-complement, 10, 1.659973144531250000, 1.554260253906250000,  ,  , 168, 53.8, 127360, 0
C++, reverse-complement, 10, 1.625610351562500000, 1.524414062500000000,  ,  , 162, 53.8, 127360, 0
C++, reverse-complement, 10, 1.617614746093750000, 1.511962890625000000,  ,  , 164, 53.8, 127360, 0
C++, reverse-complement, 10, 1.651123046875000000, 1.544311523437500000,  ,  , 164, 53.8, 127360, 0
C++, reverse-complement, 10, 1.635620117187500000, 1.529113769531250000,  ,  , 164, 53.8, 127360, 0
C++, reverse-complement, 10, 1.630493164062500000, 1.524353027343750000,  ,  , 164, 53.8, 127360, 0
C++, reverse-complement, 10, 1.638732910156250000, 1.538635253906250000,  ,  , 164, 54.2, 127360, 0
C++, reverse-complement, 10, 1.642639160156250000, 1.542968750000000000,  ,  , 164, 54.2, 127360, 0
C++, reverse-complement, 10, 1.638732910156250000, 1.537841796875000000,  ,  , 163, 54.2, 127360, 0
C++, reverse-complement, 10, 1.638916015625000000, 1.535583496093750000,  ,  , 163, 54.2, 127360, 0
C++, reverse-complement, 10, 1.622436523437500000, 1.517944335937500000,  ,  , 165, 54.2, 127360, 0
C++, reverse-complement, 10, 1.637756347656250000, 1.533386230468750000,  ,  , 163, 54.2, 127360, 0
C++, reverse-complement, 10, 1.631042480468750000, 1.530212402343750000,  ,  , 162, 53.8, 127360, 0
C++, reverse-complement, 10, 1.587890625000000000, 1.480712890625000000,  ,  , 168, 53.8, 127360, 0
C++, reverse-complement, 10, 1.551452636718750000, 1.451232910156250000,  ,  , 173, 53.8, 127360, 0
C++, spectral-norm, 10, 5.131164550781250000, 4.948974609375000000,  ,  , 514, 54.8, 2432, 0
C++, spectral-norm, 10, 5.156982421875000000, 4.972229003906250000,  ,  , 517, 54.2, 2432, 0
C++, spectral-norm, 10, 5.142700195312500000, 4.960815429687500000,  ,  , 515, 54.2, 2432, 0
C++, spectral-norm, 10, 5.147216796875000000, 4.957031250000000000,  ,  , 515, 54.2, 2432, 0
C++, spectral-norm, 10, 5.173156738281250000, 4.986572265625000000,  ,  , 517, 54.2, 2432, 0
C++, spectral-norm, 10, 5.187744140625000000, 5.001281738281250000,  ,  , 525, 53.8, 2432, 0
C++, spectral-norm, 10, 5.181335449218750000, 4.993103027343750000,  ,  , 518, 53.8, 2432, 0
C++, spectral-norm, 10, 5.113403320312500000, 4.934082031250000000,  ,  , 512, 54.5, 2432, 0
C++, spectral-norm, 10, 5.285034179687500000, 5.096191406250000000,  ,  , 530, 54.5, 2432, 0
C++, spectral-norm, 10, 5.140686035156250000, 4.957092285156250000,  ,  , 514, 54.2, 2432, 0
C++, spectral-norm, 10, 5.180236816406250000, 4.992187500000000000,  ,  , 518, 54.2, 2432, 0
C++, spectral-norm, 10, 5.170410156250000000, 4.980712890625000000,  ,  , 517, 54.5, 2432, 0
C++, spectral-norm, 10, 5.341674804687500000, 5.149047851562500000,  ,  , 534, 54.5, 2432, 0
C++, spectral-norm, 10, 5.153320312500000000, 4.966430664062500000,  ,  , 515, 54.2, 2432, 0
C++, spectral-norm, 10, 5.131530761718750000, 4.949829101562500000,  ,  , 513, 54.2, 2432, 0
C++, spectral-norm, 10, 5.156005859375000000, 4.970764160156250000,  ,  , 516, 54.2, 2432, 0
C++, spectral-norm, 10, 5.184753417968750000, 4.994995117187500000,  ,  , 519, 54.2, 2432, 0
C++, spectral-norm, 10, 5.173767089843750000, 4.987854003906250000,  ,  , 517, 54.5, 2432, 0
C++, spectral-norm, 10, 5.161560058593750000, 4.976196289062500000,  ,  , 516, 54.5, 2432, 0
C++, spectral-norm, 10, 5.182861328125000000, 5.002258300781250000,  ,  , 519, 53.8, 2432, 0
Java, binary-trees, 10, 28.769836425781250000, 26.250976562500000000,  ,  , 2906, 54.2, 1687724, 0
Java, binary-trees, 10, 30.766235351562500000, 28.194641113281250000,  ,  , 3103, 53.8, 2459200, 0
Java, binary-trees, 10, 29.775207519531250000, 27.235229492187500000,  ,  , 3013, 54.2, 2456720, 0
Java, binary-trees, 10, 27.990722656250000000, 25.505371093750000000,  ,  , 2824, 54.0, 1707484, 0
Java, binary-trees, 10, 30.494934082031250000, 27.928039550781250000,  ,  , 3091, 54.8, 2456848, 0
Java, binary-trees, 10, 27.359924316406250000, 24.876831054687500000,  ,  , 2801, 54.0, 1676420, 0
Java, binary-trees, 10, 29.496032714843750000, 26.965454101562500000,  ,  , 2990, 54.0, 2456564, 0
Java, binary-trees, 10, 30.330566406250000000, 27.767211914062500000,  ,  , 3091, 54.0, 2471228, 0
Java, binary-trees, 10, 28.196655273437500000, 25.683959960937500000,  ,  , 2876, 54.0, 1702000, 0
Java, binary-trees, 10, 29.609497070312500000, 27.081176757812500000,  ,  , 2990, 54.0, 2456824, 0
Java, binary-trees, 10, 28.670776367187500000, 26.141723632812500000,  ,  , 2893, 53.8, 1721480, 0
Java, binary-trees, 10, 30.383544921875000000, 27.814025878906250000,  ,  , 3101, 54.2, 2468804, 0
Java, binary-trees, 10, 27.915893554687500000, 25.432861328125000000,  ,  , 2819, 53.2, 1709948, 0
Java, binary-trees, 10, 30.414855957031250000, 27.844970703125000000,  ,  , 3105, 53.5, 2457588, 0
Java, binary-trees, 10, 28.497131347656250000, 25.975463867187500000,  ,  , 2894, 54.5, 1714860, 0
Java, binary-trees, 10, 28.685729980468750000, 26.169494628906250000,  ,  , 2897, 54.0, 1705884, 0
Java, binary-trees, 10, 28.539489746093750000, 26.020690917968750000,  ,  , 2912, 54.5, 1698292, 0
Java, binary-trees, 10, 29.430786132812500000, 26.908813476562500000,  ,  , 2989, 54.0, 2457388, 0
Java, binary-trees, 10, 29.893737792968750000, 27.339355468750000000,  ,  , 3068, 53.8, 2456968, 0
Java, binary-trees, 10, 28.599365234375000000, 26.086853027343750000,  ,  , 2888, 54.2, 1692604, 0
Java, fannkuch-redux, 10, 142.166381835937500000, 137.070068359375000000,  ,  , 14281, 53.0, 41788, 0
Java, fannkuch-redux, 10, 142.612915039062500000, 137.498229980468750000,  ,  , 14342, 54.8, 42276, 0
Java, fannkuch-redux, 10, 143.519409179687500000, 138.371765136718750000,  ,  , 14401, 54.5, 42284, 0
Java, fannkuch-redux, 10, 148.587402343750000000, 143.258117675781250000,  ,  , 14920, 54.2, 41780, 0
Java, fannkuch-redux, 10, 139.991149902343750000, 134.974853515625000000,  ,  , 14059, 54.8, 41152, 0
Java, fannkuch-redux, 10, 135.524536132812500000, 130.669494628906250000,  ,  , 13615, 54.5, 42524, 0
Java, fannkuch-redux, 10, 137.428894042968750000, 132.507080078125000000,  ,  , 13801, 53.5, 42300, 0
Java, fannkuch-redux, 10, 139.590637207031250000, 134.589416503906250000,  ,  , 14020, 53.8, 42392, 0
Java, fannkuch-redux, 10, 136.620788574218750000, 131.726196289062500000,  ,  , 13717, 54.0, 42184, 0
Java, fannkuch-redux, 10, 139.022399902343750000, 134.043762207031250000,  ,  , 13960, 53.5, 42220, 0
Java, fannkuch-redux, 10, 139.081420898437500000, 134.100219726562500000,  ,  , 13972, 53.8, 41492, 0
Java, fannkuch-redux, 10, 136.247558593750000000, 131.367004394531250000,  ,  , 13687, 53.5, 41212, 0
Java, fannkuch-redux, 10, 137.284667968750000000, 132.369873046875000000,  ,  , 13782, 54.2, 42488, 0
Java, fannkuch-redux, 10, 142.733520507812500000, 137.612609863281250000,  ,  , 14345, 53.5, 42224, 0
Java, fannkuch-redux, 10, 136.229431152343750000, 131.346801757812500000,  ,  , 13687, 54.5, 41476, 0
Java, fannkuch-redux, 10, 142.567260742187500000, 137.456970214843750000,  ,  , 14306, 54.8, 42316, 0
Java, fannkuch-redux, 10, 136.072265625000000000, 131.187255859375000000,  ,  , 13684, 54.2, 42168, 0
Java, fannkuch-redux, 10, 143.752502441406250000, 138.598510742187500000,  ,  , 14439, 53.2, 42400, 0
Java, fannkuch-redux, 10, 140.949707031250000000, 135.877441406250000000,  ,  , 14192, 53.2, 42280, 0
Java, fannkuch-redux, 10, 137.682861328125000000, 132.740356445312500000,  ,  , 13858, 54.0, 42252, 0
Java, fasta, 10, 14.189392089843750000, 13.671386718750000000,  ,  , 1431, 54.5, 47872, 0
Java, fasta, 10, 14.047241210937500000, 13.540649414062500000,  ,  , 1422, 54.8, 47672, 0
Java, fasta, 10, 13.981262207031250000, 13.473327636718750000,  ,  , 1409, 54.0, 47940, 0
Java, fasta, 10, 13.958251953125000000, 13.454101562500000000,  ,  , 1405, 54.2, 47976, 0
Java, fasta, 10, 14.066467285156250000, 13.546936035156250000,  ,  , 1432, 54.8, 47808, 0
Java, fasta, 10, 14.170349121093750000, 13.650878906250000000,  ,  , 1438, 54.2, 47824, 0
Java, fasta, 10, 14.033630371093750000, 13.519409179687500000,  ,  , 1413, 54.8, 48004, 0
Java, fasta, 10, 14.130004882812500000, 13.614135742187500000,  ,  , 1437, 54.8, 47944, 0
Java, fasta, 10, 13.952575683593750000, 13.447814941406250000,  ,  , 1408, 54.0, 48184, 0
Java, fasta, 10, 13.971923828125000000, 13.466491699218750000,  ,  , 1409, 55.0, 47716, 0
Java, fasta, 10, 14.081481933593750000, 13.568115234375000000,  ,  , 1428, 54.5, 47996, 0
Java, fasta, 10, 14.069458007812500000, 13.546997070312500000,  ,  , 1435, 53.5, 47888, 0
Java, fasta, 10, 14.038391113281250000, 13.513427734375000000,  ,  , 1451, 55.2, 47768, 0
Java, fasta, 10, 14.012634277343750000, 13.505554199218750000,  ,  , 1422, 54.8, 48432, 0
Java, fasta, 10, 13.953369140625000000, 13.448974609375000000,  ,  , 1412, 54.2, 47984, 0
Java, fasta, 10, 13.820495605468750000, 13.318359375000000000,  ,  , 1406, 55.0, 47852, 0
Java, fasta, 10, 13.912597656250000000, 13.404846191406250000,  ,  , 1408, 54.2, 47852, 0
Java, fasta, 10, 14.041992187500000000, 13.528991699218750000,  ,  , 1411, 54.8, 47868, 0
Java, fasta, 10, 14.011657714843750000, 13.511169433593750000,  ,  , 1414, 54.8, 47724, 0
Java, fasta, 10, 14.062805175781250000, 13.554565429687500000,  ,  , 1414, 54.5, 48040, 0
Java, k-nucleotide, 10, 54.413208007812500000, 52.312866210937500000,  ,  , 5515, 53.8, 360516, 0
Java, k-nucleotide, 10, 60.789245605468750000, 58.465759277343750000,  ,  , 6192, 53.2, 361216, 0
Java, k-nucleotide, 10, 61.501342773437500000, 59.160644531250000000,  ,  , 6238, 53.8, 360660, 0
Java, k-nucleotide, 10, 61.429626464843750000, 59.103576660156250000,  ,  , 6200, 54.8, 360460, 0
Java, k-nucleotide, 10, 60.070373535156250000, 57.782226562500000000,  ,  , 6085, 53.8, 361560, 0
Java, k-nucleotide, 10, 60.879699707031250000, 58.568054199218750000,  ,  , 6152, 53.8, 359624, 0
Java, k-nucleotide, 10, 60.780029296875000000, 58.468750000000000000,  ,  , 6131, 53.8, 360196, 0
Java, k-nucleotide, 10, 62.316040039062500000, 59.936645507812500000,  ,  , 6337, 53.8, 359088, 0
Java, k-nucleotide, 10, 60.918029785156250000, 58.594238281250000000,  ,  , 6181, 54.2, 360596, 0
Java, k-nucleotide, 10, 58.104492187500000000, 55.861022949218750000,  ,  , 5922, 53.8, 361628, 0
Java, k-nucleotide, 10, 59.295898437500000000, 57.024902343750000000,  ,  , 6014, 53.8, 359128, 0
Java, k-nucleotide, 10, 60.805786132812500000, 58.493041992187500000,  ,  , 6142, 53.2, 361756, 0
Java, k-nucleotide, 10, 62.332336425781250000, 59.969299316406250000,  ,  , 6309, 53.8, 360688, 0
Java, k-nucleotide, 10, 61.355468750000000000, 59.031738281250000000,  ,  , 6187, 53.5, 361516, 0
Java, k-nucleotide, 10, 60.977539062500000000, 58.656555175781250000,  ,  , 6175, 52.5, 360048, 0
Java, k-nucleotide, 10, 58.180847167968750000, 55.969787597656250000,  ,  , 5895, 53.5, 361700, 0
Java, k-nucleotide, 10, 60.509033203125000000, 58.208557128906250000,  ,  , 6110, 53.8, 360360, 0
Java, k-nucleotide, 10, 60.739135742187500000, 58.434020996093750000,  ,  , 6138, 54.0, 360140, 0
Java, k-nucleotide, 10, 60.748168945312500000, 58.444091796875000000,  ,  , 6156, 54.2, 361000, 0
Java, k-nucleotide, 10, 60.842163085937500000, 58.535156250000000000,  ,  , 6132, 54.2, 359500, 0
Java, mandelbrot, 10, 49.763793945312500000, 47.969726562500000000,  ,  , 5003, 55.0, 86156, 0
Java, mandelbrot, 10, 49.294921875000000000, 47.515563964843750000,  ,  , 4961, 54.8, 86096, 0
Java, mandelbrot, 10, 48.111145019531250000, 46.375244140625000000,  ,  , 4831, 54.5, 85996, 0
Java, mandelbrot, 10, 49.543640136718750000, 47.754455566406250000,  ,  , 4979, 54.2, 86232, 0
Java, mandelbrot, 10, 49.566223144531250000, 47.781616210937500000,  ,  , 4989, 54.2, 86220, 0
Java, mandelbrot, 10, 50.369262695312500000, 48.544616699218750000,  ,  , 5065, 54.8, 86148, 0
Java, mandelbrot, 10, 49.840576171875000000, 48.045837402343750000,  ,  , 5006, 53.8, 86496, 0
Java, mandelbrot, 10, 48.153320312500000000, 46.417114257812500000,  ,  , 4840, 54.5, 86204, 0
Java, mandelbrot, 10, 48.098327636718750000, 46.362548828125000000,  ,  , 4831, 54.2, 88500, 0
Java, mandelbrot, 10, 49.952880859375000000, 48.152526855468750000,  ,  , 5019, 55.0, 86240, 0
Java, mandelbrot, 10, 49.576660156250000000, 47.785400390625000000,  ,  , 4988, 53.8, 87936, 0
Java, mandelbrot, 10, 50.072326660156250000, 48.267089843750000000,  ,  , 5040, 55.0, 86076, 0
Java, mandelbrot, 10, 49.471069335937500000, 47.689025878906250000,  ,  , 4975, 54.5, 86276, 0
Java, mandelbrot, 10, 48.043823242187500000, 46.309020996093750000,  ,  , 4826, 54.0, 86276, 0
Java, mandelbrot, 10, 48.630249023437500000, 46.874755859375000000,  ,  , 4886, 54.8, 86148, 0
Java, mandelbrot, 10, 49.898315429687500000, 48.093444824218750000,  ,  , 5018, 54.8, 86196, 0
Java, mandelbrot, 10, 49.401733398437500000, 47.619262695312500000,  ,  , 4967, 55.0, 86232, 0
Java, mandelbrot, 10, 49.517272949218750000, 47.736755371093750000,  ,  , 4971, 54.2, 86252, 0
Java, mandelbrot, 10, 49.443969726562500000, 47.650695800781250000,  ,  , 4991, 54.5, 85868, 0
Java, mandelbrot, 10, 48.154663085937500000, 46.419921875000000000,  ,  , 4838, 54.5, 86148, 0
Java, n-body, 10, 42.193603515625000000, 40.678771972656250000,  ,  , 4237, 55.2, 41476, 0
Java, n-body, 10, 42.395019531250000000, 40.861938476562500000,  ,  , 4256, 54.8, 41316, 0
Java, n-body, 10, 42.405761718750000000, 40.880737304687500000,  ,  , 4258, 54.8, 41336, 0
Java, n-body, 10, 42.377380371093750000, 40.848632812500000000,  ,  , 4252, 55.0, 41312, 0
Java, n-body, 10, 42.415588378906250000, 40.886901855468750000,  ,  , 4263, 55.0, 41452, 0
Java, n-body, 10, 42.445312500000000000, 40.911254882812500000,  ,  , 4263, 55.0, 41452, 0
Java, n-body, 10, 42.182250976562500000, 40.663269042968750000,  ,  , 4233, 54.8, 41436, 0
Java, n-body, 10, 42.407043457031250000, 40.876647949218750000,  ,  , 4254, 55.0, 41348, 0
Java, n-body, 10, 42.193786621093750000, 40.669189453125000000,  ,  , 4233, 55.2, 41452, 0
Java, n-body, 10, 42.472412109375000000, 40.948669433593750000,  ,  , 4263, 55.0, 41476, 0
Java, n-body, 10, 42.331237792968750000, 40.817810058593750000,  ,  , 4253, 55.2, 41348, 0
Java, n-body, 10, 42.225524902343750000, 40.705200195312500000,  ,  , 4237, 55.2, 41476, 0
Java, n-body, 10, 42.225463867187500000, 40.703857421875000000,  ,  , 4236, 55.0, 41476, 0
Java, n-body, 10, 42.197509765625000000, 40.678955078125000000,  ,  , 4234, 55.2, 41452, 0
Java, n-body, 10, 42.396728515625000000, 40.876281738281250000,  ,  , 4255, 54.5, 41580, 0
Java, n-body, 10, 42.184020996093750000, 40.664306640625000000,  ,  , 4238, 54.8, 41600, 0
Java, n-body, 10, 42.447753906250000000, 40.921203613281250000,  ,  , 4259, 54.8, 41304, 0
Java, n-body, 10, 42.205261230468750000, 40.687500000000000000,  ,  , 4236, 55.8, 40964, 0
Java, n-body, 10, 42.352539062500000000, 40.830932617187500000,  ,  , 4254, 55.0, 41580, 0
Java, n-body, 10, 42.174194335937500000, 40.658020019531250000,  ,  , 4233, 54.8, 41732, 0
Java, regex-redux, 10, 65.574951171875000000, 63.005737304687500000,  ,  , 6592, 54.5, 632856, 0
Java, regex-redux, 10, 68.319580078125000000, 65.654602050781250000,  ,  , 6893, 54.5, 632208, 0
Java, regex-redux, 10, 66.138488769531250000, 63.537719726562500000,  ,  , 6680, 54.5, 632252, 0
Java, regex-redux, 10, 66.001708984375000000, 63.413391113281250000,  ,  , 6664, 54.5, 631632, 0
Java, regex-redux, 10, 68.585449218750000000, 65.884704589843750000,  ,  , 6978, 55.0, 629764, 0
Java, regex-redux, 10, 65.501647949218750000, 62.940734863281250000,  ,  , 6587, 54.5, 602916, 0
Java, regex-redux, 10, 65.718566894531250000, 63.154541015625000000,  ,  , 6619, 54.2, 606472, 0
Java, regex-redux, 10, 66.469116210937500000, 63.867858886718750000,  ,  , 6703, 54.8, 632652, 0
Java, regex-redux, 10, 66.819641113281250000, 64.214050292968750000,  ,  , 6723, 54.8, 604500, 0
Java, regex-redux, 10, 67.158752441406250000, 64.529907226562500000,  ,  , 6758, 55.0, 630872, 0
Java, regex-redux, 10, 66.047241210937500000, 63.463500976562500000,  ,  , 6651, 55.2, 632416, 0
Java, regex-redux, 10, 67.149902343750000000, 64.529663085937500000,  ,  , 6761, 54.5, 632268, 0
Java, regex-redux, 10, 68.249450683593750000, 65.585449218750000000,  ,  , 6869, 54.8, 631068, 0
Java, regex-redux, 10, 66.765991210937500000, 64.149658203125000000,  ,  , 6743, 54.8, 630744, 0
Java, regex-redux, 10, 66.060607910156250000, 63.481689453125000000,  ,  , 6658, 54.5, 604920, 0
Java, regex-redux, 10, 65.348022460937500000, 62.774902343750000000,  ,  , 6605, 55.0, 631592, 0
Java, regex-redux, 10, 66.499816894531250000, 63.898498535156250000,  ,  , 6703, 55.0, 631648, 0
Java, regex-redux, 10, 66.965148925781250000, 64.330688476562500000,  ,  , 6776, 54.8, 631412, 0
Java, regex-redux, 10, 66.369873046875000000, 63.781372070312500000,  ,  , 6672, 54.2, 601900, 0
Java, regex-redux, 10, 66.218139648437500000, 63.626892089843750000,  ,  , 6692, 54.2, 631476, 0
Java, reverse-complement, 10, 7.815612792968750000, 7.413757324218750000,  ,  , 790, 54.2, 536368, 0
Java, reverse-complement, 10, 7.815612792968750000, 7.405456542968750000,  ,  , 795, 54.0, 536344, 0
Java, reverse-complement, 10, 7.837341308593750000, 7.438415527343750000,  ,  , 790, 54.0, 536176, 0
Java, reverse-complement, 10, 7.803283691406250000, 7.399780273437500000,  ,  , 793, 54.0, 536480, 0
Java, reverse-complement, 10, 7.820678710937500000, 7.420959472656250000,  ,  , 796, 54.0, 536320, 0
Java, reverse-complement, 10, 7.847229003906250000, 7.446289062500000000,  ,  , 797, 54.8, 536516, 0
Java, reverse-complement, 10, 7.820495605468750000, 7.426147460937500000,  ,  , 787, 54.8, 536188, 0
Java, reverse-complement, 10, 7.808837890625000000, 7.413635253906250000,  ,  , 787, 55.0, 536284, 0
Java, reverse-complement, 10, 7.812988281250000000, 7.410217285156250000,  ,  , 786, 55.0, 536500, 0
Java, reverse-complement, 10, 7.771484375000000000, 7.371276855468750000,  ,  , 794, 54.0, 536360, 0
Java, reverse-complement, 10, 7.789001464843750000, 7.393066406250000000,  ,  , 789, 54.0, 536272, 0
Java, reverse-complement, 10, 7.801452636718750000, 7.403686523437500000,  ,  , 785, 54.8, 536236, 0
Java, reverse-complement, 10, 7.799255371093750000, 7.405639648437500000,  ,  , 794, 54.8, 536400, 0
Java, reverse-complement, 10, 7.826354980468750000, 7.427673339843750000,  ,  , 788, 54.0, 536444, 0
Java, reverse-complement, 10, 7.809692382812500000, 7.411254882812500000,  ,  , 787, 54.0, 536248, 0
Java, reverse-complement, 10, 7.742736816406250000, 7.346740722656250000,  ,  , 789, 55.0, 536400, 0
Java, reverse-complement, 10, 7.852355957031250000, 7.445800781250000000,  ,  , 791, 55.0, 536380, 0
Java, reverse-complement, 10, 7.773803710937500000, 7.367309570312500000,  ,  , 797, 54.8, 536404, 0
Java, reverse-complement, 10, 7.837890625000000000, 7.438537597656250000,  ,  , 794, 54.8, 536512, 0
Java, reverse-complement, 10, 7.858703613281250000, 7.452087402343750000,  ,  , 794, 55.0, 536380, 0
Java, spectral-norm, 10, 8.314331054687500000, 8.008422851562500000,  ,  , 844, 54.2, 43004, 0
Java, spectral-norm, 10, 8.207580566406250000, 7.908325195312500000,  ,  , 836, 54.8, 42812, 0
Java, spectral-norm, 10, 8.202697753906250000, 7.904968261718750000,  ,  , 840, 54.8, 42888, 0
Java, spectral-norm, 10, 8.247680664062500000, 7.939514160156250000,  ,  , 847, 54.0, 42852, 0
Java, spectral-norm, 10, 8.273010253906250000, 7.967773437500000000,  ,  , 856, 54.0, 42840, 0
Java, spectral-norm, 10, 8.161682128906250000, 7.850036621093750000,  ,  , 856, 53.5, 42768, 0
Java, spectral-norm, 10, 8.143127441406250000, 7.833984375000000000,  ,  , 859, 53.5, 42772, 0
Java, spectral-norm, 10, 8.120239257812500000, 7.820678710937500000,  ,  , 830, 54.0, 42724, 0
Java, spectral-norm, 10, 8.117675781250000000, 7.820800781250000000,  ,  , 840, 54.0, 42928, 0
Java, spectral-norm, 10, 8.241760253906250000, 7.938537597656250000,  ,  , 837, 54.2, 42768, 0
Java, spectral-norm, 10, 8.187316894531250000, 7.887207031250000000,  ,  , 841, 54.2, 42744, 0
Java, spectral-norm, 10, 8.211791992187500000, 7.907470703125000000,  ,  , 840, 54.0, 42740, 0
Java, spectral-norm, 10, 8.227111816406250000, 7.922912597656250000,  ,  , 838, 54.0, 42780, 0
Java, spectral-norm, 10, 8.133361816406250000, 7.820800781250000000,  ,  , 875, 54.0, 42932, 0
Java, spectral-norm, 10, 8.271667480468750000, 7.969970703125000000,  ,  , 839, 54.0, 42832, 0
Java, spectral-norm, 10, 8.219543457031250000, 7.916870117187500000,  ,  , 843, 54.0, 42780, 0
Java, spectral-norm, 10, 8.244262695312500000, 7.935668945312500000,  ,  , 843, 54.0, 42568, 0
Java, spectral-norm, 10, 8.215637207031250000, 7.907775878906250000,  ,  , 845, 54.5, 42972, 0
Java, spectral-norm, 10, 8.225036621093750000, 7.923217773437500000,  ,  , 845, 54.5, 42852, 0
Java, spectral-norm, 10, 8.196533203125000000, 7.896057128906250000,  ,  , 831, 53.8, 42700, 0
Python, binary-trees, 10, 522.566345214843750000, 499.215515136718750000,  ,  , 52915, 55.0, 277248, 0
Python, binary-trees, 10, 512.842956542968750000, 489.832458496093750000,  ,  , 52039, 55.2, 277376, 0
Python, binary-trees, 10, 515.194824218750000000, 492.189392089843750000,  ,  , 52179, 55.2, 277248, 0
Python, binary-trees, 10, 517.645751953125000000, 494.534179687500000000,  ,  , 52297, 55.0, 277248, 0
Python, binary-trees, 10, 515.451477050781250000, 492.406982421875000000,  ,  , 52221, 54.8, 277248, 0
Python, binary-trees, 10, 514.183837890625000000, 491.147094726562500000,  ,  , 52047, 55.2, 277120, 0
Python, binary-trees, 10, 512.057678222656250000, 488.998107910156250000,  ,  , 51956, 55.2, 277248, 0
Python, binary-trees, 10, 515.879211425781250000, 492.781066894531250000,  ,  , 52203, 54.5, 277248, 0
Python, binary-trees, 10, 511.814270019531250000, 488.736999511718750000,  ,  , 51814, 55.5, 277248, 0
Python, binary-trees, 10, 517.835388183593750000, 494.731384277343750000,  ,  , 52416, 55.0, 277376, 0
Python, binary-trees, 10, 511.938903808593750000, 489.059997558593750000,  ,  , 51783, 55.8, 277248, 0
Python, binary-trees, 10, 513.476867675781250000, 490.533935546875000000,  ,  , 51958, 55.2, 277248, 0
Python, binary-trees, 10, 513.585754394531250000, 490.474792480468750000,  ,  , 52000, 55.5, 277376, 0
Python, binary-trees, 10, 512.611877441406250000, 489.651062011718750000,  ,  , 51923, 55.0, 277376, 0
Python, binary-trees, 10, 517.120117187500000000, 493.888854980468750000,  ,  , 52314, 55.0, 277248, 0
Python, binary-trees, 10, 514.764099121093750000, 491.629577636718750000,  ,  , 52074, 55.0, 277248, 0
Python, binary-trees, 10, 514.915954589843750000, 491.834594726562500000,  ,  , 52219, 54.5, 277248, 0
Python, binary-trees, 10, 518.395568847656250000, 495.183471679687500000,  ,  , 52476, 54.5, 277248, 0
Python, binary-trees, 10, 525.043701171875000000, 501.592529296875000000,  ,  , 53075, 54.5, 277248, 0
Python, binary-trees, 10, 516.948913574218750000, 493.808593750000000000,  ,  , 52418, 55.5, 277376, 0
Python, fannkuch-redux, 10, 4451.029602050781250000, 4291.311096191406250000,  ,  , 446819, 54.5, 14336, 0
Python, fannkuch-redux, 10, 4456.700744628906250000, 4296.849914550781250000,  ,  , 447401, 54.0, 14464, 0
Python, fannkuch-redux, 10, 4430.747192382812500000, 4271.894775390625000000,  ,  , 444788, 54.0, 14336, 0
Python, fannkuch-redux, 10, 4444.091918945312500000, 4284.774658203125000000,  ,  , 446133, 54.0, 14464, 0
Python, fannkuch-redux, 10, 4498.006408691406250000, 4336.796081542968750000,  ,  , 451548, 54.0, 14336, 0
Python, fannkuch-redux, 10, 4541.109191894531250000, 4378.380310058593750000,  ,  , 455873, 54.2, 14336, 0
Python, fannkuch-redux, 10, 4571.201232910156250000, 4407.290893554687500000,  ,  , 458911, 54.2, 14208, 0
Python, fannkuch-redux, 10, 4504.747619628906250000, 4343.186889648437500000,  ,  , 452222, 54.0, 14464, 0
Python, fannkuch-redux, 10, 4484.882812500000000000, 4324.069213867187500000,  ,  , 450231, 54.0, 14336, 0
Python, fannkuch-redux, 10, -257598.685791015625000000, 4382.192321777343750000,  ,  , 456279, 54.2, 14208, 0
Python, fannkuch-redux, 10, 4572.461547851562500000, 4408.352783203125000000,  ,  , 459003, 54.5, 14336, 0
Python, fannkuch-redux, 10, 4471.460510253906250000, 4310.983947753906250000,  ,  , 448870, 54.0, 14336, 0
Python, fannkuch-redux, 10, 4597.816467285156250000, 4432.962829589843750000,  ,  , 461569, 54.5, 14464, 0
Python, fannkuch-redux, 10, 4528.690490722656250000, 4366.137268066406250000,  ,  , 454593, 53.2, 14336, 0
Python, fannkuch-redux, 10, 4506.005554199218750000, 4344.237304687500000000,  ,  , 452312, 53.8, 14336, 0
Python, fannkuch-redux, 10, 4475.421936035156250000, 4314.779907226562500000,  ,  , 449294, 53.8, 14208, 0
Python, fannkuch-redux, 10, 4466.165771484375000000, 4305.792846679687500000,  ,  , 448285, 54.0, 14464, 0
Python, fannkuch-redux, 10, 4577.481872558593750000, -257730.843994140625000000,  ,  , 459546, 54.0, 14208, 0
Python, fannkuch-redux, 10, 4577.000976562500000000, 4412.768859863281250000,  ,  , 459466, 54.2, 14336, 0
Python, fannkuch-redux, 10, 4476.465881347656250000, 4315.747131347656250000,  ,  , 449360, 54.2, 14464, 0
Python, fasta, 10, 480.775512695312500000, 463.512023925781250000,  ,  , 48269, 53.8, 9600, 0
Python, fasta, 10, 488.279113769531250000, 470.789489746093750000,  ,  , 49012, 54.5, 9728, 0
Python, fasta, 10, 480.082336425781250000, 462.883728027343750000,  ,  , 48204, 53.8, 9600, 0
Python, fasta, 10, 484.563354492187500000, 467.157470703125000000,  ,  , 48638, 53.8, 9728, 0
Python, fasta, 10, 484.437255859375000000, 467.052673339843750000,  ,  , 48635, 53.5, 9728, 0
Python, fasta, 10, 484.486511230468750000, 467.167297363281250000,  ,  , 48641, 54.0, 9728, 0
Python, fasta, 10, 483.040710449218750000, 465.798645019531250000,  ,  , 48506, 53.8, 9600, 0
Python, fasta, 10, 482.200988769531250000, 464.941711425781250000,  ,  , 48409, 53.8, 9600, 0
Python, fasta, 10, 482.717590332031250000, 465.458068847656250000,  ,  , 48466, 54.2, 9728, 0
Python, fasta, 10, 486.650085449218750000, 469.183654785156250000,  ,  , 48845, 53.8, 9728, 0
Python, fasta, 10, 483.244873046875000000, 465.888122558593750000,  ,  , 48514, 54.2, 9600, 0
Python, fasta, 10, 518.975036621093750000, 499.592773437500000000,  ,  , 52102, 53.5, 9728, 0
Python, fasta, 10, 480.992736816406250000, 463.474853515625000000,  ,  , 48298, 53.5, 9728, 0
Python, fasta, 10, 481.866638183593750000, 464.644531250000000000,  ,  , 48379, 54.2, 9728, 0
Python, fasta, 10, 486.718139648437500000, 469.237121582031250000,  ,  , 48855, 53.2, 9728, 0
Python, fasta, 10, 482.815002441406250000, 465.482055664062500000,  ,  , 48478, 54.0, 9728, 0
Python, fasta, 10, 481.330566406250000000, 464.031799316406250000,  ,  , 48321, 53.8, 9728, 0
Python, fasta, 10, 479.337890625000000000, 462.168579101562500000,  ,  , 48122, 54.0, 9728, 0
Python, fasta, 10, 480.204711914062500000, 463.046020507812500000,  ,  , 48213, 53.8, 9728, 0
Python, fasta, 10, 482.225463867187500000, 464.976440429687500000,  ,  , 48414, 54.0, 9728, 0
Python, k-nucleotide, 10, 612.860656738281250000, 588.598754882812500000,  ,  , 61522, 53.2, 261796, 0
Python, k-nucleotide, 10, 610.590698242187500000, 586.413330078125000000,  ,  , 61304, 54.0, 261796, 0
Python, k-nucleotide, 10, 603.697692871093750000, 579.734680175781250000,  ,  , 60609, 54.0, 261948, 0
Python, k-nucleotide, 10, 605.058227539062500000, 581.064575195312500000,  ,  , 60741, 53.2, 261804, 0
Python, k-nucleotide, 10, 607.095397949218750000, 582.964172363281250000,  ,  , 60964, 54.5, 261924, 0
Python, k-nucleotide, 10, 607.865600585937500000, 583.749694824218750000,  ,  , 61014, 54.2, 261800, 0
Python, k-nucleotide, 10, 607.203491210937500000, 583.086853027343750000,  ,  , 60948, 53.5, 261796, 0
Python, k-nucleotide, 10, 604.905456542968750000, 580.873352050781250000,  ,  , 60725, 54.2, 261928, 0
Python, k-nucleotide, 10, 610.701721191406250000, 586.490417480468750000,  ,  , 61303, 54.0, 261820, 0
Python, k-nucleotide, 10, 609.786682128906250000, 585.607543945312500000,  ,  , 61212, 54.0, 261800, 0
Python, k-nucleotide, 10, 604.437744140625000000, 580.417907714843750000,  ,  , 60684, 54.2, 261692, 0
Python, k-nucleotide, 10, 607.755432128906250000, 583.589050292968750000,  ,  , 61018, 54.8, 261924, 0
Python, k-nucleotide, 10, 602.800476074218750000, 578.814025878906250000,  ,  , 60509, 54.2, 261796, 0
Python, k-nucleotide, 10, 607.148864746093750000, 583.092468261718750000,  ,  , 60956, 54.8, 261796, 0
Python, k-nucleotide, 10, 606.602722167968750000, 582.533874511718750000,  ,  , 60897, 54.2, 261800, 0
Python, k-nucleotide, 10, 607.795593261718750000, 583.649047851562500000,  ,  , 61019, 55.0, 261692, 0
Python, k-nucleotide, 10, 614.892211914062500000, 590.498535156250000000,  ,  , 61727, 54.8, 262052, 0
Python, k-nucleotide, 10, 604.246643066406250000, 580.206420898437500000,  ,  , 60650, 54.5, 262060, 0
Python, k-nucleotide, 10, 608.525573730468750000, 584.395202636718750000,  ,  , 61106, 54.5, 261796, 0
Python, k-nucleotide, 10, 604.554870605468750000, 580.486938476562500000,  ,  , 60688, 54.5, 261800, 0
Python, mandelbrot, 10, 2017.795837402343750000, 1945.420776367187500000,  ,  , 202518, 52.5, 14464, 0
Python, mandelbrot, 10, 2036.872802734375000000, 1963.879638671875000000,  ,  , 204474, 52.5, 14336, 0
Python, mandelbrot, 10, 2022.588623046875000000, 1950.077514648437500000,  ,  , 203045, 52.0, 14336, 0
Python, mandelbrot, 10, 2010.126159667968750000, 1938.065063476562500000,  ,  , 201786, 52.8, 14464, 0
Python, mandelbrot, 10, 2016.649414062500000000, 1944.332275390625000000,  ,  , 202440, 52.8, 14464, 0
Python, mandelbrot, 10, 2017.694519042968750000, 1945.373168945312500000,  ,  , 202558, 52.8, 14336, 0
Python, mandelbrot, 10, 1999.382995605468750000, 1927.639892578125000000,  ,  , 200697, 52.5, 14336, 0
Python, mandelbrot, 10, 2076.177612304687500000, 2001.706481933593750000,  ,  , 208412, 51.8, 14336, 0
Python, mandelbrot, 10, 2014.269775390625000000, 1942.050170898437500000,  ,  , 202209, 52.5, 14336, 0
Python, mandelbrot, 10, 2018.027648925781250000, 1945.676147460937500000,  ,  , 202586, 53.0, 14336, 0
Python, mandelbrot, 10, 2036.006469726562500000, 1963.030639648437500000,  ,  , 204386, 52.2, 14336, 0
Python, mandelbrot, 10, 2025.094360351562500000, 1952.497680664062500000,  ,  , 203293, 52.8, 14336, 0
Python, mandelbrot, 10, 2036.058532714843750000, 1963.076416015625000000,  ,  , 204393, 53.0, 14464, 0
Python, mandelbrot, 10, 2034.365905761718750000, 1961.393554687500000000,  ,  , 204217, 52.5, 14464, 0
Python, mandelbrot, 10, 2015.130371093750000000, 1942.883178710937500000,  ,  , 202293, 52.8, 14336, 0
Python, mandelbrot, 10, 2035.452026367187500000, 1962.493957519531250000,  ,  , 204332, 53.0, 14336, 0
Python, mandelbrot, 10, 2039.314636230468750000, 1966.191955566406250000,  ,  , 204719, 52.8, 14336, 0
Python, mandelbrot, 10, 2037.690124511718750000, 1964.638732910156250000,  ,  , 204556, 51.8, 14336, 0
Python, mandelbrot, 10, 2016.384216308593750000, 1944.085388183593750000,  ,  , 202416, 52.8, 14464, 0
Python, mandelbrot, 10, 2005.965942382812500000, 1934.007690429687500000,  ,  , 201367, 53.0, 14464, 0
Python, n-body, 10, 2695.522766113281250000, 2599.215698242187500000,  ,  , 270654, 53.5, 9856, 0
Python, n-body, 10, 2703.117919921875000000, 2606.340148925781250000,  ,  , 271392, 54.2, 9856, 0
Python, n-body, 10, 2700.880187988281250000, 2604.065612792968750000,  ,  , 271156, 53.5, 9728, 0
Python, n-body, 10, 2789.298889160156250000, 2689.158142089843750000,  ,  , 280009, 53.8, 9856, 0
Python, n-body, 10, 2716.771911621093750000, 2619.796752929687500000,  ,  , 272775, 53.5, 9728, 0
Python, n-body, 10, 2695.049194335937500000, 2598.716735839843750000,  ,  , 270597, 53.5, 9856, 0
Python, n-body, 10, 2726.411804199218750000, 2628.801940917968750000,  ,  , 273715, 54.2, 9856, 0
Python, n-body, 10, 2704.444824218750000000, 2607.814270019531250000,  ,  , 271548, 54.0, 9856, 0
Python, n-body, 10, 2760.053405761718750000, 2661.298522949218750000,  ,  , 277102, 53.2, 9856, 0
Python, n-body, 10, 2702.711486816406250000, 2606.235717773437500000,  ,  , 271368, 54.0, 9856, 0
Python, n-body, 10, 2769.425292968750000000, 2670.540710449218750000,  ,  , 278080, 54.0, 9856, 0
Python, n-body, 10, 2744.885559082031250000, 2646.653503417968750000,  ,  , 275578, 54.2, 9856, 0
Python, n-body, 10, 2700.173767089843750000, 2603.577392578125000000,  ,  , 271096, 54.2, 9856, 0
Python, n-body, 10, 2698.514770507812500000, 2602.074218750000000000,  ,  , 270935, 54.0, 9856, 0
Python, n-body, 10, 2755.033752441406250000, 2656.616760253906250000,  ,  , 276608, 53.5, 9856, 0
Python, n-body, 10, 2689.548034667968750000, 2593.293395996093750000,  ,  , 270038, 54.0, 9728, 0
Python, n-body, 10, 2715.578186035156250000, 2618.577453613281250000,  ,  , 272653, 54.0, 9728, 0
Python, n-body, 10, 2704.504821777343750000, 2607.863647460937500000,  ,  , 271535, 54.2, 9728, 0
Python, n-body, 10, 2717.875305175781250000, 2620.592224121093750000,  ,  , 272879, 53.8, 9856, 0
Python, n-body, 10, 2957.499328613281250000, 2851.355529785156250000,  ,  , 296911, 53.2, 9856, 0
Python, regex-redux, 10, 94.171569824218750000, 90.630065917968750000,  ,  , 9460, 53.2, 460632, 0
Python, regex-redux, 10, 92.968994140625000000, 89.465332031250000000,  ,  , 9332, 53.8, 460804, 0
Python, regex-redux, 10, 93.204162597656250000, 89.690368652343750000,  ,  , 9356, 54.2, 460636, 0
Python, regex-redux, 10, 93.138916015625000000, 89.636840820312500000,  ,  , 9352, 54.0, 460644, 0
Python, regex-redux, 10, 93.420227050781250000, 89.900512695312500000,  ,  , 9376, 53.2, 460652, 0
Python, regex-redux, 10, 93.150878906250000000, 89.640380859375000000,  ,  , 9358, 53.8, 460652, 0
Python, regex-redux, 10, 93.213806152343750000, 89.706970214843750000,  ,  , 9354, 54.0, 460668, 0
Python, regex-redux, 10, 93.343994140625000000, 89.835205078125000000,  ,  , 9372, 54.0, 460664, 0
Python, regex-redux, 10, 92.916198730468750000, 89.414001464843750000,  ,  , 9324, 53.8, 460764, 0
Python, regex-redux, 10, 93.235046386718750000, 89.723876953125000000,  ,  , 9360, 54.0, 460528, 0
Python, regex-redux, 10, 93.091125488281250000, 89.583923339843750000,  ,  , 9344, 53.8, 460776, 0
Python, regex-redux, 10, 92.988220214843750000, 89.493591308593750000,  ,  , 9336, 53.5, 460648, 0
Python, regex-redux, 10, 93.007141113281250000, 89.507995605468750000,  ,  , 9338, 53.5, 460664, 0
Python, regex-redux, 10, 93.258544921875000000, 89.740234375000000000,  ,  , 9362, 53.8, 460624, 0
Python, regex-redux, 10, 93.603881835937500000, 90.084106445312500000,  ,  , 9394, 54.0, 460644, 0
Python, regex-redux, 10, 93.197998046875000000, 89.673095703125000000,  ,  , 9365, 53.5, 460640, 0
Python, regex-redux, 10, 93.248107910156250000, 89.732604980468750000,  ,  , 9358, 53.8, 460632, 0
Python, regex-redux, 10, 93.126464843750000000, 89.618591308593750000,  ,  , 9344, 53.8, 460644, 0
Python, regex-redux, 10, 92.886657714843750000, 89.382507324218750000,  ,  , 9323, 54.0, 460632, 0
Python, regex-redux, 10, 93.195861816406250000, 89.693359375000000000,  ,  , 9355, 54.2, 460624, 0
Python, reverse-complement, 10, 17.836364746093750000, 17.116638183593750000,  ,  , 1789, 54.0, 628296, 0
Python, reverse-complement, 10, 17.903076171875000000, 17.181030273437500000,  ,  , 1796, 54.2, 628424, 0
Python, reverse-complement, 10, 17.911499023437500000, 17.199584960937500000,  ,  , 1797, 53.8, 628296, 0
Python, reverse-complement, 10, 17.824645996093750000, 17.102478027343750000,  ,  , 1789, 53.5, 628424, 0
Python, reverse-complement, 10, 17.956848144531250000, 17.231323242187500000,  ,  , 1800, 54.2, 628296, 0
Python, reverse-complement, 10, 17.802734375000000000, 17.087646484375000000,  ,  , 1794, 53.8, 628320, 0
Python, reverse-complement, 10, 18.003601074218750000, 17.283508300781250000,  ,  , 1806, 54.0, 628420, 0
Python, reverse-complement, 10, 17.914001464843750000, 17.192260742187500000,  ,  , 1797, 53.5, 628180, 0
Python, reverse-complement, 10, 17.837951660156250000, 17.117309570312500000,  ,  , 1791, 54.5, 628296, 0
Python, reverse-complement, 10, 17.988830566406250000, 17.265197753906250000,  ,  , 1805, 53.8, 628296, 0
Python, reverse-complement, 10, 17.863159179687500000, 17.149353027343750000,  ,  , 1792, 54.0, 628192, 0
Python, reverse-complement, 10, 17.787780761718750000, 17.064880371093750000,  ,  , 1791, 54.0, 628292, 0
Python, reverse-complement, 10, 17.761108398437500000, 17.044372558593750000,  ,  , 1781, 54.0, 628296, 0
Python, reverse-complement, 10, 17.759948730468750000, 17.051757812500000000,  ,  , 1783, 54.2, 628296, 0
Python, reverse-complement, 10, 17.898986816406250000, 17.182189941406250000,  ,  , 1796, 54.0, 628324, 0
Python, reverse-complement, 10, 17.851562500000000000, 17.132446289062500000,  ,  , 1795, 53.8, 628192, 0
Python, reverse-complement, 10, 17.877685546875000000, 17.150939941406250000,  ,  , 1796, 53.8, 628192, 0
Python, reverse-complement, 10, 17.810363769531250000, 17.100646972656250000,  ,  , 1787, 54.0, 628180, 0
Python, reverse-complement, 10, 17.907836914062500000, 17.188049316406250000,  ,  , 1801, 54.2, 628296, 0
Python, reverse-complement, 10, 17.783813476562500000, 17.067199707031250000,  ,  , 1783, 54.5, 628296, 0
Python, spectral-norm, 10, 1490.299072265625000000, 1436.911865234375000000,  ,  , 149583, 53.0, 15744, 0
Python, spectral-norm, 10, 1503.423767089843750000, 1449.578247070312500000,  ,  , 150898, 52.8, 15872, 0
Python, spectral-norm, 10, 1500.072143554687500000, 1446.332763671875000000,  ,  , 150595, 52.5, 15744, 0
Python, spectral-norm, 10, 1506.968872070312500000, 1452.985168457031250000,  ,  , 151279, 53.2, 15616, 0
Python, spectral-norm, 10, 1507.668823242187500000, 1453.645507812500000000,  ,  , 151382, 53.2, 15872, 0
Python, spectral-norm, 10, 1502.278198242187500000, 1448.482788085937500000,  ,  , 150806, 52.8, 15872, 0
Python, spectral-norm, 10, 1515.764709472656250000, 1461.447814941406250000,  ,  , 152261, 54.0, 15616, 0
Python, spectral-norm, 10, 1489.626892089843750000, 1436.276916503906250000,  ,  , 149513, 53.8, 15872, 0
Python, spectral-norm, 10, 1519.732482910156250000, 1465.297607421875000000,  ,  , 152553, 53.5, 15616, 0
Python, spectral-norm, 10, 1524.868103027343750000, 1470.255004882812500000,  ,  , 153054, 53.2, 15744, 0
Python, spectral-norm, 10, 1503.542480468750000000, 1449.687988281250000000,  ,  , 150931, 53.5, 15744, 0
Python, spectral-norm, 10, 1518.560180664062500000, 1464.172363281250000000,  ,  , 152454, 53.0, 15744, 0
Python, spectral-norm, 10, 1507.336486816406250000, 1453.347778320312500000,  ,  , 151334, 53.0, 15744, 0
Python, spectral-norm, 10, 1487.586181640625000000, 1434.319458007812500000,  ,  , 149333, 53.0, 15744, 0
Python, spectral-norm, 10, 1575.121276855468750000, 1518.689086914062500000,  ,  , 158143, 52.8, 15744, 0
Python, spectral-norm, 10, 1503.846679687500000000, 1449.985778808593750000,  ,  , 150968, 53.0, 15872, 0
Python, spectral-norm, 10, 1505.562561035156250000, 1451.625915527343750000,  ,  , 151159, 53.5, 15744, 0
Python, spectral-norm, 10, 1527.665100097656250000, 1472.946777343750000000,  ,  , 153349, 52.8, 15872, 0
Python, spectral-norm, 10, 1511.984619140625000000, 1457.821350097656250000,  ,  , 151785, 53.2, 15744, 0
Python, spectral-norm, 10, 1501.256469726562500000, 1447.477111816406250000,  ,  , 150709, 53.8, 15744, 0
C, binary-trees, 15, 17.556701660156250000, 16.962707519531250000,  ,  , 1234, 55.8, 134400, 0
C, binary-trees, 15, 17.733398437500000000, 17.133972167968750000,  ,  , 1244, 56.0, 134400, 0
C, binary-trees, 15, 17.723632812500000000, 17.123718261718750000,  ,  , 1242, 55.5, 134400, 0
C, binary-trees, 15, 17.666748046875000000, 17.062988281250000000,  ,  , 1238, 55.5, 134400, 0
C, binary-trees, 15, 17.888244628906250000, 17.282592773437500000,  ,  , 1254, 55.2, 134400, 0
C, binary-trees, 15, 17.820556640625000000, 17.213439941406250000,  ,  , 1248, 55.8, 134400, 0
C, binary-trees, 15, 18.024047851562500000, 17.413940429687500000,  ,  , 1265, 55.8, 134400, 0
C, binary-trees, 15, 17.640075683593750000, 17.039794921875000000,  ,  , 1238, 55.5, 134400, 0
C, binary-trees, 15, 17.727478027343750000, 17.116394042968750000,  ,  , 1244, 55.8, 134400, 0
C, binary-trees, 15, 17.701721191406250000, 17.091308593750000000,  ,  , 1244, 55.8, 134400, 0
C, binary-trees, 15, 17.669006347656250000, 17.060852050781250000,  ,  , 1241, 55.2, 134400, 0
C, binary-trees, 15, 17.794982910156250000, 17.180480957031250000,  ,  , 1243, 55.5, 134400, 0
C, binary-trees, 15, 17.656677246093750000, 17.057128906250000000,  ,  , 1241, 55.8, 134400, 0
C, binary-trees, 15, 17.770324707031250000, 17.160827636718750000,  ,  , 1249, 55.2, 134400, 0
C, binary-trees, 15, 17.713684082031250000, 17.122497558593750000,  ,  , 1237, 55.5, 134400, 0
C, binary-trees, 15, 17.653686523437500000, 17.042968750000000000,  ,  , 1242, 56.5, 134400, 0
C, binary-trees, 15, 17.628601074218750000, 17.008728027343750000,  ,  , 1241, 56.0, 134400, 0
C, binary-trees, 15, 17.755737304687500000, 17.159484863281250000,  ,  , 1247, 55.5, 134400, 0
C, binary-trees, 15, 17.747436523437500000, 17.154296875000000000,  ,  , 1245, 55.5, 134400, 0
C, binary-trees, 15, 17.759094238281250000, 17.159790039062500000,  ,  , 1246, 54.8, 134400, 0
C, fannkuch-redux, 15, 37.940490722656250000, 37.042053222656250000,  ,  , 2542, 55.8, 1664, 0
C, fannkuch-redux, 15, 37.863037109375000000, 36.962646484375000000,  ,  , 2538, 55.0, 1664, 0
C, fannkuch-redux, 15, 37.890075683593750000, 36.978332519531250000,  ,  , 2534, 56.0, 1664, 0
C, fannkuch-redux, 15, 37.849670410156250000, 36.950622558593750000,  ,  , 2536, 55.5, 1664, 0
C, fannkuch-redux, 15, 37.835205078125000000, 36.931091308593750000,  ,  , 2535, 55.8, 1664, 0
C, fannkuch-redux, 15, 37.878723144531250000, 36.972167968750000000,  ,  , 2548, 56.2, 1664, 0
C, fannkuch-redux, 15, 37.806884765625000000, 36.909545898437500000,  ,  , 2532, 55.5, 1664, 0
C, fannkuch-redux, 15, 37.852294921875000000, 36.953186035156250000,  ,  , 2535, 56.2, 1664, 0
C, fannkuch-redux, 15, 37.817199707031250000, 36.917724609375000000,  ,  , 2533, 56.0, 1664, 0
C, fannkuch-redux, 15, 37.982055664062500000, 37.076782226562500000,  ,  , 2541, 56.2, 1664, 0
C, fannkuch-redux, 15, 37.905456542968750000, 37.008789062500000000,  ,  , 2541, 56.5, 1664, 0
C, fannkuch-redux, 15, 37.905578613281250000, 37.007629394531250000,  ,  , 2538, 56.0, 1536, 0
C, fannkuch-redux, 15, 37.832946777343750000, 36.929016113281250000,  ,  , 2535, 56.0, 1664, 0
C, fannkuch-redux, 15, 37.915588378906250000, 37.015197753906250000,  ,  , 2536, 56.2, 1664, 0
C, fannkuch-redux, 15, 37.866699218750000000, 36.959716796875000000,  ,  , 2536, 56.0, 1664, 0
C, fannkuch-redux, 15, 37.925231933593750000, 37.026672363281250000,  ,  , 2543, 55.8, 1664, 0
C, fannkuch-redux, 15, 38.016723632812500000, 37.117492675781250000,  ,  , 2546, 55.8, 1664, 0
C, fannkuch-redux, 15, 38.097717285156250000, 37.194824218750000000,  ,  , 2548, 56.2, 1664, 0
C, fannkuch-redux, 15, 37.974914550781250000, 37.067504882812500000,  ,  , 2539, 56.0, 1664, 0
C, fannkuch-redux, 15, 38.133117675781250000, 37.233520507812500000,  ,  , 2554, 56.5, 1664, 0
C, fasta, 15, 6.609497070312500000, 6.368957519531250000,  ,  , 669, 50.8, 1408, 0
C, fasta, 15, 6.681213378906250000, 6.440734863281250000,  ,  , 669, 54.5, 1408, 0
C, fasta, 15, 6.662475585937500000, 6.430786132812500000,  ,  , 668, 54.5, 1408, 0
C, fasta, 15, 6.587707519531250000, 6.351440429687500000,  ,  , 669, 54.0, 1408, 0
C, fasta, 15, 6.692443847656250000, 6.451354980468750000,  ,  , 667, 54.0, 1408, 0
C, fasta, 15, 6.671569824218750000, 6.425842285156250000,  ,  , 677, 54.5, 1408, 0
C, fasta, 15, 6.612304687500000000, 6.370422363281250000,  ,  , 666, 54.5, 1408, 0
C, fasta, 15, 6.642028808593750000, 6.403503417968750000,  ,  , 666, 54.2, 1408, 0
C, fasta, 15, 6.616516113281250000, 6.382690429687500000,  ,  , 668, 54.2, 1408, 0
C, fasta, 15, 6.629760742187500000, 6.388000488281250000,  ,  , 665, 54.5, 1408, 0
C, fasta, 15, 6.618469238281250000, 6.380249023437500000,  ,  , 667, 54.5, 1408, 0
C, fasta, 15, 6.608459472656250000, 6.371704101562500000,  ,  , 666, 54.5, 1408, 0
C, fasta, 15, 6.634216308593750000, 6.400207519531250000,  ,  , 667, 54.5, 1408, 0
C, fasta, 15, 6.557189941406250000, 6.317138671875000000,  ,  , 666, 54.8, 1408, 0
C, fasta, 15, 6.643798828125000000, 6.412109375000000000,  ,  , 668, 54.8, 1408, 0
C, fasta, 15, 6.434814453125000000, 6.209289550781250000,  ,  , 665, 54.8, 1408, 0
C, fasta, 15, 6.567749023437500000, 6.329956054687500000,  ,  , 668, 54.8, 1408, 0
C, fasta, 15, 6.570251464843750000, 6.326782226562500000,  ,  , 666, 54.0, 1408, 0
C, fasta, 15, 6.588806152343750000, 6.359802246093750000,  ,  , 667, 54.0, 1408, 0
C, fasta, 15, 6.529296875000000000, 6.296997070312500000,  ,  , 667, 54.2, 1408, 0
C, k-nucleotide, 15, 53.259521484375000000, 51.724914550781250000,  ,  , 3624, 56.5, 130304, 0
C, k-nucleotide, 15, 54.421936035156250000, 52.730895996093750000,  ,  , 3704, 56.2, 130304, 0
C, k-nucleotide, 15, 54.129577636718750000, 52.502502441406250000,  ,  , 3681, 56.8, 130304, 0
C, k-nucleotide, 15, 55.288757324218750000, 53.579467773437500000,  ,  , 3765, 56.5, 130304, 0
C, k-nucleotide, 15, 54.917358398437500000, 53.196838378906250000,  ,  , 3733, 56.8, 130304, 0
C, k-nucleotide, 15, 54.080932617187500000, 52.479675292968750000,  ,  , 3690, 56.2, 130304, 0
C, k-nucleotide, 15, 52.657226562500000000, 51.161071777343750000,  ,  , 3587, 57.0, 130304, 0
C, k-nucleotide, 15, 52.967529296875000000, 51.435119628906250000,  ,  , 3606, 57.0, 130304, 0
C, k-nucleotide, 15, 53.411132812500000000, 51.851135253906250000,  ,  , 3646, 56.5, 130304, 0
C, k-nucleotide, 15, 53.340942382812500000, 51.783142089843750000,  ,  , 3632, 56.8, 130304, 0
C, k-nucleotide, 15, 52.182678222656250000, 50.731872558593750000,  ,  , 3553, 57.0, 130304, 0
C, k-nucleotide, 15, 53.146789550781250000, 51.599792480468750000,  ,  , 3617, 56.8, 130304, 0
C, k-nucleotide, 15, 53.299011230468750000, 51.769104003906250000,  ,  , 3633, 57.0, 130304, 0
C, k-nucleotide, 15, 52.446105957031250000, 50.983276367187500000,  ,  , 3580, 56.8, 130304, 0
C, k-nucleotide, 15, 53.372558593750000000, 51.797180175781250000,  ,  , 3628, 57.2, 130304, 0
C, k-nucleotide, 15, 52.348876953125000000, 50.887145996093750000,  ,  , 3563, 56.8, 130304, 0
C, k-nucleotide, 15, 54.741699218750000000, 53.028930664062500000,  ,  , 3721, 57.0, 130304, 0
C, k-nucleotide, 15, 54.246826171875000000, 52.586364746093750000,  ,  , 3692, 56.5, 130304, 0
C, k-nucleotide, 15, 54.859741210937500000, 53.176208496093750000,  ,  , 3747, 56.8, 130304, 0
C, k-nucleotide, 15, 53.632446289062500000, 52.032409667968750000,  ,  , 3656, 57.2, 130304, 0
C, mandelbrot, 15, 18.269409179687500000, 17.829284667968750000,  ,  , 1224, 57.0, 33280, 0
C, mandelbrot, 15, 18.251525878906250000, 17.817932128906250000,  ,  , 1223, 56.5, 33152, 0
C, mandelbrot, 15, 18.250305175781250000, 17.816711425781250000,  ,  , 1224, 57.2, 33152, 0
C, mandelbrot, 15, 18.253295898437500000, 17.820800781250000000,  ,  , 1224, 56.8, 33024, 0
C, mandelbrot, 15, 18.256164550781250000, 17.825683593750000000,  ,  , 1224, 56.5, 33024, 0
C, mandelbrot, 15, 18.299133300781250000, 17.853576660156250000,  ,  , 1231, 56.5, 33024, 0
C, mandelbrot, 15, 18.247192382812500000, 17.806274414062500000,  ,  , 1218, 56.5, 33280, 0
C, mandelbrot, 15, 18.244689941406250000, 17.804565429687500000,  ,  , 1226, 57.0, 33024, 0
C, mandelbrot, 15, 18.284729003906250000, 17.839355468750000000,  ,  , 1221, 56.5, 33152, 0
C, mandelbrot, 15, 18.239990234375000000, 17.809082031250000000,  ,  , 1222, 56.8, 33152, 0
C, mandelbrot, 15, 18.251525878906250000, 17.818298339843750000,  ,  , 1223, 56.5, 33152, 0
C, mandelbrot, 15, 18.247375488281250000, 17.808288574218750000,  ,  , 1224, 56.5, 33280, 0
C, mandelbrot, 15, 18.234924316406250000, 17.794433593750000000,  ,  , 1223, 56.8, 33152, 0
C, mandelbrot, 15, 18.236694335937500000, 17.797912597656250000,  ,  , 1221, 56.8, 33280, 0
C, mandelbrot, 15, 18.261901855468750000, 17.832702636718750000,  ,  , 1220, 56.5, 33024, 0
C, mandelbrot, 15, 18.252807617187500000, 17.814086914062500000,  ,  , 1219, 56.5, 33152, 0
C, mandelbrot, 15, 18.246948242187500000, 17.812561035156250000,  ,  , 1224, 56.5, 33280, 0
C, mandelbrot, 15, 18.284301757812500000, 17.846496582031250000,  ,  , 1225, 56.5, 33024, 0
C, mandelbrot, 15, 18.261230468750000000, 17.828369140625000000,  ,  , 1225, 56.5, 33280, 0
C, mandelbrot, 15, 18.230285644531250000, 17.794311523437500000,  ,  , 1223, 56.8, 33024, 0
C, n-body, 15, 19.491333007812500000, 18.873962402343750000,  ,  , 1733, 55.2, 1536, 0
C, n-body, 15, 19.755065917968750000, 19.146667480468750000,  ,  , 1727, 55.5, 1536, 0
C, n-body, 15, 19.507263183593750000, 18.888366699218750000,  ,  , 1735, 55.2, 1536, 0
C, n-body, 15, 19.517089843750000000, 18.896118164062500000,  ,  , 1728, 55.5, 1536, 0
C, n-body, 15, 19.621582031250000000, 18.999694824218750000,  ,  , 1732, 55.5, 1536, 0
C, n-body, 15, 19.512084960937500000, 18.899414062500000000,  ,  , 1743, 55.5, 1536, 0
C, n-body, 15, 19.431152343750000000, 18.818420410156250000,  ,  , 1732, 54.8, 1536, 0
C, n-body, 15, 19.495788574218750000, 18.878723144531250000,  ,  , 1729, 55.0, 1536, 0
C, n-body, 15, 19.512817382812500000, 18.889221191406250000,  ,  , 1728, 55.2, 1536, 0
C, n-body, 15, 19.455871582031250000, 18.847106933593750000,  ,  , 1728, 55.2, 1536, 0
C, n-body, 15, 19.497497558593750000, 18.877807617187500000,  ,  , 1729, 55.0, 1536, 0
C, n-body, 15, 19.551879882812500000, 18.937316894531250000,  ,  , 1728, 55.5, 1536, 0
C, n-body, 15, 19.467224121093750000, 18.853454589843750000,  ,  , 1733, 55.0, 1536, 0
C, n-body, 15, 19.527038574218750000, 18.903808593750000000,  ,  , 1730, 55.2, 1536, 0
C, n-body, 15, 19.478332519531250000, 18.861999511718750000,  ,  , 1726, 54.5, 1536, 0
C, n-body, 15, 19.515686035156250000, 18.889038085937500000,  ,  , 1728, 55.0, 1536, 0
C, n-body, 15, 19.555419921875000000, 18.930053710937500000,  ,  , 1730, 55.0, 1536, 0
C, n-body, 15, 19.575988769531250000, 18.967224121093750000,  ,  , 1729, 55.8, 1536, 0
C, n-body, 15, 19.466796875000000000, 18.844299316406250000,  ,  , 1727, 55.5, 1536, 0
C, n-body, 15, 19.455261230468750000, 18.847045898437500000,  ,  , 1733, 55.0, 1536, 0
C, regex-redux, 15, 11.556396484375000000, 11.234619140625000000,  ,  , 823, 56.2, 152260, 0
C, regex-redux, 15, 11.562500000000000000, 11.242797851562500000,  ,  , 828, 50.2, 152256, 0
C, regex-redux, 15, 11.629028320312500000, 11.300109863281250000,  ,  , 827, 56.0, 152256, 0
C, regex-redux, 15, 11.638793945312500000, 11.310607910156250000,  ,  , 832, 51.0, 152260, 0
C, regex-redux, 15, 11.612792968750000000, 11.283081054687500000,  ,  , 825, 55.5, 152260, 0
C, regex-redux, 15, 11.600280761718750000, 11.265380859375000000,  ,  , 844, 50.5, 152256, 0
C, regex-redux, 15, 11.631896972656250000, 11.305969238281250000,  ,  , 828, 56.2, 152256, 0
C, regex-redux, 15, 11.585205078125000000, 11.259460449218750000,  ,  , 828, 50.8, 152256, 0
C, regex-redux, 15, 11.710571289062500000, 11.377563476562500000,  ,  , 827, 56.0, 152256, 0
C, regex-redux, 15, 11.570800781250000000, 11.244689941406250000,  ,  , 828, 50.5, 152256, 0
C, regex-redux, 15, 11.647033691406250000, 11.309387207031250000,  ,  , 825, 56.0, 152256, 0
C, regex-redux, 15, 11.663757324218750000, 11.331359863281250000,  ,  , 831, 50.5, 152260, 0
C, regex-redux, 15, 11.620788574218750000, 11.293212890625000000,  ,  , 825, 55.5, 152256, 0
C, regex-redux, 15, 11.619262695312500000, 11.295166015625000000,  ,  , 831, 50.2, 152256, 0
C, regex-redux, 15, 11.605773925781250000, 11.282409667968750000,  ,  , 835, 55.5, 152256, 0
C, regex-redux, 15, 11.618469238281250000, 11.288818359375000000,  ,  , 827, 50.2, 152256, 0
C, regex-redux, 15, 11.602722167968750000, 11.280822753906250000,  ,  , 825, 56.2, 152260, 0
C, regex-redux, 15, 11.628601074218750000, 11.295959472656250000,  ,  , 830, 50.2, 152256, 0
C, regex-redux, 15, 11.656494140625000000, 11.331726074218750000,  ,  , 825, 55.2, 152384, 0
C, regex-redux, 15, 11.633056640625000000, 11.315246582031250000,  ,  , 825, 55.2, 152256, 0
C, reverse-complement, 15, 1.185791015625000000, 1.123535156250000000,  ,  , 106, 50.2, 127508, 0
C, reverse-complement, 15, 1.073974609375000000, 1.011901855468750000,  ,  , 109, 50.2, 127508, 0
C, reverse-complement, 15, 1.239562988281250000, 1.170043945312500000,  ,  , 100, 50.2, 127508, 0
C, reverse-complement, 15, 1.182922363281250000, 1.116455078125000000,  ,  , 103, 50.2, 127508, 0
C, reverse-complement, 15, 1.138916015625000000, 1.068847656250000000,  ,  , 106, 50.2, 127636, 0
C, reverse-complement, 15, 1.176818847656250000, 1.108825683593750000,  ,  , 114, 50.2, 127640, 0
C, reverse-complement, 15, 1.073120117187500000, 1.002990722656250000,  ,  , 117, 50.2, 127512, 0
C, reverse-complement, 15, 1.223571777343750000, 1.157775878906250000,  ,  , 100, 50.2, 127512, 0
C, reverse-complement, 15, 1.215393066406250000, 1.151000976562500000,  ,  , 101, 54.2, 127640, 0
C, reverse-complement, 15, 1.228515625000000000, 1.161010742187500000,  ,  , 104, 54.2, 127512, 0
C, reverse-complement, 15, 1.145080566406250000, 1.069396972656250000,  ,  , 111, 54.2, 127508, 0
C, reverse-complement, 15, 1.254699707031250000, 1.189697265625000000,  ,  , 102, 54.2, 127636, 0
C, reverse-complement, 15, 1.274475097656250000, 1.208251953125000000,  ,  , 101, 54.2, 127508, 0
C, reverse-complement, 15, 1.227905273437500000, 1.154296875000000000,  ,  , 101, 54.2, 127508, 0
C, reverse-complement, 15, 1.193481445312500000, 1.122436523437500000,  ,  , 104, 54.2, 127512, 0
C, reverse-complement, 15, 1.217773437500000000, 1.149047851562500000,  ,  , 102, 54.2, 127508, 0
C, reverse-complement, 15, 1.238464355468750000, 1.172790527343750000,  ,  , 102, 54.2, 127508, 0
C, reverse-complement, 15, 1.176513671875000000, 1.112915039062500000,  ,  , 106, 54.0, 127508, 0
C, reverse-complement, 15, 1.179199218750000000, 1.109802246093750000,  ,  , 105, 54.0, 127508, 0
C, reverse-complement, 15, 1.194274902343750000, 1.124938964843750000,  ,  , 103, 54.0, 127512, 0
C, spectral-norm, 15, 6.265136718750000000, 6.123168945312500000,  ,  , 418, 56.0, 2048, 0
C, spectral-norm, 15, 6.243225097656250000, 6.100280761718750000,  ,  , 421, 50.5, 2048, 0
C, spectral-norm, 15, 6.302001953125000000, 6.145751953125000000,  ,  , 420, 50.5, 2048, 0
C, spectral-norm, 15, 6.274841308593750000, 6.124084472656250000,  ,  , 418, 55.8, 2048, 0
C, spectral-norm, 15, 6.234436035156250000, 6.083557128906250000,  ,  , 421, 50.2, 2048, 0
C, spectral-norm, 15, 6.323181152343750000, 6.170349121093750000,  ,  , 425, 50.2, 2048, 0
C, spectral-norm, 15, 6.258666992187500000, 6.114562988281250000,  ,  , 418, 56.2, 2048, 0
C, spectral-norm, 15, 6.238708496093750000, 6.089477539062500000,  ,  , 419, 50.5, 2048, 0
C, spectral-norm, 15, 6.280151367187500000, 6.125122070312500000,  ,  , 418, 50.5, 2048, 0
C, spectral-norm, 15, 6.257263183593750000, 6.105590820312500000,  ,  , 417, 56.0, 2048, 0
C, spectral-norm, 15, 6.286743164062500000, 6.130981445312500000,  ,  , 419, 51.0, 2048, 0
C, spectral-norm, 15, 6.288269042968750000, 6.139465332031250000,  ,  , 420, 51.0, 2048, 0
C, spectral-norm, 15, 6.259338378906250000, 6.108764648437500000,  ,  , 417, 55.8, 2048, 0
C, spectral-norm, 15, 6.270996093750000000, 6.126708984375000000,  ,  , 418, 50.8, 2048, 0
C, spectral-norm, 15, 6.285583496093750000, 6.129028320312500000,  ,  , 419, 50.8, 2048, 0
C, spectral-norm, 15, 6.276367187500000000, 6.129028320312500000,  ,  , 419, 56.0, 2048, 0
C, spectral-norm, 15, 6.271484375000000000, 6.118835449218750000,  ,  , 421, 50.5, 2048, 0
C, spectral-norm, 15, 6.261718750000000000, 6.116882324218750000,  ,  , 418, 50.5, 2048, 0
C, spectral-norm, 15, 6.267517089843750000, 6.114685058593750000,  ,  , 418, 56.5, 2048, 0
C, spectral-norm, 15, 6.251220703125000000, 6.106079101562500000,  ,  , 422, 50.2, 2048, 0
C++, binary-trees, 15, 15.459411621093750000, 14.900756835937500000,  ,  , 1071, 55.5, 168244, 0
C++, binary-trees, 15, 15.347229003906250000, 14.782958984375000000,  ,  , 1062, 56.0, 168248, 0
C++, binary-trees, 15, 14.778808593750000000, 14.223266601562500000,  ,  , 1025, 55.8, 134528, 0
C++, binary-trees, 15, 15.501586914062500000, 14.869873046875000000,  ,  , 1069, 55.2, 170292, 0
C++, binary-trees, 15, 15.426757812500000000, 14.819458007812500000,  ,  , 1065, 55.2, 143672, 0
C++, binary-trees, 15, 15.440002441406250000, 14.867919921875000000,  ,  , 1073, 55.8, 168248, 0
C++, binary-trees, 15, 15.288452148437500000, 14.719970703125000000,  ,  , 1059, 55.2, 168244, 0
C++, binary-trees, 15, 14.818603515625000000, 14.248901367187500000,  ,  , 1023, 56.0, 134528, 0
C++, binary-trees, 15, 15.245361328125000000, 14.700622558593750000,  ,  , 1056, 55.5, 137528, 0
C++, binary-trees, 15, 15.101196289062500000, 14.539978027343750000,  ,  , 1048, 55.8, 168248, 0
C++, binary-trees, 15, 14.972473144531250000, 14.419799804687500000,  ,  , 1037, 55.5, 134528, 0
C++, binary-trees, 15, 15.347656250000000000, 14.775512695312500000,  ,  , 1061, 56.0, 135988, 0
C++, binary-trees, 15, 15.208068847656250000, 14.625000000000000000,  ,  , 1099, 55.2, 168244, 0
C++, binary-trees, 15, 15.014770507812500000, 14.448852539062500000,  ,  , 1042, 55.2, 168248, 0
C++, binary-trees, 15, 15.397460937500000000, 14.826782226562500000,  ,  , 1071, 56.0, 168248, 0
C++, binary-trees, 15, 15.480895996093750000, 14.850097656250000000,  ,  , 1072, 55.5, 145716, 0
C++, binary-trees, 15, 15.410461425781250000, 14.838806152343750000,  ,  , 1066, 55.2, 168244, 0
C++, binary-trees, 15, 15.131469726562500000, 14.571289062500000000,  ,  , 1044, 55.8, 168244, 0
C++, binary-trees, 15, 15.106811523437500000, 14.569641113281250000,  ,  , 1045, 55.2, 134528, 0
C++, binary-trees, 15, 15.358276367187500000, 14.759399414062500000,  ,  , 1060, 55.2, 176440, 0
C++, fannkuch-redux, 15, 65.325805664062500000, 63.764526367187500000,  ,  , 4371, 56.5, 3584, 0
C++, fannkuch-redux, 15, 65.359436035156250000, 63.801330566406250000,  ,  , 4373, 56.8, 3712, 0
C++, fannkuch-redux, 15, 65.326965332031250000, 63.776000976562500000,  ,  , 4372, 56.8, 3712, 0
C++, fannkuch-redux, 15, 65.283386230468750000, 63.731811523437500000,  ,  , 4368, 57.2, 3712, 0
C++, fannkuch-redux, 15, 65.305175781250000000, 63.749389648437500000,  ,  , 4370, 57.5, 3584, 0
C++, fannkuch-redux, 15, 65.352539062500000000, 63.791198730468750000,  ,  , 4377, 57.0, 3712, 0
C++, fannkuch-redux, 15, 65.345581054687500000, 63.788391113281250000,  ,  , 4372, 57.2, 3712, 0
C++, fannkuch-redux, 15, 65.337890625000000000, 63.776000976562500000,  ,  , 4371, 56.8, 3712, 0
C++, fannkuch-redux, 15, 65.340637207031250000, 63.785705566406250000,  ,  , 4372, 57.2, 3584, 0
C++, fannkuch-redux, 15, 65.388488769531250000, 63.828369140625000000,  ,  , 4375, 57.2, 3712, 0
C++, fannkuch-redux, 15, 65.387756347656250000, 63.838989257812500000,  ,  , 4375, 57.2, 3712, 0
C++, fannkuch-redux, 15, 65.425354003906250000, 63.867248535156250000,  ,  , 4379, 57.2, 3712, 0
C++, fannkuch-redux, 15, 65.397644042968750000, 63.831420898437500000,  ,  , 4370, 57.2, 3584, 0
C++, fannkuch-redux, 15, 65.392272949218750000, 63.838073730468750000,  ,  , 4375, 57.8, 3584, 0
C++, fannkuch-redux, 15, 65.341613769531250000, 63.782104492187500000,  ,  , 4372, 57.8, 3584, 0
C++, fannkuch-redux, 15, 65.344421386718750000, 63.795410156250000000,  ,  , 4373, 57.5, 3712, 0
C++, fannkuch-redux, 15, 65.312011718750000000, 63.754821777343750000,  ,  , 4370, 58.2, 3584, 0
C++, fannkuch-redux, 15, 65.398620605468750000, 63.841674804687500000,  ,  , 4371, 57.0, 3584, 0
C++, fannkuch-redux, 15, 65.503112792968750000, 63.944213867187500000,  ,  , 4384, 57.5, 3584, 0
C++, fannkuch-redux, 15, 65.356323242187500000, 63.804138183593750000,  ,  , 4374, 57.0, 3712, 0
C++, fasta, 15, 9.448059082031250000, 9.209655761718750000,  ,  , 666, 51.5, 3372, 0
C++, fasta, 15, 9.515502929687500000, 9.279541015625000000,  ,  , 661, 57.2, 3372, 0
C++, fasta, 15, 9.496459960937500000, 9.256103515625000000,  ,  , 667, 51.8, 3372, 0
C++, fasta, 15, 9.576049804687500000, 9.337463378906250000,  ,  , 663, 56.2, 3244, 0
C++, fasta, 15, 9.496826171875000000, 9.259460449218750000,  ,  , 662, 51.2, 3244, 0
C++, fasta, 15, 9.566101074218750000, 9.330017089843750000,  ,  , 673, 56.5, 3244, 0
C++, fasta, 15, 9.488037109375000000, 9.260375976562500000,  ,  , 667, 51.5, 3372, 0
C++, fasta, 15, 9.507202148437500000, 9.283569335937500000,  ,  , 661, 57.0, 3244, 0
C++, fasta, 15, 9.434814453125000000, 9.207458496093750000,  ,  , 667, 51.0, 3376, 0
C++, fasta, 15, 9.563049316406250000, 9.336181640625000000,  ,  , 662, 56.2, 3372, 0
C++, fasta, 15, 9.456970214843750000, 9.230224609375000000,  ,  , 665, 51.8, 3244, 0
C++, fasta, 15, 9.502807617187500000, 9.274780273437500000,  ,  , 661, 56.5, 3372, 0
C++, fasta, 15, 9.453979492187500000, 9.225769042968750000,  ,  , 666, 51.5, 3244, 0
C++, fasta, 15, 9.453979492187500000, 9.229187011718750000,  ,  , 662, 56.5, 3244, 0
C++, fasta, 15, 9.424926757812500000, 9.189208984375000000,  ,  , 666, 50.5, 3244, 0
C++, fasta, 15, 9.527770996093750000, 9.287963867187500000,  ,  , 662, 56.5, 3372, 0
C++, fasta, 15, 9.473327636718750000, 9.244506835937500000,  ,  , 664, 51.5, 3244, 0
C++, fasta, 15, 9.528564453125000000, 9.291503906250000000,  ,  , 661, 57.0, 3372, 0
C++, fasta, 15, 9.409667968750000000, 9.177001953125000000,  ,  , 667, 51.0, 3244, 0
C++, fasta, 15, 9.444580078125000000, 9.211059570312500000,  ,  , 661, 56.2, 3244, 0
C++, k-nucleotide, 15, 27.738464355468750000, 26.102294921875000000,  ,  , 1966, 56.8, 156244, 0
C++, k-nucleotide, 15, 27.522155761718750000, 25.923950195312500000,  ,  , 1944, 56.2, 156372, 0
C++, k-nucleotide, 15, 27.372070312500000000, 25.780578613281250000,  ,  , 1938, 56.0, 156504, 0
C++, k-nucleotide, 15, 27.655883789062500000, 26.042663574218750000,  ,  , 1957, 56.0, 156244, 0
C++, k-nucleotide, 15, 27.536560058593750000, 25.906250000000000000,  ,  , 1951, 56.0, 156372, 0
C++, k-nucleotide, 15, 27.551635742187500000, 25.915710449218750000,  ,  , 1958, 56.5, 156372, 0
C++, k-nucleotide, 15, 28.346801757812500000, 26.707458496093750000,  ,  , 2032, 56.2, 156376, 0
C++, k-nucleotide, 15, 27.232177734375000000, 25.636169433593750000,  ,  , 1927, 56.2, 156376, 0
C++, k-nucleotide, 15, 27.187561035156250000, 25.599426269531250000,  ,  , 1931, 56.0, 156372, 0
C++, k-nucleotide, 15, 27.252746582031250000, 25.651428222656250000,  ,  , 1932, 56.2, 156376, 0
C++, k-nucleotide, 15, 27.618103027343750000, 25.975402832031250000,  ,  , 1956, 56.2, 155860, 0
C++, k-nucleotide, 15, 27.352722167968750000, 25.734191894531250000,  ,  , 1935, 56.0, 156248, 0
C++, k-nucleotide, 15, 27.610046386718750000, 25.979980468750000000,  ,  , 1951, 55.8, 156116, 0
C++, k-nucleotide, 15, 27.661926269531250000, 26.027587890625000000,  ,  , 1948, 56.0, 156120, 0
C++, k-nucleotide, 15, 27.128906250000000000, 25.506958007812500000,  ,  , 1965, 56.2, 156120, 0
C++, k-nucleotide, 15, 27.844909667968750000, 26.208618164062500000,  ,  , 1976, 55.8, 156244, 0
C++, k-nucleotide, 15, 27.437500000000000000, 25.818176269531250000,  ,  , 1945, 56.0, 156500, 0
C++, k-nucleotide, 15, 27.563720703125000000, 25.953308105468750000,  ,  , 1954, 55.8, 156244, 0
C++, k-nucleotide, 15, 27.705627441406250000, 26.059509277343750000,  ,  , 1963, 56.0, 156500, 0
C++, k-nucleotide, 15, 27.550720214843750000, 25.932312011718750000,  ,  , 1953, 56.2, 156376, 0
C++, mandelbrot, 15, 14.493408203125000000, 14.149536132812500000,  ,  , 980, 51.0, 34304, 0
C++, mandelbrot, 15, 14.508911132812500000, 14.159545898437500000,  ,  , 975, 57.0, 34176, 0
C++, mandelbrot, 15, 14.521484375000000000, 14.180236816406250000,  ,  , 981, 51.2, 34304, 0
C++, mandelbrot, 15, 14.561340332031250000, 14.209716796875000000,  ,  , 977, 56.0, 34176, 0
C++, mandelbrot, 15, 14.500366210937500000, 14.155395507812500000,  ,  , 979, 51.2, 34432, 0
C++, mandelbrot, 15, 14.573669433593750000, 14.218322753906250000,  ,  , 984, 56.2, 34176, 0
C++, mandelbrot, 15, 14.518127441406250000, 14.172851562500000000,  ,  , 980, 50.8, 34304, 0
C++, mandelbrot, 15, 14.546630859375000000, 14.198913574218750000,  ,  , 977, 56.0, 34304, 0
C++, mandelbrot, 15, 14.528503417968750000, 14.188415527343750000,  ,  , 982, 51.0, 34304, 0
C++, mandelbrot, 15, 14.549560546875000000, 14.207702636718750000,  ,  , 978, 56.5, 34176, 0
C++, mandelbrot, 15, 14.507507324218750000, 14.163696289062500000,  ,  , 981, 51.2, 34176, 0
C++, mandelbrot, 15, 14.514343261718750000, 14.173339843750000000,  ,  , 976, 56.2, 34176, 0
C++, mandelbrot, 15, 14.519897460937500000, 14.168457031250000000,  ,  , 980, 51.0, 34304, 0
C++, mandelbrot, 15, 14.571838378906250000, 14.216796875000000000,  ,  , 978, 56.2, 34176, 0
C++, mandelbrot, 15, 14.526306152343750000, 14.182739257812500000,  ,  , 979, 51.0, 34176, 0
C++, mandelbrot, 15, 14.542602539062500000, 14.201843261718750000,  ,  , 977, 56.5, 34176, 0
C++, mandelbrot, 15, 14.519653320312500000, 14.180358886718750000,  ,  , 979, 51.2, 34304, 0
C++, mandelbrot, 15, 14.546508789062500000, 14.201965332031250000,  ,  , 977, 56.8, 34176, 0
C++, mandelbrot, 15, 14.547729492187500000, 14.206054687500000000,  ,  , 982, 51.2, 34176, 0
C++, mandelbrot, 15, 14.571350097656250000, 14.225585937500000000,  ,  , 979, 56.2, 34304, 0
C++, n-body, 15, 20.443969726562500000, 19.831848144531250000,  ,  , 1719, 55.8, 1536, 0
C++, n-body, 15, 20.431030273437500000, 19.818969726562500000,  ,  , 1719, 56.0, 1536, 0
C++, n-body, 15, 20.373901367187500000, 19.765808105468750000,  ,  , 1722, 55.8, 1536, 0
C++, n-body, 15, 20.340942382812500000, 19.728820800781250000,  ,  , 1721, 55.5, 1536, 0
C++, n-body, 15, 20.420410156250000000, 19.807434082031250000,  ,  , 1722, 55.0, 1536, 0
C++, n-body, 15, 20.410461425781250000, 19.789672851562500000,  ,  , 1726, 56.0, 1536, 0
C++, n-body, 15, 20.288879394531250000, 19.674743652343750000,  ,  , 1723, 55.8, 1536, 0
C++, n-body, 15, 20.276916503906250000, 19.673645019531250000,  ,  , 1722, 55.0, 1536, 0
C++, n-body, 15, 20.420104980468750000, 19.803283691406250000,  ,  , 1716, 56.0, 1536, 0
C++, n-body, 15, 20.346862792968750000, 19.738342285156250000,  ,  , 1722, 56.2, 1536, 0
C++, n-body, 15, 20.448669433593750000, 19.830505371093750000,  ,  , 1721, 54.8, 1536, 0
C++, n-body, 15, 20.472229003906250000, 19.856262207031250000,  ,  , 1716, 56.2, 1536, 0
C++, n-body, 15, 20.451599121093750000, 19.843383789062500000,  ,  , 1721, 55.2, 1536, 0
C++, n-body, 15, 20.476989746093750000, 19.870056152343750000,  ,  , 1715, 55.8, 1536, 0
C++, n-body, 15, 20.412048339843750000, 19.806945800781250000,  ,  , 1722, 55.5, 1536, 0
C++, n-body, 15, 20.462524414062500000, 19.850036621093750000,  ,  , 1722, 55.0, 1536, 0
C++, n-body, 15, 20.488464355468750000, 19.879821777343750000,  ,  , 1716, 55.5, 1536, 0
C++, n-body, 15, 20.465087890625000000, 19.858154296875000000,  ,  , 1720, 55.2, 1536, 0
C++, n-body, 15, 20.441833496093750000, 19.838012695312500000,  ,  , 1714, 56.0, 1536, 0
C++, n-body, 15, 20.629028320312500000, 20.027404785156250000,  ,  , 1721, 55.2, 1536, 0
C++, regex-redux, 15, 14.880554199218750000, 14.424987792968750000,  ,  , 1126, 55.8, 276136, 0
C++, regex-redux, 15, 15.060791015625000000, 14.603210449218750000,  ,  , 1134, 55.5, 276012, 0
C++, regex-redux, 15, 15.030883789062500000, 14.575195312500000000,  ,  , 1134, 55.8, 276136, 0
C++, regex-redux, 15, 15.235595703125000000, 14.780822753906250000,  ,  , 1133, 56.0, 276008, 0
C++, regex-redux, 15, 14.569335937500000000, 14.128173828125000000,  ,  , 1088, 55.0, 276092, 0
C++, regex-redux, 15, 15.109985351562500000, 14.646484375000000000,  ,  , 1135, 56.0, 276008, 0
C++, regex-redux, 15, 14.885314941406250000, 14.434020996093750000,  ,  , 1111, 55.2, 276008, 0
C++, regex-redux, 15, 15.218994140625000000, 14.753417968750000000,  ,  , 1128, 55.8, 276008, 0
C++, regex-redux, 15, 15.044067382812500000, 14.593994140625000000,  ,  , 1131, 55.5, 276008, 0
C++, regex-redux, 15, 14.996398925781250000, 14.538330078125000000,  ,  , 1130, 55.8, 276012, 0
C++, regex-redux, 15, 14.728454589843750000, 14.279907226562500000,  ,  , 1106, 55.2, 276008, 0
C++, regex-redux, 15, 14.896972656250000000, 14.441589355468750000,  ,  , 1114, 55.5, 276008, 0
C++, regex-redux, 15, 14.728637695312500000, 14.288818359375000000,  ,  , 1106, 55.5, 275996, 0
C++, regex-redux, 15, 15.226013183593750000, 14.758728027343750000,  ,  , 1141, 55.0, 275804, 0
C++, regex-redux, 15, 14.607971191406250000, 14.164855957031250000,  ,  , 1087, 55.8, 275960, 0
C++, regex-redux, 15, 15.020202636718750000, 14.559570312500000000,  ,  , 1127, 55.5, 276012, 0
C++, regex-redux, 15, 14.898925781250000000, 14.444946289062500000,  ,  , 1120, 55.5, 276136, 0
C++, regex-redux, 15, 14.753417968750000000, 14.299316406250000000,  ,  , 1109, 55.2, 276008, 0
C++, regex-redux, 15, 14.967834472656250000, 14.507385253906250000,  ,  , 1119, 55.0, 276008, 0
C++, regex-redux, 15, 15.034484863281250000, 14.582397460937500000,  ,  , 1122, 56.0, 276008, 0
C++, reverse-complement, 15, 1.834899902343750000, 1.738464355468750000,  ,  , 155, 50.8, 127360, 0
C++, reverse-complement, 15, 1.871398925781250000, 1.778076171875000000,  ,  , 153, 50.8, 127360, 0
C++, reverse-complement, 15, 1.869873046875000000, 1.775695800781250000,  ,  , 152, 50.8, 127360, 0
C++, reverse-complement, 15, 1.875915527343750000, 1.777343750000000000,  ,  , 151, 50.8, 127360, 0
C++, reverse-complement, 15, 1.873474121093750000, 1.776062011718750000,  ,  , 152, 50.8, 127360, 0
C++, reverse-complement, 15, 1.898254394531250000, 1.802124023437500000,  ,  , 161, 50.8, 127360, 0
C++, reverse-complement, 15, 1.866577148437500000, 1.773132324218750000,  ,  , 152, 55.0, 127360, 0
C++, reverse-complement, 15, 1.873596191406250000, 1.777587890625000000,  ,  , 153, 55.0, 127360, 0
C++, reverse-complement, 15, 1.863220214843750000, 1.766174316406250000,  ,  , 151, 55.0, 127360, 0
C++, reverse-complement, 15, 1.861999511718750000, 1.762084960937500000,  ,  , 151, 55.0, 127360, 0
C++, reverse-complement, 15, 1.869567871093750000, 1.775024414062500000,  ,  , 152, 55.0, 127360, 0
C++, reverse-complement, 15, 1.877258300781250000, 1.783508300781250000,  ,  , 152, 55.0, 127360, 0
C++, reverse-complement, 15, 1.733276367187500000, 1.634765625000000000,  ,  , 165, 55.0, 127360, 0
C++, reverse-complement, 15, 1.845764160156250000, 1.747009277343750000,  ,  , 151, 56.0, 127360, 0
C++, reverse-complement, 15, 1.817565917968750000, 1.718383789062500000,  ,  , 156, 50.8, 127360, 0
C++, reverse-complement, 15, 1.853271484375000000, 1.751892089843750000,  ,  , 151, 50.8, 127360, 0
C++, reverse-complement, 15, 1.849914550781250000, 1.755981445312500000,  ,  , 152, 50.8, 127360, 0
C++, reverse-complement, 15, 1.876525878906250000, 1.783325195312500000,  ,  , 152, 50.8, 127360, 0
C++, reverse-complement, 15, 1.864746093750000000, 1.763671875000000000,  ,  , 152, 50.8, 127360, 0
C++, reverse-complement, 15, 1.851501464843750000, 1.754211425781250000,  ,  , 152, 50.8, 127360, 0
C++, spectral-norm, 15, 6.414001464843750000, 6.262634277343750000,  ,  , 433, 50.2, 2432, 0
C++, spectral-norm, 15, 6.419311523437500000, 6.259582519531250000,  ,  , 428, 50.2, 2432, 0
C++, spectral-norm, 15, 6.408447265625000000, 6.257324218750000000,  ,  , 427, 56.5, 2432, 0
C++, spectral-norm, 15, 6.440612792968750000, 6.283142089843750000,  ,  , 429, 50.0, 2432, 0
C++, spectral-norm, 15, 6.423583984375000000, 6.269165039062500000,  ,  , 428, 50.0, 2432, 0
C++, spectral-norm, 15, 6.544982910156250000, 6.387023925781250000,  ,  , 449, 56.0, 2432, 0
C++, spectral-norm, 15, 6.438049316406250000, 6.291381835937500000,  ,  , 430, 50.0, 2432, 0
C++, spectral-norm, 15, 6.423828125000000000, 6.277526855468750000,  ,  , 429, 50.0, 2432, 0
C++, spectral-norm, 15, 6.398437500000000000, 6.253540039062500000,  ,  , 427, 56.2, 2432, 0
C++, spectral-norm, 15, 6.429443359375000000, 6.281127929687500000,  ,  , 433, 50.8, 2432, 0
C++, spectral-norm, 15, 6.441345214843750000, 6.292114257812500000,  ,  , 430, 50.8, 2432, 0
C++, spectral-norm, 15, 6.411376953125000000, 6.268249511718750000,  ,  , 428, 56.2, 2432, 0
C++, spectral-norm, 15, 6.396789550781250000, 6.244934082031250000,  ,  , 432, 50.8, 2432, 0
C++, spectral-norm, 15, 6.417480468750000000, 6.258850097656250000,  ,  , 428, 50.8, 2432, 0
C++, spectral-norm, 15, 6.438781738281250000, 6.284301757812500000,  ,  , 430, 56.2, 2432, 0
C++, spectral-norm, 15, 6.410400390625000000, 6.260009765625000000,  ,  , 434, 50.2, 2432, 0
C++, spectral-norm, 15, 6.421020507812500000, 6.264282226562500000,  ,  , 428, 50.2, 2432, 0
C++, spectral-norm, 15, 6.412048339843750000, 6.264343261718750000,  ,  , 428, 56.2, 2432, 0
C++, spectral-norm, 15, 6.433166503906250000, 6.285705566406250000,  ,  , 433, 50.5, 2432, 0
C++, spectral-norm, 15, 6.434509277343750000, 6.282409667968750000,  ,  , 429, 50.5, 2432, 0
Java, binary-trees, 15, 33.905944824218750000, 31.578002929687500000,  ,  , 2337, 55.2, 1704656, 0
Java, binary-trees, 15, 34.015319824218750000, 31.677124023437500000,  ,  , 2333, 55.8, 1704168, 0
Java, binary-trees, 15, 33.572082519531250000, 31.219909667968750000,  ,  , 2360, 55.8, 1716336, 0
Java, binary-trees, 15, 33.673156738281250000, 31.338684082031250000,  ,  , 2332, 55.2, 1723980, 0
Java, binary-trees, 15, 35.815795898437500000, 33.442199707031250000,  ,  , 2489, 55.0, 2460544, 0
Java, binary-trees, 15, 33.414733886718750000, 31.077331542968750000,  ,  , 2321, 55.8, 1720632, 0
Java, binary-trees, 15, 35.424682617187500000, 33.087707519531250000,  ,  , 2450, 55.0, 2474768, 0
Java, binary-trees, 15, 34.914123535156250000, 32.583129882812500000,  ,  , 2410, 55.2, 2474404, 0
Java, binary-trees, 15, 33.869384765625000000, 31.540954589843750000,  ,  , 2325, 55.8, 1709312, 0
Java, binary-trees, 15, 33.430786132812500000, 31.094116210937500000,  ,  , 2319, 55.5, 1708548, 0
Java, binary-trees, 15, 35.100830078125000000, 32.749938964843750000,  ,  , 2432, 55.5, 2459672, 0
Java, binary-trees, 15, 34.848876953125000000, 32.507751464843750000,  ,  , 2417, 55.2, 2458608, 0
Java, binary-trees, 15, 33.599121093750000000, 31.259765625000000000,  ,  , 2314, 55.2, 1726448, 0
Java, binary-trees, 15, 33.719543457031250000, 31.399658203125000000,  ,  , 2325, 56.5, 1703996, 0
Java, binary-trees, 15, 33.591674804687500000, 31.255310058593750000,  ,  , 2356, 55.2, 1713180, 0
Java, binary-trees, 15, 33.767639160156250000, 31.442749023437500000,  ,  , 2322, 56.2, 1721252, 0
Java, binary-trees, 15, 33.734436035156250000, 31.404541015625000000,  ,  , 2339, 55.8, 1718028, 0
Java, binary-trees, 15, 34.986145019531250000, 32.635925292968750000,  ,  , 2432, 56.0, 2458800, 0
Java, binary-trees, 15, 33.735046386718750000, 31.413696289062500000,  ,  , 2336, 56.5, 1726012, 0
Java, binary-trees, 15, 33.572448730468750000, 31.230163574218750000,  ,  , 2322, 55.5, 1722496, 0
Java, fannkuch-redux, 15, 158.864562988281250000, 155.049316406250000000,  ,  , 10634, 56.5, 42340, 0
Java, fannkuch-redux, 15, 159.947692871093750000, 156.122253417968750000,  ,  , 10705, 56.2, 42156, 0
Java, fannkuch-redux, 15, 159.858947753906250000, 156.029907226562500000,  ,  , 10705, 56.2, 42456, 0
Java, fannkuch-redux, 15, 160.054626464843750000, 156.224243164062500000,  ,  , 10710, 57.0, 42216, 0
Java, fannkuch-redux, 15, 159.480468750000000000, 155.655090332031250000,  ,  , 10691, 55.8, 42628, 0
Java, fannkuch-redux, 15, 163.004089355468750000, 159.085205078125000000,  ,  , 10920, 57.2, 41220, 0
Java, fannkuch-redux, 15, 163.211364746093750000, 159.303100585937500000,  ,  , 10921, 57.0, 42608, 0
Java, fannkuch-redux, 15, 160.989624023437500000, 157.122070312500000000,  ,  , 10781, 56.0, 42396, 0
Java, fannkuch-redux, 15, 160.290222167968750000, 156.449462890625000000,  ,  , 10739, 56.8, 42496, 0
Java, fannkuch-redux, 15, 159.849243164062500000, 156.012512207031250000,  ,  , 10702, 56.8, 42460, 0
Java, fannkuch-redux, 15, 162.924621582031250000, 159.021240234375000000,  ,  , 10918, 56.0, 42244, 0
Java, fannkuch-redux, 15, 160.801635742187500000, 156.940673828125000000,  ,  , 10763, 57.5, 42576, 0
Java, fannkuch-redux, 15, 167.231445312500000000, 163.222106933593750000,  ,  , 11194, 56.2, 42312, 0
Java, fannkuch-redux, 15, 161.265380859375000000, 157.397216796875000000,  ,  , 10800, 56.0, 42244, 0
Java, fannkuch-redux, 15, 160.864929199218750000, 157.013000488281250000,  ,  , 10769, 57.2, 41088, 0
Java, fannkuch-redux, 15, 159.176330566406250000, 155.342834472656250000,  ,  , 10661, 56.2, 42040, 0
Java, fannkuch-redux, 15, 167.308105468750000000, 163.281799316406250000,  ,  , 11196, 57.0, 42132, 0
Java, fannkuch-redux, 15, 158.870056152343750000, 155.055419921875000000,  ,  , 10639, 57.2, 42240, 0
Java, fannkuch-redux, 15, 159.919189453125000000, 156.081665039062500000,  ,  , 10700, 57.5, 41724, 0
Java, fannkuch-redux, 15, 160.909179687500000000, 157.047607421875000000,  ,  , 10780, 56.5, 42452, 0
Java, fasta, 15, 17.414611816406250000, 16.980712890625000000,  ,  , 1198, 57.5, 47640, 0
Java, fasta, 15, 17.494140625000000000, 17.062500000000000000,  ,  , 1206, 58.2, 48032, 0
Java, fasta, 15, 17.358825683593750000, 16.922668457031250000,  ,  , 1197, 55.8, 47892, 0
Java, fasta, 15, 17.681579589843750000, 17.244018554687500000,  ,  , 1206, 58.2, 47752, 0
Java, fasta, 15, 17.374328613281250000, 16.950073242187500000,  ,  , 1209, 57.0, 48212, 0
Java, fasta, 15, 17.263977050781250000, 16.829406738281250000,  ,  , 1228, 57.0, 47832, 0
Java, fasta, 15, 17.081115722656250000, 16.628356933593750000,  ,  , 1246, 57.0, 47948, 0
Java, fasta, 15, 17.448059082031250000, 16.999633789062500000,  ,  , 1235, 57.5, 47648, 0
Java, fasta, 15, 17.186767578125000000, 16.755493164062500000,  ,  , 1214, 57.5, 47912, 0
Java, fasta, 15, 17.302001953125000000, 16.854125976562500000,  ,  , 1259, 56.8, 48176, 0
Java, fasta, 15, 17.341064453125000000, 16.887268066406250000,  ,  , 1252, 55.2, 47880, 0
Java, fasta, 15, 17.579101562500000000, 17.127258300781250000,  ,  , 1243, 57.2, 47952, 0
Java, fasta, 15, 17.744140625000000000, 17.315795898437500000,  ,  , 1206, 57.2, 47728, 0
Java, fasta, 15, 17.239379882812500000, 16.813232421875000000,  ,  , 1183, 57.2, 47900, 0
Java, fasta, 15, 17.503417968750000000, 17.070007324218750000,  ,  , 1208, 57.5, 47932, 0
Java, fasta, 15, 17.164855957031250000, 16.737915039062500000,  ,  , 1215, 56.8, 47884, 0
Java, fasta, 15, 17.013244628906250000, 16.566162109375000000,  ,  , 1248, 56.5, 47992, 0
Java, fasta, 15, 17.293457031250000000, 16.875366210937500000,  ,  , 1187, 57.2, 48100, 0
Java, fasta, 15, 17.353027343750000000, 16.918090820312500000,  ,  , 1218, 56.2, 47656, 0
Java, fasta, 15, 17.605712890625000000, 17.176025390625000000,  ,  , 1195, 56.8, 48296, 0
Java, k-nucleotide, 15, 67.496643066406250000, 65.669189453125000000,  ,  , 4708, 56.0, 361560, 0
Java, k-nucleotide, 15, 70.712097167968750000, 68.826477050781250000,  ,  , 4886, 55.8, 362960, 0
Java, k-nucleotide, 15, 70.177917480468750000, 68.314514160156250000,  ,  , 4843, 56.0, 362156, 0
Java, k-nucleotide, 15, 70.069641113281250000, 68.204650878906250000,  ,  , 4847, 56.5, 361340, 0
Java, k-nucleotide, 15, 69.634826660156250000, 67.757568359375000000,  ,  , 4848, 56.0, 361524, 0
Java, k-nucleotide, 15, 70.720764160156250000, 68.837402343750000000,  ,  , 4901, 56.5, 361776, 0
Java, k-nucleotide, 15, 68.402282714843750000, 66.565795898437500000,  ,  , 4737, 56.0, 361032, 0
Java, k-nucleotide, 15, 69.251586914062500000, 67.411437988281250000,  ,  , 4771, 56.2, 361200, 0
Java, k-nucleotide, 15, 70.353576660156250000, 68.463378906250000000,  ,  , 4890, 55.0, 362072, 0
Java, k-nucleotide, 15, 67.996154785156250000, 66.155334472656250000,  ,  , 4737, 57.5, 362504, 0
Java, k-nucleotide, 15, 72.071655273437500000, 70.150817871093750000,  ,  , 4999, 55.5, 360672, 0
Java, k-nucleotide, 15, 71.655700683593750000, 69.746276855468750000,  ,  , 4947, 56.8, 362092, 0
Java, k-nucleotide, 15, 71.378723144531250000, 69.473876953125000000,  ,  , 4935, 56.2, 361336, 0
Java, k-nucleotide, 15, 69.176879882812500000, 67.334655761718750000,  ,  , 4773, 56.5, 361032, 0
Java, k-nucleotide, 15, 70.263122558593750000, 68.389404296875000000,  ,  , 4861, 57.5, 360704, 0
Java, k-nucleotide, 15, 70.416442871093750000, 68.545043945312500000,  ,  , 4858, 56.8, 361624, 0
Java, k-nucleotide, 15, 70.934997558593750000, 69.046813964843750000,  ,  , 4901, 56.5, 362052, 0
Java, k-nucleotide, 15, 69.913635253906250000, 68.057495117187500000,  ,  , 4830, 57.5, 361512, 0
Java, k-nucleotide, 15, 70.661437988281250000, 68.766296386718750000,  ,  , 4912, 55.0, 363400, 0
Java, k-nucleotide, 15, 71.486816406250000000, 69.569824218750000000,  ,  , 4972, 56.5, 361404, 0
Java, mandelbrot, 15, 58.533081054687500000, 57.098388671875000000,  ,  , 3983, 57.8, 86228, 0
Java, mandelbrot, 15, 60.393066406250000000, 58.928588867187500000,  ,  , 4101, 56.8, 75964, 0
Java, mandelbrot, 15, 58.737548828125000000, 57.320373535156250000,  ,  , 3956, 57.2, 86000, 0
Java, mandelbrot, 15, 59.007507324218750000, 57.580993652343750000,  ,  , 3969, 57.8, 86508, 0
Java, mandelbrot, 15, 60.538085937500000000, 59.066406250000000000,  ,  , 4109, 57.5, 85764, 0
Java, mandelbrot, 15, 60.793273925781250000, 59.318481445312500000,  ,  , 4109, 58.2, 85764, 0
Java, mandelbrot, 15, 59.914855957031250000, 58.480895996093750000,  ,  , 4027, 57.2, 86404, 0
Java, mandelbrot, 15, 60.778015136718750000, 59.314453125000000000,  ,  , 4077, 57.8, 85728, 0
Java, mandelbrot, 15, 60.941345214843750000, 59.471496582031250000,  ,  , 4082, 57.5, 86208, 0
Java, mandelbrot, 15, 60.569885253906250000, 59.092224121093750000,  ,  , 4124, 57.2, 86244, 0
Java, mandelbrot, 15, 58.543090820312500000, 57.109924316406250000,  ,  , 4009, 57.0, 86276, 0
Java, mandelbrot, 15, 60.528930664062500000, 59.060302734375000000,  ,  , 4077, 57.0, 86532, 0
Java, mandelbrot, 15, 60.527832031250000000, 59.056884765625000000,  ,  , 4082, 57.2, 86732, 0
Java, mandelbrot, 15, 58.805480957031250000, 57.376220703125000000,  ,  , 3977, 57.2, 86244, 0
Java, mandelbrot, 15, 60.973999023437500000, 59.498474121093750000,  ,  , 4112, 57.0, 86644, 0
Java, mandelbrot, 15, 59.632263183593750000, 58.187805175781250000,  ,  , 4029, 57.2, 86500, 0
Java, mandelbrot, 15, 60.710449218750000000, 59.245727539062500000,  ,  , 4081, 57.2, 86276, 0
Java, mandelbrot, 15, 60.691162109375000000, 59.223876953125000000,  ,  , 4079, 57.2, 86368, 0
Java, mandelbrot, 15, 60.182434082031250000, 58.730285644531250000,  ,  , 4074, 58.0, 86404, 0
Java, mandelbrot, 15, 58.585693359375000000, 57.171081542968750000,  ,  , 3939, 57.2, 86228, 0
Java, n-body, 15, 44.973510742187500000, 43.534240722656250000,  ,  , 4038, 56.5, 41580, 0
Java, n-body, 15, 45.352905273437500000, 43.916931152343750000,  ,  , 4036, 56.2, 41400, 0
Java, n-body, 15, 45.700256347656250000, 44.249694824218750000,  ,  , 4036, 57.0, 41580, 0
Java, n-body, 15, 46.047302246093750000, 44.586425781250000000,  ,  , 4064, 55.8, 41220, 0
Java, n-body, 15, 45.777038574218750000, 44.325195312500000000,  ,  , 4073, 56.0, 41452, 0
Java, n-body, 15, 45.842834472656250000, 44.379638671875000000,  ,  , 4071, 56.5, 41580, 0
Java, n-body, 15, 45.800903320312500000, 44.356323242187500000,  ,  , 4037, 56.2, 41476, 0
Java, n-body, 15, 45.415954589843750000, 43.975769042968750000,  ,  , 4040, 55.8, 41472, 0
Java, n-body, 15, 45.441894531250000000, 43.991760253906250000,  ,  , 4063, 56.5, 41476, 0
Java, n-body, 15, 45.541687011718750000, 44.095275878906250000,  ,  , 4063, 56.0, 41196, 0
Java, n-body, 15, 45.179565429687500000, 43.735839843750000000,  ,  , 4063, 56.0, 41348, 0
Java, n-body, 15, 45.111450195312500000, 43.667846679687500000,  ,  , 4044, 55.5, 41472, 0
Java, n-body, 15, 45.190063476562500000, 43.740783691406250000,  ,  , 4066, 55.5, 41444, 0
Java, n-body, 15, 45.077148437500000000, 43.634460449218750000,  ,  , 4061, 55.5, 40708, 0
Java, n-body, 15, 45.301147460937500000, 43.850219726562500000,  ,  , 4065, 55.5, 41476, 0
Java, n-body, 15, 45.063842773437500000, 43.618652343750000000,  ,  , 4037, 55.5, 41348, 0
Java, n-body, 15, 44.958129882812500000, 43.518615722656250000,  ,  , 4042, 56.0, 41324, 0
Java, n-body, 15, 45.211425781250000000, 43.752868652343750000,  ,  , 4058, 55.8, 41604, 0
Java, n-body, 15, 45.114196777343750000, 43.647644042968750000,  ,  , 4057, 55.0, 41320, 0
Java, n-body, 15, 45.276855468750000000, 43.837768554687500000,  ,  , 4029, 55.8, 41604, 0
Java, regex-redux, 15, 75.918151855468750000, 73.809204101562500000,  ,  , 5293, 56.2, 631180, 0
Java, regex-redux, 15, 76.608886718750000000, 74.473815917968750000,  ,  , 5354, 55.8, 604460, 0
Java, regex-redux, 15, 76.796752929687500000, 74.657958984375000000,  ,  , 5368, 56.5, 632812, 0
Java, regex-redux, 15, 76.488220214843750000, 74.377502441406250000,  ,  , 5312, 56.5, 632740, 0
Java, regex-redux, 15, 74.985656738281250000, 72.902648925781250000,  ,  , 5242, 56.8, 631664, 0
Java, regex-redux, 15, 78.114501953125000000, 75.948669433593750000,  ,  , 5455, 56.2, 608460, 0
Java, regex-redux, 15, 78.812988281250000000, 76.634826660156250000,  ,  , 5497, 57.0, 631128, 0
Java, regex-redux, 15, 76.084655761718750000, 73.980957031250000000,  ,  , 5310, 55.8, 631124, 0
Java, regex-redux, 15, 75.133605957031250000, 73.047607421875000000,  ,  , 5235, 56.8, 630972, 0
Java, regex-redux, 15, 78.988891601562500000, 76.812805175781250000,  ,  , 5498, 56.5, 632948, 0
Java, regex-redux, 15, 78.775085449218750000, 76.603088378906250000,  ,  , 5491, 55.8, 585848, 0
Java, regex-redux, 15, 76.772827148437500000, 74.643798828125000000,  ,  , 5351, 56.8, 631792, 0
Java, regex-redux, 15, 76.485778808593750000, 74.361083984375000000,  ,  , 5326, 56.5, 632316, 0
Java, regex-redux, 15, 76.703125000000000000, 74.574401855468750000,  ,  , 5344, 56.0, 632268, 0
Java, regex-redux, 15, 76.397766113281250000, 74.275390625000000000,  ,  , 5325, 57.0, 631568, 0
Java, regex-redux, 15, 77.461975097656250000, 75.328491210937500000,  ,  , 5384, 56.8, 604564, 0
Java, regex-redux, 15, 77.257019042968750000, 75.114440917968750000,  ,  , 5381, 57.0, 631628, 0
Java, regex-redux, 15, 76.290466308593750000, 74.184631347656250000,  ,  , 5310, 56.5, 602028, 0
Java, regex-redux, 15, 76.290832519531250000, 74.161010742187500000,  ,  , 5334, 57.0, 632424, 0
Java, regex-redux, 15, 76.070129394531250000, 73.951293945312500000,  ,  , 5307, 57.0, 631204, 0
Java, reverse-complement, 15, 8.837402343750000000, 8.466674804687500000,  ,  , 726, 52.2, 536272, 0
Java, reverse-complement, 15, 8.788696289062500000, 8.412231445312500000,  ,  , 728, 56.2, 536348, 0
Java, reverse-complement, 15, 8.767089843750000000, 8.397827148437500000,  ,  , 724, 52.2, 536248, 0
Java, reverse-complement, 15, 8.882080078125000000, 8.503112792968750000,  ,  , 722, 56.0, 536648, 0
Java, reverse-complement, 15, 8.705749511718750000, 8.313232421875000000,  ,  , 762, 52.2, 536492, 0
Java, reverse-complement, 15, 8.883117675781250000, 8.503540039062500000,  ,  , 729, 56.0, 536440, 0
Java, reverse-complement, 15, 8.844238281250000000, 8.465820312500000000,  ,  , 725, 51.8, 536436, 0
Java, reverse-complement, 15, 8.909667968750000000, 8.529724121093750000,  ,  , 718, 56.0, 536352, 0
Java, reverse-complement, 15, 8.788208007812500000, 8.406677246093750000,  ,  , 736, 52.0, 536368, 0
Java, reverse-complement, 15, 8.808654785156250000, 8.429443359375000000,  ,  , 736, 56.0, 536448, 0
Java, reverse-complement, 15, 8.875549316406250000, 8.496093750000000000,  ,  , 724, 52.0, 536436, 0
Java, reverse-complement, 15, 8.876281738281250000, 8.504455566406250000,  ,  , 719, 56.2, 536428, 0
Java, reverse-complement, 15, 8.805358886718750000, 8.429870605468750000,  ,  , 728, 51.8, 536300, 0
Java, reverse-complement, 15, 8.914916992187500000, 8.539855957031250000,  ,  , 719, 55.5, 536456, 0
Java, reverse-complement, 15, 8.825744628906250000, 8.454162597656250000,  ,  , 725, 52.0, 536316, 0
Java, reverse-complement, 15, 8.816345214843750000, 8.447692871093750000,  ,  , 722, 55.8, 536648, 0
Java, reverse-complement, 15, 8.750915527343750000, 8.371520996093750000,  ,  , 720, 51.8, 536524, 0
Java, reverse-complement, 15, 8.850830078125000000, 8.468627929687500000,  ,  , 718, 56.5, 536220, 0
Java, reverse-complement, 15, 8.804016113281250000, 8.423889160156250000,  ,  , 720, 51.8, 536468, 0
Java, reverse-complement, 15, 8.854675292968750000, 8.477966308593750000,  ,  , 717, 55.5, 536392, 0
Java, spectral-norm, 15, 9.576538085937500000, 9.339904785156250000,  ,  , 670, 51.2, 42372, 0
Java, spectral-norm, 15, 9.703552246093750000, 9.457031250000000000,  ,  , 668, 56.2, 43004, 0
Java, spectral-norm, 15, 9.741516113281250000, 9.502502441406250000,  ,  , 676, 51.5, 42688, 0
Java, spectral-norm, 15, 9.735717773437500000, 9.501342773437500000,  ,  , 662, 56.5, 42732, 0
Java, spectral-norm, 15, 9.475463867187500000, 9.239318847656250000,  ,  , 674, 51.8, 42744, 0
Java, spectral-norm, 15, 9.721862792968750000, 9.472778320312500000,  ,  , 685, 55.8, 42984, 0
Java, spectral-norm, 15, 9.621154785156250000, 9.374877929687500000,  ,  , 683, 51.5, 42860, 0
Java, spectral-norm, 15, 9.668945312500000000, 9.432556152343750000,  ,  , 667, 56.2, 42984, 0
Java, spectral-norm, 15, 9.568725585937500000, 9.337829589843750000,  ,  , 667, 52.0, 42752, 0
Java, spectral-norm, 15, 9.723022460937500000, 9.485351562500000000,  ,  , 662, 56.2, 42696, 0
Java, spectral-norm, 15, 9.617309570312500000, 9.375305175781250000,  ,  , 679, 52.0, 42936, 0
Java, spectral-norm, 15, 9.465393066406250000, 9.240295410156250000,  ,  , 652, 56.8, 42908, 0
Java, spectral-norm, 15, 9.740661621093750000, 9.488342285156250000,  ,  , 669, 51.5, 43260, 0
Java, spectral-norm, 15, 9.710510253906250000, 9.472290039062500000,  ,  , 666, 56.2, 42632, 0
Java, spectral-norm, 15, 9.766662597656250000, 9.521057128906250000,  ,  , 674, 51.5, 42648, 0
Java, spectral-norm, 15, 9.663635253906250000, 9.428161621093750000,  ,  , 674, 56.0, 42600, 0
Java, spectral-norm, 15, 9.721496582031250000, 9.478820800781250000,  ,  , 670, 51.2, 42548, 0
Java, spectral-norm, 15, 9.755432128906250000, 9.513610839843750000,  ,  , 670, 56.0, 42880, 0
Java, spectral-norm, 15, 9.716613769531250000, 9.470458984375000000,  ,  , 674, 51.5, 42876, 0
Java, spectral-norm, 15, 9.829956054687500000, 9.580993652343750000,  ,  , 669, 56.8, 42936, 0
Python, binary-trees, 15, 600.492553710937500000, 580.958862304687500000,  ,  , 41538, 58.0, 277248, 0
Python, binary-trees, 15, 600.283691406250000000, 580.800964355468750000,  ,  , 41481, 58.2, 277120, 0
Python, binary-trees, 15, 602.853210449218750000, 583.393859863281250000,  ,  , 41545, 58.5, 277376, 0
Python, binary-trees, 15, 603.505249023437500000, 583.848510742187500000,  ,  , 41879, 58.5, 277120, 0
Python, binary-trees, 15, 601.864074707031250000, 582.398071289062500000,  ,  , 41512, 58.5, 277248, 0
Python, binary-trees, 15, 598.797912597656250000, 579.260864257812500000,  ,  , 41485, 58.2, 277248, 0
Python, binary-trees, 15, 602.615905761718750000, 583.158996582031250000,  ,  , 41671, 59.0, 277248, 0
Python, binary-trees, 15, 602.415649414062500000, 582.992126464843750000,  ,  , 41522, 59.5, 277248, 0
Python, binary-trees, 15, 599.650085449218750000, 580.169372558593750000,  ,  , 41446, 59.5, 277248, 0
Python, binary-trees, 15, 600.001892089843750000, 580.646484375000000000,  ,  , 41215, 59.8, 277248, 0
Python, binary-trees, 15, 603.196105957031250000, 583.682189941406250000,  ,  , 41660, 59.2, 277248, 0
Python, binary-trees, 15, 605.223205566406250000, 585.697753906250000000,  ,  , 41732, 59.5, 277248, 0
Python, binary-trees, 15, 601.768615722656250000, 582.258850097656250000,  ,  , 41486, 59.5, 277120, 0
Python, binary-trees, 15, 605.190002441406250000, 585.599243164062500000,  ,  , 41708, 59.5, 277376, 0
Python, binary-trees, 15, 602.814575195312500000, 583.267089843750000000,  ,  , 41578, 59.5, 277248, 0
Python, binary-trees, 15, 600.295654296875000000, 580.794433593750000000,  ,  , 41519, 60.0, 277376, 0
Python, binary-trees, 15, 606.748535156250000000, 587.115417480468750000,  ,  , 41775, 59.2, 277248, 0
Python, binary-trees, 15, 599.995788574218750000, 580.595458984375000000,  ,  , 41414, 59.2, 277120, 0
Python, binary-trees, 15, 603.274353027343750000, 583.774047851562500000,  ,  , 41563, 59.5, 277248, 0
Python, binary-trees, 15, 599.805053710937500000, 580.357727050781250000,  ,  , 41359, 59.5, 277248, 0
Python, fannkuch-redux, 15, 5012.925964355468750000, 4892.775146484375000000,  ,  , 335136, 60.0, 14336, 0
Python, fannkuch-redux, 15, 5025.573974609375000000, 4905.044677734375000000,  ,  , 335965, 59.8, 14208, 0
Python, fannkuch-redux, 15, 4996.830566406250000000, 4877.144714355468750000,  ,  , 334038, 60.0, 14336, 0
Python, fannkuch-redux, 15, -257169.936157226562500000, 4854.947387695312500000,  ,  , 332609, 60.5, 14336, 0
Python, fannkuch-redux, 15, 4981.320739746093750000, 4861.942932128906250000,  ,  , 333085, 60.2, 14336, 0
Python, fannkuch-redux, 15, 4969.222106933593750000, 4850.080078125000000000,  ,  , 332307, 59.5, 14336, 0
Python, fannkuch-redux, 15, 4991.170593261718750000, 4871.507934570312500000,  ,  , 333717, 59.5, 14336, 0
Python, fannkuch-redux, 15, 5007.915344238281250000, 4887.700317382812500000,  ,  , 334840, 59.5, 14336, 0
Python, fannkuch-redux, 15, 5037.744018554687500000, 4917.468383789062500000,  ,  , 336916, 60.8, 14336, 0
Python, fannkuch-redux, 15, 5054.945800781250000000, 4933.782531738281250000,  ,  , 338251, 59.8, 14464, 0
Python, fannkuch-redux, 15, 5003.026550292968750000, 4882.945068359375000000,  ,  , 334702, 60.0, 14336, 0
Python, fannkuch-redux, 15, 5034.478576660156250000, 4914.260559082031250000,  ,  , 336749, 59.8, 14336, 0
Python, fannkuch-redux, 15, 5023.315673828125000000, 4903.055114746093750000,  ,  , 335821, 60.0, 14464, 0
Python, fannkuch-redux, 15, 5010.479919433593750000, -257253.862670898437500000,  ,  , 334945, 59.8, 14208, 0
Python, fannkuch-redux, 15, 5006.615905761718750000, 4886.477905273437500000,  ,  , 334664, 60.2, 14336, 0
Python, fannkuch-redux, 15, 5024.504272460937500000, 4903.885192871093750000,  ,  , 335987, 60.0, 14336, 0
Python, fannkuch-redux, 15, 5013.165771484375000000, 4892.804138183593750000,  ,  , 335139, 60.0, 14336, 0
Python, fannkuch-redux, 15, 5038.890991210937500000, 4917.821838378906250000,  ,  , 336843, 59.8, 14336, 0
Python, fannkuch-redux, 15, 4999.949890136718750000, 4879.988464355468750000,  ,  , 334300, 59.5, 14336, 0
Python, fannkuch-redux, 15, 5053.339965820312500000, 4931.978210449218750000,  ,  , 337838, 60.5, 14208, 0
Python, fasta, 15, 558.234008789062500000, 542.751892089843750000,  ,  , 43341, 58.2, 9728, 0
Python, fasta, 15, 555.317016601562500000, 539.799377441406250000,  ,  , 43282, 58.5, 9600, 0
Python, fasta, 15, 554.900390625000000000, 539.380554199218750000,  ,  , 43362, 57.5, 9728, 0
Python, fasta, 15, 558.326599121093750000, 542.892517089843750000,  ,  , 43325, 56.5, 9728, 0
Python, fasta, 15, 555.806457519531250000, 540.290222167968750000,  ,  , 43310, 56.2, 9728, 0
Python, fasta, 15, 552.995483398437500000, 537.517028808593750000,  ,  , 43290, 56.5, 9728, 0
Python, fasta, 15, 554.497314453125000000, 538.966979980468750000,  ,  , 43405, 56.0, 9728, 0
Python, fasta, 15, 544.802368164062500000, 529.311462402343750000,  ,  , 43222, 56.8, 9728, 0
Python, fasta, 15, 547.752136230468750000, 532.229003906250000000,  ,  , 43314, 56.5, 9728, 0
Python, fasta, 15, 544.029174804687500000, 528.497436523437500000,  ,  , 43279, 56.2, 9728, 0
Python, fasta, 15, 544.983825683593750000, 529.437377929687500000,  ,  , 43345, 55.8, 9728, 0
Python, fasta, 15, 557.231262207031250000, 541.721130371093750000,  ,  , 43444, 55.8, 9600, 0
Python, fasta, 15, 556.311767578125000000, 540.805969238281250000,  ,  , 43375, 56.0, 9600, 0
Python, fasta, 15, 546.382324218750000000, 530.854919433593750000,  ,  , 43294, 56.5, 9728, 0
Python, fasta, 15, 547.440246582031250000, 531.914611816406250000,  ,  , 43296, 56.8, 9728, 0
Python, fasta, 15, 554.262329101562500000, 538.795043945312500000,  ,  , 43310, 56.0, 9728, 0
Python, fasta, 15, 544.546203613281250000, 529.021484375000000000,  ,  , 43325, 56.5, 9600, 0
Python, fasta, 15, 545.145996093750000000, 529.582702636718750000,  ,  , 43384, 56.5, 9728, 0
Python, fasta, 15, 544.450439453125000000, 528.922668457031250000,  ,  , 43297, 55.8, 9728, 0
Python, fasta, 15, 549.082824707031250000, 533.509704589843750000,  ,  , 43400, 56.0, 9728, 0
Python, k-nucleotide, 15, 717.151550292968750000, 697.152709960937500000,  ,  , 48050, 57.5, 261828, 0
Python, k-nucleotide, 15, 729.035339355468750000, 708.739318847656250000,  ,  , 48857, 58.5, 261828, 0
Python, k-nucleotide, 15, 717.650634765625000000, 697.650573730468750000,  ,  , 48081, 58.5, 261828, 0
Python, k-nucleotide, 15, 714.880004882812500000, 694.944091796875000000,  ,  , 47887, 57.8, 261928, 0
Python, k-nucleotide, 15, 716.164550781250000000, 696.174377441406250000,  ,  , 47978, 59.2, 261796, 0
Python, k-nucleotide, 15, 716.836120605468750000, 696.796813964843750000,  ,  , 48051, 58.5, 261928, 0
Python, k-nucleotide, 15, 726.698730468750000000, 706.510925292968750000,  ,  , 48703, 58.8, 261700, 0
Python, k-nucleotide, 15, 717.181396484375000000, 697.159179687500000000,  ,  , 48049, 59.0, 261828, 0
Python, k-nucleotide, 15, 722.487670898437500000, 702.304138183593750000,  ,  , 48403, 59.0, 261924, 0
Python, k-nucleotide, 15, 719.076416015625000000, 699.004882812500000000,  ,  , 48181, 59.8, 261824, 0
Python, k-nucleotide, 15, 716.794555664062500000, 696.799316406250000000,  ,  , 48008, 59.0, 261924, 0
Python, k-nucleotide, 15, 716.289916992187500000, 696.308288574218750000,  ,  , 48008, 59.8, 261928, 0
Python, k-nucleotide, 15, 717.830261230468750000, 697.731079101562500000,  ,  , 48076, 58.8, 261940, 0
Python, k-nucleotide, 15, 714.711120605468750000, 694.744567871093750000,  ,  , 47874, 59.8, 261808, 0
Python, k-nucleotide, 15, 713.108337402343750000, 693.074096679687500000,  ,  , 47774, 59.0, 261828, 0
Python, k-nucleotide, 15, 715.929138183593750000, 695.944091796875000000,  ,  , 47977, 59.5, 261692, 0
Python, k-nucleotide, 15, 717.171264648437500000, 697.149475097656250000,  ,  , 48040, 59.8, 261928, 0
Python, k-nucleotide, 15, 726.283447265625000000, 705.982849121093750000,  ,  , 48635, 60.0, 261956, 0
Python, k-nucleotide, 15, 724.371582031250000000, 704.175048828125000000,  ,  , 48518, 60.2, 261892, 0
Python, k-nucleotide, 15, 719.548400878906250000, 699.441833496093750000,  ,  , 48197, 60.0, 261932, 0
Python, mandelbrot, 15, 2241.852478027343750000, 2188.346740722656250000,  ,  , 149859, 59.5, 14336, 0
Python, mandelbrot, 15, 2247.660217285156250000, 2193.980529785156250000,  ,  , 150244, 59.2, 14464, 0
Python, mandelbrot, 15, 2265.652099609375000000, 2211.500488281250000000,  ,  , 151445, 59.2, 14336, 0
Python, mandelbrot, 15, 2240.503356933593750000, 2186.959106445312500000,  ,  , 149764, 60.0, 14336, 0
Python, mandelbrot, 15, 2245.603454589843750000, 2191.820495605468750000,  ,  , 150098, 60.0, 14336, 0
Python, mandelbrot, 15, 2241.467895507812500000, 2187.953369140625000000,  ,  , 149840, 59.5, 14464, 0
Python, mandelbrot, 15, 2292.272216796875000000, 2237.457580566406250000,  ,  , 153223, 59.2, 14336, 0
Python, mandelbrot, 15, 2227.625061035156250000, 2174.348083496093750000,  ,  , 148904, 59.8, 14336, 0
Python, mandelbrot, 15, 2244.398132324218750000, 2190.715270996093750000,  ,  , 150021, 59.2, 14464, 0
Python, mandelbrot, 15, 2236.149597167968750000, 2182.665283203125000000,  ,  , 149472, 59.5, 14464, 0
Python, mandelbrot, 15, 2247.059082031250000000, 2193.418945312500000000,  ,  , 150206, 59.5, 14208, 0
Python, mandelbrot, 15, 2243.419311523437500000, 2189.733276367187500000,  ,  , 149954, 59.2, 14336, 0
Python, mandelbrot, 15, 2239.404357910156250000, 2185.868041992187500000,  ,  , 149691, 59.8, 14336, 0
Python, mandelbrot, 15, 2241.283264160156250000, 2187.754394531250000000,  ,  , 149819, 59.2, 14336, 0
Python, mandelbrot, 15, 2270.237243652343750000, 2215.882263183593750000,  ,  , 151747, 59.8, 14336, 0
Python, mandelbrot, 15, 2227.943664550781250000, 2174.633422851562500000,  ,  , 148920, 60.5, 14464, 0
Python, mandelbrot, 15, 2328.896606445312500000, 2273.235900878906250000,  ,  , 155674, 60.0, 14336, 0
Python, mandelbrot, 15, 2230.502502441406250000, 2177.103820800781250000,  ,  , 149092, 60.0, 14464, 0
Python, mandelbrot, 15, 2222.586303710937500000, 2169.390075683593750000,  ,  , 148564, 59.8, 14336, 0
Python, mandelbrot, 15, 2225.492126464843750000, 2172.204650878906250000,  ,  , 148757, 60.5, 14336, 0
Python, n-body, 15, 3230.533386230468750000, 3145.189453125000000000,  ,  , 239052, 56.5, 9856, 0
Python, n-body, 15, 3235.757019042968750000, 3150.133361816406250000,  ,  , 239935, 56.0, 9856, 0
Python, n-body, 15, 3228.926757812500000000, 3143.584838867187500000,  ,  , 239309, 55.8, 9856, 0
Python, n-body, 15, 3187.340270996093750000, 3102.841186523437500000,  ,  , 237094, 56.5, 9728, 0
Python, n-body, 15, 3204.599975585937500000, 3119.566162109375000000,  ,  , 238652, 56.8, 9728, 0
Python, n-body, 15, 3302.577331542968750000, 3213.829833984375000000,  ,  , 248270, 55.8, 9728, 0
Python, n-body, 15, 3224.900024414062500000, 3139.900085449218750000,  ,  , 238326, 56.0, 9856, 0
Python, n-body, 15, 3194.147155761718750000, 3109.152404785156250000,  ,  , 238856, 55.2, 9856, 0
Python, n-body, 15, 3208.762512207031250000, 3123.242126464843750000,  ,  , 240010, 55.2, 9856, 0
Python, n-body, 15, 3187.921936035156250000, 3102.044372558593750000,  ,  , 240947, 55.0, 9856, 0
Python, n-body, 15, 3202.213195800781250000, 3116.579589843750000000,  ,  , 240039, 55.2, 9728, 0
Python, n-body, 15, 3258.171875000000000000, 3171.393920898437500000,  ,  , 243436, 55.2, 9856, 0
Python, n-body, 15, 3192.624816894531250000, 3107.574218750000000000,  ,  , 238633, 55.2, 9856, 0
Python, n-body, 15, 3370.106628417968750000, 3279.463928222656250000,  ,  , 253163, 55.8, 9856, 0
Python, n-body, 15, 3237.897033691406250000, 3150.376098632812500000,  ,  , 244171, 55.5, 9856, 0
Python, n-body, 15, 3251.290588378906250000, 3163.815185546875000000,  ,  , 244161, 56.2, 9856, 0
Python, n-body, 15, 3269.627868652343750000, 3181.834167480468750000,  ,  , 245621, 57.0, 9728, 0
Python, n-body, 15, 3198.888122558593750000, 3113.738037109375000000,  ,  , 237640, 56.2, 9856, 0
Python, n-body, 15, 3280.609558105468750000, 3193.782653808593750000,  ,  , 244484, 55.8, 9856, 0
Python, n-body, 15, 3208.928100585937500000, 3123.877624511718750000,  ,  , 239368, 55.5, 9856, 0
Python, regex-redux, 15, 105.664306640625000000, 102.667724609375000000,  ,  , 7908, 55.2, 460540, 0
Python, regex-redux, 15, 104.738464355468750000, 101.752014160156250000,  ,  , 7861, 54.8, 460648, 0
Python, regex-redux, 15, 105.187622070312500000, 102.208557128906250000,  ,  , 7884, 55.2, 460652, 0
Python, regex-redux, 15, 104.943481445312500000, 101.954406738281250000,  ,  , 7884, 55.2, 460644, 0
Python, regex-redux, 15, 105.202880859375000000, 102.219177246093750000,  ,  , 7887, 54.5, 460788, 0
Python, regex-redux, 15, 104.503845214843750000, 101.513549804687500000,  ,  , 7888, 55.8, 460644, 0
Python, regex-redux, 15, 105.305908203125000000, 102.313232421875000000,  ,  , 7887, 55.2, 460640, 0
Python, regex-redux, 15, 104.892150878906250000, 101.896057128906250000,  ,  , 7858, 55.5, 460644, 0
Python, regex-redux, 15, 104.529113769531250000, 101.549926757812500000,  ,  , 7872, 55.5, 460648, 0
Python, regex-redux, 15, 104.802612304687500000, 101.819335937500000000,  ,  , 7866, 55.8, 460740, 0
Python, regex-redux, 15, 105.047058105468750000, 102.048278808593750000,  ,  , 7888, 55.5, 460648, 0
Python, regex-redux, 15, 105.446533203125000000, 102.459655761718750000,  ,  , 7880, 56.0, 460644, 0
Python, regex-redux, 15, 105.278076171875000000, 102.278442382812500000,  ,  , 7878, 55.5, 460652, 0
Python, regex-redux, 15, 105.440124511718750000, 102.437866210937500000,  ,  , 7912, 56.0, 460648, 0
Python, regex-redux, 15, 105.054504394531250000, 102.072692871093750000,  ,  , 7869, 56.2, 460664, 0
Python, regex-redux, 15, 104.807189941406250000, 101.821166992187500000,  ,  , 7878, 56.0, 460788, 0
Python, regex-redux, 15, 104.865966796875000000, 101.881469726562500000,  ,  , 7864, 55.8, 460656, 0
Python, regex-redux, 15, 105.002563476562500000, 102.020141601562500000,  ,  , 7872, 55.8, 460640, 0
Python, regex-redux, 15, 105.294677734375000000, 102.314025878906250000,  ,  , 7867, 56.0, 460632, 0
Python, regex-redux, 15, 105.078491210937500000, 102.076660156250000000,  ,  , 7879, 55.8, 460524, 0
Python, reverse-complement, 15, 20.518676757812500000, 19.895202636718750000,  ,  , 1528, 56.0, 628192, 0
Python, reverse-complement, 15, 20.672180175781250000, 20.047485351562500000,  ,  , 1540, 56.0, 628548, 0
Python, reverse-complement, 15, 20.509460449218750000, 19.893371582031250000,  ,  , 1528, 55.0, 628180, 0
Python, reverse-complement, 15, 20.738708496093750000, 20.111633300781250000,  ,  , 1532, 56.2, 628200, 0
Python, reverse-complement, 15, 20.668945312500000000, 20.053161621093750000,  ,  , 1535, 56.0, 628296, 0
Python, reverse-complement, 15, 20.637145996093750000, 20.009216308593750000,  ,  , 1536, 55.8, 628424, 0
Python, reverse-complement, 15, 20.607788085937500000, 19.980468750000000000,  ,  , 1533, 55.0, 628296, 0
Python, reverse-complement, 15, 20.696350097656250000, 20.075012207031250000,  ,  , 1529, 56.0, 628308, 0
Python, reverse-complement, 15, 20.731140136718750000, 20.101501464843750000,  ,  , 1531, 55.8, 628180, 0
Python, reverse-complement, 15, 20.756958007812500000, 20.131591796875000000,  ,  , 1534, 55.5, 628296, 0
Python, reverse-complement, 15, 20.811096191406250000, 20.176391601562500000,  ,  , 1535, 55.8, 628180, 0
Python, reverse-complement, 15, 20.651550292968750000, 20.025085449218750000,  ,  , 1530, 55.5, 628428, 0
Python, reverse-complement, 15, 20.662902832031250000, 20.038269042968750000,  ,  , 1534, 55.8, 628424, 0
Python, reverse-complement, 15, 21.041992187500000000, 20.400512695312500000,  ,  , 1571, 55.2, 628296, 0
Python, reverse-complement, 15, 20.712463378906250000, 20.079589843750000000,  ,  , 1526, 55.8, 628172, 0
Python, reverse-complement, 15, 20.728759765625000000, 20.107727050781250000,  ,  , 1534, 55.8, 628180, 0
Python, reverse-complement, 15, 20.752258300781250000, 20.122497558593750000,  ,  , 1530, 55.8, 628180, 0
Python, reverse-complement, 15, 20.749084472656250000, 20.116882324218750000,  ,  , 1531, 55.0, 628300, 0
Python, reverse-complement, 15, 20.766601562500000000, 20.139526367187500000,  ,  , 1528, 55.5, 628180, 0
Python, reverse-complement, 15, 20.656555175781250000, 20.030761718750000000,  ,  , 1531, 54.8, 628292, 0
Python, spectral-norm, 15, 1673.101745605468750000, 1633.037109375000000000,  ,  , 111868, 58.5, 15616, 0
Python, spectral-norm, 15, 1656.916625976562500000, 1617.256835937500000000,  ,  , 110782, 59.8, 15872, 0
Python, spectral-norm, 15, 1676.244934082031250000, 1636.097595214843750000,  ,  , 112089, 59.8, 15744, 0
Python, spectral-norm, 15, 1686.922851562500000000, 1646.530517578125000000,  ,  , 112791, 59.8, 15744, 0
Python, spectral-norm, 15, 1669.151855468750000000, 1629.173400878906250000,  ,  , 111609, 59.2, 15872, 0
Python, spectral-norm, 15, 1683.620544433593750000, 1643.277770996093750000,  ,  , 112574, 59.5, 15616, 0
Python, spectral-norm, 15, 1660.046813964843750000, 1620.265808105468750000,  ,  , 110998, 60.0, 15744, 0
Python, spectral-norm, 15, 1674.662719726562500000, 1634.526123046875000000,  ,  , 111981, 60.8, 15744, 0
Python, spectral-norm, 15, 1687.961486816406250000, 1647.510314941406250000,  ,  , 112861, 60.0, 15744, 0
Python, spectral-norm, 15, 1677.717163085937500000, 1637.520141601562500000,  ,  , 112180, 60.0, 15872, 0
Python, spectral-norm, 15, 1677.741577148437500000, 1637.525512695312500000,  ,  , 112183, 60.5, 15872, 0
Python, spectral-norm, 15, 1676.802490234375000000, 1636.617980957031250000,  ,  , 112112, 59.8, 15744, 0
Python, spectral-norm, 15, 1731.597656250000000000, 1690.088623046875000000,  ,  , 115793, 60.5, 15744, 0
Python, spectral-norm, 15, 1667.504516601562500000, 1627.528503417968750000,  ,  , 111507, 59.8, 16000, 0
Python, spectral-norm, 15, 1665.151977539062500000, 1625.237548828125000000,  ,  , 111336, 59.8, 15872, 0
Python, spectral-norm, 15, 1672.615356445312500000, 1632.529663085937500000,  ,  , 111826, 60.8, 15744, 0
Python, spectral-norm, 15, 1686.163696289062500000, 1645.750427246093750000,  ,  , 112733, 60.2, 15872, 0
Python, spectral-norm, 15, 1670.625793457031250000, 1630.575195312500000000,  ,  , 111689, 59.2, 15616, 0
Python, spectral-norm, 15, 1679.398925781250000000, 1639.142028808593750000,  ,  , 112289, 60.2, 15872, 0
Python, spectral-norm, 15, 1669.282897949218750000, 1629.278076171875000000,  ,  , 111613, 59.5, 15872, 0
C, binary-trees, 25, 22.509338378906250000, 21.961425781250000000,  ,  , 1063, 61.5, 134400, 0
C, binary-trees, 25, 22.565917968750000000, 22.023742675781250000,  ,  , 1067, 60.5, 134400, 0
C, binary-trees, 25, 22.663696289062500000, 22.113281250000000000,  ,  , 1069, 60.0, 134400, 0
C, binary-trees, 25, 22.668823242187500000, 22.128234863281250000,  ,  , 1070, 61.0, 134400, 0
C, binary-trees, 25, 23.307189941406250000, 22.747375488281250000,  ,  , 1118, 60.5, 134400, 0
C, binary-trees, 25, 22.591674804687500000, 22.047851562500000000,  ,  , 1072, 61.2, 134400, 0
C, binary-trees, 25, 22.544372558593750000, 21.994384765625000000,  ,  , 1066, 61.0, 134400, 0
C, binary-trees, 25, 22.441162109375000000, 21.907409667968750000,  ,  , 1063, 60.8, 134400, 0
C, binary-trees, 25, 22.846801757812500000, 22.303283691406250000,  ,  , 1088, 61.0, 134400, 0
C, binary-trees, 25, 22.629577636718750000, 22.093872070312500000,  ,  , 1075, 60.8, 134400, 0
C, binary-trees, 25, 22.574707031250000000, 22.026733398437500000,  ,  , 1061, 61.2, 134400, 0
C, binary-trees, 25, 22.498840332031250000, 21.954956054687500000,  ,  , 1068, 60.5, 134400, 0
C, binary-trees, 25, 23.318115234375000000, 22.746459960937500000,  ,  , 1124, 60.5, 134400, 0
C, binary-trees, 25, 22.968750000000000000, 22.423217773437500000,  ,  , 1089, 60.5, 134400, 0
C, binary-trees, 25, 22.580993652343750000, 22.030578613281250000,  ,  , 1069, 60.8, 134400, 0
C, binary-trees, 25, 22.734191894531250000, 22.185729980468750000,  ,  , 1081, 60.8, 134400, 0
C, binary-trees, 25, 22.545532226562500000, 21.998168945312500000,  ,  , 1066, 61.0, 134400, 0
C, binary-trees, 25, 22.519775390625000000, 21.980712890625000000,  ,  , 1066, 60.8, 134272, 0
C, binary-trees, 25, 22.599060058593750000, 22.046325683593750000,  ,  , 1064, 60.5, 134400, 0
C, binary-trees, 25, 22.512939453125000000, 21.972839355468750000,  ,  , 1066, 60.5, 134400, 0
C, fannkuch-redux, 25, 51.529052734375000000, 50.784667968750000000,  ,  , 2077, 61.8, 1664, 0
C, fannkuch-redux, 25, 51.457946777343750000, 50.723449707031250000,  ,  , 2074, 61.8, 1664, 0
C, fannkuch-redux, 25, 51.537658691406250000, 50.799072265625000000,  ,  , 2080, 62.2, 1664, 0
C, fannkuch-redux, 25, 51.555603027343750000, 50.813171386718750000,  ,  , 2079, 62.2, 1664, 0
C, fannkuch-redux, 25, 51.439147949218750000, 50.702514648437500000,  ,  , 2075, 62.5, 1664, 0
C, fannkuch-redux, 25, 51.502929687500000000, 50.766479492187500000,  ,  , 2086, 62.5, 1664, 0
C, fannkuch-redux, 25, 51.460632324218750000, 50.729431152343750000,  ,  , 2076, 61.5, 1664, 0
C, fannkuch-redux, 25, 51.442504882812500000, 50.701965332031250000,  ,  , 2078, 62.5, 1536, 0
C, fannkuch-redux, 25, 51.457458496093750000, 50.716857910156250000,  ,  , 2076, 62.0, 1664, 0
C, fannkuch-redux, 25, 51.573486328125000000, 50.829345703125000000,  ,  , 2074, 62.0, 1664, 0
C, fannkuch-redux, 25, 51.497192382812500000, 50.757385253906250000,  ,  , 2079, 62.0, 1664, 0
C, fannkuch-redux, 25, 51.457397460937500000, 50.709472656250000000,  ,  , 2077, 62.2, 1664, 0
C, fannkuch-redux, 25, 51.453796386718750000, 50.708496093750000000,  ,  , 2076, 62.0, 1664, 0
C, fannkuch-redux, 25, 51.440185546875000000, 50.698669433593750000,  ,  , 2075, 62.5, 1664, 0
C, fannkuch-redux, 25, 51.437988281250000000, 50.696472167968750000,  ,  , 2075, 62.2, 1664, 0
C, fannkuch-redux, 25, 51.489746093750000000, 50.743713378906250000,  ,  , 2077, 62.5, 1664, 0
C, fannkuch-redux, 25, 51.451049804687500000, 50.719360351562500000,  ,  , 2076, 62.0, 1664, 0
C, fannkuch-redux, 25, 51.447631835937500000, 50.707580566406250000,  ,  , 2073, 62.0, 1664, 0
C, fannkuch-redux, 25, 51.406555175781250000, 50.670410156250000000,  ,  , 2075, 62.2, 1664, 0
C, fannkuch-redux, 25, 51.416320800781250000, 50.673645019531250000,  ,  , 2075, 62.2, 1664, 0
C, fasta, 25, 6.649475097656250000, 6.411804199218750000,  ,  , 673, 55.2, 1408, 0
C, fasta, 25, 6.680664062500000000, 6.447753906250000000,  ,  , 668, 57.5, 1408, 0
C, fasta, 25, 6.642333984375000000, 6.405639648437500000,  ,  , 670, 54.8, 1408, 0
C, fasta, 25, 6.687805175781250000, 6.442077636718750000,  ,  , 669, 59.0, 1408, 0
C, fasta, 25, 6.628417968750000000, 6.388610839843750000,  ,  , 671, 54.8, 1408, 0
C, fasta, 25, 6.770812988281250000, 6.521240234375000000,  ,  , 680, 58.5, 1408, 0
C, fasta, 25, 6.635742187500000000, 6.394836425781250000,  ,  , 670, 54.5, 1408, 0
C, fasta, 25, 6.710388183593750000, 6.473449707031250000,  ,  , 668, 58.2, 1408, 0
C, fasta, 25, 6.682922363281250000, 6.446350097656250000,  ,  , 671, 54.8, 1408, 0
C, fasta, 25, 6.644836425781250000, 6.412475585937500000,  ,  , 667, 58.5, 1408, 0
C, fasta, 25, 6.678710937500000000, 6.451354980468750000,  ,  , 675, 54.5, 1408, 0
C, fasta, 25, 6.743774414062500000, 6.510009765625000000,  ,  , 668, 58.0, 1408, 0
C, fasta, 25, 6.715332031250000000, 6.475097656250000000,  ,  , 674, 54.5, 1408, 0
C, fasta, 25, 6.661621093750000000, 6.417907714843750000,  ,  , 667, 57.5, 1408, 0
C, fasta, 25, 6.633117675781250000, 6.392333984375000000,  ,  , 672, 54.0, 1408, 0
C, fasta, 25, 6.690917968750000000, 6.456848144531250000,  ,  , 668, 58.0, 1408, 0
C, fasta, 25, 6.629882812500000000, 6.389526367187500000,  ,  , 671, 54.0, 1408, 0
C, fasta, 25, 6.796752929687500000, 6.561218261718750000,  ,  , 668, 57.5, 1408, 0
C, fasta, 25, 6.607299804687500000, 6.380737304687500000,  ,  , 670, 54.0, 1408, 0
C, fasta, 25, 6.672912597656250000, 6.447082519531250000,  ,  , 666, 58.0, 1408, 0
C, k-nucleotide, 25, 72.623413085937500000, 71.135742187500000000,  ,  , 3220, 61.0, 130304, 0
C, k-nucleotide, 25, -262072.651977539062500000, 69.938232421875000000,  ,  , 3144, 61.0, 130304, 0
C, k-nucleotide, 25, 71.562988281250000000, 70.142700195312500000,  ,  , 3144, 61.0, 130304, 0
C, k-nucleotide, 25, 71.881652832031250000, 70.413452148437500000,  ,  , 3152, 62.0, 130304, 0
C, k-nucleotide, 25, 72.615234375000000000, 71.125610351562500000,  ,  , 3196, 62.0, 130304, 0
C, k-nucleotide, 25, 73.883117675781250000, 72.299682617187500000,  ,  , 3292, 61.8, 130304, 0
C, k-nucleotide, 25, 73.711608886718750000, 72.109313964843750000,  ,  , 3267, 62.0, 130304, 0
C, k-nucleotide, 25, 73.373168945312500000, 71.791564941406250000,  ,  , 3247, 62.2, 130304, 0
C, k-nucleotide, 25, 74.583068847656250000, 72.932678222656250000,  ,  , 3325, 62.0, 130304, 0
C, k-nucleotide, 25, 72.382263183593750000, 70.869995117187500000,  ,  , 3194, 61.8, 130304, 0
C, k-nucleotide, 25, 72.167358398437500000, 70.684692382812500000,  ,  , 3183, 61.5, 130304, 0
C, k-nucleotide, 25, 71.061950683593750000, 69.680053710937500000,  ,  , 3133, 61.2, 130304, 0
C, k-nucleotide, 25, 71.014709472656250000, 69.638366699218750000,  ,  , 3107, 62.0, 130304, 0
C, k-nucleotide, 25, 72.328735351562500000, 70.846618652343750000,  ,  , 3206, 61.2, 130304, 0
C, k-nucleotide, 25, 72.600891113281250000, 71.128845214843750000,  ,  , 3198, 61.5, 130304, 0
C, k-nucleotide, 25, 72.319763183593750000, 70.839721679687500000,  ,  , 3184, 62.2, 130304, 0
C, k-nucleotide, 25, 71.030639648437500000, 69.642822265625000000,  ,  , 3126, 61.2, 130304, 0
C, k-nucleotide, 25, 72.172973632812500000, 70.686401367187500000,  ,  , 3227, 61.2, 130304, 0
C, k-nucleotide, 25, 74.847473144531250000, 73.139526367187500000,  ,  , 3347, 61.0, 130304, 0
C, k-nucleotide, 25, 71.886657714843750000, 70.443237304687500000,  ,  , 3159, 62.5, 130304, 0
C, mandelbrot, 25, 24.874328613281250000, 24.515686035156250000,  ,  , 1003, 63.8, 33024, 0
C, mandelbrot, 25, 25.020629882812500000, 24.655578613281250000,  ,  , 1008, 63.8, 33280, 0
C, mandelbrot, 25, 25.024169921875000000, 24.667236328125000000,  ,  , 1010, 63.8, 33280, 0
C, mandelbrot, 25, 24.900512695312500000, 24.548400878906250000,  ,  , 1004, 63.8, 33280, 0
C, mandelbrot, 25, 24.996643066406250000, 24.639953613281250000,  ,  , 1008, 63.8, 33152, 0
C, mandelbrot, 25, 25.018737792968750000, 24.664794921875000000,  ,  , 1009, 63.2, 33152, 0
C, mandelbrot, 25, 25.047485351562500000, 24.686279296875000000,  ,  , 1010, 63.8, 33152, 0
C, mandelbrot, 25, 25.027282714843750000, 24.675354003906250000,  ,  , 1010, 63.2, 33280, 0
C, mandelbrot, 25, 25.069152832031250000, 24.704650878906250000,  ,  , 1011, 63.5, 33280, 0
C, mandelbrot, 25, 25.070068359375000000, 24.703369140625000000,  ,  , 1005, 63.5, 33152, 0
C, mandelbrot, 25, 25.025634765625000000, 24.670898437500000000,  ,  , 1009, 63.8, 33152, 0
C, mandelbrot, 25, 25.039855957031250000, 24.686340332031250000,  ,  , 1008, 63.5, 33152, 0
C, mandelbrot, 25, 24.982055664062500000, 24.629333496093750000,  ,  , 1007, 63.8, 33280, 0
C, mandelbrot, 25, 25.028869628906250000, 24.677673339843750000,  ,  , 1010, 63.0, 33024, 0
C, mandelbrot, 25, 25.033386230468750000, 24.682189941406250000,  ,  , 1008, 63.5, 33152, 0
C, mandelbrot, 25, 25.052856445312500000, 24.690307617187500000,  ,  , 1010, 63.5, 33024, 0
C, mandelbrot, 25, 24.980285644531250000, 24.628417968750000000,  ,  , 1008, 63.5, 33152, 0
C, mandelbrot, 25, 24.998474121093750000, 24.648498535156250000,  ,  , 1008, 63.5, 33280, 0
C, mandelbrot, 25, 25.029724121093750000, 24.669433593750000000,  ,  , 1007, 63.2, 33152, 0
C, mandelbrot, 25, 25.024536132812500000, 24.664794921875000000,  ,  , 1009, 63.8, 33280, 0
C, n-body, 25, 20.104125976562500000, 19.491943359375000000,  ,  , 1732, 58.2, 1536, 0
C, n-body, 25, 20.073547363281250000, 19.463378906250000000,  ,  , 1733, 58.8, 1536, 0
C, n-body, 25, 20.140441894531250000, 19.532653808593750000,  ,  , 1734, 58.5, 1536, 0
C, n-body, 25, 20.365295410156250000, 19.756469726562500000,  ,  , 1731, 58.2, 1536, 0
C, n-body, 25, 20.256530761718750000, 19.630187988281250000,  ,  , 1731, 58.5, 1536, 0
C, n-body, 25, 20.134887695312500000, 19.510986328125000000,  ,  , 1741, 58.0, 1536, 0
C, n-body, 25, 20.078918457031250000, 19.466064453125000000,  ,  , 1733, 58.0, 1536, 0
C, n-body, 25, 20.100524902343750000, 19.481933593750000000,  ,  , 1734, 57.8, 1536, 0
C, n-body, 25, 20.104858398437500000, 19.489318847656250000,  ,  , 1728, 57.8, 1536, 0
C, n-body, 25, 20.071228027343750000, 19.453308105468750000,  ,  , 1732, 57.8, 1536, 0
C, n-body, 25, 20.061096191406250000, 19.438537597656250000,  ,  , 1728, 57.8, 1536, 0
C, n-body, 25, 20.084777832031250000, 19.468566894531250000,  ,  , 1733, 58.0, 1536, 0
C, n-body, 25, 19.975646972656250000, 19.359741210937500000,  ,  , 1731, 57.5, 1536, 0
C, n-body, 25, 19.999389648437500000, 19.388305664062500000,  ,  , 1733, 57.5, 1536, 0
C, n-body, 25, 19.826477050781250000, 19.214904785156250000,  ,  , 1733, 58.0, 1536, 0
C, n-body, 25, 19.969726562500000000, 19.351440429687500000,  ,  , 1731, 57.2, 1536, 0
C, n-body, 25, 19.991271972656250000, 19.367675781250000000,  ,  , 1730, 57.2, 1536, 0
C, n-body, 25, 20.008483886718750000, 19.394470214843750000,  ,  , 1735, 58.0, 1536, 0
C, n-body, 25, 20.084411621093750000, 19.470336914062500000,  ,  , 1736, 57.2, 1536, 0
C, n-body, 25, 19.998901367187500000, 19.389587402343750000,  ,  , 1732, 57.5, 1536, 0
C, regex-redux, 25, 14.474731445312500000, 14.189392089843750000,  ,  , 735, 53.2, 152256, 0
C, regex-redux, 25, 14.514648437500000000, 14.225280761718750000,  ,  , 730, 58.5, 152256, 0
C, regex-redux, 25, 14.520141601562500000, 14.228759765625000000,  ,  , 735, 53.2, 152256, 0
C, regex-redux, 25, 14.473632812500000000, 14.176696777343750000,  ,  , 731, 58.8, 152256, 0
C, regex-redux, 25, 14.543518066406250000, 14.257019042968750000,  ,  , 737, 53.5, 152260, 0
C, regex-redux, 25, 14.523681640625000000, 14.234497070312500000,  ,  , 734, 59.2, 152256, 0
C, regex-redux, 25, 14.417175292968750000, 14.128784179687500000,  ,  , 735, 53.8, 152260, 0
C, regex-redux, 25, 14.419311523437500000, 14.122375488281250000,  ,  , 728, 59.2, 152256, 0
C, regex-redux, 25, 14.446899414062500000, 14.158447265625000000,  ,  , 731, 53.2, 152260, 0
C, regex-redux, 25, 14.493041992187500000, 14.189147949218750000,  ,  , 731, 58.8, 152256, 0
C, regex-redux, 25, 14.423583984375000000, 14.129333496093750000,  ,  , 732, 53.2, 152256, 0
C, regex-redux, 25, 14.546081542968750000, 14.259765625000000000,  ,  , 730, 59.5, 152260, 0
C, regex-redux, 25, 14.458190917968750000, 14.170654296875000000,  ,  , 736, 53.5, 152256, 0
C, regex-redux, 25, 14.507873535156250000, 14.216918945312500000,  ,  , 730, 58.5, 152256, 0
C, regex-redux, 25, 14.512023925781250000, 14.221435546875000000,  ,  , 736, 53.8, 152256, 0
C, regex-redux, 25, 14.470581054687500000, 14.168945312500000000,  ,  , 732, 58.5, 152252, 0
C, regex-redux, 25, 14.472717285156250000, 14.174316406250000000,  ,  , 734, 53.8, 152256, 0
C, regex-redux, 25, 14.486206054687500000, 14.196960449218750000,  ,  , 728, 58.8, 152256, 0
C, regex-redux, 25, 14.489501953125000000, 14.192321777343750000,  ,  , 735, 53.5, 152256, 0
C, regex-redux, 25, 14.450195312500000000, 14.155090332031250000,  ,  , 730, 59.0, 152260, 0
C, reverse-complement, 25, 1.283203125000000000, 1.205993652343750000,  ,  , 126, 53.5, 127508, 0
C, reverse-complement, 25, 1.392211914062500000, 1.321350097656250000,  ,  , 97, 53.5, 127508, 0
C, reverse-complement, 25, 1.355346679687500000, 1.283447265625000000,  ,  , 96, 53.5, 127508, 0
C, reverse-complement, 25, 1.374389648437500000, 1.305603027343750000,  ,  , 96, 53.5, 127508, 0
C, reverse-complement, 25, 1.400756835937500000, 1.337219238281250000,  ,  , 95, 53.5, 127508, 0
C, reverse-complement, 25, 1.326904296875000000, 1.254821777343750000,  ,  , 111, 53.5, 127508, 0
C, reverse-complement, 25, 1.367004394531250000, 1.303405761718750000,  ,  , 96, 53.5, 127512, 0
C, reverse-complement, 25, 1.418762207031250000, 1.352539062500000000,  ,  , 95, 53.5, 127512, 0
C, reverse-complement, 25, 1.397644042968750000, 1.336120605468750000,  ,  , 95, 53.5, 127636, 0
C, reverse-complement, 25, 1.403625488281250000, 1.336364746093750000,  ,  , 96, 58.5, 127636, 0
C, reverse-complement, 25, 1.318481445312500000, 1.255798339843750000,  ,  , 101, 53.8, 127636, 0
C, reverse-complement, 25, 1.370788574218750000, 1.309509277343750000,  ,  , 97, 53.8, 127508, 0
C, reverse-complement, 25, 1.360534667968750000, 1.299255371093750000,  ,  , 96, 53.8, 127636, 0
C, reverse-complement, 25, 1.267333984375000000, 1.195434570312500000,  ,  , 111, 53.8, 127640, 0
C, reverse-complement, 25, 1.243408203125000000, 1.170166015625000000,  ,  , 117, 53.8, 127512, 0
C, reverse-complement, 25, 1.403320312500000000, 1.329040527343750000,  ,  , 97, 53.8, 127512, 0
C, reverse-complement, 25, 1.431945800781250000, 1.365783691406250000,  ,  , 96, 53.8, 127512, 0
C, reverse-complement, 25, 1.380126953125000000, 1.315734863281250000,  ,  , 95, 53.8, 127508, 0
C, reverse-complement, 25, 1.412658691406250000, 1.343688964843750000,  ,  , 95, 53.8, 127508, 0
C, reverse-complement, 25, 1.375122070312500000, 1.313049316406250000,  ,  , 96, 58.0, 127508, 0
C, spectral-norm, 25, 8.499633789062500000, 8.376525878906250000,  ,  , 344, 53.5, 2048, 0
C, spectral-norm, 25, 8.500854492187500000, 8.381164550781250000,  ,  , 341, 53.5, 2048, 0
C, spectral-norm, 25, 8.475830078125000000, 8.360229492187500000,  ,  , 340, 62.2, 2048, 0
C, spectral-norm, 25, 8.516967773437500000, 8.401367187500000000,  ,  , 348, 53.8, 2048, 0
C, spectral-norm, 25, 8.521606445312500000, 8.397399902343750000,  ,  , 341, 53.8, 2048, 0
C, spectral-norm, 25, 8.439575195312500000, 8.324035644531250000,  ,  , 350, 62.5, 2048, 0
C, spectral-norm, 25, 8.723388671875000000, 8.602966308593750000,  ,  , 360, 53.2, 2048, 0
C, spectral-norm, 25, 8.488037109375000000, 8.362060546875000000,  ,  , 340, 53.2, 2048, 0
C, spectral-norm, 25, 8.478271484375000000, 8.362792968750000000,  ,  , 340, 62.8, 2048, 0
C, spectral-norm, 25, 8.476806640625000000, 8.365051269531250000,  ,  , 346, 53.8, 2048, 0
C, spectral-norm, 25, 8.488098144531250000, 8.365905761718750000,  ,  , 341, 53.8, 2048, 0
C, spectral-norm, 25, 8.497985839843750000, 8.378723144531250000,  ,  , 341, 62.8, 2048, 0
C, spectral-norm, 25, 8.497131347656250000, 8.382751464843750000,  ,  , 341, 53.2, 2048, 0
C, spectral-norm, 25, 8.486022949218750000, 8.370117187500000000,  ,  , 341, 53.2, 2048, 0
C, spectral-norm, 25, 8.475158691406250000, 8.360656738281250000,  ,  , 341, 62.8, 2048, 0
C, spectral-norm, 25, 8.477539062500000000, 8.366699218750000000,  ,  , 340, 53.5, 2048, 0
C, spectral-norm, 25, 8.504699707031250000, 8.392211914062500000,  ,  , 341, 53.5, 2048, 0
C, spectral-norm, 25, 8.497497558593750000, 8.369812011718750000,  ,  , 340, 62.5, 2048, 0
C, spectral-norm, 25, 8.496582031250000000, 8.380310058593750000,  ,  , 341, 53.2, 2048, 0
C, spectral-norm, 25, 8.478210449218750000, 8.359252929687500000,  ,  , 340, 53.2, 2048, 0
C++, binary-trees, 25, 20.640380859375000000, 20.063537597656250000,  ,  , 910, 54.0, 145716, 0
C++, binary-trees, 25, 20.231872558593750000, 19.716735839843750000,  ,  , 894, 59.5, 201016, 0
C++, binary-trees, 25, 20.098327636718750000, 19.587707519531250000,  ,  , 891, 53.8, 168248, 0
C++, binary-trees, 25, 19.638427734375000000, 19.138122558593750000,  ,  , 872, 59.8, 168244, 0
C++, binary-trees, 25, 19.494018554687500000, 18.996093750000000000,  ,  , 863, 53.8, 134528, 0
C++, binary-trees, 25, 19.656494140625000000, 19.141662597656250000,  ,  , 876, 60.5, 168248, 0
C++, binary-trees, 25, 20.642456054687500000, 20.067504882812500000,  ,  , 917, 53.8, 170292, 0
C++, binary-trees, 25, 20.058166503906250000, 19.538146972656250000,  ,  , 894, 60.0, 168244, 0
C++, binary-trees, 25, 21.171020507812500000, 20.586853027343750000,  ,  , 933, 54.0, 145720, 0
C++, binary-trees, 25, 20.449890136718750000, 19.938964843750000000,  ,  , 898, 60.0, 168244, 0
C++, binary-trees, 25, 20.139343261718750000, 19.637939453125000000,  ,  , 893, 54.0, 168248, 0
C++, binary-trees, 25, 19.412658691406250000, 18.913513183593750000,  ,  , 861, 60.5, 134528, 0
C++, binary-trees, 25, 19.473266601562500000, 18.984985351562500000,  ,  , 856, 54.0, 137524, 0
C++, binary-trees, 25, 21.006347656250000000, 20.421752929687500000,  ,  , 923, 60.2, 170292, 0
C++, binary-trees, 25, 19.704467773437500000, 19.201782226562500000,  ,  , 907, 54.2, 137528, 0
C++, binary-trees, 25, 19.891906738281250000, 19.359802246093750000,  ,  , 882, 60.0, 168244, 0
C++, binary-trees, 25, 20.475280761718750000, 19.917724609375000000,  ,  , 905, 54.0, 176436, 0
C++, binary-trees, 25, 19.746093750000000000, 19.240722656250000000,  ,  , 879, 60.2, 168244, 0
C++, binary-trees, 25, 19.720642089843750000, 19.207641601562500000,  ,  , 873, 54.0, 143668, 0
C++, binary-trees, 25, 20.313232421875000000, 19.812194824218750000,  ,  , 896, 60.8, 168244, 0
C++, fannkuch-redux, 25, 89.512512207031250000, 88.200805664062500000,  ,  , 3669, 59.8, 3712, 0
C++, fannkuch-redux, 25, 88.074218750000000000, 86.799926757812500000,  ,  , 3554, 62.0, 3712, 0
C++, fannkuch-redux, 25, 88.269592285156250000, 86.996154785156250000,  ,  , 3560, 62.2, 3712, 0
C++, fannkuch-redux, 25, 88.265869140625000000, 86.990661621093750000,  ,  , 3560, 62.5, 3712, 0
C++, fannkuch-redux, 25, 88.134521484375000000, 86.870788574218750000,  ,  , 3556, 63.0, 3584, 0
C++, fannkuch-redux, 25, 88.577697753906250000, 87.305603027343750000,  ,  , 3587, 63.0, 3584, 0
C++, fannkuch-redux, 25, 88.536071777343750000, 87.260314941406250000,  ,  , 3566, 62.8, 3712, 0
C++, fannkuch-redux, 25, 88.443420410156250000, 87.165832519531250000,  ,  , 3568, 62.8, 3712, 0
C++, fannkuch-redux, 25, 88.304992675781250000, 87.039428710937500000,  ,  , 3561, 63.5, 3584, 0
C++, fannkuch-redux, 25, 88.555725097656250000, 87.287658691406250000,  ,  , 3573, 63.0, 3712, 0
C++, fannkuch-redux, 25, 88.569702148437500000, 87.291198730468750000,  ,  , 3571, 62.8, 3712, 0
C++, fannkuch-redux, 25, 88.479919433593750000, 87.199829101562500000,  ,  , 3570, 62.8, 3584, 0
C++, fannkuch-redux, 25, 88.474853515625000000, 87.202209472656250000,  ,  , 3569, 62.5, 3584, 0
C++, fannkuch-redux, 25, 88.562255859375000000, 87.279785156250000000,  ,  , 3567, 62.8, 3584, 0
C++, fannkuch-redux, 25, 88.480529785156250000, 87.210815429687500000,  ,  , 3569, 62.8, 3712, 0
C++, fannkuch-redux, 25, 88.529357910156250000, 87.245788574218750000,  ,  , 3563, 63.5, 3712, 0
C++, fannkuch-redux, 25, 88.698120117187500000, 87.416992187500000000,  ,  , 3577, 63.0, 3584, 0
C++, fannkuch-redux, 25, 88.586914062500000000, 87.304382324218750000,  ,  , 3572, 63.0, 3584, 0
C++, fannkuch-redux, 25, 88.497131347656250000, 87.212463378906250000,  ,  , 3562, 63.2, 3584, 0
C++, fannkuch-redux, 25, 88.556335449218750000, 87.276672363281250000,  ,  , 3570, 63.2, 3712, 0
C++, fasta, 25, 9.628723144531250000, 9.391479492187500000,  ,  , 666, 55.2, 3244, 0
C++, fasta, 25, 9.676208496093750000, 9.433471679687500000,  ,  , 661, 60.8, 3372, 0
C++, fasta, 25, 9.496459960937500000, 9.261291503906250000,  ,  , 666, 54.8, 3244, 0
C++, fasta, 25, 9.576660156250000000, 9.336669921875000000,  ,  , 661, 61.0, 3244, 0
C++, fasta, 25, 9.519470214843750000, 9.288635253906250000,  ,  , 665, 54.5, 3372, 0
C++, fasta, 25, 9.639831542968750000, 9.397827148437500000,  ,  , 669, 60.5, 3244, 0
C++, fasta, 25, 9.593627929687500000, 9.355041503906250000,  ,  , 666, 54.2, 3244, 0
C++, fasta, 25, 9.600646972656250000, 9.367309570312500000,  ,  , 661, 59.8, 3244, 0
C++, fasta, 25, 9.564086914062500000, 9.330932617187500000,  ,  , 665, 54.8, 3372, 0
C++, fasta, 25, 9.639099121093750000, 9.398254394531250000,  ,  , 661, 60.2, 3372, 0
C++, fasta, 25, 9.551391601562500000, 9.318237304687500000,  ,  , 665, 54.5, 3244, 0
C++, fasta, 25, 9.623779296875000000, 9.392456054687500000,  ,  , 661, 59.8, 3244, 0
C++, fasta, 25, 9.599243164062500000, 9.365173339843750000,  ,  , 665, 54.5, 3244, 0
C++, fasta, 25, 9.656188964843750000, 9.421691894531250000,  ,  , 660, 60.0, 3244, 0
C++, fasta, 25, 9.585021972656250000, 9.345825195312500000,  ,  , 666, 54.2, 3372, 0
C++, fasta, 25, 9.693237304687500000, 9.463439941406250000,  ,  , 661, 59.5, 3244, 0
C++, fasta, 25, 9.603149414062500000, 9.367187500000000000,  ,  , 666, 54.0, 3244, 0
C++, fasta, 25, 9.762268066406250000, 9.519836425781250000,  ,  , 661, 59.5, 3372, 0
C++, fasta, 25, 9.592529296875000000, 9.352783203125000000,  ,  , 667, 54.2, 3372, 0
C++, fasta, 25, 9.669128417968750000, 9.433044433593750000,  ,  , 661, 60.0, 3372, 0
C++, k-nucleotide, 25, 37.539062500000000000, 35.959899902343750000,  ,  , 1792, 60.0, 156116, 0
C++, k-nucleotide, 25, 37.481384277343750000, 35.907226562500000000,  ,  , 1790, 60.2, 156372, 0
C++, k-nucleotide, 25, 37.359313964843750000, 35.802856445312500000,  ,  , 1778, 61.0, 156500, 0
C++, k-nucleotide, 25, 37.737365722656250000, 36.155517578125000000,  ,  , 1802, 60.8, 156376, 0
C++, k-nucleotide, 25, 36.925231933593750000, 35.393920898437500000,  ,  , 1771, 60.0, 156372, 0
C++, k-nucleotide, 25, 37.526000976562500000, 35.955688476562500000,  ,  , 1806, 60.5, 156372, 0
C++, k-nucleotide, 25, 37.630554199218750000, 36.055358886718750000,  ,  , 1786, 60.5, 156372, 0
C++, k-nucleotide, 25, 37.389465332031250000, 35.849121093750000000,  ,  , 1795, 60.5, 156504, 0
C++, k-nucleotide, 25, 37.327880859375000000, 35.752258300781250000,  ,  , 1819, 60.5, 156244, 0
C++, k-nucleotide, 25, 37.224365234375000000, 35.677490234375000000,  ,  , 1775, 60.0, 156372, 0
C++, k-nucleotide, 25, 38.098815917968750000, 36.476867675781250000,  ,  , 1868, 60.8, 156372, 0
C++, k-nucleotide, 25, 37.316589355468750000, 35.749572753906250000,  ,  , 1779, 60.2, 156372, 0
C++, k-nucleotide, 25, 37.584472656250000000, 36.002563476562500000,  ,  , 1795, 60.5, 156376, 0
C++, k-nucleotide, 25, 37.569152832031250000, 36.008850097656250000,  ,  , 1802, 60.2, 156372, 0
C++, k-nucleotide, 25, 37.306213378906250000, 35.743896484375000000,  ,  , 1788, 60.0, 156376, 0
C++, k-nucleotide, 25, 37.384643554687500000, 35.813720703125000000,  ,  , 1792, 60.5, 156372, 0
C++, k-nucleotide, 25, 37.507812500000000000, 35.933471679687500000,  ,  , 1781, 60.2, 156500, 0
C++, k-nucleotide, 25, 37.324951171875000000, 35.781555175781250000,  ,  , 1791, 59.8, 156244, 0
C++, k-nucleotide, 25, 37.337341308593750000, 35.775634765625000000,  ,  , 1786, 60.8, 156504, 0
C++, k-nucleotide, 25, 37.465698242187500000, 35.910522460937500000,  ,  , 1784, 60.5, 156376, 0
C++, mandelbrot, 25, 19.790405273437500000, 19.495300292968750000,  ,  , 812, 54.2, 34176, 0
C++, mandelbrot, 25, 19.774108886718750000, 19.491027832031250000,  ,  , 806, 60.8, 34304, 0
C++, mandelbrot, 25, 19.785644531250000000, 19.494445800781250000,  ,  , 812, 54.8, 34304, 0
C++, mandelbrot, 25, 19.800109863281250000, 19.511779785156250000,  ,  , 807, 61.5, 34304, 0
C++, mandelbrot, 25, 19.793212890625000000, 19.508300781250000000,  ,  , 813, 54.5, 34304, 0
C++, mandelbrot, 25, 19.788757324218750000, 19.491271972656250000,  ,  , 812, 61.5, 34176, 0
C++, mandelbrot, 25, 19.756286621093750000, 19.467834472656250000,  ,  , 805, 54.8, 34304, 0
C++, mandelbrot, 25, 19.742065429687500000, 19.463195800781250000,  ,  , 805, 61.2, 34304, 0
C++, mandelbrot, 25, 19.790222167968750000, 19.501831054687500000,  ,  , 811, 55.0, 34176, 0
C++, mandelbrot, 25, 19.780456542968750000, 19.482971191406250000,  ,  , 807, 61.5, 34304, 0
C++, mandelbrot, 25, 19.762634277343750000, 19.473571777343750000,  ,  , 811, 54.5, 34304, 0
C++, mandelbrot, 25, 19.754516601562500000, 19.468811035156250000,  ,  , 807, 61.0, 34432, 0
C++, mandelbrot, 25, 19.728088378906250000, 19.438903808593750000,  ,  , 809, 54.8, 34304, 0
C++, mandelbrot, 25, 19.743713378906250000, 19.448120117187500000,  ,  , 805, 61.2, 34176, 0
C++, mandelbrot, 25, 19.779663085937500000, 19.482971191406250000,  ,  , 806, 55.2, 34304, 0
C++, mandelbrot, 25, 19.773010253906250000, 19.477172851562500000,  ,  , 808, 61.2, 34304, 0
C++, mandelbrot, 25, 19.725952148437500000, 19.439331054687500000,  ,  , 810, 54.8, 34304, 0
C++, mandelbrot, 25, 19.797241210937500000, 19.494628906250000000,  ,  , 806, 61.2, 34176, 0
C++, mandelbrot, 25, 19.735168457031250000, 19.445129394531250000,  ,  , 810, 55.2, 34176, 0
C++, mandelbrot, 25, 19.765563964843750000, 19.472229003906250000,  ,  , 805, 61.2, 34304, 0
C++, n-body, 25, 20.518127441406250000, 19.906005859375000000,  ,  , 1720, 58.5, 1536, 0
C++, n-body, 25, 20.570373535156250000, 19.961059570312500000,  ,  , 1719, 58.5, 1536, 0
C++, n-body, 25, 20.481933593750000000, 19.870666503906250000,  ,  , 1720, 58.5, 1536, 0
C++, n-body, 25, 20.487365722656250000, 19.871215820312500000,  ,  , 1719, 58.5, 1536, 0
C++, n-body, 25, 20.631591796875000000, 20.013488769531250000,  ,  , 1721, 58.5, 1536, 0
C++, n-body, 25, 20.560058593750000000, 19.943542480468750000,  ,  , 1722, 58.2, 1536, 0
C++, n-body, 25, 20.665466308593750000, 20.063110351562500000,  ,  , 1718, 58.5, 1536, 0
C++, n-body, 25, 20.501647949218750000, 19.885498046875000000,  ,  , 1720, 58.0, 1536, 0
C++, n-body, 25, 20.505432128906250000, 19.894714355468750000,  ,  , 1721, 58.0, 1536, 0
C++, n-body, 25, 20.554809570312500000, 19.940979003906250000,  ,  , 1720, 57.8, 1536, 0
C++, n-body, 25, 20.422851562500000000, 19.812011718750000000,  ,  , 1723, 57.8, 1536, 0
C++, n-body, 25, 20.475219726562500000, 19.862060546875000000,  ,  , 1723, 57.5, 1536, 0
C++, n-body, 25, 20.443969726562500000, 19.835205078125000000,  ,  , 1721, 58.2, 1536, 0
C++, n-body, 25, 20.498229980468750000, 19.881042480468750000,  ,  , 1721, 57.8, 1536, 0
C++, n-body, 25, 20.674865722656250000, 20.066223144531250000,  ,  , 1721, 58.0, 1536, 0
C++, n-body, 25, 20.481201171875000000, 19.863830566406250000,  ,  , 1722, 57.5, 1536, 0
C++, n-body, 25, 20.612365722656250000, 19.999084472656250000,  ,  , 1720, 57.5, 1536, 0
C++, n-body, 25, 20.491821289062500000, 19.883117675781250000,  ,  , 1724, 57.8, 1536, 0
C++, n-body, 25, 20.493835449218750000, 19.874877929687500000,  ,  , 1721, 57.5, 1536, 0
C++, n-body, 25, 20.424438476562500000, 19.817993164062500000,  ,  , 1720, 57.2, 1536, 0
C++, regex-redux, 25, 17.143249511718750000, 16.721496582031250000,  ,  , 1038, 58.0, 276012, 0
C++, regex-redux, 25, 17.310791015625000000, 16.881286621093750000,  ,  , 1067, 57.5, 276008, 0
C++, regex-redux, 25, 17.083068847656250000, 16.656799316406250000,  ,  , 1028, 58.0, 276012, 0
C++, regex-redux, 25, 17.338500976562500000, 16.899169921875000000,  ,  , 1072, 57.8, 276004, 0
C++, regex-redux, 25, 17.501098632812500000, 17.065612792968750000,  ,  , 1061, 57.0, 276008, 0
C++, regex-redux, 25, 16.564208984375000000, 16.156494140625000000,  ,  , 972, 52.8, 275960, 0
C++, regex-redux, 25, 17.237365722656250000, 16.804138183593750000,  ,  , 1037, 58.0, 276004, 0
C++, regex-redux, 25, 17.224243164062500000, 16.790161132812500000,  ,  , 1044, 57.8, 276008, 0
C++, regex-redux, 25, 17.538024902343750000, 17.106811523437500000,  ,  , 1064, 56.8, 276008, 0
C++, regex-redux, 25, 17.397827148437500000, 16.966552734375000000,  ,  , 1057, 58.5, 276008, 0
C++, regex-redux, 25, 17.304504394531250000, 16.882873535156250000,  ,  , 1054, 57.8, 276012, 0
C++, regex-redux, 25, 17.291259765625000000, 16.863342285156250000,  ,  , 1055, 58.2, 276008, 0
C++, regex-redux, 25, 17.197998046875000000, 16.770324707031250000,  ,  , 1050, 58.0, 276008, 0
C++, regex-redux, 25, 17.111450195312500000, 16.685974121093750000,  ,  , 1039, 57.8, 276008, 0
C++, regex-redux, 25, 17.392700195312500000, 16.960937500000000000,  ,  , 1060, 58.2, 276012, 0
C++, regex-redux, 25, 17.377685546875000000, 16.939270019531250000,  ,  , 1057, 58.0, 276008, 0
C++, regex-redux, 25, 16.935241699218750000, 16.523742675781250000,  ,  , 1000, 57.5, 275836, 0
C++, regex-redux, 25, 17.120849609375000000, 16.699707031250000000,  ,  , 1036, 57.0, 276012, 0
C++, regex-redux, 25, 17.190063476562500000, 16.763793945312500000,  ,  , 1034, 57.5, 275960, 0
C++, regex-redux, 25, 17.312561035156250000, 16.879577636718750000,  ,  , 1057, 57.8, 276008, 0
C++, reverse-complement, 25, 1.843811035156250000, 1.746887207031250000,  ,  , 155, 52.5, 127360, 0
C++, reverse-complement, 25, 1.886047363281250000, 1.794555664062500000,  ,  , 152, 52.5, 127360, 0
C++, reverse-complement, 25, 1.869628906250000000, 1.780090332031250000,  ,  , 151, 52.5, 127360, 0
C++, reverse-complement, 25, 1.882141113281250000, 1.784545898437500000,  ,  , 152, 52.5, 127360, 0
C++, reverse-complement, 25, 1.885253906250000000, 1.784240722656250000,  ,  , 151, 52.5, 127360, 0
C++, reverse-complement, 25, 1.924072265625000000, 1.821960449218750000,  ,  , 160, 52.5, 127360, 0
C++, reverse-complement, 25, 1.905700683593750000, 1.817932128906250000,  ,  , 152, 57.0, 127360, 0
C++, reverse-complement, 25, 1.850646972656250000, 1.760131835937500000,  ,  , 156, 52.5, 127360, 0
C++, reverse-complement, 25, 1.892333984375000000, 1.800598144531250000,  ,  , 152, 52.5, 127360, 0
C++, reverse-complement, 25, 1.906921386718750000, 1.803100585937500000,  ,  , 152, 52.5, 127360, 0
C++, reverse-complement, 25, 1.902038574218750000, 1.803588867187500000,  ,  , 151, 52.5, 127360, 0
C++, reverse-complement, 25, 1.900207519531250000, 1.797668457031250000,  ,  , 151, 52.5, 127360, 0
C++, reverse-complement, 25, 1.900634765625000000, 1.808593750000000000,  ,  , 152, 52.5, 127360, 0
C++, reverse-complement, 25, 1.905029296875000000, 1.804016113281250000,  ,  , 151, 57.8, 127360, 0
C++, reverse-complement, 25, 1.839843750000000000, 1.750427246093750000,  ,  , 155, 52.5, 127360, 0
C++, reverse-complement, 25, 1.909606933593750000, 1.804565429687500000,  ,  , 152, 52.5, 127360, 0
C++, reverse-complement, 25, 1.884094238281250000, 1.793823242187500000,  ,  , 151, 52.5, 127360, 0
C++, reverse-complement, 25, 1.917419433593750000, 1.817077636718750000,  ,  , 151, 52.5, 127360, 0
C++, reverse-complement, 25, 1.892211914062500000, 1.792907714843750000,  ,  , 151, 52.5, 127360, 0
C++, reverse-complement, 25, 1.898986816406250000, 1.799865722656250000,  ,  , 151, 52.5, 127360, 0
C++, spectral-norm, 25, 8.417907714843750000, 8.288330078125000000,  ,  , 359, 52.2, 2432, 0
C++, spectral-norm, 25, 8.443054199218750000, 8.324401855468750000,  ,  , 354, 52.2, 2432, 0
C++, spectral-norm, 25, 8.460205078125000000, 8.337158203125000000,  ,  , 355, 61.2, 2432, 0
C++, spectral-norm, 25, 8.381347656250000000, 8.260681152343750000,  ,  , 359, 52.2, 2432, 0
C++, spectral-norm, 25, 8.479187011718750000, 8.358520507812500000,  ,  , 354, 52.2, 2432, 0
C++, spectral-norm, 25, 8.477294921875000000, 8.344848632812500000,  ,  , 366, 61.2, 2432, 0
C++, spectral-norm, 25, 8.400329589843750000, 8.275451660156250000,  ,  , 359, 52.5, 2432, 0
C++, spectral-norm, 25, 8.504882812500000000, 8.384948730468750000,  ,  , 355, 52.5, 2432, 0
C++, spectral-norm, 25, 8.488952636718750000, 8.362976074218750000,  ,  , 355, 61.2, 2432, 0
C++, spectral-norm, 25, 8.390197753906250000, 8.263610839843750000,  ,  , 359, 52.8, 2432, 0
C++, spectral-norm, 25, 8.524841308593750000, 8.393737792968750000,  ,  , 355, 52.8, 2432, 0
C++, spectral-norm, 25, 8.455200195312500000, 8.340026855468750000,  ,  , 354, 62.0, 2432, 0
C++, spectral-norm, 25, 8.360168457031250000, 8.236450195312500000,  ,  , 360, 52.8, 2432, 0
C++, spectral-norm, 25, 8.436523437500000000, 8.311706542968750000,  ,  , 354, 52.8, 2432, 0
C++, spectral-norm, 25, 8.492675781250000000, 8.354919433593750000,  ,  , 355, 61.2, 2432, 0
C++, spectral-norm, 25, 8.414733886718750000, 8.292663574218750000,  ,  , 355, 52.5, 2432, 0
C++, spectral-norm, 25, 8.646423339843750000, 8.512390136718750000,  ,  , 368, 52.5, 2432, 0
C++, spectral-norm, 25, 8.421813964843750000, 8.292114257812500000,  ,  , 354, 61.5, 2432, 0
C++, spectral-norm, 25, 8.402587890625000000, 8.284423828125000000,  ,  , 359, 52.8, 2432, 0
C++, spectral-norm, 25, 8.459777832031250000, 8.334899902343750000,  ,  , 355, 52.8, 2432, 0
Java, binary-trees, 25, 46.501403808593750000, 44.238891601562500000,  ,  , 2090, 58.0, 1705876, 0
Java, binary-trees, 25, 46.859130859375000000, 44.576721191406250000,  ,  , 2098, 58.2, 1724656, 0
Java, binary-trees, 25, 46.686828613281250000, 44.420593261718750000,  ,  , 2101, 57.8, 1707276, 0
Java, binary-trees, 25, 46.526062011718750000, 44.252075195312500000,  ,  , 2102, 58.2, 1722428, 0
Java, binary-trees, 25, 48.710327148437500000, 46.419311523437500000,  ,  , 2212, 58.2, 2476436, 0
Java, binary-trees, 25, 48.238647460937500000, 45.948608398437500000,  ,  , 2191, 57.8, 2461920, 0
Java, binary-trees, 25, 46.168273925781250000, 43.908996582031250000,  ,  , 2067, 59.2, 1724708, 0
Java, binary-trees, 25, 47.056518554687500000, 44.773986816406250000,  ,  , 2117, 58.2, 1719596, 0
Java, binary-trees, 25, 46.465270996093750000, 44.202697753906250000,  ,  , 2088, 58.8, 1722820, 0
Java, binary-trees, 25, 46.508544921875000000, 44.250427246093750000,  ,  , 2090, 58.8, 1696424, 0
Java, binary-trees, 25, 46.598815917968750000, 44.338073730468750000,  ,  , 2093, 58.8, 1727252, 0
Java, binary-trees, 25, 48.845153808593750000, 46.554565429687500000,  ,  , 2217, 58.8, 2475700, 0
Java, binary-trees, 25, 46.458557128906250000, 44.193908691406250000,  ,  , 2093, 58.5, 1730320, 0
Java, binary-trees, 25, 46.780761718750000000, 44.498901367187500000,  ,  , 2098, 59.0, 1725720, 0
Java, binary-trees, 25, 48.798828125000000000, 46.507324218750000000,  ,  , 2217, 57.0, 2477676, 0
Java, binary-trees, 25, 49.115051269531250000, 46.816040039062500000,  ,  , 2227, 58.2, 2477196, 0
Java, binary-trees, 25, 48.195861816406250000, 45.922607421875000000,  ,  , 2179, 59.0, 2476432, 0
Java, binary-trees, 25, 46.521362304687500000, 44.257080078125000000,  ,  , 2094, 58.5, 1730328, 0
Java, binary-trees, 25, 46.304199218750000000, 44.035766601562500000,  ,  , 2109, 59.2, 1708092, 0
Java, binary-trees, 25, 48.319580078125000000, 46.048645019531250000,  ,  , 2192, 58.2, 2475528, 0
Java, fannkuch-redux, 25, 216.590637207031250000, 213.459594726562500000,  ,  , 8748, 59.5, 42556, 0
Java, fannkuch-redux, 25, 221.924560546875000000, 218.709472656250000000,  ,  , 8951, 60.2, 42552, 0
Java, fannkuch-redux, 25, 229.044616699218750000, 225.722412109375000000,  ,  , 9252, 60.2, 42440, 0
Java, fannkuch-redux, 25, 219.250122070312500000, 216.071350097656250000,  ,  , 8848, 61.2, 41688, 0
Java, fannkuch-redux, 25, 213.451416015625000000, 210.361083984375000000,  ,  , 8618, 61.2, 42656, 0
Java, fannkuch-redux, 25, 220.002136230468750000, 216.809143066406250000,  ,  , 8885, 61.8, 42192, 0
Java, fannkuch-redux, 25, 220.757568359375000000, 217.550720214843750000,  ,  , 8919, 59.2, 42496, 0
Java, fannkuch-redux, 25, 217.549316406250000000, 214.399047851562500000,  ,  , 8766, 62.0, 42632, 0
Java, fannkuch-redux, 25, 233.140930175781250000, 229.763061523437500000,  ,  , 9414, 61.2, 41252, 0
Java, fannkuch-redux, 25, 230.246093750000000000, 226.910949707031250000,  ,  , 9299, 60.8, 42520, 0
Java, fannkuch-redux, 25, 219.464172363281250000, 216.284667968750000000,  ,  , 8842, 63.0, 41620, 0
Java, fannkuch-redux, 25, 219.771911621093750000, 216.589111328125000000,  ,  , 8871, 61.5, 42640, 0
Java, fannkuch-redux, 25, 223.732666015625000000, 220.490112304687500000,  ,  , 9023, 62.0, 42308, 0
Java, fannkuch-redux, 25, 230.493408203125000000, 227.150207519531250000,  ,  , 9294, 62.2, 42412, 0
Java, fannkuch-redux, 25, 224.094177246093750000, 220.846496582031250000,  ,  , 9041, 62.2, 41500, 0
Java, fannkuch-redux, 25, 217.461242675781250000, 214.311767578125000000,  ,  , 8765, 62.0, 41380, 0
Java, fannkuch-redux, 25, 221.005310058593750000, 217.803894042968750000,  ,  , 8928, 62.0, 42692, 0
Java, fannkuch-redux, 25, 229.146179199218750000, 225.836425781250000000,  ,  , 9244, 63.5, 42424, 0
Java, fannkuch-redux, 25, 219.574157714843750000, 216.406921386718750000,  ,  , 8861, 62.0, 41612, 0
Java, fannkuch-redux, 25, 224.538330078125000000, 221.290222167968750000,  ,  , 9053, 62.2, 41600, 0
Java, fasta, 25, 23.614929199218750000, 23.236511230468750000,  ,  , 1063, 61.5, 47912, 0
Java, fasta, 25, 23.050903320312500000, 22.655700683593750000,  ,  , 1081, 61.8, 47992, 0
Java, fasta, 25, 22.926818847656250000, 22.527038574218750000,  ,  , 1107, 60.8, 48212, 0
Java, fasta, 25, 22.655456542968750000, 22.250732421875000000,  ,  , 1126, 61.5, 47704, 0
Java, fasta, 25, 22.453674316406250000, 22.052734375000000000,  ,  , 1125, 61.0, 48280, 0
Java, fasta, 25, 22.525268554687500000, 22.128845214843750000,  ,  , 1108, 61.5, 47744, 0
Java, fasta, 25, 22.584045410156250000, 22.191528320312500000,  ,  , 1109, 61.0, 47980, 0
Java, fasta, 25, 22.511474609375000000, 22.116638183593750000,  ,  , 1093, 61.0, 47988, 0
Java, fasta, 25, 22.559997558593750000, 22.158447265625000000,  ,  , 1108, 60.8, 48076, 0
Java, fasta, 25, 22.668640136718750000, 22.273254394531250000,  ,  , 1110, 61.0, 47884, 0
Java, fasta, 25, 22.658752441406250000, 22.260131835937500000,  ,  , 1113, 61.0, 48024, 0
Java, fasta, 25, 22.905822753906250000, 22.522888183593750000,  ,  , 1079, 60.5, 47820, 0
Java, fasta, 25, 23.465698242187500000, 23.093017578125000000,  ,  , 1057, 61.8, 47672, 0
Java, fasta, 25, 22.549072265625000000, 22.150268554687500000,  ,  , 1092, 60.8, 47828, 0
Java, fasta, 25, 22.349182128906250000, 21.947570800781250000,  ,  , 1110, 60.8, 47748, 0
Java, fasta, 25, 23.394165039062500000, 23.014038085937500000,  ,  , 1080, 60.5, 47848, 0
Java, fasta, 25, 22.745605468750000000, 22.356506347656250000,  ,  , 1088, 60.2, 48388, 0
Java, fasta, 25, 23.816040039062500000, 23.434020996093750000,  ,  , 1079, 60.0, 47792, 0
Java, fasta, 25, 22.559387207031250000, 22.164611816406250000,  ,  , 1099, 61.0, 47744, 0
Java, fasta, 25, 23.404663085937500000, 23.015380859375000000,  ,  , 1066, 60.5, 47680, 0
Java, k-nucleotide, 25, 89.589538574218750000, 88.011291503906250000,  ,  , 4028, 60.5, 363148, 0
Java, k-nucleotide, 25, 94.324096679687500000, 92.675781250000000000,  ,  , 4206, 61.2, 361144, 0
Java, k-nucleotide, 25, 91.535095214843750000, 89.926452636718750000,  ,  , 4085, 60.0, 361280, 0
Java, k-nucleotide, 25, 93.986206054687500000, 92.331176757812500000,  ,  , 4196, 61.2, 362348, 0
Java, k-nucleotide, 25, 88.057189941406250000, 86.489746093750000000,  ,  , 3958, 61.0, 362596, 0
Java, k-nucleotide, 25, 93.550537109375000000, 91.896545410156250000,  ,  , 4185, 61.0, 361332, 0
Java, k-nucleotide, 25, 93.327331542968750000, 91.691467285156250000,  ,  , 4142, 61.0, 362532, 0
Java, k-nucleotide, 25, 91.757446289062500000, 90.138305664062500000,  ,  , 4096, 60.8, 361604, 0
Java, k-nucleotide, 25, 91.388244628906250000, 89.764526367187500000,  ,  , 4081, 60.2, 360968, 0
Java, k-nucleotide, 25, 93.898437500000000000, 92.260070800781250000,  ,  , 4157, 61.0, 362424, 0
Java, k-nucleotide, 25, 92.544494628906250000, 90.920776367187500000,  ,  , 4139, 60.2, 361216, 0
Java, k-nucleotide, 25, 84.898986816406250000, 83.373596191406250000,  ,  , 3831, 59.5, 361172, 0
Java, k-nucleotide, 25, 90.016113281250000000, 88.411621093750000000,  ,  , 4039, 60.5, 361844, 0
Java, k-nucleotide, 25, 93.013244628906250000, 91.377868652343750000,  ,  , 4141, 60.8, 361868, 0
Java, k-nucleotide, 25, 91.784851074218750000, 90.184204101562500000,  ,  , 4107, 60.2, 362132, 0
Java, k-nucleotide, 25, 91.757507324218750000, 90.158020019531250000,  ,  , 4078, 60.8, 362048, 0
Java, k-nucleotide, 25, 92.542602539062500000, 90.917846679687500000,  ,  , 4129, 61.2, 356944, 0
Java, k-nucleotide, 25, 91.753967285156250000, 90.145263671875000000,  ,  , 4081, 61.5, 361660, 0
Java, k-nucleotide, 25, 92.530151367187500000, 90.904113769531250000,  ,  , 4108, 60.5, 362608, 0
Java, k-nucleotide, 25, 94.309082031250000000, 92.652343750000000000,  ,  , 4209, 60.2, 360968, 0
Java, mandelbrot, 25, 81.796325683593750000, 80.576782226562500000,  ,  , 3367, 62.0, 86252, 0
Java, mandelbrot, 25, 81.608703613281250000, 80.407043457031250000,  ,  , 3343, 62.5, 76256, 0
Java, mandelbrot, 25, 80.524047851562500000, 79.335205078125000000,  ,  , 3306, 62.2, 86484, 0
Java, mandelbrot, 25, 78.903198242187500000, 77.731079101562500000,  ,  , 3260, 61.8, 75980, 0
Java, mandelbrot, 25, 82.707519531250000000, 81.500488281250000000,  ,  , 3368, 61.5, 86764, 0
Java, mandelbrot, 25, 82.214721679687500000, 81.000732421875000000,  ,  , 3349, 61.8, 86116, 0
Java, mandelbrot, 25, 79.107482910156250000, 77.952392578125000000,  ,  , 3225, 61.8, 85964, 0
Java, mandelbrot, 25, 82.271911621093750000, 81.050964355468750000,  ,  , 3365, 62.2, 86380, 0
Java, mandelbrot, 25, 81.791625976562500000, 80.600524902343750000,  ,  , 3322, 62.0, 86128, 0
Java, mandelbrot, 25, 81.902832031250000000, 80.695373535156250000,  ,  , 3330, 62.0, 86740, 0
Java, mandelbrot, 25, 81.949890136718750000, 80.754699707031250000,  ,  , 3323, 63.5, 86380, 0
Java, mandelbrot, 25, 81.581420898437500000, 80.369018554687500000,  ,  , 3349, 62.0, 86276, 0
Java, mandelbrot, 25, 79.589477539062500000, 78.405578613281250000,  ,  , 3268, 63.0, 86752, 0
Java, mandelbrot, 25, 82.743774414062500000, 81.531127929687500000,  ,  , 3350, 62.5, 86616, 0
Java, mandelbrot, 25, 82.220275878906250000, 81.020812988281250000,  ,  , 3331, 61.8, 76140, 0
Java, mandelbrot, 25, 81.779907226562500000, 80.582641601562500000,  ,  , 3324, 62.2, 86148, 0
Java, mandelbrot, 25, 81.915771484375000000, 80.715270996093750000,  ,  , 3336, 61.5, 85880, 0
Java, mandelbrot, 25, 82.297058105468750000, 81.099731445312500000,  ,  , 3338, 63.0, 76420, 0
Java, mandelbrot, 25, 81.923645019531250000, 80.721740722656250000,  ,  , 3320, 61.8, 76624, 0
Java, mandelbrot, 25, 81.763061523437500000, 80.551147460937500000,  ,  , 3341, 62.2, 86276, 0
Java, n-body, 25, 45.925292968750000000, 44.478881835937500000,  ,  , 4059, 59.2, 41316, 0
Java, n-body, 25, 45.730712890625000000, 44.275634765625000000,  ,  , 4058, 58.5, 41452, 0
Java, n-body, 25, 46.054626464843750000, 44.599609375000000000,  ,  , 4059, 59.0, 41168, 0
Java, n-body, 25, 45.878479003906250000, 44.415954589843750000,  ,  , 4063, 57.2, 41324, 0
Java, n-body, 25, 45.906372070312500000, 44.462097167968750000,  ,  , 4046, 58.2, 41348, 0
Java, n-body, 25, 45.744506835937500000, 44.285095214843750000,  ,  , 4074, 58.0, 41476, 0
Java, n-body, 25, 45.722229003906250000, 44.281188964843750000,  ,  , 4035, 58.5, 41324, 0
Java, n-body, 25, 46.239746093750000000, 44.790466308593750000,  ,  , 4056, 58.0, 41568, 0
Java, n-body, 25, 45.928222656250000000, 44.490661621093750000,  ,  , 4034, 57.8, 41196, 0
Java, n-body, 25, 45.275085449218750000, 43.833068847656250000,  ,  , 4037, 58.0, 41400, 0
Java, n-body, 25, 45.773620605468750000, 44.327026367187500000,  ,  , 4031, 58.2, 41580, 0
Java, n-body, 25, 45.990783691406250000, 44.545654296875000000,  ,  , 4033, 57.2, 41340, 0
Java, n-body, 25, 45.972290039062500000, 44.524658203125000000,  ,  , 4056, 57.8, 41220, 0
Java, n-body, 25, 45.335021972656250000, 43.878234863281250000,  ,  , 4057, 57.8, 41324, 0
Java, n-body, 25, 45.994628906250000000, 44.549316406250000000,  ,  , 4060, 57.0, 40956, 0
Java, n-body, 25, 46.250183105468750000, 44.804870605468750000,  ,  , 4057, 57.2, 41476, 0
Java, n-body, 25, 45.557006835937500000, 44.102478027343750000,  ,  , 4060, 56.5, 41564, 0
Java, n-body, 25, 45.768188476562500000, 44.312988281250000000,  ,  , 4059, 57.2, 41436, 0
Java, n-body, 25, 45.846740722656250000, 44.399291992187500000,  ,  , 4058, 56.8, 41300, 0
Java, n-body, 25, 45.793212890625000000, 44.344299316406250000,  ,  , 4036, 56.8, 41604, 0
Java, regex-redux, 25, 97.849487304687500000, 96.018371582031250000,  ,  , 4496, 59.2, 632204, 0
Java, regex-redux, 25, 96.918029785156250000, 95.087951660156250000,  ,  , 4488, 59.2, 604032, 0
Java, regex-redux, 25, 99.413757324218750000, 97.558471679687500000,  ,  , 4559, 59.5, 631132, 0
Java, regex-redux, 25, 99.132141113281250000, 97.265869140625000000,  ,  , 4614, 59.0, 603040, 0
Java, regex-redux, 25, 100.862426757812500000, 98.965270996093750000,  ,  , 4682, 59.2, 631480, 0
Java, regex-redux, 25, 98.050231933593750000, 96.188476562500000000,  ,  , 4580, 59.0, 629828, 0
Java, regex-redux, 25, 100.005432128906250000, 98.106811523437500000,  ,  , 4692, 58.2, 630380, 0
Java, regex-redux, 25, 101.943481445312500000, 100.032287597656250000,  ,  , 4720, 58.5, 601892, 0
Java, regex-redux, 25, 101.000488281250000000, 99.104125976562500000,  ,  , 4700, 59.2, 629780, 0
Java, regex-redux, 25, 101.007202148437500000, 99.096496582031250000,  ,  , 4708, 59.2, 630568, 0
Java, regex-redux, 25, 99.889709472656250000, 98.025939941406250000,  ,  , 4605, 60.2, 631724, 0
Java, regex-redux, 25, 100.489807128906250000, 98.586730957031250000,  ,  , 4692, 59.5, 629932, 0
Java, regex-redux, 25, 101.395812988281250000, 99.481201171875000000,  ,  , 4720, 59.2, 606588, 0
Java, regex-redux, 25, 98.961364746093750000, 97.098083496093750000,  ,  , 4587, 60.2, 602908, 0
Java, regex-redux, 25, 100.009216308593750000, 98.135131835937500000,  ,  , 4622, 59.8, 600004, 0
Java, regex-redux, 25, 100.139892578125000000, 98.250488281250000000,  ,  , 4658, 59.0, 629812, 0
Java, regex-redux, 25, 98.854003906250000000, 96.992736816406250000,  ,  , 4609, 58.8, 600908, 0
Java, regex-redux, 25, 101.640747070312500000, 99.736999511718750000,  ,  , 4730, 60.0, 631872, 0
Java, regex-redux, 25, 99.116882324218750000, 97.263183593750000000,  ,  , 4582, 59.2, 631248, 0
Java, regex-redux, 25, 99.427185058593750000, 97.554016113281250000,  ,  , 4632, 59.8, 631720, 0
Java, reverse-complement, 25, 9.279418945312500000, 8.903015136718750000,  ,  , 711, 55.2, 536452, 0
Java, reverse-complement, 25, 9.204956054687500000, 8.823974609375000000,  ,  , 704, 59.0, 536316, 0
Java, reverse-complement, 25, 9.199035644531250000, 8.835693359375000000,  ,  , 707, 54.2, 536268, 0
Java, reverse-complement, 25, 9.267333984375000000, 8.904968261718750000,  ,  , 703, 58.8, 536324, 0
Java, reverse-complement, 25, 9.233276367187500000, 8.857788085937500000,  ,  , 718, 54.2, 536332, 0
Java, reverse-complement, 25, 9.354187011718750000, 8.974243164062500000,  ,  , 711, 58.8, 536196, 0
Java, reverse-complement, 25, 9.182617187500000000, 8.809631347656250000,  ,  , 714, 54.0, 536408, 0
Java, reverse-complement, 25, 9.353027343750000000, 8.978149414062500000,  ,  , 705, 57.8, 536364, 0
Java, reverse-complement, 25, 9.258850097656250000, 8.896728515625000000,  ,  , 709, 53.8, 536248, 0
Java, reverse-complement, 25, 9.330261230468750000, 8.960266113281250000,  ,  , 706, 58.2, 536424, 0
Java, reverse-complement, 25, 9.243835449218750000, 8.872009277343750000,  ,  , 712, 54.0, 536304, 0
Java, reverse-complement, 25, 9.346069335937500000, 8.973876953125000000,  ,  , 707, 58.0, 536432, 0
Java, reverse-complement, 25, 9.287231445312500000, 8.919250488281250000,  ,  , 713, 54.0, 536532, 0
Java, reverse-complement, 25, 9.259521484375000000, 8.882751464843750000,  ,  , 703, 58.2, 536340, 0
Java, reverse-complement, 25, 9.285827636718750000, 8.910949707031250000,  ,  , 704, 54.0, 536444, 0
Java, reverse-complement, 25, 9.347595214843750000, 8.968322753906250000,  ,  , 704, 58.2, 536444, 0
Java, reverse-complement, 25, 9.242675781250000000, 8.870361328125000000,  ,  , 711, 53.8, 536368, 0
Java, reverse-complement, 25, 9.357482910156250000, 8.993347167968750000,  ,  , 706, 57.0, 536328, 0
Java, reverse-complement, 25, 9.292358398437500000, 8.916992187500000000,  ,  , 712, 53.8, 536404, 0
Java, reverse-complement, 25, 9.336059570312500000, 8.970092773437500000,  ,  , 705, 57.8, 536356, 0
Java, spectral-norm, 25, 12.479431152343750000, 12.279785156250000000,  ,  , 573, 54.0, 43048, 0
Java, spectral-norm, 25, 13.013427734375000000, 12.815490722656250000,  ,  , 558, 61.0, 42844, 0
Java, spectral-norm, 25, 12.687988281250000000, 12.486083984375000000,  ,  , 566, 54.0, 42856, 0
Java, spectral-norm, 25, 12.842834472656250000, 12.638732910156250000,  ,  , 547, 60.2, 43036, 0
Java, spectral-norm, 25, 12.668640136718750000, 12.467163085937500000,  ,  , 586, 53.8, 42948, 0
Java, spectral-norm, 25, 13.054138183593750000, 12.848083496093750000,  ,  , 566, 60.5, 42680, 0
Java, spectral-norm, 25, 12.662048339843750000, 12.473999023437500000,  ,  , 548, 53.5, 43032, 0
Java, spectral-norm, 25, 13.460388183593750000, 13.247924804687500000,  ,  , 575, 60.8, 42932, 0
Java, spectral-norm, 25, 12.645935058593750000, 12.437438964843750000,  ,  , 571, 54.0, 42688, 0
Java, spectral-norm, 25, 13.030700683593750000, 12.821411132812500000,  ,  , 558, 60.8, 42828, 0
Java, spectral-norm, 25, 12.436645507812500000, 12.227478027343750000,  ,  , 565, 53.8, 42676, 0
Java, spectral-norm, 25, 12.989562988281250000, 12.786254882812500000,  ,  , 553, 61.0, 43068, 0
Java, spectral-norm, 25, 12.764343261718750000, 12.557678222656250000,  ,  , 565, 53.8, 42756, 0
Java, spectral-norm, 25, 12.992492675781250000, 12.788452148437500000,  ,  , 555, 60.5, 42856, 0
Java, spectral-norm, 25, 12.655944824218750000, 12.451110839843750000,  ,  , 565, 53.8, 42972, 0
Java, spectral-norm, 25, 12.641357421875000000, 12.448547363281250000,  ,  , 544, 60.5, 42948, 0
Java, spectral-norm, 25, 13.790100097656250000, 13.571655273437500000,  ,  , 621, 54.0, 42860, 0
Java, spectral-norm, 25, 12.927246093750000000, 12.727416992187500000,  ,  , 553, 61.0, 42940, 0
Java, spectral-norm, 25, 12.815307617187500000, 12.617736816406250000,  ,  , 572, 54.0, 42984, 0
Java, spectral-norm, 25, 12.955322265625000000, 12.758728027343750000,  ,  , 551, 61.2, 42724, 0
Python, binary-trees, 25, 783.518798828125000000, 766.137878417968750000,  ,  , 35205, 61.5, 277248, 0
Python, binary-trees, 25, 785.334960937500000000, 767.923461914062500000,  ,  , 35207, 61.5, 277248, 0
Python, binary-trees, 25, 795.060363769531250000, 777.587280273437500000,  ,  , 35355, 61.5, 277248, 0
Python, binary-trees, 25, 786.634216308593750000, 769.258972167968750000,  ,  , 35223, 61.2, 277248, 0
Python, binary-trees, 25, 787.700866699218750000, 770.211669921875000000,  ,  , 35384, 61.5, 277248, 0
Python, binary-trees, 25, 785.255798339843750000, 767.821655273437500000,  ,  , 35252, 61.2, 277248, 0
Python, binary-trees, 25, 786.836425781250000000, 769.419433593750000000,  ,  , 35256, 61.5, 277248, 0
Python, binary-trees, 25, 784.942749023437500000, 767.559570312500000000,  ,  , 35188, 61.2, 277248, 0
Python, binary-trees, 25, 786.816101074218750000, 769.519531250000000000,  ,  , 34995, 61.8, 277248, 0
Python, binary-trees, 25, 783.907592773437500000, 766.569091796875000000,  ,  , 35119, 62.5, 277376, 0
Python, binary-trees, 25, 786.290161132812500000, 769.005981445312500000,  ,  , 34964, 61.8, 277248, 0
Python, binary-trees, 25, 787.504333496093750000, 770.009277343750000000,  ,  , 35477, 62.0, 277120, 0
Python, binary-trees, 25, 799.317443847656250000, 781.780334472656250000,  ,  , 35488, 62.2, 277248, 0
Python, binary-trees, 25, 786.881103515625000000, 769.435424804687500000,  ,  , 35363, 62.0, 277248, 0
Python, binary-trees, 25, 794.714843750000000000, 777.271911621093750000,  ,  , 35417, 62.0, 277248, 0
Python, binary-trees, 25, 784.710021972656250000, 767.458374023437500000,  ,  , 34933, 62.5, 277248, 0
Python, binary-trees, 25, 788.350646972656250000, 771.061523437500000000,  ,  , 35025, 61.8, 277248, 0
Python, binary-trees, 25, 787.041809082031250000, 769.596435546875000000,  ,  , 35257, 62.5, 277248, 0
Python, binary-trees, 25, 786.577636718750000000, 769.211608886718750000,  ,  , 35112, 62.0, 277376, 0
Python, binary-trees, 25, 797.532409667968750000, 779.903686523437500000,  ,  , 35818, 62.0, 277248, 0
Python, fannkuch-redux, 25, 6668.407653808593750000, 6572.215759277343750000,  ,  , 267872, 62.5, 14336, 0
Python, fannkuch-redux, 25, 6669.362182617187500000, -255570.809020996093750000,  ,  , 267842, 62.5, 14336, 0
Python, fannkuch-redux, 25, 6685.051635742187500000, 6588.591613769531250000,  ,  , 268541, 62.0, 14336, 0
Python, fannkuch-redux, 25, 6707.445678710937500000, 6610.640502929687500000,  ,  , 269274, 63.8, 14336, 0
Python, fannkuch-redux, 25, 6739.417846679687500000, 6642.137023925781250000,  ,  , 270653, 62.8, 14336, 0
Python, fannkuch-redux, 25, 6687.166076660156250000, 6590.654235839843750000,  ,  , 268555, 62.0, 14208, 0
Python, fannkuch-redux, 25, 6924.264038085937500000, 6823.797119140625000000,  ,  , 279563, 61.8, 14336, 0
Python, fannkuch-redux, 25, 6725.207885742187500000, 6628.122497558593750000,  ,  , 270150, 62.2, 14336, 0
Python, fannkuch-redux, 25, 6821.889526367187500000, 6723.536987304687500000,  ,  , 273809, 63.8, 14336, 0
Python, fannkuch-redux, 25, 6707.839721679687500000, 6611.057495117187500000,  ,  , 269440, 62.2, 14464, 0
Python, fannkuch-redux, 25, 6709.720886230468750000, 6612.835327148437500000,  ,  , 269526, 62.0, 14336, 0
Python, fannkuch-redux, 25, 6692.638610839843750000, 6596.076538085937500000,  ,  , 268737, 62.2, 14336, 0
Python, fannkuch-redux, 25, 6686.821533203125000000, 6590.428588867187500000,  ,  , 268540, 61.8, 14336, 0
Python, fannkuch-redux, 25, 6684.993652343750000000, 6588.541259765625000000,  ,  , 268545, 62.2, 14336, 0
Python, fannkuch-redux, 25, 6796.346496582031250000, 6698.244201660156250000,  ,  , 273002, 62.5, 14336, 0
Python, fannkuch-redux, 25, 6755.531005859375000000, 6658.018737792968750000,  ,  , 271406, 62.5, 14336, 0
Python, fannkuch-redux, 25, 6689.813049316406250000, 6593.302917480468750000,  ,  , 268740, 62.0, 14336, 0
Python, fannkuch-redux, 25, 6751.855590820312500000, 6654.468627929687500000,  ,  , 271141, 62.2, 14208, 0
Python, fannkuch-redux, 25, 6701.969787597656250000, 6605.049377441406250000,  ,  , 269941, 62.5, 14464, 0
Python, fannkuch-redux, 25, 6778.131347656250000000, 6680.055236816406250000,  ,  , 273097, 62.2, 14336, 0
Python, fasta, 25, 557.065185546875000000, 541.588256835937500000,  ,  , 43299, 58.8, 9728, 0
Python, fasta, 25, 551.343566894531250000, 535.873229980468750000,  ,  , 43259, 58.0, 9728, 0
Python, fasta, 25, 553.455871582031250000, 537.953247070312500000,  ,  , 43291, 57.2, 9728, 0
Python, fasta, 25, 548.199218750000000000, 532.712402343750000000,  ,  , 43284, 57.2, 9728, 0
Python, fasta, 25, 542.723144531250000000, 527.218444824218750000,  ,  , 43253, 57.0, 9728, 0
Python, fasta, 25, 545.439636230468750000, 529.916320800781250000,  ,  , 43253, 56.2, 9728, 0
Python, fasta, 25, 552.110351562500000000, 536.664794921875000000,  ,  , 43234, 57.5, 9728, 0
Python, fasta, 25, 547.748291015625000000, 532.331726074218750000,  ,  , 43277, 56.8, 9600, 0
Python, fasta, 25, 556.082214355468750000, 540.565246582031250000,  ,  , 43356, 56.2, 9728, 0
Python, fasta, 25, 548.858093261718750000, 533.350830078125000000,  ,  , 43290, 56.2, 9600, 0
Python, fasta, 25, 547.961486816406250000, 532.450500488281250000,  ,  , 43289, 56.0, 9728, 0
Python, fasta, 25, 557.274475097656250000, 541.738403320312500000,  ,  , 43517, 56.2, 9600, 0
Python, fasta, 25, 547.090942382812500000, 531.548950195312500000,  ,  , 43318, 56.0, 9728, 0
Python, fasta, 25, 546.979553222656250000, 531.446777343750000000,  ,  , 43314, 56.2, 9728, 0
Python, fasta, 25, 546.998535156250000000, 531.475036621093750000,  ,  , 43276, 55.8, 9728, 0
Python, fasta, 25, 544.965087890625000000, 529.519470214843750000,  ,  , 43251, 56.0, 9728, 0
Python, fasta, 25, 551.375976562500000000, 535.796752929687500000,  ,  , 43446, 56.8, 9728, 0
Python, fasta, 25, 552.032104492187500000, 536.600341796875000000,  ,  , 43206, 56.2, 9600, 0
Python, fasta, 25, 543.686462402343750000, 528.245117187500000000,  ,  , 43240, 56.2, 9728, 0
Python, fasta, 25, 542.394775390625000000, 526.895263671875000000,  ,  , 43233, 56.0, 9728, 0
Python, k-nucleotide, 25, 994.644104003906250000, 976.979187011718750000,  ,  , 40247, 61.8, 261796, 0
Python, k-nucleotide, 25, 1021.028320312500000000, 1002.506286621093750000,  ,  , 41340, 62.0, 262012, 0
Python, k-nucleotide, 25, 1001.298461914062500000, 983.512023925781250000,  ,  , 40484, 63.2, 261796, 0
Python, k-nucleotide, 25, 1005.330993652343750000, 987.482788085937500000,  ,  , 40762, 61.8, 261948, 0
Python, k-nucleotide, 25, 1001.449462890625000000, 983.635192871093750000,  ,  , 40527, 63.8, 261868, 0
Python, k-nucleotide, 25, 1009.259033203125000000, 991.392456054687500000,  ,  , 40839, 63.2, 261796, 0
Python, k-nucleotide, 25, 1005.298767089843750000, 987.481140136718750000,  ,  , 40742, 63.0, 261796, 0
Python, k-nucleotide, 25, 1002.546325683593750000, 984.774353027343750000,  ,  , 40535, 63.0, 262052, 0
Python, k-nucleotide, 25, 1013.915527343750000000, 995.998352050781250000,  ,  , 40995, 63.8, 262060, 0
Python, k-nucleotide, 25, 1003.281555175781250000, 985.306396484375000000,  ,  , 40651, 63.0, 261824, 0
Python, k-nucleotide, 25, 1003.639892578125000000, 985.848327636718750000,  ,  , 40647, 63.5, 261924, 0
Python, k-nucleotide, 25, 1010.214050292968750000, 992.409118652343750000,  ,  , 40851, 63.5, 262060, 0
Python, k-nucleotide, 25, 1019.266784667968750000, 1001.293395996093750000,  ,  , 41231, 63.8, 261888, 0
Python, k-nucleotide, 25, 1004.373352050781250000, 986.514404296875000000,  ,  , 40612, 63.8, 261796, 0
Python, k-nucleotide, 25, 1000.284240722656250000, 982.574035644531250000,  ,  , 40488, 64.2, 261848, 0
Python, k-nucleotide, 25, 1005.299499511718750000, 987.513854980468750000,  ,  , 40671, 64.0, 261808, 0
Python, k-nucleotide, 25, 1003.331970214843750000, 985.497985839843750000,  ,  , 40644, 63.5, 261924, 0
Python, k-nucleotide, 25, 1004.899353027343750000, 987.041870117187500000,  ,  , 40716, 63.0, 261828, 0
Python, k-nucleotide, 25, 1008.935424804687500000, 990.989074707031250000,  ,  , 40860, 63.2, 261928, 0
Python, k-nucleotide, 25, 1003.632690429687500000, 985.884460449218750000,  ,  , 40624, 63.2, 261920, 0
Python, mandelbrot, 25, 2995.756408691406250000, 2951.697204589843750000,  ,  , 122524, 64.2, 14336, 0
Python, mandelbrot, 25, 2988.297058105468750000, 2944.421813964843750000,  ,  , 122079, 64.2, 14336, 0
Python, mandelbrot, 25, 3034.459777832031250000, 2989.896423339843750000,  ,  , 123985, 64.5, 14336, 0
Python, mandelbrot, 25, 2933.316284179687500000, 2890.306884765625000000,  ,  , 119632, 64.5, 14336, 0
Python, mandelbrot, 25, 2976.070617675781250000, 2932.358886718750000000,  ,  , 121607, 63.8, 14464, 0
Python, mandelbrot, 25, 2965.776367187500000000, 2922.298095703125000000,  ,  , 121021, 64.2, 14464, 0
Python, mandelbrot, 25, 2981.460754394531250000, 2937.723327636718750000,  ,  , 121723, 65.2, 14464, 0
Python, mandelbrot, 25, 2942.263916015625000000, 2898.871154785156250000,  ,  , 120754, 64.8, 14336, 0
Python, mandelbrot, 25, 2943.354125976562500000, 2900.207885742187500000,  ,  , 120042, 64.5, 14336, 0
Python, mandelbrot, 25, 2929.106506347656250000, 2886.168212890625000000,  ,  , 119472, 64.8, 14336, 0
Python, mandelbrot, 25, 2929.154785156250000000, 2886.212097167968750000,  ,  , 119499, 64.5, 14464, 0
Python, mandelbrot, 25, 2943.809509277343750000, 2900.559509277343750000,  ,  , 120319, 65.0, 14336, 0
Python, mandelbrot, 25, 2922.451293945312500000, 2879.644958496093750000,  ,  , 119080, 64.8, 14336, 0
Python, mandelbrot, 25, 2930.169494628906250000, 2887.229248046875000000,  ,  , 119512, 65.0, 14336, 0
Python, mandelbrot, 25, 2955.033569335937500000, 2911.478454589843750000,  ,  , 121182, 64.8, 14464, 0
Python, mandelbrot, 25, -259217.016601562500000000, 2884.049926757812500000,  ,  , 119430, 64.5, 14336, 0
Python, mandelbrot, 25, 2923.206420898437500000, 2880.310302734375000000,  ,  , 119339, 64.8, 14336, 0
Python, mandelbrot, 25, 2945.990356445312500000, 2902.850219726562500000,  ,  , 120071, 64.5, 14336, 0
Python, mandelbrot, 25, 2937.731140136718750000, 2894.403747558593750000,  ,  , 120587, 65.2, 14336, 0
Python, mandelbrot, 25, 2924.381591796875000000, 2881.488830566406250000,  ,  , 119350, 65.0, 14464, 0
Python, n-body, 25, 3192.583557128906250000, 3107.268066406250000000,  ,  , 239632, 55.8, 9856, 0
Python, n-body, 25, 3193.590332031250000000, 3108.465270996093750000,  ,  , 238561, 55.8, 9728, 0
Python, n-body, 25, 3205.755371093750000000, 3120.218322753906250000,  ,  , 238291, 55.5, 9728, 0
Python, n-body, 25, 3254.366394042968750000, 3168.417419433593750000,  ,  , 239752, 56.0, 9856, 0
Python, n-body, 25, 3258.199890136718750000, 3171.801025390625000000,  ,  , 242803, 55.2, 9728, 0
Python, n-body, 25, 3236.007629394531250000, 3150.666931152343750000,  ,  , 239462, 55.8, 9856, 0
Python, n-body, 25, 3210.072875976562500000, 3124.201843261718750000,  ,  , 239121, 55.5, 9856, 0
Python, n-body, 25, 3194.423889160156250000, 3108.890380859375000000,  ,  , 238449, 55.5, 9728, 0
Python, n-body, 25, 3246.489196777343750000, 3161.263732910156250000,  ,  , 238849, 56.0, 9856, 0
Python, n-body, 25, 3225.675781250000000000, 3140.056579589843750000,  ,  , 239263, 55.8, 9728, 0
Python, n-body, 25, 3213.449279785156250000, 3128.079162597656250000,  ,  , 238288, 55.2, 9856, 0
Python, n-body, 25, 3199.142028808593750000, 3113.988891601562500000,  ,  , 238817, 55.0, 9856, 0
Python, n-body, 25, 3194.101257324218750000, 3109.287353515625000000,  ,  , 238168, 54.5, 9856, 0
Python, n-body, 25, 3205.969482421875000000, -259023.949951171875000000,  ,  , 239349, 56.0, 9728, 0
Python, n-body, 25, 3203.432800292968750000, 3118.533325195312500000,  ,  , 238715, 55.8, 9856, 0
Python, n-body, 25, 3201.860656738281250000, 3116.723693847656250000,  ,  , 239450, 55.5, 9728, 0
Python, n-body, 25, 3204.218505859375000000, 3119.828979492187500000,  ,  , 236997, 56.2, 9856, 0
Python, n-body, 25, 3189.663330078125000000, 3104.536315917968750000,  ,  , 237500, 56.2, 9856, 0
Python, n-body, 25, 3211.487182617187500000, 3126.482849121093750000,  ,  , 239473, 55.5, 9856, 0
Python, n-body, 25, 3550.285522460937500000, 3455.437744140625000000,  ,  , 266378, 55.8, 9856, 0
Python, regex-redux, 25, 119.225402832031250000, 116.428649902343750000,  ,  , 7339, 55.5, 460640, 0
Python, regex-redux, 25, 119.035583496093750000, 116.234863281250000000,  ,  , 7360, 56.0, 460664, 0
Python, regex-redux, 25, 118.652587890625000000, 115.855651855468750000,  ,  , 7333, 56.0, 460644, 0
Python, regex-redux, 25, 118.930664062500000000, 116.140197753906250000,  ,  , 7332, 56.2, 460664, 0
Python, regex-redux, 25, 120.048461914062500000, 117.238769531250000000,  ,  , 7373, 56.2, 460664, 0
Python, regex-redux, 25, 119.427490234375000000, 116.637268066406250000,  ,  , 7355, 56.5, 460648, 0
Python, regex-redux, 25, 120.016357421875000000, 117.201904296875000000,  ,  , 7381, 56.0, 460652, 0
Python, regex-redux, 25, 120.015808105468750000, 117.209899902343750000,  ,  , 7352, 56.2, 460660, 0
Python, regex-redux, 25, 119.422851562500000000, 116.622619628906250000,  ,  , 7334, 56.5, 460664, 0
Python, regex-redux, 25, 119.686889648437500000, 116.887451171875000000,  ,  , 7364, 56.2, 460652, 0
Python, regex-redux, 25, 119.839843750000000000, 117.033630371093750000,  ,  , 7356, 56.2, 460652, 0
Python, regex-redux, 25, 120.288391113281250000, 117.480224609375000000,  ,  , 7362, 56.8, 460652, 0
Python, regex-redux, 25, 119.648742675781250000, 116.844238281250000000,  ,  , 7337, 57.0, 460624, 0
Python, regex-redux, 25, 120.302673339843750000, 117.487792968750000000,  ,  , 7366, 56.8, 460772, 0
Python, regex-redux, 25, 119.859436035156250000, 117.062500000000000000,  ,  , 7341, 56.5, 460628, 0
Python, regex-redux, 25, 119.954772949218750000, 117.141357421875000000,  ,  , 7381, 56.0, 460648, 0
Python, regex-redux, 25, 119.920776367187500000, 117.112121582031250000,  ,  , 7353, 56.5, 460544, 0
Python, regex-redux, 25, 120.688598632812500000, 117.884643554687500000,  ,  , 7374, 56.5, 460648, 0
Python, regex-redux, 25, 120.319702148437500000, 117.501892089843750000,  ,  , 7376, 57.2, 460772, 0
Python, regex-redux, 25, 120.804809570312500000, 118.010131835937500000,  ,  , 7346, 57.0, 460644, 0
Python, reverse-complement, 25, 23.475036621093750000, 22.875366210937500000,  ,  , 1439, 57.5, 628308, 0
Python, reverse-complement, 25, 23.584106445312500000, 22.980895996093750000,  ,  , 1444, 56.8, 628420, 0
Python, reverse-complement, 25, 23.429626464843750000, 22.826416015625000000,  ,  , 1438, 56.8, 628192, 0
Python, reverse-complement, 25, 23.441101074218750000, 22.846984863281250000,  ,  , 1443, 56.5, 628192, 0
Python, reverse-complement, 25, 23.549621582031250000, 22.948120117187500000,  ,  , 1440, 56.8, 628296, 0
Python, reverse-complement, 25, 23.633422851562500000, 23.034179687500000000,  ,  , 1455, 56.5, 628296, 0
Python, reverse-complement, 25, 23.577331542968750000, 22.984436035156250000,  ,  , 1437, 56.5, 628308, 0
Python, reverse-complement, 25, 23.564880371093750000, 22.965148925781250000,  ,  , 1439, 56.8, 628424, 0
Python, reverse-complement, 25, 23.470092773437500000, 22.877014160156250000,  ,  , 1436, 56.5, 628300, 0
Python, reverse-complement, 25, 23.497680664062500000, 22.904357910156250000,  ,  , 1440, 56.5, 628300, 0
Python, reverse-complement, 25, 23.589843750000000000, 22.994506835937500000,  ,  , 1440, 56.0, 628424, 0
Python, reverse-complement, 25, 23.566284179687500000, 22.958923339843750000,  ,  , 1447, 56.2, 628424, 0
Python, reverse-complement, 25, 23.516235351562500000, 22.918334960937500000,  ,  , 1446, 56.8, 628296, 0
Python, reverse-complement, 25, 23.444885253906250000, 22.850036621093750000,  ,  , 1437, 56.8, 628192, 0
Python, reverse-complement, 25, 23.509399414062500000, 22.916015625000000000,  ,  , 1430, 56.5, 628424, 0
Python, reverse-complement, 25, 23.490173339843750000, 22.887329101562500000,  ,  , 1444, 56.5, 628296, 0
Python, reverse-complement, 25, 23.634216308593750000, 23.031311035156250000,  ,  , 1442, 55.8, 628192, 0
Python, reverse-complement, 25, 23.539184570312500000, 22.946533203125000000,  ,  , 1440, 55.8, 628424, 0
Python, reverse-complement, 25, 23.422790527343750000, 22.828369140625000000,  ,  , 1441, 56.0, 628300, 0
Python, reverse-complement, 25, 23.378295898437500000, 22.787292480468750000,  ,  , 1438, 56.5, 628428, 0
Python, spectral-norm, 25, 2217.494079589843750000, 2184.932434082031250000,  ,  , 90618, 64.5, 15872, 0
Python, spectral-norm, 25, 2211.382507324218750000, 2178.834777832031250000,  ,  , 90557, 65.0, 15744, 0
Python, spectral-norm, 25, 2191.232116699218750000, 2159.009094238281250000,  ,  , 89658, 64.0, 15744, 0
Python, spectral-norm, 25, 2218.951782226562500000, 2186.260864257812500000,  ,  , 90940, 65.0, 15872, 0
Python, spectral-norm, 25, 2196.977722167968750000, 2164.606872558593750000,  ,  , 90068, 65.0, 15744, 0
Python, spectral-norm, 25, 2218.962585449218750000, 2186.248718261718750000,  ,  , 91037, 65.0, 15744, 0
Python, spectral-norm, 25, 2217.239746093750000000, 2184.566284179687500000,  ,  , 90871, 64.5, 15616, 0
Python, spectral-norm, 25, 2209.819091796875000000, 2177.176940917968750000,  ,  , 90788, 64.5, 15872, 0
Python, spectral-norm, 25, 2198.172546386718750000, 2165.778686523437500000,  ,  , 90139, 64.5, 15744, 0
Python, spectral-norm, 25, 2199.554931640625000000, 2167.086975097656250000,  ,  , 90266, 64.8, 15744, 0
Python, spectral-norm, 25, 2215.048095703125000000, 2182.451843261718750000,  ,  , 90696, 64.8, 15744, 0
Python, spectral-norm, 25, 2220.373779296875000000, 2187.617065429687500000,  ,  , 91117, 63.5, 16000, 0
Python, spectral-norm, 25, 2202.357421875000000000, 2169.860107421875000000,  ,  , 90390, 64.0, 15872, 0
Python, spectral-norm, 25, 2192.425659179687500000, 2160.114074707031250000,  ,  , 89852, 64.8, 16000, 0
Python, spectral-norm, 25, 2222.075988769531250000, 2189.259582519531250000,  ,  , 91239, 64.2, 15872, 0
Python, spectral-norm, 25, 2219.161560058593750000, 2186.464294433593750000,  ,  , 90936, 65.0, 15744, 0
Python, spectral-norm, 25, 2218.849182128906250000, 2186.158264160156250000,  ,  , 90915, 64.8, 15872, 0
Python, spectral-norm, 25, 2210.289916992187500000, 2177.778991699218750000,  ,  , 90410, 64.8, 15616, 0
Python, spectral-norm, 25, 2216.760803222656250000, 2184.119018554687500000,  ,  , 90824, 65.0, 15872, 0
Python, spectral-norm, 25, 2223.625366210937500000, 2190.794677734375000000,  ,  , 91382, 64.8, 15744, 0
