Language, Program, PowerLimit, PSys, Package, Core, GPU, DRAM, Time(ms), User Time, System Time, Temperature, Memory, Perf
C, binary-trees, -1,  78.67, 33.70, 32.65, 0.00, 1.90, 2599, 2389, 200, 53.0, , 1
C, binary-trees, -1,  78.83, 33.68, 32.62, 0.00, 1.91, 2607, 2407, 187, 56.0, , 1
C, binary-trees, -1,  79.07, 33.70, 32.62, 0.00, 1.90, 2611, 2406, 193, 57.0, , 1
C, binary-trees, -1,  79.19, 33.68, 32.61, 0.00, 1.91, 2610, 2402, 195, 54.0, , 1
C, binary-trees, -1,  79.21, 33.62, 32.55, 0.00, 1.90, 2612, 2416, 183, 57.0, , 1
C, binary-trees, -1,  79.42, 33.52, 32.45, 0.00, 1.91, 2619, 2426, 181, 56.0, , 1
C, binary-trees, -1,  79.18, 33.58, 32.51, 0.00, 1.91, 2623, 2424, 186, 56.0, , 1
C, binary-trees, -1,  79.43, 33.58, 32.50, 0.00, 1.91, 2614, 2402, 197, 56.0, , 1
C, binary-trees, -1,  81.20, 34.31, 33.22, 0.00, 1.95, 2669, 2474, 181, 57.0, , 1
C, binary-trees, -1,  79.44, 33.68, 32.60, 0.00, 1.91, 2612, 2410, 189, 55.0, , 1
C, binary-trees, -1,  79.77, 33.62, 32.55, 0.00, 1.91, 2615, 2388, 211, 56.0, , 1
C, binary-trees, -1,  79.92, 33.63, 32.56, 0.00, 1.91, 2618, 2400, 203, 56.0, , 1
C, binary-trees, -1,  79.25, 33.41, 32.33, 0.00, 1.91, 2613, 2400, 198, 57.0, , 1
C, binary-trees, -1,  79.80, 33.32, 32.25, 0.00, 1.92, 2617, 2425, 176, 58.0, , 1
C, binary-trees, -1,  79.18, 33.41, 32.34, 0.00, 1.90, 2605, 2390, 201, 57.0, , 1
C, binary-trees, -1,  80.33, 33.59, 32.51, 0.00, 1.92, 2624, 2407, 199, 56.0, , 1
C, binary-trees, -1,  79.88, 33.40, 32.33, 0.00, 1.91, 2611, 2406, 192, 57.0, , 1
C, binary-trees, -1,  79.55, 33.36, 32.29, 0.00, 1.91, 2604, 2392, 199, 57.0, , 1
C, binary-trees, -1,  79.97, 33.56, 32.49, 0.00, 1.91, 2610, 2412, 185, 57.0, , 1
C, binary-trees, -1,  79.86, 33.53, 32.46, 0.00, 1.92, 2612, 2420, 178, 56.0, , 1
C, fannkuch-redux, -1,  204.01, 81.23, 78.58, 0.00, 3.78, 7416, 7401, 5, 58.0, , 1
C, fannkuch-redux, -1,  204.15, 81.09, 78.46, 0.00, 3.78, 7414, 7406, 0, 56.0, , 1
C, fannkuch-redux, -1,  204.72, 81.25, 78.62, 0.00, 3.78, 7413, 7405, 1, 58.0, , 1
C, fannkuch-redux, -1,  204.64, 81.19, 78.56, 0.00, 3.79, 7414, 7406, 0, 58.0, , 1
C, fannkuch-redux, -1,  204.99, 80.33, 77.69, 0.00, 3.78, 7414, 7405, 1, 57.0, , 1
C, fannkuch-redux, -1,  205.51, 80.64, 78.01, 0.00, 3.78, 7414, 7405, 1, 57.0, , 1
C, fannkuch-redux, -1,  206.15, 81.03, 78.38, 0.00, 3.79, 7421, 7407, 0, 58.0, , 1
C, fannkuch-redux, -1,  205.12, 81.54, 78.91, 0.00, 3.78, 7414, 7406, 0, 58.0, , 1
C, fannkuch-redux, -1,  204.74, 81.27, 78.63, 0.00, 3.78, 7412, 7406, 0, 58.0, , 1
C, fannkuch-redux, -1,  204.87, 80.98, 78.35, 0.00, 3.78, 7411, 7405, 1, 58.0, , 1
C, fannkuch-redux, -1,  204.53, 81.84, 79.21, 0.00, 3.78, 7411, 7405, 0, 57.0, , 1
C, fannkuch-redux, -1,  204.92, 82.10, 79.46, 0.00, 3.78, 7413, 7407, 0, 58.0, , 1
C, fannkuch-redux, -1,  205.25, 81.88, 79.24, 0.00, 3.78, 7412, 7406, 0, 59.0, , 1
C, fannkuch-redux, -1,  206.75, 82.38, 79.74, 0.00, 3.80, 7441, 7407, 0, 59.0, , 1
C, fannkuch-redux, -1,  206.14, 81.86, 79.23, 0.00, 3.79, 7414, 7405, 1, 58.0, , 1
C, fannkuch-redux, -1,  206.16, 82.19, 79.55, 0.00, 3.79, 7418, 7407, 0, 57.0, , 1
C, fannkuch-redux, -1,  206.02, 82.12, 79.48, 0.00, 3.79, 7420, 7405, 1, 58.0, , 1
C, fannkuch-redux, -1,  206.17, 81.96, 79.33, 0.00, 3.79, 7414, 7405, 1, 58.0, , 1
C, fannkuch-redux, -1,  206.25, 81.92, 79.29, 0.00, 3.78, 7413, 7406, 0, 58.0, , 1
C, fannkuch-redux, -1,  207.88, 82.52, 79.86, 0.00, 3.82, 7461, 7406, 1, 59.0, , 1
C, fasta, -1,  18.84, 6.39, 6.15, 0.00, 0.34, 661, 649, 11, 59.0, , 1
C, fasta, -1,  18.82, 6.38, 6.15, 0.00, 0.34, 661, 650, 10, 58.0, , 1
C, fasta, -1,  21.39, 7.46, 7.20, 0.00, 0.38, 741, 649, 12, 58.0, , 1
C, fasta, -1,  18.87, 6.47, 6.24, 0.00, 0.34, 661, 649, 11, 59.0, , 1
C, fasta, -1,  18.87, 6.53, 6.30, 0.00, 0.34, 661, 648, 12, 59.0, , 1
C, fasta, -1,  18.85, 6.48, 6.24, 0.00, 0.34, 662, 651, 9, 58.0, , 1
C, fasta, -1,  18.85, 6.53, 6.30, 0.00, 0.34, 661, 651, 10, 58.0, , 1
C, fasta, -1,  18.86, 6.43, 6.19, 0.00, 0.34, 661, 650, 10, 58.0, , 1
C, fasta, -1,  18.80, 6.40, 6.16, 0.00, 0.34, 662, 643, 17, 58.0, , 1
C, fasta, -1,  18.74, 6.36, 6.12, 0.00, 0.34, 662, 641, 19, 57.0, , 1
C, fasta, -1,  18.85, 6.48, 6.25, 0.00, 0.34, 661, 650, 10, 57.0, , 1
C, fasta, -1,  18.78, 6.35, 6.10, 0.00, 0.34, 662, 650, 10, 57.0, , 1
C, fasta, -1,  18.83, 6.46, 6.22, 0.00, 0.34, 661, 646, 14, 57.0, , 1
C, fasta, -1,  18.92, 6.54, 6.31, 0.00, 0.34, 661, 648, 12, 58.0, , 1
C, fasta, -1,  18.85, 6.38, 6.14, 0.00, 0.34, 662, 649, 11, 58.0, , 1
C, fasta, -1,  18.89, 6.47, 6.24, 0.00, 0.34, 661, 641, 19, 57.0, , 1
C, fasta, -1,  18.97, 6.42, 6.18, 0.00, 0.34, 661, 647, 13, 57.0, , 1
C, fasta, -1,  18.86, 6.44, 6.21, 0.00, 0.34, 661, 646, 14, 59.0, , 1
C, fasta, -1,  18.90, 6.48, 6.24, 0.00, 0.34, 662, 647, 13, 59.0, , 1
C, fasta, -1,  18.81, 6.45, 6.21, 0.00, 0.34, 661, 646, 14, 58.0, , 1
C, k-nucleotide, -1,  226.74, 97.62, 94.97, 0.00, 4.11, 7438, 7341, 86, 60.0, , 1
C, k-nucleotide, -1,  226.85, 97.86, 95.20, 0.00, 4.12, 7456, 7331, 113, 62.0, , 1
C, k-nucleotide, -1,  226.04, 98.26, 95.61, 0.00, 4.11, 7433, 7347, 77, 61.0, , 1
C, k-nucleotide, -1,  226.83, 97.81, 95.16, 0.00, 4.11, 7439, 7343, 86, 61.0, , 1
C, k-nucleotide, -1,  226.71, 97.85, 95.19, 0.00, 4.11, 7438, 7338, 90, 62.0, , 1
C, k-nucleotide, -1,  226.83, 98.14, 95.49, 0.00, 4.10, 7435, 7334, 93, 62.0, , 1
C, k-nucleotide, -1,  227.29, 98.11, 95.44, 0.00, 4.10, 7434, 7335, 90, 62.0, , 1
C, k-nucleotide, -1,  227.88, 97.98, 95.33, 0.00, 4.11, 7436, 7349, 79, 60.0, , 1
C, k-nucleotide, -1,  227.78, 98.08, 95.42, 0.00, 4.12, 7450, 7343, 88, 62.0, , 1
C, k-nucleotide, -1,  226.32, 98.16, 95.50, 0.00, 4.11, 7436, 7349, 79, 61.0, , 1
C, k-nucleotide, -1,  228.18, 98.20, 95.52, 0.00, 4.13, 7476, 7356, 112, 63.0, , 1
C, k-nucleotide, -1,  226.87, 98.29, 95.64, 0.00, 4.11, 7433, 7331, 96, 63.0, , 1
C, k-nucleotide, -1,  227.03, 98.37, 95.73, 0.00, 4.10, 7432, 7334, 93, 61.0, , 1
C, k-nucleotide, -1,  227.65, 98.50, 95.83, 0.00, 4.10, 7436, 7326, 101, 63.0, , 1
C, k-nucleotide, -1,  228.12, 98.90, 96.24, 0.00, 4.10, 7433, 7317, 107, 63.0, , 1
C, k-nucleotide, -1,  228.51, 98.96, 96.30, 0.00, 4.11, 7435, 7332, 95, 62.0, , 1
C, k-nucleotide, -1,  228.17, 98.98, 96.33, 0.00, 4.11, 7440, 7334, 97, 63.0, , 1
C, k-nucleotide, -1,  228.43, 99.26, 96.61, 0.00, 4.11, 7440, 7341, 90, 64.0, , 1
C, k-nucleotide, -1,  227.98, 98.87, 96.22, 0.00, 4.11, 7439, 7306, 123, 63.0, , 1
C, k-nucleotide, -1,  229.85, 98.51, 95.85, 0.00, 4.11, 7434, 7335, 90, 63.0, , 1
C, mandelbrot, -1,  103.19, 38.36, 37.09, 0.00, 1.83, 3570, 3554, 12, 61.0, , 1
C, mandelbrot, -1,  103.54, 38.46, 37.19, 0.00, 1.83, 3572, 3556, 11, 61.0, , 1
C, mandelbrot, -1,  104.15, 38.31, 37.03, 0.00, 1.83, 3572, 3556, 10, 62.0, , 1
C, mandelbrot, -1,  103.51, 38.89, 37.60, 0.00, 1.83, 3572, 3555, 12, 62.0, , 1
C, mandelbrot, -1,  103.90, 38.71, 37.44, 0.00, 1.83, 3572, 3558, 10, 61.0, , 1
C, mandelbrot, -1,  103.90, 38.74, 37.47, 0.00, 1.83, 3573, 3550, 16, 61.0, , 1
C, mandelbrot, -1,  103.51, 38.66, 37.38, 0.00, 1.83, 3572, 3559, 7, 62.0, , 1
C, mandelbrot, -1,  103.57, 38.73, 37.45, 0.00, 1.83, 3571, 3559, 8, 61.0, , 1
C, mandelbrot, -1,  103.63, 38.77, 37.49, 0.00, 1.84, 3577, 3556, 12, 62.0, , 1
C, mandelbrot, -1,  103.36, 38.79, 37.52, 0.00, 1.83, 3572, 3564, 4, 61.0, , 1
C, mandelbrot, -1,  102.96, 38.82, 37.54, 0.00, 1.83, 3573, 3559, 9, 61.0, , 1
C, mandelbrot, -1,  103.20, 38.54, 37.27, 0.00, 1.83, 3573, 3550, 19, 61.0, , 1
C, mandelbrot, -1,  103.13, 38.56, 37.28, 0.00, 1.83, 3571, 3552, 14, 62.0, , 1
C, mandelbrot, -1,  103.30, 38.89, 37.61, 0.00, 1.83, 3570, 3556, 10, 60.0, , 1
C, mandelbrot, -1,  103.00, 38.81, 37.54, 0.00, 1.83, 3571, 3555, 12, 60.0, , 1
C, mandelbrot, -1,  103.15, 38.91, 37.63, 0.00, 1.83, 3571, 3554, 13, 62.0, , 1
C, mandelbrot, -1,  103.42, 38.59, 37.31, 0.00, 1.83, 3572, 3553, 14, 61.0, , 1
C, mandelbrot, -1,  103.29, 38.79, 37.52, 0.00, 1.83, 3572, 3557, 10, 62.0, , 1
C, mandelbrot, -1,  103.76, 38.76, 37.48, 0.00, 1.83, 3571, 3552, 15, 61.0, , 1
C, mandelbrot, -1,  103.98, 38.62, 37.34, 0.00, 1.83, 3571, 3553, 13, 63.0, , 1
C, n-body, -1,  52.78, 19.63, 19.01, 0.00, 0.88, 1720, 1718, 0, 61.0, , 1
C, n-body, -1,  52.87, 19.64, 19.02, 0.00, 0.88, 1720, 1717, 1, 61.0, , 1
C, n-body, -1,  52.71, 19.70, 19.08, 0.00, 0.88, 1720, 1719, 0, 61.0, , 1
C, n-body, -1,  53.15, 19.90, 19.28, 0.00, 0.89, 1731, 1717, 1, 63.0, , 1
C, n-body, -1,  52.60, 19.56, 18.94, 0.00, 0.88, 1721, 1720, 0, 63.0, , 1
C, n-body, -1,  52.67, 19.51, 18.89, 0.00, 0.88, 1720, 1718, 0, 63.0, , 1
C, n-body, -1,  52.41, 19.53, 18.91, 0.00, 0.88, 1720, 1719, 0, 62.0, , 1
C, n-body, -1,  52.47, 19.66, 19.03, 0.00, 0.88, 1721, 1718, 0, 62.0, , 1
C, n-body, -1,  52.45, 19.76, 19.15, 0.00, 0.88, 1720, 1718, 0, 61.0, , 1
C, n-body, -1,  52.56, 19.92, 19.31, 0.00, 0.88, 1723, 1719, 0, 61.0, , 1
C, n-body, -1,  52.80, 19.96, 19.34, 0.00, 0.88, 1725, 1717, 1, 62.0, , 1
C, n-body, -1,  52.39, 19.79, 19.17, 0.00, 0.88, 1720, 1718, 0, 62.0, , 1
C, n-body, -1,  52.45, 19.73, 19.11, 0.00, 0.88, 1720, 1717, 1, 62.0, , 1
C, n-body, -1,  52.38, 19.76, 19.14, 0.00, 0.88, 1720, 1719, 0, 58.0, , 1
C, n-body, -1,  52.43, 19.76, 19.15, 0.00, 0.88, 1720, 1718, 0, 61.0, , 1
C, n-body, -1,  52.50, 19.62, 19.00, 0.00, 0.88, 1721, 1718, 0, 61.0, , 1
C, n-body, -1,  52.51, 19.62, 19.00, 0.00, 0.88, 1720, 1718, 0, 62.0, , 1
C, n-body, -1,  56.22, 21.09, 20.43, 0.00, 0.94, 1838, 1718, 0, 63.0, , 1
C, n-body, -1,  52.66, 19.70, 19.08, 0.00, 0.88, 1721, 1718, 0, 62.0, , 1
C, n-body, -1,  52.49, 19.82, 19.20, 0.00, 0.88, 1721, 1718, 0, 63.0, , 1
C, regex-redux, -1,  51.38, 20.39, 19.76, 0.00, 1.12, 1677, 1604, 70, 64.0, , 1
C, regex-redux, -1,  50.90, 20.47, 19.85, 0.00, 1.12, 1677, 1598, 77, 64.0, , 1
C, regex-redux, -1,  51.03, 20.44, 19.81, 0.00, 1.12, 1677, 1600, 75, 63.0, , 1
C, regex-redux, -1,  50.79, 20.31, 19.69, 0.00, 1.12, 1676, 1604, 70, 62.0, , 1
C, regex-redux, -1,  51.46, 20.51, 19.88, 0.00, 1.12, 1677, 1599, 75, 63.0, , 1
C, regex-redux, -1,  51.01, 20.54, 19.93, 0.00, 1.12, 1677, 1602, 73, 61.0, , 1
C, regex-redux, -1,  51.46, 20.39, 19.78, 0.00, 1.12, 1677, 1608, 66, 63.0, , 1
C, regex-redux, -1,  51.31, 20.38, 19.76, 0.00, 1.12, 1677, 1596, 78, 62.0, , 1
C, regex-redux, -1,  51.31, 20.33, 19.71, 0.00, 1.12, 1676, 1600, 75, 63.0, , 1
C, regex-redux, -1,  51.52, 20.28, 19.66, 0.00, 1.12, 1676, 1599, 76, 62.0, , 1
C, regex-redux, -1,  51.47, 20.53, 19.91, 0.00, 1.12, 1679, 1612, 64, 62.0, , 1
C, regex-redux, -1,  51.65, 20.33, 19.70, 0.00, 1.12, 1676, 1594, 80, 64.0, , 1
C, regex-redux, -1,  51.10, 20.33, 19.70, 0.00, 1.12, 1677, 1605, 69, 63.0, , 1
C, regex-redux, -1,  50.92, 20.32, 19.69, 0.00, 1.12, 1678, 1599, 76, 61.0, , 1
C, regex-redux, -1,  51.64, 20.41, 19.78, 0.00, 1.12, 1676, 1599, 75, 64.0, , 1
C, regex-redux, -1,  50.79, 20.35, 19.71, 0.00, 1.12, 1677, 1606, 68, 63.0, , 1
C, regex-redux, -1,  51.37, 20.32, 19.69, 0.00, 1.12, 1678, 1599, 77, 63.0, , 1
C, regex-redux, -1,  51.18, 20.57, 19.93, 0.00, 1.12, 1678, 1599, 76, 63.0, , 1
C, regex-redux, -1,  50.81, 20.47, 19.84, 0.00, 1.12, 1678, 1600, 75, 63.0, , 1
C, regex-redux, -1,  50.86, 20.36, 19.75, 0.00, 1.12, 1678, 1599, 76, 64.0, , 1
C, reverse-complement, -1,  3.82, 1.44, 1.37, 0.00, 0.16, 113, 40, 73, 51.0, , 1
C, reverse-complement, -1,  3.79, 1.45, 1.37, 0.00, 0.16, 113, 35, 77, 51.0, , 1
C, reverse-complement, -1,  3.72, 1.42, 1.35, 0.00, 0.16, 110, 41, 70, 51.0, , 1
C, reverse-complement, -1,  3.85, 1.42, 1.35, 0.00, 0.16, 111, 40, 70, 51.0, , 1
C, reverse-complement, -1,  3.72, 1.41, 1.35, 0.00, 0.16, 110, 38, 72, 51.0, , 1
C, reverse-complement, -1,  3.74, 1.43, 1.35, 0.00, 0.16, 110, 36, 73, 51.0, , 1
C, reverse-complement, -1,  3.76, 1.43, 1.35, 0.00, 0.16, 110, 36, 75, 63.0, , 1
C, reverse-complement, -1,  3.73, 1.41, 1.34, 0.00, 0.16, 110, 40, 71, 51.0, , 1
C, reverse-complement, -1,  3.82, 1.43, 1.35, 0.00, 0.16, 111, 41, 69, 51.0, , 1
C, reverse-complement, -1,  3.86, 1.43, 1.36, 0.00, 0.16, 112, 36, 75, 51.0, , 1
C, reverse-complement, -1,  3.71, 1.41, 1.35, 0.00, 0.16, 110, 39, 72, 51.0, , 1
C, reverse-complement, -1,  3.80, 1.43, 1.36, 0.00, 0.16, 111, 36, 74, 51.0, , 1
C, reverse-complement, -1,  3.75, 1.43, 1.35, 0.00, 0.16, 111, 40, 70, 51.0, , 1
C, reverse-complement, -1,  3.78, 1.42, 1.36, 0.00, 0.16, 111, 35, 75, 61.0, , 1
C, reverse-complement, -1,  3.74, 1.43, 1.35, 0.00, 0.16, 111, 36, 74, 61.0, , 1
C, reverse-complement, -1,  3.80, 1.41, 1.35, 0.00, 0.16, 110, 39, 72, 61.0, , 1
C, reverse-complement, -1,  3.75, 1.43, 1.36, 0.00, 0.16, 111, 35, 75, 61.0, , 1
C, reverse-complement, -1,  3.71, 1.42, 1.36, 0.00, 0.16, 110, 38, 72, 61.0, , 1
C, reverse-complement, -1,  3.72, 1.41, 1.35, 0.00, 0.16, 110, 34, 76, 61.0, , 1
C, reverse-complement, -1,  3.87, 1.43, 1.36, 0.00, 0.16, 110, 38, 73, 61.0, , 1
C, spectral-norm, -1,  34.99, 13.19, 12.78, 0.00, 0.59, 1151, 1149, 0, 62.0, , 1
C, spectral-norm, -1,  35.08, 13.14, 12.73, 0.00, 0.59, 1151, 1149, 0, 61.0, , 1
C, spectral-norm, -1,  35.15, 13.17, 12.76, 0.00, 0.59, 1151, 1149, 0, 62.0, , 1
C, spectral-norm, -1,  35.13, 13.23, 12.81, 0.00, 0.59, 1151, 1150, 0, 62.0, , 1
C, spectral-norm, -1,  35.12, 13.24, 12.83, 0.00, 0.59, 1151, 1149, 0, 61.0, , 1
C, spectral-norm, -1,  35.14, 13.18, 12.77, 0.00, 0.59, 1151, 1149, 1, 63.0, , 1
C, spectral-norm, -1,  35.11, 13.20, 12.78, 0.00, 0.59, 1151, 1149, 0, 61.0, , 1
C, spectral-norm, -1,  35.07, 13.22, 12.81, 0.00, 0.59, 1150, 1150, 0, 62.0, , 1
C, spectral-norm, -1,  35.28, 13.25, 12.83, 0.00, 0.59, 1151, 1149, 0, 62.0, , 1
C, spectral-norm, -1,  35.35, 13.28, 12.86, 0.00, 0.59, 1151, 1149, 0, 62.0, , 1
C, spectral-norm, -1,  35.46, 13.28, 12.86, 0.00, 0.59, 1151, 1149, 0, 62.0, , 1
C, spectral-norm, -1,  35.22, 13.25, 12.85, 0.00, 0.59, 1150, 1149, 0, 61.0, , 1
C, spectral-norm, -1,  35.24, 13.28, 12.88, 0.00, 0.59, 1151, 1149, 0, 61.0, , 1
C, spectral-norm, -1,  35.34, 13.24, 12.83, 0.00, 0.59, 1151, 1148, 1, 61.0, , 1
C, spectral-norm, -1,  35.22, 13.18, 12.77, 0.00, 0.59, 1150, 1147, 2, 61.0, , 1
C, spectral-norm, -1,  35.22, 13.18, 12.76, 0.00, 0.59, 1151, 1148, 1, 61.0, , 1
C, spectral-norm, -1,  35.24, 13.16, 12.74, 0.00, 0.59, 1151, 1147, 2, 62.0, , 1
C, spectral-norm, -1,  35.33, 13.13, 12.71, 0.00, 0.59, 1151, 1149, 0, 62.0, , 1
C, spectral-norm, -1,  35.37, 13.19, 12.78, 0.00, 0.59, 1151, 1149, 0, 63.0, , 1
C, spectral-norm, -1,  35.19, 13.09, 12.67, 0.00, 0.59, 1151, 1149, 0, 62.0, , 1
C++, binary-trees, -1,  75.08, 31.73, 30.73, 0.00, 1.80, 2449, 2360, 77, 62.0, , 1
C++, binary-trees, -1,  74.67, 31.61, 30.61, 0.00, 1.79, 2430, 2344, 83, 62.0, , 1
C++, binary-trees, -1,  74.60, 31.61, 30.61, 0.00, 1.79, 2428, 2347, 78, 63.0, , 1
C++, binary-trees, -1,  75.11, 31.71, 30.70, 0.00, 1.79, 2445, 2360, 80, 64.0, , 1
C++, binary-trees, -1,  74.75, 31.74, 30.74, 0.00, 1.79, 2430, 2351, 76, 62.0, , 1
C++, binary-trees, -1,  75.51, 32.09, 31.07, 0.00, 1.80, 2451, 2377, 70, 62.0, , 1
C++, binary-trees, -1,  74.97, 31.92, 30.91, 0.00, 1.79, 2434, 2343, 88, 63.0, , 1
C++, binary-trees, -1,  74.72, 31.58, 30.56, 0.00, 1.79, 2434, 2351, 79, 63.0, , 1
C++, binary-trees, -1,  74.90, 31.97, 30.96, 0.00, 1.79, 2435, 2354, 78, 62.0, , 1
C++, binary-trees, -1,  75.03, 31.90, 30.90, 0.00, 1.79, 2432, 2364, 65, 63.0, , 1
C++, binary-trees, -1,  75.06, 31.54, 30.54, 0.00, 1.79, 2433, 2361, 68, 63.0, , 1
C++, binary-trees, -1,  74.85, 31.42, 30.41, 0.00, 1.79, 2432, 2353, 75, 63.0, , 1
C++, binary-trees, -1,  74.89, 31.57, 30.57, 0.00, 1.79, 2436, 2353, 80, 64.0, , 1
C++, binary-trees, -1,  75.09, 32.01, 30.99, 0.00, 1.79, 2438, 2361, 73, 63.0, , 1
C++, binary-trees, -1,  75.18, 31.71, 30.70, 0.00, 1.79, 2430, 2352, 75, 62.0, , 1
C++, binary-trees, -1,  75.39, 31.58, 30.58, 0.00, 1.79, 2436, 2362, 70, 62.0, , 1
C++, binary-trees, -1,  75.31, 31.74, 30.72, 0.00, 1.79, 2435, 2352, 78, 64.0, , 1
C++, binary-trees, -1,  75.19, 31.46, 30.44, 0.00, 1.79, 2436, 2350, 81, 63.0, , 1
C++, binary-trees, -1,  75.25, 31.72, 30.70, 0.00, 1.79, 2436, 2349, 82, 63.0, , 1
C++, binary-trees, -1,  74.88, 31.85, 30.84, 0.00, 1.79, 2439, 2362, 73, 63.0, , 1
C++, fannkuch-redux, -1,  360.79, 138.31, 133.59, 0.00, 6.77, 13260, 13242, 0, 61.0, , 1
C++, fannkuch-redux, -1,  359.80, 138.56, 133.83, 0.00, 6.76, 13247, 13233, 3, 61.0, , 1
C++, fannkuch-redux, -1,  360.94, 138.01, 133.29, 0.00, 6.76, 13246, 13238, 0, 61.0, , 1
C++, fannkuch-redux, -1,  360.43, 138.12, 133.40, 0.00, 6.76, 13250, 13236, 0, 61.0, , 1
C++, fannkuch-redux, -1,  360.50, 138.25, 133.53, 0.00, 6.76, 13252, 13243, 0, 62.0, , 1
C++, fannkuch-redux, -1,  360.41, 137.94, 133.22, 0.00, 6.76, 13250, 13240, 0, 62.0, , 1
C++, fannkuch-redux, -1,  361.79, 138.58, 133.86, 0.00, 6.76, 13253, 13240, 0, 63.0, , 1
C++, fannkuch-redux, -1,  363.30, 138.87, 134.14, 0.00, 6.77, 13266, 13242, 1, 63.0, , 1
C++, fannkuch-redux, -1,  362.67, 137.91, 133.19, 0.00, 6.76, 13250, 13239, 0, 63.0, , 1
C++, fannkuch-redux, -1,  364.70, 137.99, 133.25, 0.00, 6.78, 13274, 13241, 1, 62.0, , 1
C++, fannkuch-redux, -1,  361.96, 138.70, 133.98, 0.00, 6.76, 13255, 13240, 3, 61.0, , 1
C++, fannkuch-redux, -1,  363.66, 139.32, 134.59, 0.00, 6.76, 13255, 13242, 1, 62.0, , 1
C++, fannkuch-redux, -1,  361.75, 138.62, 133.90, 0.00, 6.76, 13254, 13243, 0, 61.0, , 1
C++, fannkuch-redux, -1,  361.97, 138.49, 133.77, 0.00, 6.76, 13257, 13243, 1, 61.0, , 1
C++, fannkuch-redux, -1,  362.44, 138.86, 134.14, 0.00, 6.77, 13259, 13243, 0, 61.0, , 1
C++, fannkuch-redux, -1,  362.98, 139.34, 134.61, 0.00, 6.76, 13255, 13242, 1, 61.0, , 1
C++, fannkuch-redux, -1,  362.55, 138.98, 134.25, 0.00, 6.76, 13255, 13243, 0, 61.0, , 1
C++, fannkuch-redux, -1,  361.71, 138.74, 134.02, 0.00, 6.76, 13248, 13234, 1, 59.0, , 1
C++, fannkuch-redux, -1,  362.04, 139.02, 134.29, 0.00, 6.77, 13259, 13237, 0, 62.0, , 1
C++, fannkuch-redux, -1,  362.42, 138.66, 133.93, 0.00, 6.76, 13255, 13241, 1, 63.0, , 1
C++, fasta, -1,  28.86, 9.77, 9.41, 0.00, 0.51, 986, 978, 6, 62.0, , 1
C++, fasta, -1,  28.89, 9.82, 9.47, 0.00, 0.51, 986, 983, 2, 61.0, , 1
C++, fasta, -1,  28.78, 9.85, 9.51, 0.00, 0.51, 986, 980, 5, 61.0, , 1
C++, fasta, -1,  28.63, 9.77, 9.43, 0.00, 0.51, 986, 980, 4, 61.0, , 1
C++, fasta, -1,  28.75, 9.78, 9.43, 0.00, 0.51, 986, 980, 4, 62.0, , 1
C++, fasta, -1,  28.81, 9.84, 9.48, 0.00, 0.51, 986, 983, 1, 62.0, , 1
C++, fasta, -1,  28.83, 9.90, 9.53, 0.00, 0.51, 986, 977, 7, 62.0, , 1
C++, fasta, -1,  28.73, 9.87, 9.52, 0.00, 0.51, 988, 983, 3, 61.0, , 1
C++, fasta, -1,  28.86, 9.92, 9.57, 0.00, 0.51, 988, 978, 8, 62.0, , 1
C++, fasta, -1,  28.90, 9.90, 9.55, 0.00, 0.51, 988, 981, 4, 61.0, , 1
C++, fasta, -1,  28.85, 9.95, 9.60, 0.00, 0.51, 988, 980, 6, 61.0, , 1
C++, fasta, -1,  28.58, 9.97, 9.62, 0.00, 0.51, 987, 980, 4, 61.0, , 1
C++, fasta, -1,  28.54, 9.94, 9.59, 0.00, 0.51, 987, 980, 5, 61.0, , 1
C++, fasta, -1,  28.61, 9.91, 9.56, 0.00, 0.51, 986, 982, 3, 62.0, , 1
C++, fasta, -1,  28.68, 9.86, 9.51, 0.00, 0.51, 987, 981, 5, 61.0, , 1
C++, fasta, -1,  28.68, 9.85, 9.50, 0.00, 0.51, 987, 980, 5, 61.0, , 1
C++, fasta, -1,  28.52, 9.86, 9.50, 0.00, 0.51, 987, 975, 10, 61.0, , 1
C++, fasta, -1,  28.52, 9.89, 9.53, 0.00, 0.51, 987, 976, 9, 62.0, , 1
C++, fasta, -1,  28.70, 9.91, 9.56, 0.00, 0.51, 987, 978, 7, 61.0, , 1
C++, fasta, -1,  28.63, 9.95, 9.60, 0.00, 0.51, 986, 982, 3, 62.0, , 1
C++, k-nucleotide, -1,  110.59, 43.59, 42.10, 0.00, 2.99, 3730, 3570, 152, 62.0, , 1
C++, k-nucleotide, -1,  111.26, 43.68, 42.18, 0.00, 3.00, 3738, 3589, 142, 64.0, , 1
C++, k-nucleotide, -1,  110.47, 43.88, 42.38, 0.00, 2.99, 3734, 3595, 134, 63.0, , 1
C++, k-nucleotide, -1,  110.14, 43.90, 42.41, 0.00, 2.99, 3729, 3573, 151, 63.0, , 1
C++, k-nucleotide, -1,  110.71, 43.99, 42.49, 0.00, 3.00, 3738, 3597, 136, 63.0, , 1
C++, k-nucleotide, -1,  110.63, 43.93, 42.44, 0.00, 2.99, 3733, 3579, 148, 63.0, , 1
C++, k-nucleotide, -1,  110.99, 43.79, 42.30, 0.00, 2.99, 3734, 3571, 158, 64.0, , 1
C++, k-nucleotide, -1,  111.63, 44.28, 42.76, 0.00, 3.04, 3755, 3598, 152, 63.0, , 1
C++, k-nucleotide, -1,  111.12, 43.67, 42.17, 0.00, 3.00, 3737, 3589, 143, 64.0, , 1
C++, k-nucleotide, -1,  111.00, 44.17, 42.68, 0.00, 3.01, 3744, 3593, 145, 63.0, , 1
C++, k-nucleotide, -1,  111.40, 44.10, 42.61, 0.00, 3.02, 3753, 3574, 171, 63.0, , 1
C++, k-nucleotide, -1,  111.05, 44.11, 42.62, 0.00, 2.99, 3737, 3581, 151, 64.0, , 1
C++, k-nucleotide, -1,  110.96, 44.02, 42.52, 0.00, 3.01, 3740, 3602, 133, 64.0, , 1
C++, k-nucleotide, -1,  110.80, 44.33, 42.82, 0.00, 2.99, 3732, 3590, 137, 64.0, , 1
C++, k-nucleotide, -1,  110.67, 44.13, 42.63, 0.00, 2.98, 3729, 3573, 149, 64.0, , 1
C++, k-nucleotide, -1,  111.65, 44.01, 42.51, 0.00, 3.03, 3755, 3602, 145, 63.0, , 1
C++, k-nucleotide, -1,  111.25, 44.04, 42.54, 0.00, 3.01, 3750, 3607, 136, 64.0, , 1
C++, k-nucleotide, -1,  110.80, 43.92, 42.43, 0.00, 2.98, 3735, 3590, 139, 65.0, , 1
C++, k-nucleotide, -1,  111.06, 43.72, 42.23, 0.00, 2.97, 3731, 3556, 170, 64.0, , 1
C++, k-nucleotide, -1,  112.13, 44.15, 42.65, 0.00, 3.04, 3755, 3585, 164, 64.0, , 1
C++, mandelbrot, -1,  82.03, 29.56, 28.58, 0.00, 1.39, 2711, 2694, 14, 64.0, , 1
C++, mandelbrot, -1,  82.34, 29.99, 29.02, 0.00, 1.40, 2721, 2703, 5, 62.0, , 1
C++, mandelbrot, -1,  82.19, 30.00, 29.02, 0.00, 1.39, 2713, 2697, 11, 65.0, , 1
C++, mandelbrot, -1,  81.47, 29.92, 28.96, 0.00, 1.39, 2712, 2699, 9, 63.0, , 1
C++, mandelbrot, -1,  81.78, 29.85, 28.87, 0.00, 1.39, 2713, 2700, 10, 64.0, , 1
C++, mandelbrot, -1,  81.81, 29.96, 29.00, 0.00, 1.39, 2713, 2699, 11, 63.0, , 1
C++, mandelbrot, -1,  81.64, 29.98, 29.01, 0.00, 1.39, 2713, 2698, 12, 62.0, , 1
C++, mandelbrot, -1,  81.67, 30.01, 29.04, 0.00, 1.39, 2711, 2696, 12, 64.0, , 1
C++, mandelbrot, -1,  81.69, 29.72, 28.74, 0.00, 1.39, 2714, 2696, 14, 62.0, , 1
C++, mandelbrot, -1,  85.92, 31.27, 30.25, 0.00, 1.45, 2834, 2696, 13, 63.0, , 1
C++, mandelbrot, -1,  81.65, 29.77, 28.80, 0.00, 1.39, 2713, 2701, 7, 64.0, , 1
C++, mandelbrot, -1,  82.15, 30.00, 29.03, 0.00, 1.39, 2714, 2707, 4, 63.0, , 1
C++, mandelbrot, -1,  81.75, 30.05, 29.07, 0.00, 1.39, 2714, 2698, 12, 63.0, , 1
C++, mandelbrot, -1,  81.71, 29.95, 29.00, 0.00, 1.39, 2714, 2696, 14, 62.0, , 1
C++, mandelbrot, -1,  82.00, 29.94, 28.97, 0.00, 1.39, 2712, 2694, 14, 63.0, , 1
C++, mandelbrot, -1,  82.11, 29.96, 28.99, 0.00, 1.39, 2714, 2696, 14, 64.0, , 1
C++, mandelbrot, -1,  82.16, 29.90, 28.93, 0.00, 1.39, 2714, 2694, 16, 64.0, , 1
C++, mandelbrot, -1,  82.03, 29.90, 28.94, 0.00, 1.39, 2713, 2699, 11, 63.0, , 1
C++, mandelbrot, -1,  82.09, 29.82, 28.85, 0.00, 1.39, 2713, 2697, 13, 64.0, , 1
C++, mandelbrot, -1,  81.62, 30.01, 29.03, 0.00, 1.39, 2714, 2690, 20, 63.0, , 1
C++, n-body, -1,  53.14, 20.37, 19.77, 0.00, 0.87, 1710, 1707, 0, 63.0, , 1
C++, n-body, -1,  53.07, 20.37, 19.76, 0.00, 0.87, 1708, 1706, 0, 63.0, , 1
C++, n-body, -1,  53.35, 20.41, 19.80, 0.00, 0.87, 1709, 1707, 0, 63.0, , 1
C++, n-body, -1,  53.27, 20.35, 19.74, 0.00, 0.87, 1708, 1706, 0, 64.0, , 1
C++, n-body, -1,  53.27, 20.35, 19.74, 0.00, 0.87, 1709, 1708, 0, 62.0, , 1
C++, n-body, -1,  53.42, 20.41, 19.80, 0.00, 0.87, 1709, 1706, 0, 62.0, , 1
C++, n-body, -1,  53.33, 20.43, 19.83, 0.00, 0.87, 1710, 1706, 0, 64.0, , 1
C++, n-body, -1,  53.34, 20.35, 19.74, 0.00, 0.87, 1709, 1706, 0, 63.0, , 1
C++, n-body, -1,  53.36, 20.35, 19.73, 0.00, 0.88, 1709, 1706, 0, 64.0, , 1
C++, n-body, -1,  53.34, 20.36, 19.75, 0.00, 0.87, 1708, 1706, 0, 63.0, , 1
C++, n-body, -1,  53.41, 20.33, 19.72, 0.00, 0.87, 1708, 1706, 0, 64.0, , 1
C++, n-body, -1,  53.53, 20.26, 19.65, 0.00, 0.88, 1712, 1706, 0, 63.0, , 1
C++, n-body, -1,  53.19, 20.26, 19.66, 0.00, 0.87, 1708, 1707, 0, 62.0, , 1
C++, n-body, -1,  53.30, 20.34, 19.74, 0.00, 0.87, 1708, 1708, 0, 64.0, , 1
C++, n-body, -1,  53.26, 20.26, 19.64, 0.00, 0.88, 1709, 1708, 0, 63.0, , 1
C++, n-body, -1,  53.44, 20.32, 19.70, 0.00, 0.87, 1707, 1707, 0, 64.0, , 1
C++, n-body, -1,  53.29, 20.33, 19.71, 0.00, 0.87, 1708, 1706, 0, 63.0, , 1
C++, n-body, -1,  53.31, 20.34, 19.73, 0.00, 0.87, 1707, 1706, 0, 64.0, , 1
C++, n-body, -1,  53.37, 20.33, 19.72, 0.00, 0.87, 1708, 1707, 0, 64.0, , 1
C++, n-body, -1,  53.46, 20.36, 19.74, 0.00, 0.87, 1710, 1706, 0, 63.0, , 1
C++, regex-redux, -1,  56.58, 22.59, 21.88, 0.00, 1.25, 1847, 1701, 143, 63.0, , 1
C++, regex-redux, -1,  56.48, 22.60, 21.89, 0.00, 1.25, 1847, 1696, 148, 63.0, , 1
C++, regex-redux, -1,  56.54, 22.60, 21.89, 0.00, 1.25, 1846, 1695, 149, 63.0, , 1
C++, regex-redux, -1,  56.60, 22.60, 21.89, 0.00, 1.25, 1850, 1701, 146, 63.0, , 1
C++, regex-redux, -1,  56.60, 22.46, 21.74, 0.00, 1.25, 1845, 1704, 138, 64.0, , 1
C++, regex-redux, -1,  56.62, 22.45, 21.74, 0.00, 1.25, 1849, 1697, 150, 64.0, , 1
C++, regex-redux, -1,  56.41, 22.63, 21.93, 0.00, 1.25, 1843, 1694, 147, 63.0, , 1
C++, regex-redux, -1,  56.46, 22.52, 21.81, 0.00, 1.25, 1845, 1713, 129, 63.0, , 1
C++, regex-redux, -1,  56.84, 22.61, 21.90, 0.00, 1.25, 1850, 1699, 149, 63.0, , 1
C++, regex-redux, -1,  56.41, 22.46, 21.75, 0.00, 1.25, 1846, 1697, 146, 62.0, , 1
C++, regex-redux, -1,  56.59, 22.55, 21.83, 0.00, 1.26, 1853, 1697, 153, 62.0, , 1
C++, regex-redux, -1,  56.25, 22.45, 21.74, 0.00, 1.25, 1844, 1696, 146, 65.0, , 1
C++, regex-redux, -1,  56.72, 22.50, 21.78, 0.00, 1.26, 1852, 1700, 148, 64.0, , 1
C++, regex-redux, -1,  56.49, 22.40, 21.69, 0.00, 1.25, 1848, 1693, 152, 62.0, , 1
C++, regex-redux, -1,  56.86, 22.51, 21.80, 0.00, 1.25, 1853, 1701, 149, 63.0, , 1
C++, regex-redux, -1,  56.83, 22.57, 21.85, 0.00, 1.26, 1849, 1704, 142, 63.0, , 1
C++, regex-redux, -1,  56.90, 22.48, 21.76, 0.00, 1.25, 1845, 1702, 140, 62.0, , 1
C++, regex-redux, -1,  56.86, 22.53, 21.81, 0.00, 1.25, 1845, 1700, 142, 64.0, , 1
C++, regex-redux, -1,  56.81, 22.56, 21.85, 0.00, 1.25, 1849, 1697, 148, 64.0, , 1
C++, regex-redux, -1,  56.81, 22.53, 21.83, 0.00, 1.25, 1848, 1702, 142, 62.0, , 1
C++, reverse-complement, -1,  4.93, 1.81, 1.72, 0.00, 0.21, 149, 74, 74, 51.0, , 1
C++, reverse-complement, -1,  4.84, 1.81, 1.72, 0.00, 0.21, 148, 65, 83, 51.0, , 1
C++, reverse-complement, -1,  4.98, 1.82, 1.71, 0.00, 0.21, 147, 66, 82, 51.0, , 1
C++, reverse-complement, -1,  4.86, 1.83, 1.73, 0.00, 0.21, 148, 70, 77, 51.0, , 1
C++, reverse-complement, -1,  4.85, 1.82, 1.72, 0.00, 0.21, 148, 71, 77, 51.0, , 1
C++, reverse-complement, -1,  4.97, 1.81, 1.72, 0.00, 0.21, 148, 65, 82, 64.0, , 1
C++, reverse-complement, -1,  4.98, 1.81, 1.72, 0.00, 0.21, 148, 63, 86, 51.0, , 1
C++, reverse-complement, -1,  4.80, 1.81, 1.72, 0.00, 0.21, 148, 67, 80, 51.0, , 1
C++, reverse-complement, -1,  4.84, 1.82, 1.72, 0.00, 0.21, 148, 69, 78, 51.0, , 1
C++, reverse-complement, -1,  4.96, 1.82, 1.72, 0.00, 0.21, 148, 64, 83, 51.0, , 1
C++, reverse-complement, -1,  4.83, 1.82, 1.72, 0.00, 0.21, 148, 66, 81, 51.0, , 1
C++, reverse-complement, -1,  4.89, 1.82, 1.73, 0.00, 0.21, 148, 67, 80, 64.0, , 1
C++, reverse-complement, -1,  4.78, 1.83, 1.73, 0.00, 0.21, 148, 64, 83, 51.0, , 1
C++, reverse-complement, -1,  4.99, 1.82, 1.73, 0.00, 0.21, 149, 69, 78, 51.0, , 1
C++, reverse-complement, -1,  4.84, 1.82, 1.72, 0.00, 0.21, 147, 66, 82, 51.0, , 1
C++, reverse-complement, -1,  4.84, 1.83, 1.72, 0.00, 0.21, 148, 67, 80, 51.0, , 1
C++, reverse-complement, -1,  5.06, 1.83, 1.73, 0.00, 0.21, 148, 61, 86, 51.0, , 1
C++, reverse-complement, -1,  4.86, 1.83, 1.73, 0.00, 0.21, 148, 68, 79, 63.0, , 1
C++, reverse-complement, -1,  4.79, 1.81, 1.72, 0.00, 0.21, 148, 68, 79, 51.0, , 1
C++, reverse-complement, -1,  4.83, 1.82, 1.72, 0.00, 0.21, 148, 65, 82, 51.0, , 1
C++, spectral-norm, -1,  35.52, 13.11, 12.63, 0.00, 0.68, 1328, 1326, 0, 61.0, , 1
C++, spectral-norm, -1,  35.44, 13.06, 12.59, 0.00, 0.68, 1328, 1326, 0, 60.0, , 1
C++, spectral-norm, -1,  35.53, 13.06, 12.58, 0.00, 0.68, 1328, 1327, 0, 62.0, , 1
C++, spectral-norm, -1,  35.55, 13.04, 12.56, 0.00, 0.68, 1328, 1325, 1, 62.0, , 1
C++, spectral-norm, -1,  35.49, 13.01, 12.53, 0.00, 0.68, 1328, 1327, 0, 60.0, , 1
C++, spectral-norm, -1,  35.40, 12.99, 12.51, 0.00, 0.68, 1327, 1326, 0, 61.0, , 1
C++, spectral-norm, -1,  35.50, 12.99, 12.51, 0.00, 0.68, 1328, 1326, 0, 61.0, , 1
C++, spectral-norm, -1,  35.54, 13.02, 12.54, 0.00, 0.68, 1328, 1327, 0, 61.0, , 1
C++, spectral-norm, -1,  35.55, 13.03, 12.54, 0.00, 0.68, 1328, 1326, 0, 61.0, , 1
C++, spectral-norm, -1,  35.54, 13.02, 12.54, 0.00, 0.68, 1328, 1326, 0, 62.0, , 1
C++, spectral-norm, -1,  35.58, 12.99, 12.52, 0.00, 0.68, 1328, 1326, 0, 60.0, , 1
C++, spectral-norm, -1,  35.83, 13.01, 12.54, 0.00, 0.68, 1329, 1328, 0, 61.0, , 1
C++, spectral-norm, -1,  35.68, 13.01, 12.53, 0.00, 0.68, 1328, 1326, 0, 60.0, , 1
C++, spectral-norm, -1,  35.32, 13.00, 12.52, 0.00, 0.68, 1327, 1327, 0, 61.0, , 1
C++, spectral-norm, -1,  35.39, 12.98, 12.52, 0.00, 0.68, 1329, 1325, 1, 61.0, , 1
C++, spectral-norm, -1,  35.47, 12.99, 12.52, 0.00, 0.68, 1329, 1326, 0, 62.0, , 1
C++, spectral-norm, -1,  35.54, 13.08, 12.60, 0.00, 0.68, 1328, 1326, 0, 61.0, , 1
C++, spectral-norm, -1,  35.32, 13.08, 12.61, 0.00, 0.68, 1328, 1326, 0, 60.0, , 1
C++, spectral-norm, -1,  35.42, 13.02, 12.55, 0.00, 0.68, 1328, 1327, 0, 62.0, , 1
C++, spectral-norm, -1,  35.51, 13.04, 12.56, 0.00, 0.68, 1327, 1326, 0, 61.0, , 1
Java, binary-trees, -1,  176.66, 70.32, 66.82, 0.00, 8.04, 5115, 4969, 136, 63.0, , 1
Java, binary-trees, -1,  178.02, 70.51, 66.98, 0.00, 8.10, 5135, 4994, 130, 63.0, , 1
Java, binary-trees, -1,  177.71, 70.26, 66.74, 0.00, 8.05, 5128, 4957, 158, 63.0, , 1
Java, binary-trees, -1,  177.36, 70.46, 66.93, 0.00, 8.08, 5136, 4967, 156, 61.0, , 1
Java, binary-trees, -1,  177.61, 70.34, 66.82, 0.00, 8.08, 5133, 4959, 159, 64.0, , 1
Java, binary-trees, -1,  177.24, 70.12, 66.60, 0.00, 8.08, 5127, 4959, 156, 62.0, , 1
Java, binary-trees, -1,  177.22, 70.30, 66.78, 0.00, 8.07, 5122, 4950, 161, 63.0, , 1
Java, binary-trees, -1,  177.50, 70.81, 67.28, 0.00, 8.09, 5127, 4963, 154, 63.0, , 1
Java, binary-trees, -1,  177.20, 70.66, 67.14, 0.00, 8.08, 5127, 4970, 146, 63.0, , 1
Java, binary-trees, -1,  177.22, 70.69, 67.16, 0.00, 8.11, 5137, 4980, 145, 64.0, , 1
Java, binary-trees, -1,  177.72, 70.63, 67.10, 0.00, 8.08, 5129, 4974, 144, 63.0, , 1
Java, binary-trees, -1,  178.06, 70.74, 67.21, 0.00, 8.11, 5137, 4967, 159, 63.0, , 1
Java, binary-trees, -1,  178.26, 70.95, 67.42, 0.00, 8.09, 5134, 4970, 146, 63.0, , 1
Java, binary-trees, -1,  177.64, 71.21, 67.67, 0.00, 8.12, 5138, 4972, 150, 62.0, , 1
Java, binary-trees, -1,  176.97, 70.96, 67.44, 0.00, 8.10, 5130, 4975, 146, 63.0, , 1
Java, binary-trees, -1,  177.08, 70.77, 67.24, 0.00, 8.10, 5127, 4979, 136, 62.0, , 1
Java, binary-trees, -1,  177.52, 71.00, 67.48, 0.00, 8.10, 5129, 4972, 148, 64.0, , 1
Java, binary-trees, -1,  177.43, 70.71, 67.19, 0.00, 8.10, 5138, 4970, 156, 63.0, , 1
Java, binary-trees, -1,  177.43, 71.06, 67.54, 0.00, 8.10, 5127, 4951, 165, 64.0, , 1
Java, binary-trees, -1,  176.96, 70.71, 67.18, 0.00, 8.11, 5127, 4980, 138, 63.0, , 1
Java, fannkuch-redux, -1,  944.08, 362.70, 351.96, 0.00, 15.34, 30062, 30009, 20, 62.0, , 1
Java, fannkuch-redux, -1,  953.22, 365.33, 354.47, 0.00, 15.51, 30385, 30330, 18, 63.0, , 1
Java, fannkuch-redux, -1,  970.51, 377.05, 366.02, 0.00, 15.77, 30902, 30843, 17, 60.0, , 1
Java, fannkuch-redux, -1,  971.40, 375.18, 364.13, 0.00, 15.78, 30905, 30842, 19, 61.0, , 1
Java, fannkuch-redux, -1,  974.35, 378.08, 366.97, 0.00, 15.84, 31040, 30981, 23, 60.0, , 1
Java, fannkuch-redux, -1,  939.57, 359.19, 348.50, 0.00, 15.28, 29913, 29853, 23, 63.0, , 1
Java, fannkuch-redux, -1,  965.86, 367.94, 356.96, 0.00, 15.72, 30784, 30733, 17, 63.0, , 1
Java, fannkuch-redux, -1,  967.05, 367.01, 356.02, 0.00, 15.73, 30806, 30738, 14, 61.0, , 1
Java, fannkuch-redux, -1,  983.62, 371.82, 360.67, 0.00, 15.97, 31280, 31095, 20, 62.0, , 1
Java, fannkuch-redux, -1,  966.29, 367.67, 356.72, 0.00, 15.71, 30772, 30730, 17, 63.0, , 1
Java, fannkuch-redux, -1,  960.47, 370.27, 359.36, 0.00, 15.59, 30528, 30485, 15, 63.0, , 1
Java, fannkuch-redux, -1,  977.70, 372.20, 361.09, 0.00, 15.92, 31173, 31118, 19, 62.0, , 1
Java, fannkuch-redux, -1,  946.20, 364.03, 353.27, 0.00, 15.35, 30071, 30008, 21, 61.0, , 1
Java, fannkuch-redux, -1,  973.32, 373.34, 362.25, 0.00, 15.85, 31039, 30985, 18, 64.0, , 1
Java, fannkuch-redux, -1,  971.47, 374.99, 363.94, 0.00, 15.78, 30907, 30844, 18, 61.0, , 1
Java, fannkuch-redux, -1,  951.63, 365.30, 354.45, 0.00, 15.52, 30386, 30331, 18, 62.0, , 1
Java, fannkuch-redux, -1,  974.31, 372.61, 361.51, 0.00, 15.90, 31143, 31092, 21, 63.0, , 1
Java, fannkuch-redux, -1,  960.43, 368.24, 357.29, 0.00, 15.65, 30636, 30588, 14, 64.0, , 1
Java, fannkuch-redux, -1,  940.91, 357.63, 346.93, 0.00, 15.30, 29966, 29905, 19, 62.0, , 1
Java, fannkuch-redux, -1,  949.52, 361.98, 351.17, 0.00, 15.46, 30281, 30224, 18, 61.0, , 1
Java, fasta, -1,  79.95, 28.43, 27.45, 0.00, 1.42, 2715, 2684, 25, 63.0, , 1
Java, fasta, -1,  79.64, 28.12, 27.14, 0.00, 1.42, 2704, 2664, 35, 62.0, , 1
Java, fasta, -1,  79.70, 28.49, 27.52, 0.00, 1.42, 2710, 2674, 30, 61.0, , 1
Java, fasta, -1,  80.11, 28.26, 27.28, 0.00, 1.42, 2715, 2675, 32, 62.0, , 1
Java, fasta, -1,  80.16, 28.26, 27.29, 0.00, 1.42, 2711, 2680, 24, 61.0, , 1
Java, fasta, -1,  80.56, 28.50, 27.52, 0.00, 1.43, 2728, 2697, 26, 63.0, , 1
Java, fasta, -1,  79.99, 28.55, 27.57, 0.00, 1.42, 2711, 2675, 28, 61.0, , 1
Java, fasta, -1,  80.43, 28.58, 27.60, 0.00, 1.43, 2723, 2689, 26, 61.0, , 1
Java, fasta, -1,  80.10, 28.42, 27.44, 0.00, 1.42, 2710, 2678, 24, 61.0, , 1
Java, fasta, -1,  80.09, 28.36, 27.38, 0.00, 1.42, 2720, 2692, 22, 64.0, , 1
Java, fasta, -1,  79.76, 28.35, 27.37, 0.00, 1.42, 2708, 2679, 20, 61.0, , 1
Java, fasta, -1,  80.84, 28.33, 27.35, 0.00, 1.42, 2711, 2673, 32, 61.0, , 1
Java, fasta, -1,  79.93, 28.35, 27.38, 0.00, 1.42, 2714, 2685, 23, 62.0, , 1
Java, fasta, -1,  79.83, 28.42, 27.45, 0.00, 1.42, 2708, 2679, 25, 62.0, , 1
Java, fasta, -1,  79.90, 28.13, 27.16, 0.00, 1.42, 2712, 2678, 27, 60.0, , 1
Java, fasta, -1,  80.14, 28.17, 27.19, 0.00, 1.42, 2711, 2670, 29, 61.0, , 1
Java, fasta, -1,  79.94, 28.16, 27.18, 0.00, 1.42, 2717, 2672, 36, 62.0, , 1
Java, fasta, -1,  79.80, 28.25, 27.27, 0.00, 1.42, 2718, 2669, 36, 58.0, , 1
Java, fasta, -1,  79.74, 28.33, 27.35, 0.00, 1.42, 2713, 2676, 30, 62.0, , 1
Java, fasta, -1,  79.85, 28.20, 27.23, 0.00, 1.42, 2719, 2678, 34, 60.0, , 1
Java, k-nucleotide, -1,  319.82, 124.11, 120.30, 0.00, 7.07, 10304, 10102, 178, 62.0, , 1
Java, k-nucleotide, -1,  314.31, 121.54, 117.76, 0.00, 7.02, 10227, 10041, 173, 63.0, , 1
Java, k-nucleotide, -1,  314.29, 121.20, 117.42, 0.00, 7.05, 10263, 10059, 180, 63.0, , 1
Java, k-nucleotide, -1,  312.80, 120.85, 117.08, 0.00, 7.01, 10202, 10029, 147, 63.0, , 1
Java, k-nucleotide, -1,  319.30, 125.17, 121.34, 0.00, 7.11, 10357, 10166, 166, 63.0, , 1
Java, k-nucleotide, -1,  314.81, 122.47, 118.67, 0.00, 7.04, 10252, 10060, 165, 62.0, , 1
Java, k-nucleotide, -1,  320.03, 125.07, 121.27, 0.00, 7.07, 10280, 10078, 183, 64.0, , 1
Java, k-nucleotide, -1,  323.15, 126.43, 122.56, 0.00, 7.17, 10469, 10275, 165, 63.0, , 1
Java, k-nucleotide, -1,  312.75, 121.99, 118.22, 0.00, 7.02, 10198, 10015, 159, 64.0, , 1
Java, k-nucleotide, -1,  319.56, 125.75, 121.93, 0.00, 7.10, 10348, 10133, 198, 64.0, , 1
Java, k-nucleotide, -1,  314.43, 122.04, 118.25, 0.00, 7.05, 10274, 10078, 170, 63.0, , 1
Java, k-nucleotide, -1,  316.53, 122.59, 118.80, 0.00, 7.05, 10269, 10063, 184, 64.0, , 1
Java, k-nucleotide, -1,  318.88, 124.77, 120.95, 0.00, 7.09, 10332, 10121, 186, 63.0, , 1
Java, k-nucleotide, -1,  321.65, 126.11, 122.25, 0.00, 7.16, 10456, 10258, 174, 64.0, , 1
Java, k-nucleotide, -1,  317.81, 123.73, 119.90, 0.00, 7.10, 10358, 10038, 173, 63.0, , 1
Java, k-nucleotide, -1,  322.46, 125.68, 121.80, 0.00, 7.18, 10507, 10298, 186, 63.0, , 1
Java, k-nucleotide, -1,  314.14, 120.53, 116.76, 0.00, 7.00, 10192, 9985, 184, 63.0, , 1
Java, k-nucleotide, -1,  319.47, 123.93, 120.11, 0.00, 7.09, 10328, 10129, 184, 63.0, , 1
Java, k-nucleotide, -1,  314.61, 122.35, 118.56, 0.00, 7.03, 10238, 10033, 180, 63.0, , 1
Java, k-nucleotide, -1,  322.97, 125.02, 121.15, 0.00, 7.18, 10488, 10271, 193, 63.0, , 1
Java, mandelbrot, -1,  328.35, 123.35, 119.14, 0.00, 6.05, 11774, 11720, 29, 60.0, , 1
Java, mandelbrot, -1,  334.84, 125.30, 121.00, 0.00, 6.18, 12040, 11988, 26, 61.0, , 1
Java, mandelbrot, -1,  325.69, 124.00, 119.79, 0.00, 6.04, 11749, 11697, 25, 59.0, , 1
Java, mandelbrot, -1,  324.08, 123.92, 119.72, 0.00, 6.04, 11745, 11690, 25, 60.0, , 1
Java, mandelbrot, -1,  325.94, 124.13, 119.93, 0.00, 6.03, 11738, 11686, 28, 61.0, , 1
Java, mandelbrot, -1,  327.06, 124.23, 120.02, 0.00, 6.04, 11752, 11702, 23, 61.0, , 1
Java, mandelbrot, -1,  326.90, 123.73, 119.53, 0.00, 6.04, 11749, 11693, 31, 61.0, , 1
Java, mandelbrot, -1,  325.05, 123.63, 119.41, 0.00, 6.04, 11751, 11691, 29, 62.0, , 1
Java, mandelbrot, -1,  332.40, 127.37, 123.05, 0.00, 6.18, 12038, 11987, 29, 61.0, , 1
Java, mandelbrot, -1,  324.10, 124.49, 120.30, 0.00, 6.03, 11741, 11684, 34, 60.0, , 1
Java, mandelbrot, -1,  325.78, 124.28, 120.07, 0.00, 6.04, 11750, 11698, 28, 60.0, , 1
Java, mandelbrot, -1,  325.20, 123.78, 119.58, 0.00, 6.04, 11754, 11709, 19, 60.0, , 1
Java, mandelbrot, -1,  325.05, 124.00, 119.79, 0.00, 6.05, 11777, 11729, 25, 62.0, , 1
Java, mandelbrot, -1,  325.31, 123.79, 119.59, 0.00, 6.04, 11740, 11676, 38, 62.0, , 1
Java, mandelbrot, -1,  333.41, 127.33, 123.02, 0.00, 6.18, 12034, 11977, 32, 61.0, , 1
Java, mandelbrot, -1,  327.78, 124.36, 120.14, 0.00, 6.05, 11768, 11710, 31, 61.0, , 1
Java, mandelbrot, -1,  327.21, 123.88, 119.67, 0.00, 6.05, 11772, 11709, 32, 62.0, , 1
Java, mandelbrot, -1,  326.48, 124.07, 119.86, 0.00, 6.05, 11760, 11705, 31, 61.0, , 1
Java, mandelbrot, -1,  325.69, 124.11, 119.90, 0.00, 6.05, 11759, 11703, 31, 62.0, , 1
Java, mandelbrot, -1,  326.17, 124.66, 120.44, 0.00, 6.05, 11763, 11710, 26, 60.0, , 1
Java, n-body, -1,  115.78, 45.20, 43.75, 0.00, 2.08, 4043, 4018, 16, 63.0, , 1
Java, n-body, -1,  115.46, 45.05, 43.60, 0.00, 2.08, 4040, 4020, 12, 61.0, , 1
Java, n-body, -1,  115.41, 45.07, 43.62, 0.00, 2.08, 4042, 4019, 13, 59.0, , 1
Java, n-body, -1,  115.08, 45.20, 43.74, 0.00, 2.08, 4042, 4024, 10, 62.0, , 1
Java, n-body, -1,  115.38, 45.63, 44.18, 0.00, 2.09, 4062, 4038, 15, 62.0, , 1
Java, n-body, -1,  116.00, 45.55, 44.10, 0.00, 2.08, 4042, 4022, 11, 61.0, , 1
Java, n-body, -1,  114.62, 45.63, 44.18, 0.00, 2.08, 4041, 4021, 13, 64.0, , 1
Java, n-body, -1,  114.71, 45.46, 44.02, 0.00, 2.08, 4041, 4026, 8, 64.0, , 1
Java, n-body, -1,  114.23, 44.81, 43.36, 0.00, 2.08, 4039, 4019, 13, 62.0, , 1
Java, n-body, -1,  114.56, 44.85, 43.39, 0.00, 2.08, 4043, 4024, 9, 60.0, , 1
Java, n-body, -1,  114.50, 45.22, 43.76, 0.00, 2.09, 4045, 4022, 13, 63.0, , 1
Java, n-body, -1,  114.18, 45.55, 44.09, 0.00, 2.08, 4040, 4019, 13, 61.0, , 1
Java, n-body, -1,  114.30, 45.84, 44.39, 0.00, 2.08, 4031, 4008, 15, 61.0, , 1
Java, n-body, -1,  115.17, 45.72, 44.27, 0.00, 2.08, 4042, 4019, 15, 61.0, , 1
Java, n-body, -1,  115.28, 45.13, 43.68, 0.00, 2.08, 4042, 4027, 8, 63.0, , 1
Java, n-body, -1,  115.07, 45.07, 43.62, 0.00, 2.08, 4040, 4013, 20, 61.0, , 1
Java, n-body, -1,  115.16, 45.53, 44.08, 0.00, 2.08, 4047, 4025, 13, 62.0, , 1
Java, n-body, -1,  113.90, 45.09, 43.64, 0.00, 2.07, 4017, 3998, 13, 61.0, , 1
Java, n-body, -1,  114.75, 45.06, 43.60, 0.00, 2.08, 4044, 4025, 11, 61.0, , 1
Java, n-body, -1,  114.68, 45.28, 43.83, 0.00, 2.08, 4038, 4012, 18, 61.0, , 1
Java, regex-redux, -1,  370.05, 144.86, 140.24, 0.00, 7.46, 11908, 11550, 328, 62.0, , 1
Java, regex-redux, -1,  369.20, 144.29, 139.72, 0.00, 7.39, 11782, 11458, 306, 63.0, , 1
Java, regex-redux, -1,  367.28, 143.51, 138.96, 0.00, 7.37, 11754, 11452, 284, 65.0, , 1
Java, regex-redux, -1,  369.38, 144.92, 140.32, 0.00, 7.43, 11863, 11538, 305, 64.0, , 1
Java, regex-redux, -1,  370.59, 145.50, 140.90, 0.00, 7.45, 11898, 11561, 310, 64.0, , 1
Java, regex-redux, -1,  368.82, 144.52, 139.95, 0.00, 7.40, 11815, 11499, 299, 63.0, , 1
Java, regex-redux, -1,  371.99, 145.08, 140.48, 0.00, 7.45, 11900, 11562, 314, 64.0, , 1
Java, regex-redux, -1,  372.12, 144.49, 139.88, 0.00, 7.46, 11907, 11580, 303, 62.0, , 1
Java, regex-redux, -1,  366.48, 141.36, 136.80, 0.00, 7.38, 11759, 11439, 304, 64.0, , 1
Java, regex-redux, -1,  374.03, 145.56, 140.93, 0.00, 7.50, 11976, 11636, 312, 64.0, , 1
Java, regex-redux, -1,  373.62, 145.69, 141.05, 0.00, 7.50, 11997, 11686, 295, 65.0, , 1
Java, regex-redux, -1,  371.80, 144.30, 139.68, 0.00, 7.45, 11925, 11621, 286, 62.0, , 1
Java, regex-redux, -1,  364.56, 141.76, 137.22, 0.00, 7.34, 11685, 11373, 285, 64.0, , 1
Java, regex-redux, -1,  361.18, 141.21, 136.72, 0.00, 7.29, 11593, 11275, 298, 63.0, , 1
Java, regex-redux, -1,  387.10, 151.26, 146.47, 0.00, 7.72, 12429, 11989, 299, 64.0, , 1
Java, regex-redux, -1,  371.60, 144.73, 140.11, 0.00, 7.47, 11932, 11625, 289, 65.0, , 1
Java, regex-redux, -1,  367.35, 144.05, 139.50, 0.00, 7.37, 11724, 11400, 307, 63.0, , 1
Java, regex-redux, -1,  365.32, 143.45, 138.91, 0.00, 7.36, 11725, 11383, 315, 63.0, , 1
Java, regex-redux, -1,  369.50, 145.25, 140.65, 0.00, 7.44, 11883, 11542, 323, 63.0, , 1
Java, regex-redux, -1,  370.42, 146.10, 141.48, 0.00, 7.48, 11941, 11628, 296, 63.0, , 1
Java, reverse-complement, -1,  24.81, 9.48, 9.08, 0.00, 0.82, 800, 477, 317, 53.0, , 1
Java, reverse-complement, -1,  24.93, 9.45, 9.05, 0.00, 0.82, 790, 473, 313, 63.0, , 1
Java, reverse-complement, -1,  24.80, 9.47, 9.06, 0.00, 0.82, 794, 493, 297, 52.0, , 1
Java, reverse-complement, -1,  24.79, 9.47, 9.06, 0.00, 0.82, 791, 484, 302, 63.0, , 1
Java, reverse-complement, -1,  24.86, 9.48, 9.08, 0.00, 0.82, 792, 488, 300, 52.0, , 1
Java, reverse-complement, -1,  24.70, 9.49, 9.08, 0.00, 0.81, 790, 481, 304, 61.0, , 1
Java, reverse-complement, -1,  25.00, 9.53, 9.13, 0.00, 0.82, 798, 489, 304, 61.0, , 1
Java, reverse-complement, -1,  25.11, 9.50, 9.09, 0.00, 0.82, 802, 507, 290, 63.0, , 1
Java, reverse-complement, -1,  24.93, 9.56, 9.15, 0.00, 0.82, 799, 482, 312, 52.0, , 1
Java, reverse-complement, -1,  24.88, 9.48, 9.07, 0.00, 0.82, 791, 492, 295, 62.0, , 1
Java, reverse-complement, -1,  24.90, 9.54, 9.13, 0.00, 0.82, 796, 491, 300, 62.0, , 1
Java, reverse-complement, -1,  24.83, 9.50, 9.10, 0.00, 0.82, 795, 497, 295, 64.0, , 1
Java, reverse-complement, -1,  24.90, 9.49, 9.08, 0.00, 0.82, 796, 490, 302, 52.0, , 1
Java, reverse-complement, -1,  24.96, 9.56, 9.16, 0.00, 0.83, 799, 490, 304, 62.0, , 1
Java, reverse-complement, -1,  25.01, 9.55, 9.15, 0.00, 0.82, 797, 493, 300, 62.0, , 1
Java, reverse-complement, -1,  24.81, 9.60, 9.19, 0.00, 0.82, 797, 490, 303, 61.0, , 1
Java, reverse-complement, -1,  24.65, 9.50, 9.09, 0.00, 0.82, 791, 476, 310, 61.0, , 1
Java, reverse-complement, -1,  24.75, 9.46, 9.05, 0.00, 0.82, 791, 479, 307, 62.0, , 1
Java, reverse-complement, -1,  24.75, 9.53, 9.12, 0.00, 0.82, 793, 479, 310, 62.0, , 1
Java, reverse-complement, -1,  24.50, 9.34, 8.93, 0.00, 0.81, 779, 462, 311, 62.0, , 1
Java, spectral-norm, -1,  47.81, 18.98, 18.37, 0.00, 0.88, 1686, 1662, 17, 61.0, , 1
Java, spectral-norm, -1,  48.04, 19.01, 18.39, 0.00, 0.89, 1693, 1672, 14, 62.0, , 1
Java, spectral-norm, -1,  48.27, 18.95, 18.33, 0.00, 0.89, 1695, 1669, 18, 61.0, , 1
Java, spectral-norm, -1,  48.23, 19.07, 18.45, 0.00, 0.89, 1697, 1675, 16, 61.0, , 1
Java, spectral-norm, -1,  48.12, 19.05, 18.45, 0.00, 0.89, 1694, 1671, 16, 62.0, , 1
Java, spectral-norm, -1,  48.40, 19.16, 18.55, 0.00, 0.89, 1701, 1675, 19, 58.0, , 1
Java, spectral-norm, -1,  46.51, 18.33, 17.73, 0.00, 0.86, 1640, 1612, 22, 63.0, , 1
Java, spectral-norm, -1,  48.10, 18.95, 18.34, 0.00, 0.89, 1695, 1671, 17, 63.0, , 1
Java, spectral-norm, -1,  48.19, 19.00, 18.39, 0.00, 0.89, 1697, 1672, 18, 61.0, , 1
Java, spectral-norm, -1,  48.63, 19.11, 18.49, 0.00, 0.90, 1712, 1679, 19, 62.0, , 1
Java, spectral-norm, -1,  47.89, 18.89, 18.28, 0.00, 0.88, 1685, 1660, 18, 61.0, , 1
Java, spectral-norm, -1,  48.38, 19.11, 18.49, 0.00, 0.89, 1702, 1685, 10, 62.0, , 1
Java, spectral-norm, -1,  48.49, 19.03, 18.42, 0.00, 0.89, 1700, 1677, 17, 60.0, , 1
Java, spectral-norm, -1,  48.31, 18.91, 18.30, 0.00, 0.88, 1694, 1672, 15, 63.0, , 1
Java, spectral-norm, -1,  48.30, 19.04, 18.42, 0.00, 0.89, 1698, 1674, 16, 62.0, , 1
Java, spectral-norm, -1,  48.73, 18.96, 18.35, 0.00, 0.89, 1700, 1666, 22, 61.0, , 1
Java, spectral-norm, -1,  48.30, 18.93, 18.31, 0.00, 0.89, 1696, 1672, 17, 61.0, , 1
Java, spectral-norm, -1,  48.16, 18.91, 18.29, 0.00, 0.89, 1694, 1675, 12, 62.0, , 1
Java, spectral-norm, -1,  48.49, 18.88, 18.27, 0.00, 0.88, 1692, 1668, 17, 61.0, , 1
Java, spectral-norm, -1,  48.45, 18.94, 18.32, 0.00, 0.89, 1697, 1675, 15, 62.0, , 1
Python, binary-trees, -1,  3030.17, 1203.64, 1167.76, 0.00, 59.37, 93706, 92071, 1496, 65.0, , 1
Python, binary-trees, -1,  3044.91, 1206.07, 1170.11, 0.00, 59.41, 93882, 92182, 1572, 65.0, , 1
Python, binary-trees, -1,  3049.70, 1212.22, 1176.21, 0.00, 59.57, 94058, 92364, 1567, 65.0, , 1
Python, binary-trees, -1,  3060.44, 1211.12, 1174.97, 0.00, 59.75, 94440, 92637, 1525, 65.0, , 1
Python, binary-trees, -1,  3036.52, 1206.02, 1170.16, 0.00, 59.34, 93621, 91948, 1503, 64.0, , 1
Python, binary-trees, -1,  3044.16, 1212.22, 1176.27, 0.00, 59.48, 93914, 92206, 1568, 64.0, , 1
Python, binary-trees, -1,  3045.33, 1213.02, 1177.06, 0.00, 59.36, 93826, 92138, 1558, 65.0, , 1
Python, binary-trees, -1,  3069.04, 1213.67, 1177.53, 0.00, 59.74, 94445, 92733, 1573, 64.0, , 1
Python, binary-trees, -1,  3062.90, 1219.01, 1182.93, 0.00, 59.81, 94256, 92616, 1525, 65.0, , 1
Python, binary-trees, -1,  3053.44, 1206.00, 1170.04, 0.00, 59.69, 93901, 92272, 1493, 64.0, , 1
Python, binary-trees, -1,  3045.63, 1204.82, 1168.94, 0.00, 59.47, 93841, 91996, 1565, 64.0, , 1
Python, binary-trees, -1,  3056.37, 1205.25, 1169.27, 0.00, 59.64, 94073, 92408, 1521, 65.0, , 1
Python, binary-trees, -1,  3047.11, 1205.70, 1169.80, 0.00, 59.42, 93777, 92150, 1513, 64.0, , 1
Python, binary-trees, -1,  3066.81, 1211.38, 1175.31, 0.00, 59.66, 94195, 92496, 1514, 64.0, , 1
Python, binary-trees, -1,  3058.16, 1208.46, 1172.51, 0.00, 59.57, 93981, 92325, 1526, 66.0, , 1
Python, binary-trees, -1,  3087.57, 1227.73, 1191.39, 0.00, 59.99, 94581, 92918, 1530, 64.0, , 1
Python, binary-trees, -1,  3052.16, 1211.37, 1175.39, 0.00, 59.45, 93833, 91991, 1537, 63.0, , 1
Python, binary-trees, -1,  3063.53, 1217.26, 1181.12, 0.00, 59.74, 94348, 92675, 1501, 64.0, , 1
Python, binary-trees, -1,  3059.97, 1212.68, 1176.54, 0.00, 59.78, 94364, 92706, 1537, 65.0, , 1
Python, binary-trees, -1,  3102.52, 1226.00, 1189.47, 0.00, 60.44, 95464, 93780, 1547, 64.0, , 1
Python, fannkuch-redux, -1,  27160.74, 11675.29, 11362.58, 0.00, 447.50, 877783, 876731, 64, 64.0, , 1
Python, fannkuch-redux, -1,  27538.56, 11765.17, 11447.95, 0.00, 454.09, 886380, 876670, 138, 64.0, , 1
Python, fannkuch-redux, -1,  27151.69, 11569.88, 11255.82, 0.00, 447.95, 878511, 877107, 88, 64.0, , 1
Python, fannkuch-redux, -1,  27231.03, 11651.09, 11337.85, 0.00, 447.69, 878076, 877080, 62, 66.0, , 1
Python, fannkuch-redux, -1,  27486.89, 11793.99, 11480.14, 0.00, 449.83, 882256, 881046, 84, 63.0, , 1
Python, fannkuch-redux, -1,  27148.64, 11627.94, 11315.42, 0.00, 446.95, 876500, 875388, 78, 64.0, , 1
Python, fannkuch-redux, -1,  27484.33, 11853.63, 11539.59, 0.00, 450.77, 883979, 882774, 74, 64.0, , 1
Python, fannkuch-redux, -1,  27596.50, 11886.73, 11569.43, 0.00, 454.48, 891223, 890123, 85, 64.0, , 1
Python, fannkuch-redux, -1,  27325.14, 11732.00, 11416.59, 0.00, 450.83, 884084, 882754, 97, 63.0, , 1
Python, fannkuch-redux, -1,  27104.89, 11672.76, 11359.90, 0.00, 447.64, 877793, 876741, 68, 64.0, , 1
Python, fannkuch-redux, -1,  27442.64, 11864.79, 11550.88, 0.00, 450.37, 883170, 882014, 77, 63.0, , 1
Python, fannkuch-redux, -1,  27257.61, 11727.73, 11413.88, 0.00, 449.36, 881231, 880206, 68, 64.0, , 1
Python, fannkuch-redux, -1,  27850.79, 12029.09, 11710.78, 0.00, 456.97, 896139, 894924, 79, 65.0, , 1
Python, fannkuch-redux, -1,  27143.53, 11535.33, 11218.53, 0.00, 451.79, 884048, 876402, 181, 64.0, , 1
Python, fannkuch-redux, -1,  27243.00, 11647.56, 11333.00, 0.00, 449.15, 880809, 879713, 71, 66.0, , 1
Python, fannkuch-redux, -1,  27672.12, 11889.57, 11573.40, 0.00, 453.56, 889477, 888460, 83, 63.0, , 1
Python, fannkuch-redux, -1,  27305.13, 11671.69, 11357.33, 0.00, 449.29, 881064, 879950, 68, 63.0, , 1
Python, fannkuch-redux, -1,  26957.60, 11601.71, 11290.23, 0.00, 445.46, 873544, 872484, 77, 64.0, , 1
Python, fannkuch-redux, -1,  27276.48, 11852.52, 11539.61, 0.00, 448.57, 879672, 878529, 85, 65.0, , 1
Python, fannkuch-redux, -1,  26866.11, 11611.41, 11298.73, 0.00, 446.85, 876285, 875294, 76, 65.0, , 1
Python, fasta, -1,  1382.19, 547.02, 531.65, 0.00, 22.01, 43166, 43099, 28, 65.0, , 1
Python, fasta, -1,  1382.30, 552.15, 536.71, 0.00, 22.03, 43192, 43123, 23, 65.0, , 1
Python, fasta, -1,  1372.67, 546.99, 531.60, 0.00, 22.00, 43143, 43081, 24, 66.0, , 1
Python, fasta, -1,  1394.30, 561.15, 545.51, 0.00, 22.20, 43541, 43475, 29, 65.0, , 1
Python, fasta, -1,  1379.67, 552.55, 537.10, 0.00, 22.00, 43135, 43068, 24, 66.0, , 1
Python, fasta, -1,  1386.53, 555.17, 539.67, 0.00, 22.03, 43188, 43111, 21, 65.0, , 1
Python, fasta, -1,  1383.03, 553.13, 537.66, 0.00, 22.07, 43273, 43089, 33, 65.0, , 1
Python, fasta, -1,  1378.22, 552.94, 537.49, 0.00, 22.01, 43159, 43091, 31, 65.0, , 1
Python, fasta, -1,  1377.07, 550.90, 535.47, 0.00, 22.00, 43142, 43068, 25, 65.0, , 1
Python, fasta, -1,  1383.04, 553.71, 538.21, 0.00, 22.06, 43250, 43163, 38, 66.0, , 1
Python, fasta, -1,  1375.23, 547.34, 531.99, 0.00, 22.01, 43167, 43112, 26, 65.0, , 1
Python, fasta, -1,  1383.11, 552.92, 537.50, 0.00, 22.01, 43146, 43081, 23, 66.0, , 1
Python, fasta, -1,  1387.09, 556.67, 541.16, 0.00, 22.05, 43235, 43164, 23, 65.0, , 1
Python, fasta, -1,  1389.26, 554.62, 539.16, 0.00, 22.01, 43164, 43097, 28, 65.0, , 1
Python, fasta, -1,  1380.87, 554.71, 539.24, 0.00, 22.02, 43173, 43108, 34, 66.0, , 1
Python, fasta, -1,  1381.33, 554.94, 539.45, 0.00, 22.02, 43180, 43110, 29, 66.0, , 1
Python, fasta, -1,  1381.64, 556.38, 540.89, 0.00, 22.04, 43194, 43096, 26, 66.0, , 1
Python, fasta, -1,  1393.61, 563.92, 548.46, 0.00, 22.08, 43282, 43191, 33, 66.0, , 1
Python, fasta, -1,  1386.11, 558.36, 542.91, 0.00, 22.03, 43193, 43124, 27, 65.0, , 1
Python, fasta, -1,  1392.89, 556.07, 540.58, 0.00, 22.06, 43254, 43041, 42, 65.0, , 1
Python, k-nucleotide, -1,  4453.54, 1718.20, 1666.32, 0.00, 110.05, 139902, 139019, 657, 64.0, , 1
Python, k-nucleotide, -1,  4386.90, 1702.18, 1651.72, 0.00, 103.13, 136444, 135593, 658, 64.0, , 1
Python, k-nucleotide, -1,  4466.54, 1729.72, 1677.84, 0.00, 109.74, 139859, 138965, 719, 65.0, , 1
Python, k-nucleotide, -1,  4554.17, 1759.59, 1706.81, 0.00, 111.54, 142384, 141348, 716, 65.0, , 1
Python, k-nucleotide, -1,  4473.61, 1728.42, 1676.52, 0.00, 110.11, 139952, 139110, 651, 65.0, , 1
Python, k-nucleotide, -1,  4583.00, 1766.05, 1712.95, 0.00, 112.41, 143245, 142337, 722, 64.0, , 1
Python, k-nucleotide, -1,  4517.68, 1743.21, 1690.73, 0.00, 111.15, 141475, 140530, 731, 66.0, , 1
Python, k-nucleotide, -1,  4516.45, 1747.35, 1694.95, 0.00, 110.79, 141394, 140408, 692, 64.0, , 1
Python, k-nucleotide, -1,  4445.49, 1722.05, 1670.29, 0.00, 109.59, 139500, 138616, 702, 64.0, , 1
Python, k-nucleotide, -1,  4543.58, 1746.46, 1693.81, 0.00, 111.32, 141953, 141060, 713, 65.0, , 1
Python, k-nucleotide, -1,  4538.15, 1755.77, 1703.21, 0.00, 111.30, 141834, 140958, 697, 65.0, , 1
Python, k-nucleotide, -1,  4534.26, 1753.60, 1700.94, 0.00, 111.42, 141965, 140951, 699, 65.0, , 1
Python, k-nucleotide, -1,  4581.94, 1781.29, 1727.99, 0.00, 112.35, 143816, 142904, 710, 65.0, , 1
Python, k-nucleotide, -1,  4498.80, 1731.93, 1679.67, 0.00, 110.43, 141028, 140139, 695, 64.0, , 1
Python, k-nucleotide, -1,  4499.45, 1740.52, 1688.11, 0.00, 110.97, 141109, 139904, 721, 65.0, , 1
Python, k-nucleotide, -1,  4521.51, 1741.34, 1688.72, 0.00, 111.54, 142044, 141013, 715, 64.0, , 1
Python, k-nucleotide, -1,  4543.24, 1751.45, 1698.45, 0.00, 111.51, 142982, 142030, 739, 65.0, , 1
Python, k-nucleotide, -1,  4436.76, 1708.98, 1657.24, 0.00, 109.75, 139439, 138510, 727, 65.0, , 1
Python, k-nucleotide, -1,  4464.62, 1713.49, 1661.61, 0.00, 109.66, 139953, 139048, 710, 65.0, , 1
Python, k-nucleotide, -1,  4456.18, 1712.20, 1660.26, 0.00, 110.17, 140027, 139136, 708, 64.0, , 1
Python, mandelbrot, -1,  12001.31, 5174.34, 5040.81, 0.00, 190.39, 373355, 372848, 30, 66.0, , 1
Python, mandelbrot, -1,  11940.14, 5130.80, 4997.45, 0.00, 190.25, 373074, 372633, 45, 65.0, , 1
Python, mandelbrot, -1,  11977.12, 5153.32, 5020.10, 0.00, 189.99, 372599, 372102, 30, 66.0, , 1
Python, mandelbrot, -1,  12262.68, 5313.13, 5177.52, 0.00, 193.49, 379488, 378979, 42, 66.0, , 1
Python, mandelbrot, -1,  12214.07, 5294.20, 5157.94, 0.00, 194.33, 381138, 380794, 23, 65.0, , 1
Python, mandelbrot, -1,  12050.22, 5204.29, 5069.98, 0.00, 191.33, 375194, 373883, 161, 65.0, , 1
Python, mandelbrot, -1,  11970.34, 5153.20, 5019.65, 0.00, 190.09, 372759, 371484, 144, 66.0, , 1
Python, mandelbrot, -1,  11999.16, 5170.87, 5036.90, 0.00, 190.84, 374194, 373236, 122, 65.0, , 1
Python, mandelbrot, -1,  11957.91, 5171.40, 5038.13, 0.00, 190.00, 372598, 371790, 92, 64.0, , 1
Python, mandelbrot, -1,  12130.85, 5273.54, 5139.16, 0.00, 191.73, 375974, 375417, 67, 66.0, , 1
Python, mandelbrot, -1,  11941.40, 5182.41, 5049.35, 0.00, 189.72, 372036, 371443, 49, 65.0, , 1
Python, mandelbrot, -1,  12060.90, 5224.48, 5091.26, 0.00, 190.13, 372862, 372287, 36, 66.0, , 1
Python, mandelbrot, -1,  12060.90, 5190.32, 5056.40, 0.00, 190.96, 374471, 373959, 53, 64.0, , 1
Python, mandelbrot, -1,  12403.82, 5369.77, 5232.65, 0.00, 195.61, 383563, 382874, 62, 65.0, , 1
Python, mandelbrot, -1,  11950.07, 5165.37, 5032.08, 0.00, 190.02, 372615, 371846, 64, 66.0, , 1
Python, mandelbrot, -1,  11916.41, 5165.43, 5032.42, 0.00, 189.71, 372018, 371487, 71, 65.0, , 1
Python, mandelbrot, -1,  11969.58, 5191.21, 5057.57, 0.00, 190.59, 373761, 373177, 50, 65.0, , 1
Python, mandelbrot, -1,  12712.12, 5505.34, 5363.46, 0.00, 202.25, 396633, 396155, 55, 64.0, , 1
Python, mandelbrot, -1,  12014.29, 5196.95, 5063.88, 0.00, 189.98, 372554, 371970, 51, 66.0, , 1
Python, mandelbrot, -1,  11973.97, 5152.00, 5018.30, 0.00, 190.49, 373562, 372994, 45, 65.0, , 1
Python, n-body, -1,  7410.19, 3267.67, 3182.56, 0.00, 120.89, 237096, 236807, 32, 65.0, , 1
Python, n-body, -1,  7414.04, 3270.76, 3185.41, 0.00, 121.27, 237846, 237473, 17, 65.0, , 1
Python, n-body, -1,  7460.39, 3288.56, 3202.85, 0.00, 121.68, 238677, 238323, 33, 64.0, , 1
Python, n-body, -1,  7450.84, 3275.64, 3189.92, 0.00, 121.94, 239181, 238839, 16, 64.0, , 1
Python, n-body, -1,  7478.95, 3296.72, 3210.88, 0.00, 122.04, 239368, 239155, 13, 65.0, , 1
Python, n-body, -1,  7524.48, 3310.38, 3223.94, 0.00, 122.94, 241095, 240896, 9, 62.0, , 1
Python, n-body, -1,  7550.22, 3328.27, 3241.41, 0.00, 123.57, 242307, 241969, 14, 64.0, , 1
Python, n-body, -1,  7439.56, 3277.85, 3192.21, 0.00, 121.51, 238268, 238055, 13, 65.0, , 1
Python, n-body, -1,  7436.37, 3294.42, 3209.22, 0.00, 121.29, 237850, 237515, 17, 66.0, , 1
Python, n-body, -1,  7415.60, 3270.14, 3185.05, 0.00, 121.08, 237422, 237189, 23, 65.0, , 1
Python, n-body, -1,  7586.68, 3346.81, 3259.46, 0.00, 124.17, 243493, 243278, 11, 65.0, , 1
Python, n-body, -1,  7404.37, 3269.18, 3184.04, 0.00, 121.28, 237815, 237486, 14, 66.0, , 1
Python, n-body, -1,  7385.21, 3265.83, 3181.15, 0.00, 120.55, 236424, 236213, 15, 64.0, , 1
Python, n-body, -1,  7503.92, 3327.38, 3241.45, 0.00, 122.46, 240157, 239776, 18, 64.0, , 1
Python, n-body, -1,  7376.65, 3261.16, 3176.27, 0.00, 120.54, 236401, 236189, 17, 66.0, , 1
Python, n-body, -1,  7461.89, 3320.07, 3234.46, 0.00, 122.04, 239346, 239120, 15, 63.0, , 1
Python, n-body, -1,  7397.49, 3292.75, 3207.87, 0.00, 120.95, 237198, 236835, 15, 65.0, , 1
Python, n-body, -1,  7374.74, 3264.88, 3180.30, 0.00, 120.66, 236638, 236405, 18, 66.0, , 1
Python, n-body, -1,  7373.39, 3279.92, 3195.01, 0.00, 120.91, 237118, 236770, 17, 65.0, , 1
Python, n-body, -1,  7379.18, 3283.23, 3198.67, 0.00, 120.66, 236624, 236385, 18, 64.0, , 1
Python, regex-redux, -1,  379.91, 159.76, 155.12, 0.00, 7.27, 12513, 12055, 436, 63.0, , 1
Python, regex-redux, -1,  380.23, 158.69, 154.06, 0.00, 7.26, 12518, 12087, 419, 64.0, , 1
Python, regex-redux, -1,  380.81, 159.08, 154.43, 0.00, 7.27, 12508, 12067, 426, 63.0, , 1
Python, regex-redux, -1,  382.73, 159.87, 155.23, 0.00, 7.30, 12556, 12129, 414, 63.0, , 1
Python, regex-redux, -1,  384.00, 160.20, 155.54, 0.00, 7.31, 12571, 12126, 433, 61.0, , 1
Python, regex-redux, -1,  382.88, 159.86, 155.20, 0.00, 7.32, 12572, 12063, 481, 63.0, , 1
Python, regex-redux, -1,  382.02, 159.03, 154.38, 0.00, 7.28, 12519, 12059, 444, 63.0, , 1
Python, regex-redux, -1,  383.01, 159.74, 155.08, 0.00, 7.30, 12547, 12079, 452, 64.0, , 1
Python, regex-redux, -1,  381.12, 159.10, 154.46, 0.00, 7.29, 12508, 12037, 454, 64.0, , 1
Python, regex-redux, -1,  383.12, 160.70, 156.02, 0.00, 7.34, 12596, 12132, 424, 63.0, , 1
Python, regex-redux, -1,  379.97, 159.51, 154.87, 0.00, 7.28, 12503, 12049, 432, 64.0, , 1
Python, regex-redux, -1,  384.98, 161.20, 156.54, 0.00, 7.31, 12542, 12092, 428, 65.0, , 1
Python, regex-redux, -1,  381.59, 159.41, 154.76, 0.00, 7.30, 12527, 12071, 434, 63.0, , 1
Python, regex-redux, -1,  380.93, 159.81, 155.17, 0.00, 7.29, 12519, 12054, 446, 64.0, , 1
Python, regex-redux, -1,  382.66, 160.44, 155.79, 0.00, 7.30, 12539, 12057, 453, 63.0, , 1
Python, regex-redux, -1,  384.39, 161.09, 156.42, 0.00, 7.33, 12596, 12144, 436, 65.0, , 1
Python, regex-redux, -1,  383.33, 160.15, 155.50, 0.00, 7.31, 12551, 12105, 422, 63.0, , 1
Python, regex-redux, -1,  381.67, 159.09, 154.45, 0.00, 7.28, 12489, 12041, 432, 64.0, , 1
Python, regex-redux, -1,  388.24, 162.87, 158.15, 0.00, 7.39, 12692, 12060, 441, 65.0, , 1
Python, regex-redux, -1,  381.92, 160.17, 155.51, 0.00, 7.30, 12528, 12103, 408, 65.0, , 1
Python, reverse-complement, -1,  66.00, 26.62, 25.82, 0.00, 1.43, 2032, 1644, 382, 64.0, , 1
Python, reverse-complement, -1,  65.68, 26.49, 25.70, 0.00, 1.43, 2022, 1615, 401, 63.0, , 1
Python, reverse-complement, -1,  65.87, 26.58, 25.79, 0.00, 1.43, 2029, 1628, 397, 64.0, , 1
Python, reverse-complement, -1,  65.44, 26.54, 25.75, 0.00, 1.43, 2021, 1617, 400, 63.0, , 1
Python, reverse-complement, -1,  65.47, 26.49, 25.69, 0.00, 1.43, 2025, 1628, 391, 64.0, , 1
Python, reverse-complement, -1,  65.27, 26.60, 25.81, 0.00, 1.43, 2026, 1642, 379, 63.0, , 1
Python, reverse-complement, -1,  65.24, 26.54, 25.74, 0.00, 1.43, 2025, 1599, 422, 64.0, , 1
Python, reverse-complement, -1,  65.34, 26.45, 25.65, 0.00, 1.43, 2022, 1624, 395, 64.0, , 1
Python, reverse-complement, -1,  65.18, 26.33, 25.53, 0.00, 1.43, 2022, 1648, 370, 64.0, , 1
Python, reverse-complement, -1,  65.34, 26.44, 25.65, 0.00, 1.43, 2028, 1630, 393, 63.0, , 1
Python, reverse-complement, -1,  65.07, 26.22, 25.43, 0.00, 1.43, 2020, 1600, 416, 63.0, , 1
Python, reverse-complement, -1,  65.09, 26.34, 25.55, 0.00, 1.43, 2021, 1618, 399, 63.0, , 1
Python, reverse-complement, -1,  65.37, 26.39, 25.59, 0.00, 1.43, 2030, 1641, 384, 64.0, , 1
Python, reverse-complement, -1,  65.40, 26.42, 25.62, 0.00, 1.43, 2025, 1600, 421, 64.0, , 1
Python, reverse-complement, -1,  65.20, 26.65, 25.85, 0.00, 1.43, 2023, 1639, 380, 64.0, , 1
Python, reverse-complement, -1,  65.28, 26.51, 25.72, 0.00, 1.43, 2021, 1593, 424, 65.0, , 1
Python, reverse-complement, -1,  65.14, 26.41, 25.61, 0.00, 1.43, 2019, 1605, 410, 60.0, , 1
Python, reverse-complement, -1,  65.91, 26.48, 25.68, 0.00, 1.44, 2030, 1617, 409, 64.0, , 1
Python, reverse-complement, -1,  65.91, 26.47, 25.67, 0.00, 1.43, 2031, 1628, 399, 65.0, , 1
Python, reverse-complement, -1,  65.44, 26.38, 25.58, 0.00, 1.43, 2022, 1615, 403, 61.0, , 1
Python, spectral-norm, -1,  9202.61, 3868.99, 3766.92, 0.00, 145.78, 285482, 284970, 85, 65.0, , 1
Python, spectral-norm, -1,  9173.79, 3849.62, 3747.77, 0.00, 145.48, 284889, 284507, 72, 63.0, , 1
Python, spectral-norm, -1,  9165.62, 3846.39, 3744.61, 0.00, 145.35, 284701, 284192, 100, 64.0, , 1
Python, spectral-norm, -1,  9137.07, 3831.85, 3730.03, 0.00, 145.43, 284830, 284426, 81, 65.0, , 1
Python, spectral-norm, -1,  9271.18, 3893.49, 3790.49, 0.00, 147.11, 288147, 287632, 82, 63.0, , 1
Python, spectral-norm, -1,  9128.52, 3842.74, 3741.04, 0.00, 145.27, 284492, 284121, 72, 65.0, , 1
Python, spectral-norm, -1,  9546.44, 4015.53, 3909.37, 0.00, 151.63, 296976, 296593, 77, 63.0, , 1
Python, spectral-norm, -1,  9483.96, 3982.75, 3877.01, 0.00, 151.09, 295860, 295309, 62, 64.0, , 1
Python, spectral-norm, -1,  9250.12, 3892.17, 3789.92, 0.00, 146.04, 285983, 285510, 93, 65.0, , 1
Python, spectral-norm, -1,  9245.20, 3882.34, 3780.02, 0.00, 146.15, 286230, 285700, 81, 65.0, , 1
Python, spectral-norm, -1,  9197.46, 3838.92, 3737.05, 0.00, 145.49, 284909, 284525, 69, 64.0, , 1
Python, spectral-norm, -1,  9260.50, 3875.82, 3773.25, 0.00, 146.51, 286927, 286435, 77, 64.0, , 1
Python, spectral-norm, -1,  9299.42, 3882.89, 3779.71, 0.00, 147.37, 288607, 288236, 75, 65.0, , 1
Python, spectral-norm, -1,  9254.59, 3854.41, 3751.52, 0.00, 146.95, 287828, 287355, 73, 64.0, , 1
Python, spectral-norm, -1,  9145.20, 3806.38, 3704.65, 0.00, 145.30, 284576, 284223, 57, 64.0, , 1
Python, spectral-norm, -1,  9275.02, 3877.81, 3774.89, 0.00, 147.02, 287940, 287469, 59, 63.0, , 1
Python, spectral-norm, -1,  9259.60, 3864.02, 3761.07, 0.00, 147.07, 288057, 287700, 61, 65.0, , 1
Python, spectral-norm, -1,  9160.36, 3845.24, 3743.34, 0.00, 145.54, 285010, 284473, 75, 64.0, , 1
Python, spectral-norm, -1,  9176.64, 3831.07, 3729.19, 0.00, 145.48, 284944, 284589, 66, 65.0, , 1
Python, spectral-norm, -1,  9225.69, 3880.17, 3777.96, 0.00, 145.96, 285847, 285355, 61, 65.0, , 1
C, binary-trees, 2,  191.92, 21.88, 17.84, 0.00, 6.53, 11123, 10303, 740, 51.0, , 1
C, binary-trees, 2,  200.03, 23.04, 18.80, 0.00, 6.83, 11675, 10767, 828, 50.0, , 1
C, binary-trees, 2,  199.15, 22.91, 18.67, 0.00, 6.86, 11644, 10657, 811, 50.0, , 1
C, binary-trees, 2,  193.51, 22.25, 18.13, 0.00, 6.68, 11303, 10439, 755, 49.0, , 1
C, binary-trees, 2,  195.50, 22.54, 18.37, 0.00, 6.73, 11457, 10589, 771, 50.0, , 1
C, binary-trees, 2,  198.35, 22.78, 18.58, 0.00, 6.77, 11538, 10674, 759, 49.0, , 1
C, binary-trees, 2,  204.27, 23.65, 19.31, 0.00, 6.99, 11961, 11015, 820, 50.0, , 1
C, binary-trees, 2,  199.72, 23.15, 18.91, 0.00, 6.85, 11702, 10810, 792, 49.0, , 1
C, binary-trees, 2,  197.82, 22.78, 18.58, 0.00, 6.78, 11568, 10656, 792, 49.0, , 1
C, binary-trees, 2,  191.23, 22.00, 17.93, 0.00, 6.57, 11184, 10354, 732, 50.0, , 1
C, binary-trees, 2,  188.21, 21.50, 17.51, 0.00, 6.44, 10920, 10094, 734, 49.0, , 1
C, binary-trees, 2,  192.90, 22.21, 18.10, 0.00, 6.63, 11279, 10417, 767, 49.0, , 1
C, binary-trees, 2,  199.33, 22.87, 18.65, 0.00, 6.81, 11621, 10738, 777, 48.0, , 1
C, binary-trees, 2,  198.92, 22.80, 18.59, 0.00, 6.78, 11587, 10680, 775, 48.0, , 1
C, binary-trees, 2,  193.26, 22.12, 18.03, 0.00, 6.61, 11237, 10395, 761, 47.0, , 1
C, binary-trees, 2,  195.57, 22.28, 18.17, 0.00, 6.65, 11328, 10492, 747, 48.0, , 1
C, binary-trees, 2,  199.89, 22.84, 18.64, 0.00, 6.80, 11603, 10770, 746, 48.0, , 1
C, binary-trees, 2,  194.38, 22.55, 18.39, 0.00, 6.70, 11442, 10571, 787, 47.0, , 1
C, binary-trees, 2,  187.81, 21.76, 17.72, 0.00, 6.51, 11048, 10228, 737, 48.0, , 1
C, binary-trees, 2,  187.44, 21.63, 17.62, 0.00, 6.48, 10984, 10120, 769, 48.0, , 1
C, fannkuch-redux, 2,  448.79, 52.25, 42.81, 0.00, 13.53, 26534, 26421, 11, 48.0, , 1
C, fannkuch-redux, 2,  463.43, 54.21, 44.36, 0.00, 14.02, 27493, 27380, 8, 48.0, , 1
C, fannkuch-redux, 2,  447.17, 52.39, 42.94, 0.00, 13.58, 26612, 26484, 8, 47.0, , 1
C, fannkuch-redux, 2,  442.07, 51.96, 42.61, 0.00, 13.47, 26405, 26327, 7, 47.0, , 1
C, fannkuch-redux, 2,  433.50, 50.71, 41.59, 0.00, 13.15, 25777, 25692, 8, 47.0, , 1
C, fannkuch-redux, 2,  444.30, 52.20, 42.82, 0.00, 13.54, 26541, 26437, 7, 46.0, , 1
C, fannkuch-redux, 2,  434.27, 50.15, 41.15, 0.00, 13.01, 25502, 25411, 7, 47.0, , 1
C, fannkuch-redux, 2,  437.94, 50.95, 41.80, 0.00, 13.22, 25912, 25363, 10, 47.0, , 1
C, fannkuch-redux, 2,  441.27, 51.62, 42.35, 0.00, 13.39, 26251, 26126, 8, 47.0, , 1
C, fannkuch-redux, 2,  446.86, 52.81, 43.31, 0.00, 13.71, 26885, 26809, 5, 45.0, , 1
C, fannkuch-redux, 2,  463.82, 54.76, 44.90, 0.00, 14.23, 27884, 27784, 16, 46.0, , 1
C, fannkuch-redux, 2,  454.29, 53.46, 43.83, 0.00, 13.91, 27268, 27142, 12, 46.0, , 1
C, fannkuch-redux, 2,  448.68, 52.62, 43.14, 0.00, 13.68, 26818, 26709, 11, 45.0, , 1
C, fannkuch-redux, 2,  426.25, 49.67, 40.70, 0.00, 12.92, 25332, 25233, 8, 46.0, , 1
C, fannkuch-redux, 2,  420.27, 49.35, 40.45, 0.00, 12.83, 25138, 25041, 8, 47.0, , 1
C, fannkuch-redux, 2,  420.73, 49.16, 40.30, 0.00, 12.78, 25038, 24907, 10, 47.0, , 1
C, fannkuch-redux, 2,  413.54, 48.79, 40.01, 0.00, 12.68, 24854, 24787, 3, 45.0, , 1
C, fannkuch-redux, 2,  430.79, 50.98, 41.83, 0.00, 13.23, 25933, 25848, 8, 45.0, , 1
C, fannkuch-redux, 2,  429.51, 50.19, 41.15, 0.00, 13.07, 25620, 25537, 2, 45.0, , 1
C, fannkuch-redux, 2,  437.54, 50.72, 41.61, 0.00, 13.18, 25837, 25746, 10, 45.0, , 1
C, fasta, 2,  37.05, 4.25, 3.48, 0.00, 1.12, 2190, 2139, 44, 46.0, , 1
C, fasta, 2,  37.37, 4.32, 3.54, 0.00, 1.13, 2206, 2159, 41, 45.0, , 1
C, fasta, 2,  37.33, 4.32, 3.53, 0.00, 1.13, 2210, 2157, 46, 47.0, , 1
C, fasta, 2,  36.40, 4.23, 3.47, 0.00, 1.10, 2157, 2098, 53, 45.0, , 1
C, fasta, 2,  35.99, 4.17, 3.41, 0.00, 1.09, 2139, 2088, 44, 45.0, , 1
C, fasta, 2,  35.82, 4.18, 3.42, 0.00, 1.09, 2136, 2085, 44, 46.0, , 1
C, fasta, 2,  35.60, 4.22, 3.46, 0.00, 1.10, 2154, 2095, 52, 45.0, , 1
C, fasta, 2,  35.81, 4.25, 3.48, 0.00, 1.11, 2170, 2114, 49, 45.0, , 1
C, fasta, 2,  35.46, 4.20, 3.44, 0.00, 1.10, 2148, 2089, 51, 45.0, , 1
C, fasta, 2,  35.38, 4.15, 3.40, 0.00, 1.09, 2128, 2081, 39, 45.0, , 1
C, fasta, 2,  34.95, 4.08, 3.33, 0.00, 1.08, 2118, 2060, 51, 45.0, , 1
C, fasta, 2,  36.02, 4.29, 3.52, 0.00, 1.11, 2180, 2131, 38, 45.0, , 1
C, fasta, 2,  35.32, 4.13, 3.38, 0.00, 1.09, 2129, 2083, 40, 45.0, , 1
C, fasta, 2,  34.88, 4.11, 3.37, 0.00, 1.08, 2107, 2058, 42, 45.0, , 1
C, fasta, 2,  35.42, 4.20, 3.44, 0.00, 1.09, 2132, 2080, 44, 45.0, , 1
C, fasta, 2,  36.41, 4.32, 3.54, 0.00, 1.12, 2195, 2146, 43, 45.0, , 1
C, fasta, 2,  35.81, 4.23, 3.47, 0.00, 1.10, 2155, 2104, 44, 45.0, , 1
C, fasta, 2,  35.74, 4.24, 3.48, 0.00, 1.10, 2155, 2105, 45, 45.0, , 1
C, fasta, 2,  36.87, 4.34, 3.56, 0.00, 1.13, 2206, 2157, 42, 45.0, , 1
C, fasta, 2,  36.38, 4.31, 3.54, 0.00, 1.12, 2191, 2143, 41, 45.0, , 1
C, k-nucleotide, 2,  525.40, 62.08, 50.85, 0.00, 16.45, 31566, 31067, 372, 45.0, , 1
C, k-nucleotide, 2,  548.93, 64.91, 53.15, 0.00, 17.16, 32989, 32458, 445, 45.0, , 1
C, k-nucleotide, 2,  562.05, 66.50, 54.42, 0.00, 17.61, 33831, 33301, 390, 45.0, , 1
C, k-nucleotide, 2,  547.84, 64.61, 52.90, 0.00, 17.11, 32843, 32356, 349, 45.0, , 1
C, k-nucleotide, 2,  533.14, 62.40, 51.08, 0.00, 16.55, 31730, 31221, 369, 45.0, , 1
C, k-nucleotide, 2,  536.72, 62.55, 51.22, 0.00, 16.58, 31818, 30859, 345, 45.0, , 1
C, k-nucleotide, 2,  526.91, 62.25, 50.99, 0.00, 16.49, 31655, 31202, 371, 45.0, , 1
C, k-nucleotide, 2,  514.82, 60.85, 49.85, 0.00, 16.15, 30974, 30498, 384, 44.0, , 1
C, k-nucleotide, 2,  500.64, 58.59, 48.01, 0.00, 15.60, 29808, 29318, 386, 45.0, , 1
C, k-nucleotide, 2,  513.58, 60.69, 49.71, 0.00, 16.15, 30904, 30401, 376, 44.0, , 1
C, k-nucleotide, 2,  530.29, 62.49, 51.19, 0.00, 16.54, 31739, 31278, 338, 45.0, , 1
C, k-nucleotide, 2,  531.37, 62.92, 51.54, 0.00, 16.78, 32019, 31426, 440, 45.0, , 1
C, k-nucleotide, 2,  531.91, 63.03, 51.63, 0.00, 16.69, 32052, 31596, 356, 45.0, , 1
C, k-nucleotide, 2,  522.49, 62.01, 50.80, 0.00, 16.45, 31555, 31083, 384, 44.0, , 1
C, k-nucleotide, 2,  548.46, 64.65, 52.96, 0.00, 17.16, 32874, 32356, 381, 45.0, , 1
C, k-nucleotide, 2,  523.58, 60.96, 49.95, 0.00, 16.18, 31038, 30554, 359, 44.0, , 1
C, k-nucleotide, 2,  510.73, 59.19, 48.50, 0.00, 15.73, 30151, 29670, 371, 44.0, , 1
C, k-nucleotide, 2,  512.56, 60.41, 49.52, 0.00, 16.02, 30704, 30212, 378, 44.0, , 1
C, k-nucleotide, 2,  516.52, 60.79, 49.82, 0.00, 16.13, 30939, 30464, 353, 45.0, , 1
C, k-nucleotide, 2,  529.18, 62.33, 51.08, 0.00, 16.52, 31708, 31209, 399, 44.0, , 1
C, mandelbrot, 2,  194.81, 22.88, 18.74, 0.00, 5.95, 11648, 11573, 40, 44.0, , 1
C, mandelbrot, 2,  202.49, 23.84, 19.54, 0.00, 6.20, 12135, 12051, 47, 45.0, , 1
C, mandelbrot, 2,  195.66, 23.01, 18.84, 0.00, 5.99, 11712, 11634, 41, 45.0, , 1
C, mandelbrot, 2,  203.61, 24.05, 19.71, 0.00, 6.26, 12243, 12147, 55, 44.0, , 1
C, mandelbrot, 2,  199.03, 23.30, 19.09, 0.00, 6.06, 11858, 11779, 33, 44.0, , 1
C, mandelbrot, 2,  201.76, 23.92, 19.59, 0.00, 6.22, 12165, 12077, 52, 44.0, , 1
C, mandelbrot, 2,  201.73, 23.89, 19.57, 0.00, 6.21, 12162, 12077, 45, 45.0, , 1
C, mandelbrot, 2,  196.86, 23.24, 19.03, 0.00, 6.05, 11834, 11746, 52, 45.0, , 1
C, mandelbrot, 2,  202.46, 23.82, 19.51, 0.00, 6.19, 12105, 11976, 67, 45.0, , 1
C, mandelbrot, 2,  210.87, 24.70, 20.23, 0.00, 6.42, 12569, 12474, 45, 45.0, , 1
C, mandelbrot, 2,  201.70, 23.61, 19.34, 0.00, 6.14, 12024, 11947, 51, 45.0, , 1
C, mandelbrot, 2,  209.45, 24.71, 20.24, 0.00, 6.44, 12593, 12080, 46, 45.0, , 1
C, mandelbrot, 2,  201.90, 24.04, 19.71, 0.00, 6.24, 12213, 12130, 54, 45.0, , 1
C, mandelbrot, 2,  206.42, 24.42, 20.01, 0.00, 6.35, 12431, 12333, 60, 44.0, , 1
C, mandelbrot, 2,  206.99, 24.43, 20.01, 0.00, 6.36, 12443, 12355, 50, 44.0, , 1
C, mandelbrot, 2,  204.62, 24.50, 20.08, 0.00, 6.36, 12457, 12362, 54, 45.0, , 1
C, mandelbrot, 2,  203.21, 24.27, 19.89, 0.00, 6.31, 12360, 12271, 51, 45.0, , 1
C, mandelbrot, 2,  204.01, 24.35, 19.95, 0.00, 6.34, 12401, 12310, 53, 44.0, , 1
C, mandelbrot, 2,  201.43, 23.75, 19.45, 0.00, 6.17, 12080, 11994, 45, 45.0, , 1
C, mandelbrot, 2,  201.98, 23.88, 19.56, 0.00, 6.22, 12163, 12071, 41, 45.0, , 1
C, n-body, 2,  104.83, 12.46, 10.22, 0.00, 3.23, 6333, 6314, 1, 45.0, , 1
C, n-body, 2,  103.43, 12.25, 10.04, 0.00, 3.18, 6234, 6212, 4, 45.0, , 1
C, n-body, 2,  103.18, 12.03, 9.86, 0.00, 3.12, 6118, 6068, 3, 44.0, , 1
C, n-body, 2,  103.95, 12.39, 10.16, 0.00, 3.21, 6297, 6277, 2, 45.0, , 1
C, n-body, 2,  100.27, 11.86, 9.72, 0.00, 3.09, 6052, 6034, 2, 45.0, , 1
C, n-body, 2,  100.28, 11.74, 9.62, 0.00, 3.06, 5990, 5975, 1, 44.0, , 1
C, n-body, 2,  99.97, 11.74, 9.62, 0.00, 3.05, 5983, 5970, 1, 44.0, , 1
C, n-body, 2,  98.42, 11.66, 9.56, 0.00, 3.02, 5924, 5911, 3, 44.0, , 1
C, n-body, 2,  99.91, 11.85, 9.71, 0.00, 3.08, 6032, 6016, 2, 44.0, , 1
C, n-body, 2,  98.22, 11.59, 9.49, 0.00, 3.01, 5894, 5878, 3, 43.0, , 1
C, n-body, 2,  103.10, 12.21, 10.02, 0.00, 3.17, 6204, 6182, 4, 44.0, , 1
C, n-body, 2,  101.11, 12.00, 9.85, 0.00, 3.11, 6100, 6085, 2, 44.0, , 1
C, n-body, 2,  101.32, 12.01, 9.84, 0.00, 3.12, 6109, 6088, 3, 44.0, , 1
C, n-body, 2,  100.66, 11.85, 9.71, 0.00, 3.08, 6039, 6017, 3, 44.0, , 1
C, n-body, 2,  103.07, 12.14, 9.96, 0.00, 3.14, 6160, 6138, 2, 44.0, , 1
C, n-body, 2,  102.84, 12.02, 9.86, 0.00, 3.12, 6114, 6087, 2, 43.0, , 1
C, n-body, 2,  104.35, 12.21, 10.01, 0.00, 3.18, 6230, 6198, 0, 44.0, , 1
C, n-body, 2,  102.05, 12.06, 9.89, 0.00, 3.13, 6138, 6115, 2, 44.0, , 1
C, n-body, 2,  99.08, 11.65, 9.53, 0.00, 3.05, 5967, 5949, 1, 45.0, , 1
C, n-body, 2,  102.65, 12.18, 9.99, 0.00, 3.15, 6181, 6159, 2, 44.0, , 1
C, regex-redux, 2,  105.07, 12.28, 10.06, 0.00, 3.52, 6242, 5929, 283, 43.0, , 1
C, regex-redux, 2,  106.37, 12.41, 10.15, 0.00, 3.56, 6330, 6032, 273, 44.0, , 1
C, regex-redux, 2,  107.16, 12.52, 10.25, 0.00, 3.58, 6367, 6078, 263, 43.0, , 1
C, regex-redux, 2,  105.67, 12.23, 10.01, 0.00, 3.51, 6224, 5897, 292, 43.0, , 1
C, regex-redux, 2,  106.45, 12.35, 10.10, 0.00, 3.54, 6293, 5992, 279, 44.0, , 1
C, regex-redux, 2,  107.82, 12.69, 10.40, 0.00, 3.61, 6435, 6139, 274, 44.0, , 1
C, regex-redux, 2,  110.74, 12.85, 10.52, 0.00, 3.68, 6558, 6250, 284, 44.0, , 1
C, regex-redux, 2,  109.31, 12.62, 10.33, 0.00, 3.61, 6421, 6126, 274, 43.0, , 1
C, regex-redux, 2,  109.53, 12.65, 10.35, 0.00, 3.62, 6449, 6169, 253, 44.0, , 1
C, regex-redux, 2,  109.53, 12.71, 10.41, 0.00, 3.62, 6447, 6162, 263, 44.0, , 1
C, regex-redux, 2,  105.12, 12.01, 9.82, 0.00, 3.47, 6156, 5862, 271, 44.0, , 1
C, regex-redux, 2,  107.14, 12.45, 10.20, 0.00, 3.55, 6311, 6020, 271, 43.0, , 1
C, regex-redux, 2,  113.26, 13.05, 10.68, 0.00, 3.72, 6629, 6305, 274, 43.0, , 1
C, regex-redux, 2,  114.03, 13.18, 10.78, 0.00, 3.75, 6696, 6360, 310, 45.0, , 1
C, regex-redux, 2,  113.25, 13.04, 10.66, 0.00, 3.73, 6658, 6344, 292, 44.0, , 1
C, regex-redux, 2,  108.88, 12.71, 10.40, 0.00, 3.63, 6460, 6151, 286, 44.0, , 1
C, regex-redux, 2,  109.64, 12.80, 10.46, 0.00, 3.67, 6529, 6225, 281, 44.0, , 1
C, regex-redux, 2,  108.19, 12.66, 10.35, 0.00, 3.62, 6445, 6137, 283, 44.0, , 1
C, regex-redux, 2,  107.69, 12.59, 10.30, 0.00, 3.60, 6401, 6104, 269, 43.0, , 1
C, regex-redux, 2,  110.03, 12.95, 10.60, 0.00, 3.69, 6574, 6273, 272, 43.0, , 1
C, reverse-complement, 2,  7.29, 0.84, 0.67, 0.00, 0.35, 420, 162, 255, 44.0, , 1
C, reverse-complement, 2,  7.23, 0.84, 0.67, 0.00, 0.35, 418, 155, 260, 43.0, , 1
C, reverse-complement, 2,  7.36, 0.85, 0.67, 0.00, 0.35, 427, 156, 270, 43.0, , 1
C, reverse-complement, 2,  7.50, 0.87, 0.69, 0.00, 0.35, 433, 164, 265, 44.0, , 1
C, reverse-complement, 2,  7.40, 0.88, 0.70, 0.00, 0.35, 429, 163, 265, 44.0, , 1
C, reverse-complement, 2,  7.55, 0.88, 0.70, 0.00, 0.36, 436, 168, 265, 44.0, , 1
C, reverse-complement, 2,  7.51, 0.88, 0.70, 0.00, 0.36, 434, 150, 283, 44.0, , 1
C, reverse-complement, 2,  7.75, 0.89, 0.71, 0.00, 0.36, 440, 161, 272, 44.0, , 1
C, reverse-complement, 2,  7.49, 0.87, 0.70, 0.00, 0.35, 432, 160, 270, 44.0, , 1
C, reverse-complement, 2,  7.59, 0.90, 0.72, 0.00, 0.36, 439, 168, 269, 43.0, , 1
C, reverse-complement, 2,  7.66, 0.89, 0.71, 0.00, 0.36, 439, 161, 275, 43.0, , 1
C, reverse-complement, 2,  7.54, 0.89, 0.71, 0.00, 0.36, 435, 152, 280, 43.0, , 1
C, reverse-complement, 2,  7.68, 0.88, 0.70, 0.00, 0.36, 437, 165, 268, 43.0, , 1
C, reverse-complement, 2,  7.35, 0.86, 0.69, 0.00, 0.35, 422, 156, 263, 43.0, , 1
C, reverse-complement, 2,  7.52, 0.87, 0.69, 0.00, 0.36, 434, 163, 270, 43.0, , 1
C, reverse-complement, 2,  7.40, 0.87, 0.70, 0.00, 0.35, 422, 144, 275, 44.0, , 1
C, reverse-complement, 2,  7.28, 0.85, 0.68, 0.00, 0.35, 418, 160, 257, 44.0, , 1
C, reverse-complement, 2,  7.59, 0.88, 0.70, 0.00, 0.35, 433, 144, 286, 43.0, , 1
C, reverse-complement, 2,  7.28, 0.86, 0.69, 0.00, 0.35, 421, 152, 267, 43.0, , 1
C, reverse-complement, 2,  7.21, 0.82, 0.65, 0.00, 0.34, 410, 154, 255, 43.0, , 1
C, spectral-norm, 2,  72.99, 8.69, 7.13, 0.00, 2.25, 4407, 4389, 3, 44.0, , 1
C, spectral-norm, 2,  70.40, 8.31, 6.80, 0.00, 2.17, 4257, 4237, 3, 43.0, , 1
C, spectral-norm, 2,  70.03, 8.32, 6.82, 0.00, 2.16, 4231, 4213, 2, 44.0, , 1
C, spectral-norm, 2,  70.44, 8.37, 6.86, 0.00, 2.17, 4253, 4235, 0, 43.0, , 1
C, spectral-norm, 2,  73.00, 8.69, 7.13, 0.00, 2.26, 4422, 4401, 5, 44.0, , 1
C, spectral-norm, 2,  72.10, 8.52, 6.99, 0.00, 2.22, 4342, 4311, 1, 43.0, , 1
C, spectral-norm, 2,  70.71, 8.35, 6.85, 0.00, 2.17, 4257, 4242, 1, 45.0, , 1
C, spectral-norm, 2,  70.96, 8.41, 6.89, 0.00, 2.19, 4280, 4260, 4, 44.0, , 1
C, spectral-norm, 2,  73.06, 8.68, 7.12, 0.00, 2.25, 4412, 4397, 1, 43.0, , 1
C, spectral-norm, 2,  71.97, 8.51, 6.97, 0.00, 2.22, 4349, 4335, 0, 43.0, , 1
C, spectral-norm, 2,  72.69, 8.53, 6.99, 0.00, 2.22, 4337, 4286, 4, 43.0, , 1
C, spectral-norm, 2,  69.74, 8.21, 6.73, 0.00, 2.14, 4182, 4165, 3, 43.0, , 1
C, spectral-norm, 2,  72.79, 8.61, 7.06, 0.00, 2.24, 4392, 4379, 3, 44.0, , 1
C, spectral-norm, 2,  69.80, 8.24, 6.76, 0.00, 2.14, 4191, 4178, 1, 44.0, , 1
C, spectral-norm, 2,  70.28, 8.38, 6.87, 0.00, 2.18, 4276, 4263, 4, 45.0, , 1
C, spectral-norm, 2,  72.07, 8.60, 7.05, 0.00, 2.24, 4386, 4375, 2, 44.0, , 1
C, spectral-norm, 2,  70.95, 8.46, 6.95, 0.00, 2.19, 4298, 4284, 5, 43.0, , 1
C, spectral-norm, 2,  74.96, 8.98, 7.37, 0.00, 2.33, 4566, 4544, 6, 44.0, , 1
C, spectral-norm, 2,  74.31, 8.93, 7.33, 0.00, 2.32, 4540, 4527, 3, 44.0, , 1
C, spectral-norm, 2,  72.60, 8.62, 7.07, 0.00, 2.25, 4413, 4396, 4, 43.0, , 1
C++, binary-trees, 2,  167.79, 19.66, 16.00, 0.00, 5.90, 9983, 9637, 309, 43.0, , 1
C++, binary-trees, 2,  167.32, 19.54, 15.90, 0.00, 5.88, 9929, 9578, 298, 44.0, , 1
C++, binary-trees, 2,  164.12, 19.20, 15.63, 0.00, 5.79, 9758, 9401, 315, 43.0, , 1
C++, binary-trees, 2,  162.61, 19.08, 15.54, 0.00, 5.76, 9699, 9343, 321, 43.0, , 1
C++, binary-trees, 2,  163.11, 19.10, 15.54, 0.00, 5.74, 9708, 9343, 331, 44.0, , 1
C++, binary-trees, 2,  164.78, 19.24, 15.66, 0.00, 5.79, 9774, 9427, 309, 43.0, , 1
C++, binary-trees, 2,  165.88, 19.30, 15.71, 0.00, 5.83, 9795, 9421, 314, 43.0, , 1
C++, binary-trees, 2,  168.40, 19.44, 15.83, 0.00, 5.85, 9879, 9527, 316, 43.0, , 1
C++, binary-trees, 2,  166.77, 19.35, 15.75, 0.00, 5.86, 9863, 9503, 326, 43.0, , 1
C++, binary-trees, 2,  176.48, 20.53, 16.73, 0.00, 6.13, 10426, 9610, 283, 43.0, , 1
C++, binary-trees, 2,  166.57, 19.54, 15.90, 0.00, 5.89, 9934, 9559, 309, 44.0, , 1
C++, binary-trees, 2,  168.38, 19.89, 16.20, 0.00, 5.97, 10098, 9750, 307, 43.0, , 1
C++, binary-trees, 2,  169.89, 19.97, 16.26, 0.00, 6.00, 10149, 9791, 320, 43.0, , 1
C++, binary-trees, 2,  162.80, 18.97, 15.43, 0.00, 5.72, 9656, 9305, 312, 43.0, , 1
C++, binary-trees, 2,  167.28, 19.67, 16.02, 0.00, 5.92, 9994, 9644, 314, 44.0, , 1
C++, binary-trees, 2,  169.74, 20.11, 16.38, 0.00, 6.02, 10208, 9872, 298, 44.0, , 1
C++, binary-trees, 2,  160.36, 18.86, 15.36, 0.00, 5.71, 9603, 9260, 309, 43.0, , 1
C++, binary-trees, 2,  165.97, 19.61, 15.97, 0.00, 5.90, 9953, 9578, 333, 44.0, , 1
C++, binary-trees, 2,  169.28, 19.80, 16.12, 0.00, 5.95, 10066, 9701, 324, 43.0, , 1
C++, binary-trees, 2,  163.58, 19.12, 15.56, 0.00, 5.77, 9725, 9357, 334, 43.0, , 1
C++, fannkuch-redux, 2,  709.70, 84.89, 69.53, 0.00, 22.04, 43222, 43127, 10, 43.0, , 1
C++, fannkuch-redux, 2,  692.88, 81.93, 67.09, 0.00, 21.26, 41680, 41544, 13, 45.0, , 1
C++, fannkuch-redux, 2,  711.89, 84.80, 69.49, 0.00, 22.00, 43130, 42988, 9, 44.0, , 1
C++, fannkuch-redux, 2,  723.46, 85.58, 70.11, 0.00, 22.23, 43577, 43428, 10, 44.0, , 1
C++, fannkuch-redux, 2,  721.08, 85.68, 70.23, 0.00, 22.22, 43575, 43482, 7, 43.0, , 1
C++, fannkuch-redux, 2,  727.72, 86.80, 71.13, 0.00, 22.54, 44196, 44046, 8, 43.0, , 1
C++, fannkuch-redux, 2,  722.23, 86.31, 70.73, 0.00, 22.41, 43931, 43791, 16, 45.0, , 1
C++, fannkuch-redux, 2,  725.14, 86.81, 71.14, 0.00, 22.54, 44182, 44043, 10, 44.0, , 1
C++, fannkuch-redux, 2,  740.89, 88.71, 72.72, 0.00, 23.05, 45173, 45031, 8, 43.0, , 1
C++, fannkuch-redux, 2,  748.51, 89.01, 72.98, 0.00, 23.13, 45340, 45202, 5, 44.0, , 1
C++, fannkuch-redux, 2,  747.73, 89.41, 73.30, 0.00, 23.24, 45547, 44912, 23, 44.0, , 1
C++, fannkuch-redux, 2,  738.36, 88.71, 72.74, 0.00, 23.04, 45156, 45026, 17, 44.0, , 1
C++, fannkuch-redux, 2,  733.64, 87.37, 71.65, 0.00, 22.71, 44525, 44347, 23, 43.0, , 1
C++, fannkuch-redux, 2,  719.07, 85.41, 70.01, 0.00, 22.19, 43496, 43342, 13, 43.0, , 1
C++, fannkuch-redux, 2,  718.62, 85.60, 70.18, 0.00, 22.22, 43558, 43405, 7, 44.0, , 1
C++, fannkuch-redux, 2,  714.30, 85.33, 69.94, 0.00, 22.19, 43485, 43310, 19, 44.0, , 1
C++, fannkuch-redux, 2,  707.54, 83.87, 68.73, 0.00, 21.78, 42697, 42559, 11, 44.0, , 1
C++, fannkuch-redux, 2,  699.99, 81.88, 67.07, 0.00, 21.26, 41658, 41513, 11, 43.0, , 1
C++, fannkuch-redux, 2,  718.68, 84.49, 69.27, 0.00, 21.94, 43018, 42873, 11, 43.0, , 1
C++, fannkuch-redux, 2,  703.90, 82.42, 67.52, 0.00, 21.40, 41940, 41798, 9, 44.0, , 1
C++, fasta, 2,  53.18, 6.24, 5.12, 0.00, 1.63, 3184, 3154, 23, 43.0, , 1
C++, fasta, 2,  53.25, 6.28, 5.14, 0.00, 1.64, 3203, 3172, 25, 43.0, , 1
C++, fasta, 2,  53.03, 6.21, 5.08, 0.00, 1.63, 3189, 3166, 15, 43.0, , 1
C++, fasta, 2,  53.01, 6.15, 5.03, 0.00, 1.61, 3156, 3132, 16, 44.0, , 1
C++, fasta, 2,  53.22, 6.29, 5.16, 0.00, 1.63, 3196, 3166, 22, 43.0, , 1
C++, fasta, 2,  53.58, 6.30, 5.16, 0.00, 1.64, 3205, 3172, 25, 44.0, , 1
C++, fasta, 2,  53.45, 6.26, 5.13, 0.00, 1.63, 3190, 3161, 24, 43.0, , 1
C++, fasta, 2,  53.09, 6.23, 5.11, 0.00, 1.63, 3188, 3152, 27, 44.0, , 1
C++, fasta, 2,  52.61, 6.10, 4.98, 0.00, 1.61, 3149, 3117, 25, 43.0, , 1
C++, fasta, 2,  51.64, 5.97, 4.90, 0.00, 1.55, 3042, 3020, 13, 43.0, , 1
C++, fasta, 2,  52.34, 6.11, 5.01, 0.00, 1.59, 3114, 3088, 20, 43.0, , 1
C++, fasta, 2,  52.41, 6.14, 5.03, 0.00, 1.60, 3135, 3114, 14, 44.0, , 1
C++, fasta, 2,  51.05, 5.90, 4.83, 0.00, 1.54, 3013, 2986, 21, 45.0, , 1
C++, fasta, 2,  52.08, 6.10, 5.00, 0.00, 1.59, 3110, 3079, 21, 44.0, , 1
C++, fasta, 2,  51.62, 6.05, 4.96, 0.00, 1.58, 3088, 3063, 19, 44.0, , 1
C++, fasta, 2,  51.36, 5.99, 4.91, 0.00, 1.56, 3057, 3037, 14, 43.0, , 1
C++, fasta, 2,  52.54, 6.20, 5.08, 0.00, 1.61, 3153, 3124, 22, 43.0, , 1
C++, fasta, 2,  52.64, 6.17, 5.06, 0.00, 1.61, 3149, 3119, 21, 44.0, , 1
C++, fasta, 2,  52.19, 6.08, 4.98, 0.00, 1.59, 3112, 3088, 16, 44.0, , 1
C++, fasta, 2,  53.56, 6.29, 5.16, 0.00, 1.64, 3198, 3167, 18, 44.0, , 1
C++, k-nucleotide, 2,  229.55, 26.22, 21.25, 0.00, 9.58, 13344, 12808, 486, 44.0, , 1
C++, k-nucleotide, 2,  238.58, 27.43, 22.26, 0.00, 9.93, 13940, 13355, 526, 44.0, , 1
C++, k-nucleotide, 2,  240.00, 27.56, 22.35, 0.00, 9.98, 14031, 13426, 550, 43.0, , 1
C++, k-nucleotide, 2,  237.13, 27.12, 22.00, 0.00, 9.85, 13808, 13204, 535, 43.0, , 1
C++, k-nucleotide, 2,  242.08, 27.80, 22.55, 0.00, 10.05, 14155, 13550, 549, 44.0, , 1
C++, k-nucleotide, 2,  256.13, 29.51, 23.94, 0.00, 10.63, 15001, 13889, 556, 44.0, , 1
C++, k-nucleotide, 2,  245.96, 28.42, 23.06, 0.00, 10.30, 14478, 13850, 544, 45.0, , 1
C++, k-nucleotide, 2,  251.87, 29.24, 23.73, 0.00, 10.54, 14870, 14256, 573, 43.0, , 1
C++, k-nucleotide, 2,  250.51, 29.05, 23.56, 0.00, 10.48, 14804, 14218, 548, 43.0, , 1
C++, k-nucleotide, 2,  244.37, 28.34, 22.99, 0.00, 10.28, 14429, 13821, 559, 43.0, , 1
C++, k-nucleotide, 2,  249.96, 28.97, 23.49, 0.00, 10.47, 14730, 14101, 548, 43.0, , 1
C++, k-nucleotide, 2,  257.30, 29.66, 24.07, 0.00, 10.72, 15107, 14454, 590, 43.0, , 1
C++, k-nucleotide, 2,  256.21, 29.73, 24.11, 0.00, 10.73, 15130, 14476, 591, 43.0, , 1
C++, k-nucleotide, 2,  251.83, 29.25, 23.71, 0.00, 10.58, 14882, 14270, 545, 43.0, , 1
C++, k-nucleotide, 2,  253.02, 29.20, 23.68, 0.00, 10.60, 14872, 14253, 556, 43.0, , 1
C++, k-nucleotide, 2,  254.91, 29.53, 23.97, 0.00, 10.62, 15019, 14374, 585, 43.0, , 1
C++, k-nucleotide, 2,  260.39, 30.24, 24.54, 0.00, 10.90, 15388, 14744, 582, 43.0, , 1
C++, k-nucleotide, 2,  249.88, 29.07, 23.59, 0.00, 10.40, 14802, 14147, 573, 44.0, , 1
C++, k-nucleotide, 2,  243.67, 28.26, 22.93, 0.00, 10.23, 14397, 13794, 565, 43.0, , 1
C++, k-nucleotide, 2,  246.58, 28.64, 23.24, 0.00, 10.29, 14584, 13981, 564, 44.0, , 1
C++, mandelbrot, 2,  159.81, 18.96, 15.54, 0.00, 4.93, 9647, 9579, 44, 44.0, , 1
C++, mandelbrot, 2,  163.10, 19.37, 15.88, 0.00, 5.04, 9855, 9775, 49, 45.0, , 1
C++, mandelbrot, 2,  162.31, 19.33, 15.85, 0.00, 5.02, 9820, 9736, 55, 43.0, , 1
C++, mandelbrot, 2,  161.92, 19.23, 15.77, 0.00, 5.01, 9791, 9670, 64, 44.0, , 1
C++, mandelbrot, 2,  159.87, 18.97, 15.55, 0.00, 4.94, 9666, 9586, 53, 44.0, , 1
C++, mandelbrot, 2,  160.31, 18.94, 15.52, 0.00, 4.94, 9665, 9578, 48, 43.0, , 1
C++, mandelbrot, 2,  158.25, 18.44, 15.11, 0.00, 4.80, 9395, 9294, 70, 43.0, , 1
C++, mandelbrot, 2,  157.36, 18.30, 15.00, 0.00, 4.76, 9317, 9229, 56, 44.0, , 1
C++, mandelbrot, 2,  157.81, 18.38, 15.06, 0.00, 4.78, 9349, 9280, 38, 43.0, , 1
C++, mandelbrot, 2,  159.40, 18.56, 15.21, 0.00, 4.83, 9452, 9372, 48, 44.0, , 1
C++, mandelbrot, 2,  158.65, 18.48, 15.15, 0.00, 4.81, 9408, 9309, 64, 44.0, , 1
C++, mandelbrot, 2,  155.93, 18.17, 14.89, 0.00, 4.73, 9254, 9176, 49, 43.0, , 1
C++, mandelbrot, 2,  158.32, 18.74, 15.36, 0.00, 4.87, 9532, 9457, 46, 43.0, , 1
C++, mandelbrot, 2,  160.78, 19.10, 15.66, 0.00, 4.96, 9707, 9593, 56, 43.0, , 1
C++, mandelbrot, 2,  158.73, 18.86, 15.47, 0.00, 4.91, 9600, 9517, 53, 45.0, , 1
C++, mandelbrot, 2,  158.63, 18.80, 15.40, 0.00, 4.90, 9595, 9522, 52, 43.0, , 1
C++, mandelbrot, 2,  152.35, 17.83, 14.61, 0.00, 4.64, 9078, 9009, 48, 43.0, , 1
C++, mandelbrot, 2,  156.37, 18.38, 15.07, 0.00, 4.78, 9357, 9297, 40, 43.0, , 1
C++, mandelbrot, 2,  158.04, 18.72, 15.34, 0.00, 4.86, 9521, 9461, 38, 43.0, , 1
C++, mandelbrot, 2,  156.94, 18.55, 15.20, 0.00, 4.83, 9445, 9373, 38, 43.0, , 1
C++, n-body, 2,  105.12, 12.31, 10.10, 0.00, 3.19, 6256, 6235, 3, 43.0, , 1
C++, n-body, 2,  103.25, 12.09, 9.92, 0.00, 3.14, 6166, 6145, 2, 43.0, , 1
C++, n-body, 2,  107.65, 12.66, 10.39, 0.00, 3.29, 6444, 6409, 7, 44.0, , 1
C++, n-body, 2,  106.02, 12.39, 10.17, 0.00, 3.22, 6308, 6290, 0, 43.0, , 1
C++, n-body, 2,  106.63, 12.43, 10.19, 0.00, 3.23, 6340, 6319, 2, 43.0, , 1
C++, n-body, 2,  107.42, 12.61, 10.34, 0.00, 3.28, 6429, 6411, 1, 44.0, , 1
C++, n-body, 2,  102.67, 11.99, 9.84, 0.00, 3.12, 6107, 6087, 2, 44.0, , 1
C++, n-body, 2,  103.33, 12.06, 9.89, 0.00, 3.14, 6150, 6131, 0, 43.0, , 1
C++, n-body, 2,  106.75, 12.53, 10.28, 0.00, 3.25, 6369, 6349, 1, 43.0, , 1
C++, n-body, 2,  111.75, 13.15, 10.80, 0.00, 3.42, 6689, 6543, 8, 43.0, , 1
C++, n-body, 2,  111.70, 13.10, 10.74, 0.00, 3.41, 6671, 6441, 10, 44.0, , 1
C++, n-body, 2,  110.36, 12.90, 10.58, 0.00, 3.37, 6578, 6397, 8, 43.0, , 1
C++, n-body, 2,  110.21, 12.98, 10.65, 0.00, 3.37, 6592, 6539, 1, 43.0, , 1
C++, n-body, 2,  109.05, 12.73, 10.43, 0.00, 3.32, 6503, 6391, 5, 43.0, , 1
C++, n-body, 2,  110.65, 13.04, 10.69, 0.00, 3.39, 6627, 6456, 25, 44.0, , 1
C++, n-body, 2,  109.81, 12.96, 10.63, 0.00, 3.37, 6595, 6550, 3, 43.0, , 1
C++, n-body, 2,  110.87, 13.15, 10.79, 0.00, 3.41, 6684, 6634, 6, 43.0, , 1
C++, n-body, 2,  109.69, 12.90, 10.58, 0.00, 3.36, 6581, 6554, 3, 43.0, , 1
C++, n-body, 2,  109.27, 12.82, 10.51, 0.00, 3.34, 6544, 6519, 2, 43.0, , 1
C++, n-body, 2,  109.22, 12.87, 10.57, 0.00, 3.34, 6545, 6516, 5, 43.0, , 1
C++, regex-redux, 2,  125.94, 14.67, 11.99, 0.00, 4.20, 7458, 6839, 591, 43.0, , 1
C++, regex-redux, 2,  125.01, 14.56, 11.90, 0.00, 4.17, 7399, 6807, 566, 43.0, , 1
C++, regex-redux, 2,  124.40, 14.48, 11.83, 0.00, 4.16, 7373, 6767, 581, 43.0, , 1
C++, regex-redux, 2,  130.08, 15.29, 12.49, 0.00, 4.37, 7783, 6694, 568, 43.0, , 1
C++, regex-redux, 2,  123.01, 14.54, 11.88, 0.00, 4.17, 7400, 6818, 556, 43.0, , 1
C++, regex-redux, 2,  125.30, 14.85, 12.12, 0.00, 4.25, 7550, 6951, 571, 43.0, , 1
C++, regex-redux, 2,  126.44, 15.01, 12.25, 0.00, 4.29, 7619, 6995, 581, 43.0, , 1
C++, regex-redux, 2,  125.35, 14.76, 12.06, 0.00, 4.22, 7498, 6882, 585, 43.0, , 1
C++, regex-redux, 2,  123.90, 14.51, 11.85, 0.00, 4.18, 7395, 6762, 595, 44.0, , 1
C++, regex-redux, 2,  122.70, 14.48, 11.83, 0.00, 4.16, 7359, 6764, 559, 43.0, , 1
C++, regex-redux, 2,  123.55, 14.60, 11.93, 0.00, 4.19, 7426, 6812, 576, 43.0, , 1
C++, regex-redux, 2,  120.47, 14.16, 11.57, 0.00, 4.08, 7215, 6627, 558, 43.0, , 1
C++, regex-redux, 2,  120.33, 14.07, 11.50, 0.00, 4.07, 7182, 6605, 544, 43.0, , 1
C++, regex-redux, 2,  119.90, 14.10, 11.52, 0.00, 4.06, 7171, 6580, 557, 44.0, , 1
C++, regex-redux, 2,  122.25, 14.37, 11.74, 0.00, 4.13, 7316, 6694, 578, 43.0, , 1
C++, regex-redux, 2,  121.54, 14.22, 11.62, 0.00, 4.09, 7236, 6641, 560, 43.0, , 1
C++, regex-redux, 2,  123.01, 14.44, 11.80, 0.00, 4.15, 7344, 6745, 568, 44.0, , 1
C++, regex-redux, 2,  120.30, 14.09, 11.50, 0.00, 4.07, 7188, 6575, 580, 44.0, , 1
C++, regex-redux, 2,  122.03, 14.39, 11.76, 0.00, 4.13, 7312, 6733, 547, 44.0, , 1
C++, regex-redux, 2,  122.77, 14.44, 11.79, 0.00, 4.15, 7351, 6706, 591, 44.0, , 1
C++, reverse-complement, 2,  9.50, 1.08, 0.85, 0.00, 0.45, 546, 260, 281, 43.0, , 1
C++, reverse-complement, 2,  9.76, 1.11, 0.87, 0.00, 0.46, 556, 249, 304, 43.0, , 1
C++, reverse-complement, 2,  9.97, 1.15, 0.90, 0.00, 0.47, 577, 269, 305, 43.0, , 1
C++, reverse-complement, 2,  9.52, 1.08, 0.85, 0.00, 0.45, 542, 266, 274, 43.0, , 1
C++, reverse-complement, 2,  9.86, 1.13, 0.89, 0.00, 0.47, 565, 281, 281, 43.0, , 1
C++, reverse-complement, 2,  9.62, 1.10, 0.87, 0.00, 0.46, 556, 263, 289, 43.0, , 1
C++, reverse-complement, 2,  9.88, 1.14, 0.90, 0.00, 0.47, 572, 289, 281, 43.0, , 1
C++, reverse-complement, 2,  10.28, 1.18, 0.94, 0.00, 0.48, 593, 270, 318, 43.0, , 1
C++, reverse-complement, 2,  10.27, 1.18, 0.93, 0.00, 0.48, 593, 281, 307, 43.0, , 1
C++, reverse-complement, 2,  9.96, 1.13, 0.89, 0.00, 0.47, 573, 250, 321, 44.0, , 1
C++, reverse-complement, 2,  10.02, 1.16, 0.92, 0.00, 0.47, 578, 265, 309, 44.0, , 1
C++, reverse-complement, 2,  9.99, 1.14, 0.90, 0.00, 0.46, 571, 276, 291, 43.0, , 1
C++, reverse-complement, 2,  10.13, 1.18, 0.94, 0.00, 0.48, 587, 265, 317, 43.0, , 1
C++, reverse-complement, 2,  9.93, 1.14, 0.90, 0.00, 0.47, 580, 252, 324, 43.0, , 1
C++, reverse-complement, 2,  9.69, 1.12, 0.88, 0.00, 0.46, 557, 227, 326, 43.0, , 1
C++, reverse-complement, 2,  9.50, 1.10, 0.87, 0.00, 0.45, 546, 236, 307, 44.0, , 1
C++, reverse-complement, 2,  9.74, 1.13, 0.90, 0.00, 0.46, 563, 253, 305, 44.0, , 1
C++, reverse-complement, 2,  9.81, 1.13, 0.89, 0.00, 0.46, 563, 261, 300, 43.0, , 1
C++, reverse-complement, 2,  9.96, 1.16, 0.92, 0.00, 0.47, 578, 266, 309, 43.0, , 1
C++, reverse-complement, 2,  9.93, 1.14, 0.90, 0.00, 0.47, 574, 267, 302, 43.0, , 1
C++, spectral-norm, 2,  69.56, 8.23, 6.75, 0.00, 2.14, 4191, 4175, 3, 43.0, , 1
C++, spectral-norm, 2,  68.77, 8.08, 6.62, 0.00, 2.10, 4117, 4101, 3, 44.0, , 1
C++, spectral-norm, 2,  69.45, 8.20, 6.71, 0.00, 2.14, 4186, 4151, 5, 44.0, , 1
C++, spectral-norm, 2,  66.80, 7.96, 6.51, 0.00, 2.06, 4044, 4029, 4, 44.0, , 1
C++, spectral-norm, 2,  69.14, 8.25, 6.75, 0.00, 2.15, 4205, 4193, 3, 43.0, , 1
C++, spectral-norm, 2,  69.16, 8.24, 6.75, 0.00, 2.15, 4212, 4194, 6, 43.0, , 1
C++, spectral-norm, 2,  67.12, 7.99, 6.54, 0.00, 2.08, 4068, 4058, 1, 44.0, , 1
C++, spectral-norm, 2,  66.07, 7.80, 6.38, 0.00, 2.03, 3983, 3970, 3, 43.0, , 1
C++, spectral-norm, 2,  68.16, 8.14, 6.67, 0.00, 2.11, 4137, 4127, 2, 43.0, , 1
C++, spectral-norm, 2,  70.04, 8.35, 6.84, 0.00, 2.18, 4262, 4251, 2, 44.0, , 1
C++, spectral-norm, 2,  69.74, 8.36, 6.86, 0.00, 2.17, 4248, 4236, 2, 43.0, , 1
C++, spectral-norm, 2,  70.63, 8.41, 6.89, 0.00, 2.19, 4298, 4282, 5, 44.0, , 1
C++, spectral-norm, 2,  69.68, 8.30, 6.80, 0.00, 2.17, 4248, 4234, 2, 44.0, , 1
C++, spectral-norm, 2,  67.29, 8.04, 6.57, 0.00, 2.09, 4091, 4076, 1, 43.0, , 1
C++, spectral-norm, 2,  66.99, 7.94, 6.49, 0.00, 2.06, 4041, 4028, 4, 43.0, , 1
C++, spectral-norm, 2,  68.40, 8.09, 6.63, 0.00, 2.10, 4114, 4101, 2, 44.0, , 1
C++, spectral-norm, 2,  70.36, 8.28, 6.78, 0.00, 2.16, 4232, 4206, 2, 45.0, , 1
C++, spectral-norm, 2,  69.95, 8.31, 6.81, 0.00, 2.16, 4222, 4207, 1, 43.0, , 1
C++, spectral-norm, 2,  68.15, 8.06, 6.59, 0.00, 2.10, 4119, 4104, 3, 44.0, , 1
C++, spectral-norm, 2,  66.73, 7.91, 6.47, 0.00, 2.06, 4027, 4012, 3, 44.0, , 1
Java, binary-trees, 2,  389.49, 43.88, 34.66, 0.00, 19.28, 22251, 21476, 648, 43.0, , 1
Java, binary-trees, 2,  390.19, 43.61, 34.41, 0.00, 19.25, 22174, 21420, 642, 43.0, , 1
Java, binary-trees, 2,  401.81, 45.35, 35.96, 0.00, 19.56, 22736, 21924, 697, 44.0, , 1
Java, binary-trees, 2,  404.67, 46.54, 37.09, 0.00, 19.68, 22862, 21999, 724, 44.0, , 1
Java, binary-trees, 2,  397.07, 45.69, 36.27, 0.00, 19.61, 22803, 21999, 713, 43.0, , 1
Java, binary-trees, 2,  397.58, 45.44, 36.04, 0.00, 19.58, 22766, 21982, 701, 44.0, , 1
Java, binary-trees, 2,  398.87, 46.21, 36.79, 0.00, 19.60, 22801, 21939, 762, 43.0, , 1
Java, binary-trees, 2,  400.30, 45.63, 36.18, 0.00, 19.67, 22889, 22064, 699, 43.0, , 1
Java, binary-trees, 2,  400.94, 46.11, 36.68, 0.00, 19.62, 22818, 22011, 693, 44.0, , 1
Java, binary-trees, 2,  398.95, 45.07, 35.65, 0.00, 19.62, 22831, 21993, 721, 44.0, , 1
Java, binary-trees, 2,  395.42, 43.82, 34.47, 0.00, 19.53, 22596, 21736, 717, 43.0, , 1
Java, binary-trees, 2,  396.28, 44.48, 35.13, 0.00, 19.50, 22612, 21856, 647, 43.0, , 1
Java, binary-trees, 2,  394.08, 44.26, 34.93, 0.00, 19.46, 22544, 21753, 708, 43.0, , 1
Java, binary-trees, 2,  396.75, 43.96, 34.68, 0.00, 19.40, 22399, 21669, 629, 43.0, , 1
Java, binary-trees, 2,  408.25, 45.30, 35.79, 0.00, 19.72, 23005, 21708, 641, 43.0, , 1
Java, binary-trees, 2,  386.80, 43.50, 34.30, 0.00, 19.24, 22153, 21381, 668, 43.0, , 1
Java, binary-trees, 2,  399.70, 44.65, 35.24, 0.00, 19.63, 22732, 21946, 657, 43.0, , 1
Java, binary-trees, 2,  396.86, 44.90, 35.52, 0.00, 19.56, 22667, 21924, 637, 43.0, , 1
Java, binary-trees, 2,  398.38, 44.61, 35.20, 0.00, 19.62, 22770, 21937, 711, 44.0, , 1
Java, binary-trees, 2,  398.71, 45.19, 35.80, 0.00, 19.58, 22715, 21912, 679, 44.0, , 1
Java, fannkuch-redux, 2,  1993.31, 234.11, 192.01, 0.00, 60.84, 119251, 118727, 135, 44.0, , 1
Java, fannkuch-redux, 2,  1946.29, 228.10, 187.10, 0.00, 59.31, 116241, 115731, 115, 44.0, , 1
Java, fannkuch-redux, 2,  1919.84, 225.88, 185.29, 0.00, 58.71, 115074, 114574, 125, 44.0, , 1
Java, fannkuch-redux, 2,  2022.58, 240.76, 197.53, 0.00, 62.56, 122621, 121596, 142, 43.0, , 1
Java, fannkuch-redux, 2,  2049.43, 243.55, 199.82, 0.00, 63.31, 124100, 123523, 116, 43.0, , 1
Java, fannkuch-redux, 2,  2062.98, 242.46, 198.93, 0.00, 63.03, 123538, 123001, 125, 43.0, , 1
Java, fannkuch-redux, 2,  1972.77, 233.08, 191.29, 0.00, 60.60, 118764, 118253, 124, 43.0, , 1
Java, fannkuch-redux, 2,  1954.84, 230.73, 189.34, 0.00, 59.99, 117544, 116488, 128, 44.0, , 1
Java, fannkuch-redux, 2,  2000.98, 238.88, 196.00, 0.00, 62.11, 121709, 121188, 143, 43.0, , 1
Java, fannkuch-redux, 2,  2592.81, 305.68, 250.12, 0.00, 82.33, 155743, 117719, 178, 43.0, , 1
Java, fannkuch-redux, 2,  2007.19, 237.60, 194.95, 0.00, 61.78, 121046, 120530, 122, 44.0, , 1
Java, fannkuch-redux, 2,  1984.83, 235.20, 192.97, 0.00, 61.18, 119874, 119297, 139, 43.0, , 1
Java, fannkuch-redux, 2,  1928.86, 228.14, 187.21, 0.00, 59.33, 116232, 115268, 114, 44.0, , 1
Java, fannkuch-redux, 2,  1918.59, 227.66, 186.81, 0.00, 59.23, 116060, 115538, 130, 43.0, , 1
Java, fannkuch-redux, 2,  1894.20, 225.39, 184.95, 0.00, 58.62, 114868, 114406, 109, 43.0, , 1
Java, fannkuch-redux, 2,  1956.80, 231.48, 189.95, 0.00, 60.17, 117905, 117389, 127, 43.0, , 1
Java, fannkuch-redux, 2,  1956.61, 232.56, 190.81, 0.00, 60.48, 118510, 117980, 109, 43.0, , 1
Java, fannkuch-redux, 2,  2012.17, 238.19, 195.43, 0.00, 61.93, 121341, 120298, 158, 43.0, , 1
Java, fannkuch-redux, 2,  1975.53, 234.46, 192.37, 0.00, 60.99, 119505, 118959, 119, 43.0, , 1
Java, fannkuch-redux, 2,  1955.83, 232.27, 190.56, 0.00, 60.39, 118328, 117769, 153, 43.0, , 1
Java, fasta, 2,  145.84, 16.86, 13.82, 0.00, 4.43, 8595, 8455, 112, 44.0, , 1
Java, fasta, 2,  146.37, 16.93, 13.87, 0.00, 4.45, 8619, 8505, 84, 43.0, , 1
Java, fasta, 2,  148.69, 17.17, 14.06, 0.00, 4.51, 8736, 8579, 98, 44.0, , 1
Java, fasta, 2,  147.44, 17.08, 13.99, 0.00, 4.49, 8706, 8588, 93, 44.0, , 1
Java, fasta, 2,  150.01, 17.54, 14.38, 0.00, 4.59, 8911, 8809, 82, 45.0, , 1
Java, fasta, 2,  148.27, 17.16, 14.06, 0.00, 4.51, 8751, 8634, 94, 44.0, , 1
Java, fasta, 2,  152.21, 17.61, 14.44, 0.00, 4.61, 8949, 8813, 109, 44.0, , 1
Java, fasta, 2,  152.49, 17.66, 14.48, 0.00, 4.62, 8978, 8849, 103, 43.0, , 1
Java, fasta, 2,  147.66, 17.32, 14.18, 0.00, 4.56, 8845, 8715, 111, 44.0, , 1
Java, fasta, 2,  148.88, 17.52, 14.37, 0.00, 4.59, 8908, 8767, 114, 43.0, , 1
Java, fasta, 2,  153.52, 18.16, 14.89, 0.00, 4.76, 9237, 9089, 110, 44.0, , 1
Java, fasta, 2,  147.70, 17.30, 14.17, 0.00, 4.56, 8843, 8698, 113, 43.0, , 1
Java, fasta, 2,  150.16, 17.69, 14.50, 0.00, 4.64, 8990, 8858, 98, 44.0, , 1
Java, fasta, 2,  153.26, 18.02, 14.77, 0.00, 4.72, 9160, 9002, 116, 43.0, , 1
Java, fasta, 2,  151.20, 17.68, 14.47, 0.00, 4.65, 9030, 8905, 94, 43.0, , 1
Java, fasta, 2,  147.17, 17.35, 14.22, 0.00, 4.54, 8813, 8681, 99, 43.0, , 1
Java, fasta, 2,  154.71, 18.36, 15.05, 0.00, 4.81, 9336, 9207, 95, 43.0, , 1
Java, fasta, 2,  146.90, 17.32, 14.18, 0.00, 4.56, 8847, 8730, 89, 43.0, , 1
Java, fasta, 2,  150.20, 17.74, 14.54, 0.00, 4.65, 9019, 8891, 93, 43.0, , 1
Java, fasta, 2,  150.29, 17.53, 14.35, 0.00, 4.62, 8953, 8807, 110, 44.0, , 1
Java, k-nucleotide, 2,  678.77, 80.42, 65.92, 0.00, 23.23, 40953, 40098, 688, 44.0, , 1
Java, k-nucleotide, 2,  668.59, 78.64, 64.47, 0.00, 22.77, 40062, 39194, 701, 44.0, , 1
Java, k-nucleotide, 2,  691.71, 81.65, 66.92, 0.00, 23.55, 41569, 40185, 734, 43.0, , 1
Java, k-nucleotide, 2,  694.55, 82.46, 67.58, 0.00, 23.75, 41972, 41086, 724, 43.0, , 1
Java, k-nucleotide, 2,  654.34, 77.13, 63.23, 0.00, 22.37, 39287, 38443, 721, 43.0, , 1
Java, k-nucleotide, 2,  667.35, 78.63, 64.46, 0.00, 22.76, 40039, 39189, 686, 44.0, , 1
Java, k-nucleotide, 2,  645.68, 75.46, 61.86, 0.00, 21.96, 38469, 37652, 672, 43.0, , 1
Java, k-nucleotide, 2,  651.73, 76.38, 62.61, 0.00, 22.19, 38903, 38023, 711, 43.0, , 1
Java, k-nucleotide, 2,  690.31, 81.94, 67.16, 0.00, 23.62, 41686, 40804, 719, 43.0, , 1
Java, k-nucleotide, 2,  675.62, 78.95, 64.73, 0.00, 22.88, 40238, 39343, 747, 44.0, , 1
Java, k-nucleotide, 2,  717.13, 83.80, 68.67, 0.00, 24.11, 42630, 41717, 743, 43.0, , 1
Java, k-nucleotide, 2,  706.03, 83.50, 68.43, 0.00, 24.03, 42499, 41591, 738, 43.0, , 1
Java, k-nucleotide, 2,  707.44, 83.16, 68.14, 0.00, 23.98, 42384, 41505, 693, 42.0, , 1
Java, k-nucleotide, 2,  669.64, 79.01, 64.78, 0.00, 22.87, 40243, 39450, 665, 43.0, , 1
Java, k-nucleotide, 2,  682.76, 80.49, 65.97, 0.00, 23.26, 40988, 40118, 692, 43.0, , 1
Java, k-nucleotide, 2,  679.01, 79.76, 65.39, 0.00, 23.08, 40629, 39772, 692, 43.0, , 1
Java, k-nucleotide, 2,  694.29, 80.99, 66.39, 0.00, 23.40, 41253, 39826, 726, 43.0, , 1
Java, k-nucleotide, 2,  662.72, 78.06, 63.99, 0.00, 22.62, 39754, 38949, 683, 43.0, , 1
Java, k-nucleotide, 2,  671.54, 79.16, 64.89, 0.00, 22.91, 40307, 39438, 713, 44.0, , 1
Java, k-nucleotide, 2,  690.86, 81.74, 66.99, 0.00, 23.60, 41636, 40722, 735, 43.0, , 1
Java, mandelbrot, 2,  626.00, 74.39, 60.98, 0.00, 19.37, 37860, 37640, 104, 43.0, , 1
Java, mandelbrot, 2,  646.25, 76.94, 63.07, 0.00, 20.04, 39170, 38940, 113, 43.0, , 1
Java, mandelbrot, 2,  649.04, 76.97, 63.10, 0.00, 20.05, 39190, 38933, 113, 44.0, , 1
Java, mandelbrot, 2,  678.43, 79.64, 65.29, 0.00, 20.75, 40562, 40304, 120, 44.0, , 1
Java, mandelbrot, 2,  670.73, 78.99, 64.75, 0.00, 20.57, 40218, 39957, 122, 43.0, , 1
Java, mandelbrot, 2,  672.37, 79.98, 65.57, 0.00, 20.81, 40700, 40470, 131, 43.0, , 1
Java, mandelbrot, 2,  657.83, 77.67, 63.65, 0.00, 20.24, 39572, 39312, 122, 43.0, , 1
Java, mandelbrot, 2,  636.06, 74.82, 61.33, 0.00, 19.49, 38098, 37876, 99, 44.0, , 1
Java, mandelbrot, 2,  617.03, 72.11, 59.07, 0.00, 18.80, 36742, 36505, 108, 43.0, , 1
Java, mandelbrot, 2,  625.88, 73.51, 60.24, 0.00, 19.13, 37397, 37159, 114, 43.0, , 1
Java, mandelbrot, 2,  650.26, 76.04, 62.33, 0.00, 19.79, 38697, 38479, 107, 44.0, , 1
Java, mandelbrot, 2,  627.26, 73.52, 60.23, 0.00, 19.16, 37452, 36799, 107, 44.0, , 1
Java, mandelbrot, 2,  643.06, 75.73, 62.08, 0.00, 19.72, 38543, 38296, 115, 43.0, , 1
Java, mandelbrot, 2,  663.58, 78.02, 63.94, 0.00, 20.39, 39735, 38318, 129, 43.0, , 1
Java, mandelbrot, 2,  654.17, 77.27, 63.36, 0.00, 20.14, 39346, 38434, 124, 43.0, , 1
Java, mandelbrot, 2,  640.68, 75.33, 61.77, 0.00, 19.63, 38368, 38149, 115, 43.0, , 1
Java, mandelbrot, 2,  648.65, 76.14, 62.43, 0.00, 19.84, 38773, 38503, 128, 44.0, , 1
Java, mandelbrot, 2,  656.82, 77.83, 63.81, 0.00, 20.27, 39629, 39353, 127, 44.0, , 1
Java, mandelbrot, 2,  669.06, 78.77, 64.60, 0.00, 20.52, 40124, 39848, 124, 43.0, , 1
Java, mandelbrot, 2,  665.31, 78.05, 63.99, 0.00, 20.33, 39752, 39537, 120, 43.0, , 1
Java, n-body, 2,  255.32, 30.35, 24.90, 0.00, 7.92, 15484, 15356, 64, 43.0, , 1
Java, n-body, 2,  243.30, 28.76, 23.59, 0.00, 7.49, 14646, 14543, 54, 43.0, , 1
Java, n-body, 2,  242.56, 28.43, 23.30, 0.00, 7.41, 14492, 14389, 54, 43.0, , 1
Java, n-body, 2,  244.16, 28.97, 23.76, 0.00, 7.55, 14746, 14613, 60, 42.0, , 1
Java, n-body, 2,  235.28, 27.70, 22.70, 0.00, 7.23, 14133, 14033, 56, 43.0, , 1
Java, n-body, 2,  243.04, 28.85, 23.69, 0.00, 7.51, 14679, 14564, 59, 43.0, , 1
Java, n-body, 2,  247.63, 29.25, 23.99, 0.00, 7.63, 14906, 14758, 63, 43.0, , 1
Java, n-body, 2,  243.79, 29.06, 23.84, 0.00, 7.57, 14806, 14721, 49, 43.0, , 1
Java, n-body, 2,  242.14, 28.79, 23.62, 0.00, 7.51, 14679, 14580, 59, 43.0, , 1
Java, n-body, 2,  243.37, 28.85, 23.66, 0.00, 7.53, 14713, 14619, 49, 43.0, , 1
Java, n-body, 2,  250.78, 29.66, 24.34, 0.00, 7.73, 15103, 14984, 56, 43.0, , 1
Java, n-body, 2,  237.37, 28.08, 23.03, 0.00, 7.32, 14306, 14207, 50, 43.0, , 1
Java, n-body, 2,  249.48, 29.58, 24.26, 0.00, 7.71, 15077, 14970, 56, 43.0, , 1
Java, n-body, 2,  241.98, 28.60, 23.46, 0.00, 7.46, 14567, 14458, 49, 43.0, , 1
Java, n-body, 2,  251.50, 29.26, 23.99, 0.00, 7.65, 14953, 14838, 60, 43.0, , 1
Java, n-body, 2,  248.02, 29.13, 23.89, 0.00, 7.59, 14820, 14243, 56, 43.0, , 1
Java, n-body, 2,  237.14, 28.12, 23.05, 0.00, 7.34, 14348, 14248, 49, 43.0, , 1
Java, n-body, 2,  225.22, 26.50, 21.71, 0.00, 6.91, 13510, 13428, 39, 43.0, , 1
Java, n-body, 2,  227.62, 26.57, 21.78, 0.00, 6.92, 13523, 13441, 41, 43.0, , 1
Java, n-body, 2,  225.05, 26.49, 21.72, 0.00, 6.91, 13494, 13386, 44, 44.0, , 1
Java, regex-redux, 2,  771.02, 90.26, 73.71, 0.00, 25.24, 46005, 44585, 1226, 43.0, , 1
Java, regex-redux, 2,  787.11, 92.59, 75.60, 0.00, 25.83, 47149, 45706, 1262, 43.0, , 1
Java, regex-redux, 2,  796.57, 94.36, 77.05, 0.00, 26.29, 48032, 46524, 1290, 43.0, , 1
Java, regex-redux, 2,  797.38, 93.69, 76.52, 0.00, 26.12, 47727, 46273, 1266, 43.0, , 1
Java, regex-redux, 2,  781.30, 90.63, 74.02, 0.00, 25.33, 46174, 44758, 1224, 43.0, , 1
Java, regex-redux, 2,  788.46, 92.73, 75.74, 0.00, 25.87, 47235, 45803, 1224, 43.0, , 1
Java, regex-redux, 2,  803.44, 94.89, 77.49, 0.00, 26.42, 48303, 46886, 1251, 43.0, , 1
Java, regex-redux, 2,  777.20, 91.75, 74.93, 0.00, 25.63, 46735, 45322, 1237, 43.0, , 1
Java, regex-redux, 2,  816.50, 95.81, 78.23, 0.00, 26.69, 48798, 47319, 1230, 43.0, , 1
Java, regex-redux, 2,  788.08, 92.41, 75.47, 0.00, 25.79, 47064, 45645, 1226, 43.0, , 1
Java, regex-redux, 2,  831.07, 98.61, 80.51, 0.00, 27.43, 50219, 48232, 1272, 43.0, , 1
Java, regex-redux, 2,  824.23, 97.64, 79.71, 0.00, 27.17, 49700, 48164, 1340, 43.0, , 1
Java, regex-redux, 2,  805.64, 95.18, 77.72, 0.00, 26.56, 48466, 46660, 1261, 43.0, , 1
Java, regex-redux, 2,  784.24, 92.47, 75.50, 0.00, 25.83, 47095, 45490, 1201, 43.0, , 1
Java, regex-redux, 2,  785.19, 92.48, 75.53, 0.00, 25.84, 47116, 45468, 1286, 43.0, , 1
Java, regex-redux, 2,  803.39, 95.49, 77.98, 0.00, 26.61, 48631, 47110, 1261, 43.0, , 1
Java, regex-redux, 2,  811.83, 94.85, 77.45, 0.00, 26.43, 48304, 46839, 1269, 43.0, , 1
Java, regex-redux, 2,  785.93, 91.63, 74.83, 0.00, 25.61, 46698, 45276, 1247, 43.0, , 1
Java, regex-redux, 2,  788.16, 92.49, 75.54, 0.00, 25.83, 47123, 45738, 1186, 43.0, , 1
Java, regex-redux, 2,  761.87, 89.44, 73.06, 0.00, 25.03, 45568, 44201, 1190, 43.0, , 1
Java, reverse-complement, 2,  50.08, 5.77, 4.63, 0.00, 2.07, 2949, 1863, 1069, 43.0, , 1
Java, reverse-complement, 2,  50.12, 5.79, 4.65, 0.00, 2.07, 2945, 1845, 1084, 43.0, , 1
Java, reverse-complement, 2,  49.88, 5.75, 4.61, 0.00, 2.06, 2927, 1852, 1058, 43.0, , 1
Java, reverse-complement, 2,  51.07, 5.90, 4.74, 0.00, 2.09, 3000, 1895, 1089, 43.0, , 1
Java, reverse-complement, 2,  52.34, 6.07, 4.89, 0.00, 2.14, 3082, 1919, 1147, 43.0, , 1
Java, reverse-complement, 2,  54.32, 6.32, 5.09, 0.00, 2.21, 3206, 2045, 1144, 43.0, , 1
Java, reverse-complement, 2,  54.43, 6.34, 5.10, 0.00, 2.22, 3228, 2058, 1153, 43.0, , 1
Java, reverse-complement, 2,  54.06, 6.28, 5.05, 0.00, 2.20, 3193, 1960, 1215, 43.0, , 1
Java, reverse-complement, 2,  52.84, 6.04, 4.84, 0.00, 2.17, 3108, 1970, 1122, 43.0, , 1
Java, reverse-complement, 2,  51.79, 5.96, 4.79, 0.00, 2.13, 3052, 1907, 1127, 43.0, , 1
Java, reverse-complement, 2,  51.77, 5.99, 4.81, 0.00, 2.12, 3043, 1957, 1070, 43.0, , 1
Java, reverse-complement, 2,  50.71, 5.87, 4.72, 0.00, 2.08, 2984, 1880, 1088, 43.0, , 1
Java, reverse-complement, 2,  51.72, 5.99, 4.81, 0.00, 2.12, 3050, 1962, 1072, 43.0, , 1
Java, reverse-complement, 2,  52.37, 6.04, 4.86, 0.00, 2.13, 3069, 1957, 1097, 43.0, , 1
Java, reverse-complement, 2,  53.61, 6.19, 4.98, 0.00, 2.18, 3143, 1928, 1187, 43.0, , 1
Java, reverse-complement, 2,  54.21, 6.24, 5.02, 0.00, 2.19, 3163, 1993, 1151, 43.0, , 1
Java, reverse-complement, 2,  54.10, 6.21, 4.99, 0.00, 2.19, 3164, 1984, 1137, 43.0, , 1
Java, reverse-complement, 2,  54.46, 6.29, 5.06, 0.00, 2.20, 3190, 2041, 1133, 43.0, , 1
Java, reverse-complement, 2,  54.72, 6.31, 5.07, 0.00, 2.22, 3227, 2060, 1150, 43.0, , 1
Java, reverse-complement, 2,  53.38, 6.18, 4.97, 0.00, 2.17, 3146, 2023, 1105, 43.0, , 1
Java, spectral-norm, 2,  99.62, 11.81, 9.70, 0.00, 3.09, 5995, 5871, 62, 43.0, , 1
Java, spectral-norm, 2,  101.95, 11.99, 9.83, 0.00, 3.16, 6132, 6009, 58, 43.0, , 1
Java, spectral-norm, 2,  98.98, 11.68, 9.57, 0.00, 3.07, 5970, 5871, 64, 43.0, , 1
Java, spectral-norm, 2,  98.05, 11.54, 9.46, 0.00, 3.03, 5876, 5760, 69, 43.0, , 1
Java, spectral-norm, 2,  97.81, 11.39, 9.34, 0.00, 2.99, 5816, 5730, 61, 43.0, , 1
Java, spectral-norm, 2,  100.12, 11.60, 9.51, 0.00, 3.04, 5907, 5809, 73, 43.0, , 1
Java, spectral-norm, 2,  104.45, 12.17, 9.99, 0.00, 3.18, 6179, 6088, 65, 43.0, , 1
Java, spectral-norm, 2,  98.48, 11.44, 9.37, 0.00, 3.02, 5851, 5690, 68, 43.0, , 1
Java, spectral-norm, 2,  107.42, 12.60, 10.33, 0.00, 3.31, 6420, 5831, 68, 43.0, , 1
Java, spectral-norm, 2,  96.05, 11.38, 9.33, 0.00, 2.99, 5800, 5702, 60, 43.0, , 1
Java, spectral-norm, 2,  101.30, 12.15, 9.97, 0.00, 3.18, 6177, 6084, 65, 44.0, , 1
Java, spectral-norm, 2,  98.77, 11.82, 9.69, 0.00, 3.09, 6012, 5922, 66, 43.0, , 1
Java, spectral-norm, 2,  101.13, 12.04, 9.87, 0.00, 3.16, 6130, 6036, 58, 43.0, , 1
Java, spectral-norm, 2,  101.25, 12.00, 9.83, 0.00, 3.16, 6132, 6021, 64, 43.0, , 1
Java, spectral-norm, 2,  98.09, 11.53, 9.45, 0.00, 3.04, 5902, 5821, 56, 44.0, , 1
Java, spectral-norm, 2,  98.08, 11.48, 9.41, 0.00, 3.02, 5849, 5670, 62, 44.0, , 1
Java, spectral-norm, 2,  101.78, 11.98, 9.82, 0.00, 3.15, 6107, 6003, 66, 44.0, , 1
Java, spectral-norm, 2,  98.40, 11.60, 9.50, 0.00, 3.05, 5910, 5790, 50, 43.0, , 1
Java, spectral-norm, 2,  98.90, 11.77, 9.65, 0.00, 3.08, 5980, 5887, 58, 43.0, , 1
Java, spectral-norm, 2,  99.93, 11.96, 9.81, 0.00, 3.13, 6077, 5999, 53, 43.0, , 1
Python, binary-trees, 2,  6293.09, 738.19, 603.51, 0.00, 206.90, 375872, 367471, 5742, 44.0, , 1
Python, binary-trees, 2,  6355.57, 747.17, 610.83, 0.00, 209.46, 380380, 371559, 5984, 43.0, , 1
Python, binary-trees, 2,  6398.42, 754.55, 616.84, 0.00, 211.30, 384118, 375648, 6126, 43.0, , 1
Python, binary-trees, 2,  6566.71, 774.40, 632.92, 0.00, 216.32, 394101, 385177, 6331, 43.0, , 1
Python, binary-trees, 2,  6552.44, 770.78, 629.89, 0.00, 215.42, 392271, 384158, 6004, 43.0, , 1
Python, binary-trees, 2,  6418.88, 752.81, 615.51, 0.00, 210.83, 383269, 373853, 6585, 43.0, , 1
Python, binary-trees, 2,  6364.97, 749.09, 612.36, 0.00, 209.88, 381440, 372477, 6088, 43.0, , 1
Python, binary-trees, 2,  6193.43, 726.75, 594.26, 0.00, 204.04, 370046, 362190, 5784, 43.0, , 1
Python, binary-trees, 2,  6463.16, 764.93, 625.13, 0.00, 213.76, 389257, 380148, 6021, 43.0, , 1
Python, binary-trees, 2,  6440.66, 762.66, 623.35, 0.00, 213.28, 388184, 379075, 6357, 43.0, , 1
Python, binary-trees, 2,  6428.54, 756.19, 618.15, 0.00, 211.76, 384970, 376488, 6101, 44.0, , 1
Python, binary-trees, 2,  6699.83, 793.53, 648.34, 0.00, 221.38, 403646, 394316, 6192, 43.0, , 1
Python, binary-trees, 2,  6588.74, 774.88, 633.17, 0.00, 216.57, 394292, 385336, 6129, 43.0, , 1
Python, binary-trees, 2,  6269.83, 736.84, 602.36, 0.00, 206.44, 375169, 367628, 5745, 43.0, , 1
Python, binary-trees, 2,  6505.33, 766.77, 626.82, 0.00, 214.39, 390299, 381126, 6329, 43.0, , 1
Python, binary-trees, 2,  6783.80, 793.53, 648.56, 0.00, 221.46, 403801, 394430, 6249, 43.0, , 1
Python, binary-trees, 2,  7094.61, 838.35, 685.06, 0.00, 233.25, 426448, 416821, 6812, 43.0, , 1
Python, binary-trees, 2,  7112.63, 845.03, 691.11, 0.00, 234.95, 429492, 419154, 6901, 43.0, , 1
Python, binary-trees, 2,  7108.76, 845.67, 691.67, 0.00, 234.70, 429349, 419159, 6871, 43.0, , 1
Python, binary-trees, 2,  7077.65, 848.05, 694.33, 0.00, 234.00, 428117, 418880, 6758, 43.0, , 1
Python, fannkuch-redux, 2,  67721.58, 8051.83, 6591.96, 0.00, 2088.71, 4094100, 4066723, 995, 43.0, , 1
Python, fannkuch-redux, 2,  60739.94, 7173.78, 5882.23, 0.00, 1863.92, 3653254, 3628664, 892, 43.0, , 1
Python, fannkuch-redux, 2,  57501.36, 6768.92, 5552.81, 0.00, 1760.98, 3448425, 3418220, 826, 43.0, , 1
Python, fannkuch-redux, 2,  58821.24, 6915.44, 5670.89, 0.00, 1796.75, 3521489, 3499964, 881, 43.0, , 1
Python, fannkuch-redux, 2,  60361.47, 7111.91, 5826.61, 0.00, 1846.43, 3618907, 3596829, 948, 44.0, , 1
Python, fannkuch-redux, 2,  59591.29, 7004.15, 5737.75, 0.00, 1818.43, 3563998, 3542363, 845, 45.0, , 1
Python, fannkuch-redux, 2,  58895.40, 6931.40, 5678.49, 0.00, 1799.88, 3527414, 3505992, 1015, 46.0, , 1
Python, fannkuch-redux, 2,  60917.67, 7208.78, 5902.72, 0.00, 1871.11, 3666513, 3644290, 850, 45.0, , 1
Python, fannkuch-redux, 2,  61780.25, 7289.95, 5968.75, 0.00, 1892.41, 3707852, 3684709, 999, 45.0, , 1
Python, fannkuch-redux, 2,  59927.00, 7029.95, 5758.47, 0.00, 1827.97, 3577552, 3540669, 881, 45.0, , 1
Python, fannkuch-redux, 2,  59972.04, 6977.60, 5716.33, 0.00, 1812.60, 3551558, 3530190, 896, 45.0, , 1
Python, fannkuch-redux, 2,  60768.23, 6974.89, 5713.88, 0.00, 1811.67, 3549658, 3527532, 1036, 45.0, , 1
Python, fannkuch-redux, 2,  64039.98, 7370.15, 6034.78, 0.00, 1913.16, 3748703, 3725608, 915, 45.0, , 1
Python, fannkuch-redux, 2,  62125.32, 7128.11, 5837.16, 0.00, 1850.48, 3625690, 3601199, 871, 45.0, , 1
Python, fannkuch-redux, 2,  60284.33, 6918.16, 5667.36, 0.00, 1796.75, 3520578, 3499322, 990, 45.0, , 1
Python, fannkuch-redux, 2,  62706.04, 7214.36, 5907.08, 0.00, 1872.54, 3669115, 3646848, 998, 45.0, , 1
Python, fannkuch-redux, 2,  61832.18, 7139.75, 5846.52, 0.00, 1854.35, 3631630, 3600647, 946, 43.0, , 1
Python, fannkuch-redux, 2,  61948.10, 7175.54, 5876.26, 0.00, 1862.78, 3649900, 3625849, 741, 45.0, , 1
Python, fannkuch-redux, 2,  59893.21, 6927.84, 5675.00, 0.00, 1799.09, 3525101, 3503812, 724, 45.0, , 1
Python, fannkuch-redux, 2,  61212.99, 7085.57, 5803.73, 0.00, 1839.83, 3604754, 3581341, 1086, 44.0, , 1
Python, fasta, 2,  2924.86, 337.84, 276.98, 0.00, 87.77, 172019, 170982, 152, 45.0, , 1
Python, fasta, 2,  2924.99, 337.39, 276.62, 0.00, 87.69, 171824, 170176, 158, 44.0, , 1
Python, fasta, 2,  2926.58, 338.87, 277.80, 0.00, 87.99, 172483, 171751, 116, 44.0, , 1
Python, fasta, 2,  3002.79, 349.54, 286.33, 0.00, 90.74, 177821, 176623, 143, 44.0, , 1
Python, fasta, 2,  2954.86, 343.28, 281.32, 0.00, 89.17, 174745, 173141, 138, 45.0, , 1
Python, fasta, 2,  2935.09, 342.75, 280.91, 0.00, 88.99, 174457, 173728, 134, 45.0, , 1
Python, fasta, 2,  2921.94, 344.20, 282.07, 0.00, 89.41, 175186, 173907, 133, 45.0, , 1
Python, fasta, 2,  2802.91, 330.72, 271.19, 0.00, 85.96, 168434, 167504, 127, 44.0, , 1
Python, fasta, 2,  2852.65, 339.45, 278.29, 0.00, 88.18, 172835, 171630, 144, 43.0, , 1
Python, fasta, 2,  2945.64, 349.70, 286.49, 0.00, 90.86, 177931, 176428, 153, 43.0, , 1
Python, fasta, 2,  2843.12, 336.08, 275.52, 0.00, 87.31, 171124, 170370, 139, 44.0, , 1
Python, fasta, 2,  2825.15, 333.33, 273.33, 0.00, 86.63, 169773, 168483, 130, 44.0, , 1
Python, fasta, 2,  2891.72, 343.57, 281.54, 0.00, 89.29, 174885, 173492, 144, 44.0, , 1
Python, fasta, 2,  2764.06, 325.29, 266.79, 0.00, 84.56, 165722, 165052, 125, 45.0, , 1
Python, fasta, 2,  2852.99, 336.33, 275.77, 0.00, 87.38, 171217, 170321, 140, 45.0, , 1
Python, fasta, 2,  2960.56, 353.45, 289.47, 0.00, 91.82, 179833, 177896, 153, 45.0, , 1
Python, fasta, 2,  2879.91, 340.50, 279.15, 0.00, 88.46, 173369, 172629, 127, 45.0, , 1
Python, fasta, 2,  2851.85, 335.23, 274.86, 0.00, 87.14, 170697, 169687, 131, 45.0, , 1
Python, fasta, 2,  2902.58, 341.70, 280.05, 0.00, 88.79, 173940, 172204, 166, 45.0, , 1
Python, fasta, 2,  2910.10, 343.53, 281.55, 0.00, 89.21, 174854, 174131, 118, 45.0, , 1
Python, k-nucleotide, 2,  9033.65, 1050.25, 860.59, 0.00, 319.74, 534207, 527787, 2777, 45.0, , 1
Python, k-nucleotide, 2,  8737.29, 1016.31, 832.81, 0.00, 310.82, 516897, 510810, 2615, 44.0, , 1
Python, k-nucleotide, 2,  8560.91, 997.30, 817.38, 0.00, 301.40, 507471, 501081, 2722, 45.0, , 1
Python, k-nucleotide, 2,  8567.85, 1002.23, 821.56, 0.00, 306.66, 509965, 503897, 2655, 44.0, , 1
Python, k-nucleotide, 2,  8695.99, 1020.43, 836.24, 0.00, 311.48, 519129, 512846, 2693, 45.0, , 1
Python, k-nucleotide, 2,  8622.55, 1012.24, 829.55, 0.00, 309.18, 514926, 508780, 2699, 43.0, , 1
Python, k-nucleotide, 2,  8560.58, 1003.50, 822.58, 0.00, 306.86, 510578, 504417, 2621, 44.0, , 1
Python, k-nucleotide, 2,  8478.16, 988.11, 810.12, 0.00, 303.52, 502832, 496835, 2620, 45.0, , 1
Python, k-nucleotide, 2,  8149.56, 945.53, 775.73, 0.00, 292.40, 481600, 476227, 2714, 44.0, , 1
Python, k-nucleotide, 2,  8215.37, 953.39, 782.08, 0.00, 294.00, 485529, 479874, 2561, 45.0, , 1
Python, k-nucleotide, 2,  8342.25, 965.87, 792.15, 0.00, 297.56, 491750, 486006, 2523, 45.0, , 1
Python, k-nucleotide, 2,  8063.42, 933.97, 766.30, 0.00, 286.14, 475864, 470444, 2476, 45.0, , 1
Python, k-nucleotide, 2,  8251.64, 958.93, 786.66, 0.00, 295.77, 488330, 482685, 2457, 45.0, , 1
Python, k-nucleotide, 2,  8360.15, 968.63, 794.18, 0.00, 298.17, 492964, 487222, 2495, 45.0, , 1
Python, k-nucleotide, 2,  8569.29, 999.83, 819.49, 0.00, 304.88, 508715, 503074, 2645, 44.0, , 1
Python, k-nucleotide, 2,  8524.49, 989.77, 811.79, 0.00, 304.19, 503949, 497916, 2739, 44.0, , 1
Python, k-nucleotide, 2,  8536.64, 990.52, 812.36, 0.00, 303.98, 504276, 498333, 2643, 45.0, , 1
Python, k-nucleotide, 2,  8384.40, 969.87, 795.59, 0.00, 298.43, 493870, 488190, 2487, 44.0, , 1
Python, k-nucleotide, 2,  8388.89, 974.07, 798.61, 0.00, 293.88, 495833, 490038, 2593, 45.0, , 1
Python, k-nucleotide, 2,  8213.42, 949.83, 779.30, 0.00, 293.24, 483791, 478087, 2525, 45.0, , 1
Python, mandelbrot, 2,  26913.95, 3145.53, 2577.57, 0.00, 817.01, 1600971, 1590985, 450, 44.0, , 1
Python, mandelbrot, 2,  25796.90, 3006.49, 2463.85, 0.00, 780.97, 1530294, 1520977, 493, 45.0, , 1
Python, mandelbrot, 2,  26224.51, 3072.88, 2517.80, 0.00, 798.03, 1563758, 1553502, 422, 44.0, , 1
Python, mandelbrot, 2,  26736.05, 3138.98, 2571.66, 0.00, 815.07, 1597305, 1586989, 411, 44.0, , 1
Python, mandelbrot, 2,  26305.92, 3085.92, 2528.12, 0.00, 802.74, 1570225, 1551268, 370, 44.0, , 1
Python, mandelbrot, 2,  27287.55, 3216.10, 2634.16, 0.00, 834.85, 1636157, 1625583, 389, 44.0, , 1
Python, mandelbrot, 2,  27319.21, 3208.85, 2628.46, 0.00, 833.06, 1632559, 1621657, 404, 44.0, , 1
Python, mandelbrot, 2,  26812.05, 3151.15, 2580.64, 0.00, 818.01, 1602898, 1593065, 363, 44.0, , 1
Python, mandelbrot, 2,  28144.31, 3324.53, 2722.04, 0.00, 862.84, 1690623, 1680096, 364, 45.0, , 1
Python, mandelbrot, 2,  28048.26, 3298.04, 2698.89, 0.00, 855.83, 1676766, 1665291, 326, 45.0, , 1
Python, mandelbrot, 2,  26393.33, 3109.25, 2545.34, 0.00, 806.95, 1581136, 1571141, 456, 45.0, , 1
Python, mandelbrot, 2,  27773.80, 3291.88, 2694.53, 0.00, 854.39, 1674020, 1663126, 502, 45.0, , 1
Python, mandelbrot, 2,  27568.99, 3254.80, 2664.29, 0.00, 844.80, 1655269, 1644381, 548, 45.0, , 1
Python, mandelbrot, 2,  27437.63, 3230.42, 2645.24, 0.00, 838.74, 1643340, 1632354, 443, 45.0, , 1
Python, mandelbrot, 2,  27346.71, 3223.17, 2639.24, 0.00, 836.86, 1639620, 1628363, 537, 45.0, , 1
Python, mandelbrot, 2,  27796.86, 3271.33, 2678.57, 0.00, 851.58, 1664366, 1637049, 526, 45.0, , 1
Python, mandelbrot, 2,  27784.08, 3271.49, 2678.66, 0.00, 849.43, 1664332, 1653030, 609, 45.0, , 1
Python, mandelbrot, 2,  27009.91, 3181.70, 2605.16, 0.00, 826.09, 1618528, 1607740, 425, 45.0, , 1
Python, mandelbrot, 2,  28882.14, 3429.77, 2808.09, 0.00, 890.47, 1744821, 1733785, 398, 45.0, , 1
Python, mandelbrot, 2,  29146.53, 3455.83, 2829.20, 0.00, 897.29, 1757979, 1745261, 421, 45.0, , 1
Python, n-body, 2,  16609.97, 1956.43, 1601.84, 0.00, 507.71, 995096, 988904, 192, 45.0, , 1
Python, n-body, 2,  16917.06, 1993.69, 1631.88, 0.00, 517.19, 1013691, 1007246, 223, 45.0, , 1
Python, n-body, 2,  17191.47, 2022.91, 1655.44, 0.00, 524.66, 1028347, 1021746, 223, 45.0, , 1
Python, n-body, 2,  17361.08, 2041.32, 1670.72, 0.00, 529.55, 1037929, 1031668, 253, 45.0, , 1
Python, n-body, 2,  16351.07, 1911.77, 1565.51, 0.00, 496.14, 972456, 966352, 249, 46.0, , 1
Python, n-body, 2,  16105.73, 1878.63, 1538.78, 0.00, 487.73, 955971, 950522, 286, 45.0, , 1
Python, n-body, 2,  15992.07, 1873.68, 1535.03, 0.00, 486.53, 953617, 947578, 283, 45.0, , 1
Python, n-body, 2,  15860.26, 1843.43, 1510.50, 0.00, 478.93, 938545, 932822, 250, 46.0, , 1
Python, n-body, 2,  15993.23, 1853.71, 1518.88, 0.00, 481.58, 943680, 938389, 244, 45.0, , 1
Python, n-body, 2,  16110.25, 1869.10, 1531.59, 0.00, 485.70, 951659, 943908, 209, 45.0, , 1
Python, n-body, 2,  15535.03, 1797.41, 1473.19, 0.00, 467.18, 915452, 910221, 276, 45.0, , 1
Python, n-body, 2,  15916.75, 1846.33, 1513.04, 0.00, 479.77, 940101, 934216, 311, 45.0, , 1
Python, n-body, 2,  15036.92, 1741.77, 1427.92, 0.00, 452.80, 887269, 882387, 270, 45.0, , 1
Python, n-body, 2,  15701.73, 1830.91, 1500.44, 0.00, 475.70, 932194, 926575, 252, 45.0, , 1
Python, n-body, 2,  16360.11, 1917.56, 1570.13, 0.00, 497.76, 975347, 969037, 313, 45.0, , 1
Python, n-body, 2,  16176.09, 1896.06, 1552.98, 0.00, 492.34, 964774, 959122, 471, 45.0, , 1
Python, n-body, 2,  16803.57, 1973.52, 1616.06, 0.00, 512.34, 1003905, 997277, 433, 45.0, , 1
Python, n-body, 2,  16030.47, 1871.13, 1533.27, 0.00, 486.10, 952546, 947188, 254, 45.0, , 1
Python, n-body, 2,  16397.31, 1922.86, 1574.83, 0.00, 499.23, 978256, 972064, 267, 44.0, , 1
Python, n-body, 2,  16072.99, 1878.44, 1539.04, 0.00, 487.93, 956130, 950173, 315, 45.0, , 1
Python, regex-redux, 2,  779.71, 91.06, 74.55, 0.00, 24.84, 46382, 44475, 1553, 45.0, , 1
Python, regex-redux, 2,  780.72, 91.45, 74.86, 0.00, 24.93, 46582, 44772, 1583, 45.0, , 1
Python, regex-redux, 2,  767.72, 89.46, 73.22, 0.00, 24.41, 45574, 43881, 1530, 45.0, , 1
Python, regex-redux, 2,  768.94, 89.56, 73.31, 0.00, 24.43, 45620, 43947, 1504, 45.0, , 1
Python, regex-redux, 2,  776.38, 89.26, 73.06, 0.00, 24.37, 45472, 43746, 1551, 45.0, , 1
Python, regex-redux, 2,  788.19, 91.63, 75.02, 0.00, 25.00, 46668, 44872, 1621, 45.0, , 1
Python, regex-redux, 2,  821.68, 96.47, 78.93, 0.00, 26.23, 49082, 47252, 1653, 45.0, , 1
Python, regex-redux, 2,  800.32, 93.43, 76.45, 0.00, 25.47, 47600, 45794, 1585, 45.0, , 1
Python, regex-redux, 2,  811.06, 94.57, 77.40, 0.00, 25.78, 48158, 46192, 1592, 45.0, , 1
Python, regex-redux, 2,  791.01, 91.60, 74.97, 0.00, 25.00, 46650, 44787, 1487, 45.0, , 1
Python, regex-redux, 2,  791.93, 92.34, 75.57, 0.00, 25.20, 47041, 44664, 1559, 45.0, , 1
Python, regex-redux, 2,  782.09, 91.31, 74.73, 0.00, 24.92, 46509, 44653, 1532, 45.0, , 1
Python, regex-redux, 2,  786.50, 92.16, 75.43, 0.00, 25.12, 46928, 45214, 1512, 45.0, , 1
Python, regex-redux, 2,  790.71, 93.00, 76.13, 0.00, 25.33, 47343, 45585, 1594, 45.0, , 1
Python, regex-redux, 2,  783.13, 91.53, 74.90, 0.00, 24.99, 46650, 44921, 1560, 45.0, , 1
Python, regex-redux, 2,  774.09, 90.33, 73.95, 0.00, 24.67, 46017, 44237, 1581, 45.0, , 1
Python, regex-redux, 2,  792.77, 92.15, 75.43, 0.00, 25.13, 46945, 45163, 1615, 45.0, , 1
Python, regex-redux, 2,  783.50, 90.80, 74.32, 0.00, 24.77, 46262, 44559, 1543, 45.0, , 1
Python, regex-redux, 2,  787.12, 91.78, 75.12, 0.00, 25.04, 46732, 44819, 1593, 45.0, , 1
Python, regex-redux, 2,  786.41, 91.73, 75.08, 0.00, 25.05, 46721, 44734, 1638, 45.0, , 1
Python, reverse-complement, 2,  132.15, 15.43, 12.61, 0.00, 4.54, 7857, 6314, 1510, 45.0, , 1
Python, reverse-complement, 2,  132.71, 15.35, 12.53, 0.00, 4.53, 7832, 6248, 1428, 45.0, , 1
Python, reverse-complement, 2,  131.78, 15.35, 12.55, 0.00, 4.52, 7805, 6064, 1651, 45.0, , 1
Python, reverse-complement, 2,  132.41, 15.28, 12.48, 0.00, 4.51, 7794, 6249, 1490, 45.0, , 1
Python, reverse-complement, 2,  133.69, 15.43, 12.61, 0.00, 4.53, 7854, 6314, 1504, 45.0, , 1
Python, reverse-complement, 2,  134.99, 15.76, 12.88, 0.00, 4.61, 8012, 6439, 1523, 45.0, , 1
Python, reverse-complement, 2,  133.31, 15.62, 12.77, 0.00, 4.57, 7921, 6335, 1549, 45.0, , 1
Python, reverse-complement, 2,  139.83, 16.45, 13.44, 0.00, 4.81, 8360, 6623, 1593, 45.0, , 1
Python, reverse-complement, 2,  140.17, 16.46, 13.44, 0.00, 4.81, 8377, 6689, 1592, 45.0, , 1
Python, reverse-complement, 2,  137.85, 16.24, 13.27, 0.00, 4.75, 8262, 6729, 1480, 45.0, , 1
Python, reverse-complement, 2,  136.07, 15.86, 12.96, 0.00, 4.65, 8074, 6482, 1547, 45.0, , 1
Python, reverse-complement, 2,  137.93, 16.07, 13.13, 0.00, 4.70, 8169, 6564, 1561, 45.0, , 1
Python, reverse-complement, 2,  137.22, 15.96, 13.04, 0.00, 4.68, 8127, 6570, 1473, 45.0, , 1
Python, reverse-complement, 2,  135.65, 15.67, 12.81, 0.00, 4.59, 7972, 6401, 1537, 45.0, , 1
Python, reverse-complement, 2,  142.10, 16.54, 13.50, 0.00, 4.83, 8412, 6850, 1521, 45.0, , 1
Python, reverse-complement, 2,  154.72, 18.17, 14.84, 0.00, 5.24, 9219, 6991, 1630, 45.0, , 1
Python, reverse-complement, 2,  141.46, 16.85, 13.77, 0.00, 4.90, 8551, 6910, 1604, 45.0, , 1
Python, reverse-complement, 2,  138.40, 16.26, 13.27, 0.00, 4.76, 8301, 6816, 1450, 45.0, , 1
Python, reverse-complement, 2,  136.91, 16.04, 13.10, 0.00, 4.68, 8150, 6594, 1518, 45.0, , 1
Python, reverse-complement, 2,  137.83, 16.22, 13.25, 0.00, 4.74, 8262, 6704, 1526, 45.0, , 1
Python, spectral-norm, 2,  20114.02, 2352.29, 1926.50, 0.00, 611.17, 1196510, 1188365, 543, 45.0, , 1
Python, spectral-norm, 2,  20207.09, 2373.93, 1943.98, 0.00, 616.60, 1207417, 1199885, 487, 45.0, , 1
Python, spectral-norm, 2,  19713.62, 2312.51, 1893.94, 0.00, 600.83, 1176384, 1168989, 539, 45.0, , 1
Python, spectral-norm, 2,  20061.23, 2347.84, 1922.93, 0.00, 609.93, 1194313, 1186385, 456, 45.0, , 1
Python, spectral-norm, 2,  18800.95, 2189.62, 1794.48, 0.00, 569.27, 1114791, 1108015, 416, 45.0, , 1
Python, spectral-norm, 2,  19141.08, 2236.15, 1832.33, 0.00, 581.33, 1138267, 1130829, 448, 45.0, , 1
Python, spectral-norm, 2,  18609.78, 2165.98, 1775.48, 0.00, 563.26, 1103008, 1096294, 463, 45.0, , 1
Python, spectral-norm, 2,  18075.01, 2087.38, 1711.03, 0.00, 542.98, 1063111, 1056769, 522, 45.0, , 1
Python, spectral-norm, 2,  18630.89, 2159.29, 1769.86, 0.00, 561.56, 1099453, 1092873, 439, 45.0, , 1
Python, spectral-norm, 2,  18879.38, 2190.24, 1795.19, 0.00, 569.79, 1115305, 1106367, 467, 45.0, , 1
Python, spectral-norm, 2,  18858.22, 2176.69, 1784.09, 0.00, 567.29, 1108590, 1094143, 532, 45.0, , 1
Python, spectral-norm, 2,  18683.62, 2162.54, 1772.44, 0.00, 562.42, 1101090, 1094315, 517, 45.0, , 1
Python, spectral-norm, 2,  19489.48, 2261.77, 1853.39, 0.00, 588.02, 1151237, 1144012, 556, 45.0, , 1
Python, spectral-norm, 2,  18974.67, 2202.34, 1804.92, 0.00, 572.87, 1121277, 1113024, 490, 45.0, , 1
Python, spectral-norm, 2,  18641.25, 2127.72, 1744.08, 0.00, 553.47, 1083572, 1077080, 413, 45.0, , 1
Python, spectral-norm, 2,  19475.09, 2214.11, 1814.47, 0.00, 575.70, 1127107, 1120291, 436, 45.0, , 1
Python, spectral-norm, 2,  19269.19, 2189.67, 1794.57, 0.00, 569.50, 1114907, 1107787, 490, 45.0, , 1
Python, spectral-norm, 2,  19147.52, 2186.30, 1791.72, 0.00, 568.59, 1113131, 1106356, 573, 45.0, , 1
Python, spectral-norm, 2,  19731.35, 2256.64, 1849.28, 0.00, 586.72, 1148772, 1141912, 507, 45.0, , 1
Python, spectral-norm, 2,  18918.19, 2150.35, 1762.55, 0.00, 559.36, 1095126, 1088398, 523, 45.0, , 1
C, binary-trees, 10,  78.12, 28.89, 27.71, 0.00, 2.08, 2902, 2688, 199, 54.0, , 1
C, binary-trees, 10,  77.82, 28.77, 27.59, 0.00, 2.07, 2887, 2671, 200, 53.0, , 1
C, binary-trees, 10,  77.70, 28.75, 27.58, 0.00, 2.07, 2886, 2667, 203, 54.0, , 1
C, binary-trees, 10,  77.79, 28.76, 27.60, 0.00, 2.07, 2887, 2661, 210, 55.0, , 1
C, binary-trees, 10,  77.70, 28.76, 27.59, 0.00, 2.07, 2886, 2672, 199, 55.0, , 1
C, binary-trees, 10,  79.10, 29.16, 27.98, 0.00, 2.09, 2926, 2694, 193, 55.0, , 1
C, binary-trees, 10,  78.79, 28.84, 27.67, 0.00, 2.07, 2894, 2679, 189, 55.0, , 1
C, binary-trees, 10,  78.66, 28.80, 27.62, 0.00, 2.08, 2890, 2660, 210, 55.0, , 1
C, binary-trees, 10,  78.84, 28.96, 27.78, 0.00, 2.09, 2905, 2686, 192, 55.0, , 1
C, binary-trees, 10,  78.17, 28.78, 27.61, 0.00, 2.08, 2888, 2670, 200, 55.0, , 1
C, binary-trees, 10,  78.53, 28.79, 27.61, 0.00, 2.06, 2889, 2668, 203, 55.0, , 1
C, binary-trees, 10,  78.66, 28.99, 27.80, 0.00, 2.09, 2909, 2682, 208, 55.0, , 1
C, binary-trees, 10,  78.36, 28.84, 27.66, 0.00, 2.07, 2894, 2672, 205, 56.0, , 1
C, binary-trees, 10,  77.93, 28.70, 27.53, 0.00, 2.07, 2880, 2668, 198, 56.0, , 1
C, binary-trees, 10,  77.79, 28.62, 27.46, 0.00, 2.05, 2872, 2657, 201, 55.0, , 1
C, binary-trees, 10,  78.18, 28.85, 27.67, 0.00, 2.09, 2895, 2686, 193, 56.0, , 1
C, binary-trees, 10,  79.31, 29.22, 28.04, 0.00, 2.10, 2932, 2704, 202, 56.0, , 1
C, binary-trees, 10,  77.90, 28.81, 27.63, 0.00, 2.08, 2891, 2682, 194, 57.0, , 1
C, binary-trees, 10,  78.14, 28.90, 27.71, 0.00, 2.08, 2900, 2679, 204, 56.0, , 1
C, binary-trees, 10,  78.18, 28.91, 27.73, 0.00, 2.08, 2901, 2688, 196, 55.0, , 1
C, fannkuch-redux, 10,  203.28, 76.20, 73.48, 0.00, 3.91, 7649, 7626, 1, 57.0, , 1
C, fannkuch-redux, 10,  203.76, 76.33, 73.60, 0.00, 3.91, 7662, 7639, 1, 56.0, , 1
C, fannkuch-redux, 10,  204.24, 76.09, 73.36, 0.00, 3.90, 7638, 7625, 0, 56.0, , 1
C, fannkuch-redux, 10,  203.94, 76.32, 73.59, 0.00, 3.91, 7662, 7652, 0, 56.0, , 1
C, fannkuch-redux, 10,  203.04, 76.33, 73.61, 0.00, 3.91, 7663, 7656, 0, 57.0, , 1
C, fannkuch-redux, 10,  203.00, 76.13, 73.39, 0.00, 3.90, 7641, 7633, 0, 57.0, , 1
C, fannkuch-redux, 10,  204.22, 76.62, 73.87, 0.00, 3.93, 7691, 7653, 0, 57.0, , 1
C, fannkuch-redux, 10,  204.13, 76.45, 73.71, 0.00, 3.92, 7674, 7648, 1, 56.0, , 1
C, fannkuch-redux, 10,  203.72, 76.15, 73.42, 0.00, 3.90, 7644, 7630, 3, 57.0, , 1
C, fannkuch-redux, 10,  205.27, 76.15, 73.42, 0.00, 3.90, 7644, 7630, 0, 57.0, , 1
C, fannkuch-redux, 10,  205.44, 76.41, 73.68, 0.00, 3.92, 7672, 7661, 2, 58.0, , 1
C, fannkuch-redux, 10,  204.04, 76.09, 73.36, 0.00, 3.90, 7638, 7632, 0, 57.0, , 1
C, fannkuch-redux, 10,  203.86, 76.31, 73.58, 0.00, 3.91, 7660, 7643, 1, 58.0, , 1
C, fannkuch-redux, 10,  203.81, 76.07, 73.35, 0.00, 3.90, 7637, 7628, 0, 57.0, , 1
C, fannkuch-redux, 10,  204.06, 76.19, 73.47, 0.00, 3.90, 7649, 7629, 2, 58.0, , 1
C, fannkuch-redux, 10,  203.09, 76.13, 73.40, 0.00, 3.90, 7642, 7634, 0, 58.0, , 1
C, fannkuch-redux, 10,  202.73, 76.24, 73.51, 0.00, 3.91, 7654, 7646, 0, 58.0, , 1
C, fannkuch-redux, 10,  204.60, 76.08, 73.36, 0.00, 3.90, 7638, 7631, 0, 59.0, , 1
C, fannkuch-redux, 10,  207.76, 77.70, 74.92, 0.00, 3.98, 7799, 7661, 0, 58.0, , 1
C, fannkuch-redux, 10,  203.79, 76.53, 73.79, 0.00, 3.92, 7681, 7675, 0, 58.0, , 1
C, fasta, 10,  18.43, 6.24, 6.00, 0.00, 0.34, 665, 650, 14, 58.0, , 1
C, fasta, 10,  18.68, 6.34, 6.10, 0.00, 0.34, 662, 650, 11, 58.0, , 1
C, fasta, 10,  18.79, 6.29, 6.05, 0.00, 0.34, 662, 652, 9, 58.0, , 1
C, fasta, 10,  18.78, 6.35, 6.12, 0.00, 0.34, 662, 646, 15, 57.0, , 1
C, fasta, 10,  18.51, 6.23, 6.00, 0.00, 0.34, 662, 643, 18, 57.0, , 1
C, fasta, 10,  18.65, 6.33, 6.09, 0.00, 0.34, 662, 647, 14, 58.0, , 1
C, fasta, 10,  18.72, 6.18, 5.94, 0.00, 0.34, 661, 646, 14, 58.0, , 1
C, fasta, 10,  18.66, 6.18, 5.93, 0.00, 0.34, 662, 652, 9, 57.0, , 1
C, fasta, 10,  18.59, 6.19, 5.96, 0.00, 0.34, 661, 654, 6, 57.0, , 1
C, fasta, 10,  18.77, 6.26, 6.02, 0.00, 0.34, 662, 648, 13, 58.0, , 1
C, fasta, 10,  18.66, 6.12, 5.88, 0.00, 0.34, 662, 646, 14, 58.0, , 1
C, fasta, 10,  18.56, 6.13, 5.90, 0.00, 0.34, 662, 643, 17, 58.0, , 1
C, fasta, 10,  18.77, 6.16, 5.92, 0.00, 0.34, 661, 628, 32, 58.0, , 1
C, fasta, 10,  18.76, 6.17, 5.93, 0.00, 0.34, 662, 640, 20, 58.0, , 1
C, fasta, 10,  18.54, 6.10, 5.87, 0.00, 0.34, 662, 649, 11, 58.0, , 1
C, fasta, 10,  18.64, 6.15, 5.92, 0.00, 0.34, 661, 654, 6, 58.0, , 1
C, fasta, 10,  18.67, 6.18, 5.94, 0.00, 0.34, 662, 638, 23, 58.0, , 1
C, fasta, 10,  18.56, 6.12, 5.88, 0.00, 0.34, 662, 644, 17, 58.0, , 1
C, fasta, 10,  18.57, 6.13, 5.89, 0.00, 0.34, 661, 652, 8, 58.0, , 1
C, fasta, 10,  18.80, 6.21, 5.97, 0.00, 0.34, 662, 646, 14, 57.0, , 1
C, k-nucleotide, 10,  222.35, 82.36, 79.41, 0.00, 4.54, 8264, 8143, 103, 59.0, , 1
C, k-nucleotide, 10,  223.03, 82.47, 79.51, 0.00, 4.54, 8275, 8165, 99, 59.0, , 1
C, k-nucleotide, 10,  223.17, 82.43, 79.49, 0.00, 4.53, 8272, 8152, 110, 58.0, , 1
C, k-nucleotide, 10,  223.69, 82.48, 79.53, 0.00, 4.54, 8276, 8168, 98, 59.0, , 1
C, k-nucleotide, 10,  223.85, 82.97, 80.01, 0.00, 4.56, 8326, 8195, 121, 59.0, , 1
C, k-nucleotide, 10,  222.46, 82.51, 79.57, 0.00, 4.54, 8280, 8181, 89, 59.0, , 1
C, k-nucleotide, 10,  223.02, 82.93, 79.96, 0.00, 4.56, 8321, 8220, 91, 59.0, , 1
C, k-nucleotide, 10,  222.77, 82.91, 79.94, 0.00, 4.56, 8319, 8201, 99, 59.0, , 1
C, k-nucleotide, 10,  222.53, 82.47, 79.52, 0.00, 4.54, 8275, 8166, 99, 58.0, , 1
C, k-nucleotide, 10,  223.03, 82.40, 79.45, 0.00, 4.53, 8269, 8160, 99, 59.0, , 1
C, k-nucleotide, 10,  222.43, 82.57, 79.61, 0.00, 4.55, 8285, 8169, 106, 58.0, , 1
C, k-nucleotide, 10,  222.38, 82.60, 79.65, 0.00, 4.55, 8290, 8197, 84, 59.0, , 1
C, k-nucleotide, 10,  222.59, 82.90, 79.94, 0.00, 4.57, 8319, 8193, 106, 59.0, , 1
C, k-nucleotide, 10,  221.71, 82.77, 79.81, 0.00, 4.56, 8307, 8196, 100, 58.0, , 1
C, k-nucleotide, 10,  222.22, 82.86, 79.89, 0.00, 4.56, 8313, 8205, 99, 60.0, , 1
C, k-nucleotide, 10,  221.61, 82.77, 79.81, 0.00, 4.56, 8306, 8201, 96, 59.0, , 1
C, k-nucleotide, 10,  223.71, 82.47, 79.51, 0.00, 4.54, 8276, 8160, 104, 59.0, , 1
C, k-nucleotide, 10,  223.67, 82.50, 79.55, 0.00, 4.55, 8280, 8162, 109, 59.0, , 1
C, k-nucleotide, 10,  222.36, 82.61, 79.66, 0.00, 4.55, 8293, 8196, 88, 60.0, , 1
C, k-nucleotide, 10,  222.70, 82.82, 79.85, 0.00, 4.56, 8309, 8193, 107, 60.0, , 1
C, mandelbrot, 10,  98.73, 36.72, 35.39, 0.00, 1.89, 3690, 3678, 8, 60.0, , 1
C, mandelbrot, 10,  98.83, 36.71, 35.39, 0.00, 1.89, 3684, 3664, 16, 58.0, , 1
C, mandelbrot, 10,  99.11, 36.72, 35.39, 0.00, 1.89, 3684, 3667, 10, 60.0, , 1
C, mandelbrot, 10,  98.80, 36.72, 35.40, 0.00, 1.89, 3685, 3669, 12, 60.0, , 1
C, mandelbrot, 10,  99.13, 36.73, 35.41, 0.00, 1.89, 3686, 3668, 13, 60.0, , 1
C, mandelbrot, 10,  98.68, 36.63, 35.32, 0.00, 1.88, 3677, 3656, 17, 58.0, , 1
C, mandelbrot, 10,  99.46, 36.78, 35.46, 0.00, 1.89, 3690, 3677, 8, 59.0, , 1
C, mandelbrot, 10,  99.32, 36.71, 35.39, 0.00, 1.89, 3684, 3659, 20, 59.0, , 1
C, mandelbrot, 10,  99.28, 36.72, 35.40, 0.00, 1.89, 3686, 3670, 11, 60.0, , 1
C, mandelbrot, 10,  99.20, 36.68, 35.37, 0.00, 1.89, 3682, 3665, 12, 59.0, , 1
C, mandelbrot, 10,  99.49, 36.77, 35.46, 0.00, 1.89, 3692, 3663, 18, 59.0, , 1
C, mandelbrot, 10,  98.47, 36.83, 35.49, 0.00, 1.89, 3694, 3676, 13, 60.0, , 1
C, mandelbrot, 10,  99.46, 36.80, 35.48, 0.00, 1.90, 3695, 3660, 18, 59.0, , 1
C, mandelbrot, 10,  98.86, 36.71, 35.39, 0.00, 1.89, 3683, 3661, 12, 60.0, , 1
C, mandelbrot, 10,  99.12, 36.63, 35.32, 0.00, 1.89, 3677, 3656, 13, 60.0, , 1
C, mandelbrot, 10,  99.46, 36.72, 35.40, 0.00, 1.89, 3686, 3662, 8, 60.0, , 1
C, mandelbrot, 10,  99.50, 36.83, 35.51, 0.00, 1.90, 3697, 3667, 13, 58.0, , 1
C, mandelbrot, 10,  99.13, 36.69, 35.37, 0.00, 1.89, 3683, 3658, 18, 59.0, , 1
C, mandelbrot, 10,  99.02, 36.70, 35.38, 0.00, 1.89, 3683, 3667, 12, 59.0, , 1
C, mandelbrot, 10,  99.48, 36.74, 35.42, 0.00, 1.89, 3688, 3670, 12, 60.0, , 1
C, n-body, 10,  49.62, 18.29, 17.64, 0.00, 0.94, 1836, 1831, 2, 58.0, , 1
C, n-body, 10,  49.38, 18.31, 17.65, 0.00, 0.94, 1835, 1834, 0, 58.0, , 1
C, n-body, 10,  49.28, 18.15, 17.50, 0.00, 0.93, 1821, 1819, 0, 59.0, , 1
C, n-body, 10,  49.43, 18.15, 17.50, 0.00, 0.93, 1820, 1818, 0, 60.0, , 1
C, n-body, 10,  49.54, 18.23, 17.57, 0.00, 0.94, 1828, 1826, 0, 59.0, , 1
C, n-body, 10,  49.55, 18.30, 17.65, 0.00, 0.94, 1835, 1834, 0, 60.0, , 1
C, n-body, 10,  49.52, 18.33, 17.68, 0.00, 0.94, 1839, 1836, 0, 59.0, , 1
C, n-body, 10,  49.64, 18.31, 17.66, 0.00, 0.94, 1836, 1835, 0, 60.0, , 1
C, n-body, 10,  49.96, 18.42, 17.76, 0.00, 0.95, 1847, 1830, 0, 59.0, , 1
C, n-body, 10,  49.50, 18.34, 17.68, 0.00, 0.94, 1839, 1832, 0, 60.0, , 1
C, n-body, 10,  49.43, 18.30, 17.65, 0.00, 0.94, 1837, 1828, 0, 59.0, , 1
C, n-body, 10,  49.43, 18.29, 17.63, 0.00, 0.94, 1834, 1831, 0, 60.0, , 1
C, n-body, 10,  49.30, 18.31, 17.66, 0.00, 0.94, 1837, 1834, 0, 59.0, , 1
C, n-body, 10,  49.67, 18.43, 17.77, 0.00, 0.95, 1849, 1836, 1, 60.0, , 1
C, n-body, 10,  49.39, 18.33, 17.68, 0.00, 0.94, 1840, 1835, 1, 58.0, , 1
C, n-body, 10,  49.25, 18.31, 17.66, 0.00, 0.94, 1837, 1833, 0, 60.0, , 1
C, n-body, 10,  49.22, 18.30, 17.64, 0.00, 0.94, 1835, 1832, 0, 60.0, , 1
C, n-body, 10,  49.43, 18.29, 17.63, 0.00, 0.94, 1835, 1830, 0, 60.0, , 1
C, n-body, 10,  49.25, 18.26, 17.61, 0.00, 0.94, 1832, 1828, 0, 60.0, , 1
C, n-body, 10,  49.25, 18.29, 17.64, 0.00, 0.94, 1835, 1833, 0, 59.0, , 1
C, regex-redux, 10,  49.30, 18.07, 17.40, 0.00, 1.19, 1813, 1727, 82, 60.0, , 1
C, regex-redux, 10,  49.41, 18.17, 17.49, 0.00, 1.20, 1823, 1742, 77, 59.0, , 1
C, regex-redux, 10,  49.19, 18.11, 17.44, 0.00, 1.20, 1817, 1726, 88, 61.0, , 1
C, regex-redux, 10,  49.45, 18.16, 17.49, 0.00, 1.20, 1823, 1737, 81, 59.0, , 1
C, regex-redux, 10,  49.37, 18.12, 17.45, 0.00, 1.20, 1819, 1728, 86, 59.0, , 1
C, regex-redux, 10,  49.55, 18.11, 17.43, 0.00, 1.19, 1817, 1745, 68, 60.0, , 1
C, regex-redux, 10,  49.37, 18.05, 17.37, 0.00, 1.19, 1810, 1721, 86, 59.0, , 1
C, regex-redux, 10,  49.41, 18.03, 17.36, 0.00, 1.19, 1810, 1728, 78, 60.0, , 1
C, regex-redux, 10,  49.37, 18.12, 17.44, 0.00, 1.19, 1817, 1729, 85, 61.0, , 1
C, regex-redux, 10,  49.27, 18.12, 17.44, 0.00, 1.20, 1818, 1736, 79, 59.0, , 1
C, regex-redux, 10,  49.35, 18.05, 17.38, 0.00, 1.19, 1812, 1730, 78, 60.0, , 1
C, regex-redux, 10,  49.45, 18.02, 17.35, 0.00, 1.19, 1808, 1732, 73, 59.0, , 1
C, regex-redux, 10,  49.24, 18.01, 17.33, 0.00, 1.19, 1806, 1720, 84, 59.0, , 1
C, regex-redux, 10,  49.83, 18.16, 17.48, 0.00, 1.20, 1822, 1727, 76, 61.0, , 1
C, regex-redux, 10,  49.72, 18.07, 17.39, 0.00, 1.20, 1812, 1726, 79, 61.0, , 1
C, regex-redux, 10,  49.85, 18.03, 17.36, 0.00, 1.19, 1810, 1728, 73, 60.0, , 1
C, regex-redux, 10,  49.96, 18.04, 17.37, 0.00, 1.19, 1810, 1735, 69, 60.0, , 1
C, regex-redux, 10,  49.86, 18.05, 17.37, 0.00, 1.19, 1810, 1722, 82, 61.0, , 1
C, regex-redux, 10,  49.89, 18.01, 17.34, 0.00, 1.19, 1807, 1717, 86, 60.0, , 1
C, regex-redux, 10,  50.00, 18.09, 17.42, 0.00, 1.20, 1816, 1731, 81, 60.0, , 1
C, reverse-complement, 10,  3.45, 1.22, 1.15, 0.00, 0.17, 122, 44, 77, 60.0, , 1
C, reverse-complement, 10,  3.56, 1.23, 1.15, 0.00, 0.17, 122, 44, 77, 60.0, , 1
C, reverse-complement, 10,  3.52, 1.22, 1.15, 0.00, 0.17, 122, 43, 78, 60.0, , 1
C, reverse-complement, 10,  3.50, 1.22, 1.15, 0.00, 0.17, 122, 45, 76, 60.0, , 1
C, reverse-complement, 10,  3.55, 1.23, 1.15, 0.00, 0.17, 122, 42, 79, 60.0, , 1
C, reverse-complement, 10,  3.68, 1.22, 1.15, 0.00, 0.17, 122, 44, 77, 60.0, , 1
C, reverse-complement, 10,  3.59, 1.25, 1.17, 0.00, 0.17, 123, 42, 79, 60.0, , 1
C, reverse-complement, 10,  3.49, 1.22, 1.15, 0.00, 0.17, 122, 45, 76, 60.0, , 1
C, reverse-complement, 10,  3.54, 1.23, 1.15, 0.00, 0.17, 121, 41, 80, 60.0, , 1
C, reverse-complement, 10,  3.56, 1.22, 1.15, 0.00, 0.17, 122, 42, 79, 60.0, , 1
C, reverse-complement, 10,  3.52, 1.23, 1.15, 0.00, 0.17, 121, 48, 74, 60.0, , 1
C, reverse-complement, 10,  3.53, 1.23, 1.15, 0.00, 0.17, 121, 45, 76, 60.0, , 1
C, reverse-complement, 10,  3.64, 1.23, 1.15, 0.00, 0.17, 121, 43, 77, 60.0, , 1
C, reverse-complement, 10,  3.52, 1.23, 1.15, 0.00, 0.17, 121, 47, 75, 60.0, , 1
C, reverse-complement, 10,  3.51, 1.22, 1.15, 0.00, 0.17, 122, 44, 77, 60.0, , 1
C, reverse-complement, 10,  3.52, 1.23, 1.14, 0.00, 0.17, 121, 39, 81, 59.0, , 1
C, reverse-complement, 10,  3.54, 1.22, 1.14, 0.00, 0.17, 121, 45, 75, 59.0, , 1
C, reverse-complement, 10,  3.54, 1.22, 1.14, 0.00, 0.17, 121, 43, 77, 59.0, , 1
C, reverse-complement, 10,  3.51, 1.22, 1.15, 0.00, 0.17, 122, 43, 77, 59.0, , 1
C, reverse-complement, 10,  3.62, 1.22, 1.15, 0.00, 0.17, 121, 39, 81, 59.0, , 1
C, spectral-norm, 10,  33.36, 12.28, 11.84, 0.00, 0.63, 1231, 1229, 0, 59.0, , 1
C, spectral-norm, 10,  33.14, 12.24, 11.81, 0.00, 0.63, 1229, 1226, 0, 60.0, , 1
C, spectral-norm, 10,  33.08, 12.25, 11.81, 0.00, 0.63, 1229, 1227, 0, 59.0, , 1
C, spectral-norm, 10,  33.11, 12.28, 11.85, 0.00, 0.63, 1232, 1230, 0, 60.0, , 1
C, spectral-norm, 10,  33.15, 12.21, 11.78, 0.00, 0.63, 1225, 1222, 1, 60.0, , 1
C, spectral-norm, 10,  33.01, 12.21, 11.77, 0.00, 0.63, 1225, 1223, 0, 59.0, , 1
C, spectral-norm, 10,  33.15, 12.23, 11.80, 0.00, 0.63, 1227, 1225, 0, 59.0, , 1
C, spectral-norm, 10,  32.97, 12.18, 11.75, 0.00, 0.63, 1223, 1220, 0, 60.0, , 1
C, spectral-norm, 10,  32.93, 12.19, 11.75, 0.00, 0.63, 1222, 1219, 1, 60.0, , 1
C, spectral-norm, 10,  33.11, 12.19, 11.76, 0.00, 0.63, 1224, 1218, 2, 59.0, , 1
C, spectral-norm, 10,  33.00, 12.19, 11.75, 0.00, 0.62, 1223, 1221, 0, 60.0, , 1
C, spectral-norm, 10,  33.00, 12.19, 11.75, 0.00, 0.62, 1222, 1221, 0, 60.0, , 1
C, spectral-norm, 10,  32.99, 12.20, 11.77, 0.00, 0.63, 1224, 1221, 1, 60.0, , 1
C, spectral-norm, 10,  33.03, 12.19, 11.76, 0.00, 0.63, 1223, 1220, 0, 59.0, , 1
C, spectral-norm, 10,  33.05, 12.22, 11.78, 0.00, 0.63, 1226, 1223, 0, 60.0, , 1
C, spectral-norm, 10,  33.34, 12.25, 11.81, 0.00, 0.63, 1228, 1222, 0, 60.0, , 1
C, spectral-norm, 10,  33.04, 12.17, 11.73, 0.00, 0.63, 1221, 1219, 0, 60.0, , 1
C, spectral-norm, 10,  33.00, 12.18, 11.74, 0.00, 0.63, 1220, 1220, 0, 61.0, , 1
C, spectral-norm, 10,  33.18, 12.20, 11.76, 0.00, 0.63, 1223, 1222, 0, 60.0, , 1
C, spectral-norm, 10,  33.08, 12.19, 11.75, 0.00, 0.63, 1222, 1222, 0, 60.0, , 1
C++, binary-trees, 10,  74.53, 27.00, 25.89, 0.00, 1.95, 2710, 2599, 85, 58.0, , 1
C++, binary-trees, 10,  74.22, 26.85, 25.75, 0.00, 1.94, 2695, 2593, 91, 59.0, , 1
C++, binary-trees, 10,  74.32, 26.95, 25.84, 0.00, 1.94, 2704, 2618, 78, 60.0, , 1
C++, binary-trees, 10,  74.39, 26.96, 25.85, 0.00, 1.95, 2705, 2603, 84, 60.0, , 1
C++, binary-trees, 10,  73.97, 26.85, 25.75, 0.00, 1.94, 2694, 2602, 88, 58.0, , 1
C++, binary-trees, 10,  74.30, 26.83, 25.72, 0.00, 1.94, 2691, 2598, 87, 59.0, , 1
C++, binary-trees, 10,  74.60, 26.98, 25.86, 0.00, 1.94, 2705, 2617, 83, 59.0, , 1
C++, binary-trees, 10,  74.08, 26.87, 25.77, 0.00, 1.94, 2697, 2601, 90, 59.0, , 1
C++, binary-trees, 10,  74.34, 27.04, 25.93, 0.00, 1.95, 2713, 2619, 78, 60.0, , 1
C++, binary-trees, 10,  74.04, 26.86, 25.76, 0.00, 1.94, 2695, 2607, 84, 59.0, , 1
C++, binary-trees, 10,  73.97, 26.85, 25.75, 0.00, 1.93, 2694, 2601, 89, 59.0, , 1
C++, binary-trees, 10,  73.81, 26.92, 25.81, 0.00, 1.94, 2701, 2615, 80, 60.0, , 1
C++, binary-trees, 10,  73.85, 26.91, 25.81, 0.00, 1.94, 2700, 2615, 82, 59.0, , 1
C++, binary-trees, 10,  73.53, 26.92, 25.81, 0.00, 1.94, 2701, 2607, 90, 59.0, , 1
C++, binary-trees, 10,  73.55, 26.95, 25.84, 0.00, 1.94, 2703, 2614, 85, 59.0, , 1
C++, binary-trees, 10,  73.66, 26.87, 25.77, 0.00, 1.93, 2697, 2605, 88, 60.0, , 1
C++, binary-trees, 10,  73.81, 26.97, 25.85, 0.00, 1.94, 2704, 2612, 88, 60.0, , 1
C++, binary-trees, 10,  74.16, 27.09, 25.98, 0.00, 1.95, 2718, 2630, 75, 58.0, , 1
C++, binary-trees, 10,  73.65, 26.92, 25.82, 0.00, 1.94, 2701, 2607, 90, 60.0, , 1
C++, binary-trees, 10,  73.79, 26.91, 25.81, 0.00, 1.93, 2700, 2605, 91, 59.0, , 1
C++, fannkuch-redux, 10,  359.54, 132.44, 127.69, 0.00, 6.80, 13325, 13314, 0, 61.0, , 1
C++, fannkuch-redux, 10,  359.45, 132.86, 128.11, 0.00, 6.81, 13351, 13338, 1, 60.0, , 1
C++, fannkuch-redux, 10,  359.17, 132.88, 128.11, 0.00, 6.82, 13356, 13331, 0, 60.0, , 1
C++, fannkuch-redux, 10,  360.74, 132.78, 128.02, 0.00, 6.81, 13345, 13330, 0, 60.0, , 1
C++, fannkuch-redux, 10,  361.12, 133.21, 128.44, 0.00, 6.82, 13373, 13360, 2, 61.0, , 1
C++, fannkuch-redux, 10,  361.79, 133.34, 128.56, 0.00, 6.83, 13387, 13372, 2, 61.0, , 1
C++, fannkuch-redux, 10,  359.33, 132.60, 127.85, 0.00, 6.80, 13333, 13323, 0, 60.0, , 1
C++, fannkuch-redux, 10,  360.28, 132.73, 127.96, 0.00, 6.81, 13341, 13320, 0, 59.0, , 1
C++, fannkuch-redux, 10,  359.76, 132.03, 127.29, 0.00, 6.79, 13307, 13297, 0, 60.0, , 1
C++, fannkuch-redux, 10,  365.08, 133.60, 128.80, 0.00, 6.87, 13451, 13310, 1, 60.0, , 1
C++, fannkuch-redux, 10,  360.02, 132.21, 127.46, 0.00, 6.79, 13307, 13294, 0, 62.0, , 1
C++, fannkuch-redux, 10,  359.63, 132.45, 127.69, 0.00, 6.80, 13320, 13301, 1, 62.0, , 1
C++, fannkuch-redux, 10,  360.75, 132.98, 128.20, 0.00, 6.82, 13357, 13344, 0, 62.0, , 1
C++, fannkuch-redux, 10,  361.08, 132.89, 128.13, 0.00, 6.81, 13350, 13336, 2, 61.0, , 1
C++, fannkuch-redux, 10,  362.73, 132.71, 127.94, 0.00, 6.81, 13343, 13330, 0, 61.0, , 1
C++, fannkuch-redux, 10,  360.84, 132.56, 127.80, 0.00, 6.80, 13329, 13317, 0, 61.0, , 1
C++, fannkuch-redux, 10,  360.30, 132.63, 127.87, 0.00, 6.80, 13334, 13319, 3, 61.0, , 1
C++, fannkuch-redux, 10,  360.46, 133.09, 128.30, 0.00, 6.82, 13366, 13354, 0, 61.0, , 1
C++, fannkuch-redux, 10,  362.33, 133.01, 128.24, 0.00, 6.82, 13358, 13347, 0, 61.0, , 1
C++, fannkuch-redux, 10,  361.84, 133.25, 128.47, 0.00, 6.83, 13377, 13365, 0, 62.0, , 1
C++, fasta, 10,  28.30, 9.86, 9.51, 0.00, 0.51, 996, 990, 4, 61.0, , 1
C++, fasta, 10,  28.67, 9.82, 9.46, 0.00, 0.51, 992, 983, 7, 61.0, , 1
C++, fasta, 10,  28.28, 9.94, 9.58, 0.00, 0.51, 998, 990, 6, 62.0, , 1
C++, fasta, 10,  28.35, 9.89, 9.53, 0.00, 0.51, 995, 988, 5, 62.0, , 1
C++, fasta, 10,  28.31, 9.91, 9.56, 0.00, 0.51, 995, 986, 8, 60.0, , 1
C++, fasta, 10,  28.45, 9.90, 9.55, 0.00, 0.51, 997, 990, 5, 61.0, , 1
C++, fasta, 10,  28.64, 9.97, 9.62, 0.00, 0.52, 1003, 988, 6, 61.0, , 1
C++, fasta, 10,  28.52, 10.06, 9.70, 0.00, 0.52, 1009, 993, 7, 61.0, , 1
C++, fasta, 10,  28.59, 9.85, 9.49, 0.00, 0.51, 997, 985, 7, 61.0, , 1
C++, fasta, 10,  28.54, 9.82, 9.46, 0.00, 0.51, 992, 983, 6, 61.0, , 1
C++, fasta, 10,  28.67, 9.88, 9.52, 0.00, 0.51, 996, 988, 3, 60.0, , 1
C++, fasta, 10,  28.50, 9.88, 9.53, 0.00, 0.51, 996, 988, 6, 61.0, , 1
C++, fasta, 10,  28.59, 9.89, 9.53, 0.00, 0.51, 994, 985, 7, 61.0, , 1
C++, fasta, 10,  28.61, 9.89, 9.53, 0.00, 0.51, 999, 991, 4, 62.0, , 1
C++, fasta, 10,  28.42, 9.86, 9.51, 0.00, 0.51, 995, 987, 6, 61.0, , 1
C++, fasta, 10,  28.15, 9.94, 9.59, 0.00, 0.51, 998, 992, 5, 61.0, , 1
C++, fasta, 10,  28.44, 9.90, 9.55, 0.00, 0.51, 996, 987, 7, 60.0, , 1
C++, fasta, 10,  28.17, 9.96, 9.60, 0.00, 0.51, 1000, 993, 5, 61.0, , 1
C++, fasta, 10,  28.69, 10.00, 9.64, 0.00, 0.52, 1007, 990, 6, 62.0, , 1
C++, fasta, 10,  28.84, 9.78, 9.43, 0.00, 0.51, 989, 980, 7, 62.0, , 1
C++, k-nucleotide, 10,  111.02, 40.02, 38.42, 0.00, 3.17, 4015, 3874, 134, 60.0, , 1
C++, k-nucleotide, 10,  111.23, 40.01, 38.41, 0.00, 3.17, 4014, 3852, 154, 61.0, , 1
C++, k-nucleotide, 10,  112.04, 40.11, 38.51, 0.00, 3.18, 4024, 3861, 156, 60.0, , 1
C++, k-nucleotide, 10,  111.41, 39.96, 38.36, 0.00, 3.18, 4008, 3845, 155, 61.0, , 1
C++, k-nucleotide, 10,  111.73, 40.06, 38.46, 0.00, 3.18, 4019, 3838, 174, 61.0, , 1
C++, k-nucleotide, 10,  112.03, 40.30, 38.69, 0.00, 3.22, 4043, 3876, 159, 60.0, , 1
C++, k-nucleotide, 10,  111.49, 40.31, 38.70, 0.00, 3.19, 4044, 3863, 155, 59.0, , 1
C++, k-nucleotide, 10,  111.42, 40.31, 38.70, 0.00, 3.19, 4044, 3866, 159, 60.0, , 1
C++, k-nucleotide, 10,  111.40, 40.29, 38.68, 0.00, 3.20, 4042, 3869, 161, 60.0, , 1
C++, k-nucleotide, 10,  111.71, 40.36, 38.75, 0.00, 3.19, 4049, 3865, 164, 60.0, , 1
C++, k-nucleotide, 10,  111.11, 40.15, 38.55, 0.00, 3.20, 4028, 3837, 178, 59.0, , 1
C++, k-nucleotide, 10,  111.00, 40.04, 38.45, 0.00, 3.18, 4017, 3845, 163, 60.0, , 1
C++, k-nucleotide, 10,  110.64, 39.93, 38.34, 0.00, 3.17, 4006, 3848, 150, 60.0, , 1
C++, k-nucleotide, 10,  111.07, 40.03, 38.43, 0.00, 3.17, 4016, 3837, 167, 61.0, , 1
C++, k-nucleotide, 10,  111.10, 40.08, 38.47, 0.00, 3.18, 4021, 3855, 158, 59.0, , 1
C++, k-nucleotide, 10,  111.54, 40.21, 38.61, 0.00, 3.19, 4034, 3870, 157, 60.0, , 1
C++, k-nucleotide, 10,  111.20, 40.03, 38.43, 0.00, 3.18, 4016, 3846, 163, 59.0, , 1
C++, k-nucleotide, 10,  111.92, 40.11, 38.52, 0.00, 3.20, 4024, 3856, 161, 60.0, , 1
C++, k-nucleotide, 10,  112.50, 40.26, 38.65, 0.00, 3.21, 4040, 3845, 161, 59.0, , 1
C++, k-nucleotide, 10,  111.88, 40.05, 38.45, 0.00, 3.18, 4019, 3851, 155, 61.0, , 1
C++, mandelbrot, 10,  80.15, 28.49, 27.46, 0.00, 1.47, 2859, 2838, 17, 60.0, , 1
C++, mandelbrot, 10,  80.09, 28.52, 27.49, 0.00, 1.47, 2862, 2838, 15, 61.0, , 1
C++, mandelbrot, 10,  80.01, 28.51, 27.49, 0.00, 1.47, 2861, 2848, 9, 61.0, , 1
C++, mandelbrot, 10,  79.88, 28.48, 27.45, 0.00, 1.47, 2857, 2846, 7, 60.0, , 1
C++, mandelbrot, 10,  80.20, 28.55, 27.53, 0.00, 1.47, 2866, 2842, 14, 60.0, , 1
C++, mandelbrot, 10,  79.90, 28.53, 27.51, 0.00, 1.47, 2863, 2847, 12, 60.0, , 1
C++, mandelbrot, 10,  79.95, 28.52, 27.49, 0.00, 1.47, 2862, 2844, 12, 60.0, , 1
C++, mandelbrot, 10,  79.95, 28.58, 27.55, 0.00, 1.47, 2868, 2841, 15, 60.0, , 1
C++, mandelbrot, 10,  79.98, 28.51, 27.49, 0.00, 1.47, 2861, 2845, 12, 61.0, , 1
C++, mandelbrot, 10,  79.76, 28.51, 27.48, 0.00, 1.47, 2861, 2848, 9, 60.0, , 1
C++, mandelbrot, 10,  79.91, 28.57, 27.55, 0.00, 1.47, 2867, 2854, 10, 59.0, , 1
C++, mandelbrot, 10,  79.91, 28.60, 27.58, 0.00, 1.47, 2870, 2854, 13, 60.0, , 1
C++, mandelbrot, 10,  80.22, 28.52, 27.50, 0.00, 1.47, 2862, 2845, 13, 59.0, , 1
C++, mandelbrot, 10,  80.57, 28.76, 27.73, 0.00, 1.49, 2886, 2853, 10, 60.0, , 1
C++, mandelbrot, 10,  80.48, 28.57, 27.54, 0.00, 1.47, 2867, 2848, 8, 61.0, , 1
C++, mandelbrot, 10,  80.59, 28.59, 27.56, 0.00, 1.47, 2869, 2847, 14, 61.0, , 1
C++, mandelbrot, 10,  80.49, 28.58, 27.55, 0.00, 1.47, 2868, 2848, 15, 60.0, , 1
C++, mandelbrot, 10,  80.78, 28.64, 27.61, 0.00, 1.48, 2874, 2843, 13, 61.0, , 1
C++, mandelbrot, 10,  80.20, 28.56, 27.54, 0.00, 1.47, 2866, 2854, 8, 61.0, , 1
C++, mandelbrot, 10,  80.32, 28.56, 27.53, 0.00, 1.47, 2866, 2853, 7, 59.0, , 1
C++, n-body, 10,  51.11, 18.80, 18.13, 0.00, 0.96, 1886, 1884, 0, 59.0, , 1
C++, n-body, 10,  51.03, 18.75, 18.09, 0.00, 0.96, 1882, 1879, 0, 60.0, , 1
C++, n-body, 10,  51.06, 18.83, 18.16, 0.00, 0.97, 1889, 1886, 0, 60.0, , 1
C++, n-body, 10,  51.20, 18.83, 18.16, 0.00, 0.97, 1889, 1884, 1, 60.0, , 1
C++, n-body, 10,  51.03, 18.79, 18.12, 0.00, 0.96, 1885, 1882, 0, 59.0, , 1
C++, n-body, 10,  51.01, 18.78, 18.11, 0.00, 0.96, 1884, 1882, 0, 60.0, , 1
C++, n-body, 10,  50.86, 18.71, 18.05, 0.00, 0.96, 1878, 1874, 0, 59.0, , 1
C++, n-body, 10,  50.78, 18.77, 18.11, 0.00, 0.96, 1883, 1882, 0, 60.0, , 1
C++, n-body, 10,  50.95, 18.78, 18.11, 0.00, 0.96, 1883, 1882, 0, 61.0, , 1
C++, n-body, 10,  50.86, 18.78, 18.11, 0.00, 0.96, 1884, 1883, 0, 60.0, , 1
C++, n-body, 10,  50.83, 18.74, 18.06, 0.00, 0.96, 1879, 1876, 0, 61.0, , 1
C++, n-body, 10,  51.04, 18.80, 18.12, 0.00, 0.96, 1885, 1882, 0, 61.0, , 1
C++, n-body, 10,  51.06, 18.85, 18.17, 0.00, 0.97, 1890, 1878, 0, 60.0, , 1
C++, n-body, 10,  50.86, 18.69, 18.02, 0.00, 0.96, 1874, 1870, 1, 59.0, , 1
C++, n-body, 10,  51.08, 18.79, 18.12, 0.00, 0.96, 1884, 1882, 0, 59.0, , 1
C++, n-body, 10,  50.88, 18.78, 18.11, 0.00, 0.96, 1884, 1882, 0, 61.0, , 1
C++, n-body, 10,  50.93, 18.75, 18.08, 0.00, 0.96, 1880, 1878, 0, 61.0, , 1
C++, n-body, 10,  51.11, 18.79, 18.11, 0.00, 0.96, 1883, 1879, 1, 60.0, , 1
C++, n-body, 10,  50.91, 18.74, 18.06, 0.00, 0.96, 1879, 1877, 0, 59.0, , 1
C++, n-body, 10,  50.88, 18.74, 18.06, 0.00, 0.96, 1879, 1875, 1, 61.0, , 1
C++, regex-redux, 10,  55.97, 20.23, 19.46, 0.00, 1.35, 2031, 1869, 158, 61.0, , 1
C++, regex-redux, 10,  55.87, 20.20, 19.42, 0.00, 1.35, 2025, 1860, 162, 61.0, , 1
C++, regex-redux, 10,  55.92, 20.21, 19.42, 0.00, 1.35, 2026, 1868, 154, 60.0, , 1
C++, regex-redux, 10,  55.74, 20.15, 19.36, 0.00, 1.34, 2021, 1860, 157, 60.0, , 1
C++, regex-redux, 10,  55.97, 20.25, 19.47, 0.00, 1.35, 2031, 1873, 155, 60.0, , 1
C++, regex-redux, 10,  55.85, 20.26, 19.48, 0.00, 1.35, 2032, 1888, 140, 61.0, , 1
C++, regex-redux, 10,  55.85, 20.27, 19.48, 0.00, 1.35, 2033, 1863, 167, 62.0, , 1
C++, regex-redux, 10,  55.86, 20.27, 19.48, 0.00, 1.35, 2032, 1864, 163, 59.0, , 1
C++, regex-redux, 10,  55.35, 20.23, 19.44, 0.00, 1.35, 2028, 1863, 161, 61.0, , 1
C++, regex-redux, 10,  55.49, 20.26, 19.47, 0.00, 1.35, 2032, 1854, 174, 60.0, , 1
C++, regex-redux, 10,  55.58, 20.29, 19.50, 0.00, 1.35, 2034, 1886, 145, 61.0, , 1
C++, regex-redux, 10,  55.69, 20.27, 19.49, 0.00, 1.36, 2034, 1864, 160, 61.0, , 1
C++, regex-redux, 10,  55.53, 20.26, 19.47, 0.00, 1.35, 2032, 1866, 162, 60.0, , 1
C++, regex-redux, 10,  55.64, 20.28, 19.49, 0.00, 1.35, 2034, 1867, 163, 60.0, , 1
C++, regex-redux, 10,  55.55, 20.32, 19.53, 0.00, 1.35, 2037, 1869, 164, 59.0, , 1
C++, regex-redux, 10,  55.60, 20.26, 19.48, 0.00, 1.35, 2032, 1868, 160, 60.0, , 1
C++, regex-redux, 10,  55.77, 20.32, 19.54, 0.00, 1.35, 2038, 1887, 148, 61.0, , 1
C++, regex-redux, 10,  55.27, 20.17, 19.40, 0.00, 1.34, 2024, 1863, 157, 61.0, , 1
C++, regex-redux, 10,  55.56, 20.27, 19.49, 0.00, 1.34, 2033, 1866, 164, 59.0, , 1
C++, regex-redux, 10,  55.72, 20.34, 19.56, 0.00, 1.36, 2041, 1873, 165, 61.0, , 1
C++, reverse-complement, 10,  4.67, 1.62, 1.52, 0.00, 0.22, 162, 73, 89, 62.0, , 1
C++, reverse-complement, 10,  4.61, 1.62, 1.52, 0.00, 0.21, 161, 79, 83, 62.0, , 1
C++, reverse-complement, 10,  4.77, 1.63, 1.52, 0.00, 0.22, 162, 65, 96, 62.0, , 1
C++, reverse-complement, 10,  4.61, 1.61, 1.52, 0.00, 0.22, 162, 71, 90, 62.0, , 1
C++, reverse-complement, 10,  4.63, 1.63, 1.52, 0.00, 0.22, 162, 68, 93, 62.0, , 1
C++, reverse-complement, 10,  4.83, 1.63, 1.52, 0.00, 0.22, 162, 69, 92, 62.0, , 1
C++, reverse-complement, 10,  4.64, 1.62, 1.52, 0.00, 0.22, 161, 65, 96, 62.0, , 1
C++, reverse-complement, 10,  4.64, 1.63, 1.52, 0.00, 0.22, 162, 78, 84, 62.0, , 1
C++, reverse-complement, 10,  4.76, 1.62, 1.52, 0.00, 0.22, 162, 73, 88, 62.0, , 1
C++, reverse-complement, 10,  4.63, 1.63, 1.52, 0.00, 0.22, 162, 74, 87, 59.0, , 1
C++, reverse-complement, 10,  4.68, 1.62, 1.53, 0.00, 0.22, 162, 68, 93, 59.0, , 1
C++, reverse-complement, 10,  4.66, 1.63, 1.52, 0.00, 0.22, 162, 71, 90, 59.0, , 1
C++, reverse-complement, 10,  4.65, 1.63, 1.53, 0.00, 0.22, 163, 75, 87, 59.0, , 1
C++, reverse-complement, 10,  4.69, 1.62, 1.53, 0.00, 0.22, 162, 75, 86, 59.0, , 1
C++, reverse-complement, 10,  4.61, 1.62, 1.52, 0.00, 0.22, 162, 72, 89, 60.0, , 1
C++, reverse-complement, 10,  4.69, 1.63, 1.53, 0.00, 0.22, 163, 80, 81, 60.0, , 1
C++, reverse-complement, 10,  4.73, 1.63, 1.53, 0.00, 0.22, 163, 76, 86, 60.0, , 1
C++, reverse-complement, 10,  4.64, 1.64, 1.54, 0.00, 0.22, 163, 70, 94, 60.0, , 1
C++, reverse-complement, 10,  4.64, 1.63, 1.53, 0.00, 0.22, 162, 79, 82, 60.0, , 1
C++, reverse-complement, 10,  4.78, 1.61, 1.52, 0.00, 0.22, 162, 66, 95, 60.0, , 1
C++, spectral-norm, 10,  35.86, 13.29, 12.81, 0.00, 0.68, 1334, 1332, 0, 60.0, , 1
C++, spectral-norm, 10,  35.93, 13.32, 12.83, 0.00, 0.69, 1335, 1334, 0, 60.0, , 1
C++, spectral-norm, 10,  36.00, 13.33, 12.85, 0.00, 0.68, 1337, 1335, 0, 60.0, , 1
C++, spectral-norm, 10,  35.91, 13.32, 12.84, 0.00, 0.68, 1336, 1334, 0, 61.0, , 1
C++, spectral-norm, 10,  36.08, 13.29, 12.81, 0.00, 0.69, 1335, 1333, 0, 60.0, , 1
C++, spectral-norm, 10,  35.83, 13.24, 12.77, 0.00, 0.68, 1331, 1331, 0, 61.0, , 1
C++, spectral-norm, 10,  36.05, 13.31, 12.83, 0.00, 0.68, 1335, 1334, 0, 60.0, , 1
C++, spectral-norm, 10,  35.85, 13.25, 12.78, 0.00, 0.68, 1332, 1331, 0, 61.0, , 1
C++, spectral-norm, 10,  35.95, 13.22, 12.74, 0.00, 0.68, 1331, 1330, 0, 60.0, , 1
C++, spectral-norm, 10,  36.25, 13.25, 12.77, 0.00, 0.68, 1333, 1331, 0, 61.0, , 1
C++, spectral-norm, 10,  35.99, 13.28, 12.80, 0.00, 0.68, 1334, 1332, 0, 61.0, , 1
C++, spectral-norm, 10,  36.05, 13.10, 12.62, 0.00, 0.68, 1329, 1326, 1, 61.0, , 1
C++, spectral-norm, 10,  36.02, 13.17, 12.69, 0.00, 0.68, 1330, 1327, 1, 62.0, , 1
C++, spectral-norm, 10,  36.10, 13.21, 12.73, 0.00, 0.68, 1331, 1329, 0, 60.0, , 1
C++, spectral-norm, 10,  36.49, 13.30, 12.82, 0.00, 0.69, 1340, 1330, 0, 60.0, , 1
C++, spectral-norm, 10,  35.98, 13.20, 12.72, 0.00, 0.68, 1331, 1330, 0, 60.0, , 1
C++, spectral-norm, 10,  36.22, 13.26, 12.78, 0.00, 0.68, 1333, 1331, 0, 60.0, , 1
C++, spectral-norm, 10,  36.11, 13.32, 12.84, 0.00, 0.68, 1336, 1334, 0, 60.0, , 1
C++, spectral-norm, 10,  36.05, 13.21, 12.74, 0.00, 0.68, 1331, 1329, 0, 61.0, , 1
C++, spectral-norm, 10,  36.15, 13.21, 12.73, 0.00, 0.68, 1331, 1329, 0, 59.0, , 1
Java, binary-trees, 10,  169.13, 58.79, 55.02, 0.00, 8.59, 5900, 5722, 166, 61.0, , 1
Java, binary-trees, 10,  169.59, 58.67, 54.88, 0.00, 8.61, 5887, 5723, 151, 61.0, , 1
Java, binary-trees, 10,  169.22, 58.70, 54.92, 0.00, 8.59, 5890, 5718, 160, 61.0, , 1
Java, binary-trees, 10,  170.40, 59.01, 55.22, 0.00, 8.63, 5922, 5730, 180, 61.0, , 1
Java, binary-trees, 10,  169.56, 58.62, 54.84, 0.00, 8.59, 5883, 5710, 160, 61.0, , 1
Java, binary-trees, 10,  169.82, 58.62, 54.84, 0.00, 8.60, 5884, 5685, 187, 61.0, , 1
Java, binary-trees, 10,  169.91, 58.37, 54.60, 0.00, 8.56, 5859, 5680, 167, 61.0, , 1
Java, binary-trees, 10,  170.66, 58.74, 54.96, 0.00, 8.60, 5897, 5722, 161, 60.0, , 1
Java, binary-trees, 10,  169.78, 58.54, 54.76, 0.00, 8.60, 5875, 5700, 164, 61.0, , 1
Java, binary-trees, 10,  169.42, 58.76, 54.97, 0.00, 8.61, 5898, 5713, 171, 60.0, , 1
Java, binary-trees, 10,  169.23, 58.55, 54.78, 0.00, 8.60, 5878, 5705, 161, 60.0, , 1
Java, binary-trees, 10,  170.30, 58.57, 54.78, 0.00, 8.61, 5879, 5683, 176, 60.0, , 1
Java, binary-trees, 10,  169.85, 58.70, 54.92, 0.00, 8.61, 5893, 5703, 176, 61.0, , 1
Java, binary-trees, 10,  170.39, 58.78, 54.98, 0.00, 8.62, 5899, 5711, 176, 61.0, , 1
Java, binary-trees, 10,  169.87, 58.60, 54.82, 0.00, 8.62, 5883, 5704, 163, 61.0, , 1
Java, binary-trees, 10,  169.70, 58.65, 54.86, 0.00, 8.61, 5886, 5700, 174, 61.0, , 1
Java, binary-trees, 10,  171.01, 58.90, 55.10, 0.00, 8.64, 5912, 5746, 153, 61.0, , 1
Java, binary-trees, 10,  171.17, 58.58, 54.80, 0.00, 8.62, 5880, 5715, 154, 61.0, , 1
Java, binary-trees, 10,  171.14, 58.63, 54.84, 0.00, 8.63, 5886, 5713, 159, 59.0, , 1
Java, binary-trees, 10,  170.61, 58.68, 54.89, 0.00, 8.62, 5890, 5728, 149, 60.0, , 1
Java, fannkuch-redux, 10,  928.08, 341.47, 329.22, 0.00, 17.50, 34275, 34078, 16, 59.0, , 1
Java, fannkuch-redux, 10,  904.99, 332.58, 320.64, 0.00, 17.05, 33373, 33271, 26, 61.0, , 1
Java, fannkuch-redux, 10,  931.59, 341.85, 329.58, 0.00, 17.53, 34310, 34222, 19, 59.0, , 1
Java, fannkuch-redux, 10,  914.07, 336.43, 324.36, 0.00, 17.25, 33774, 33687, 18, 60.0, , 1
Java, fannkuch-redux, 10,  907.49, 334.05, 322.06, 0.00, 17.13, 33534, 33427, 15, 60.0, , 1
Java, fannkuch-redux, 10,  918.40, 337.63, 325.52, 0.00, 17.32, 33902, 33795, 13, 59.0, , 1
Java, fannkuch-redux, 10,  905.54, 333.87, 321.90, 0.00, 17.11, 33510, 33437, 20, 60.0, , 1
Java, fannkuch-redux, 10,  909.95, 335.92, 323.87, 0.00, 17.22, 33723, 33654, 20, 59.0, , 1
Java, fannkuch-redux, 10,  899.02, 332.26, 320.34, 0.00, 17.04, 33355, 33304, 16, 59.0, , 1
Java, fannkuch-redux, 10,  905.49, 333.27, 321.33, 0.00, 17.09, 33455, 33400, 20, 61.0, , 1
Java, fannkuch-redux, 10,  915.84, 337.39, 325.30, 0.00, 17.30, 33872, 33815, 16, 59.0, , 1
Java, fannkuch-redux, 10,  923.71, 340.54, 328.34, 0.00, 17.46, 34185, 34138, 13, 60.0, , 1
Java, fannkuch-redux, 10,  898.98, 331.58, 319.68, 0.00, 17.01, 33295, 33229, 20, 58.0, , 1
Java, fannkuch-redux, 10,  902.09, 332.63, 320.69, 0.00, 17.05, 33391, 33322, 19, 58.0, , 1
Java, fannkuch-redux, 10,  902.54, 333.12, 321.15, 0.00, 17.08, 33443, 33383, 18, 59.0, , 1
Java, fannkuch-redux, 10,  904.36, 334.33, 322.34, 0.00, 17.14, 33557, 33479, 21, 60.0, , 1
Java, fannkuch-redux, 10,  921.95, 340.15, 327.95, 0.00, 17.44, 34148, 34073, 21, 60.0, , 1
Java, fannkuch-redux, 10,  913.64, 336.58, 324.51, 0.00, 17.28, 33791, 33667, 21, 59.0, , 1
Java, fannkuch-redux, 10,  935.62, 344.38, 332.02, 0.00, 17.67, 34571, 34328, 20, 59.0, , 1
Java, fannkuch-redux, 10,  911.75, 334.84, 322.84, 0.00, 17.17, 33615, 33543, 18, 60.0, , 1
Java, fasta, 10,  76.80, 28.07, 27.06, 0.00, 1.47, 2817, 2772, 35, 59.0, , 1
Java, fasta, 10,  77.01, 28.26, 27.24, 0.00, 1.48, 2837, 2806, 23, 60.0, , 1
Java, fasta, 10,  77.23, 28.36, 27.34, 0.00, 1.50, 2848, 2799, 27, 61.0, , 1
Java, fasta, 10,  77.15, 28.33, 27.31, 0.00, 1.49, 2845, 2811, 23, 61.0, , 1
Java, fasta, 10,  76.71, 28.14, 27.13, 0.00, 1.48, 2825, 2781, 34, 58.0, , 1
Java, fasta, 10,  76.72, 28.15, 27.13, 0.00, 1.48, 2824, 2791, 26, 60.0, , 1
Java, fasta, 10,  76.69, 28.16, 27.15, 0.00, 1.48, 2829, 2794, 26, 61.0, , 1
Java, fasta, 10,  76.97, 28.17, 27.15, 0.00, 1.48, 2828, 2793, 26, 59.0, , 1
Java, fasta, 10,  77.11, 28.14, 27.13, 0.00, 1.48, 2824, 2788, 28, 60.0, , 1
Java, fasta, 10,  76.87, 28.12, 27.11, 0.00, 1.48, 2823, 2780, 36, 59.0, , 1
Java, fasta, 10,  77.01, 28.13, 27.12, 0.00, 1.48, 2823, 2781, 34, 60.0, , 1
Java, fasta, 10,  77.06, 28.26, 27.24, 0.00, 1.48, 2836, 2800, 29, 59.0, , 1
Java, fasta, 10,  76.94, 28.29, 27.27, 0.00, 1.49, 2840, 2800, 32, 60.0, , 1
Java, fasta, 10,  76.78, 28.20, 27.18, 0.00, 1.48, 2830, 2797, 26, 59.0, , 1
Java, fasta, 10,  77.05, 28.21, 27.19, 0.00, 1.49, 2832, 2787, 28, 60.0, , 1
Java, fasta, 10,  76.96, 28.05, 27.04, 0.00, 1.47, 2815, 2774, 35, 59.0, , 1
Java, fasta, 10,  77.49, 28.19, 27.17, 0.00, 1.48, 2829, 2790, 32, 59.0, , 1
Java, fasta, 10,  77.29, 28.11, 27.10, 0.00, 1.48, 2822, 2792, 23, 59.0, , 1
Java, fasta, 10,  77.57, 28.25, 27.23, 0.00, 1.49, 2836, 2788, 28, 60.0, , 1
Java, fasta, 10,  77.91, 28.21, 27.18, 0.00, 1.49, 2831, 2795, 23, 61.0, , 1
Java, k-nucleotide, 10,  306.25, 111.08, 106.99, 0.00, 7.54, 11147, 10956, 173, 60.0, , 1
Java, k-nucleotide, 10,  314.33, 114.00, 109.80, 0.00, 7.71, 11449, 11253, 169, 59.0, , 1
Java, k-nucleotide, 10,  308.60, 112.12, 107.99, 0.00, 7.60, 11261, 11040, 194, 59.0, , 1
Java, k-nucleotide, 10,  308.98, 111.37, 107.26, 0.00, 7.56, 11186, 10983, 175, 61.0, , 1
Java, k-nucleotide, 10,  308.12, 111.59, 107.47, 0.00, 7.58, 11207, 10995, 185, 59.0, , 1
Java, k-nucleotide, 10,  306.27, 111.67, 107.55, 0.00, 7.58, 11216, 10993, 195, 60.0, , 1
Java, k-nucleotide, 10,  307.38, 112.23, 108.10, 0.00, 7.61, 11273, 11041, 204, 60.0, , 1
Java, k-nucleotide, 10,  310.77, 113.01, 108.86, 0.00, 7.66, 11343, 11139, 183, 61.0, , 1
Java, k-nucleotide, 10,  315.03, 114.23, 110.03, 0.00, 7.72, 11472, 11257, 190, 61.0, , 1
Java, k-nucleotide, 10,  317.13, 114.71, 110.48, 0.00, 7.76, 11518, 11294, 191, 61.0, , 1
Java, k-nucleotide, 10,  313.93, 114.38, 110.18, 0.00, 7.74, 11478, 11276, 186, 60.0, , 1
Java, k-nucleotide, 10,  314.05, 114.30, 110.10, 0.00, 7.74, 11479, 11262, 189, 61.0, , 1
Java, k-nucleotide, 10,  309.02, 112.24, 108.10, 0.00, 7.62, 11272, 11042, 192, 61.0, , 1
Java, k-nucleotide, 10,  307.24, 111.63, 107.51, 0.00, 7.58, 11211, 10999, 185, 61.0, , 1
Java, k-nucleotide, 10,  308.32, 111.71, 107.58, 0.00, 7.58, 11219, 11000, 190, 61.0, , 1
Java, k-nucleotide, 10,  308.68, 111.53, 107.41, 0.00, 7.57, 11192, 10997, 178, 60.0, , 1
Java, k-nucleotide, 10,  311.50, 113.00, 108.84, 0.00, 7.66, 11349, 11141, 181, 61.0, , 1
Java, k-nucleotide, 10,  310.50, 112.85, 108.70, 0.00, 7.65, 11334, 11128, 179, 61.0, , 1
Java, k-nucleotide, 10,  314.33, 114.00, 109.80, 0.00, 7.71, 11441, 11231, 193, 59.0, , 1
Java, k-nucleotide, 10,  307.00, 111.03, 106.93, 0.00, 7.55, 11150, 10920, 203, 59.0, , 1
Java, mandelbrot, 10,  327.34, 120.62, 116.28, 0.00, 6.23, 12112, 12056, 25, 59.0, , 1
Java, mandelbrot, 10,  327.48, 120.68, 116.34, 0.00, 6.23, 12120, 12064, 28, 59.0, , 1
Java, mandelbrot, 10,  327.34, 120.38, 116.06, 0.00, 6.22, 12087, 12007, 38, 60.0, , 1
Java, mandelbrot, 10,  327.49, 119.82, 115.51, 0.00, 6.19, 12032, 11956, 34, 58.0, , 1
Java, mandelbrot, 10,  329.14, 121.05, 116.69, 0.00, 6.24, 12148, 12096, 36, 59.0, , 1
Java, mandelbrot, 10,  328.05, 120.89, 116.54, 0.00, 6.24, 12140, 12081, 33, 60.0, , 1
Java, mandelbrot, 10,  327.79, 120.84, 116.49, 0.00, 6.24, 12134, 12053, 29, 59.0, , 1
Java, mandelbrot, 10,  338.22, 124.27, 119.80, 0.00, 6.42, 12479, 12410, 26, 59.0, , 1
Java, mandelbrot, 10,  328.49, 120.71, 116.36, 0.00, 6.23, 12121, 12068, 26, 60.0, , 1
Java, mandelbrot, 10,  326.86, 120.67, 116.32, 0.00, 6.23, 12119, 12045, 40, 59.0, , 1
Java, mandelbrot, 10,  335.50, 123.77, 119.31, 0.00, 6.39, 12429, 12343, 33, 59.0, , 1
Java, mandelbrot, 10,  326.09, 120.66, 116.32, 0.00, 6.23, 12109, 12042, 28, 61.0, , 1
Java, mandelbrot, 10,  327.29, 120.55, 116.20, 0.00, 6.22, 12105, 12039, 37, 59.0, , 1
Java, mandelbrot, 10,  328.67, 120.69, 116.34, 0.00, 6.23, 12120, 12057, 31, 59.0, , 1
Java, mandelbrot, 10,  326.66, 120.34, 116.02, 0.00, 6.22, 12087, 12003, 28, 59.0, , 1
Java, mandelbrot, 10,  335.68, 123.84, 119.37, 0.00, 6.40, 12436, 12367, 25, 58.0, , 1
Java, mandelbrot, 10,  326.90, 120.73, 116.38, 0.00, 6.23, 12124, 12063, 33, 59.0, , 1
Java, mandelbrot, 10,  335.03, 123.16, 118.73, 0.00, 6.35, 12359, 12176, 35, 59.0, , 1
Java, mandelbrot, 10,  327.10, 120.81, 116.45, 0.00, 6.24, 12131, 12063, 33, 59.0, , 1
Java, mandelbrot, 10,  328.08, 120.75, 116.40, 0.00, 6.24, 12126, 12063, 31, 58.0, , 1
Java, n-body, 10,  115.26, 42.55, 41.01, 0.00, 2.20, 4270, 4250, 12, 59.0, , 1
Java, n-body, 10,  115.09, 42.62, 41.08, 0.00, 2.20, 4281, 4253, 16, 58.0, , 1
Java, n-body, 10,  115.31, 42.56, 41.02, 0.00, 2.20, 4272, 4248, 15, 60.0, , 1
Java, n-body, 10,  115.60, 42.49, 40.96, 0.00, 2.19, 4264, 4237, 19, 59.0, , 1
Java, n-body, 10,  114.59, 42.22, 40.70, 0.00, 2.18, 4237, 4216, 14, 61.0, , 1
Java, n-body, 10,  114.43, 42.41, 40.88, 0.00, 2.19, 4255, 4235, 14, 61.0, , 1
Java, n-body, 10,  115.86, 42.60, 41.06, 0.00, 2.20, 4275, 4249, 18, 58.0, , 1
Java, n-body, 10,  115.71, 42.56, 41.02, 0.00, 2.20, 4272, 4251, 13, 59.0, , 1
Java, n-body, 10,  116.10, 42.52, 40.99, 0.00, 2.20, 4268, 4249, 11, 61.0, , 1
Java, n-body, 10,  116.09, 42.40, 40.88, 0.00, 2.19, 4256, 4236, 11, 60.0, , 1
Java, n-body, 10,  115.87, 42.40, 40.87, 0.00, 2.19, 4255, 4236, 12, 60.0, , 1
Java, n-body, 10,  115.72, 42.36, 40.83, 0.00, 2.19, 4252, 4223, 20, 60.0, , 1
Java, n-body, 10,  115.54, 42.52, 40.99, 0.00, 2.20, 4267, 4248, 11, 60.0, , 1
Java, n-body, 10,  115.32, 42.60, 41.06, 0.00, 2.20, 4274, 4249, 17, 59.0, , 1
Java, n-body, 10,  115.90, 42.44, 40.91, 0.00, 2.19, 4259, 4239, 13, 59.0, , 1
Java, n-body, 10,  115.47, 42.45, 40.92, 0.00, 2.19, 4259, 4240, 13, 60.0, , 1
Java, n-body, 10,  115.59, 42.64, 41.10, 0.00, 2.20, 4279, 4256, 15, 59.0, , 1
Java, n-body, 10,  115.44, 42.54, 41.01, 0.00, 2.20, 4270, 4243, 18, 60.0, , 1
Java, n-body, 10,  114.92, 42.34, 40.81, 0.00, 2.19, 4250, 4227, 14, 59.0, , 1
Java, n-body, 10,  115.67, 42.46, 40.93, 0.00, 2.19, 4262, 4231, 23, 60.0, , 1
Java, regex-redux, 10,  364.10, 133.03, 127.90, 0.00, 8.21, 13357, 13002, 326, 60.0, , 1
Java, regex-redux, 10,  358.79, 131.70, 126.63, 0.00, 8.14, 13217, 12870, 326, 59.0, , 1
Java, regex-redux, 10,  352.93, 129.63, 124.64, 0.00, 8.04, 13009, 12681, 308, 60.0, , 1
Java, regex-redux, 10,  357.83, 130.30, 125.28, 0.00, 8.07, 13078, 12718, 338, 60.0, , 1
Java, regex-redux, 10,  357.28, 129.86, 124.84, 0.00, 8.04, 13032, 12691, 320, 59.0, , 1
Java, regex-redux, 10,  353.83, 128.44, 123.49, 0.00, 7.97, 12891, 12527, 343, 60.0, , 1
Java, regex-redux, 10,  351.52, 127.97, 123.04, 0.00, 7.96, 12855, 12469, 354, 60.0, , 1
Java, regex-redux, 10,  353.34, 128.41, 123.45, 0.00, 7.97, 12886, 12523, 336, 61.0, , 1
Java, regex-redux, 10,  360.74, 130.64, 125.60, 0.00, 8.09, 13120, 12756, 334, 60.0, , 1
Java, regex-redux, 10,  359.40, 131.28, 126.23, 0.00, 8.13, 13175, 12829, 326, 59.0, , 1
Java, regex-redux, 10,  355.52, 130.01, 125.00, 0.00, 8.06, 13048, 12660, 353, 59.0, , 1
Java, regex-redux, 10,  356.15, 130.19, 125.18, 0.00, 8.06, 13070, 12709, 341, 59.0, , 1
Java, regex-redux, 10,  355.16, 129.69, 124.68, 0.00, 8.04, 13017, 12658, 340, 60.0, , 1
Java, regex-redux, 10,  359.62, 130.94, 125.88, 0.00, 8.11, 13145, 12768, 333, 60.0, , 1
Java, regex-redux, 10,  352.70, 128.95, 123.97, 0.00, 8.01, 12944, 12583, 324, 58.0, , 1
Java, regex-redux, 10,  362.14, 132.18, 127.08, 0.00, 8.17, 13269, 12903, 344, 60.0, , 1
Java, regex-redux, 10,  352.30, 128.36, 123.39, 0.00, 7.99, 12901, 12495, 347, 59.0, , 1
Java, regex-redux, 10,  357.36, 129.42, 124.42, 0.00, 8.04, 12987, 12605, 333, 60.0, , 1
Java, regex-redux, 10,  353.84, 128.59, 123.63, 0.00, 8.00, 12905, 12558, 321, 60.0, , 1
Java, regex-redux, 10,  354.83, 129.27, 124.28, 0.00, 8.02, 12973, 12617, 332, 60.0, , 1
Java, reverse-complement, 10,  24.11, 8.54, 8.11, 0.00, 0.86, 858, 537, 315, 62.0, , 1
Java, reverse-complement, 10,  24.17, 8.52, 8.09, 0.00, 0.86, 856, 527, 323, 60.0, , 1
Java, reverse-complement, 10,  24.24, 8.59, 8.16, 0.00, 0.86, 863, 535, 323, 60.0, , 1
Java, reverse-complement, 10,  24.80, 8.74, 8.30, 0.00, 0.87, 877, 528, 327, 59.0, , 1
Java, reverse-complement, 10,  24.16, 8.60, 8.17, 0.00, 0.86, 863, 530, 328, 59.0, , 1
Java, reverse-complement, 10,  24.42, 8.60, 8.17, 0.00, 0.86, 864, 528, 325, 61.0, , 1
Java, reverse-complement, 10,  24.33, 8.60, 8.17, 0.00, 0.86, 863, 524, 330, 61.0, , 1
Java, reverse-complement, 10,  24.09, 8.56, 8.13, 0.00, 0.86, 859, 524, 330, 60.0, , 1
Java, reverse-complement, 10,  24.35, 8.62, 8.19, 0.00, 0.87, 865, 521, 338, 60.0, , 1
Java, reverse-complement, 10,  24.13, 8.60, 8.17, 0.00, 0.86, 863, 529, 328, 58.0, , 1
Java, reverse-complement, 10,  24.33, 8.62, 8.19, 0.00, 0.86, 866, 543, 317, 58.0, , 1
Java, reverse-complement, 10,  24.21, 8.60, 8.17, 0.00, 0.86, 864, 525, 332, 59.0, , 1
Java, reverse-complement, 10,  24.11, 8.51, 8.09, 0.00, 0.85, 856, 529, 320, 59.0, , 1
Java, reverse-complement, 10,  24.24, 8.56, 8.14, 0.00, 0.86, 859, 542, 311, 59.0, , 1
Java, reverse-complement, 10,  24.48, 8.65, 8.21, 0.00, 0.87, 868, 532, 318, 59.0, , 1
Java, reverse-complement, 10,  24.11, 8.53, 8.11, 0.00, 0.86, 856, 533, 318, 61.0, , 1
Java, reverse-complement, 10,  24.16, 8.58, 8.15, 0.00, 0.86, 861, 531, 324, 61.0, , 1
Java, reverse-complement, 10,  24.34, 8.59, 8.16, 0.00, 0.86, 862, 515, 342, 60.0, , 1
Java, reverse-complement, 10,  24.30, 8.61, 8.19, 0.00, 0.86, 865, 529, 330, 60.0, , 1
Java, reverse-complement, 10,  24.31, 8.61, 8.18, 0.00, 0.86, 864, 518, 339, 60.0, , 1
Java, spectral-norm, 10,  49.00, 17.83, 17.18, 0.00, 0.94, 1790, 1770, 12, 61.0, , 1
Java, spectral-norm, 10,  47.45, 17.24, 16.62, 0.00, 0.91, 1732, 1700, 21, 59.0, , 1
Java, spectral-norm, 10,  48.80, 17.76, 17.11, 0.00, 0.93, 1783, 1759, 16, 61.0, , 1
Java, spectral-norm, 10,  49.30, 17.92, 17.26, 0.00, 0.94, 1797, 1766, 13, 61.0, , 1
Java, spectral-norm, 10,  48.70, 17.74, 17.09, 0.00, 0.93, 1781, 1751, 22, 60.0, , 1
Java, spectral-norm, 10,  49.06, 17.81, 17.16, 0.00, 0.93, 1787, 1768, 13, 60.0, , 1
Java, spectral-norm, 10,  48.82, 17.73, 17.09, 0.00, 0.93, 1780, 1755, 17, 60.0, , 1
Java, spectral-norm, 10,  48.82, 17.81, 17.16, 0.00, 0.93, 1787, 1757, 23, 61.0, , 1
Java, spectral-norm, 10,  48.90, 17.79, 17.14, 0.00, 0.93, 1785, 1759, 19, 61.0, , 1
Java, spectral-norm, 10,  48.60, 17.72, 17.08, 0.00, 0.93, 1777, 1749, 23, 61.0, , 1
Java, spectral-norm, 10,  48.92, 17.87, 17.22, 0.00, 0.94, 1794, 1768, 19, 59.0, , 1
Java, spectral-norm, 10,  48.64, 17.77, 17.13, 0.00, 0.93, 1783, 1761, 16, 61.0, , 1
Java, spectral-norm, 10,  48.95, 17.88, 17.24, 0.00, 0.94, 1795, 1768, 21, 59.0, , 1
Java, spectral-norm, 10,  48.54, 17.69, 17.05, 0.00, 0.93, 1776, 1751, 18, 59.0, , 1
Java, spectral-norm, 10,  48.61, 17.74, 17.10, 0.00, 0.93, 1780, 1755, 18, 60.0, , 1
Java, spectral-norm, 10,  48.73, 17.79, 17.15, 0.00, 0.93, 1786, 1767, 13, 59.0, , 1
Java, spectral-norm, 10,  47.80, 17.44, 16.81, 0.00, 0.92, 1751, 1703, 20, 60.0, , 1
Java, spectral-norm, 10,  48.91, 17.85, 17.20, 0.00, 0.94, 1792, 1750, 26, 61.0, , 1
Java, spectral-norm, 10,  48.81, 17.86, 17.21, 0.00, 0.94, 1793, 1766, 18, 61.0, , 1
Java, spectral-norm, 10,  48.78, 17.84, 17.19, 0.00, 0.94, 1791, 1752, 29, 60.0, , 1
Python, binary-trees, 10,  2947.61, 1068.94, 1028.21, 0.00, 66.47, 107352, 105447, 1609, 62.0, , 1
Python, binary-trees, 10,  2885.13, 1048.40, 1008.41, 0.00, 65.44, 105270, 103423, 1693, 60.0, , 1
Python, binary-trees, 10,  2929.92, 1063.99, 1023.40, 0.00, 66.49, 106835, 104760, 1703, 60.0, , 1
Python, binary-trees, 10,  2895.16, 1055.79, 1015.51, 0.00, 65.88, 106002, 104020, 1711, 62.0, , 1
Python, binary-trees, 10,  2901.15, 1056.73, 1016.43, 0.00, 65.92, 106108, 104116, 1797, 59.0, , 1
Python, binary-trees, 10,  2893.24, 1050.15, 1010.11, 0.00, 65.53, 105449, 103678, 1608, 60.0, , 1
Python, binary-trees, 10,  2917.76, 1063.29, 1022.75, 0.00, 66.17, 106767, 104737, 1687, 60.0, , 1
Python, binary-trees, 10,  2920.35, 1060.64, 1020.19, 0.00, 66.16, 106501, 104589, 1637, 61.0, , 1
Python, binary-trees, 10,  2884.11, 1050.34, 1010.28, 0.00, 65.51, 105470, 103583, 1664, 61.0, , 1
Python, binary-trees, 10,  2888.02, 1050.93, 1010.85, 0.00, 65.55, 105528, 103727, 1648, 62.0, , 1
Python, binary-trees, 10,  2884.18, 1051.25, 1011.15, 0.00, 65.57, 105559, 103664, 1736, 61.0, , 1
Python, binary-trees, 10,  2908.92, 1059.59, 1019.20, 0.00, 66.05, 106401, 104179, 1832, 61.0, , 1
Python, binary-trees, 10,  2923.59, 1062.91, 1022.38, 0.00, 66.31, 106728, 104514, 1803, 60.0, , 1
Python, binary-trees, 10,  2912.22, 1063.29, 1022.78, 0.00, 66.12, 106775, 104971, 1633, 62.0, , 1
Python, binary-trees, 10,  2881.35, 1054.09, 1013.90, 0.00, 65.62, 105847, 103957, 1740, 61.0, , 1
Python, binary-trees, 10,  2892.86, 1057.11, 1016.81, 0.00, 65.79, 106144, 104269, 1695, 59.0, , 1
Python, binary-trees, 10,  2890.73, 1055.46, 1015.19, 0.00, 65.86, 105981, 104011, 1676, 60.0, , 1
Python, binary-trees, 10,  2904.43, 1052.71, 1012.56, 0.00, 65.61, 105710, 103677, 1644, 61.0, , 1
Python, binary-trees, 10,  2897.68, 1047.75, 1007.77, 0.00, 65.42, 105225, 103425, 1644, 60.0, , 1
Python, binary-trees, 10,  2896.46, 1049.55, 1009.52, 0.00, 65.45, 105395, 103465, 1772, 61.0, , 1
Python, fannkuch-redux, 10,  27265.68, 10022.85, 9663.06, 0.00, 513.31, 1006189, 1004476, 94, 61.0, , 1
Python, fannkuch-redux, 10,  27145.77, 9987.26, 9628.66, 0.00, 511.49, 1002620, 1000747, 83, 60.0, , 1
Python, fannkuch-redux, 10,  26940.69, 9892.47, 9536.87, 0.00, 506.64, 993080, 991273, 84, 61.0, , 1
Python, fannkuch-redux, 10,  26833.81, 9862.21, 9508.07, 0.00, 505.12, 990061, 988201, 70, 61.0, , 1
Python, fannkuch-redux, 10,  27081.60, 9944.65, 9587.07, 0.00, 509.30, 998266, 996441, 67, 60.0, , 1
Python, fannkuch-redux, 10,  26572.58, 9750.43, 9400.13, 0.00, 499.36, 978810, 977037, 63, 60.0, , 1
Python, fannkuch-redux, 10,  26997.56, 9923.87, 9567.45, 0.00, 508.30, 996258, 994547, 83, 61.0, , 1
Python, fannkuch-redux, 10,  26613.01, 9829.85, 9476.75, 0.00, 503.54, 986772, 984996, 54, 60.0, , 1
Python, fannkuch-redux, 10,  26827.69, 9891.60, 9536.17, 0.00, 506.76, 992976, 991113, 79, 61.0, , 1
Python, fannkuch-redux, 10,  26841.55, 9898.51, 9542.86, 0.00, 508.32, 993687, 988963, 67, 59.0, , 1
Python, fannkuch-redux, 10,  26875.84, 9931.41, 9574.63, 0.00, 508.79, 996991, 995182, 72, 59.0, , 1
Python, fannkuch-redux, 10,  26846.32, 9926.91, 9570.21, 0.00, 508.57, 996526, 994652, 78, 59.0, , 1
Python, fannkuch-redux, 10,  27047.56, 10012.75, 9653.53, 0.00, 512.99, 1005188, 1003502, 57, 60.0, , 1
Python, fannkuch-redux, 10,  27366.46, 10103.11, 9740.15, 0.00, 517.61, 1014223, 1012280, 80, 60.0, , 1
Python, fannkuch-redux, 10,  26652.77, 9861.96, 9507.96, 0.00, 505.23, 990009, 988196, 66, 60.0, , 1
Python, fannkuch-redux, 10,  26580.07, 9825.08, 9472.43, 0.00, 503.35, 986329, 984629, 105, 61.0, , 1
Python, fannkuch-redux, 10,  26573.94, 9814.81, 9462.45, 0.00, 502.84, 985294, 983476, 72, 61.0, , 1
Python, fannkuch-redux, 10,  26868.88, 9911.39, 9555.70, 0.00, 507.81, 995007, 993228, 63, 60.0, , 1
Python, fannkuch-redux, 10,  26596.69, 9871.84, 9516.82, 0.00, 505.71, 990968, 989136, 84, 58.0, , 1
Python, fannkuch-redux, 10,  26642.78, 9881.58, 9526.47, 0.00, 506.24, 991962, 990120, 70, 61.0, , 1
Python, fasta, 10,  1315.10, 488.65, 471.19, 0.00, 25.02, 49058, 48984, 26, 59.0, , 1
Python, fasta, 10,  1315.50, 488.55, 471.07, 0.00, 25.02, 49048, 48968, 22, 60.0, , 1
Python, fasta, 10,  1316.32, 489.73, 472.21, 0.00, 25.08, 49166, 49090, 29, 59.0, , 1
Python, fasta, 10,  1318.49, 489.47, 471.94, 0.00, 25.08, 49138, 49008, 31, 60.0, , 1
Python, fasta, 10,  1313.55, 487.69, 470.24, 0.00, 24.99, 48959, 48821, 29, 60.0, , 1
Python, fasta, 10,  1313.67, 487.92, 470.45, 0.00, 25.01, 48983, 48852, 21, 61.0, , 1
Python, fasta, 10,  1312.90, 486.78, 469.37, 0.00, 24.95, 48871, 48735, 34, 61.0, , 1
Python, fasta, 10,  1314.49, 486.60, 469.21, 0.00, 24.93, 48854, 48640, 28, 59.0, , 1
Python, fasta, 10,  1312.57, 486.55, 469.17, 0.00, 24.93, 48848, 48771, 24, 59.0, , 1
Python, fasta, 10,  1310.71, 486.96, 469.54, 0.00, 24.95, 48888, 48796, 37, 60.0, , 1
Python, fasta, 10,  1305.73, 486.83, 469.42, 0.00, 24.95, 48876, 48786, 29, 61.0, , 1
Python, fasta, 10,  1308.99, 485.70, 468.35, 0.00, 24.89, 48766, 48697, 22, 60.0, , 1
Python, fasta, 10,  1316.05, 487.95, 470.52, 0.00, 25.00, 48993, 48911, 25, 61.0, , 1
Python, fasta, 10,  1321.08, 490.36, 472.81, 0.00, 25.14, 49228, 49082, 29, 60.0, , 1
Python, fasta, 10,  1316.21, 489.09, 471.58, 0.00, 25.07, 49100, 48943, 38, 60.0, , 1
Python, fasta, 10,  1315.11, 487.78, 470.32, 0.00, 25.01, 48969, 48827, 37, 59.0, , 1
Python, fasta, 10,  1319.48, 492.56, 474.92, 0.00, 25.25, 49449, 49327, 26, 59.0, , 1
Python, fasta, 10,  1313.19, 487.77, 470.33, 0.00, 24.99, 48970, 48888, 26, 60.0, , 1
Python, fasta, 10,  1317.83, 487.64, 470.20, 0.00, 24.98, 48958, 48869, 39, 61.0, , 1
Python, fasta, 10,  1316.54, 488.81, 471.33, 0.00, 25.05, 49076, 48831, 41, 59.0, , 1
Python, k-nucleotide, 10,  4229.18, 1539.09, 1482.18, 0.00, 118.14, 154520, 153255, 817, 61.0, , 1
Python, k-nucleotide, 10,  4200.25, 1522.00, 1465.62, 0.00, 116.92, 152803, 151793, 761, 59.0, , 1
Python, k-nucleotide, 10,  4337.22, 1574.28, 1516.14, 0.00, 119.58, 158045, 156948, 720, 60.0, , 1
Python, k-nucleotide, 10,  4392.00, 1588.84, 1529.65, 0.00, 122.87, 159514, 153439, 779, 61.0, , 1
Python, k-nucleotide, 10,  4193.78, 1520.22, 1463.99, 0.00, 116.73, 152625, 151574, 766, 60.0, , 1
Python, k-nucleotide, 10,  4237.87, 1534.36, 1477.64, 0.00, 117.67, 154042, 153086, 722, 61.0, , 1
Python, k-nucleotide, 10,  4261.84, 1544.27, 1487.15, 0.00, 118.35, 155039, 153732, 780, 60.0, , 1
Python, k-nucleotide, 10,  4285.30, 1555.91, 1498.39, 0.00, 119.59, 156209, 155127, 773, 62.0, , 1
Python, k-nucleotide, 10,  4279.07, 1558.79, 1501.08, 0.00, 120.80, 156495, 155499, 757, 60.0, , 1
Python, k-nucleotide, 10,  4280.11, 1569.05, 1510.97, 0.00, 120.94, 157524, 156384, 790, 60.0, , 1
Python, k-nucleotide, 10,  4271.07, 1561.38, 1503.55, 0.00, 120.01, 156755, 155465, 793, 61.0, , 1
Python, k-nucleotide, 10,  4245.52, 1554.86, 1497.36, 0.00, 119.81, 156105, 155139, 728, 60.0, , 1
Python, k-nucleotide, 10,  4250.00, 1549.81, 1492.41, 0.00, 119.24, 155594, 154469, 784, 61.0, , 1
Python, k-nucleotide, 10,  4275.07, 1562.47, 1504.60, 0.00, 120.98, 156862, 155706, 768, 61.0, , 1
Python, k-nucleotide, 10,  4266.11, 1563.39, 1505.63, 0.00, 119.82, 156957, 155852, 736, 60.0, , 1
Python, k-nucleotide, 10,  4255.48, 1565.10, 1507.28, 0.00, 120.45, 157130, 156080, 733, 61.0, , 1
Python, k-nucleotide, 10,  4301.22, 1569.35, 1511.37, 0.00, 120.31, 157556, 156394, 759, 60.0, , 1
Python, k-nucleotide, 10,  4179.49, 1535.29, 1478.51, 0.00, 117.96, 154135, 153155, 758, 61.0, , 1
Python, k-nucleotide, 10,  4194.98, 1544.79, 1487.73, 0.00, 118.30, 155092, 153878, 792, 60.0, , 1
Python, k-nucleotide, 10,  4255.99, 1565.57, 1507.69, 0.00, 120.23, 157179, 155969, 789, 60.0, , 1
Python, mandelbrot, 10,  11496.46, 4296.22, 4142.34, 0.00, 220.09, 431309, 430650, 26, 59.0, , 1
Python, mandelbrot, 10,  11522.72, 4281.30, 4127.98, 0.00, 219.31, 429809, 428989, 57, 59.0, , 1
Python, mandelbrot, 10,  11437.22, 4275.21, 4122.16, 0.00, 219.03, 429212, 428386, 37, 60.0, , 1
Python, mandelbrot, 10,  11517.91, 4275.40, 4122.33, 0.00, 219.03, 429223, 428362, 31, 60.0, , 1
Python, mandelbrot, 10,  11539.56, 4285.29, 4131.82, 0.00, 219.51, 430209, 429489, 37, 59.0, , 1
Python, mandelbrot, 10,  11529.31, 4293.03, 4139.23, 0.00, 219.92, 430983, 430086, 55, 61.0, , 1
Python, mandelbrot, 10,  11627.72, 4329.00, 4174.02, 0.00, 221.75, 434600, 433733, 35, 60.0, , 1
Python, mandelbrot, 10,  11591.20, 4321.48, 4166.81, 0.00, 221.39, 433850, 433162, 36, 60.0, , 1
Python, mandelbrot, 10,  11446.13, 4274.84, 4121.80, 0.00, 219.01, 429170, 428384, 52, 60.0, , 1
Python, mandelbrot, 10,  11583.23, 4319.97, 4165.29, 0.00, 221.32, 433693, 432894, 33, 60.0, , 1
Python, mandelbrot, 10,  11505.81, 4294.64, 4140.90, 0.00, 220.03, 431162, 430352, 34, 60.0, , 1
Python, mandelbrot, 10,  11596.86, 4329.39, 4174.35, 0.00, 221.83, 434639, 433870, 69, 60.0, , 1
Python, mandelbrot, 10,  11552.35, 4309.25, 4154.97, 0.00, 220.79, 432622, 431757, 33, 60.0, , 1
Python, mandelbrot, 10,  11424.60, 4262.02, 4109.55, 0.00, 218.38, 427895, 427011, 46, 59.0, , 1
Python, mandelbrot, 10,  11484.40, 4275.27, 4122.22, 0.00, 219.06, 429205, 428461, 48, 59.0, , 1
Python, mandelbrot, 10,  11505.20, 4286.65, 4133.21, 0.00, 219.64, 430360, 429507, 33, 60.0, , 1
Python, mandelbrot, 10,  11638.54, 4329.41, 4174.41, 0.00, 221.80, 434642, 433841, 38, 60.0, , 1
Python, mandelbrot, 10,  11497.94, 4272.58, 4119.62, 0.00, 218.91, 428944, 428133, 57, 60.0, , 1
Python, mandelbrot, 10,  11549.36, 4281.57, 4128.29, 0.00, 219.36, 429848, 429201, 34, 61.0, , 1
Python, mandelbrot, 10,  12259.29, 4531.71, 4369.24, 0.00, 232.17, 454945, 454064, 45, 61.0, , 1
Python, n-body, 10,  7154.52, 2668.10, 2572.46, 0.00, 136.63, 267847, 267507, 25, 61.0, , 1
Python, n-body, 10,  7273.03, 2701.95, 2604.93, 0.00, 138.40, 271236, 270756, 13, 61.0, , 1
Python, n-body, 10,  7191.45, 2668.72, 2572.75, 0.00, 136.66, 267885, 267352, 16, 61.0, , 1
Python, n-body, 10,  7164.71, 2650.91, 2555.74, 0.00, 135.76, 266105, 265674, 27, 60.0, , 1
Python, n-body, 10,  7174.78, 2662.64, 2567.22, 0.00, 136.40, 267304, 266694, 29, 61.0, , 1
Python, n-body, 10,  7258.63, 2694.15, 2597.33, 0.00, 137.96, 270448, 270064, 17, 60.0, , 1
Python, n-body, 10,  7322.19, 2711.82, 2614.37, 0.00, 138.91, 272224, 271586, 15, 60.0, , 1
Python, n-body, 10,  7199.11, 2664.81, 2569.12, 0.00, 136.46, 267500, 267190, 20, 60.0, , 1
Python, n-body, 10,  7399.75, 2739.77, 2641.49, 0.00, 140.38, 275037, 274365, 36, 61.0, , 1
Python, n-body, 10,  7217.31, 2676.38, 2580.37, 0.00, 137.08, 268674, 268366, 21, 61.0, , 1
Python, n-body, 10,  7378.47, 2731.91, 2633.88, 0.00, 139.97, 274253, 273722, 32, 62.0, , 1
Python, n-body, 10,  7199.31, 2672.63, 2576.66, 0.00, 136.89, 268295, 267799, 15, 61.0, , 1
Python, n-body, 10,  7199.39, 2665.25, 2569.60, 0.00, 136.54, 267552, 267108, 27, 59.0, , 1
Python, n-body, 10,  7237.06, 2693.50, 2596.86, 0.00, 137.98, 270392, 269821, 25, 60.0, , 1
Python, n-body, 10,  7195.65, 2681.12, 2584.90, 0.00, 137.35, 269149, 268753, 21, 61.0, , 1
Python, n-body, 10,  7180.64, 2668.81, 2572.90, 0.00, 136.73, 267902, 267265, 19, 61.0, , 1
Python, n-body, 10,  7195.05, 2676.21, 2580.15, 0.00, 137.07, 268657, 268334, 21, 60.0, , 1
Python, n-body, 10,  7244.02, 2693.11, 2596.34, 0.00, 137.98, 270346, 269691, 14, 61.0, , 1
Python, n-body, 10,  7213.06, 2680.69, 2584.48, 0.00, 137.29, 269102, 268765, 30, 61.0, , 1
Python, n-body, 10,  7257.98, 2696.18, 2599.41, 0.00, 138.16, 270658, 269997, 28, 61.0, , 1
Python, regex-redux, 10,  369.69, 137.19, 132.09, 0.00, 7.93, 13769, 13265, 487, 61.0, , 1
Python, regex-redux, 10,  371.02, 137.29, 132.20, 0.00, 7.94, 13783, 13276, 487, 61.0, , 1
Python, regex-redux, 10,  372.96, 137.77, 132.65, 0.00, 7.97, 13829, 13351, 459, 60.0, , 1
Python, regex-redux, 10,  371.29, 137.63, 132.52, 0.00, 7.96, 13816, 13333, 462, 61.0, , 1
Python, regex-redux, 10,  369.56, 137.23, 132.13, 0.00, 7.95, 13774, 13270, 486, 59.0, , 1
Python, regex-redux, 10,  368.74, 136.47, 131.40, 0.00, 7.90, 13699, 13218, 463, 60.0, , 1
Python, regex-redux, 10,  372.70, 137.78, 132.66, 0.00, 7.97, 13828, 13343, 462, 61.0, , 1
Python, regex-redux, 10,  370.35, 137.17, 132.07, 0.00, 7.95, 13769, 13280, 463, 61.0, , 1
Python, regex-redux, 10,  372.07, 138.09, 132.95, 0.00, 7.99, 13863, 13398, 445, 60.0, , 1
Python, regex-redux, 10,  369.27, 137.12, 132.02, 0.00, 7.94, 13761, 13326, 418, 60.0, , 1
Python, regex-redux, 10,  371.15, 137.07, 131.99, 0.00, 7.94, 13760, 13259, 482, 62.0, , 1
Python, regex-redux, 10,  370.38, 137.02, 131.93, 0.00, 7.94, 13753, 13276, 459, 60.0, , 1
Python, regex-redux, 10,  370.34, 137.09, 131.99, 0.00, 7.94, 13760, 13278, 463, 59.0, , 1
Python, regex-redux, 10,  369.16, 136.99, 131.89, 0.00, 7.94, 13750, 13247, 483, 62.0, , 1
Python, regex-redux, 10,  372.46, 138.36, 133.21, 0.00, 8.01, 13887, 13377, 483, 60.0, , 1
Python, regex-redux, 10,  371.29, 137.62, 132.51, 0.00, 7.97, 13815, 13295, 492, 61.0, , 1
Python, regex-redux, 10,  371.18, 138.00, 132.87, 0.00, 8.00, 13852, 13319, 489, 61.0, , 1
Python, regex-redux, 10,  371.77, 137.43, 132.33, 0.00, 7.96, 13796, 13268, 502, 61.0, , 1
Python, regex-redux, 10,  371.66, 136.99, 131.90, 0.00, 7.93, 13751, 13241, 484, 61.0, , 1
Python, regex-redux, 10,  376.10, 137.74, 132.63, 0.00, 7.99, 13827, 13325, 449, 61.0, , 1
Python, reverse-complement, 10,  62.75, 22.85, 21.97, 0.00, 1.57, 2293, 1833, 451, 61.0, , 1
Python, reverse-complement, 10,  62.67, 22.83, 21.94, 0.00, 1.58, 2289, 1829, 453, 60.0, , 1
Python, reverse-complement, 10,  62.86, 22.91, 22.02, 0.00, 1.58, 2299, 1823, 468, 62.0, , 1
Python, reverse-complement, 10,  62.85, 22.82, 21.93, 0.00, 1.57, 2289, 1835, 448, 60.0, , 1
Python, reverse-complement, 10,  62.63, 22.87, 21.98, 0.00, 1.58, 2295, 1818, 470, 61.0, , 1
Python, reverse-complement, 10,  62.56, 22.92, 22.03, 0.00, 1.58, 2299, 1819, 475, 62.0, , 1
Python, reverse-complement, 10,  62.48, 22.83, 21.94, 0.00, 1.57, 2289, 1829, 456, 61.0, , 1
Python, reverse-complement, 10,  62.67, 22.87, 21.98, 0.00, 1.58, 2294, 1823, 463, 60.0, , 1
Python, reverse-complement, 10,  62.46, 22.84, 21.95, 0.00, 1.58, 2291, 1839, 446, 61.0, , 1
Python, reverse-complement, 10,  62.66, 22.79, 21.90, 0.00, 1.57, 2286, 1835, 446, 61.0, , 1
Python, reverse-complement, 10,  62.78, 22.84, 21.95, 0.00, 1.57, 2291, 1833, 454, 62.0, , 1
Python, reverse-complement, 10,  62.45, 22.78, 21.90, 0.00, 1.57, 2286, 1851, 430, 61.0, , 1
Python, reverse-complement, 10,  62.70, 22.80, 21.92, 0.00, 1.57, 2288, 1845, 438, 61.0, , 1
Python, reverse-complement, 10,  62.58, 22.87, 21.99, 0.00, 1.58, 2295, 1862, 428, 60.0, , 1
Python, reverse-complement, 10,  63.13, 23.03, 22.13, 0.00, 1.59, 2310, 1862, 424, 60.0, , 1
Python, reverse-complement, 10,  63.29, 22.94, 22.05, 0.00, 1.58, 2302, 1813, 472, 61.0, , 1
Python, reverse-complement, 10,  62.99, 22.87, 21.98, 0.00, 1.58, 2294, 1828, 459, 62.0, , 1
Python, reverse-complement, 10,  63.33, 22.92, 22.03, 0.00, 1.58, 2299, 1806, 477, 60.0, , 1
Python, reverse-complement, 10,  63.17, 22.83, 21.94, 0.00, 1.57, 2290, 1836, 448, 62.0, , 1
Python, reverse-complement, 10,  63.06, 22.78, 21.90, 0.00, 1.57, 2285, 1804, 476, 61.0, , 1
Python, spectral-norm, 10,  8831.96, 3248.37, 3131.90, 0.00, 166.68, 326114, 325416, 85, 60.0, , 1
Python, spectral-norm, 10,  8876.77, 3271.49, 3154.22, 0.00, 167.85, 328438, 327677, 74, 60.0, , 1
Python, spectral-norm, 10,  8899.54, 3273.51, 3156.12, 0.00, 167.90, 328636, 328112, 71, 61.0, , 1
Python, spectral-norm, 10,  8929.35, 3292.82, 3174.73, 0.00, 168.96, 330575, 329707, 101, 60.0, , 1
Python, spectral-norm, 10,  8881.84, 3282.60, 3164.91, 0.00, 168.38, 329551, 328918, 99, 61.0, , 1
Python, spectral-norm, 10,  8813.37, 3265.74, 3148.68, 0.00, 167.50, 327856, 327170, 85, 61.0, , 1
Python, spectral-norm, 10,  9076.38, 3356.78, 3236.43, 0.00, 172.21, 336996, 336271, 108, 59.0, , 1
Python, spectral-norm, 10,  8844.42, 3284.20, 3166.48, 0.00, 168.50, 329714, 328924, 94, 59.0, , 1
Python, spectral-norm, 10,  8901.29, 3288.04, 3170.16, 0.00, 168.69, 330095, 329305, 95, 61.0, , 1
Python, spectral-norm, 10,  8899.73, 3277.32, 3159.80, 0.00, 168.19, 329016, 328294, 87, 60.0, , 1
Python, spectral-norm, 10,  8788.37, 3245.46, 3129.13, 0.00, 166.53, 325824, 325059, 63, 60.0, , 1
Python, spectral-norm, 10,  8793.24, 3247.15, 3130.70, 0.00, 166.55, 325990, 325482, 73, 61.0, , 1
Python, spectral-norm, 10,  8809.69, 3251.28, 3134.71, 0.00, 166.84, 326405, 325596, 72, 61.0, , 1
Python, spectral-norm, 10,  8894.06, 3281.02, 3163.41, 0.00, 168.36, 329396, 328750, 90, 60.0, , 1
Python, spectral-norm, 10,  8755.61, 3242.71, 3126.47, 0.00, 166.32, 325545, 324880, 103, 59.0, , 1
Python, spectral-norm, 10,  8808.20, 3241.51, 3125.27, 0.00, 166.35, 325422, 324701, 104, 60.0, , 1
Python, spectral-norm, 10,  8890.50, 3275.18, 3157.76, 0.00, 168.06, 328807, 328024, 79, 60.0, , 1
Python, spectral-norm, 10,  8905.66, 3283.07, 3165.40, 0.00, 168.40, 329602, 328983, 60, 60.0, , 1
Python, spectral-norm, 10,  8913.33, 3299.61, 3181.31, 0.00, 169.34, 331260, 330559, 77, 58.0, , 1
Python, spectral-norm, 10,  8734.61, 3235.34, 3119.34, 0.00, 166.01, 324806, 324009, 98, 60.0, , 1
C, binary-trees, 15,  81.28, 34.25, 33.17, 0.00, 1.92, 2617, 2398, 202, 63.0, , 1
C, binary-trees, 15,  81.68, 34.34, 33.25, 0.00, 1.94, 2630, 2437, 180, 64.0, , 1
C, binary-trees, 15,  81.38, 34.16, 33.07, 0.00, 1.92, 2618, 2413, 190, 63.0, , 1
C, binary-trees, 15,  81.46, 34.09, 33.00, 0.00, 1.93, 2620, 2422, 185, 63.0, , 1
C, binary-trees, 15,  80.88, 33.96, 32.88, 0.00, 1.92, 2608, 2401, 193, 64.0, , 1
C, binary-trees, 15,  82.00, 34.97, 33.88, 0.00, 1.95, 2647, 2447, 186, 64.0, , 1
C, binary-trees, 15,  80.83, 34.46, 33.39, 0.00, 1.92, 2616, 2415, 188, 62.0, , 1
C, binary-trees, 15,  80.85, 34.25, 33.17, 0.00, 1.92, 2614, 2412, 188, 62.0, , 1
C, binary-trees, 15,  80.96, 34.14, 33.06, 0.00, 1.92, 2611, 2395, 202, 62.0, , 1
C, binary-trees, 15,  81.44, 34.23, 33.14, 0.00, 1.94, 2630, 2421, 185, 62.0, , 1
C, binary-trees, 15,  81.12, 34.07, 32.99, 0.00, 1.92, 2623, 2444, 166, 63.0, , 1
C, binary-trees, 15,  84.65, 35.34, 34.22, 0.00, 1.97, 2702, 2491, 197, 64.0, , 1
C, binary-trees, 15,  81.61, 34.11, 33.02, 0.00, 1.93, 2626, 2438, 174, 62.0, , 1
C, binary-trees, 15,  81.37, 34.38, 33.29, 0.00, 1.93, 2618, 2415, 191, 63.0, , 1
C, binary-trees, 15,  81.53, 34.41, 33.31, 0.00, 1.94, 2627, 2431, 181, 65.0, , 1
C, binary-trees, 15,  81.09, 34.25, 33.16, 0.00, 1.93, 2621, 2434, 173, 64.0, , 1
C, binary-trees, 15,  81.20, 34.25, 33.16, 0.00, 1.92, 2616, 2412, 191, 62.0, , 1
C, binary-trees, 15,  80.88, 34.06, 32.98, 0.00, 1.93, 2612, 2397, 202, 63.0, , 1
C, binary-trees, 15,  80.97, 34.20, 33.12, 0.00, 1.93, 2616, 2404, 197, 63.0, , 1
C, binary-trees, 15,  81.18, 34.40, 33.32, 0.00, 1.92, 2614, 2404, 196, 64.0, , 1
C, fannkuch-redux, 15,  207.86, 82.48, 79.83, 0.00, 3.78, 7415, 7406, 1, 64.0, , 1
C, fannkuch-redux, 15,  207.28, 82.48, 79.83, 0.00, 3.78, 7415, 7405, 2, 64.0, , 1
C, fannkuch-redux, 15,  207.04, 82.57, 79.92, 0.00, 3.78, 7413, 7405, 1, 63.0, , 1
C, fannkuch-redux, 15,  206.78, 82.36, 79.71, 0.00, 3.78, 7413, 7406, 0, 63.0, , 1
C, fannkuch-redux, 15,  207.12, 82.58, 79.93, 0.00, 3.78, 7413, 7406, 0, 63.0, , 1
C, fannkuch-redux, 15,  206.55, 82.45, 79.80, 0.00, 3.78, 7413, 7406, 0, 63.0, , 1
C, fannkuch-redux, 15,  207.81, 82.60, 79.97, 0.00, 3.78, 7413, 7407, 0, 62.0, , 1
C, fannkuch-redux, 15,  207.33, 82.68, 80.02, 0.00, 3.78, 7413, 7406, 0, 63.0, , 1
C, fannkuch-redux, 15,  206.83, 82.42, 79.77, 0.00, 3.78, 7415, 7406, 1, 63.0, , 1
C, fannkuch-redux, 15,  206.47, 82.24, 79.60, 0.00, 3.79, 7416, 7407, 0, 62.0, , 1
C, fannkuch-redux, 15,  206.81, 82.10, 79.45, 0.00, 3.78, 7413, 7406, 0, 63.0, , 1
C, fannkuch-redux, 15,  206.63, 82.30, 79.66, 0.00, 3.78, 7413, 7407, 0, 64.0, , 1
C, fannkuch-redux, 15,  206.91, 82.40, 79.75, 0.00, 3.78, 7413, 7405, 1, 63.0, , 1
C, fannkuch-redux, 15,  207.72, 82.33, 79.67, 0.00, 3.78, 7414, 7405, 1, 63.0, , 1
C, fannkuch-redux, 15,  207.70, 82.28, 79.63, 0.00, 3.78, 7415, 7407, 0, 64.0, , 1
C, fannkuch-redux, 15,  206.92, 82.39, 79.75, 0.00, 3.79, 7421, 7408, 0, 64.0, , 1
C, fannkuch-redux, 15,  206.69, 82.39, 79.74, 0.00, 3.78, 7413, 7406, 0, 63.0, , 1
C, fannkuch-redux, 15,  207.37, 82.37, 79.72, 0.00, 3.78, 7414, 7407, 0, 63.0, , 1
C, fannkuch-redux, 15,  208.49, 82.98, 80.33, 0.00, 3.78, 7413, 7406, 0, 64.0, , 1
C, fannkuch-redux, 15,  209.47, 82.49, 79.84, 0.00, 3.78, 7416, 7406, 1, 63.0, , 1
C, fasta, 15,  19.10, 6.56, 6.31, 0.00, 0.34, 661, 650, 10, 51.0, , 1
C, fasta, 15,  19.19, 6.58, 6.34, 0.00, 0.34, 661, 647, 13, 62.0, , 1
C, fasta, 15,  19.19, 6.52, 6.28, 0.00, 0.34, 661, 646, 14, 62.0, , 1
C, fasta, 15,  19.25, 6.51, 6.28, 0.00, 0.34, 662, 635, 25, 62.0, , 1
C, fasta, 15,  19.28, 6.56, 6.32, 0.00, 0.34, 661, 652, 8, 62.0, , 1
C, fasta, 15,  19.30, 6.56, 6.32, 0.00, 0.34, 662, 652, 9, 62.0, , 1
C, fasta, 15,  19.24, 6.48, 6.24, 0.00, 0.34, 662, 650, 10, 62.0, , 1
C, fasta, 15,  19.08, 6.45, 6.21, 0.00, 0.34, 661, 649, 11, 62.0, , 1
C, fasta, 15,  19.19, 6.54, 6.30, 0.00, 0.34, 662, 641, 19, 62.0, , 1
C, fasta, 15,  19.27, 6.56, 6.32, 0.00, 0.34, 662, 645, 15, 61.0, , 1
C, fasta, 15,  19.16, 6.54, 6.30, 0.00, 0.34, 660, 628, 33, 61.0, , 1
C, fasta, 15,  19.19, 6.48, 6.25, 0.00, 0.34, 662, 641, 19, 60.0, , 1
C, fasta, 15,  19.28, 6.53, 6.30, 0.00, 0.34, 661, 649, 11, 60.0, , 1
C, fasta, 15,  19.29, 6.53, 6.30, 0.00, 0.34, 662, 644, 17, 61.0, , 1
C, fasta, 15,  19.12, 6.46, 6.22, 0.00, 0.34, 661, 653, 7, 61.0, , 1
C, fasta, 15,  19.19, 6.49, 6.25, 0.00, 0.34, 662, 640, 20, 61.0, , 1
C, fasta, 15,  19.21, 6.49, 6.25, 0.00, 0.34, 662, 650, 10, 61.0, , 1
C, fasta, 15,  19.16, 6.54, 6.30, 0.00, 0.34, 662, 644, 17, 61.0, , 1
C, fasta, 15,  19.12, 6.45, 6.21, 0.00, 0.34, 662, 641, 20, 61.0, , 1
C, fasta, 15,  19.14, 6.39, 6.16, 0.00, 0.34, 662, 648, 12, 61.0, , 1
C, k-nucleotide, 15,  228.61, 97.44, 94.79, 0.00, 4.11, 7440, 7332, 100, 64.0, , 1
C, k-nucleotide, 15,  229.67, 97.18, 94.52, 0.00, 4.11, 7440, 7333, 98, 65.0, , 1
C, k-nucleotide, 15,  230.01, 97.46, 94.81, 0.00, 4.11, 7439, 7331, 99, 64.0, , 1
C, k-nucleotide, 15,  231.42, 97.89, 95.21, 0.00, 4.14, 7476, 7350, 110, 64.0, , 1
C, k-nucleotide, 15,  230.82, 98.45, 95.79, 0.00, 4.20, 7492, 7380, 103, 63.0, , 1
C, k-nucleotide, 15,  229.44, 97.51, 94.85, 0.00, 4.12, 7442, 7345, 89, 63.0, , 1
C, k-nucleotide, 15,  228.38, 97.58, 94.92, 0.00, 4.11, 7440, 7334, 96, 64.0, , 1
C, k-nucleotide, 15,  229.55, 98.16, 95.50, 0.00, 4.17, 7481, 7370, 94, 63.0, , 1
C, k-nucleotide, 15,  228.88, 97.84, 95.18, 0.00, 4.12, 7453, 7350, 86, 64.0, , 1
C, k-nucleotide, 15,  231.14, 98.70, 96.01, 0.00, 4.26, 7529, 7419, 87, 65.0, , 1
C, k-nucleotide, 15,  229.16, 98.20, 95.53, 0.00, 4.17, 7474, 7374, 90, 64.0, , 1
C, k-nucleotide, 15,  229.80, 97.49, 94.82, 0.00, 4.19, 7484, 7379, 96, 60.0, , 1
C, k-nucleotide, 15,  230.98, 98.03, 95.36, 0.00, 4.22, 7501, 7404, 88, 64.0, , 1
C, k-nucleotide, 15,  230.01, 98.21, 95.53, 0.00, 4.16, 7489, 7348, 106, 63.0, , 1
C, k-nucleotide, 15,  229.41, 97.58, 94.91, 0.00, 4.14, 7469, 7329, 109, 64.0, , 1
C, k-nucleotide, 15,  230.06, 98.20, 95.53, 0.00, 4.19, 7489, 7363, 106, 63.0, , 1
C, k-nucleotide, 15,  228.04, 97.48, 94.82, 0.00, 4.12, 7445, 7349, 86, 63.0, , 1
C, k-nucleotide, 15,  228.64, 97.40, 94.74, 0.00, 4.16, 7467, 7366, 91, 64.0, , 1
C, k-nucleotide, 15,  229.98, 98.16, 95.50, 0.00, 4.19, 7486, 7380, 97, 63.0, , 1
C, k-nucleotide, 15,  231.08, 97.85, 95.17, 0.00, 4.17, 7489, 7348, 103, 65.0, , 1
C, mandelbrot, 15,  104.03, 38.76, 37.47, 0.00, 1.84, 3587, 3552, 18, 64.0, , 1
C, mandelbrot, 15,  103.24, 38.41, 37.12, 0.00, 1.83, 3573, 3558, 9, 63.0, , 1
C, mandelbrot, 15,  103.42, 38.56, 37.28, 0.00, 1.83, 3574, 3554, 14, 64.0, , 1
C, mandelbrot, 15,  103.22, 38.59, 37.31, 0.00, 1.83, 3575, 3558, 11, 63.0, , 1
C, mandelbrot, 15,  103.27, 38.58, 37.29, 0.00, 1.83, 3571, 3557, 9, 63.0, , 1
C, mandelbrot, 15,  102.76, 38.50, 37.22, 0.00, 1.83, 3572, 3555, 12, 63.0, , 1
C, mandelbrot, 15,  103.32, 38.48, 37.20, 0.00, 1.83, 3573, 3554, 14, 62.0, , 1
C, mandelbrot, 15,  103.41, 38.57, 37.29, 0.00, 1.83, 3573, 3561, 7, 64.0, , 1
C, mandelbrot, 15,  103.66, 38.57, 37.29, 0.00, 1.84, 3581, 3558, 8, 64.0, , 1
C, mandelbrot, 15,  103.92, 38.76, 37.47, 0.00, 1.84, 3582, 3559, 8, 64.0, , 1
C, mandelbrot, 15,  104.29, 38.49, 37.20, 0.00, 1.83, 3574, 3559, 8, 63.0, , 1
C, mandelbrot, 15,  103.86, 38.51, 37.22, 0.00, 1.84, 3577, 3554, 15, 63.0, , 1
C, mandelbrot, 15,  103.37, 38.59, 37.31, 0.00, 1.83, 3573, 3560, 8, 64.0, , 1
C, mandelbrot, 15,  103.18, 38.35, 37.07, 0.00, 1.83, 3574, 3556, 13, 63.0, , 1
C, mandelbrot, 15,  103.30, 38.41, 37.12, 0.00, 1.83, 3576, 3561, 8, 63.0, , 1
C, mandelbrot, 15,  102.98, 38.34, 37.07, 0.00, 1.83, 3572, 3550, 17, 63.0, , 1
C, mandelbrot, 15,  103.17, 38.57, 37.30, 0.00, 1.83, 3571, 3559, 8, 63.0, , 1
C, mandelbrot, 15,  103.62, 38.54, 37.27, 0.00, 1.83, 3572, 3553, 15, 63.0, , 1
C, mandelbrot, 15,  103.95, 38.66, 37.38, 0.00, 1.84, 3580, 3558, 9, 63.0, , 1
C, mandelbrot, 15,  103.71, 38.60, 37.32, 0.00, 1.83, 3572, 3557, 11, 63.0, , 1
C, n-body, 15,  52.53, 19.67, 19.06, 0.00, 0.88, 1720, 1719, 0, 62.0, , 1
C, n-body, 15,  56.63, 21.38, 20.72, 0.00, 0.94, 1841, 1719, 0, 62.0, , 1
C, n-body, 15,  52.46, 19.71, 19.10, 0.00, 0.88, 1722, 1717, 1, 63.0, , 1
C, n-body, 15,  52.08, 19.72, 19.10, 0.00, 0.88, 1720, 1718, 0, 63.0, , 1
C, n-body, 15,  52.30, 19.67, 19.05, 0.00, 0.88, 1720, 1719, 0, 64.0, , 1
C, n-body, 15,  52.35, 19.81, 19.20, 0.00, 0.88, 1720, 1718, 0, 62.0, , 1
C, n-body, 15,  52.49, 19.58, 18.97, 0.00, 0.88, 1719, 1718, 0, 62.0, , 1
C, n-body, 15,  52.61, 19.55, 18.93, 0.00, 0.88, 1720, 1717, 1, 63.0, , 1
C, n-body, 15,  52.65, 19.39, 18.77, 0.00, 0.88, 1721, 1719, 0, 64.0, , 1
C, n-body, 15,  52.52, 19.47, 18.85, 0.00, 0.88, 1721, 1718, 0, 64.0, , 1
C, n-body, 15,  52.47, 19.58, 18.96, 0.00, 0.88, 1720, 1718, 0, 64.0, , 1
C, n-body, 15,  52.11, 19.48, 18.86, 0.00, 0.88, 1720, 1719, 0, 62.0, , 1
C, n-body, 15,  52.32, 19.82, 19.20, 0.00, 0.88, 1722, 1718, 0, 64.0, , 1
C, n-body, 15,  52.33, 19.69, 19.07, 0.00, 0.88, 1721, 1718, 0, 63.0, , 1
C, n-body, 15,  52.16, 19.51, 18.90, 0.00, 0.88, 1719, 1719, 0, 62.0, , 1
C, n-body, 15,  52.32, 19.63, 19.01, 0.00, 0.88, 1720, 1718, 0, 62.0, , 1
C, n-body, 15,  52.44, 19.51, 18.89, 0.00, 0.88, 1720, 1719, 0, 63.0, , 1
C, n-body, 15,  52.39, 19.56, 18.95, 0.00, 0.88, 1720, 1718, 0, 63.0, , 1
C, n-body, 15,  52.32, 19.35, 18.72, 0.00, 0.88, 1719, 1719, 0, 62.0, , 1
C, n-body, 15,  52.31, 19.37, 18.75, 0.00, 0.88, 1719, 1719, 0, 62.0, , 1
C, regex-redux, 15,  51.07, 20.19, 19.56, 0.00, 1.12, 1679, 1597, 79, 64.0, , 1
C, regex-redux, 15,  51.15, 20.29, 19.65, 0.00, 1.12, 1678, 1604, 72, 64.0, , 1
C, regex-redux, 15,  51.73, 20.42, 19.79, 0.00, 1.12, 1679, 1605, 71, 63.0, , 1
C, regex-redux, 15,  51.11, 20.35, 19.72, 0.00, 1.12, 1679, 1601, 75, 63.0, , 1
C, regex-redux, 15,  51.58, 20.42, 19.79, 0.00, 1.13, 1680, 1602, 75, 64.0, , 1
C, regex-redux, 15,  51.22, 20.27, 19.64, 0.00, 1.12, 1679, 1601, 75, 64.0, , 1
C, regex-redux, 15,  51.33, 20.27, 19.64, 0.00, 1.12, 1679, 1603, 73, 64.0, , 1
C, regex-redux, 15,  51.03, 20.27, 19.64, 0.00, 1.12, 1678, 1605, 71, 63.0, , 1
C, regex-redux, 15,  51.29, 20.31, 19.68, 0.00, 1.13, 1679, 1606, 71, 63.0, , 1
C, regex-redux, 15,  51.20, 20.39, 19.76, 0.00, 1.12, 1678, 1597, 78, 64.0, , 1
C, regex-redux, 15,  51.57, 20.30, 19.69, 0.00, 1.12, 1679, 1600, 76, 63.0, , 1
C, regex-redux, 15,  52.28, 20.62, 19.98, 0.00, 1.13, 1696, 1623, 70, 64.0, , 1
C, regex-redux, 15,  51.71, 20.48, 19.85, 0.00, 1.12, 1678, 1611, 64, 64.0, , 1
C, regex-redux, 15,  50.85, 20.36, 19.73, 0.00, 1.13, 1678, 1606, 70, 64.0, , 1
C, regex-redux, 15,  50.77, 20.29, 19.67, 0.00, 1.12, 1678, 1608, 67, 64.0, , 1
C, regex-redux, 15,  51.18, 20.31, 19.68, 0.00, 1.12, 1680, 1602, 74, 62.0, , 1
C, regex-redux, 15,  50.67, 20.24, 19.62, 0.00, 1.12, 1678, 1607, 69, 64.0, , 1
C, regex-redux, 15,  51.75, 20.24, 19.62, 0.00, 1.12, 1678, 1599, 76, 62.0, , 1
C, regex-redux, 15,  50.80, 20.37, 19.74, 0.00, 1.12, 1678, 1594, 81, 63.0, , 1
C, regex-redux, 15,  51.22, 20.29, 19.66, 0.00, 1.13, 1680, 1599, 79, 64.0, , 1
C, reverse-complement, 15,  3.74, 1.40, 1.34, 0.00, 0.16, 112, 34, 77, 51.0, , 1
C, reverse-complement, 15,  3.80, 1.42, 1.35, 0.00, 0.16, 112, 38, 73, 51.0, , 1
C, reverse-complement, 15,  3.81, 1.43, 1.36, 0.00, 0.16, 112, 41, 70, 51.0, , 1
C, reverse-complement, 15,  3.76, 1.42, 1.35, 0.00, 0.16, 111, 38, 72, 51.0, , 1
C, reverse-complement, 15,  3.77, 1.42, 1.35, 0.00, 0.16, 111, 38, 73, 51.0, , 1
C, reverse-complement, 15,  3.77, 1.43, 1.36, 0.00, 0.16, 111, 37, 73, 51.0, , 1
C, reverse-complement, 15,  3.78, 1.43, 1.36, 0.00, 0.16, 111, 38, 72, 64.0, , 1
C, reverse-complement, 15,  3.72, 1.40, 1.33, 0.00, 0.16, 112, 37, 74, 51.0, , 1
C, reverse-complement, 15,  3.76, 1.41, 1.34, 0.00, 0.16, 111, 36, 74, 51.0, , 1
C, reverse-complement, 15,  3.81, 1.42, 1.35, 0.00, 0.16, 111, 40, 70, 51.0, , 1
C, reverse-complement, 15,  3.75, 1.41, 1.34, 0.00, 0.16, 111, 36, 74, 51.0, , 1
C, reverse-complement, 15,  3.75, 1.41, 1.34, 0.00, 0.16, 111, 38, 72, 51.0, , 1
C, reverse-complement, 15,  3.77, 1.41, 1.34, 0.00, 0.16, 112, 36, 75, 51.0, , 1
C, reverse-complement, 15,  3.77, 1.41, 1.34, 0.00, 0.16, 111, 39, 71, 64.0, , 1
C, reverse-complement, 15,  3.76, 1.42, 1.35, 0.00, 0.16, 112, 37, 75, 52.0, , 1
C, reverse-complement, 15,  3.76, 1.42, 1.35, 0.00, 0.16, 111, 41, 69, 52.0, , 1
C, reverse-complement, 15,  3.84, 1.43, 1.36, 0.00, 0.16, 111, 38, 73, 52.0, , 1
C, reverse-complement, 15,  3.76, 1.43, 1.36, 0.00, 0.16, 111, 38, 73, 52.0, , 1
C, reverse-complement, 15,  3.76, 1.42, 1.36, 0.00, 0.16, 111, 40, 71, 52.0, , 1
C, reverse-complement, 15,  3.76, 1.43, 1.37, 0.00, 0.16, 112, 41, 70, 52.0, , 1
C, spectral-norm, 15,  35.01, 13.07, 12.65, 0.00, 0.59, 1151, 1149, 0, 62.0, , 1
C, spectral-norm, 15,  34.97, 13.16, 12.75, 0.00, 0.59, 1150, 1150, 0, 63.0, , 1
C, spectral-norm, 15,  35.27, 13.22, 12.81, 0.00, 0.60, 1162, 1150, 0, 61.0, , 1
C, spectral-norm, 15,  35.11, 13.15, 12.74, 0.00, 0.59, 1151, 1148, 1, 64.0, , 1
C, spectral-norm, 15,  35.00, 13.12, 12.71, 0.00, 0.59, 1151, 1149, 0, 64.0, , 1
C, spectral-norm, 15,  34.93, 13.16, 12.74, 0.00, 0.59, 1150, 1149, 0, 62.0, , 1
C, spectral-norm, 15,  35.02, 13.15, 12.74, 0.00, 0.59, 1151, 1149, 0, 64.0, , 1
C, spectral-norm, 15,  34.82, 13.11, 12.70, 0.00, 0.59, 1150, 1150, 0, 62.0, , 1
C, spectral-norm, 15,  35.30, 13.20, 12.78, 0.00, 0.59, 1156, 1149, 0, 64.0, , 1
C, spectral-norm, 15,  34.97, 13.09, 12.68, 0.00, 0.59, 1151, 1149, 0, 64.0, , 1
C, spectral-norm, 15,  34.90, 13.11, 12.70, 0.00, 0.59, 1150, 1150, 0, 63.0, , 1
C, spectral-norm, 15,  35.04, 13.17, 12.75, 0.00, 0.59, 1150, 1149, 0, 63.0, , 1
C, spectral-norm, 15,  34.94, 13.10, 12.70, 0.00, 0.59, 1151, 1149, 0, 62.0, , 1
C, spectral-norm, 15,  35.13, 13.20, 12.79, 0.00, 0.59, 1151, 1149, 0, 61.0, , 1
C, spectral-norm, 15,  35.03, 13.11, 12.70, 0.00, 0.59, 1151, 1148, 1, 63.0, , 1
C, spectral-norm, 15,  35.10, 13.15, 12.74, 0.00, 0.59, 1152, 1150, 0, 64.0, , 1
C, spectral-norm, 15,  34.97, 13.00, 12.59, 0.00, 0.59, 1150, 1149, 0, 61.0, , 1
C, spectral-norm, 15,  35.09, 13.03, 12.63, 0.00, 0.59, 1150, 1150, 0, 61.0, , 1
C, spectral-norm, 15,  35.10, 13.07, 12.65, 0.00, 0.59, 1150, 1149, 0, 63.0, , 1
C, spectral-norm, 15,  35.01, 13.08, 12.67, 0.00, 0.59, 1151, 1148, 1, 62.0, , 1
C++, binary-trees, 15,  74.50, 31.56, 30.54, 0.00, 1.80, 2435, 2361, 71, 64.0, , 1
C++, binary-trees, 15,  74.27, 31.30, 30.29, 0.00, 1.78, 2431, 2346, 81, 64.0, , 1
C++, binary-trees, 15,  74.44, 31.44, 30.43, 0.00, 1.79, 2437, 2358, 75, 64.0, , 1
C++, binary-trees, 15,  74.51, 31.26, 30.23, 0.00, 1.79, 2433, 2351, 79, 64.0, , 1
C++, binary-trees, 15,  74.51, 31.41, 30.41, 0.00, 1.79, 2437, 2352, 81, 63.0, , 1
C++, binary-trees, 15,  74.48, 31.48, 30.46, 0.00, 1.79, 2436, 2350, 83, 63.0, , 1
C++, binary-trees, 15,  74.52, 31.39, 30.38, 0.00, 1.79, 2441, 2356, 80, 64.0, , 1
C++, binary-trees, 15,  74.39, 31.47, 30.46, 0.00, 1.79, 2432, 2353, 76, 62.0, , 1
C++, binary-trees, 15,  74.89, 31.75, 30.73, 0.00, 1.79, 2440, 2356, 81, 62.0, , 1
C++, binary-trees, 15,  74.48, 31.74, 30.72, 0.00, 1.79, 2432, 2352, 77, 64.0, , 1
C++, binary-trees, 15,  74.74, 31.63, 30.62, 0.00, 1.79, 2433, 2344, 86, 61.0, , 1
C++, binary-trees, 15,  74.67, 31.68, 30.67, 0.00, 1.79, 2436, 2351, 81, 62.0, , 1
C++, binary-trees, 15,  75.08, 31.83, 30.82, 0.00, 1.79, 2437, 2340, 93, 63.0, , 1
C++, binary-trees, 15,  75.23, 31.87, 30.86, 0.00, 1.79, 2439, 2366, 70, 63.0, , 1
C++, binary-trees, 15,  74.89, 31.56, 30.56, 0.00, 1.79, 2434, 2346, 84, 62.0, , 1
C++, binary-trees, 15,  74.91, 31.52, 30.52, 0.00, 1.79, 2433, 2352, 78, 62.0, , 1
C++, binary-trees, 15,  75.02, 31.49, 30.48, 0.00, 1.79, 2434, 2351, 79, 62.0, , 1
C++, binary-trees, 15,  75.37, 31.46, 30.45, 0.00, 1.79, 2433, 2347, 82, 63.0, , 1
C++, binary-trees, 15,  74.68, 31.43, 30.42, 0.00, 1.79, 2433, 2359, 71, 64.0, , 1
C++, binary-trees, 15,  75.02, 31.54, 30.52, 0.00, 1.79, 2439, 2348, 87, 64.0, , 1
C++, fannkuch-redux, 15,  359.21, 137.72, 133.00, 0.00, 6.76, 13249, 13238, 0, 64.0, , 1
C++, fannkuch-redux, 15,  360.14, 137.95, 133.24, 0.00, 6.76, 13253, 13241, 0, 62.0, , 1
C++, fannkuch-redux, 15,  361.25, 138.13, 133.40, 0.00, 6.76, 13248, 13235, 1, 62.0, , 1
C++, fannkuch-redux, 15,  360.28, 137.58, 132.84, 0.00, 6.77, 13271, 13241, 1, 64.0, , 1
C++, fannkuch-redux, 15,  361.38, 137.86, 133.13, 0.00, 6.77, 13266, 13236, 2, 63.0, , 1
C++, fannkuch-redux, 15,  363.63, 138.01, 133.27, 0.00, 6.77, 13264, 13237, 0, 62.0, , 1
C++, fannkuch-redux, 15,  364.49, 138.21, 133.49, 0.00, 6.76, 13252, 13236, 1, 62.0, , 1
C++, fannkuch-redux, 15,  363.45, 137.66, 132.93, 0.00, 6.76, 13250, 13237, 1, 63.0, , 1
C++, fannkuch-redux, 15,  364.45, 138.20, 133.46, 0.00, 6.79, 13297, 13242, 0, 63.0, , 1
C++, fannkuch-redux, 15,  363.82, 137.52, 132.79, 0.00, 6.76, 13253, 13235, 1, 63.0, , 1
C++, fannkuch-redux, 15,  362.53, 137.44, 132.72, 0.00, 6.77, 13258, 13237, 1, 61.0, , 1
C++, fannkuch-redux, 15,  362.47, 138.60, 133.85, 0.00, 6.79, 13282, 13241, 0, 63.0, , 1
C++, fannkuch-redux, 15,  361.05, 139.05, 134.33, 0.00, 6.77, 13267, 13236, 2, 63.0, , 1
C++, fannkuch-redux, 15,  359.76, 138.24, 133.51, 0.00, 6.76, 13253, 13237, 0, 63.0, , 1
C++, fannkuch-redux, 15,  362.07, 139.44, 134.71, 0.00, 6.78, 13284, 13237, 2, 62.0, , 1
C++, fannkuch-redux, 15,  363.42, 138.96, 134.23, 0.00, 6.77, 13272, 13239, 0, 61.0, , 1
C++, fannkuch-redux, 15,  361.25, 138.43, 133.70, 0.00, 6.77, 13261, 13244, 0, 61.0, , 1
C++, fannkuch-redux, 15,  360.78, 138.89, 134.15, 0.00, 6.77, 13259, 13243, 1, 63.0, , 1
C++, fannkuch-redux, 15,  361.29, 138.63, 133.91, 0.00, 6.77, 13263, 13233, 4, 62.0, , 1
C++, fannkuch-redux, 15,  362.33, 138.58, 133.86, 0.00, 6.76, 13248, 13235, 1, 62.0, , 1
C++, fasta, 15,  28.66, 9.99, 9.64, 0.00, 0.51, 987, 979, 6, 62.0, , 1
C++, fasta, 15,  28.66, 10.04, 9.68, 0.00, 0.51, 986, 981, 4, 62.0, , 1
C++, fasta, 15,  28.60, 9.96, 9.61, 0.00, 0.51, 987, 983, 2, 61.0, , 1
C++, fasta, 15,  28.62, 10.02, 9.66, 0.00, 0.51, 987, 981, 4, 63.0, , 1
C++, fasta, 15,  28.49, 9.91, 9.55, 0.00, 0.51, 986, 978, 6, 63.0, , 1
C++, fasta, 15,  28.50, 10.03, 9.68, 0.00, 0.51, 986, 982, 3, 62.0, , 1
C++, fasta, 15,  28.58, 10.03, 9.67, 0.00, 0.51, 986, 980, 5, 62.0, , 1
C++, fasta, 15,  28.51, 10.04, 9.69, 0.00, 0.51, 986, 982, 3, 63.0, , 1
C++, fasta, 15,  28.51, 9.98, 9.64, 0.00, 0.51, 986, 980, 5, 61.0, , 1
C++, fasta, 15,  28.53, 9.96, 9.60, 0.00, 0.51, 986, 977, 7, 62.0, , 1
C++, fasta, 15,  28.58, 9.96, 9.60, 0.00, 0.51, 986, 982, 3, 62.0, , 1
C++, fasta, 15,  28.64, 9.94, 9.59, 0.00, 0.50, 987, 983, 2, 62.0, , 1
C++, fasta, 15,  28.61, 9.99, 9.63, 0.00, 0.51, 987, 983, 2, 61.0, , 1
C++, fasta, 15,  28.67, 9.96, 9.62, 0.00, 0.51, 988, 982, 3, 62.0, , 1
C++, fasta, 15,  28.66, 9.88, 9.54, 0.00, 0.50, 987, 978, 7, 61.0, , 1
C++, fasta, 15,  28.68, 9.94, 9.58, 0.00, 0.51, 986, 981, 4, 62.0, , 1
C++, fasta, 15,  28.67, 9.99, 9.64, 0.00, 0.51, 986, 980, 4, 62.0, , 1
C++, fasta, 15,  28.77, 9.98, 9.64, 0.00, 0.51, 986, 978, 7, 63.0, , 1
C++, fasta, 15,  28.55, 9.76, 9.41, 0.00, 0.51, 987, 981, 4, 61.0, , 1
C++, fasta, 15,  28.59, 9.89, 9.54, 0.00, 0.51, 986, 979, 6, 62.0, , 1
C++, k-nucleotide, 15,  110.70, 44.04, 42.55, 0.00, 3.00, 3739, 3592, 141, 63.0, , 1
C++, k-nucleotide, 15,  110.44, 43.97, 42.48, 0.00, 3.01, 3740, 3578, 156, 62.0, , 1
C++, k-nucleotide, 15,  110.59, 43.83, 42.33, 0.00, 2.99, 3735, 3572, 158, 64.0, , 1
C++, k-nucleotide, 15,  111.16, 43.79, 42.28, 0.00, 2.99, 3738, 3598, 134, 64.0, , 1
C++, k-nucleotide, 15,  111.99, 43.98, 42.47, 0.00, 3.06, 3765, 3613, 146, 64.0, , 1
C++, k-nucleotide, 15,  111.46, 43.84, 42.34, 0.00, 2.99, 3736, 3578, 151, 64.0, , 1
C++, k-nucleotide, 15,  110.87, 43.83, 42.34, 0.00, 3.00, 3734, 3581, 147, 63.0, , 1
C++, k-nucleotide, 15,  110.92, 44.18, 42.68, 0.00, 2.99, 3736, 3574, 155, 64.0, , 1
C++, k-nucleotide, 15,  110.56, 43.96, 42.47, 0.00, 3.00, 3740, 3571, 163, 63.0, , 1
C++, k-nucleotide, 15,  111.01, 44.13, 42.63, 0.00, 2.98, 3732, 3587, 138, 64.0, , 1
C++, k-nucleotide, 15,  111.53, 44.34, 42.85, 0.00, 3.02, 3748, 3596, 146, 64.0, , 1
C++, k-nucleotide, 15,  111.38, 43.94, 42.44, 0.00, 3.03, 3746, 3593, 147, 64.0, , 1
C++, k-nucleotide, 15,  111.08, 43.90, 42.41, 0.00, 3.00, 3738, 3572, 161, 63.0, , 1
C++, k-nucleotide, 15,  111.47, 44.09, 42.59, 0.00, 3.03, 3749, 3584, 159, 64.0, , 1
C++, k-nucleotide, 15,  110.77, 43.86, 42.35, 0.00, 3.04, 3745, 3597, 141, 64.0, , 1
C++, k-nucleotide, 15,  110.73, 44.26, 42.76, 0.00, 3.01, 3746, 3604, 136, 64.0, , 1
C++, k-nucleotide, 15,  110.89, 44.28, 42.78, 0.00, 3.02, 3745, 3602, 138, 63.0, , 1
C++, k-nucleotide, 15,  112.93, 44.13, 42.63, 0.00, 3.02, 3744, 3588, 150, 64.0, , 1
C++, k-nucleotide, 15,  111.36, 44.09, 42.60, 0.00, 2.98, 3741, 3588, 141, 63.0, , 1
C++, k-nucleotide, 15,  110.19, 44.15, 42.65, 0.00, 3.00, 3739, 3585, 147, 63.0, , 1
C++, mandelbrot, 15,  81.07, 29.90, 28.93, 0.00, 1.39, 2711, 2696, 12, 63.0, , 1
C++, mandelbrot, 15,  81.29, 29.96, 28.99, 0.00, 1.39, 2713, 2700, 10, 63.0, , 1
C++, mandelbrot, 15,  81.01, 29.82, 28.85, 0.00, 1.39, 2713, 2695, 14, 64.0, , 1
C++, mandelbrot, 15,  81.09, 29.93, 28.95, 0.00, 1.39, 2714, 2701, 9, 63.0, , 1
C++, mandelbrot, 15,  81.15, 30.01, 29.04, 0.00, 1.39, 2711, 2691, 17, 63.0, , 1
C++, mandelbrot, 15,  81.23, 29.90, 28.94, 0.00, 1.39, 2711, 2699, 9, 63.0, , 1
C++, mandelbrot, 15,  81.29, 29.85, 28.88, 0.00, 1.39, 2713, 2694, 16, 63.0, , 1
C++, mandelbrot, 15,  81.10, 29.85, 28.87, 0.00, 1.39, 2713, 2691, 17, 60.0, , 1
C++, mandelbrot, 15,  81.39, 29.90, 28.94, 0.00, 1.39, 2713, 2699, 11, 64.0, , 1
C++, mandelbrot, 15,  81.65, 29.75, 28.78, 0.00, 1.39, 2714, 2700, 10, 63.0, , 1
C++, mandelbrot, 15,  81.64, 29.53, 28.56, 0.00, 1.39, 2713, 2703, 7, 64.0, , 1
C++, mandelbrot, 15,  81.65, 29.65, 28.68, 0.00, 1.39, 2712, 2700, 9, 61.0, , 1
C++, mandelbrot, 15,  81.84, 29.76, 28.79, 0.00, 1.39, 2712, 2698, 10, 64.0, , 1
C++, mandelbrot, 15,  81.90, 29.67, 28.69, 0.00, 1.39, 2713, 2689, 20, 63.0, , 1
C++, mandelbrot, 15,  81.36, 29.59, 28.61, 0.00, 1.39, 2713, 2699, 10, 63.0, , 1
C++, mandelbrot, 15,  81.37, 29.57, 28.59, 0.00, 1.39, 2713, 2697, 12, 64.0, , 1
C++, mandelbrot, 15,  81.49, 29.75, 28.78, 0.00, 1.39, 2713, 2700, 10, 63.0, , 1
C++, mandelbrot, 15,  81.43, 29.77, 28.80, 0.00, 1.39, 2713, 2699, 11, 62.0, , 1
C++, mandelbrot, 15,  81.39, 29.78, 28.81, 0.00, 1.39, 2713, 2699, 10, 64.0, , 1
C++, mandelbrot, 15,  81.34, 29.81, 28.84, 0.00, 1.39, 2713, 2694, 16, 63.0, , 1
C++, n-body, 15,  52.76, 20.40, 19.79, 0.00, 0.87, 1708, 1707, 0, 64.0, , 1
C++, n-body, 15,  52.66, 20.34, 19.74, 0.00, 0.87, 1709, 1708, 0, 64.0, , 1
C++, n-body, 15,  52.88, 20.38, 19.76, 0.00, 0.87, 1710, 1706, 1, 63.0, , 1
C++, n-body, 15,  52.88, 20.45, 19.83, 0.00, 0.87, 1709, 1706, 0, 63.0, , 1
C++, n-body, 15,  52.75, 20.39, 19.78, 0.00, 0.88, 1709, 1707, 0, 62.0, , 1
C++, n-body, 15,  53.04, 20.37, 19.75, 0.00, 0.87, 1709, 1705, 1, 64.0, , 1
C++, n-body, 15,  52.73, 20.30, 19.70, 0.00, 0.87, 1708, 1706, 0, 63.0, , 1
C++, n-body, 15,  52.80, 20.35, 19.73, 0.00, 0.87, 1709, 1707, 0, 63.0, , 1
C++, n-body, 15,  53.30, 20.54, 19.93, 0.00, 0.87, 1708, 1706, 0, 63.0, , 1
C++, n-body, 15,  53.23, 20.48, 19.86, 0.00, 0.87, 1709, 1706, 0, 63.0, , 1
C++, n-body, 15,  52.97, 20.41, 19.81, 0.00, 0.87, 1709, 1707, 0, 63.0, , 1
C++, n-body, 15,  53.06, 20.34, 19.74, 0.00, 0.87, 1708, 1708, 0, 62.0, , 1
C++, n-body, 15,  53.22, 20.36, 19.75, 0.00, 0.87, 1708, 1707, 0, 64.0, , 1
C++, n-body, 15,  53.11, 20.49, 19.87, 0.00, 0.87, 1709, 1706, 0, 63.0, , 1
C++, n-body, 15,  52.86, 20.37, 19.76, 0.00, 0.87, 1708, 1706, 0, 62.0, , 1
C++, n-body, 15,  52.99, 20.40, 19.79, 0.00, 0.87, 1709, 1706, 0, 63.0, , 1
C++, n-body, 15,  53.03, 20.47, 19.86, 0.00, 0.87, 1709, 1708, 0, 62.0, , 1
C++, n-body, 15,  52.89, 20.57, 19.95, 0.00, 0.87, 1709, 1708, 0, 63.0, , 1
C++, n-body, 15,  53.21, 20.56, 19.94, 0.00, 0.88, 1715, 1707, 0, 63.0, , 1
C++, n-body, 15,  52.60, 20.30, 19.69, 0.00, 0.87, 1708, 1707, 0, 64.0, , 1
C++, regex-redux, 15,  56.16, 22.63, 21.92, 0.00, 1.25, 1845, 1681, 161, 62.0, , 1
C++, regex-redux, 15,  56.37, 22.78, 22.06, 0.00, 1.25, 1847, 1692, 151, 63.0, , 1
C++, regex-redux, 15,  56.30, 22.64, 21.93, 0.00, 1.25, 1846, 1697, 147, 63.0, , 1
C++, regex-redux, 15,  56.45, 22.69, 21.98, 0.00, 1.26, 1856, 1711, 142, 64.0, , 1
C++, regex-redux, 15,  56.44, 22.65, 21.93, 0.00, 1.26, 1848, 1702, 143, 64.0, , 1
C++, regex-redux, 15,  56.63, 22.62, 21.91, 0.00, 1.26, 1853, 1702, 148, 62.0, , 1
C++, regex-redux, 15,  57.26, 22.83, 22.10, 0.00, 1.27, 1867, 1700, 152, 64.0, , 1
C++, regex-redux, 15,  56.71, 22.62, 21.90, 0.00, 1.26, 1854, 1699, 146, 62.0, , 1
C++, regex-redux, 15,  56.48, 22.73, 22.00, 0.00, 1.26, 1849, 1690, 155, 63.0, , 1
C++, regex-redux, 15,  56.48, 22.54, 21.82, 0.00, 1.26, 1850, 1700, 145, 63.0, , 1
C++, regex-redux, 15,  56.76, 22.66, 21.94, 0.00, 1.26, 1856, 1690, 154, 64.0, , 1
C++, regex-redux, 15,  56.88, 22.55, 21.84, 0.00, 1.26, 1852, 1707, 139, 62.0, , 1
C++, regex-redux, 15,  56.65, 22.54, 21.83, 0.00, 1.25, 1846, 1696, 147, 64.0, , 1
C++, regex-redux, 15,  56.62, 22.55, 21.84, 0.00, 1.26, 1848, 1693, 149, 62.0, , 1
C++, regex-redux, 15,  56.71, 22.51, 21.80, 0.00, 1.26, 1851, 1689, 159, 64.0, , 1
C++, regex-redux, 15,  56.56, 22.55, 21.83, 0.00, 1.26, 1848, 1715, 129, 63.0, , 1
C++, regex-redux, 15,  56.93, 22.78, 22.05, 0.00, 1.26, 1859, 1710, 145, 63.0, , 1
C++, regex-redux, 15,  56.15, 22.53, 21.82, 0.00, 1.25, 1846, 1692, 151, 63.0, , 1
C++, regex-redux, 15,  56.26, 22.73, 22.02, 0.00, 1.25, 1847, 1685, 159, 62.0, , 1
C++, regex-redux, 15,  57.00, 22.87, 22.15, 0.00, 1.27, 1868, 1705, 160, 64.0, , 1
C++, reverse-complement, 15,  4.82, 1.80, 1.71, 0.00, 0.21, 148, 72, 76, 51.0, , 1
C++, reverse-complement, 15,  4.89, 1.82, 1.71, 0.00, 0.21, 149, 62, 86, 51.0, , 1
C++, reverse-complement, 15,  4.89, 1.82, 1.72, 0.00, 0.21, 149, 61, 86, 51.0, , 1
C++, reverse-complement, 15,  4.85, 1.81, 1.72, 0.00, 0.21, 148, 66, 81, 51.0, , 1
C++, reverse-complement, 15,  4.85, 1.82, 1.72, 0.00, 0.21, 148, 65, 82, 51.0, , 1
C++, reverse-complement, 15,  4.91, 1.82, 1.72, 0.00, 0.21, 148, 67, 80, 63.0, , 1
C++, reverse-complement, 15,  4.81, 1.81, 1.71, 0.00, 0.21, 149, 64, 85, 51.0, , 1
C++, reverse-complement, 15,  4.87, 1.82, 1.73, 0.00, 0.21, 149, 59, 90, 51.0, , 1
C++, reverse-complement, 15,  4.85, 1.81, 1.72, 0.00, 0.21, 148, 68, 80, 51.0, , 1
C++, reverse-complement, 15,  4.85, 1.81, 1.72, 0.00, 0.21, 148, 58, 89, 51.0, , 1
C++, reverse-complement, 15,  4.88, 1.81, 1.72, 0.00, 0.21, 148, 62, 85, 51.0, , 1
C++, reverse-complement, 15,  4.84, 1.82, 1.72, 0.00, 0.21, 148, 60, 87, 64.0, , 1
C++, reverse-complement, 15,  4.79, 1.81, 1.72, 0.00, 0.21, 148, 75, 74, 51.0, , 1
C++, reverse-complement, 15,  4.83, 1.82, 1.73, 0.00, 0.21, 148, 69, 78, 51.0, , 1
C++, reverse-complement, 15,  4.84, 1.83, 1.73, 0.00, 0.21, 148, 58, 89, 51.0, , 1
C++, reverse-complement, 15,  4.85, 1.82, 1.72, 0.00, 0.21, 148, 73, 74, 51.0, , 1
C++, reverse-complement, 15,  4.89, 1.82, 1.72, 0.00, 0.21, 149, 70, 78, 51.0, , 1
C++, reverse-complement, 15,  4.85, 1.82, 1.72, 0.00, 0.21, 148, 69, 78, 63.0, , 1
C++, reverse-complement, 15,  4.84, 1.82, 1.72, 0.00, 0.21, 149, 54, 93, 51.0, , 1
C++, reverse-complement, 15,  4.86, 1.81, 1.72, 0.00, 0.21, 148, 59, 89, 51.0, , 1
C++, spectral-norm, 15,  35.75, 13.28, 12.80, 0.00, 0.69, 1343, 1324, 2, 61.0, , 1
C++, spectral-norm, 15,  35.68, 13.21, 12.73, 0.00, 0.68, 1334, 1326, 0, 62.0, , 1
C++, spectral-norm, 15,  35.60, 13.25, 12.77, 0.00, 0.69, 1333, 1326, 0, 60.0, , 1
C++, spectral-norm, 15,  35.57, 13.05, 12.57, 0.00, 0.68, 1330, 1326, 0, 62.0, , 1
C++, spectral-norm, 15,  35.40, 12.98, 12.51, 0.00, 0.68, 1328, 1326, 0, 61.0, , 1
C++, spectral-norm, 15,  35.45, 12.99, 12.52, 0.00, 0.68, 1329, 1327, 0, 59.0, , 1
C++, spectral-norm, 15,  35.71, 13.11, 12.64, 0.00, 0.69, 1337, 1327, 0, 62.0, , 1
C++, spectral-norm, 15,  35.55, 13.13, 12.65, 0.00, 0.68, 1330, 1326, 0, 62.0, , 1
C++, spectral-norm, 15,  35.30, 13.10, 12.63, 0.00, 0.68, 1328, 1327, 0, 60.0, , 1
C++, spectral-norm, 15,  35.42, 13.02, 12.54, 0.00, 0.68, 1329, 1326, 0, 60.0, , 1
C++, spectral-norm, 15,  35.36, 13.01, 12.53, 0.00, 0.68, 1328, 1325, 1, 61.0, , 1
C++, spectral-norm, 15,  35.44, 13.15, 12.67, 0.00, 0.68, 1330, 1326, 0, 61.0, , 1
C++, spectral-norm, 15,  35.40, 13.06, 12.59, 0.00, 0.68, 1329, 1326, 0, 60.0, , 1
C++, spectral-norm, 15,  35.37, 13.05, 12.58, 0.00, 0.68, 1331, 1327, 0, 60.0, , 1
C++, spectral-norm, 15,  35.24, 13.05, 12.58, 0.00, 0.68, 1328, 1325, 1, 61.0, , 1
C++, spectral-norm, 15,  35.46, 13.04, 12.57, 0.00, 0.68, 1328, 1326, 0, 62.0, , 1
C++, spectral-norm, 15,  35.33, 13.05, 12.57, 0.00, 0.68, 1328, 1326, 0, 62.0, , 1
C++, spectral-norm, 15,  35.49, 13.12, 12.64, 0.00, 0.68, 1330, 1326, 1, 61.0, , 1
C++, spectral-norm, 15,  35.49, 13.09, 12.62, 0.00, 0.68, 1327, 1326, 0, 61.0, , 1
C++, spectral-norm, 15,  35.61, 13.07, 12.59, 0.00, 0.68, 1328, 1326, 0, 62.0, , 1
Java, binary-trees, 15,  177.52, 70.58, 67.04, 0.00, 8.11, 5135, 4972, 146, 64.0, , 1
Java, binary-trees, 15,  176.78, 70.46, 66.91, 0.00, 8.14, 5138, 4981, 146, 61.0, , 1
Java, binary-trees, 15,  177.67, 71.35, 67.80, 0.00, 8.14, 5163, 4971, 153, 63.0, , 1
Java, binary-trees, 15,  177.35, 70.72, 67.17, 0.00, 8.14, 5146, 4985, 139, 64.0, , 1
Java, binary-trees, 15,  178.05, 71.36, 67.82, 0.00, 8.14, 5165, 4989, 149, 63.0, , 1
Java, binary-trees, 15,  178.00, 70.59, 67.06, 0.00, 8.12, 5143, 4975, 152, 63.0, , 1
Java, binary-trees, 15,  177.40, 70.26, 66.73, 0.00, 8.11, 5134, 4976, 147, 64.0, , 1
Java, binary-trees, 15,  178.51, 70.80, 67.26, 0.00, 8.14, 5145, 4965, 165, 63.0, , 1
Java, binary-trees, 15,  177.78, 70.37, 66.83, 0.00, 8.12, 5140, 4958, 169, 62.0, , 1
Java, binary-trees, 15,  178.63, 70.52, 66.98, 0.00, 8.13, 5131, 4966, 153, 63.0, , 1
Java, binary-trees, 15,  180.72, 71.24, 67.68, 0.00, 8.15, 5179, 4988, 154, 63.0, , 1
Java, binary-trees, 15,  178.04, 70.92, 67.39, 0.00, 8.12, 5133, 4969, 147, 63.0, , 1
Java, binary-trees, 15,  178.46, 70.24, 66.70, 0.00, 8.14, 5154, 4979, 149, 63.0, , 1
Java, binary-trees, 15,  179.79, 71.05, 67.49, 0.00, 8.16, 5181, 5015, 151, 63.0, , 1
Java, binary-trees, 15,  171.32, 67.43, 64.03, 0.00, 7.77, 4926, 4762, 154, 63.0, , 1
Java, binary-trees, 15,  178.33, 70.35, 66.81, 0.00, 8.14, 5138, 4979, 144, 64.0, , 1
Java, binary-trees, 15,  171.79, 68.11, 64.71, 0.00, 7.79, 4934, 4771, 152, 62.0, , 1
Java, binary-trees, 15,  179.34, 70.79, 67.25, 0.00, 8.14, 5152, 4986, 149, 64.0, , 1
Java, binary-trees, 15,  178.72, 71.00, 67.45, 0.00, 8.17, 5180, 5001, 159, 64.0, , 1
Java, binary-trees, 15,  180.29, 70.96, 67.39, 0.00, 8.18, 5205, 5047, 146, 64.0, , 1
Java, fannkuch-redux, 15,  974.73, 372.68, 361.57, 0.00, 15.91, 31178, 31117, 20, 62.0, , 1
Java, fannkuch-redux, 15,  961.62, 372.58, 361.63, 0.00, 15.64, 30636, 30590, 17, 62.0, , 1
Java, fannkuch-redux, 15,  952.53, 367.07, 356.22, 0.00, 15.51, 30377, 30331, 16, 61.0, , 1
Java, fannkuch-redux, 15,  946.86, 364.29, 353.47, 0.00, 15.47, 30284, 30225, 19, 63.0, , 1
Java, fannkuch-redux, 15,  946.75, 366.56, 355.75, 0.00, 15.46, 30265, 30220, 15, 63.0, , 1
Java, fannkuch-redux, 15,  973.85, 375.39, 364.29, 0.00, 15.89, 31120, 31069, 19, 62.0, , 1
Java, fannkuch-redux, 15,  941.41, 359.47, 348.73, 0.00, 15.36, 30075, 29905, 17, 62.0, , 1
Java, fannkuch-redux, 15,  970.59, 370.38, 359.28, 0.00, 15.89, 31122, 31065, 21, 63.0, , 1
Java, fannkuch-redux, 15,  970.15, 368.62, 357.53, 0.00, 15.88, 31077, 30985, 18, 62.0, , 1
Java, fannkuch-redux, 15,  934.68, 357.54, 346.86, 0.00, 15.32, 29978, 29898, 22, 62.0, , 1
Java, fannkuch-redux, 15,  971.07, 372.15, 361.09, 0.00, 15.84, 31003, 30918, 16, 62.0, , 1
Java, fannkuch-redux, 15,  984.68, 381.35, 370.13, 0.00, 16.05, 31408, 31315, 18, 62.0, , 1
Java, fannkuch-redux, 15,  960.61, 367.91, 356.95, 0.00, 15.72, 30760, 30680, 18, 61.0, , 1
Java, fannkuch-redux, 15,  957.28, 368.18, 357.23, 0.00, 15.67, 30671, 30591, 15, 62.0, , 1
Java, fannkuch-redux, 15,  951.29, 365.11, 354.25, 0.00, 15.53, 30400, 30329, 19, 63.0, , 1
Java, fannkuch-redux, 15,  974.20, 374.56, 363.44, 0.00, 15.92, 31178, 31114, 22, 60.0, , 1
Java, fannkuch-redux, 15,  938.24, 359.54, 348.86, 0.00, 15.27, 29903, 29857, 17, 61.0, , 1
Java, fannkuch-redux, 15,  962.88, 368.20, 357.24, 0.00, 15.69, 30719, 30675, 14, 62.0, , 1
Java, fannkuch-redux, 15,  965.58, 370.63, 359.64, 0.00, 15.73, 30792, 30733, 16, 62.0, , 1
Java, fannkuch-redux, 15,  957.74, 365.57, 354.66, 0.00, 15.65, 30636, 30584, 20, 63.0, , 1
Java, fasta, 15,  79.69, 28.26, 27.29, 0.00, 1.42, 2707, 2677, 22, 62.0, , 1
Java, fasta, 15,  79.98, 28.36, 27.38, 0.00, 1.43, 2725, 2691, 27, 61.0, , 1
Java, fasta, 15,  79.41, 28.25, 27.28, 0.00, 1.42, 2707, 2671, 29, 63.0, , 1
Java, fasta, 15,  79.53, 28.31, 27.33, 0.00, 1.42, 2716, 2689, 19, 62.0, , 1
Java, fasta, 15,  79.35, 28.18, 27.20, 0.00, 1.42, 2713, 2680, 25, 61.0, , 1
Java, fasta, 15,  79.59, 28.31, 27.34, 0.00, 1.42, 2715, 2677, 31, 62.0, , 1
Java, fasta, 15,  79.26, 28.30, 27.32, 0.00, 1.41, 2705, 2676, 22, 62.0, , 1
Java, fasta, 15,  79.53, 28.25, 27.27, 0.00, 1.42, 2711, 2670, 34, 61.0, , 1
Java, fasta, 15,  79.53, 28.27, 27.29, 0.00, 1.42, 2713, 2679, 27, 63.0, , 1
Java, fasta, 15,  79.49, 28.28, 27.30, 0.00, 1.42, 2718, 2685, 25, 62.0, , 1
Java, fasta, 15,  79.62, 28.39, 27.41, 0.00, 1.42, 2716, 2681, 27, 62.0, , 1
Java, fasta, 15,  79.39, 28.20, 27.23, 0.00, 1.42, 2715, 2680, 28, 62.0, , 1
Java, fasta, 15,  79.61, 28.27, 27.30, 0.00, 1.42, 2719, 2683, 29, 62.0, , 1
Java, fasta, 15,  79.50, 28.37, 27.40, 0.00, 1.42, 2717, 2687, 23, 62.0, , 1
Java, fasta, 15,  79.44, 28.29, 27.31, 0.00, 1.42, 2712, 2682, 24, 63.0, , 1
Java, fasta, 15,  79.24, 28.02, 27.05, 0.00, 1.42, 2707, 2678, 22, 62.0, , 1
Java, fasta, 15,  79.63, 28.39, 27.41, 0.00, 1.42, 2712, 2677, 27, 61.0, , 1
Java, fasta, 15,  79.68, 28.26, 27.29, 0.00, 1.42, 2714, 2677, 31, 62.0, , 1
Java, fasta, 15,  79.60, 28.33, 27.36, 0.00, 1.42, 2714, 2682, 25, 61.0, , 1
Java, fasta, 15,  79.70, 28.24, 27.27, 0.00, 1.42, 2713, 2678, 29, 61.0, , 1
Java, k-nucleotide, 15,  317.40, 124.70, 120.88, 0.00, 7.10, 10332, 10111, 188, 62.0, , 1
Java, k-nucleotide, 15,  323.59, 127.14, 123.24, 0.00, 7.22, 10550, 10344, 172, 63.0, , 1
Java, k-nucleotide, 15,  316.46, 123.67, 119.85, 0.00, 7.09, 10317, 10095, 196, 61.0, , 1
Java, k-nucleotide, 15,  319.88, 125.59, 121.76, 0.00, 7.11, 10363, 10154, 192, 62.0, , 1
Java, k-nucleotide, 15,  321.69, 125.75, 121.90, 0.00, 7.13, 10400, 10193, 182, 63.0, , 1
Java, k-nucleotide, 15,  316.61, 123.03, 119.22, 0.00, 7.08, 10283, 10071, 176, 62.0, , 1
Java, k-nucleotide, 15,  315.14, 123.17, 119.36, 0.00, 7.06, 10266, 10056, 179, 62.0, , 1
Java, k-nucleotide, 15,  322.18, 126.67, 122.85, 0.00, 7.11, 10353, 10145, 181, 63.0, , 1
Java, k-nucleotide, 15,  323.62, 126.76, 122.88, 0.00, 7.19, 10493, 10313, 165, 59.0, , 1
Java, k-nucleotide, 15,  329.16, 130.11, 126.17, 0.00, 7.29, 10661, 10299, 180, 61.0, , 1
Java, k-nucleotide, 15,  333.79, 131.17, 127.19, 0.00, 7.38, 10808, 10613, 152, 63.0, , 1
Java, k-nucleotide, 15,  314.98, 123.56, 119.75, 0.00, 7.08, 10293, 10090, 177, 61.0, , 1
Java, k-nucleotide, 15,  318.72, 126.35, 122.52, 0.00, 7.12, 10370, 10155, 189, 64.0, , 1
Java, k-nucleotide, 15,  316.88, 123.74, 119.91, 0.00, 7.10, 10320, 10086, 181, 61.0, , 1
Java, k-nucleotide, 15,  314.44, 123.95, 120.13, 0.00, 7.08, 10293, 10070, 178, 62.0, , 1
Java, k-nucleotide, 15,  318.86, 125.72, 121.90, 0.00, 7.11, 10349, 10137, 182, 63.0, , 1
Java, k-nucleotide, 15,  312.67, 122.07, 118.30, 0.00, 7.02, 10205, 10010, 167, 61.0, , 1
Java, k-nucleotide, 15,  322.06, 127.49, 123.62, 0.00, 7.19, 10499, 10286, 186, 63.0, , 1
Java, k-nucleotide, 15,  318.54, 125.60, 121.75, 0.00, 7.14, 10384, 10152, 190, 63.0, , 1
Java, k-nucleotide, 15,  317.15, 125.13, 121.32, 0.00, 7.10, 10325, 10110, 173, 65.0, , 1
Java, mandelbrot, 15,  325.66, 124.60, 120.39, 0.00, 6.05, 11770, 11723, 24, 60.0, , 1
Java, mandelbrot, 15,  324.00, 124.63, 120.42, 0.00, 6.05, 11773, 11703, 29, 61.0, , 1
Java, mandelbrot, 15,  325.23, 126.61, 122.37, 0.00, 6.08, 11827, 11777, 24, 60.0, , 1
Java, mandelbrot, 15,  320.77, 124.11, 119.93, 0.00, 6.01, 11693, 11645, 27, 61.0, , 1
Java, mandelbrot, 15,  323.49, 125.58, 121.37, 0.00, 6.04, 11747, 11691, 33, 61.0, , 1
Java, mandelbrot, 15,  325.24, 125.50, 121.30, 0.00, 6.03, 11732, 11675, 33, 61.0, , 1
Java, mandelbrot, 15,  323.76, 125.54, 121.34, 0.00, 6.04, 11745, 11692, 28, 59.0, , 1
Java, mandelbrot, 15,  322.43, 124.67, 120.47, 0.00, 6.04, 11740, 11696, 29, 62.0, , 1
Java, mandelbrot, 15,  320.51, 123.66, 119.49, 0.00, 5.99, 11659, 11600, 36, 61.0, , 1
Java, mandelbrot, 15,  323.37, 125.03, 120.82, 0.00, 6.05, 11777, 11724, 23, 62.0, , 1
Java, mandelbrot, 15,  325.07, 124.99, 120.79, 0.00, 6.05, 11768, 11718, 27, 62.0, , 1
Java, mandelbrot, 15,  323.61, 124.84, 120.64, 0.00, 6.04, 11753, 11704, 26, 61.0, , 1
Java, mandelbrot, 15,  322.69, 125.55, 121.36, 0.00, 6.03, 11733, 11684, 25, 61.0, , 1
Java, mandelbrot, 15,  323.48, 124.65, 120.46, 0.00, 6.03, 11725, 11669, 29, 60.0, , 1
Java, mandelbrot, 15,  324.95, 124.90, 120.70, 0.00, 6.05, 11769, 11720, 26, 61.0, , 1
Java, mandelbrot, 15,  327.04, 124.92, 120.71, 0.00, 6.05, 11775, 11725, 29, 62.0, , 1
Java, mandelbrot, 15,  325.45, 125.08, 120.88, 0.00, 6.04, 11750, 11692, 35, 61.0, , 1
Java, mandelbrot, 15,  321.69, 124.18, 120.00, 0.00, 6.00, 11670, 11631, 26, 64.0, , 1
Java, mandelbrot, 15,  323.08, 125.41, 121.20, 0.00, 6.04, 11745, 11685, 32, 62.0, , 1
Java, mandelbrot, 15,  320.95, 123.68, 119.51, 0.00, 6.00, 11678, 11623, 32, 61.0, , 1
Java, n-body, 15,  114.20, 45.94, 44.48, 0.00, 2.08, 4042, 4020, 13, 61.0, , 1
Java, n-body, 15,  114.43, 46.13, 44.68, 0.00, 2.08, 4041, 4019, 14, 63.0, , 1
Java, n-body, 15,  113.90, 46.18, 44.73, 0.00, 2.08, 4044, 4021, 15, 61.0, , 1
Java, n-body, 15,  113.76, 46.12, 44.66, 0.00, 2.08, 4041, 4018, 14, 60.0, , 1
Java, n-body, 15,  112.94, 45.83, 44.39, 0.00, 2.07, 4020, 3999, 13, 62.0, , 1
Java, n-body, 15,  113.92, 45.99, 44.54, 0.00, 2.08, 4043, 4020, 15, 62.0, , 1
Java, n-body, 15,  113.84, 45.97, 44.52, 0.00, 2.08, 4041, 4019, 16, 59.0, , 1
Java, n-body, 15,  114.06, 46.11, 44.65, 0.00, 2.08, 4043, 4021, 15, 61.0, , 1
Java, n-body, 15,  113.90, 46.01, 44.56, 0.00, 2.08, 4042, 4021, 14, 63.0, , 1
Java, n-body, 15,  113.46, 45.85, 44.40, 0.00, 2.08, 4041, 4021, 13, 61.0, , 1
Java, n-body, 15,  113.21, 45.96, 44.52, 0.00, 2.07, 4028, 4009, 11, 61.0, , 1
Java, n-body, 15,  114.33, 46.32, 44.86, 0.00, 2.09, 4060, 4036, 10, 63.0, , 1
Java, n-body, 15,  113.53, 45.91, 44.45, 0.00, 2.08, 4041, 4022, 12, 62.0, , 1
Java, n-body, 15,  114.20, 46.10, 44.64, 0.00, 2.08, 4040, 4021, 12, 63.0, , 1
Java, n-body, 15,  113.92, 45.99, 44.55, 0.00, 2.08, 4041, 4020, 13, 62.0, , 1
Java, n-body, 15,  114.46, 45.81, 44.35, 0.00, 2.08, 4042, 4021, 14, 63.0, , 1
Java, n-body, 15,  113.35, 45.65, 44.21, 0.00, 2.08, 4030, 3999, 14, 63.0, , 1
Java, n-body, 15,  113.99, 46.03, 44.57, 0.00, 2.09, 4050, 4023, 11, 62.0, , 1
Java, n-body, 15,  113.84, 45.94, 44.50, 0.00, 2.08, 4042, 4016, 16, 63.0, , 1
Java, n-body, 15,  113.79, 45.79, 44.33, 0.00, 2.08, 4044, 4020, 15, 63.0, , 1
Java, regex-redux, 15,  363.96, 143.89, 139.32, 0.00, 7.39, 11779, 11452, 307, 62.0, , 1
Java, regex-redux, 15,  371.93, 145.02, 140.38, 0.00, 7.50, 11948, 11575, 322, 63.0, , 1
Java, regex-redux, 15,  373.53, 147.74, 143.09, 0.00, 7.52, 12000, 11636, 317, 62.0, , 1
Java, regex-redux, 15,  365.61, 144.35, 139.78, 0.00, 7.39, 11781, 11435, 321, 62.0, , 1
Java, regex-redux, 15,  387.36, 152.18, 147.35, 0.00, 7.77, 12519, 12184, 317, 64.0, , 1
Java, regex-redux, 15,  366.80, 143.94, 139.35, 0.00, 7.44, 11817, 11443, 320, 64.0, , 1
Java, regex-redux, 15,  369.76, 145.40, 140.80, 0.00, 7.44, 11863, 11541, 298, 64.0, , 1
Java, regex-redux, 15,  367.06, 144.94, 140.36, 0.00, 7.41, 11808, 11473, 313, 63.0, , 1
Java, regex-redux, 15,  371.78, 146.08, 141.46, 0.00, 7.47, 11911, 11540, 328, 65.0, , 1
Java, regex-redux, 15,  376.30, 148.23, 143.57, 0.00, 7.54, 12061, 11580, 322, 65.0, , 1
Java, regex-redux, 15,  360.50, 142.58, 138.08, 0.00, 7.32, 11608, 11288, 299, 64.0, , 1
Java, regex-redux, 15,  367.60, 145.14, 140.53, 0.00, 7.44, 11878, 11548, 308, 62.0, , 1
Java, regex-redux, 15,  368.71, 145.62, 141.01, 0.00, 7.46, 11902, 11564, 314, 63.0, , 1
Java, regex-redux, 15,  368.07, 145.46, 140.85, 0.00, 7.47, 11916, 11583, 313, 62.0, , 1
Java, regex-redux, 15,  364.37, 143.93, 139.36, 0.00, 7.39, 11778, 11449, 311, 63.0, , 1
Java, regex-redux, 15,  374.75, 146.65, 141.96, 0.00, 7.56, 12112, 11796, 300, 63.0, , 1
Java, regex-redux, 15,  366.82, 144.23, 139.64, 0.00, 7.43, 11849, 11517, 309, 63.0, , 1
Java, regex-redux, 15,  367.65, 145.30, 140.70, 0.00, 7.45, 11900, 11564, 319, 64.0, , 1
Java, regex-redux, 15,  365.70, 144.72, 140.13, 0.00, 7.44, 11849, 11521, 310, 61.0, , 1
Java, regex-redux, 15,  367.41, 145.63, 141.02, 0.00, 7.45, 11876, 11541, 311, 64.0, , 1
Java, reverse-complement, 15,  24.92, 9.53, 9.13, 0.00, 0.83, 799, 499, 295, 52.0, , 1
Java, reverse-complement, 15,  24.93, 9.54, 9.13, 0.00, 0.82, 799, 492, 302, 63.0, , 1
Java, reverse-complement, 15,  24.92, 9.56, 9.14, 0.00, 0.83, 800, 487, 309, 52.0, , 1
Java, reverse-complement, 15,  24.63, 9.45, 9.04, 0.00, 0.82, 791, 503, 285, 64.0, , 1
Java, reverse-complement, 15,  24.09, 9.29, 8.89, 0.00, 0.81, 776, 474, 297, 52.0, , 1
Java, reverse-complement, 15,  24.81, 9.53, 9.13, 0.00, 0.82, 799, 483, 312, 62.0, , 1
Java, reverse-complement, 15,  24.78, 9.48, 9.07, 0.00, 0.82, 789, 472, 313, 62.0, , 1
Java, reverse-complement, 15,  24.94, 9.54, 9.14, 0.00, 0.83, 801, 476, 321, 63.0, , 1
Java, reverse-complement, 15,  24.84, 9.50, 9.10, 0.00, 0.83, 800, 496, 300, 52.0, , 1
Java, reverse-complement, 15,  24.80, 9.54, 9.14, 0.00, 0.83, 801, 497, 300, 62.0, , 1
Java, reverse-complement, 15,  24.79, 9.51, 9.11, 0.00, 0.83, 800, 483, 311, 62.0, , 1
Java, reverse-complement, 15,  24.73, 9.44, 9.04, 0.00, 0.82, 791, 493, 294, 63.0, , 1
Java, reverse-complement, 15,  24.78, 9.55, 9.14, 0.00, 0.83, 802, 487, 310, 52.0, , 1
Java, reverse-complement, 15,  24.71, 9.51, 9.11, 0.00, 0.83, 799, 498, 297, 61.0, , 1
Java, reverse-complement, 15,  24.77, 9.59, 9.18, 0.00, 0.83, 801, 489, 307, 61.0, , 1
Java, reverse-complement, 15,  24.69, 9.52, 9.12, 0.00, 0.83, 798, 498, 297, 63.0, , 1
Java, reverse-complement, 15,  24.52, 9.41, 9.00, 0.00, 0.82, 792, 492, 296, 52.0, , 1
Java, reverse-complement, 15,  24.76, 9.42, 9.02, 0.00, 0.83, 798, 492, 301, 62.0, , 1
Java, reverse-complement, 15,  24.22, 9.27, 8.88, 0.00, 0.81, 779, 477, 298, 62.0, , 1
Java, reverse-complement, 15,  24.70, 9.40, 9.00, 0.00, 0.82, 793, 474, 315, 63.0, , 1
Java, spectral-norm, 15,  47.44, 18.90, 18.30, 0.00, 0.88, 1682, 1663, 14, 61.0, , 1
Java, spectral-norm, 15,  48.11, 19.19, 18.57, 0.00, 0.89, 1705, 1675, 23, 62.0, , 1
Java, spectral-norm, 15,  46.26, 18.35, 17.76, 0.00, 0.86, 1643, 1618, 18, 62.0, , 1
Java, spectral-norm, 15,  47.72, 18.94, 18.32, 0.00, 0.89, 1693, 1672, 16, 62.0, , 1
Java, spectral-norm, 15,  48.05, 19.01, 18.39, 0.00, 0.89, 1696, 1679, 10, 61.0, , 1
Java, spectral-norm, 15,  47.81, 18.97, 18.35, 0.00, 0.88, 1692, 1665, 21, 61.0, , 1
Java, spectral-norm, 15,  47.91, 18.78, 18.16, 0.00, 0.89, 1696, 1675, 14, 61.0, , 1
Java, spectral-norm, 15,  45.93, 18.13, 17.54, 0.00, 0.85, 1630, 1602, 22, 61.0, , 1
Java, spectral-norm, 15,  47.66, 18.83, 18.22, 0.00, 0.88, 1691, 1663, 21, 62.0, , 1
Java, spectral-norm, 15,  47.75, 18.88, 18.26, 0.00, 0.88, 1691, 1663, 21, 61.0, , 1
Java, spectral-norm, 15,  47.92, 18.98, 18.37, 0.00, 0.89, 1693, 1671, 16, 62.0, , 1
Java, spectral-norm, 15,  47.97, 18.98, 18.37, 0.00, 0.89, 1695, 1668, 20, 62.0, , 1
Java, spectral-norm, 15,  48.04, 18.96, 18.34, 0.00, 0.88, 1694, 1671, 16, 62.0, , 1
Java, spectral-norm, 15,  46.11, 18.30, 17.71, 0.00, 0.85, 1633, 1608, 18, 63.0, , 1
Java, spectral-norm, 15,  48.17, 19.04, 18.42, 0.00, 0.89, 1700, 1674, 15, 62.0, , 1
Java, spectral-norm, 15,  47.92, 18.98, 18.36, 0.00, 0.89, 1698, 1674, 16, 61.0, , 1
Java, spectral-norm, 15,  48.06, 19.00, 18.39, 0.00, 0.89, 1700, 1680, 14, 61.0, , 1
Java, spectral-norm, 15,  47.92, 18.91, 18.30, 0.00, 0.88, 1693, 1670, 17, 61.0, , 1
Java, spectral-norm, 15,  47.93, 18.92, 18.31, 0.00, 0.89, 1694, 1665, 22, 63.0, , 1
Java, spectral-norm, 15,  48.05, 19.00, 18.39, 0.00, 0.89, 1700, 1676, 17, 61.0, , 1
Python, binary-trees, 15,  3060.92, 1213.22, 1177.02, 0.00, 60.07, 94394, 92661, 1546, 65.0, , 1
Python, binary-trees, 15,  3042.04, 1221.10, 1184.98, 0.00, 59.88, 94149, 92336, 1569, 64.0, , 1
Python, binary-trees, 15,  3038.64, 1220.79, 1184.68, 0.00, 59.80, 94049, 92393, 1480, 63.0, , 1
Python, binary-trees, 15,  3045.26, 1226.51, 1190.32, 0.00, 59.76, 94358, 92682, 1429, 65.0, , 1
Python, binary-trees, 15,  3029.20, 1215.90, 1179.89, 0.00, 59.50, 93838, 92253, 1456, 65.0, , 1
Python, binary-trees, 15,  3040.20, 1219.48, 1183.39, 0.00, 59.61, 94083, 92318, 1592, 64.0, , 1
Python, binary-trees, 15,  3041.05, 1214.45, 1178.39, 0.00, 59.71, 93892, 92111, 1542, 63.0, , 1
Python, binary-trees, 15,  3059.37, 1227.50, 1191.20, 0.00, 59.91, 94665, 92861, 1612, 64.0, , 1
Python, binary-trees, 15,  3028.61, 1211.65, 1175.59, 0.00, 59.62, 94034, 92247, 1657, 64.0, , 1
Python, binary-trees, 15,  3126.84, 1244.68, 1207.50, 0.00, 61.35, 97312, 95486, 1569, 63.0, , 1
Python, binary-trees, 15,  3019.54, 1209.38, 1173.45, 0.00, 59.46, 93764, 92103, 1494, 64.0, , 1
Python, binary-trees, 15,  3016.84, 1212.70, 1176.69, 0.00, 59.72, 93816, 92066, 1515, 61.0, , 1
Python, binary-trees, 15,  3058.72, 1229.88, 1193.61, 0.00, 59.93, 94560, 92769, 1595, 64.0, , 1
Python, binary-trees, 15,  3098.09, 1250.84, 1214.12, 0.00, 60.46, 95818, 94095, 1593, 65.0, , 1
Python, binary-trees, 15,  3068.72, 1237.94, 1201.43, 0.00, 60.34, 95143, 93491, 1528, 65.0, , 1
Python, binary-trees, 15,  3036.31, 1215.27, 1179.20, 0.00, 59.67, 93995, 92183, 1520, 65.0, , 1
Python, binary-trees, 15,  3030.16, 1218.56, 1182.45, 0.00, 59.80, 94005, 92270, 1509, 64.0, , 1
Python, binary-trees, 15,  3036.93, 1221.71, 1185.55, 0.00, 59.80, 94161, 92404, 1558, 63.0, , 1
Python, binary-trees, 15,  3032.65, 1213.02, 1177.01, 0.00, 59.65, 93868, 92252, 1478, 63.0, , 1
Python, binary-trees, 15,  3035.26, 1211.80, 1175.93, 0.00, 59.48, 93634, 92042, 1464, 64.0, , 1
Python, fannkuch-redux, 15,  27662.94, 11902.59, 11585.02, 0.00, 454.52, 891276, 889836, 71, 63.0, , 1
Python, fannkuch-redux, 15,  27196.18, 11681.78, 11367.49, 0.00, 449.36, 881146, 879548, 65, 65.0, , 1
Python, fannkuch-redux, 15,  27206.61, 11722.92, 11408.58, 0.00, 449.79, 882068, 880776, 71, 63.0, , 1
Python, fannkuch-redux, 15,  26985.48, 11717.91, 11404.70, 0.00, 448.61, 879675, 878207, 57, 64.0, , 1
Python, fannkuch-redux, 15,  26939.68, 11698.36, 11386.64, 0.00, 447.00, 876504, 875103, 68, 66.0, , 1
Python, fannkuch-redux, 15,  26817.87, 11664.06, 11351.61, 0.00, 447.27, 876892, 875503, 66, 63.0, , 1
Python, fannkuch-redux, 15,  27406.59, 11688.72, 11373.63, 0.00, 450.51, 883252, 881785, 62, 63.0, , 1
Python, fannkuch-redux, 15,  27371.28, 11912.71, 11596.09, 0.00, 453.65, 889466, 888160, 54, 64.0, , 1
Python, fannkuch-redux, 15,  26955.19, 11680.92, 11366.57, 0.00, 449.55, 881380, 879903, 75, 65.0, , 1
Python, fannkuch-redux, 15,  26851.70, 11624.32, 11311.49, 0.00, 447.33, 876996, 875569, 74, 64.0, , 1
Python, fannkuch-redux, 15,  27514.10, 11987.69, 11669.77, 0.00, 454.97, 892015, 890489, 56, 63.0, , 1
Python, fannkuch-redux, 15,  27616.45, 12035.41, 11716.77, 0.00, 456.33, 894648, 893224, 80, 65.0, , 1
Python, fannkuch-redux, 15,  26942.41, 11569.76, 11255.22, 0.00, 448.84, 880022, 878609, 45, 65.0, , 1
Python, fannkuch-redux, 15,  26887.87, 11604.81, 11292.12, 0.00, 447.03, 876497, 875180, 64, 63.0, , 1
Python, fannkuch-redux, 15,  27259.11, 11810.44, 11496.62, 0.00, 449.67, 881593, 880057, 72, 64.0, , 1
Python, fannkuch-redux, 15,  27259.79, 11878.22, 11563.57, 0.00, 451.56, 885274, 883838, 65, 64.0, , 1
Python, fannkuch-redux, 15,  27199.07, 11810.00, 11494.33, 0.00, 452.24, 886653, 885117, 57, 64.0, , 1
Python, fannkuch-redux, 15,  27000.47, 11697.92, 11384.97, 0.00, 448.16, 878706, 877386, 66, 64.0, , 1
Python, fannkuch-redux, 15,  27446.48, 11941.23, 11624.50, 0.00, 453.49, 889122, 887673, 49, 64.0, , 1
Python, fannkuch-redux, 15,  27138.47, 11781.06, 11466.60, 0.00, 450.64, 883524, 882117, 69, 63.0, , 1
Python, fasta, 15,  1385.38, 555.92, 540.35, 0.00, 22.09, 43306, 43219, 36, 66.0, , 1
Python, fasta, 15,  1388.19, 557.42, 541.85, 0.00, 22.11, 43317, 43205, 35, 64.0, , 1
Python, fasta, 15,  1382.32, 551.47, 536.02, 0.00, 22.05, 43204, 43093, 24, 65.0, , 1
Python, fasta, 15,  1400.70, 559.68, 544.06, 0.00, 22.18, 43456, 43196, 33, 65.0, , 1
Python, fasta, 15,  1390.71, 559.33, 543.69, 0.00, 22.18, 43465, 43363, 14, 65.0, , 1
Python, fasta, 15,  1377.18, 552.52, 537.07, 0.00, 22.00, 43135, 43052, 26, 64.0, , 1
Python, fasta, 15,  1383.20, 556.62, 541.09, 0.00, 22.04, 43199, 43125, 26, 66.0, , 1
Python, fasta, 15,  1383.61, 553.18, 537.68, 0.00, 22.08, 43298, 43239, 22, 64.0, , 1
Python, fasta, 15,  1386.07, 557.55, 542.06, 0.00, 22.03, 43187, 43119, 22, 65.0, , 1
Python, fasta, 15,  1381.23, 555.78, 540.29, 0.00, 22.04, 43212, 43150, 23, 65.0, , 1
Python, fasta, 15,  1389.02, 552.74, 537.29, 0.00, 21.99, 43122, 43056, 28, 65.0, , 1
Python, fasta, 15,  1390.32, 551.76, 536.34, 0.00, 22.00, 43133, 43065, 25, 64.0, , 1
Python, fasta, 15,  1387.31, 551.53, 536.10, 0.00, 22.05, 43206, 43093, 32, 64.0, , 1
Python, fasta, 15,  1386.49, 550.16, 534.74, 0.00, 22.06, 43218, 43107, 23, 64.0, , 1
Python, fasta, 15,  1396.18, 559.78, 544.29, 0.00, 22.09, 43276, 43157, 24, 65.0, , 1
Python, fasta, 15,  1386.60, 554.65, 539.15, 0.00, 22.06, 43224, 43101, 30, 65.0, , 1
Python, fasta, 15,  1389.27, 556.27, 540.76, 0.00, 22.04, 43209, 43125, 24, 65.0, , 1
Python, fasta, 15,  1391.39, 551.30, 535.86, 0.00, 22.11, 43342, 43148, 34, 64.0, , 1
Python, fasta, 15,  1387.05, 551.62, 536.20, 0.00, 22.03, 43192, 43119, 36, 66.0, , 1
Python, fasta, 15,  1395.78, 557.92, 542.37, 0.00, 22.16, 43445, 43353, 32, 66.0, , 1
Python, k-nucleotide, 15,  4456.73, 1709.63, 1658.36, 0.00, 107.14, 138350, 137277, 709, 65.0, , 1
Python, k-nucleotide, 15,  4504.05, 1740.10, 1687.90, 0.00, 110.54, 140630, 139657, 735, 63.0, , 1
Python, k-nucleotide, 15,  4530.89, 1754.17, 1701.56, 0.00, 111.32, 141690, 140688, 679, 65.0, , 1
Python, k-nucleotide, 15,  4521.28, 1748.85, 1696.33, 0.00, 111.15, 141469, 140475, 695, 65.0, , 1
Python, k-nucleotide, 15,  4464.77, 1726.53, 1675.10, 0.00, 106.68, 138839, 137797, 708, 65.0, , 1
Python, k-nucleotide, 15,  4496.88, 1739.53, 1687.41, 0.00, 110.28, 140445, 139581, 658, 64.0, , 1
Python, k-nucleotide, 15,  4500.26, 1734.30, 1682.20, 0.00, 110.49, 140316, 139253, 702, 64.0, , 1
Python, k-nucleotide, 15,  4485.20, 1724.93, 1672.73, 0.00, 111.11, 140476, 139410, 690, 65.0, , 1
Python, k-nucleotide, 15,  4551.72, 1752.57, 1699.95, 0.00, 111.41, 141878, 140928, 725, 65.0, , 1
Python, k-nucleotide, 15,  4468.38, 1716.05, 1664.12, 0.00, 110.35, 139754, 138848, 702, 64.0, , 1
Python, k-nucleotide, 15,  4515.96, 1733.57, 1681.14, 0.00, 111.31, 141129, 139960, 719, 63.0, , 1
Python, k-nucleotide, 15,  4558.24, 1762.16, 1709.19, 0.00, 111.85, 142624, 141300, 709, 64.0, , 1
Python, k-nucleotide, 15,  4502.59, 1737.17, 1684.98, 0.00, 110.29, 140652, 139727, 725, 65.0, , 1
Python, k-nucleotide, 15,  4611.03, 1786.91, 1733.77, 0.00, 112.65, 143339, 142372, 720, 64.0, , 1
Python, k-nucleotide, 15,  4637.41, 1798.41, 1744.81, 0.00, 113.45, 144384, 143292, 710, 64.0, , 1
Python, k-nucleotide, 15,  4592.12, 1770.34, 1717.16, 0.00, 112.10, 143504, 142478, 696, 65.0, , 1
Python, k-nucleotide, 15,  4482.61, 1732.10, 1680.06, 0.00, 110.53, 140172, 139235, 732, 66.0, , 1
Python, k-nucleotide, 15,  4591.05, 1759.43, 1706.42, 0.00, 112.14, 142757, 141715, 690, 63.0, , 1
Python, k-nucleotide, 15,  4530.62, 1746.24, 1693.86, 0.00, 111.10, 141131, 140159, 700, 64.0, , 1
Python, k-nucleotide, 15,  4535.87, 1721.65, 1668.59, 0.00, 112.36, 143146, 141592, 716, 63.0, , 1
Python, mandelbrot, 15,  12153.57, 5202.31, 5068.28, 0.00, 191.18, 374788, 374072, 36, 65.0, , 1
Python, mandelbrot, 15,  12037.92, 5147.67, 5014.76, 0.00, 189.53, 371643, 371046, 21, 65.0, , 1
Python, mandelbrot, 15,  12110.97, 5199.58, 5065.24, 0.00, 191.54, 375555, 375030, 44, 65.0, , 1
Python, mandelbrot, 15,  12194.56, 5179.97, 5044.20, 0.00, 194.43, 377886, 372814, 34, 65.0, , 1
Python, mandelbrot, 15,  12114.67, 5166.74, 5032.42, 0.00, 191.49, 375452, 374878, 25, 64.0, , 1
Python, mandelbrot, 15,  12644.36, 5370.73, 5230.93, 0.00, 198.94, 390038, 389378, 34, 65.0, , 1
Python, mandelbrot, 15,  12017.00, 5122.87, 4989.43, 0.00, 189.73, 372001, 371413, 40, 64.0, , 1
Python, mandelbrot, 15,  12037.90, 5147.73, 5014.24, 0.00, 190.23, 372929, 372323, 36, 64.0, , 1
Python, mandelbrot, 15,  11980.15, 5131.38, 4998.22, 0.00, 189.78, 372036, 371317, 41, 66.0, , 1
Python, mandelbrot, 15,  11989.06, 5135.31, 5002.19, 0.00, 189.74, 371975, 371323, 34, 66.0, , 1
Python, mandelbrot, 15,  11990.21, 5137.46, 5004.45, 0.00, 189.62, 371802, 371311, 37, 66.0, , 1
Python, mandelbrot, 15,  12094.04, 5224.31, 5090.80, 0.00, 190.56, 373596, 372922, 37, 64.0, , 1
Python, mandelbrot, 15,  12090.75, 5218.83, 5085.50, 0.00, 190.50, 373460, 372859, 47, 62.0, , 1
Python, mandelbrot, 15,  11993.96, 5162.36, 5029.46, 0.00, 189.75, 371938, 371253, 31, 65.0, , 1
Python, mandelbrot, 15,  12066.80, 5232.14, 5098.94, 0.00, 190.39, 373265, 372690, 26, 66.0, , 1
Python, mandelbrot, 15,  12251.72, 5289.35, 5153.66, 0.00, 193.70, 379715, 379191, 30, 66.0, , 1
Python, mandelbrot, 15,  12083.40, 5233.93, 5100.20, 0.00, 190.87, 374111, 373400, 23, 66.0, , 1
Python, mandelbrot, 15,  12155.62, 5237.26, 5103.24, 0.00, 191.38, 375129, 374387, 46, 65.0, , 1
Python, mandelbrot, 15,  12082.20, 5181.61, 5048.35, 0.00, 190.09, 372682, 372194, 30, 64.0, , 1
Python, mandelbrot, 15,  11961.83, 5157.55, 5024.40, 0.00, 189.96, 372456, 371848, 30, 65.0, , 1
Python, n-body, 15,  7419.36, 3264.77, 3180.06, 0.00, 120.71, 236774, 236429, 11, 65.0, , 1
Python, n-body, 15,  7473.98, 3294.98, 3209.68, 0.00, 121.78, 238745, 238309, 15, 64.0, , 1
Python, n-body, 15,  7417.95, 3259.74, 3174.87, 0.00, 120.83, 236998, 236765, 14, 63.0, , 1
Python, n-body, 15,  7472.87, 3287.35, 3201.94, 0.00, 121.63, 238459, 237892, 26, 65.0, , 1
Python, n-body, 15,  7432.85, 3272.59, 3187.80, 0.00, 121.02, 237348, 237107, 10, 64.0, , 1
Python, n-body, 15,  7424.40, 3268.96, 3184.27, 0.00, 121.04, 237258, 236711, 24, 65.0, , 1
Python, n-body, 15,  7388.40, 3258.34, 3173.64, 0.00, 120.79, 236873, 236626, 14, 65.0, , 1
Python, n-body, 15,  7421.66, 3261.26, 3176.39, 0.00, 120.91, 237017, 236588, 25, 65.0, , 1
Python, n-body, 15,  7427.01, 3255.91, 3171.22, 0.00, 121.16, 237594, 237193, 24, 64.0, , 1
Python, n-body, 15,  7520.98, 3300.92, 3215.17, 0.00, 122.47, 240080, 239643, 25, 65.0, , 1
Python, n-body, 15,  7423.16, 3265.04, 3180.85, 0.00, 120.60, 236475, 236095, 20, 65.0, , 1
Python, n-body, 15,  7427.61, 3238.00, 3153.28, 0.00, 121.02, 237249, 236851, 19, 64.0, , 1
Python, n-body, 15,  7427.69, 3237.71, 3152.99, 0.00, 120.78, 236852, 236578, 21, 65.0, , 1
Python, n-body, 15,  7451.28, 3266.45, 3181.55, 0.00, 121.18, 237567, 237068, 22, 64.0, , 1
Python, n-body, 15,  7438.47, 3268.62, 3183.70, 0.00, 121.30, 237848, 237558, 12, 65.0, , 1
Python, n-body, 15,  7423.90, 3271.73, 3187.31, 0.00, 120.78, 236767, 236274, 15, 65.0, , 1
Python, n-body, 15,  7444.77, 3275.03, 3190.40, 0.00, 121.33, 237919, 237608, 19, 64.0, , 1
Python, n-body, 15,  7521.90, 3301.51, 3216.03, 0.00, 122.54, 240254, 239880, 21, 66.0, , 1
Python, n-body, 15,  7446.80, 3268.19, 3183.33, 0.00, 121.49, 238226, 237785, 31, 65.0, , 1
Python, n-body, 15,  7593.29, 3339.12, 3252.13, 0.00, 124.07, 243261, 242907, 14, 64.0, , 1
Python, regex-redux, 15,  389.11, 159.78, 155.10, 0.00, 7.34, 12605, 12074, 424, 64.0, , 1
Python, regex-redux, 15,  383.25, 158.69, 154.05, 0.00, 7.29, 12525, 12046, 436, 62.0, , 1
Python, regex-redux, 15,  383.72, 158.84, 154.18, 0.00, 7.31, 12561, 12114, 408, 64.0, , 1
Python, regex-redux, 15,  383.72, 159.04, 154.40, 0.00, 7.29, 12527, 12078, 428, 63.0, , 1
Python, regex-redux, 15,  384.67, 159.75, 155.08, 0.00, 7.31, 12582, 12139, 422, 64.0, , 1
Python, regex-redux, 15,  384.23, 158.74, 154.09, 0.00, 7.30, 12539, 12075, 439, 63.0, , 1
Python, regex-redux, 15,  383.58, 159.07, 154.41, 0.00, 7.30, 12555, 12094, 439, 63.0, , 1
Python, regex-redux, 15,  381.97, 158.56, 153.91, 0.00, 7.29, 12506, 12060, 431, 64.0, , 1
Python, regex-redux, 15,  382.44, 158.08, 153.45, 0.00, 7.28, 12502, 12058, 428, 63.0, , 1
Python, regex-redux, 15,  384.60, 159.37, 154.73, 0.00, 7.31, 12558, 12098, 443, 64.0, , 1
Python, regex-redux, 15,  384.78, 159.70, 155.04, 0.00, 7.31, 12565, 12119, 422, 63.0, , 1
Python, regex-redux, 15,  384.41, 158.87, 154.24, 0.00, 7.28, 12501, 12037, 448, 63.0, , 1
Python, regex-redux, 15,  388.44, 160.70, 156.02, 0.00, 7.35, 12649, 12082, 428, 63.0, , 1
Python, regex-redux, 15,  384.62, 159.00, 154.34, 0.00, 7.30, 12531, 12109, 407, 64.0, , 1
Python, regex-redux, 15,  382.26, 158.82, 154.18, 0.00, 7.29, 12513, 12076, 421, 63.0, , 1
Python, regex-redux, 15,  381.88, 159.68, 155.04, 0.00, 7.29, 12511, 12056, 440, 64.0, , 1
Python, regex-redux, 15,  381.76, 159.74, 155.11, 0.00, 7.29, 12526, 12077, 433, 63.0, , 1
Python, regex-redux, 15,  383.25, 158.86, 154.22, 0.00, 7.29, 12512, 12040, 449, 62.0, , 1
Python, regex-redux, 15,  382.79, 158.51, 153.87, 0.00, 7.28, 12512, 12049, 448, 63.0, , 1
Python, regex-redux, 15,  381.61, 158.23, 153.60, 0.00, 7.29, 12521, 12092, 412, 63.0, , 1
Python, reverse-complement, 15,  65.51, 26.12, 25.33, 0.00, 1.43, 2024, 1612, 408, 63.0, , 1
Python, reverse-complement, 15,  65.65, 26.12, 25.33, 0.00, 1.43, 2022, 1579, 440, 64.0, , 1
Python, reverse-complement, 15,  65.39, 26.14, 25.36, 0.00, 1.43, 2021, 1607, 410, 63.0, , 1
Python, reverse-complement, 15,  65.50, 25.99, 25.20, 0.00, 1.43, 2022, 1605, 414, 63.0, , 1
Python, reverse-complement, 15,  65.62, 25.96, 25.16, 0.00, 1.43, 2025, 1629, 393, 63.0, , 1
Python, reverse-complement, 15,  65.27, 25.74, 24.95, 0.00, 1.43, 2020, 1612, 404, 62.0, , 1
Python, reverse-complement, 15,  65.69, 25.89, 25.10, 0.00, 1.43, 2027, 1629, 395, 64.0, , 1
Python, reverse-complement, 15,  65.48, 25.99, 25.19, 0.00, 1.43, 2020, 1593, 424, 64.0, , 1
Python, reverse-complement, 15,  65.89, 26.25, 25.47, 0.00, 1.43, 2024, 1639, 382, 64.0, , 1
Python, reverse-complement, 15,  65.94, 26.20, 25.41, 0.00, 1.43, 2025, 1608, 413, 62.0, , 1
Python, reverse-complement, 15,  66.13, 26.25, 25.46, 0.00, 1.43, 2028, 1615, 407, 63.0, , 1
Python, reverse-complement, 15,  65.80, 26.33, 25.54, 0.00, 1.43, 2022, 1615, 403, 64.0, , 1
Python, reverse-complement, 15,  65.86, 26.48, 25.69, 0.00, 1.43, 2026, 1608, 414, 62.0, , 1
Python, reverse-complement, 15,  65.80, 26.43, 25.63, 0.00, 1.43, 2026, 1617, 406, 65.0, , 1
Python, reverse-complement, 15,  65.48, 26.34, 25.55, 0.00, 1.43, 2019, 1609, 406, 63.0, , 1
Python, reverse-complement, 15,  65.54, 26.25, 25.46, 0.00, 1.43, 2020, 1621, 395, 63.0, , 1
Python, reverse-complement, 15,  65.63, 26.39, 25.60, 0.00, 1.43, 2026, 1611, 412, 62.0, , 1
Python, reverse-complement, 15,  65.45, 26.21, 25.42, 0.00, 1.43, 2020, 1641, 375, 63.0, , 1
Python, reverse-complement, 15,  65.48, 26.26, 25.47, 0.00, 1.43, 2024, 1618, 402, 62.0, , 1
Python, reverse-complement, 15,  65.50, 26.15, 25.35, 0.00, 1.43, 2021, 1595, 423, 64.0, , 1
Python, spectral-norm, 15,  9359.49, 3930.09, 3826.79, 0.00, 147.52, 288847, 288315, 71, 66.0, , 1
Python, spectral-norm, 15,  9210.64, 3856.28, 3754.17, 0.00, 145.95, 285647, 285104, 76, 65.0, , 1
Python, spectral-norm, 15,  9214.24, 3875.35, 3773.35, 0.00, 145.70, 285218, 284570, 71, 64.0, , 1
Python, spectral-norm, 15,  9315.62, 3936.61, 3833.62, 0.00, 147.09, 288013, 287591, 63, 64.0, , 1
Python, spectral-norm, 15,  9227.34, 3884.60, 3782.55, 0.00, 145.81, 285393, 284695, 70, 63.0, , 1
Python, spectral-norm, 15,  9345.11, 3919.13, 3816.11, 0.00, 147.08, 288012, 287610, 69, 65.0, , 1
Python, spectral-norm, 15,  9227.64, 3856.00, 3753.93, 0.00, 145.88, 285514, 284848, 66, 65.0, , 1
Python, spectral-norm, 15,  9314.38, 3903.86, 3800.87, 0.00, 147.16, 288090, 287584, 89, 65.0, , 1
Python, spectral-norm, 15,  9219.42, 3857.06, 3755.18, 0.00, 145.58, 285017, 284444, 71, 63.0, , 1
Python, spectral-norm, 15,  9292.63, 3879.03, 3775.95, 0.00, 147.33, 288325, 287741, 90, 63.0, , 1
Python, spectral-norm, 15,  9182.50, 3817.26, 3715.44, 0.00, 145.47, 284874, 284372, 63, 65.0, , 1
Python, spectral-norm, 15,  9249.61, 3894.48, 3792.40, 0.00, 145.87, 285465, 284890, 72, 63.0, , 1
Python, spectral-norm, 15,  9230.32, 3838.99, 3737.12, 0.00, 145.56, 284953, 284510, 71, 65.0, , 1
Python, spectral-norm, 15,  9216.81, 3842.56, 3740.49, 0.00, 145.84, 285499, 284884, 74, 64.0, , 1
Python, spectral-norm, 15,  9213.50, 3826.15, 3724.27, 0.00, 145.60, 284962, 284422, 79, 63.0, , 1
Python, spectral-norm, 15,  9187.87, 3843.60, 3741.76, 0.00, 145.48, 284868, 284333, 83, 64.0, , 1
Python, spectral-norm, 15,  9204.68, 3835.56, 3733.66, 0.00, 145.69, 285072, 284475, 88, 65.0, , 1
Python, spectral-norm, 15,  9333.53, 3933.57, 3830.38, 0.00, 147.40, 288628, 288088, 75, 63.0, , 1
Python, spectral-norm, 15,  9267.64, 3911.80, 3809.38, 0.00, 146.30, 286359, 285822, 72, 64.0, , 1
Python, spectral-norm, 15,  9199.91, 3870.02, 3767.83, 0.00, 146.00, 285789, 285155, 72, 63.0, , 1
C, binary-trees, 25,  81.88, 34.58, 33.50, 0.00, 1.92, 2616, 2407, 192, 63.0, , 1
C, binary-trees, 25,  81.74, 34.54, 33.45, 0.00, 1.93, 2617, 2398, 204, 64.0, , 1
C, binary-trees, 25,  81.24, 34.60, 33.53, 0.00, 1.91, 2615, 2417, 185, 64.0, , 1
C, binary-trees, 25,  82.57, 35.14, 34.05, 0.00, 1.95, 2664, 2451, 199, 63.0, , 1
C, binary-trees, 25,  81.62, 34.73, 33.63, 0.00, 1.94, 2635, 2410, 195, 64.0, , 1
C, binary-trees, 25,  84.76, 35.65, 34.53, 0.00, 1.97, 2713, 2508, 180, 64.0, , 1
C, binary-trees, 25,  81.44, 34.75, 33.65, 0.00, 1.94, 2628, 2409, 191, 64.0, , 1
C, binary-trees, 25,  81.05, 34.66, 33.58, 0.00, 1.93, 2622, 2429, 177, 63.0, , 1
C, binary-trees, 25,  81.35, 34.77, 33.69, 0.00, 1.92, 2628, 2431, 182, 63.0, , 1
C, binary-trees, 25,  80.83, 34.69, 33.62, 0.00, 1.92, 2613, 2402, 194, 63.0, , 1
C, binary-trees, 25,  80.54, 34.30, 33.22, 0.00, 1.92, 2614, 2409, 192, 63.0, , 1
C, binary-trees, 25,  80.73, 34.69, 33.61, 0.00, 1.92, 2613, 2408, 192, 64.0, , 1
C, binary-trees, 25,  81.11, 34.83, 33.74, 0.00, 1.93, 2626, 2413, 199, 62.0, , 1
C, binary-trees, 25,  81.34, 34.74, 33.65, 0.00, 1.93, 2627, 2415, 195, 63.0, , 1
C, binary-trees, 25,  80.86, 34.66, 33.58, 0.00, 1.92, 2615, 2394, 206, 64.0, , 1
C, binary-trees, 25,  82.20, 35.33, 34.23, 0.00, 1.96, 2663, 2468, 181, 62.0, , 1
C, binary-trees, 25,  81.36, 34.56, 33.49, 0.00, 1.91, 2610, 2418, 179, 62.0, , 1
C, binary-trees, 25,  81.37, 34.66, 33.57, 0.00, 1.92, 2618, 2418, 187, 63.0, , 1
C, binary-trees, 25,  81.69, 34.55, 33.46, 0.00, 1.95, 2625, 2413, 189, 63.0, , 1
C, binary-trees, 25,  81.45, 34.46, 33.37, 0.00, 1.92, 2618, 2407, 197, 62.0, , 1
C, fannkuch-redux, 25,  208.31, 83.79, 81.13, 0.00, 3.79, 7419, 7406, 0, 64.0, , 1
C, fannkuch-redux, 25,  207.52, 84.04, 81.39, 0.00, 3.78, 7413, 7405, 1, 64.0, , 1
C, fannkuch-redux, 25,  208.77, 84.33, 81.69, 0.00, 3.78, 7413, 7406, 0, 62.0, , 1
C, fannkuch-redux, 25,  209.68, 83.99, 81.34, 0.00, 3.78, 7415, 7405, 2, 63.0, , 1
C, fannkuch-redux, 25,  208.91, 83.91, 81.25, 0.00, 3.78, 7412, 7405, 1, 64.0, , 1
C, fannkuch-redux, 25,  209.99, 84.02, 81.37, 0.00, 3.78, 7413, 7406, 0, 62.0, , 1
C, fannkuch-redux, 25,  210.21, 83.93, 81.28, 0.00, 3.78, 7413, 7406, 0, 62.0, , 1
C, fannkuch-redux, 25,  208.96, 83.96, 81.30, 0.00, 3.78, 7413, 7406, 0, 63.0, , 1
C, fannkuch-redux, 25,  209.11, 83.91, 81.26, 0.00, 3.78, 7413, 7407, 0, 63.0, , 1
C, fannkuch-redux, 25,  208.90, 84.22, 81.56, 0.00, 3.78, 7413, 7405, 1, 63.0, , 1
C, fannkuch-redux, 25,  208.26, 83.53, 80.88, 0.00, 3.78, 7413, 7406, 0, 63.0, , 1
C, fannkuch-redux, 25,  207.73, 83.40, 80.76, 0.00, 3.78, 7413, 7405, 1, 63.0, , 1
C, fannkuch-redux, 25,  208.21, 83.77, 81.12, 0.00, 3.78, 7413, 7406, 0, 63.0, , 1
C, fannkuch-redux, 25,  208.00, 83.40, 80.75, 0.00, 3.78, 7414, 7405, 1, 63.0, , 1
C, fannkuch-redux, 25,  207.66, 84.06, 81.40, 0.00, 3.78, 7413, 7407, 0, 63.0, , 1
C, fannkuch-redux, 25,  208.07, 84.00, 81.34, 0.00, 3.79, 7420, 7405, 1, 64.0, , 1
C, fannkuch-redux, 25,  208.06, 82.84, 80.20, 0.00, 3.78, 7413, 7407, 0, 64.0, , 1
C, fannkuch-redux, 25,  207.82, 83.73, 81.07, 0.00, 3.78, 7412, 7405, 1, 62.0, , 1
C, fannkuch-redux, 25,  206.93, 84.07, 81.41, 0.00, 3.78, 7413, 7406, 0, 64.0, , 1
C, fannkuch-redux, 25,  207.65, 83.60, 80.95, 0.00, 3.78, 7413, 7406, 0, 63.0, , 1
C, fasta, 25,  18.98, 6.57, 6.34, 0.00, 0.34, 661, 653, 7, 51.0, , 1
C, fasta, 25,  19.13, 6.57, 6.33, 0.00, 0.34, 661, 647, 14, 60.0, , 1
C, fasta, 25,  19.03, 6.58, 6.35, 0.00, 0.34, 661, 645, 16, 60.0, , 1
C, fasta, 25,  19.02, 6.57, 6.32, 0.00, 0.34, 661, 655, 5, 62.0, , 1
C, fasta, 25,  19.15, 6.57, 6.33, 0.00, 0.34, 662, 648, 12, 62.0, , 1
C, fasta, 25,  19.15, 6.57, 6.33, 0.00, 0.34, 662, 646, 14, 62.0, , 1
C, fasta, 25,  19.06, 6.58, 6.34, 0.00, 0.34, 661, 639, 21, 62.0, , 1
C, fasta, 25,  19.13, 6.57, 6.34, 0.00, 0.34, 662, 649, 12, 61.0, , 1
C, fasta, 25,  19.03, 6.57, 6.34, 0.00, 0.34, 661, 649, 11, 61.0, , 1
C, fasta, 25,  18.90, 6.56, 6.32, 0.00, 0.34, 661, 649, 11, 59.0, , 1
C, fasta, 25,  19.06, 6.57, 6.33, 0.00, 0.34, 662, 652, 8, 59.0, , 1
C, fasta, 25,  19.04, 6.54, 6.31, 0.00, 0.34, 661, 652, 8, 62.0, , 1
C, fasta, 25,  19.16, 6.56, 6.32, 0.00, 0.34, 661, 645, 15, 62.0, , 1
C, fasta, 25,  18.92, 6.54, 6.31, 0.00, 0.34, 660, 647, 13, 60.0, , 1
C, fasta, 25,  18.94, 6.56, 6.33, 0.00, 0.34, 661, 645, 15, 60.0, , 1
C, fasta, 25,  18.95, 6.57, 6.33, 0.00, 0.34, 662, 646, 14, 60.0, , 1
C, fasta, 25,  19.01, 6.63, 6.39, 0.00, 0.34, 662, 656, 5, 60.0, , 1
C, fasta, 25,  18.91, 6.52, 6.28, 0.00, 0.34, 662, 649, 11, 62.0, , 1
C, fasta, 25,  18.91, 6.53, 6.29, 0.00, 0.34, 661, 638, 23, 62.0, , 1
C, fasta, 25,  18.85, 6.57, 6.32, 0.00, 0.34, 662, 647, 13, 62.0, , 1
C, k-nucleotide, 25,  227.77, 98.02, 95.36, 0.00, 4.11, 7440, 7336, 95, 64.0, , 1
C, k-nucleotide, 25,  227.24, 98.39, 95.73, 0.00, 4.14, 7453, 7357, 88, 65.0, , 1
C, k-nucleotide, 25,  227.60, 98.58, 95.91, 0.00, 4.14, 7457, 7347, 101, 64.0, , 1
C, k-nucleotide, 25,  228.56, 99.35, 96.69, 0.00, 4.15, 7466, 7357, 101, 63.0, , 1
C, k-nucleotide, 25,  230.95, 99.11, 96.44, 0.00, 4.24, 7517, 7414, 95, 65.0, , 1
C, k-nucleotide, 25,  230.06, 98.88, 96.21, 0.00, 4.18, 7480, 7367, 104, 64.0, , 1
C, k-nucleotide, 25,  232.72, 99.61, 96.92, 0.00, 4.37, 7583, 7463, 109, 63.0, , 1
C, k-nucleotide, 25,  229.61, 98.78, 96.12, 0.00, 4.20, 7489, 7389, 92, 64.0, , 1
C, k-nucleotide, 25,  229.38, 99.18, 96.51, 0.00, 4.16, 7483, 7394, 81, 63.0, , 1
C, k-nucleotide, 25,  230.62, 99.68, 97.00, 0.00, 4.26, 7527, 7422, 96, 64.0, , 1
C, k-nucleotide, 25,  228.69, 99.06, 96.40, 0.00, 4.14, 7464, 7368, 88, 63.0, , 1
C, k-nucleotide, 25,  232.65, 100.25, 97.56, 0.00, 4.21, 7569, 7449, 101, 63.0, , 1
C, k-nucleotide, 25,  229.60, 99.22, 96.55, 0.00, 4.15, 7475, 7364, 84, 64.0, , 1
C, k-nucleotide, 25,  229.36, 98.44, 95.78, 0.00, 4.13, 7454, 7348, 94, 63.0, , 1
C, k-nucleotide, 25,  230.46, 98.46, 95.80, 0.00, 4.15, 7473, 7369, 94, 63.0, , 1
C, k-nucleotide, 25,  230.47, 98.47, 95.80, 0.00, 4.14, 7467, 7364, 94, 64.0, , 1
C, k-nucleotide, 25,  233.19, 100.21, 97.50, 0.00, 4.20, 7584, 7347, 103, 65.0, , 1
C, k-nucleotide, 25,  229.57, 99.23, 96.56, 0.00, 4.14, 7475, 7340, 97, 65.0, , 1
C, k-nucleotide, 25,  229.70, 98.49, 95.82, 0.00, 4.12, 7453, 7335, 96, 65.0, , 1
C, k-nucleotide, 25,  228.74, 98.54, 95.88, 0.00, 4.11, 7439, 7326, 101, 64.0, , 1
C, mandelbrot, 25,  103.45, 38.83, 37.56, 0.00, 1.83, 3573, 3555, 12, 63.0, , 1
C, mandelbrot, 25,  103.84, 39.00, 37.72, 0.00, 1.84, 3579, 3560, 8, 63.0, , 1
C, mandelbrot, 25,  103.05, 38.97, 37.69, 0.00, 1.83, 3571, 3552, 15, 64.0, , 1
C, mandelbrot, 25,  103.29, 39.05, 37.77, 0.00, 1.83, 3572, 3555, 12, 63.0, , 1
C, mandelbrot, 25,  103.68, 39.29, 38.00, 0.00, 1.84, 3589, 3562, 6, 63.0, , 1
C, mandelbrot, 25,  103.15, 38.87, 37.58, 0.00, 1.84, 3580, 3561, 7, 59.0, , 1
C, mandelbrot, 25,  103.13, 38.84, 37.57, 0.00, 1.83, 3575, 3556, 12, 63.0, , 1
C, mandelbrot, 25,  103.51, 39.13, 37.85, 0.00, 1.84, 3583, 3550, 18, 63.0, , 1
C, mandelbrot, 25,  103.31, 39.08, 37.80, 0.00, 1.83, 3573, 3553, 15, 64.0, , 1
C, mandelbrot, 25,  103.50, 38.93, 37.65, 0.00, 1.83, 3571, 3550, 16, 64.0, , 1
C, mandelbrot, 25,  103.53, 38.68, 37.40, 0.00, 1.83, 3574, 3556, 12, 63.0, , 1
C, mandelbrot, 25,  103.70, 38.61, 37.34, 0.00, 1.83, 3574, 3559, 8, 62.0, , 1
C, mandelbrot, 25,  103.45, 38.76, 37.47, 0.00, 1.83, 3572, 3559, 9, 64.0, , 1
C, mandelbrot, 25,  103.30, 38.82, 37.54, 0.00, 1.83, 3574, 3552, 15, 63.0, , 1
C, mandelbrot, 25,  103.01, 38.87, 37.59, 0.00, 1.83, 3571, 3555, 11, 61.0, , 1
C, mandelbrot, 25,  103.74, 38.90, 37.63, 0.00, 1.84, 3589, 3556, 12, 63.0, , 1
C, mandelbrot, 25,  103.40, 39.04, 37.76, 0.00, 1.84, 3581, 3558, 10, 64.0, , 1
C, mandelbrot, 25,  103.08, 38.83, 37.54, 0.00, 1.83, 3574, 3550, 17, 64.0, , 1
C, mandelbrot, 25,  103.55, 39.03, 37.75, 0.00, 1.84, 3583, 3554, 13, 61.0, , 1
C, mandelbrot, 25,  103.35, 38.83, 37.55, 0.00, 1.83, 3574, 3559, 8, 62.0, , 1
C, n-body, 25,  52.46, 19.81, 19.19, 0.00, 0.88, 1720, 1718, 0, 62.0, , 1
C, n-body, 25,  52.42, 19.87, 19.25, 0.00, 0.88, 1720, 1719, 0, 63.0, , 1
C, n-body, 25,  52.36, 19.64, 19.02, 0.00, 0.88, 1721, 1717, 1, 62.0, , 1
C, n-body, 25,  52.49, 19.81, 19.18, 0.00, 0.88, 1721, 1718, 0, 64.0, , 1
C, n-body, 25,  52.41, 19.82, 19.21, 0.00, 0.88, 1720, 1719, 0, 61.0, , 1
C, n-body, 25,  52.50, 19.87, 19.25, 0.00, 0.88, 1721, 1717, 1, 63.0, , 1
C, n-body, 25,  52.46, 19.87, 19.24, 0.00, 0.88, 1720, 1718, 0, 62.0, , 1
C, n-body, 25,  52.77, 19.98, 19.36, 0.00, 0.88, 1726, 1719, 0, 63.0, , 1
C, n-body, 25,  52.24, 19.91, 19.29, 0.00, 0.88, 1720, 1718, 0, 62.0, , 1
C, n-body, 25,  52.56, 19.94, 19.31, 0.00, 0.88, 1721, 1718, 0, 63.0, , 1
C, n-body, 25,  52.42, 19.90, 19.27, 0.00, 0.88, 1720, 1719, 0, 62.0, , 1
C, n-body, 25,  52.61, 20.02, 19.40, 0.00, 0.89, 1729, 1719, 0, 64.0, , 1
C, n-body, 25,  52.17, 19.91, 19.29, 0.00, 0.88, 1720, 1718, 0, 63.0, , 1
C, n-body, 25,  52.22, 19.91, 19.29, 0.00, 0.88, 1720, 1718, 0, 61.0, , 1
C, n-body, 25,  52.31, 19.86, 19.25, 0.00, 0.88, 1720, 1718, 0, 62.0, , 1
C, n-body, 25,  52.25, 19.86, 19.25, 0.00, 0.88, 1720, 1718, 0, 62.0, , 1
C, n-body, 25,  52.55, 19.88, 19.27, 0.00, 0.88, 1721, 1719, 0, 61.0, , 1
C, n-body, 25,  52.46, 19.91, 19.29, 0.00, 0.88, 1720, 1717, 1, 63.0, , 1
C, n-body, 25,  52.23, 19.92, 19.30, 0.00, 0.88, 1721, 1719, 0, 63.0, , 1
C, n-body, 25,  52.07, 19.92, 19.31, 0.00, 0.88, 1720, 1718, 0, 62.0, , 1
C, regex-redux, 25,  50.96, 20.55, 19.93, 0.00, 1.12, 1679, 1606, 70, 64.0, , 1
C, regex-redux, 25,  50.80, 20.63, 20.01, 0.00, 1.12, 1680, 1597, 80, 64.0, , 1
C, regex-redux, 25,  51.28, 20.55, 19.92, 0.00, 1.12, 1677, 1603, 71, 64.0, , 1
C, regex-redux, 25,  50.92, 20.59, 19.96, 0.00, 1.12, 1679, 1602, 74, 62.0, , 1
C, regex-redux, 25,  50.96, 20.60, 19.97, 0.00, 1.12, 1679, 1595, 81, 64.0, , 1
C, regex-redux, 25,  50.98, 20.49, 19.87, 0.00, 1.12, 1677, 1600, 75, 62.0, , 1
C, regex-redux, 25,  51.04, 20.57, 19.94, 0.00, 1.12, 1679, 1601, 75, 64.0, , 1
C, regex-redux, 25,  51.47, 20.56, 19.93, 0.00, 1.12, 1679, 1608, 68, 63.0, , 1
C, regex-redux, 25,  51.25, 20.60, 19.98, 0.00, 1.12, 1679, 1600, 76, 62.0, , 1
C, regex-redux, 25,  50.92, 20.64, 20.01, 0.00, 1.12, 1677, 1602, 73, 63.0, , 1
C, regex-redux, 25,  51.08, 20.61, 19.99, 0.00, 1.12, 1678, 1600, 75, 62.0, , 1
C, regex-redux, 25,  51.39, 20.68, 20.05, 0.00, 1.12, 1678, 1603, 72, 64.0, , 1
C, regex-redux, 25,  51.22, 20.80, 20.17, 0.00, 1.12, 1678, 1604, 71, 63.0, , 1
C, regex-redux, 25,  51.64, 20.70, 20.07, 0.00, 1.12, 1679, 1601, 76, 64.0, , 1
C, regex-redux, 25,  51.30, 20.64, 20.02, 0.00, 1.12, 1678, 1599, 76, 64.0, , 1
C, regex-redux, 25,  50.56, 20.70, 20.08, 0.00, 1.12, 1679, 1602, 74, 62.0, , 1
C, regex-redux, 25,  51.46, 20.79, 20.15, 0.00, 1.13, 1681, 1593, 84, 64.0, , 1
C, regex-redux, 25,  51.34, 20.73, 20.09, 0.00, 1.12, 1680, 1598, 79, 64.0, , 1
C, regex-redux, 25,  51.12, 20.76, 20.14, 0.00, 1.12, 1681, 1590, 87, 62.0, , 1
C, regex-redux, 25,  50.98, 20.62, 19.98, 0.00, 1.13, 1680, 1597, 78, 64.0, , 1
C, reverse-complement, 25,  3.75, 1.45, 1.37, 0.00, 0.16, 111, 36, 76, 51.0, , 1
C, reverse-complement, 25,  3.81, 1.44, 1.37, 0.00, 0.16, 111, 42, 68, 51.0, , 1
C, reverse-complement, 25,  3.76, 1.44, 1.37, 0.00, 0.16, 111, 37, 73, 51.0, , 1
C, reverse-complement, 25,  3.77, 1.45, 1.37, 0.00, 0.16, 111, 40, 70, 51.0, , 1
C, reverse-complement, 25,  3.79, 1.46, 1.39, 0.00, 0.16, 111, 40, 72, 51.0, , 1
C, reverse-complement, 25,  3.76, 1.45, 1.38, 0.00, 0.16, 110, 38, 73, 51.0, , 1
C, reverse-complement, 25,  3.77, 1.45, 1.38, 0.00, 0.16, 111, 35, 75, 63.0, , 1
C, reverse-complement, 25,  3.72, 1.43, 1.36, 0.00, 0.16, 111, 41, 69, 51.0, , 1
C, reverse-complement, 25,  3.75, 1.43, 1.37, 0.00, 0.16, 112, 40, 72, 51.0, , 1
C, reverse-complement, 25,  3.79, 1.44, 1.37, 0.00, 0.16, 111, 40, 72, 51.0, , 1
C, reverse-complement, 25,  3.76, 1.43, 1.36, 0.00, 0.16, 111, 38, 73, 51.0, , 1
C, reverse-complement, 25,  3.76, 1.44, 1.37, 0.00, 0.16, 111, 32, 78, 51.0, , 1
C, reverse-complement, 25,  3.76, 1.44, 1.37, 0.00, 0.16, 111, 41, 69, 51.0, , 1
C, reverse-complement, 25,  3.79, 1.44, 1.37, 0.00, 0.16, 111, 40, 70, 61.0, , 1
C, reverse-complement, 25,  3.82, 1.43, 1.37, 0.00, 0.16, 112, 39, 72, 61.0, , 1
C, reverse-complement, 25,  3.78, 1.44, 1.37, 0.00, 0.16, 110, 37, 74, 61.0, , 1
C, reverse-complement, 25,  3.76, 1.44, 1.37, 0.00, 0.16, 110, 38, 73, 61.0, , 1
C, reverse-complement, 25,  3.74, 1.43, 1.37, 0.00, 0.16, 111, 38, 72, 61.0, , 1
C, reverse-complement, 25,  3.76, 1.43, 1.37, 0.00, 0.16, 111, 46, 66, 61.0, , 1
C, reverse-complement, 25,  3.77, 1.44, 1.37, 0.00, 0.16, 111, 37, 73, 61.0, , 1
C, spectral-norm, 25,  35.08, 13.23, 12.81, 0.00, 0.59, 1151, 1149, 0, 63.0, , 1
C, spectral-norm, 25,  35.01, 13.23, 12.82, 0.00, 0.59, 1151, 1150, 0, 63.0, , 1
C, spectral-norm, 25,  35.02, 13.30, 12.89, 0.00, 0.59, 1152, 1148, 1, 63.0, , 1
C, spectral-norm, 25,  34.94, 13.33, 12.92, 0.00, 0.59, 1150, 1150, 0, 62.0, , 1
C, spectral-norm, 25,  35.02, 13.31, 12.90, 0.00, 0.59, 1150, 1150, 0, 62.0, , 1
C, spectral-norm, 25,  34.98, 13.35, 12.95, 0.00, 0.59, 1151, 1147, 2, 64.0, , 1
C, spectral-norm, 25,  34.91, 13.27, 12.87, 0.00, 0.59, 1151, 1149, 0, 62.0, , 1
C, spectral-norm, 25,  35.00, 13.33, 12.93, 0.00, 0.59, 1151, 1149, 0, 63.0, , 1
C, spectral-norm, 25,  34.94, 13.36, 12.95, 0.00, 0.59, 1151, 1149, 0, 63.0, , 1
C, spectral-norm, 25,  34.89, 13.32, 12.90, 0.00, 0.59, 1150, 1150, 0, 62.0, , 1
C, spectral-norm, 25,  34.98, 13.37, 12.96, 0.00, 0.59, 1150, 1150, 0, 63.0, , 1
C, spectral-norm, 25,  34.90, 13.36, 12.94, 0.00, 0.59, 1150, 1149, 0, 63.0, , 1
C, spectral-norm, 25,  34.83, 13.35, 12.95, 0.00, 0.59, 1151, 1149, 0, 63.0, , 1
C, spectral-norm, 25,  34.84, 13.31, 12.91, 0.00, 0.59, 1151, 1149, 0, 62.0, , 1
C, spectral-norm, 25,  35.17, 13.36, 12.94, 0.00, 0.59, 1150, 1149, 0, 62.0, , 1
C, spectral-norm, 25,  35.21, 13.33, 12.92, 0.00, 0.59, 1150, 1150, 0, 63.0, , 1
C, spectral-norm, 25,  35.01, 13.34, 12.93, 0.00, 0.59, 1150, 1149, 0, 62.0, , 1
C, spectral-norm, 25,  35.10, 13.22, 12.82, 0.00, 0.59, 1151, 1149, 0, 63.0, , 1
C, spectral-norm, 25,  35.15, 13.26, 12.86, 0.00, 0.59, 1151, 1149, 0, 64.0, , 1
C, spectral-norm, 25,  35.34, 13.34, 12.92, 0.00, 0.59, 1157, 1149, 0, 63.0, , 1
C++, binary-trees, 25,  74.36, 31.74, 30.72, 0.00, 1.79, 2431, 2341, 87, 63.0, , 1
C++, binary-trees, 25,  74.55, 31.78, 30.77, 0.00, 1.79, 2437, 2354, 80, 62.0, , 1
C++, binary-trees, 25,  74.64, 31.83, 30.81, 0.00, 1.79, 2437, 2356, 77, 63.0, , 1
C++, binary-trees, 25,  74.35, 31.67, 30.67, 0.00, 1.79, 2433, 2339, 90, 62.0, , 1
C++, binary-trees, 25,  75.53, 32.06, 31.05, 0.00, 1.79, 2432, 2358, 71, 63.0, , 1
C++, binary-trees, 25,  74.20, 31.77, 30.76, 0.00, 1.79, 2432, 2350, 79, 62.0, , 1
C++, binary-trees, 25,  74.78, 31.98, 30.97, 0.00, 1.79, 2435, 2350, 82, 63.0, , 1
C++, binary-trees, 25,  75.19, 31.94, 30.93, 0.00, 1.79, 2439, 2358, 77, 63.0, , 1
C++, binary-trees, 25,  75.17, 31.83, 30.81, 0.00, 1.79, 2440, 2359, 78, 63.0, , 1
C++, binary-trees, 25,  74.73, 31.69, 30.68, 0.00, 1.79, 2428, 2344, 80, 62.0, , 1
C++, binary-trees, 25,  74.91, 31.63, 30.63, 0.00, 1.79, 2434, 2347, 83, 63.0, , 1
C++, binary-trees, 25,  75.03, 31.82, 30.80, 0.00, 1.79, 2436, 2363, 69, 63.0, , 1
C++, binary-trees, 25,  74.88, 31.60, 30.58, 0.00, 1.79, 2434, 2344, 88, 64.0, , 1
C++, binary-trees, 25,  75.21, 31.88, 30.87, 0.00, 1.79, 2435, 2349, 82, 62.0, , 1
C++, binary-trees, 25,  75.47, 31.89, 30.88, 0.00, 1.79, 2440, 2359, 78, 63.0, , 1
C++, binary-trees, 25,  75.52, 31.76, 30.75, 0.00, 1.79, 2437, 2352, 81, 62.0, , 1
C++, binary-trees, 25,  75.50, 31.88, 30.86, 0.00, 1.79, 2432, 2346, 83, 64.0, , 1
C++, binary-trees, 25,  75.39, 31.58, 30.57, 0.00, 1.79, 2436, 2349, 84, 62.0, , 1
C++, binary-trees, 25,  76.56, 31.81, 30.79, 0.00, 1.79, 2446, 2366, 76, 63.0, , 1
C++, binary-trees, 25,  75.44, 31.74, 30.72, 0.00, 1.79, 2434, 2345, 85, 62.0, , 1
C++, fannkuch-redux, 25,  362.35, 140.20, 135.47, 0.00, 6.76, 13253, 13238, 2, 61.0, , 1
C++, fannkuch-redux, 25,  361.50, 139.44, 134.71, 0.00, 6.76, 13255, 13243, 0, 61.0, , 1
C++, fannkuch-redux, 25,  361.45, 139.56, 134.83, 0.00, 6.76, 13249, 13236, 1, 62.0, , 1
C++, fannkuch-redux, 25,  360.52, 139.77, 135.05, 0.00, 6.76, 13247, 13232, 2, 63.0, , 1
C++, fannkuch-redux, 25,  359.74, 140.21, 135.47, 0.00, 6.76, 13254, 13233, 4, 62.0, , 1
C++, fannkuch-redux, 25,  359.42, 141.07, 136.33, 0.00, 6.77, 13262, 13239, 0, 63.0, , 1
C++, fannkuch-redux, 25,  360.04, 141.24, 136.51, 0.00, 6.76, 13255, 13241, 2, 61.0, , 1
C++, fannkuch-redux, 25,  362.27, 140.80, 136.07, 0.00, 6.78, 13271, 13243, 0, 62.0, , 1
C++, fannkuch-redux, 25,  360.55, 140.88, 136.14, 0.00, 6.77, 13268, 13239, 1, 63.0, , 1
C++, fannkuch-redux, 25,  358.98, 139.76, 135.03, 0.00, 6.76, 13256, 13241, 1, 62.0, , 1
C++, fannkuch-redux, 25,  359.50, 139.90, 135.18, 0.00, 6.76, 13258, 13244, 1, 62.0, , 1
C++, fannkuch-redux, 25,  363.56, 139.99, 135.25, 0.00, 6.79, 13284, 13239, 3, 63.0, , 1
C++, fannkuch-redux, 25,  361.56, 140.02, 135.28, 0.00, 6.78, 13273, 13239, 3, 61.0, , 1
C++, fannkuch-redux, 25,  360.94, 140.09, 135.36, 0.00, 6.77, 13258, 13237, 0, 61.0, , 1
C++, fannkuch-redux, 25,  361.77, 140.24, 135.51, 0.00, 6.78, 13275, 13243, 0, 62.0, , 1
C++, fannkuch-redux, 25,  363.06, 141.42, 136.67, 0.00, 6.78, 13273, 13236, 2, 63.0, , 1
C++, fannkuch-redux, 25,  362.89, 141.81, 137.07, 0.00, 6.78, 13268, 13236, 2, 62.0, , 1
C++, fannkuch-redux, 25,  363.13, 140.96, 136.23, 0.00, 6.76, 13248, 13234, 2, 61.0, , 1
C++, fannkuch-redux, 25,  368.80, 141.93, 137.14, 0.00, 6.85, 13411, 13240, 2, 62.0, , 1
C++, fannkuch-redux, 25,  363.14, 140.59, 135.86, 0.00, 6.77, 13267, 13238, 1, 63.0, , 1
C++, fasta, 25,  28.64, 9.99, 9.64, 0.00, 0.51, 987, 982, 3, 62.0, , 1
C++, fasta, 25,  28.66, 10.00, 9.64, 0.00, 0.51, 987, 977, 8, 61.0, , 1
C++, fasta, 25,  28.68, 9.96, 9.61, 0.00, 0.51, 986, 982, 3, 63.0, , 1
C++, fasta, 25,  28.57, 10.03, 9.68, 0.00, 0.51, 987, 980, 5, 62.0, , 1
C++, fasta, 25,  28.63, 10.02, 9.67, 0.00, 0.51, 987, 980, 5, 61.0, , 1
C++, fasta, 25,  28.64, 10.11, 9.75, 0.00, 0.51, 987, 979, 6, 61.0, , 1
C++, fasta, 25,  28.66, 10.08, 9.73, 0.00, 0.51, 986, 979, 6, 61.0, , 1
C++, fasta, 25,  28.74, 10.05, 9.69, 0.00, 0.51, 987, 981, 4, 61.0, , 1
C++, fasta, 25,  28.68, 10.08, 9.72, 0.00, 0.51, 987, 978, 8, 62.0, , 1
C++, fasta, 25,  28.69, 10.06, 9.71, 0.00, 0.50, 986, 983, 2, 62.0, , 1
C++, fasta, 25,  28.70, 10.07, 9.72, 0.00, 0.51, 986, 977, 8, 61.0, , 1
C++, fasta, 25,  28.74, 10.07, 9.72, 0.00, 0.51, 987, 980, 5, 61.0, , 1
C++, fasta, 25,  28.63, 10.04, 9.69, 0.00, 0.51, 987, 980, 5, 61.0, , 1
C++, fasta, 25,  28.62, 9.99, 9.64, 0.00, 0.51, 986, 980, 5, 62.0, , 1
C++, fasta, 25,  28.59, 10.04, 9.69, 0.00, 0.51, 986, 976, 9, 62.0, , 1
C++, fasta, 25,  28.66, 10.10, 9.74, 0.00, 0.51, 986, 983, 2, 62.0, , 1
C++, fasta, 25,  28.65, 10.07, 9.71, 0.00, 0.51, 986, 981, 4, 62.0, , 1
C++, fasta, 25,  28.66, 10.09, 9.74, 0.00, 0.51, 986, 979, 6, 62.0, , 1
C++, fasta, 25,  28.98, 10.23, 9.87, 0.00, 0.51, 994, 980, 5, 62.0, , 1
C++, fasta, 25,  28.76, 10.12, 9.76, 0.00, 0.51, 987, 975, 10, 61.0, , 1
C++, k-nucleotide, 25,  110.39, 44.25, 42.75, 0.00, 3.01, 3741, 3589, 145, 62.0, , 1
C++, k-nucleotide, 25,  110.77, 44.43, 42.92, 0.00, 3.01, 3743, 3596, 135, 63.0, , 1
C++, k-nucleotide, 25,  110.90, 44.66, 43.17, 0.00, 2.99, 3736, 3582, 147, 63.0, , 1
C++, k-nucleotide, 25,  111.03, 44.55, 43.05, 0.00, 3.02, 3745, 3593, 146, 62.0, , 1
C++, k-nucleotide, 25,  110.95, 44.71, 43.20, 0.00, 3.00, 3737, 3582, 148, 64.0, , 1
C++, k-nucleotide, 25,  111.14, 44.71, 43.21, 0.00, 3.02, 3752, 3587, 159, 63.0, , 1
C++, k-nucleotide, 25,  110.67, 44.56, 43.06, 0.00, 3.01, 3741, 3596, 139, 64.0, , 1
C++, k-nucleotide, 25,  110.94, 44.88, 43.38, 0.00, 3.00, 3741, 3583, 152, 64.0, , 1
C++, k-nucleotide, 25,  110.90, 44.82, 43.33, 0.00, 3.00, 3745, 3599, 140, 63.0, , 1
C++, k-nucleotide, 25,  111.15, 44.67, 43.16, 0.00, 3.02, 3750, 3588, 156, 63.0, , 1
C++, k-nucleotide, 25,  110.89, 44.40, 42.90, 0.00, 3.01, 3739, 3598, 136, 62.0, , 1
C++, k-nucleotide, 25,  110.98, 44.35, 42.85, 0.00, 2.99, 3735, 3583, 146, 64.0, , 1
C++, k-nucleotide, 25,  110.77, 44.34, 42.85, 0.00, 3.00, 3736, 3582, 148, 64.0, , 1
C++, k-nucleotide, 25,  110.87, 44.62, 43.12, 0.00, 2.99, 3739, 3589, 144, 64.0, , 1
C++, k-nucleotide, 25,  110.83, 44.37, 42.88, 0.00, 3.00, 3738, 3607, 125, 63.0, , 1
C++, k-nucleotide, 25,  110.94, 44.39, 42.89, 0.00, 3.00, 3737, 3585, 146, 62.0, , 1
C++, k-nucleotide, 25,  110.97, 44.46, 42.96, 0.00, 3.00, 3733, 3578, 148, 64.0, , 1
C++, k-nucleotide, 25,  110.84, 44.28, 42.79, 0.00, 3.01, 3736, 3593, 136, 62.0, , 1
C++, k-nucleotide, 25,  110.51, 44.24, 42.75, 0.00, 2.98, 3731, 3570, 154, 63.0, , 1
C++, k-nucleotide, 25,  110.89, 44.25, 42.75, 0.00, 2.99, 3737, 3575, 149, 62.0, , 1
C++, mandelbrot, 25,  81.48, 30.13, 29.16, 0.00, 1.39, 2711, 2694, 14, 64.0, , 1
C++, mandelbrot, 25,  81.54, 30.36, 29.39, 0.00, 1.39, 2714, 2700, 10, 64.0, , 1
C++, mandelbrot, 25,  81.64, 30.17, 29.20, 0.00, 1.39, 2714, 2702, 8, 64.0, , 1
C++, mandelbrot, 25,  81.80, 30.30, 29.32, 0.00, 1.39, 2712, 2697, 11, 64.0, , 1
C++, mandelbrot, 25,  81.74, 30.40, 29.44, 0.00, 1.39, 2712, 2703, 6, 64.0, , 1
C++, mandelbrot, 25,  81.63, 30.50, 29.53, 0.00, 1.39, 2713, 2699, 11, 63.0, , 1
C++, mandelbrot, 25,  81.67, 30.56, 29.59, 0.00, 1.39, 2712, 2693, 15, 63.0, , 1
C++, mandelbrot, 25,  81.80, 30.48, 29.50, 0.00, 1.39, 2715, 2704, 7, 63.0, , 1
C++, mandelbrot, 25,  81.82, 30.58, 29.61, 0.00, 1.39, 2713, 2700, 9, 63.0, , 1
C++, mandelbrot, 25,  81.73, 30.36, 29.38, 0.00, 1.39, 2714, 2697, 13, 64.0, , 1
C++, mandelbrot, 25,  81.78, 30.21, 29.24, 0.00, 1.39, 2712, 2697, 11, 64.0, , 1
C++, mandelbrot, 25,  81.75, 30.44, 29.47, 0.00, 1.39, 2713, 2691, 18, 62.0, , 1
C++, mandelbrot, 25,  81.95, 30.36, 29.38, 0.00, 1.39, 2712, 2698, 10, 63.0, , 1
C++, mandelbrot, 25,  81.55, 30.60, 29.63, 0.00, 1.39, 2712, 2699, 9, 62.0, , 1
C++, mandelbrot, 25,  81.69, 30.53, 29.56, 0.00, 1.39, 2711, 2694, 14, 64.0, , 1
C++, mandelbrot, 25,  81.49, 30.46, 29.50, 0.00, 1.39, 2712, 2697, 12, 63.0, , 1
C++, mandelbrot, 25,  81.79, 30.40, 29.43, 0.00, 1.39, 2713, 2699, 10, 62.0, , 1
C++, mandelbrot, 25,  81.66, 30.40, 29.44, 0.00, 1.39, 2713, 2700, 10, 63.0, , 1
C++, mandelbrot, 25,  81.54, 30.43, 29.45, 0.00, 1.39, 2713, 2696, 13, 63.0, , 1
C++, mandelbrot, 25,  81.74, 30.47, 29.50, 0.00, 1.39, 2713, 2696, 13, 63.0, , 1
C++, n-body, 25,  53.13, 20.79, 20.18, 0.00, 0.87, 1709, 1706, 0, 62.0, , 1
C++, n-body, 25,  53.21, 20.82, 20.22, 0.00, 0.87, 1708, 1708, 0, 63.0, , 1
C++, n-body, 25,  53.26, 20.73, 20.12, 0.00, 0.88, 1710, 1706, 1, 64.0, , 1
C++, n-body, 25,  53.05, 20.68, 20.07, 0.00, 0.87, 1708, 1706, 0, 63.0, , 1
C++, n-body, 25,  53.13, 20.79, 20.18, 0.00, 0.87, 1709, 1704, 2, 63.0, , 1
C++, n-body, 25,  53.17, 20.82, 20.21, 0.00, 0.87, 1709, 1708, 0, 63.0, , 1
C++, n-body, 25,  53.17, 20.80, 20.20, 0.00, 0.88, 1709, 1707, 0, 62.0, , 1
C++, n-body, 25,  53.18, 20.61, 19.99, 0.00, 0.87, 1709, 1707, 0, 63.0, , 1
C++, n-body, 25,  53.01, 20.61, 20.01, 0.00, 0.87, 1709, 1706, 1, 62.0, , 1
C++, n-body, 25,  53.19, 20.74, 20.13, 0.00, 0.88, 1709, 1707, 0, 62.0, , 1
C++, n-body, 25,  53.12, 20.79, 20.19, 0.00, 0.87, 1708, 1707, 0, 63.0, , 1
C++, n-body, 25,  52.95, 20.78, 20.18, 0.00, 0.87, 1708, 1706, 0, 62.0, , 1
C++, n-body, 25,  53.11, 20.90, 20.29, 0.00, 0.88, 1709, 1706, 0, 63.0, , 1
C++, n-body, 25,  52.83, 20.63, 20.02, 0.00, 0.87, 1709, 1705, 1, 64.0, , 1
C++, n-body, 25,  52.94, 20.72, 20.12, 0.00, 0.87, 1708, 1707, 0, 62.0, , 1
C++, n-body, 25,  52.92, 20.87, 20.27, 0.00, 0.87, 1708, 1707, 0, 64.0, , 1
C++, n-body, 25,  53.06, 20.72, 20.12, 0.00, 0.87, 1708, 1707, 0, 64.0, , 1
C++, n-body, 25,  53.05, 20.63, 20.02, 0.00, 0.87, 1709, 1706, 0, 61.0, , 1
C++, n-body, 25,  53.54, 20.74, 20.14, 0.00, 0.87, 1708, 1707, 0, 63.0, , 1
C++, n-body, 25,  53.07, 20.58, 19.97, 0.00, 0.87, 1708, 1706, 0, 64.0, , 1
C++, regex-redux, 25,  56.47, 23.01, 22.29, 0.00, 1.25, 1849, 1699, 147, 62.0, , 1
C++, regex-redux, 25,  56.48, 22.99, 22.27, 0.00, 1.25, 1846, 1706, 136, 63.0, , 1
C++, regex-redux, 25,  56.46, 23.09, 22.37, 0.00, 1.26, 1847, 1708, 135, 62.0, , 1
C++, regex-redux, 25,  56.43, 22.96, 22.25, 0.00, 1.26, 1846, 1694, 149, 62.0, , 1
C++, regex-redux, 25,  56.43, 23.08, 22.37, 0.00, 1.25, 1845, 1687, 155, 63.0, , 1
C++, regex-redux, 25,  56.42, 22.98, 22.27, 0.00, 1.25, 1846, 1690, 153, 63.0, , 1
C++, regex-redux, 25,  56.46, 23.07, 22.35, 0.00, 1.26, 1848, 1692, 152, 63.0, , 1
C++, regex-redux, 25,  56.32, 22.99, 22.27, 0.00, 1.25, 1848, 1697, 148, 62.0, , 1
C++, regex-redux, 25,  56.74, 23.06, 22.35, 0.00, 1.25, 1848, 1697, 148, 63.0, , 1
C++, regex-redux, 25,  56.85, 23.04, 22.33, 0.00, 1.25, 1849, 1708, 138, 62.0, , 1
C++, regex-redux, 25,  56.83, 23.09, 22.37, 0.00, 1.25, 1846, 1700, 142, 64.0, , 1
C++, regex-redux, 25,  56.76, 23.08, 22.38, 0.00, 1.25, 1848, 1688, 158, 63.0, , 1
C++, regex-redux, 25,  56.90, 23.03, 22.30, 0.00, 1.26, 1847, 1696, 148, 63.0, , 1
C++, regex-redux, 25,  57.25, 23.06, 22.33, 0.00, 1.27, 1856, 1694, 152, 63.0, , 1
C++, regex-redux, 25,  56.89, 22.87, 22.16, 0.00, 1.25, 1851, 1685, 162, 64.0, , 1
C++, regex-redux, 25,  56.76, 22.94, 22.23, 0.00, 1.26, 1845, 1700, 143, 63.0, , 1
C++, regex-redux, 25,  56.77, 22.88, 22.16, 0.00, 1.26, 1846, 1702, 141, 61.0, , 1
C++, regex-redux, 25,  56.92, 23.01, 22.29, 0.00, 1.25, 1848, 1699, 146, 63.0, , 1
C++, regex-redux, 25,  56.79, 22.93, 22.20, 0.00, 1.25, 1849, 1696, 150, 64.0, , 1
C++, regex-redux, 25,  56.65, 22.87, 22.17, 0.00, 1.25, 1846, 1690, 152, 62.0, , 1
C++, reverse-complement, 25,  4.84, 1.84, 1.74, 0.00, 0.21, 149, 72, 76, 51.0, , 1
C++, reverse-complement, 25,  4.88, 1.85, 1.75, 0.00, 0.21, 149, 67, 82, 51.0, , 1
C++, reverse-complement, 25,  4.97, 1.85, 1.76, 0.00, 0.21, 149, 72, 76, 51.0, , 1
C++, reverse-complement, 25,  4.92, 1.86, 1.75, 0.00, 0.21, 149, 67, 81, 51.0, , 1
C++, reverse-complement, 25,  4.91, 1.87, 1.76, 0.00, 0.21, 148, 63, 84, 51.0, , 1
C++, reverse-complement, 25,  4.88, 1.85, 1.75, 0.00, 0.21, 148, 73, 74, 63.0, , 1
C++, reverse-complement, 25,  4.85, 1.82, 1.72, 0.00, 0.21, 149, 60, 88, 51.0, , 1
C++, reverse-complement, 25,  4.88, 1.85, 1.76, 0.00, 0.21, 148, 68, 79, 51.0, , 1
C++, reverse-complement, 25,  4.91, 1.85, 1.75, 0.00, 0.21, 148, 65, 83, 51.0, , 1
C++, reverse-complement, 25,  4.89, 1.86, 1.76, 0.00, 0.21, 148, 67, 80, 51.0, , 1
C++, reverse-complement, 25,  4.96, 1.86, 1.76, 0.00, 0.21, 148, 65, 82, 51.0, , 1
C++, reverse-complement, 25,  4.94, 1.87, 1.77, 0.00, 0.21, 149, 69, 79, 64.0, , 1
C++, reverse-complement, 25,  4.84, 1.83, 1.74, 0.00, 0.21, 148, 65, 82, 51.0, , 1
C++, reverse-complement, 25,  4.97, 1.85, 1.74, 0.00, 0.21, 149, 62, 86, 51.0, , 1
C++, reverse-complement, 25,  4.87, 1.85, 1.75, 0.00, 0.21, 148, 73, 75, 51.0, , 1
C++, reverse-complement, 25,  4.88, 1.84, 1.75, 0.00, 0.21, 148, 65, 82, 51.0, , 1
C++, reverse-complement, 25,  4.87, 1.84, 1.75, 0.00, 0.21, 149, 77, 71, 51.0, , 1
C++, reverse-complement, 25,  4.85, 1.84, 1.75, 0.00, 0.21, 148, 65, 82, 64.0, , 1
C++, reverse-complement, 25,  4.90, 1.87, 1.77, 0.00, 0.21, 149, 67, 81, 51.0, , 1
C++, reverse-complement, 25,  4.87, 1.85, 1.75, 0.00, 0.21, 148, 80, 67, 51.0, , 1
C++, spectral-norm, 25,  35.74, 13.38, 12.90, 0.00, 0.68, 1328, 1326, 0, 60.0, , 1
C++, spectral-norm, 25,  35.74, 13.36, 12.88, 0.00, 0.68, 1328, 1325, 1, 61.0, , 1
C++, spectral-norm, 25,  35.73, 13.36, 12.89, 0.00, 0.68, 1328, 1326, 0, 61.0, , 1
C++, spectral-norm, 25,  35.85, 13.35, 12.87, 0.00, 0.68, 1328, 1326, 0, 59.0, , 1
C++, spectral-norm, 25,  35.70, 13.28, 12.81, 0.00, 0.68, 1327, 1327, 0, 60.0, , 1
C++, spectral-norm, 25,  35.78, 13.39, 12.91, 0.00, 0.68, 1327, 1327, 0, 61.0, , 1
C++, spectral-norm, 25,  35.70, 13.41, 12.93, 0.00, 0.68, 1328, 1326, 0, 60.0, , 1
C++, spectral-norm, 25,  35.94, 13.48, 13.01, 0.00, 0.69, 1335, 1326, 0, 60.0, , 1
C++, spectral-norm, 25,  35.82, 13.44, 12.96, 0.00, 0.68, 1331, 1327, 0, 59.0, , 1
C++, spectral-norm, 25,  35.58, 13.39, 12.91, 0.00, 0.68, 1328, 1325, 1, 62.0, , 1
C++, spectral-norm, 25,  35.80, 13.47, 13.00, 0.00, 0.68, 1333, 1327, 0, 60.0, , 1
C++, spectral-norm, 25,  35.89, 13.41, 12.93, 0.00, 0.68, 1329, 1326, 0, 60.0, , 1
C++, spectral-norm, 25,  35.71, 13.41, 12.94, 0.00, 0.68, 1328, 1326, 0, 61.0, , 1
C++, spectral-norm, 25,  35.72, 13.43, 12.95, 0.00, 0.68, 1329, 1327, 0, 59.0, , 1
C++, spectral-norm, 25,  35.71, 13.42, 12.94, 0.00, 0.68, 1328, 1326, 0, 61.0, , 1
C++, spectral-norm, 25,  35.75, 13.41, 12.94, 0.00, 0.68, 1328, 1325, 1, 58.0, , 1
C++, spectral-norm, 25,  36.10, 13.53, 13.05, 0.00, 0.69, 1338, 1326, 0, 62.0, , 1
C++, spectral-norm, 25,  35.70, 13.46, 12.97, 0.00, 0.68, 1328, 1326, 0, 61.0, , 1
C++, spectral-norm, 25,  35.79, 13.50, 13.02, 0.00, 0.68, 1329, 1327, 0, 61.0, , 1
C++, spectral-norm, 25,  35.83, 13.45, 12.97, 0.00, 0.68, 1328, 1327, 0, 61.0, , 1
Java, binary-trees, 25,  176.87, 71.03, 67.50, 0.00, 8.11, 5136, 4964, 158, 64.0, , 1
Java, binary-trees, 25,  177.11, 71.34, 67.80, 0.00, 8.14, 5146, 4999, 135, 62.0, , 1
Java, binary-trees, 25,  176.51, 71.63, 68.11, 0.00, 8.10, 5132, 4982, 139, 62.0, , 1
Java, binary-trees, 25,  177.08, 71.43, 67.89, 0.00, 8.13, 5137, 4991, 137, 64.0, , 1
Java, binary-trees, 25,  176.77, 71.08, 67.54, 0.00, 8.13, 5144, 4958, 169, 62.0, , 1
Java, binary-trees, 25,  176.98, 71.29, 67.75, 0.00, 8.13, 5148, 4976, 145, 62.0, , 1
Java, binary-trees, 25,  176.80, 71.27, 67.74, 0.00, 8.08, 5131, 4966, 150, 63.0, , 1
Java, binary-trees, 25,  176.58, 71.23, 67.70, 0.00, 8.11, 5137, 4968, 157, 63.0, , 1
Java, binary-trees, 25,  176.48, 71.09, 67.57, 0.00, 8.11, 5144, 4961, 168, 62.0, , 1
Java, binary-trees, 25,  177.60, 71.53, 67.99, 0.00, 8.12, 5147, 4975, 159, 62.0, , 1
Java, binary-trees, 25,  177.29, 71.58, 68.05, 0.00, 8.11, 5134, 4968, 154, 63.0, , 1
Java, binary-trees, 25,  178.85, 72.04, 68.49, 0.00, 8.14, 5192, 5027, 153, 64.0, , 1
Java, binary-trees, 25,  178.21, 71.53, 67.98, 0.00, 8.14, 5166, 5000, 142, 63.0, , 1
Java, binary-trees, 25,  177.62, 71.50, 67.95, 0.00, 8.14, 5153, 4962, 161, 64.0, , 1
Java, binary-trees, 25,  177.08, 71.64, 68.11, 0.00, 8.11, 5139, 4975, 149, 63.0, , 1
Java, binary-trees, 25,  176.62, 71.55, 68.02, 0.00, 8.11, 5131, 4961, 158, 63.0, , 1
Java, binary-trees, 25,  177.17, 71.23, 67.69, 0.00, 8.12, 5139, 4969, 157, 64.0, , 1
Java, binary-trees, 25,  176.79, 71.47, 67.94, 0.00, 8.12, 5136, 4951, 172, 64.0, , 1
Java, binary-trees, 25,  178.41, 72.28, 68.73, 0.00, 8.15, 5195, 5034, 150, 63.0, , 1
Java, binary-trees, 25,  177.65, 72.26, 68.71, 0.00, 8.14, 5159, 4968, 162, 63.0, , 1
Java, fannkuch-redux, 25,  949.29, 371.21, 360.34, 0.00, 15.52, 30390, 30327, 21, 64.0, , 1
Java, fannkuch-redux, 25,  957.14, 371.05, 360.11, 0.00, 15.64, 30644, 30581, 21, 60.0, , 1
Java, fannkuch-redux, 25,  959.16, 371.39, 360.48, 0.00, 15.58, 30516, 30320, 28, 61.0, , 1
Java, fannkuch-redux, 25,  961.83, 372.31, 361.31, 0.00, 15.72, 30791, 30735, 16, 60.0, , 1
Java, fannkuch-redux, 25,  959.41, 372.32, 361.32, 0.00, 15.72, 30781, 30733, 17, 61.0, , 1
Java, fannkuch-redux, 25,  948.70, 367.83, 356.96, 0.00, 15.51, 30376, 30328, 18, 62.0, , 1
Java, fannkuch-redux, 25,  971.08, 374.25, 363.11, 0.00, 15.92, 31178, 31106, 20, 61.0, , 1
Java, fannkuch-redux, 25,  956.33, 372.70, 361.79, 0.00, 15.59, 30541, 30486, 24, 63.0, , 1
Java, fannkuch-redux, 25,  979.66, 381.83, 370.62, 0.00, 16.02, 31379, 31332, 17, 62.0, , 1
Java, fannkuch-redux, 25,  958.99, 373.32, 362.31, 0.00, 15.72, 30785, 30731, 20, 64.0, , 1
Java, fannkuch-redux, 25,  939.05, 367.70, 356.97, 0.00, 15.36, 30063, 29967, 16, 61.0, , 1
Java, fannkuch-redux, 25,  934.29, 360.53, 349.83, 0.00, 15.30, 29943, 29852, 21, 61.0, , 1
Java, fannkuch-redux, 25,  951.28, 368.15, 357.32, 0.00, 15.48, 30305, 30230, 14, 60.0, , 1
Java, fannkuch-redux, 25,  946.89, 365.45, 354.70, 0.00, 15.37, 30061, 29966, 16, 63.0, , 1
Java, fannkuch-redux, 25,  940.33, 360.34, 349.64, 0.00, 15.32, 29991, 29914, 9, 62.0, , 1
Java, fannkuch-redux, 25,  937.30, 362.64, 351.94, 0.00, 15.31, 29971, 29903, 18, 62.0, , 1
Java, fannkuch-redux, 25,  959.37, 375.12, 364.20, 0.00, 15.61, 30565, 30491, 18, 62.0, , 1
Java, fannkuch-redux, 25,  934.02, 360.46, 349.78, 0.00, 15.27, 29913, 29854, 19, 60.0, , 1
Java, fannkuch-redux, 25,  946.87, 367.19, 356.36, 0.00, 15.46, 30267, 30216, 15, 61.0, , 1
Java, fannkuch-redux, 25,  973.84, 377.87, 366.72, 0.00, 15.93, 31177, 31114, 21, 64.0, , 1
Java, fasta, 25,  79.43, 28.71, 27.73, 0.00, 1.42, 2703, 2669, 26, 62.0, , 1
Java, fasta, 25,  79.41, 28.77, 27.79, 0.00, 1.42, 2707, 2665, 34, 59.0, , 1
Java, fasta, 25,  79.51, 28.55, 27.57, 0.00, 1.42, 2712, 2684, 22, 62.0, , 1
Java, fasta, 25,  79.16, 28.56, 27.59, 0.00, 1.41, 2703, 2670, 26, 62.0, , 1
Java, fasta, 25,  79.13, 28.62, 27.65, 0.00, 1.42, 2704, 2663, 34, 63.0, , 1
Java, fasta, 25,  79.31, 28.59, 27.61, 0.00, 1.42, 2714, 2680, 26, 61.0, , 1
Java, fasta, 25,  79.33, 28.57, 27.59, 0.00, 1.42, 2705, 2661, 36, 62.0, , 1
Java, fasta, 25,  79.67, 28.56, 27.59, 0.00, 1.42, 2717, 2676, 34, 62.0, , 1
Java, fasta, 25,  79.58, 28.71, 27.73, 0.00, 1.42, 2711, 2676, 28, 63.0, , 1
Java, fasta, 25,  79.36, 28.80, 27.83, 0.00, 1.42, 2710, 2669, 34, 61.0, , 1
Java, fasta, 25,  79.61, 28.97, 27.99, 0.00, 1.42, 2708, 2677, 22, 61.0, , 1
Java, fasta, 25,  79.53, 28.92, 27.94, 0.00, 1.42, 2714, 2690, 18, 62.0, , 1
Java, fasta, 25,  79.61, 28.96, 27.98, 0.00, 1.42, 2719, 2665, 38, 62.0, , 1
Java, fasta, 25,  79.16, 29.13, 28.16, 0.00, 1.42, 2708, 2672, 29, 62.0, , 1
Java, fasta, 25,  79.95, 29.02, 28.05, 0.00, 1.42, 2716, 2692, 19, 62.0, , 1
Java, fasta, 25,  79.77, 28.79, 27.81, 0.00, 1.42, 2711, 2672, 31, 62.0, , 1
Java, fasta, 25,  79.88, 28.60, 27.62, 0.00, 1.42, 2713, 2674, 33, 61.0, , 1
Java, fasta, 25,  79.89, 28.64, 27.65, 0.00, 1.42, 2719, 2689, 24, 61.0, , 1
Java, fasta, 25,  80.07, 28.59, 27.61, 0.00, 1.43, 2725, 2691, 27, 62.0, , 1
Java, fasta, 25,  79.68, 28.88, 27.91, 0.00, 1.42, 2713, 2684, 22, 61.0, , 1
Java, k-nucleotide, 25,  312.12, 123.12, 119.34, 0.00, 7.03, 10220, 10027, 178, 61.0, , 1
Java, k-nucleotide, 25,  317.77, 126.11, 122.29, 0.00, 7.10, 10339, 10145, 168, 62.0, , 1
Java, k-nucleotide, 25,  313.16, 124.02, 120.21, 0.00, 7.06, 10258, 10051, 173, 62.0, , 1
Java, k-nucleotide, 25,  318.49, 127.29, 123.45, 0.00, 7.14, 10398, 10219, 164, 63.0, , 1
Java, k-nucleotide, 25,  316.05, 126.96, 123.14, 0.00, 7.10, 10341, 10136, 180, 62.0, , 1
Java, k-nucleotide, 25,  315.48, 125.66, 121.86, 0.00, 7.07, 10280, 10077, 188, 65.0, , 1
Java, k-nucleotide, 25,  319.69, 127.19, 123.32, 0.00, 7.19, 10494, 10292, 177, 63.0, , 1
Java, k-nucleotide, 25,  317.77, 127.01, 123.19, 0.00, 7.11, 10353, 10153, 173, 63.0, , 1
Java, k-nucleotide, 25,  318.31, 127.32, 123.50, 0.00, 7.12, 10359, 10147, 185, 61.0, , 1
Java, k-nucleotide, 25,  313.16, 123.98, 120.18, 0.00, 7.05, 10257, 10058, 185, 63.0, , 1
Java, k-nucleotide, 25,  316.62, 125.95, 122.15, 0.00, 7.09, 10308, 10100, 157, 62.0, , 1
Java, k-nucleotide, 25,  315.09, 124.71, 120.89, 0.00, 7.09, 10316, 10092, 183, 61.0, , 1
Java, k-nucleotide, 25,  314.91, 123.27, 119.47, 0.00, 7.07, 10287, 10103, 156, 62.0, , 1
Java, k-nucleotide, 25,  315.57, 124.09, 120.27, 0.00, 7.07, 10282, 10065, 182, 64.0, , 1
Java, k-nucleotide, 25,  314.17, 124.67, 120.87, 0.00, 7.07, 10268, 10061, 175, 63.0, , 1
Java, k-nucleotide, 25,  321.96, 128.02, 124.15, 0.00, 7.20, 10493, 10272, 179, 64.0, , 1
Java, k-nucleotide, 25,  313.63, 124.05, 120.26, 0.00, 7.05, 10245, 10055, 171, 63.0, , 1
Java, k-nucleotide, 25,  322.36, 127.21, 123.33, 0.00, 7.20, 10512, 10309, 184, 62.0, , 1
Java, k-nucleotide, 25,  318.51, 125.48, 121.67, 0.00, 7.09, 10315, 10123, 166, 63.0, , 1
Java, k-nucleotide, 25,  315.05, 123.60, 119.78, 0.00, 7.10, 10312, 10065, 189, 63.0, , 1
Java, mandelbrot, 25,  319.33, 123.08, 118.90, 0.00, 6.00, 11666, 11604, 33, 60.0, , 1
Java, mandelbrot, 25,  322.47, 124.74, 120.53, 0.00, 6.04, 11753, 11695, 32, 60.0, , 1
Java, mandelbrot, 25,  325.09, 124.74, 120.52, 0.00, 6.06, 11774, 11688, 31, 61.0, , 1
Java, mandelbrot, 25,  333.04, 128.41, 124.07, 0.00, 6.21, 12078, 11997, 23, 61.0, , 1
Java, mandelbrot, 25,  322.87, 124.33, 120.13, 0.00, 6.04, 11748, 11689, 31, 61.0, , 1
Java, mandelbrot, 25,  322.88, 124.48, 120.29, 0.00, 6.00, 11671, 11618, 28, 62.0, , 1
Java, mandelbrot, 25,  326.07, 125.70, 121.48, 0.00, 6.06, 11774, 11713, 27, 61.0, , 1
Java, mandelbrot, 25,  327.02, 124.96, 120.74, 0.00, 6.05, 11775, 11722, 27, 61.0, , 1
Java, mandelbrot, 25,  334.45, 127.59, 123.29, 0.00, 6.18, 12020, 11964, 30, 60.0, , 1
Java, mandelbrot, 25,  329.10, 126.69, 122.45, 0.00, 6.09, 11843, 11800, 20, 62.0, , 1
Java, mandelbrot, 25,  323.71, 124.03, 119.84, 0.00, 6.01, 11691, 11640, 27, 62.0, , 1
Java, mandelbrot, 25,  323.97, 125.87, 121.65, 0.00, 6.05, 11765, 11715, 26, 61.0, , 1
Java, mandelbrot, 25,  325.90, 126.49, 122.27, 0.00, 6.05, 11771, 11714, 25, 61.0, , 1
Java, mandelbrot, 25,  323.90, 125.85, 121.64, 0.00, 6.05, 11763, 11708, 30, 61.0, , 1
Java, mandelbrot, 25,  323.84, 125.10, 120.90, 0.00, 6.04, 11754, 11704, 28, 62.0, , 1
Java, mandelbrot, 25,  323.35, 125.12, 120.90, 0.00, 6.05, 11764, 11688, 34, 62.0, , 1
Java, mandelbrot, 25,  322.56, 124.90, 120.71, 0.00, 6.03, 11730, 11687, 28, 63.0, , 1
Java, mandelbrot, 25,  324.55, 124.95, 120.73, 0.00, 6.05, 11775, 11728, 23, 61.0, , 1
Java, mandelbrot, 25,  323.41, 124.93, 120.71, 0.00, 6.05, 11771, 11724, 21, 61.0, , 1
Java, mandelbrot, 25,  322.50, 124.26, 120.05, 0.00, 6.05, 11766, 11714, 27, 59.0, , 1
Java, n-body, 25,  114.37, 45.47, 44.01, 0.00, 2.08, 4040, 4017, 15, 62.0, , 1
Java, n-body, 25,  114.26, 45.43, 43.98, 0.00, 2.08, 4042, 4025, 10, 61.0, , 1
Java, n-body, 25,  114.54, 45.79, 44.34, 0.00, 2.08, 4042, 4020, 15, 63.0, , 1
Java, n-body, 25,  114.23, 46.02, 44.57, 0.00, 2.08, 4041, 4022, 12, 63.0, , 1
Java, n-body, 25,  114.72, 45.94, 44.48, 0.00, 2.09, 4054, 4031, 15, 61.0, , 1
Java, n-body, 25,  114.84, 45.90, 44.45, 0.00, 2.08, 4043, 4023, 12, 62.0, , 1
Java, n-body, 25,  114.83, 45.94, 44.49, 0.00, 2.08, 4043, 4025, 9, 61.0, , 1
Java, n-body, 25,  114.64, 45.69, 44.24, 0.00, 2.08, 4042, 4026, 9, 61.0, , 1
Java, n-body, 25,  114.62, 45.67, 44.22, 0.00, 2.08, 4041, 4018, 15, 63.0, , 1
Java, n-body, 25,  114.17, 45.88, 44.43, 0.00, 2.08, 4046, 4022, 13, 62.0, , 1
Java, n-body, 25,  114.29, 45.89, 44.44, 0.00, 2.08, 4044, 4027, 8, 61.0, , 1
Java, n-body, 25,  114.38, 45.98, 44.52, 0.00, 2.08, 4040, 4025, 8, 62.0, , 1
Java, n-body, 25,  114.21, 46.00, 44.55, 0.00, 2.08, 4041, 4018, 15, 62.0, , 1
Java, n-body, 25,  114.83, 46.16, 44.70, 0.00, 2.09, 4061, 4037, 16, 62.0, , 1
Java, n-body, 25,  114.22, 45.87, 44.43, 0.00, 2.08, 4040, 4024, 8, 63.0, , 1
Java, n-body, 25,  113.01, 45.86, 44.42, 0.00, 2.07, 4020, 4000, 13, 61.0, , 1
Java, n-body, 25,  113.72, 45.98, 44.52, 0.00, 2.08, 4041, 4021, 12, 62.0, , 1
Java, n-body, 25,  113.36, 46.12, 44.66, 0.00, 2.08, 4041, 4020, 13, 63.0, , 1
Java, n-body, 25,  114.45, 46.09, 44.63, 0.00, 2.09, 4048, 4015, 20, 62.0, , 1
Java, n-body, 25,  114.54, 45.64, 44.18, 0.00, 2.08, 4042, 4021, 14, 61.0, , 1
Java, regex-redux, 25,  365.59, 142.85, 138.30, 0.00, 7.37, 11756, 11427, 311, 63.0, , 1
Java, regex-redux, 25,  374.47, 147.20, 142.54, 0.00, 7.54, 12033, 11576, 297, 64.0, , 1
Java, regex-redux, 25,  362.84, 143.55, 139.00, 0.00, 7.37, 11717, 11364, 315, 63.0, , 1
Java, regex-redux, 25,  365.93, 143.07, 138.50, 0.00, 7.40, 11797, 11444, 321, 61.0, , 1
Java, regex-redux, 25,  368.31, 144.34, 139.74, 0.00, 7.44, 11881, 11554, 307, 63.0, , 1
Java, regex-redux, 25,  366.90, 144.13, 139.52, 0.00, 7.45, 11891, 11544, 328, 63.0, , 1
Java, regex-redux, 25,  364.58, 144.06, 139.50, 0.00, 7.39, 11729, 11353, 314, 63.0, , 1
Java, regex-redux, 25,  361.24, 141.54, 137.02, 0.00, 7.34, 11660, 11328, 309, 62.0, , 1
Java, regex-redux, 25,  362.93, 141.84, 137.32, 0.00, 7.33, 11634, 11302, 305, 63.0, , 1
Java, regex-redux, 25,  372.19, 146.41, 141.76, 0.00, 7.49, 11951, 11598, 310, 63.0, , 1
Java, regex-redux, 25,  368.80, 145.19, 140.57, 0.00, 7.47, 11906, 11545, 315, 64.0, , 1
Java, regex-redux, 25,  365.44, 143.20, 138.63, 0.00, 7.40, 11790, 11464, 296, 63.0, , 1
Java, regex-redux, 25,  367.34, 144.86, 140.28, 0.00, 7.43, 11833, 11502, 310, 63.0, , 1
Java, regex-redux, 25,  369.36, 144.39, 139.77, 0.00, 7.47, 11903, 11550, 305, 64.0, , 1
Java, regex-redux, 25,  365.00, 143.34, 138.77, 0.00, 7.42, 11793, 11439, 319, 63.0, , 1
Java, regex-redux, 25,  381.53, 149.47, 144.70, 0.00, 7.69, 12336, 12004, 310, 64.0, , 1
Java, regex-redux, 25,  366.98, 145.08, 140.49, 0.00, 7.42, 11847, 11516, 314, 62.0, , 1
Java, regex-redux, 25,  371.51, 145.18, 140.56, 0.00, 7.49, 11932, 11573, 324, 62.0, , 1
Java, regex-redux, 25,  374.65, 145.72, 141.05, 0.00, 7.54, 12062, 11721, 310, 63.0, , 1
Java, regex-redux, 25,  367.20, 143.91, 139.32, 0.00, 7.42, 11842, 11510, 311, 62.0, , 1
Java, reverse-complement, 25,  24.65, 9.27, 8.86, 0.00, 0.82, 791, 492, 294, 53.0, , 1
Java, reverse-complement, 25,  24.78, 9.35, 8.94, 0.00, 0.82, 796, 490, 301, 62.0, , 1
Java, reverse-complement, 25,  25.26, 9.60, 9.19, 0.00, 0.84, 812, 511, 298, 62.0, , 1
Java, reverse-complement, 25,  24.91, 9.43, 9.01, 0.00, 0.83, 800, 502, 293, 62.0, , 1
Java, reverse-complement, 25,  24.23, 9.18, 8.78, 0.00, 0.81, 776, 480, 290, 62.0, , 1
Java, reverse-complement, 25,  24.86, 9.41, 9.00, 0.00, 0.82, 799, 480, 314, 61.0, , 1
Java, reverse-complement, 25,  24.86, 9.36, 8.96, 0.00, 0.83, 800, 494, 301, 61.0, , 1
Java, reverse-complement, 25,  24.64, 9.30, 8.89, 0.00, 0.82, 792, 470, 317, 62.0, , 1
Java, reverse-complement, 25,  24.93, 9.40, 8.99, 0.00, 0.83, 802, 493, 304, 62.0, , 1
Java, reverse-complement, 25,  24.69, 9.34, 8.94, 0.00, 0.82, 791, 485, 302, 61.0, , 1
Java, reverse-complement, 25,  24.47, 9.28, 8.88, 0.00, 0.81, 789, 476, 308, 61.0, , 1
Java, reverse-complement, 25,  24.66, 9.31, 8.91, 0.00, 0.82, 793, 488, 300, 62.0, , 1
Java, reverse-complement, 25,  24.78, 9.35, 8.94, 0.00, 0.82, 796, 485, 308, 62.0, , 1
Java, reverse-complement, 25,  24.67, 9.31, 8.91, 0.00, 0.82, 792, 469, 319, 63.0, , 1
Java, reverse-complement, 25,  24.67, 9.34, 8.94, 0.00, 0.83, 797, 487, 306, 52.0, , 1
Java, reverse-complement, 25,  24.75, 9.36, 8.95, 0.00, 0.82, 797, 504, 287, 61.0, , 1
Java, reverse-complement, 25,  24.55, 9.34, 8.94, 0.00, 0.82, 791, 494, 292, 61.0, , 1
Java, reverse-complement, 25,  24.73, 9.42, 9.02, 0.00, 0.83, 797, 495, 297, 62.0, , 1
Java, reverse-complement, 25,  24.83, 9.45, 9.04, 0.00, 0.83, 799, 491, 303, 62.0, , 1
Java, reverse-complement, 25,  24.99, 9.53, 9.12, 0.00, 0.83, 802, 499, 298, 61.0, , 1
Java, spectral-norm, 25,  47.69, 18.88, 18.27, 0.00, 0.88, 1691, 1668, 18, 62.0, , 1
Java, spectral-norm, 25,  48.60, 19.13, 18.51, 0.00, 0.90, 1711, 1680, 14, 62.0, , 1
Java, spectral-norm, 25,  48.10, 18.87, 18.25, 0.00, 0.89, 1693, 1679, 8, 63.0, , 1
Java, spectral-norm, 25,  47.73, 18.75, 18.15, 0.00, 0.88, 1685, 1664, 15, 63.0, , 1
Java, spectral-norm, 25,  48.18, 18.98, 18.37, 0.00, 0.89, 1705, 1683, 16, 61.0, , 1
Java, spectral-norm, 25,  46.21, 18.11, 17.52, 0.00, 0.85, 1630, 1606, 17, 61.0, , 1
Java, spectral-norm, 25,  48.23, 18.93, 18.32, 0.00, 0.89, 1700, 1678, 14, 62.0, , 1
Java, spectral-norm, 25,  47.88, 18.76, 18.15, 0.00, 0.89, 1692, 1661, 24, 62.0, , 1
Java, spectral-norm, 25,  47.99, 18.84, 18.23, 0.00, 0.89, 1693, 1674, 12, 63.0, , 1
Java, spectral-norm, 25,  45.98, 18.21, 17.61, 0.00, 0.85, 1632, 1606, 19, 61.0, , 1
Java, spectral-norm, 25,  47.64, 19.03, 18.42, 0.00, 0.88, 1690, 1670, 14, 62.0, , 1
Java, spectral-norm, 25,  46.11, 18.36, 17.77, 0.00, 0.86, 1638, 1618, 14, 61.0, , 1
Java, spectral-norm, 25,  47.75, 19.00, 18.39, 0.00, 0.88, 1690, 1667, 15, 62.0, , 1
Java, spectral-norm, 25,  48.20, 19.13, 18.52, 0.00, 0.89, 1701, 1679, 16, 62.0, , 1
Java, spectral-norm, 25,  47.82, 18.93, 18.32, 0.00, 0.88, 1689, 1669, 13, 60.0, , 1
Java, spectral-norm, 25,  49.06, 18.91, 18.31, 0.00, 0.88, 1690, 1668, 17, 62.0, , 1
Java, spectral-norm, 25,  49.04, 18.88, 18.27, 0.00, 0.88, 1691, 1666, 18, 62.0, , 1
Java, spectral-norm, 25,  48.16, 18.76, 18.16, 0.00, 0.88, 1687, 1666, 17, 62.0, , 1
Java, spectral-norm, 25,  46.71, 18.31, 17.73, 0.00, 0.85, 1634, 1619, 10, 63.0, , 1
Java, spectral-norm, 25,  48.37, 18.82, 18.21, 0.00, 0.88, 1693, 1673, 14, 62.0, , 1
Python, binary-trees, 25,  3023.65, 1206.63, 1170.75, 0.00, 59.50, 93838, 92134, 1572, 65.0, , 1
Python, binary-trees, 25,  3063.13, 1224.83, 1188.48, 0.00, 60.02, 94858, 93102, 1534, 65.0, , 1
Python, binary-trees, 25,  3035.29, 1212.98, 1176.90, 0.00, 59.68, 94052, 92139, 1555, 63.0, , 1
Python, binary-trees, 25,  3022.54, 1205.54, 1169.55, 0.00, 59.50, 93864, 92244, 1477, 65.0, , 1
Python, binary-trees, 25,  3037.95, 1205.16, 1169.10, 0.00, 59.68, 94130, 92430, 1577, 64.0, , 1
Python, binary-trees, 25,  3041.60, 1206.83, 1170.91, 0.00, 59.40, 93811, 92191, 1490, 65.0, , 1
Python, binary-trees, 25,  3029.32, 1213.97, 1178.06, 0.00, 59.44, 93812, 92157, 1436, 65.0, , 1
Python, binary-trees, 25,  3029.64, 1216.49, 1180.44, 0.00, 59.63, 93972, 92182, 1545, 65.0, , 1
Python, binary-trees, 25,  3023.60, 1211.81, 1175.82, 0.00, 59.44, 93859, 92119, 1476, 64.0, , 1
Python, binary-trees, 25,  3072.87, 1234.76, 1198.19, 0.00, 60.45, 95601, 93972, 1492, 63.0, , 1
Python, binary-trees, 25,  3023.75, 1208.67, 1172.71, 0.00, 59.42, 93898, 92220, 1552, 63.0, , 1
Python, binary-trees, 25,  3066.14, 1223.53, 1187.19, 0.00, 60.07, 94801, 93065, 1525, 64.0, , 1
Python, binary-trees, 25,  3037.01, 1214.76, 1178.73, 0.00, 59.67, 93974, 92111, 1629, 64.0, , 1
Python, binary-trees, 25,  3046.55, 1224.74, 1188.57, 0.00, 59.77, 94381, 92727, 1494, 64.0, , 1
Python, binary-trees, 25,  3041.99, 1218.44, 1182.34, 0.00, 59.79, 94181, 92420, 1507, 64.0, , 1
Python, binary-trees, 25,  3050.26, 1230.77, 1194.56, 0.00, 59.73, 94319, 92694, 1489, 65.0, , 1
Python, binary-trees, 25,  3054.28, 1223.16, 1186.91, 0.00, 59.88, 94608, 92914, 1523, 65.0, , 1
Python, binary-trees, 25,  3032.63, 1214.51, 1178.48, 0.00, 59.69, 93848, 92088, 1512, 64.0, , 1
Python, binary-trees, 25,  3039.56, 1214.92, 1178.93, 0.00, 59.56, 93837, 92046, 1607, 65.0, , 1
Python, binary-trees, 25,  3040.41, 1214.51, 1178.43, 0.00, 59.71, 94132, 92490, 1508, 63.0, , 1
Python, fannkuch-redux, 25,  26814.65, 11467.20, 11154.86, 0.00, 445.83, 874317, 872985, 59, 65.0, , 1
Python, fannkuch-redux, 25,  27332.32, 11820.20, 11504.05, 0.00, 452.80, 887914, 886404, 92, 64.0, , 1
Python, fannkuch-redux, 25,  27117.68, 11628.85, 11314.89, 0.00, 448.62, 879726, 878364, 73, 64.0, , 1
Python, fannkuch-redux, 25,  27245.84, 11687.69, 11372.24, 0.00, 450.71, 883767, 882212, 72, 63.0, , 1
Python, fannkuch-redux, 25,  27450.32, 11866.78, 11549.84, 0.00, 454.08, 890356, 888838, 75, 64.0, , 1
Python, fannkuch-redux, 25,  27427.73, 11799.71, 11483.62, 0.00, 452.54, 887203, 885678, 63, 66.0, , 1
Python, fannkuch-redux, 25,  27209.70, 11729.03, 11412.94, 0.00, 451.89, 886021, 884740, 59, 63.0, , 1
Python, fannkuch-redux, 25,  27234.59, 11792.90, 11478.24, 0.00, 450.64, 883573, 882118, 71, 64.0, , 1
Python, fannkuch-redux, 25,  26894.36, 11592.46, 11279.86, 0.00, 446.72, 875791, 874392, 59, 65.0, , 1
Python, fannkuch-redux, 25,  27185.21, 11689.62, 11373.64, 0.00, 451.31, 884804, 883278, 78, 63.0, , 1
Python, fannkuch-redux, 25,  27046.08, 11510.75, 11197.31, 0.00, 447.22, 876835, 875471, 56, 63.0, , 1
Python, fannkuch-redux, 25,  27820.48, 11777.52, 11460.89, 0.00, 452.56, 887308, 885993, 70, 64.0, , 1
Python, fannkuch-redux, 25,  27718.39, 11519.21, 11203.93, 0.00, 449.93, 882132, 880677, 60, 65.0, , 1
Python, fannkuch-redux, 25,  27776.06, 11676.74, 11360.23, 0.00, 451.57, 885352, 883945, 63, 65.0, , 1
Python, fannkuch-redux, 25,  27497.09, 11568.32, 11253.30, 0.00, 449.52, 881300, 879765, 74, 64.0, , 1
Python, fannkuch-redux, 25,  27677.56, 11561.19, 11245.15, 0.00, 451.16, 884399, 882732, 64, 64.0, , 1
Python, fannkuch-redux, 25,  27612.41, 11530.60, 11216.70, 0.00, 448.06, 878479, 876858, 65, 63.0, , 1
Python, fannkuch-redux, 25,  27728.97, 11673.73, 11357.15, 0.00, 451.92, 886060, 884736, 68, 64.0, , 1
Python, fannkuch-redux, 25,  27604.45, 11740.61, 11425.64, 0.00, 450.37, 882980, 881471, 82, 64.0, , 1
Python, fannkuch-redux, 25,  27884.87, 11782.16, 11465.03, 0.00, 452.68, 887541, 886130, 69, 66.0, , 1
Python, fasta, 25,  1406.97, 552.82, 537.35, 0.00, 22.06, 43253, 43178, 30, 63.0, , 1
Python, fasta, 25,  1399.74, 546.43, 531.14, 0.00, 22.01, 43161, 43095, 26, 65.0, , 1
Python, fasta, 25,  1410.92, 550.50, 535.10, 0.00, 22.10, 43318, 43115, 22, 63.0, , 1
Python, fasta, 25,  1416.73, 554.19, 538.71, 0.00, 22.08, 43264, 43155, 31, 65.0, , 1
Python, fasta, 25,  1407.92, 549.05, 533.64, 0.00, 22.04, 43184, 43073, 35, 65.0, , 1
Python, fasta, 25,  1405.97, 549.56, 534.13, 0.00, 22.06, 43215, 43097, 29, 64.0, , 1
Python, fasta, 25,  1409.46, 551.35, 535.91, 0.00, 22.07, 43235, 43120, 26, 64.0, , 1
Python, fasta, 25,  1415.73, 556.55, 541.04, 0.00, 22.06, 43245, 43166, 30, 65.0, , 1
Python, fasta, 25,  1449.20, 569.24, 553.33, 0.00, 22.62, 44342, 44258, 32, 65.0, , 1
Python, fasta, 25,  1412.10, 555.71, 540.21, 0.00, 22.06, 43248, 43183, 26, 64.0, , 1
Python, fasta, 25,  1400.55, 547.72, 532.36, 0.00, 21.99, 43115, 43050, 27, 65.0, , 1
Python, fasta, 25,  1406.90, 552.88, 537.43, 0.00, 22.03, 43197, 43122, 32, 66.0, , 1
Python, fasta, 25,  1404.16, 549.48, 534.07, 0.00, 22.01, 43157, 43092, 19, 66.0, , 1
Python, fasta, 25,  1416.05, 557.62, 542.08, 0.00, 22.13, 43383, 43293, 37, 65.0, , 1
Python, fasta, 25,  1403.81, 548.75, 533.34, 0.00, 22.02, 43150, 43066, 21, 66.0, , 1
Python, fasta, 25,  1412.23, 547.93, 532.48, 0.00, 22.13, 43354, 43099, 27, 65.0, , 1
Python, fasta, 25,  1418.28, 555.68, 540.14, 0.00, 22.19, 43480, 43342, 46, 66.0, , 1
Python, fasta, 25,  1409.87, 554.17, 538.70, 0.00, 22.08, 43259, 43119, 35, 66.0, , 1
Python, fasta, 25,  1413.54, 556.96, 541.44, 0.00, 22.06, 43244, 43168, 22, 65.0, , 1
Python, fasta, 25,  1402.49, 553.03, 537.58, 0.00, 22.02, 43183, 43128, 18, 64.0, , 1
Python, k-nucleotide, 25,  4570.04, 1726.83, 1674.45, 0.00, 111.05, 141128, 140144, 698, 63.0, , 1
Python, k-nucleotide, 25,  4621.66, 1747.73, 1694.94, 0.00, 111.20, 142439, 141282, 695, 65.0, , 1
Python, k-nucleotide, 25,  4634.30, 1756.26, 1703.39, 0.00, 111.65, 142685, 141779, 702, 64.0, , 1
Python, k-nucleotide, 25,  4606.28, 1741.01, 1688.39, 0.00, 111.19, 141978, 141028, 733, 64.0, , 1
Python, k-nucleotide, 25,  4465.94, 1714.10, 1663.51, 0.00, 103.73, 136768, 135701, 714, 64.0, , 1
Python, k-nucleotide, 25,  4600.64, 1757.96, 1705.45, 0.00, 111.04, 141697, 140785, 670, 65.0, , 1
Python, k-nucleotide, 25,  4625.79, 1748.80, 1695.64, 0.00, 112.38, 143111, 142082, 707, 64.0, , 1
Python, k-nucleotide, 25,  4593.91, 1745.92, 1693.33, 0.00, 111.67, 141776, 140727, 751, 65.0, , 1
Python, k-nucleotide, 25,  4527.16, 1726.76, 1675.01, 0.00, 109.66, 139440, 138440, 686, 65.0, , 1
Python, k-nucleotide, 25,  4652.52, 1760.82, 1707.65, 0.00, 112.99, 143395, 142462, 729, 64.0, , 1
Python, k-nucleotide, 25,  4425.69, 1687.46, 1637.30, 0.00, 103.13, 135518, 134430, 732, 65.0, , 1
Python, k-nucleotide, 25,  4535.65, 1728.45, 1677.11, 0.00, 105.77, 138788, 137736, 705, 65.0, , 1
Python, k-nucleotide, 25,  4621.93, 1753.40, 1700.73, 0.00, 111.31, 142019, 141062, 714, 64.0, , 1
Python, k-nucleotide, 25,  4603.09, 1748.27, 1695.85, 0.00, 110.95, 141357, 140472, 691, 63.0, , 1
Python, k-nucleotide, 25,  4612.72, 1748.23, 1695.62, 0.00, 111.42, 141792, 140661, 702, 63.0, , 1
Python, k-nucleotide, 25,  4549.18, 1716.41, 1664.58, 0.00, 109.87, 139639, 138570, 741, 65.0, , 1
Python, k-nucleotide, 25,  4657.69, 1768.23, 1715.26, 0.00, 111.71, 142858, 141962, 693, 64.0, , 1
Python, k-nucleotide, 25,  4627.24, 1748.70, 1696.01, 0.00, 111.38, 142090, 141141, 711, 65.0, , 1
Python, k-nucleotide, 25,  4574.76, 1734.29, 1682.30, 0.00, 109.24, 140151, 138953, 694, 64.0, , 1
Python, k-nucleotide, 25,  4608.41, 1744.54, 1692.04, 0.00, 111.04, 141531, 140585, 732, 64.0, , 1
Python, mandelbrot, 25,  12241.92, 5194.86, 5061.66, 0.00, 190.30, 373124, 372507, 33, 62.0, , 1
Python, mandelbrot, 25,  12412.59, 5283.87, 5150.18, 0.00, 190.98, 374477, 373857, 29, 65.0, , 1
Python, mandelbrot, 25,  12295.64, 5212.26, 5078.77, 0.00, 190.82, 374084, 373464, 42, 65.0, , 1
Python, mandelbrot, 25,  12188.09, 5162.72, 5029.70, 0.00, 189.77, 372076, 371364, 46, 66.0, , 1
Python, mandelbrot, 25,  12374.48, 5267.96, 5133.20, 0.00, 192.49, 377450, 376815, 23, 66.0, , 1
Python, mandelbrot, 25,  12315.21, 5251.40, 5118.12, 0.00, 190.59, 373697, 373228, 33, 67.0, , 1
Python, mandelbrot, 25,  12324.16, 5249.19, 5115.65, 0.00, 191.01, 374390, 373691, 39, 66.0, , 1
Python, mandelbrot, 25,  12318.26, 5214.98, 5081.38, 0.00, 191.03, 374436, 373646, 48, 66.0, , 1
Python, mandelbrot, 25,  12257.95, 5202.14, 5068.26, 0.00, 191.11, 374669, 373977, 37, 65.0, , 1
Python, mandelbrot, 25,  12212.43, 5187.90, 5055.07, 0.00, 189.73, 371994, 371420, 35, 63.0, , 1
Python, mandelbrot, 25,  12490.36, 5342.11, 5206.69, 0.00, 193.43, 379224, 378651, 35, 66.0, , 1
Python, mandelbrot, 25,  12237.37, 5184.09, 5050.77, 0.00, 190.28, 373032, 372306, 36, 65.0, , 1
Python, mandelbrot, 25,  12224.68, 5179.64, 5046.79, 0.00, 189.82, 372136, 371432, 30, 66.0, , 1
Python, mandelbrot, 25,  12186.87, 5187.58, 5054.91, 0.00, 189.51, 371542, 371038, 28, 61.0, , 1
Python, mandelbrot, 25,  12335.15, 5224.98, 5090.76, 0.00, 192.05, 375135, 372233, 30, 65.0, , 1
Python, mandelbrot, 25,  12374.69, 5250.59, 5116.52, 0.00, 191.68, 375722, 375131, 36, 66.0, , 1
Python, mandelbrot, 25,  12327.10, 5235.99, 5102.23, 0.00, 191.18, 374720, 374003, 43, 65.0, , 1
Python, mandelbrot, 25,  12691.26, 5384.92, 5246.22, 0.00, 197.85, 387866, 387210, 28, 65.0, , 1
Python, mandelbrot, 25,  12226.04, 5213.19, 5080.49, 0.00, 189.79, 372111, 371654, 34, 65.0, , 1
Python, mandelbrot, 25,  12316.65, 5257.21, 5123.29, 0.00, 191.34, 375041, 374308, 39, 67.0, , 1
Python, n-body, 25,  7547.47, 3283.01, 3197.96, 0.00, 120.87, 237031, 236610, 15, 65.0, , 1
Python, n-body, 25,  7591.37, 3321.30, 3236.00, 0.00, 121.29, 237840, 237479, 13, 65.0, , 1
Python, n-body, 25,  7761.08, 3386.18, 3298.91, 0.00, 124.12, 243410, 242980, 17, 64.0, , 1
Python, n-body, 25,  7778.69, 3394.29, 3306.54, 0.00, 124.77, 244652, 244256, 27, 65.0, , 1
Python, n-body, 25,  7583.56, 3329.90, 3244.55, 0.00, 121.14, 237536, 237230, 15, 65.0, , 1
Python, n-body, 25,  7589.93, 3312.44, 3227.04, 0.00, 121.47, 238148, 237665, 22, 65.0, , 1
Python, n-body, 25,  7553.92, 3284.33, 3199.61, 0.00, 120.76, 236788, 236479, 24, 64.0, , 1
Python, n-body, 25,  7615.57, 3307.77, 3222.42, 0.00, 121.70, 238627, 238166, 21, 64.0, , 1
Python, n-body, 25,  7695.25, 3340.51, 3253.76, 0.00, 123.47, 242084, 241730, 20, 65.0, , 1
Python, n-body, 25,  7576.84, 3295.72, 3210.51, 0.00, 121.48, 238192, 237847, 21, 65.0, , 1
Python, n-body, 25,  7565.79, 3282.15, 3197.12, 0.00, 121.40, 237982, 237504, 23, 63.0, , 1
Python, n-body, 25,  7820.57, 3403.96, 3315.84, 0.00, 125.41, 245912, 245585, 15, 65.0, , 1
Python, n-body, 25,  7560.44, 3298.51, 3213.49, 0.00, 121.29, 237798, 237326, 18, 65.0, , 1
Python, n-body, 25,  8027.81, 3369.41, 3281.52, 0.00, 125.50, 246073, 245720, 18, 63.0, , 1
Python, n-body, 25,  7676.68, 3351.50, 3265.02, 0.00, 123.16, 241477, 241122, 18, 65.0, , 1
Python, n-body, 25,  7550.06, 3297.69, 3212.47, 0.00, 121.35, 237916, 237475, 12, 64.0, , 1
Python, n-body, 25,  7576.38, 3311.61, 3226.11, 0.00, 121.75, 238703, 238360, 10, 65.0, , 1
Python, n-body, 25,  7563.43, 3309.34, 3224.35, 0.00, 121.10, 237449, 237013, 10, 66.0, , 1
Python, n-body, 25,  7524.47, 3292.34, 3207.63, 0.00, 120.85, 236924, 236575, 9, 65.0, , 1
Python, n-body, 25,  7577.53, 3320.90, 3235.51, 0.00, 121.64, 238509, 238198, 20, 65.0, , 1
Python, regex-redux, 25,  389.73, 160.22, 155.58, 0.00, 7.29, 12527, 12041, 466, 63.0, , 1
Python, regex-redux, 25,  389.57, 158.68, 154.05, 0.00, 7.28, 12510, 12040, 452, 63.0, , 1
Python, regex-redux, 25,  392.30, 159.47, 154.81, 0.00, 7.32, 12556, 12076, 432, 63.0, , 1
Python, regex-redux, 25,  393.29, 160.45, 155.77, 0.00, 7.35, 12624, 12152, 430, 63.0, , 1
Python, regex-redux, 25,  389.61, 158.94, 154.29, 0.00, 7.29, 12524, 12056, 450, 64.0, , 1
Python, regex-redux, 25,  404.00, 164.64, 159.81, 0.00, 7.55, 13006, 12374, 460, 64.0, , 1
Python, regex-redux, 25,  390.68, 159.39, 154.74, 0.00, 7.31, 12542, 12079, 429, 59.0, , 1
Python, regex-redux, 25,  388.33, 159.87, 155.23, 0.00, 7.30, 12523, 12050, 450, 63.0, , 1
Python, regex-redux, 25,  391.00, 161.56, 156.88, 0.00, 7.33, 12588, 12132, 437, 64.0, , 1
Python, regex-redux, 25,  389.34, 159.57, 154.91, 0.00, 7.31, 12548, 12065, 459, 64.0, , 1
Python, regex-redux, 25,  391.62, 160.38, 155.70, 0.00, 7.34, 12613, 12145, 452, 63.0, , 1
Python, regex-redux, 25,  389.23, 159.11, 154.46, 0.00, 7.30, 12535, 12048, 469, 64.0, , 1
Python, regex-redux, 25,  391.09, 159.78, 155.12, 0.00, 7.32, 12570, 12137, 418, 64.0, , 1
Python, regex-redux, 25,  389.76, 159.80, 155.14, 0.00, 7.32, 12591, 12154, 422, 64.0, , 1
Python, regex-redux, 25,  394.12, 162.05, 157.33, 0.00, 7.39, 12696, 12218, 453, 64.0, , 1
Python, regex-redux, 25,  389.57, 158.74, 154.11, 0.00, 7.29, 12518, 12058, 445, 63.0, , 1
Python, regex-redux, 25,  388.13, 159.78, 155.15, 0.00, 7.29, 12509, 12052, 438, 63.0, , 1
Python, regex-redux, 25,  389.91, 160.33, 155.68, 0.00, 7.31, 12547, 12083, 449, 64.0, , 1
Python, regex-redux, 25,  389.05, 159.74, 155.09, 0.00, 7.31, 12548, 12118, 415, 63.0, , 1
Python, regex-redux, 25,  392.06, 159.55, 154.88, 0.00, 7.33, 12585, 12130, 439, 64.0, , 1
Python, reverse-complement, 25,  67.08, 26.32, 25.54, 0.00, 1.43, 2021, 1615, 402, 63.0, , 1
Python, reverse-complement, 25,  66.68, 26.34, 25.55, 0.00, 1.43, 2022, 1616, 403, 64.0, , 1
Python, reverse-complement, 25,  66.28, 26.20, 25.41, 0.00, 1.43, 2021, 1634, 383, 63.0, , 1
Python, reverse-complement, 25,  66.52, 26.38, 25.58, 0.00, 1.43, 2022, 1634, 384, 62.0, , 1
Python, reverse-complement, 25,  66.37, 26.31, 25.52, 0.00, 1.43, 2022, 1624, 395, 64.0, , 1
Python, reverse-complement, 25,  66.42, 26.30, 25.52, 0.00, 1.43, 2028, 1593, 431, 63.0, , 1
Python, reverse-complement, 25,  66.34, 26.27, 25.49, 0.00, 1.43, 2020, 1616, 400, 64.0, , 1
Python, reverse-complement, 25,  66.56, 26.29, 25.50, 0.00, 1.43, 2022, 1620, 399, 63.0, , 1
Python, reverse-complement, 25,  66.36, 26.18, 25.39, 0.00, 1.43, 2024, 1637, 384, 64.0, , 1
Python, reverse-complement, 25,  66.41, 26.20, 25.41, 0.00, 1.43, 2025, 1611, 410, 63.0, , 1
Python, reverse-complement, 25,  66.45, 26.26, 25.46, 0.00, 1.43, 2022, 1640, 379, 63.0, , 1
Python, reverse-complement, 25,  66.61, 26.40, 25.61, 0.00, 1.43, 2024, 1621, 399, 63.0, , 1
Python, reverse-complement, 25,  66.24, 26.31, 25.52, 0.00, 1.43, 2022, 1610, 408, 63.0, , 1
Python, reverse-complement, 25,  66.35, 26.45, 25.65, 0.00, 1.43, 2019, 1622, 394, 64.0, , 1
Python, reverse-complement, 25,  66.30, 26.48, 25.69, 0.00, 1.43, 2023, 1618, 402, 62.0, , 1
Python, reverse-complement, 25,  66.76, 26.84, 26.03, 0.00, 1.43, 2027, 1652, 372, 64.0, , 1
Python, reverse-complement, 25,  66.64, 26.41, 25.61, 0.00, 1.43, 2022, 1611, 407, 63.0, , 1
Python, reverse-complement, 25,  66.77, 26.46, 25.67, 0.00, 1.43, 2030, 1651, 376, 63.0, , 1
Python, reverse-complement, 25,  66.93, 26.56, 25.77, 0.00, 1.44, 2032, 1609, 419, 63.0, , 1
Python, reverse-complement, 25,  67.13, 26.56, 25.75, 0.00, 1.44, 2034, 1621, 402, 64.0, , 1
Python, spectral-norm, 25,  9345.94, 3868.31, 3766.38, 0.00, 145.60, 285151, 284683, 60, 63.0, , 1
Python, spectral-norm, 25,  9398.04, 3904.01, 3801.88, 0.00, 145.94, 285607, 285008, 85, 65.0, , 1
Python, spectral-norm, 25,  9340.48, 3876.38, 3774.28, 0.00, 145.87, 285601, 285014, 86, 65.0, , 1
Python, spectral-norm, 25,  9452.89, 3905.31, 3802.38, 0.00, 147.09, 287953, 287467, 78, 65.0, , 1
Python, spectral-norm, 25,  9293.62, 3807.71, 3705.52, 0.00, 146.10, 285866, 284653, 85, 65.0, , 1
Python, spectral-norm, 25,  9389.55, 3892.59, 3790.36, 0.00, 146.04, 285972, 285570, 72, 64.0, , 1
Python, spectral-norm, 25,  9848.63, 4074.57, 3966.70, 0.00, 154.20, 301801, 301063, 90, 63.0, , 1
Python, spectral-norm, 25,  9366.67, 3879.05, 3776.99, 0.00, 145.83, 285504, 285073, 61, 64.0, , 1
Python, spectral-norm, 25,  9365.66, 3876.43, 3774.29, 0.00, 145.95, 285693, 285063, 78, 65.0, , 1
Python, spectral-norm, 25,  9349.45, 3869.52, 3767.47, 0.00, 145.85, 285486, 284956, 84, 64.0, , 1
Python, spectral-norm, 25,  9466.34, 3894.28, 3791.13, 0.00, 147.37, 288563, 288017, 84, 64.0, , 1
Python, spectral-norm, 25,  9393.53, 3888.09, 3785.97, 0.00, 145.96, 285623, 285056, 60, 65.0, , 1
Python, spectral-norm, 25,  9463.77, 3903.70, 3800.67, 0.00, 147.26, 288327, 287785, 86, 63.0, , 1
Python, spectral-norm, 25,  9464.91, 3908.15, 3804.84, 0.00, 147.68, 289039, 288479, 81, 63.0, , 1
Python, spectral-norm, 25,  9398.12, 3886.95, 3784.73, 0.00, 146.10, 285963, 285287, 89, 63.0, , 1
Python, spectral-norm, 25,  9457.41, 3917.17, 3814.09, 0.00, 147.32, 288435, 288001, 64, 63.0, , 1
Python, spectral-norm, 25,  9418.34, 3897.40, 3794.32, 0.00, 147.35, 288355, 287672, 63, 65.0, , 1
Python, spectral-norm, 25,  9400.22, 3915.40, 3812.89, 0.00, 146.45, 286773, 286378, 63, 65.0, , 1
Python, spectral-norm, 25,  9391.61, 3894.21, 3791.86, 0.00, 146.29, 286297, 285613, 70, 66.0, , 1
Python, spectral-norm, 25,  9495.76, 3935.87, 3832.66, 0.00, 147.49, 288733, 288248, 79, 65.0, , 1
