Language,Program,PowerLimit,Package,Core,GPU,DRAM,Time(ms),Temperature,Memory,Perf
C, binary-trees, -1, 22.64, 22.27, 1.08, 0.00, 998, 44.2, , 1
C, binary-trees, -1, 22.67, 22.30, 1.07, 0.00, 975, 44.2, , 1
C, binary-trees, -1, 22.81, 22.44, 1.07, 0.00, 974, 44.8, , 1
C, binary-trees, -1, 22.68, 22.31, 1.07, 0.00, 976, 46.0, , 1
C, binary-trees, -1, 22.60, 22.24, 1.07, 0.00, 978, 46.0, , 1
C, binary-trees, -1, 22.57, 22.21, 1.07, 0.00, 971, 46.2, , 1
C, binary-trees, -1, 22.59, 22.22, 1.08, 0.00, 975, 46.2, , 1
C, binary-trees, -1, 22.77, 22.40, 1.08, 0.00, 981, 46.8, , 1
C, binary-trees, -1, 22.46, 22.09, 1.08, 0.00, 973, 46.8, , 1
C, binary-trees, -1, 22.28, 21.91, 1.07, 0.00, 972, 46.5, , 1
C, binary-trees, -1, 22.37, 22.00, 1.08, 0.00, 974, 46.5, , 1
C, binary-trees, -1, 22.54, 22.18, 1.08, 0.00, 974, 47.2, , 1
C, binary-trees, -1, 22.42, 22.05, 1.07, 0.00, 972, 47.2, , 1
C, binary-trees, -1, 22.37, 22.02, 1.07, 0.00, 974, 47.0, , 1
C, binary-trees, -1, 22.39, 22.03, 1.07, 0.00, 972, 47.0, , 1
C, binary-trees, -1, 22.32, 21.95, 1.07, 0.00, 972, 46.5, , 1
C, binary-trees, -1, 22.31, 21.95, 1.07, 0.00, 974, 46.5, , 1
C, binary-trees, -1, 22.39, 22.02, 1.08, 0.00, 974, 47.5, , 1
C, binary-trees, -1, 22.33, 21.97, 1.07, 0.00, 973, 47.5, , 1
C, binary-trees, -1, 22.36, 21.99, 1.08, 0.00, 975, 47.8, , 1
C, fannkuch-redux, -1, 47.72, 47.12, 0.99, 0.00, 1969, 48.0, , 1
C, fannkuch-redux, -1, 47.66, 47.06, 0.99, 0.00, 1970, 48.2, , 1
C, fannkuch-redux, -1, 47.63, 47.03, 0.99, 0.00, 1969, 48.8, , 1
C, fannkuch-redux, -1, 47.57, 46.97, 0.99, 0.00, 1969, 48.8, , 1
C, fannkuch-redux, -1, 47.63, 47.04, 0.99, 0.00, 1969, 49.0, , 1
C, fannkuch-redux, -1, 47.65, 47.05, 0.99, 0.00, 1968, 48.8, , 1
C, fannkuch-redux, -1, 47.60, 47.01, 1.00, 0.00, 1968, 49.8, , 1
C, fannkuch-redux, -1, 47.69, 47.09, 0.99, 0.00, 1968, 49.5, , 1
C, fannkuch-redux, -1, 47.67, 47.07, 0.99, 0.00, 1968, 50.0, , 1
C, fannkuch-redux, -1, 47.85, 47.25, 0.99, 0.00, 1968, 50.0, , 1
C, fannkuch-redux, -1, 47.75, 47.16, 0.99, 0.00, 1968, 49.5, , 1
C, fannkuch-redux, -1, 47.88, 47.28, 0.99, 0.00, 1968, 49.8, , 1
C, fannkuch-redux, -1, 47.75, 47.16, 0.99, 0.00, 1968, 50.2, , 1
C, fannkuch-redux, -1, 47.84, 47.23, 0.99, 0.00, 1968, 49.8, , 1
C, fannkuch-redux, -1, 47.69, 47.09, 0.99, 0.00, 1968, 49.8, , 1
C, fannkuch-redux, -1, 47.97, 47.38, 0.99, 0.00, 1968, 49.8, , 1
C, fannkuch-redux, -1, 47.83, 47.23, 0.99, 0.00, 1968, 50.2, , 1
C, fannkuch-redux, -1, 47.83, 47.24, 0.99, 0.00, 1968, 50.2, , 1
C, fannkuch-redux, -1, 47.93, 47.32, 0.99, 0.00, 1969, 50.5, , 1
C, fannkuch-redux, -1, 48.05, 47.45, 0.99, 0.00, 1968, 50.2, , 1
C, fasta, -1, 5.51, 5.31, 0.34, 0.00, 663, 44.8, , 1
C, fasta, -1, 5.52, 5.31, 0.34, 0.00, 664, 47.5, , 1
C, fasta, -1, 5.41, 5.21, 0.34, 0.00, 664, 47.5, , 1
C, fasta, -1, 5.54, 5.35, 0.34, 0.00, 664, 47.0, , 1
C, fasta, -1, 5.51, 5.32, 0.34, 0.00, 664, 47.0, , 1
C, fasta, -1, 5.53, 5.32, 0.34, 0.00, 663, 47.0, , 1
C, fasta, -1, 5.49, 5.30, 0.34, 0.00, 664, 47.0, , 1
C, fasta, -1, 5.44, 5.24, 0.34, 0.00, 663, 46.8, , 1
C, fasta, -1, 5.49, 5.29, 0.33, 0.00, 664, 46.8, , 1
C, fasta, -1, 5.48, 5.28, 0.33, 0.00, 664, 46.8, , 1
C, fasta, -1, 5.37, 5.16, 0.34, 0.00, 663, 46.8, , 1
C, fasta, -1, 5.42, 5.22, 0.34, 0.00, 664, 46.8, , 1
C, fasta, -1, 5.46, 5.26, 0.34, 0.00, 664, 46.8, , 1
C, fasta, -1, 5.55, 5.35, 0.34, 0.00, 664, 46.5, , 1
C, fasta, -1, 5.55, 5.35, 0.34, 0.00, 664, 46.5, , 1
C, fasta, -1, 5.42, 5.22, 0.33, 0.00, 662, 47.0, , 1
C, fasta, -1, 5.49, 5.29, 0.34, 0.00, 664, 47.0, , 1
C, fasta, -1, 5.32, 5.12, 0.34, 0.00, 663, 47.0, , 1
C, fasta, -1, 5.46, 5.26, 0.34, 0.00, 664, 47.0, , 1
C, fasta, -1, 5.48, 5.28, 0.34, 0.00, 664, 46.5, , 1
C, k-nucleotide, -1, 68.15, 67.18, 3.14, 0.00, 2872, 49.5, , 1
C, k-nucleotide, -1, 67.53, 66.62, 2.95, 0.00, 2774, 49.8, , 1
C, k-nucleotide, -1, 68.53, 67.53, 3.42, 0.00, 2901, 49.8, , 1
C, k-nucleotide, -1, 68.27, 67.31, 3.13, 0.00, 2857, 49.8, , 1
C, k-nucleotide, -1, 68.09, 67.14, 3.11, 0.00, 2848, 49.8, , 1
C, k-nucleotide, -1, 69.75, 68.70, 3.63, 0.00, 2949, 50.8, , 1
C, k-nucleotide, -1, 70.21, 69.13, 3.70, 0.00, 3023, 50.2, , 1
C, k-nucleotide, -1, 70.40, 69.31, 3.73, 0.00, 3007, 51.2, , 1
C, k-nucleotide, -1, 70.87, 69.75, 3.86, 0.00, 3076, 50.2, , 1
C, k-nucleotide, -1, 69.93, 68.89, 3.47, 0.00, 2984, 51.0, , 1
C, k-nucleotide, -1, 67.40, 66.50, 2.85, 0.00, 2748, 51.0, , 1
C, k-nucleotide, -1, 69.81, 68.76, 3.60, 0.00, 2982, 51.5, , 1
C, k-nucleotide, -1, 69.14, 68.16, 3.24, 0.00, 2864, 51.8, , 1
C, k-nucleotide, -1, 67.85, 66.94, 2.96, 0.00, 2776, 51.0, , 1
C, k-nucleotide, -1, 69.11, 68.13, 3.25, 0.00, 2881, 51.8, , 1
C, k-nucleotide, -1, 70.46, 69.37, 3.75, 0.00, 3007, 51.5, , 1
C, k-nucleotide, -1, 67.93, 67.02, 2.97, 0.00, 2792, 51.5, , 1
C, k-nucleotide, -1, 70.03, 69.02, 3.48, 0.00, 2906, 52.2, , 1
C, k-nucleotide, -1, 70.31, 69.22, 3.83, 0.00, 3010, 52.0, , 1
C, k-nucleotide, -1, 72.45, 71.21, 4.48, 0.00, 3205, 51.5, , 1
C, mandelbrot, -1, 23.25, 22.97, 0.48, 0.00, 944, 47.2, , 1
C, mandelbrot, -1, 23.11, 22.82, 0.48, 0.00, 944, 54.5, , 1
C, mandelbrot, -1, 23.78, 23.48, 0.50, 0.00, 966, 47.2, , 1
C, mandelbrot, -1, 23.20, 22.91, 0.48, 0.00, 944, 54.5, , 1
C, mandelbrot, -1, 23.06, 22.77, 0.48, 0.00, 944, 47.2, , 1
C, mandelbrot, -1, 23.18, 22.90, 0.48, 0.00, 947, 55.0, , 1
C, mandelbrot, -1, 23.15, 22.85, 0.48, 0.00, 944, 47.2, , 1
C, mandelbrot, -1, 23.08, 22.79, 0.48, 0.00, 945, 54.2, , 1
C, mandelbrot, -1, 23.22, 22.93, 0.48, 0.00, 945, 47.0, , 1
C, mandelbrot, -1, 23.36, 23.08, 0.48, 0.00, 945, 55.0, , 1
C, mandelbrot, -1, 23.21, 22.93, 0.48, 0.00, 944, 47.2, , 1
C, mandelbrot, -1, 23.03, 22.75, 0.49, 0.00, 958, 54.8, , 1
C, mandelbrot, -1, 23.32, 23.03, 0.48, 0.00, 944, 47.8, , 1
C, mandelbrot, -1, 23.35, 23.06, 0.48, 0.00, 944, 54.8, , 1
C, mandelbrot, -1, 23.31, 23.03, 0.48, 0.00, 944, 47.8, , 1
C, mandelbrot, -1, 23.38, 23.09, 0.48, 0.00, 944, 54.2, , 1
C, mandelbrot, -1, 23.02, 22.72, 0.48, 0.00, 944, 47.5, , 1
C, mandelbrot, -1, 23.13, 22.83, 0.48, 0.00, 944, 54.5, , 1
C, mandelbrot, -1, 23.21, 22.92, 0.48, 0.00, 944, 47.5, , 1
C, mandelbrot, -1, 23.07, 22.79, 0.48, 0.00, 944, 54.5, , 1
C, n-body, -1, 16.99, 16.47, 0.87, 0.00, 1724, 50.0, , 1
C, n-body, -1, 16.91, 16.39, 0.87, 0.00, 1723, 49.5, , 1
C, n-body, -1, 16.75, 16.21, 0.87, 0.00, 1723, 50.8, , 1
C, n-body, -1, 16.95, 16.43, 0.87, 0.00, 1724, 50.2, , 1
C, n-body, -1, 16.89, 16.37, 0.87, 0.00, 1723, 49.2, , 1
C, n-body, -1, 16.84, 16.31, 0.87, 0.00, 1722, 50.0, , 1
C, n-body, -1, 16.93, 16.41, 0.87, 0.00, 1722, 50.2, , 1
C, n-body, -1, 16.86, 16.33, 0.87, 0.00, 1722, 49.8, , 1
C, n-body, -1, 16.86, 16.34, 0.87, 0.00, 1723, 49.2, , 1
C, n-body, -1, 16.89, 16.37, 0.87, 0.00, 1722, 49.0, , 1
C, n-body, -1, 16.72, 16.20, 0.87, 0.00, 1722, 49.8, , 1
C, n-body, -1, 16.70, 16.18, 0.87, 0.00, 1723, 50.2, , 1
C, n-body, -1, 16.84, 16.31, 0.88, 0.00, 1724, 50.0, , 1
C, n-body, -1, 16.67, 16.15, 0.87, 0.00, 1722, 49.2, , 1
C, n-body, -1, 16.72, 16.20, 0.87, 0.00, 1724, 49.8, , 1
C, n-body, -1, 16.69, 16.16, 0.87, 0.00, 1723, 49.0, , 1
C, n-body, -1, 16.80, 16.28, 0.87, 0.00, 1722, 49.5, , 1
C, n-body, -1, 16.76, 16.23, 0.87, 0.00, 1723, 49.8, , 1
C, n-body, -1, 16.82, 16.30, 0.87, 0.00, 1723, 49.0, , 1
C, n-body, -1, 16.78, 16.26, 0.87, 0.00, 1723, 49.5, , 1
C, regex-redux, -1, 13.89, 13.67, 0.58, 0.00, 695, 46.2, , 1
C, regex-redux, -1, 13.78, 13.57, 0.57, 0.00, 694, 50.5, , 1
C, regex-redux, -1, 13.84, 13.61, 0.58, 0.00, 696, 46.5, , 1
C, regex-redux, -1, 13.77, 13.55, 0.58, 0.00, 697, 50.8, , 1
C, regex-redux, -1, 13.74, 13.50, 0.58, 0.00, 696, 46.5, , 1
C, regex-redux, -1, 13.88, 13.66, 0.58, 0.00, 696, 50.5, , 1
C, regex-redux, -1, 13.78, 13.55, 0.58, 0.00, 695, 46.2, , 1
C, regex-redux, -1, 13.82, 13.59, 0.58, 0.00, 695, 50.5, , 1
C, regex-redux, -1, 13.77, 13.53, 0.58, 0.00, 696, 46.5, , 1
C, regex-redux, -1, 13.83, 13.62, 0.58, 0.00, 694, 51.0, , 1
C, regex-redux, -1, 13.82, 13.60, 0.58, 0.00, 694, 46.5, , 1
C, regex-redux, -1, 13.73, 13.51, 0.57, 0.00, 694, 50.8, , 1
C, regex-redux, -1, 13.80, 13.58, 0.58, 0.00, 698, 46.0, , 1
C, regex-redux, -1, 13.75, 13.52, 0.58, 0.00, 694, 50.2, , 1
C, regex-redux, -1, 13.81, 13.58, 0.58, 0.00, 697, 46.5, , 1
C, regex-redux, -1, 13.75, 13.53, 0.58, 0.00, 694, 50.2, , 1
C, regex-redux, -1, 13.74, 13.51, 0.58, 0.00, 695, 46.8, , 1
C, regex-redux, -1, 13.77, 13.55, 0.58, 0.00, 695, 50.5, , 1
C, regex-redux, -1, 13.89, 13.65, 0.58, 0.00, 696, 46.5, , 1
C, regex-redux, -1, 13.85, 13.63, 0.58, 0.00, 695, 50.5, , 1
C, reverse-complement, -1, 1.34, 1.29, 0.16, 0.00, 104, 46.2, , 1
C, reverse-complement, -1, 1.33, 1.28, 0.16, 0.00, 104, 46.2, , 1
C, reverse-complement, -1, 1.30, 1.26, 0.15, 0.00, 103, 46.2, , 1
C, reverse-complement, -1, 1.32, 1.27, 0.16, 0.00, 103, 46.2, , 1
C, reverse-complement, -1, 1.32, 1.28, 0.16, 0.00, 104, 46.2, , 1
C, reverse-complement, -1, 1.32, 1.28, 0.15, 0.00, 103, 46.2, , 1
C, reverse-complement, -1, 1.33, 1.28, 0.16, 0.00, 103, 46.2, , 1
C, reverse-complement, -1, 1.33, 1.28, 0.16, 0.00, 103, 46.2, , 1
C, reverse-complement, -1, 1.33, 1.29, 0.15, 0.00, 103, 50.2, , 1
C, reverse-complement, -1, 1.33, 1.29, 0.16, 0.00, 105, 46.5, , 1
C, reverse-complement, -1, 1.32, 1.27, 0.15, 0.00, 102, 46.5, , 1
C, reverse-complement, -1, 1.31, 1.26, 0.16, 0.00, 105, 46.5, , 1
C, reverse-complement, -1, 1.27, 1.23, 0.16, 0.00, 105, 46.5, , 1
C, reverse-complement, -1, 1.35, 1.31, 0.16, 0.00, 105, 46.5, , 1
C, reverse-complement, -1, 1.33, 1.29, 0.16, 0.00, 103, 46.5, , 1
C, reverse-complement, -1, 1.33, 1.29, 0.16, 0.00, 104, 46.5, , 1
C, reverse-complement, -1, 1.31, 1.27, 0.16, 0.00, 104, 50.0, , 1
C, reverse-complement, -1, 1.34, 1.29, 0.16, 0.00, 104, 46.2, , 1
C, reverse-complement, -1, 1.33, 1.27, 0.15, 0.00, 103, 46.2, , 1
C, reverse-complement, -1, 1.32, 1.28, 0.15, 0.00, 103, 46.2, , 1
C, spectral-norm, -1, 8.33, 8.23, 0.16, 0.00, 306, 46.0, , 1
C, spectral-norm, -1, 8.30, 8.23, 0.16, 0.00, 306, 46.0, , 1
C, spectral-norm, -1, 8.36, 8.27, 0.16, 0.00, 306, 46.0, , 1
C, spectral-norm, -1, 8.31, 8.24, 0.16, 0.00, 306, 54.5, , 1
C, spectral-norm, -1, 8.31, 8.23, 0.16, 0.00, 306, 46.8, , 1
C, spectral-norm, -1, 8.09, 8.00, 0.16, 0.00, 316, 46.8, , 1
C, spectral-norm, -1, 8.32, 8.24, 0.16, 0.00, 306, 54.8, , 1
C, spectral-norm, -1, 8.31, 8.23, 0.16, 0.00, 308, 46.8, , 1
C, spectral-norm, -1, 8.32, 8.24, 0.16, 0.00, 306, 46.8, , 1
C, spectral-norm, -1, 8.35, 8.25, 0.16, 0.00, 306, 46.8, , 1
C, spectral-norm, -1, 8.36, 8.27, 0.16, 0.00, 306, 55.0, , 1
C, spectral-norm, -1, 8.29, 8.22, 0.15, 0.00, 305, 46.8, , 1
C, spectral-norm, -1, 8.33, 8.23, 0.16, 0.00, 306, 46.8, , 1
C, spectral-norm, -1, 8.32, 8.23, 0.16, 0.00, 306, 46.8, , 1
C, spectral-norm, -1, 8.30, 8.21, 0.16, 0.00, 305, 54.8, , 1
C, spectral-norm, -1, 8.26, 8.17, 0.16, 0.00, 305, 46.5, , 1
C, spectral-norm, -1, 8.29, 8.22, 0.16, 0.00, 306, 46.5, , 1
C, spectral-norm, -1, 8.31, 8.22, 0.16, 0.00, 306, 46.5, , 1
C, spectral-norm, -1, 8.29, 8.22, 0.16, 0.00, 306, 54.5, , 1
C, spectral-norm, -1, 8.35, 8.25, 0.16, 0.00, 307, 46.8, , 1
C++, binary-trees, -1, 20.19, 19.87, 0.98, 0.00, 775, 46.5, , 1
C++, binary-trees, -1, 20.35, 20.02, 0.97, 0.00, 780, 53.5, , 1
C++, binary-trees, -1, 22.78, 22.37, 1.20, 0.00, 972, 46.5, , 1
C++, binary-trees, -1, 22.02, 21.68, 1.00, 0.00, 869, 52.5, , 1
C++, binary-trees, -1, 20.15, 19.84, 0.98, 0.00, 770, 46.8, , 1
C++, binary-trees, -1, 22.24, 21.87, 1.13, 0.00, 916, 52.8, , 1
C++, binary-trees, -1, 21.96, 21.60, 1.08, 0.00, 876, 46.8, , 1
C++, binary-trees, -1, 20.30, 19.97, 0.97, 0.00, 775, 53.2, , 1
C++, binary-trees, -1, 21.65, 21.29, 1.08, 0.00, 865, 47.0, , 1
C++, binary-trees, -1, 21.95, 21.57, 1.14, 0.00, 905, 52.0, , 1
C++, binary-trees, -1, 21.60, 21.26, 1.01, 0.00, 860, 47.2, , 1
C++, binary-trees, -1, 23.14, 22.74, 1.20, 0.00, 942, 52.2, , 1
C++, binary-trees, -1, 19.80, 19.49, 0.98, 0.00, 780, 47.0, , 1
C++, binary-trees, -1, 21.63, 21.28, 1.03, 0.00, 855, 53.2, , 1
C++, binary-trees, -1, 21.00, 20.66, 1.04, 0.00, 818, 47.0, , 1
C++, binary-trees, -1, 19.88, 19.57, 0.98, 0.00, 756, 54.0, , 1
C++, binary-trees, -1, 21.75, 21.40, 1.09, 0.00, 879, 46.8, , 1
C++, binary-trees, -1, 22.10, 21.74, 1.05, 0.00, 892, 52.8, , 1
C++, binary-trees, -1, 22.98, 22.58, 1.21, 0.00, 948, 47.0, , 1
C++, binary-trees, -1, 21.60, 21.25, 1.04, 0.00, 868, 52.5, , 1
C++, fannkuch-redux, -1, 77.50, 76.43, 1.78, 0.00, 3527, 53.5, , 1
C++, fannkuch-redux, -1, 77.66, 76.59, 1.78, 0.00, 3525, 54.2, , 1
C++, fannkuch-redux, -1, 77.67, 76.59, 1.78, 0.00, 3524, 54.8, , 1
C++, fannkuch-redux, -1, 77.84, 76.76, 1.78, 0.00, 3526, 54.5, , 1
C++, fannkuch-redux, -1, 77.90, 76.82, 1.78, 0.00, 3527, 53.8, , 1
C++, fannkuch-redux, -1, 77.88, 76.81, 1.78, 0.00, 3527, 54.0, , 1
C++, fannkuch-redux, -1, 77.90, 76.83, 1.78, 0.00, 3527, 54.5, , 1
C++, fannkuch-redux, -1, 77.95, 76.87, 1.78, 0.00, 3532, 53.8, , 1
C++, fannkuch-redux, -1, 77.80, 76.72, 1.78, 0.00, 3526, 54.2, , 1
C++, fannkuch-redux, -1, 77.85, 76.77, 1.78, 0.00, 3529, 54.2, , 1
C++, fannkuch-redux, -1, 77.97, 76.90, 1.78, 0.00, 3527, 54.8, , 1
C++, fannkuch-redux, -1, 77.73, 76.65, 1.78, 0.00, 3531, 54.5, , 1
C++, fannkuch-redux, -1, 77.92, 76.85, 1.78, 0.00, 3528, 54.8, , 1
C++, fannkuch-redux, -1, 77.92, 76.84, 1.79, 0.00, 3541, 54.2, , 1
C++, fannkuch-redux, -1, 77.79, 76.71, 1.78, 0.00, 3531, 54.8, , 1
C++, fannkuch-redux, -1, 77.40, 76.33, 1.78, 0.00, 3526, 55.0, , 1
C++, fannkuch-redux, -1, 77.65, 76.58, 1.78, 0.00, 3525, 55.2, , 1
C++, fannkuch-redux, -1, 77.75, 76.69, 1.78, 0.00, 3526, 55.5, , 1
C++, fannkuch-redux, -1, 78.01, 76.92, 1.78, 0.00, 3526, 55.8, , 1
C++, fannkuch-redux, -1, 77.80, 76.73, 1.77, 0.00, 3525, 55.5, , 1
C++, fasta, -1, 7.66, 7.46, 0.33, 0.00, 659, 49.0, , 1
C++, fasta, -1, 7.68, 7.48, 0.33, 0.00, 659, 52.8, , 1
C++, fasta, -1, 7.71, 7.50, 0.33, 0.00, 659, 48.8, , 1
C++, fasta, -1, 7.65, 7.45, 0.33, 0.00, 659, 52.2, , 1
C++, fasta, -1, 7.66, 7.46, 0.33, 0.00, 659, 48.8, , 1
C++, fasta, -1, 7.72, 7.53, 0.33, 0.00, 659, 53.0, , 1
C++, fasta, -1, 7.66, 7.46, 0.33, 0.00, 658, 48.8, , 1
C++, fasta, -1, 7.68, 7.48, 0.33, 0.00, 659, 52.8, , 1
C++, fasta, -1, 7.72, 7.51, 0.33, 0.00, 659, 48.8, , 1
C++, fasta, -1, 7.73, 7.54, 0.33, 0.00, 659, 52.8, , 1
C++, fasta, -1, 7.75, 7.55, 0.33, 0.00, 659, 48.8, , 1
C++, fasta, -1, 7.71, 7.51, 0.33, 0.00, 659, 53.0, , 1
C++, fasta, -1, 7.81, 7.61, 0.33, 0.00, 659, 48.2, , 1
C++, fasta, -1, 7.74, 7.54, 0.33, 0.00, 658, 52.2, , 1
C++, fasta, -1, 7.76, 7.55, 0.33, 0.00, 659, 48.5, , 1
C++, fasta, -1, 7.75, 7.56, 0.33, 0.00, 659, 52.5, , 1
C++, fasta, -1, 7.81, 7.61, 0.33, 0.00, 659, 48.5, , 1
C++, fasta, -1, 7.76, 7.56, 0.33, 0.00, 659, 52.8, , 1
C++, fasta, -1, 7.73, 7.53, 0.33, 0.00, 659, 49.0, , 1
C++, fasta, -1, 7.73, 7.53, 0.33, 0.00, 658, 51.5, , 1
C++, k-nucleotide, -1, 36.57, 35.50, 3.76, 0.00, 2094, 53.2, , 1
C++, k-nucleotide, -1, 37.01, 35.95, 3.81, 0.00, 2084, 52.8, , 1
C++, k-nucleotide, -1, 37.01, 35.93, 3.82, 0.00, 2088, 53.5, , 1
C++, k-nucleotide, -1, 36.52, 35.46, 3.74, 0.00, 2059, 53.0, , 1
C++, k-nucleotide, -1, 36.69, 35.62, 3.79, 0.00, 2093, 52.5, , 1
C++, k-nucleotide, -1, 37.01, 35.94, 3.80, 0.00, 2089, 53.5, , 1
C++, k-nucleotide, -1, 36.93, 35.87, 3.75, 0.00, 2093, 53.2, , 1
C++, k-nucleotide, -1, 38.53, 37.38, 4.25, 0.00, 2263, 52.8, , 1
C++, k-nucleotide, -1, 38.83, 37.69, 4.08, 0.00, 2319, 52.0, , 1
C++, k-nucleotide, -1, 37.09, 36.01, 3.84, 0.00, 2110, 53.0, , 1
C++, k-nucleotide, -1, 37.19, 36.10, 3.89, 0.00, 2131, 53.2, , 1
C++, k-nucleotide, -1, 36.86, 35.80, 3.74, 0.00, 2065, 53.2, , 1
C++, k-nucleotide, -1, 36.93, 35.86, 3.80, 0.00, 2084, 53.0, , 1
C++, k-nucleotide, -1, 36.91, 35.84, 3.80, 0.00, 2089, 52.8, , 1
C++, k-nucleotide, -1, 37.34, 36.25, 3.84, 0.00, 2098, 53.0, , 1
C++, k-nucleotide, -1, 37.18, 36.12, 3.77, 0.00, 2070, 53.0, , 1
C++, k-nucleotide, -1, 36.79, 35.72, 3.76, 0.00, 2082, 53.2, , 1
C++, k-nucleotide, -1, 36.51, 35.46, 3.67, 0.00, 2045, 53.0, , 1
C++, k-nucleotide, -1, 36.73, 35.67, 3.73, 0.00, 2066, 53.2, , 1
C++, k-nucleotide, -1, 36.25, 35.22, 3.65, 0.00, 2037, 53.0, , 1
C++, mandelbrot, -1, 18.81, 18.58, 0.38, 0.00, 741, 48.8, , 1
C++, mandelbrot, -1, 18.80, 18.57, 0.38, 0.00, 741, 55.0, , 1
C++, mandelbrot, -1, 18.75, 18.53, 0.38, 0.00, 742, 48.8, , 1
C++, mandelbrot, -1, 18.78, 18.56, 0.38, 0.00, 742, 55.0, , 1
C++, mandelbrot, -1, 18.81, 18.59, 0.38, 0.00, 742, 48.8, , 1
C++, mandelbrot, -1, 18.78, 18.55, 0.38, 0.00, 741, 55.0, , 1
C++, mandelbrot, -1, 18.78, 18.55, 0.38, 0.00, 742, 48.8, , 1
C++, mandelbrot, -1, 18.78, 18.57, 0.38, 0.00, 741, 54.5, , 1
C++, mandelbrot, -1, 18.80, 18.57, 0.38, 0.00, 741, 49.0, , 1
C++, mandelbrot, -1, 18.81, 18.58, 0.38, 0.00, 741, 54.8, , 1
C++, mandelbrot, -1, 18.80, 18.58, 0.38, 0.00, 743, 49.2, , 1
C++, mandelbrot, -1, 18.79, 18.57, 0.38, 0.00, 742, 54.5, , 1
C++, mandelbrot, -1, 18.84, 18.61, 0.38, 0.00, 742, 49.2, , 1
C++, mandelbrot, -1, 18.81, 18.58, 0.38, 0.00, 741, 55.0, , 1
C++, mandelbrot, -1, 18.90, 18.67, 0.38, 0.00, 742, 48.5, , 1
C++, mandelbrot, -1, 18.84, 18.61, 0.38, 0.00, 742, 54.8, , 1
C++, mandelbrot, -1, 18.92, 18.70, 0.38, 0.00, 742, 49.0, , 1
C++, mandelbrot, -1, 18.87, 18.63, 0.38, 0.00, 741, 54.5, , 1
C++, mandelbrot, -1, 18.87, 18.65, 0.38, 0.00, 742, 49.0, , 1
C++, mandelbrot, -1, 18.85, 18.62, 0.38, 0.00, 741, 55.0, , 1
C++, n-body, -1, 17.64, 17.12, 0.86, 0.00, 1711, 52.0, , 1
C++, n-body, -1, 17.47, 16.95, 0.86, 0.00, 1710, 52.2, , 1
C++, n-body, -1, 17.59, 17.07, 0.86, 0.00, 1712, 51.2, , 1
C++, n-body, -1, 17.57, 17.06, 0.86, 0.00, 1710, 51.0, , 1
C++, n-body, -1, 17.59, 17.07, 0.86, 0.00, 1712, 51.2, , 1
C++, n-body, -1, 17.52, 17.00, 0.86, 0.00, 1711, 51.0, , 1
C++, n-body, -1, 17.60, 17.09, 0.86, 0.00, 1711, 51.0, , 1
C++, n-body, -1, 17.64, 17.12, 0.87, 0.00, 1712, 51.0, , 1
C++, n-body, -1, 17.63, 17.11, 0.86, 0.00, 1712, 51.5, , 1
C++, n-body, -1, 17.48, 16.95, 0.86, 0.00, 1711, 50.8, , 1
C++, n-body, -1, 17.51, 16.99, 0.86, 0.00, 1711, 50.5, , 1
C++, n-body, -1, 17.52, 17.00, 0.86, 0.00, 1711, 50.8, , 1
C++, n-body, -1, 17.53, 17.02, 0.86, 0.00, 1711, 51.0, , 1
C++, n-body, -1, 17.44, 16.92, 0.86, 0.00, 1711, 50.8, , 1
C++, n-body, -1, 17.50, 16.98, 0.86, 0.00, 1711, 51.0, , 1
C++, n-body, -1, 17.61, 17.09, 0.86, 0.00, 1711, 51.0, , 1
C++, n-body, -1, 17.59, 17.08, 0.86, 0.00, 1711, 51.0, , 1
C++, n-body, -1, 17.50, 16.98, 0.86, 0.00, 1711, 50.8, , 1
C++, n-body, -1, 17.56, 17.05, 0.86, 0.00, 1711, 50.8, , 1
C++, n-body, -1, 17.60, 17.08, 0.86, 0.00, 1711, 51.0, , 1
C++, regex-redux, -1, 15.92, 15.59, 0.81, 0.00, 1029, 51.0, , 1
C++, regex-redux, -1, 16.14, 15.79, 0.82, 0.00, 1054, 51.5, , 1
C++, regex-redux, -1, 15.96, 15.62, 0.81, 0.00, 1031, 51.2, , 1
C++, regex-redux, -1, 16.08, 15.74, 0.81, 0.00, 1029, 51.2, , 1
C++, regex-redux, -1, 16.07, 15.74, 0.82, 0.00, 1035, 49.8, , 1
C++, regex-redux, -1, 16.19, 15.84, 0.83, 0.00, 1057, 50.8, , 1
C++, regex-redux, -1, 16.04, 15.70, 0.81, 0.00, 1019, 51.0, , 1
C++, regex-redux, -1, 16.04, 15.71, 0.82, 0.00, 1041, 51.0, , 1
C++, regex-redux, -1, 16.04, 15.70, 0.81, 0.00, 1020, 51.0, , 1
C++, regex-redux, -1, 15.78, 15.47, 0.79, 0.00, 972, 47.5, , 1
C++, regex-redux, -1, 15.96, 15.62, 0.80, 0.00, 1016, 50.5, , 1
C++, regex-redux, -1, 16.04, 15.71, 0.81, 0.00, 1029, 51.5, , 1
C++, regex-redux, -1, 16.04, 15.70, 0.81, 0.00, 1033, 49.8, , 1
C++, regex-redux, -1, 15.91, 15.58, 0.80, 0.00, 1004, 51.0, , 1
C++, regex-redux, -1, 15.93, 15.60, 0.80, 0.00, 1011, 50.5, , 1
C++, regex-redux, -1, 16.02, 15.67, 0.82, 0.00, 1041, 50.2, , 1
C++, regex-redux, -1, 15.93, 15.59, 0.82, 0.00, 1027, 50.8, , 1
C++, regex-redux, -1, 15.87, 15.54, 0.81, 0.00, 1011, 48.8, , 1
C++, regex-redux, -1, 15.87, 15.53, 0.80, 0.00, 1014, 50.8, , 1
C++, regex-redux, -1, 15.99, 15.64, 0.81, 0.00, 1020, 51.0, , 1
C++, reverse-complement, -1, 1.63, 1.55, 0.21, 0.00, 159, 46.8, , 1
C++, reverse-complement, -1, 1.62, 1.56, 0.20, 0.00, 159, 46.8, , 1
C++, reverse-complement, -1, 1.60, 1.53, 0.20, 0.00, 158, 46.8, , 1
C++, reverse-complement, -1, 1.63, 1.56, 0.20, 0.00, 159, 46.8, , 1
C++, reverse-complement, -1, 1.61, 1.55, 0.21, 0.00, 159, 46.8, , 1
C++, reverse-complement, -1, 1.62, 1.55, 0.20, 0.00, 158, 51.0, , 1
C++, reverse-complement, -1, 1.62, 1.55, 0.20, 0.00, 158, 46.8, , 1
C++, reverse-complement, -1, 1.62, 1.55, 0.20, 0.00, 158, 46.8, , 1
C++, reverse-complement, -1, 1.62, 1.55, 0.20, 0.00, 158, 46.8, , 1
C++, reverse-complement, -1, 1.62, 1.56, 0.20, 0.00, 159, 46.8, , 1
C++, reverse-complement, -1, 1.62, 1.55, 0.21, 0.00, 158, 46.8, , 1
C++, reverse-complement, -1, 1.61, 1.55, 0.20, 0.00, 158, 51.0, , 1
C++, reverse-complement, -1, 1.62, 1.54, 0.20, 0.00, 159, 46.8, , 1
C++, reverse-complement, -1, 1.59, 1.53, 0.20, 0.00, 159, 46.8, , 1
C++, reverse-complement, -1, 1.62, 1.56, 0.20, 0.00, 158, 46.8, , 1
C++, reverse-complement, -1, 1.63, 1.55, 0.20, 0.00, 159, 46.8, , 1
C++, reverse-complement, -1, 1.62, 1.55, 0.20, 0.00, 158, 46.8, , 1
C++, reverse-complement, -1, 1.61, 1.55, 0.20, 0.00, 157, 50.8, , 1
C++, reverse-complement, -1, 1.60, 1.53, 0.21, 0.00, 158, 46.8, , 1
C++, reverse-complement, -1, 1.59, 1.52, 0.20, 0.00, 158, 46.8, , 1
C++, spectral-norm, -1, 7.30, 7.19, 0.18, 0.00, 353, 46.8, , 1
C++, spectral-norm, -1, 7.35, 7.24, 0.18, 0.00, 352, 46.8, , 1
C++, spectral-norm, -1, 7.49, 7.38, 0.18, 0.00, 359, 53.0, , 1
C++, spectral-norm, -1, 7.35, 7.25, 0.18, 0.00, 353, 47.0, , 1
C++, spectral-norm, -1, 7.35, 7.25, 0.18, 0.00, 353, 47.0, , 1
C++, spectral-norm, -1, 7.34, 7.24, 0.18, 0.00, 353, 53.5, , 1
C++, spectral-norm, -1, 7.31, 7.22, 0.18, 0.00, 353, 46.8, , 1
C++, spectral-norm, -1, 7.40, 7.29, 0.18, 0.00, 353, 46.8, , 1
C++, spectral-norm, -1, 7.35, 7.26, 0.18, 0.00, 353, 53.5, , 1
C++, spectral-norm, -1, 7.40, 7.29, 0.18, 0.00, 353, 47.0, , 1
C++, spectral-norm, -1, 7.40, 7.30, 0.18, 0.00, 353, 47.0, , 1
C++, spectral-norm, -1, 7.33, 7.22, 0.18, 0.00, 352, 53.8, , 1
C++, spectral-norm, -1, 7.34, 7.24, 0.18, 0.00, 353, 46.8, , 1
C++, spectral-norm, -1, 7.31, 7.21, 0.18, 0.00, 352, 46.8, , 1
C++, spectral-norm, -1, 7.36, 7.27, 0.18, 0.00, 353, 53.5, , 1
C++, spectral-norm, -1, 7.39, 7.27, 0.18, 0.00, 357, 47.0, , 1
C++, spectral-norm, -1, 7.35, 7.26, 0.18, 0.00, 353, 47.0, , 1
C++, spectral-norm, -1, 7.32, 7.23, 0.18, 0.00, 353, 53.5, , 1
C++, spectral-norm, -1, 7.35, 7.24, 0.18, 0.00, 353, 47.5, , 1
C++, spectral-norm, -1, 7.35, 7.24, 0.18, 0.00, 352, 47.5, , 1
Java, binary-trees, -1, 59.43, 57.87, 5.59, 0.00, 2772, 51.5, , 1
Java, binary-trees, -1, 60.38, 58.81, 5.64, 0.00, 2801, 51.2, , 1
Java, binary-trees, -1, 58.45, 56.90, 5.58, 0.00, 2742, 52.5, , 1
Java, binary-trees, -1, 60.70, 59.12, 5.67, 0.00, 2834, 52.5, , 1
Java, binary-trees, -1, 60.12, 58.55, 5.65, 0.00, 2790, 52.2, , 1
Java, binary-trees, -1, 60.41, 58.84, 5.63, 0.00, 2773, 52.2, , 1
Java, binary-trees, -1, 60.70, 59.12, 5.67, 0.00, 2805, 51.8, , 1
Java, binary-trees, -1, 59.30, 57.74, 5.60, 0.00, 2754, 53.0, , 1
Java, binary-trees, -1, 60.70, 59.13, 5.66, 0.00, 2782, 53.2, , 1
Java, binary-trees, -1, 59.06, 57.51, 5.61, 0.00, 2758, 53.0, , 1
Java, binary-trees, -1, 60.70, 59.11, 5.67, 0.00, 2846, 53.2, , 1
Java, binary-trees, -1, 60.23, 58.65, 5.64, 0.00, 2769, 53.2, , 1
Java, binary-trees, -1, 59.64, 58.07, 5.63, 0.00, 2787, 52.2, , 1
Java, binary-trees, -1, 59.80, 58.22, 5.66, 0.00, 2809, 53.0, , 1
Java, binary-trees, -1, 60.50, 58.92, 5.65, 0.00, 2784, 52.5, , 1
Java, binary-trees, -1, 60.59, 59.02, 5.65, 0.00, 2798, 52.5, , 1
Java, binary-trees, -1, 60.07, 58.52, 5.60, 0.00, 2753, 53.2, , 1
Java, binary-trees, -1, 58.96, 57.41, 5.62, 0.00, 2777, 52.2, , 1
Java, binary-trees, -1, 58.71, 57.14, 5.65, 0.00, 2794, 53.8, , 1
Java, binary-trees, -1, 59.85, 58.28, 5.64, 0.00, 2765, 54.0, , 1
Java, fannkuch-redux, -1, 234.58, 232.07, 4.14, 0.00, 8199, 56.0, , 1
Java, fannkuch-redux, -1, 232.70, 230.22, 4.10, 0.00, 8113, 56.2, , 1
Java, fannkuch-redux, -1, 236.58, 234.07, 4.13, 0.00, 8189, 56.0, , 1
Java, fannkuch-redux, -1, 238.55, 236.03, 4.16, 0.00, 8244, 56.5, , 1
Java, fannkuch-redux, -1, 223.85, 221.47, 3.94, 0.00, 7803, 56.8, , 1
Java, fannkuch-redux, -1, 238.17, 235.65, 4.16, 0.00, 8249, 57.2, , 1
Java, fannkuch-redux, -1, 223.57, 221.19, 3.94, 0.00, 7801, 56.8, , 1
Java, fannkuch-redux, -1, 238.01, 235.49, 4.16, 0.00, 8239, 56.5, , 1
Java, fannkuch-redux, -1, 228.34, 225.91, 4.01, 0.00, 7933, 56.8, , 1
Java, fannkuch-redux, -1, 227.52, 225.09, 4.00, 0.00, 7920, 57.2, , 1
Java, fannkuch-redux, -1, 227.98, 225.55, 4.01, 0.00, 7935, 56.5, , 1
Java, fannkuch-redux, -1, 242.10, 239.54, 4.23, 0.00, 8382, 56.2, , 1
Java, fannkuch-redux, -1, 223.73, 221.35, 3.94, 0.00, 7803, 56.5, , 1
Java, fannkuch-redux, -1, 237.30, 234.79, 4.15, 0.00, 8209, 56.2, , 1
Java, fannkuch-redux, -1, 231.49, 228.98, 4.13, 0.00, 8181, 57.5, , 1
Java, fannkuch-redux, -1, 227.89, 225.46, 4.00, 0.00, 7930, 56.2, , 1
Java, fannkuch-redux, -1, 224.69, 222.29, 3.95, 0.00, 7817, 56.5, , 1
Java, fannkuch-redux, -1, 238.43, 235.91, 4.17, 0.00, 8255, 55.8, , 1
Java, fannkuch-redux, -1, 233.88, 231.43, 4.05, 0.00, 8023, 54.5, , 1
Java, fannkuch-redux, -1, 242.32, 239.74, 4.27, 0.00, 8451, 56.0, , 1
Java, fasta, -1, 19.75, 19.43, 0.56, 0.00, 1029, 54.8, , 1
Java, fasta, -1, 19.92, 19.58, 0.58, 0.00, 1079, 53.2, , 1
Java, fasta, -1, 19.69, 19.36, 0.57, 0.00, 1056, 52.5, , 1
Java, fasta, -1, 19.11, 18.77, 0.59, 0.00, 1098, 54.2, , 1
Java, fasta, -1, 19.90, 19.57, 0.57, 0.00, 1058, 53.0, , 1
Java, fasta, -1, 19.63, 19.32, 0.56, 0.00, 1035, 54.2, , 1
Java, fasta, -1, 19.05, 18.72, 0.58, 0.00, 1071, 54.5, , 1
Java, fasta, -1, 19.68, 19.36, 0.57, 0.00, 1048, 52.2, , 1
Java, fasta, -1, 19.02, 18.68, 0.59, 0.00, 1093, 53.8, , 1
Java, fasta, -1, 18.81, 18.48, 0.61, 0.00, 1083, 54.0, , 1
Java, fasta, -1, 19.06, 18.73, 0.59, 0.00, 1084, 53.8, , 1
Java, fasta, -1, 19.04, 18.69, 0.61, 0.00, 1115, 54.2, , 1
Java, fasta, -1, 20.03, 19.69, 0.59, 0.00, 1095, 52.0, , 1
Java, fasta, -1, 19.50, 19.16, 0.59, 0.00, 1090, 51.8, , 1
Java, fasta, -1, 19.01, 18.69, 0.59, 0.00, 1081, 53.0, , 1
Java, fasta, -1, 19.03, 18.71, 0.58, 0.00, 1072, 53.8, , 1
Java, fasta, -1, 19.09, 18.76, 0.58, 0.00, 1063, 53.5, , 1
Java, fasta, -1, 19.22, 18.87, 0.60, 0.00, 1105, 52.8, , 1
Java, fasta, -1, 18.75, 18.41, 0.60, 0.00, 1117, 54.2, , 1
Java, fasta, -1, 18.95, 18.62, 0.59, 0.00, 1079, 53.2, , 1
Java, k-nucleotide, -1, 87.30, 86.11, 3.28, 0.00, 3726, 55.5, , 1
Java, k-nucleotide, -1, 88.69, 87.48, 3.38, 0.00, 3793, 55.2, , 1
Java, k-nucleotide, -1, 87.88, 86.69, 3.25, 0.00, 3730, 55.8, , 1
Java, k-nucleotide, -1, 86.24, 85.05, 3.31, 0.00, 3732, 52.5, , 1
Java, k-nucleotide, -1, 88.45, 87.25, 3.30, 0.00, 3780, 52.5, , 1
Java, k-nucleotide, -1, 89.25, 88.05, 3.35, 0.00, 3800, 55.2, , 1
Java, k-nucleotide, -1, 90.20, 89.00, 3.38, 0.00, 3790, 55.2, , 1
Java, k-nucleotide, -1, 80.58, 79.46, 3.11, 0.00, 3526, 54.0, , 1
Java, k-nucleotide, -1, 86.16, 84.99, 3.27, 0.00, 3666, 55.8, , 1
Java, k-nucleotide, -1, 90.32, 89.12, 3.37, 0.00, 3788, 54.2, , 1
Java, k-nucleotide, -1, 88.55, 87.37, 3.33, 0.00, 3732, 55.0, , 1
Java, k-nucleotide, -1, 88.68, 87.46, 3.39, 0.00, 3813, 52.8, , 1
Java, k-nucleotide, -1, 86.81, 85.62, 3.25, 0.00, 3740, 55.0, , 1
Java, k-nucleotide, -1, 88.68, 87.47, 3.35, 0.00, 3779, 55.0, , 1
Java, k-nucleotide, -1, 87.85, 86.64, 3.36, 0.00, 3790, 53.2, , 1
Java, k-nucleotide, -1, 89.61, 88.41, 3.31, 0.00, 3793, 55.2, , 1
Java, k-nucleotide, -1, 90.19, 88.98, 3.39, 0.00, 3798, 55.8, , 1
Java, k-nucleotide, -1, 88.27, 87.09, 3.35, 0.00, 3749, 55.5, , 1
Java, k-nucleotide, -1, 88.12, 86.95, 3.29, 0.00, 3706, 55.5, , 1
Java, k-nucleotide, -1, 88.01, 86.82, 3.35, 0.00, 3749, 54.8, , 1
Java, mandelbrot, -1, 73.22, 72.21, 1.72, 0.00, 3287, 56.2, , 1
Java, mandelbrot, -1, 73.09, 72.09, 1.70, 0.00, 3257, 55.5, , 1
Java, mandelbrot, -1, 72.89, 71.89, 1.71, 0.00, 3267, 56.0, , 1
Java, mandelbrot, -1, 73.56, 72.57, 1.71, 0.00, 3272, 55.8, , 1
Java, mandelbrot, -1, 72.34, 71.34, 1.70, 0.00, 3244, 54.8, , 1
Java, mandelbrot, -1, 72.77, 71.77, 1.70, 0.00, 3248, 55.5, , 1
Java, mandelbrot, -1, 70.47, 69.49, 1.66, 0.00, 3172, 55.0, , 1
Java, mandelbrot, -1, 73.00, 72.00, 1.70, 0.00, 3248, 55.2, , 1
Java, mandelbrot, -1, 72.97, 71.97, 1.71, 0.00, 3276, 54.5, , 1
Java, mandelbrot, -1, 70.76, 69.79, 1.66, 0.00, 3171, 55.8, , 1
Java, mandelbrot, -1, 73.73, 72.73, 1.70, 0.00, 3255, 55.5, , 1
Java, mandelbrot, -1, 74.31, 73.32, 1.70, 0.00, 3262, 56.0, , 1
Java, mandelbrot, -1, 72.63, 71.64, 1.69, 0.00, 3221, 53.5, , 1
Java, mandelbrot, -1, 72.99, 72.00, 1.70, 0.00, 3248, 55.8, , 1
Java, mandelbrot, -1, 74.16, 73.16, 1.71, 0.00, 3274, 54.5, , 1
Java, mandelbrot, -1, 73.83, 72.82, 1.72, 0.00, 3299, 56.0, , 1
Java, mandelbrot, -1, 74.11, 73.11, 1.70, 0.00, 3251, 56.0, , 1
Java, mandelbrot, -1, 72.41, 71.39, 1.73, 0.00, 3311, 54.5, , 1
Java, mandelbrot, -1, 72.79, 71.79, 1.69, 0.00, 3240, 55.2, , 1
Java, mandelbrot, -1, 72.53, 71.54, 1.70, 0.00, 3259, 54.2, , 1
Java, n-body, -1, 37.53, 36.30, 2.06, 0.00, 4049, 51.5, , 1
Java, n-body, -1, 37.33, 36.09, 2.05, 0.00, 4048, 51.0, , 1
Java, n-body, -1, 37.85, 36.61, 2.07, 0.00, 4074, 51.0, , 1
Java, n-body, -1, 37.59, 36.36, 2.06, 0.00, 4049, 50.8, , 1
Java, n-body, -1, 37.79, 36.55, 2.07, 0.00, 4074, 50.5, , 1
Java, n-body, -1, 37.83, 36.59, 2.07, 0.00, 4070, 50.5, , 1
Java, n-body, -1, 37.37, 36.13, 2.06, 0.00, 4049, 50.5, , 1
Java, n-body, -1, 37.78, 36.54, 2.07, 0.00, 4073, 50.8, , 1
Java, n-body, -1, 37.44, 36.20, 2.06, 0.00, 4056, 50.5, , 1
Java, n-body, -1, 37.67, 36.44, 2.07, 0.00, 4074, 50.8, , 1
Java, n-body, -1, 37.41, 36.18, 2.06, 0.00, 4049, 50.5, , 1
Java, n-body, -1, 37.05, 35.82, 2.06, 0.00, 4049, 50.0, , 1
Java, n-body, -1, 37.46, 36.23, 2.06, 0.00, 4050, 50.5, , 1
Java, n-body, -1, 37.49, 36.26, 2.06, 0.00, 4049, 50.2, , 1
Java, n-body, -1, 37.64, 36.39, 2.06, 0.00, 4050, 49.8, , 1
Java, n-body, -1, 37.65, 36.41, 2.07, 0.00, 4074, 50.0, , 1
Java, n-body, -1, 37.86, 36.60, 2.07, 0.00, 4075, 50.2, , 1
Java, n-body, -1, 37.65, 36.41, 2.06, 0.00, 4049, 50.5, , 1
Java, n-body, -1, 37.69, 36.45, 2.06, 0.00, 4048, 50.0, , 1
Java, n-body, -1, 37.42, 36.17, 2.06, 0.00, 4049, 50.0, , 1
Java, regex-redux, -1, 94.12, 92.72, 3.13, 0.00, 4271, 52.0, , 1
Java, regex-redux, -1, 94.58, 93.19, 3.12, 0.00, 4268, 52.8, , 1
Java, regex-redux, -1, 93.71, 92.33, 3.11, 0.00, 4241, 52.8, , 1
Java, regex-redux, -1, 94.21, 92.82, 3.13, 0.00, 4271, 53.5, , 1
Java, regex-redux, -1, 94.78, 93.38, 3.13, 0.00, 4279, 53.2, , 1
Java, regex-redux, -1, 93.15, 91.77, 3.11, 0.00, 4227, 53.0, , 1
Java, regex-redux, -1, 96.55, 95.14, 3.14, 0.00, 4322, 53.0, , 1
Java, regex-redux, -1, 94.80, 93.41, 3.12, 0.00, 4255, 53.2, , 1
Java, regex-redux, -1, 94.06, 92.67, 3.13, 0.00, 4265, 53.8, , 1
Java, regex-redux, -1, 94.28, 92.87, 3.13, 0.00, 4302, 52.8, , 1
Java, regex-redux, -1, 94.48, 93.07, 3.13, 0.00, 4284, 53.2, , 1
Java, regex-redux, -1, 95.01, 93.61, 3.12, 0.00, 4296, 54.2, , 1
Java, regex-redux, -1, 95.67, 94.28, 3.12, 0.00, 4259, 53.2, , 1
Java, regex-redux, -1, 95.59, 94.18, 3.14, 0.00, 4304, 53.8, , 1
Java, regex-redux, -1, 94.96, 93.56, 3.13, 0.00, 4287, 53.5, , 1
Java, regex-redux, -1, 95.60, 94.20, 3.13, 0.00, 4285, 53.2, , 1
Java, regex-redux, -1, 94.25, 92.87, 3.08, 0.00, 4206, 53.8, , 1
Java, regex-redux, -1, 95.95, 94.55, 3.15, 0.00, 4321, 53.5, , 1
Java, regex-redux, -1, 96.55, 95.14, 3.14, 0.00, 4325, 53.5, , 1
Java, regex-redux, -1, 96.87, 95.46, 3.15, 0.00, 4336, 52.8, , 1
Java, reverse-complement, -1, 8.19, 7.90, 0.77, 0.00, 746, 49.2, , 1
Java, reverse-complement, -1, 8.13, 7.85, 0.79, 0.00, 776, 52.8, , 1
Java, reverse-complement, -1, 8.22, 7.93, 0.77, 0.00, 744, 49.0, , 1
Java, reverse-complement, -1, 8.18, 7.89, 0.77, 0.00, 745, 52.5, , 1
Java, reverse-complement, -1, 8.16, 7.88, 0.78, 0.00, 752, 49.2, , 1
Java, reverse-complement, -1, 8.07, 7.79, 0.77, 0.00, 755, 52.2, , 1
Java, reverse-complement, -1, 8.19, 7.91, 0.77, 0.00, 756, 49.2, , 1
Java, reverse-complement, -1, 8.16, 7.88, 0.77, 0.00, 748, 52.0, , 1
Java, reverse-complement, -1, 8.28, 7.99, 0.77, 0.00, 744, 49.0, , 1
Java, reverse-complement, -1, 8.48, 8.20, 0.77, 0.00, 745, 53.0, , 1
Java, reverse-complement, -1, 8.17, 7.87, 0.77, 0.00, 749, 48.8, , 1
Java, reverse-complement, -1, 8.12, 7.84, 0.77, 0.00, 745, 52.0, , 1
Java, reverse-complement, -1, 8.20, 7.91, 0.77, 0.00, 744, 48.8, , 1
Java, reverse-complement, -1, 8.20, 7.92, 0.77, 0.00, 746, 52.8, , 1
Java, reverse-complement, -1, 8.25, 7.96, 0.77, 0.00, 747, 48.5, , 1
Java, reverse-complement, -1, 8.17, 7.89, 0.77, 0.00, 746, 52.0, , 1
Java, reverse-complement, -1, 8.17, 7.88, 0.77, 0.00, 749, 48.8, , 1
Java, reverse-complement, -1, 8.16, 7.87, 0.77, 0.00, 744, 52.0, , 1
Java, reverse-complement, -1, 8.10, 7.82, 0.77, 0.00, 753, 48.8, , 1
Java, reverse-complement, -1, 8.23, 7.93, 0.79, 0.00, 780, 50.8, , 1
Java, spectral-norm, -1, 11.91, 11.73, 0.30, 0.00, 551, 49.0, , 1
Java, spectral-norm, -1, 11.69, 11.52, 0.29, 0.00, 537, 55.2, , 1
Java, spectral-norm, -1, 11.95, 11.77, 0.31, 0.00, 565, 49.0, , 1
Java, spectral-norm, -1, 12.13, 11.95, 0.31, 0.00, 564, 54.5, , 1
Java, spectral-norm, -1, 11.98, 11.82, 0.31, 0.00, 580, 48.8, , 1
Java, spectral-norm, -1, 11.59, 11.42, 0.29, 0.00, 526, 54.8, , 1
Java, spectral-norm, -1, 12.07, 11.88, 0.32, 0.00, 589, 49.2, , 1
Java, spectral-norm, -1, 12.15, 11.97, 0.32, 0.00, 593, 52.8, , 1
Java, spectral-norm, -1, 12.01, 11.83, 0.31, 0.00, 576, 48.8, , 1
Java, spectral-norm, -1, 11.78, 11.60, 0.34, 0.00, 637, 54.5, , 1
Java, spectral-norm, -1, 12.04, 11.86, 0.32, 0.00, 582, 49.0, , 1
Java, spectral-norm, -1, 11.70, 11.54, 0.29, 0.00, 528, 54.5, , 1
Java, spectral-norm, -1, 11.66, 11.49, 0.30, 0.00, 541, 48.8, , 1
Java, spectral-norm, -1, 12.22, 12.03, 0.31, 0.00, 580, 55.2, , 1
Java, spectral-norm, -1, 12.04, 11.86, 0.31, 0.00, 572, 49.0, , 1
Java, spectral-norm, -1, 11.60, 11.40, 0.35, 0.00, 637, 54.8, , 1
Java, spectral-norm, -1, 11.53, 11.36, 0.30, 0.00, 551, 48.8, , 1
Java, spectral-norm, -1, 11.51, 11.32, 0.32, 0.00, 587, 54.0, , 1
Java, spectral-norm, -1, 11.55, 11.39, 0.29, 0.00, 537, 49.0, , 1
Java, spectral-norm, -1, 12.12, 11.95, 0.31, 0.00, 575, 54.2, , 1
Python, binary-trees, -1, 779.22, 767.81, 32.02, 0.00, 30147, 56.0, , 1
Python, binary-trees, -1, 780.33, 768.92, 32.06, 0.00, 30076, 56.5, , 1
Python, binary-trees, -1, 789.40, 777.95, 32.05, 0.00, 30265, 56.8, , 1
Python, binary-trees, -1, 793.10, 781.58, 32.13, 0.00, 30426, 57.0, , 1
Python, binary-trees, -1, 778.17, 766.73, 32.18, 0.00, 30165, 57.0, , 1
Python, binary-trees, -1, 786.80, 775.36, 32.14, 0.00, 30189, 56.2, , 1
Python, binary-trees, -1, 785.54, 774.01, 32.17, 0.00, 30543, 56.0, , 1
Python, binary-trees, -1, 774.76, 763.51, 31.76, 0.00, 29635, 56.5, , 1
Python, binary-trees, -1, 780.29, 768.86, 32.00, 0.00, 30168, 56.8, , 1
Python, binary-trees, -1, 781.71, 770.26, 32.05, 0.00, 30188, 56.0, , 1
Python, binary-trees, -1, 785.98, 774.53, 32.02, 0.00, 30231, 56.5, , 1
Python, binary-trees, -1, 780.89, 769.50, 32.04, 0.00, 30066, 56.5, , 1
Python, binary-trees, -1, 780.86, 769.47, 31.91, 0.00, 30065, 56.0, , 1
Python, binary-trees, -1, 783.52, 772.06, 32.15, 0.00, 30204, 56.2, , 1
Python, binary-trees, -1, 778.94, 767.65, 31.84, 0.00, 29762, 56.8, , 1
Python, binary-trees, -1, 772.47, 761.19, 31.80, 0.00, 29697, 56.8, , 1
Python, binary-trees, -1, 779.90, 768.44, 32.10, 0.00, 30200, 55.8, , 1
Python, binary-trees, -1, 775.33, 763.97, 32.03, 0.00, 29939, 57.2, , 1
Python, binary-trees, -1, 773.95, 762.61, 31.97, 0.00, 29901, 56.2, , 1
Python, binary-trees, -1, 781.91, 770.42, 32.18, 0.00, 30339, 55.8, , 1
Python, fannkuch-redux, -1, 6848.17, 6779.66, 112.90, 0.00, 224640, 59.0, , 1
Python, fannkuch-redux, -1, 6913.25, 6844.25, 113.60, 0.00, 226026, 58.8, , 1
Python, fannkuch-redux, -1, 6853.81, 6785.24, 112.82, 0.00, 224491, 58.5, , 1
Python, fannkuch-redux, -1, 6913.72, 6845.05, 112.88, 0.00, 224604, 58.5, , 1
Python, fannkuch-redux, -1, 6950.44, 6881.36, 113.67, 0.00, 226169, 58.5, , 1
Python, fannkuch-redux, -1, 6907.38, 6838.26, 113.51, 0.00, 225851, 58.0, , 1
Python, fannkuch-redux, -1, 6863.31, 6794.55, 113.21, 0.00, 225279, 58.5, , 1
Python, fannkuch-redux, -1, 6941.20, 6872.20, 113.64, 0.00, 226118, 58.8, , 1
Python, fannkuch-redux, -1, 6842.05, 6773.20, 113.42, 0.00, 225662, 58.8, , 1
Python, fannkuch-redux, -1, 6837.23, 6768.78, 112.81, 0.00, 224471, 59.5, , 1
Python, fannkuch-redux, -1, 6858.42, 6789.65, 113.27, 0.00, 225324, 58.2, , 1
Python, fannkuch-redux, -1, 6880.77, 6812.03, 113.24, 0.00, 225309, 58.8, , 1
Python, fannkuch-redux, -1, 6894.39, 6825.36, 113.75, 0.00, 226335, 59.8, , 1
Python, fannkuch-redux, -1, 7388.75, 7318.45, 115.12, 0.00, 229045, 59.2, , 1
Python, fannkuch-redux, -1, 6942.73, 6873.79, 113.48, 0.00, 225792, 58.5, , 1
Python, fannkuch-redux, -1, 6927.45, 6857.82, 114.71, 0.00, 228243, 58.8, , 1
Python, fannkuch-redux, -1, 6897.32, 6828.12, 114.05, 0.00, 226926, 58.2, , 1
Python, fannkuch-redux, -1, 6891.62, 6823.16, 112.81, 0.00, 224451, 58.2, , 1
Python, fannkuch-redux, -1, 6846.50, 6777.54, 113.46, 0.00, 225753, 58.5, , 1
Python, fannkuch-redux, -1, 6908.18, 6839.72, 112.94, 0.00, 224735, 58.8, , 1
Python, fasta, -1, 441.36, 428.86, 20.67, 0.00, 41131, 53.5, , 1
Python, fasta, -1, 439.90, 427.39, 20.75, 0.00, 41277, 53.2, , 1
Python, fasta, -1, 440.32, 427.80, 20.71, 0.00, 41169, 53.8, , 1
Python, fasta, -1, 438.41, 425.97, 20.67, 0.00, 41095, 52.0, , 1
Python, fasta, -1, 437.92, 425.43, 20.67, 0.00, 41095, 52.8, , 1
Python, fasta, -1, 447.19, 434.66, 20.81, 0.00, 41365, 52.0, , 1
Python, fasta, -1, 437.89, 425.38, 20.65, 0.00, 41048, 52.0, , 1
Python, fasta, -1, 440.00, 427.53, 20.65, 0.00, 41044, 52.5, , 1
Python, fasta, -1, 436.63, 424.16, 20.67, 0.00, 41063, 52.0, , 1
Python, fasta, -1, 438.99, 426.51, 20.69, 0.00, 41124, 51.2, , 1
Python, fasta, -1, 438.20, 425.74, 20.68, 0.00, 41103, 52.0, , 1
Python, fasta, -1, 445.02, 432.50, 20.81, 0.00, 41340, 52.2, , 1
Python, fasta, -1, 447.57, 435.00, 20.87, 0.00, 41472, 52.0, , 1
Python, fasta, -1, 445.03, 432.46, 20.84, 0.00, 41408, 52.0, , 1
Python, fasta, -1, 440.82, 428.33, 20.69, 0.00, 41129, 51.2, , 1
Python, fasta, -1, 439.23, 426.69, 20.74, 0.00, 41219, 52.0, , 1
Python, fasta, -1, 445.58, 433.10, 20.72, 0.00, 41167, 51.0, , 1
Python, fasta, -1, 446.06, 433.59, 20.70, 0.00, 41136, 51.0, , 1
Python, fasta, -1, 447.99, 435.49, 20.77, 0.00, 41272, 51.0, , 1
Python, fasta, -1, 438.16, 425.67, 20.69, 0.00, 41098, 51.8, , 1
Python, k-nucleotide, -1, 1004.74, 992.19, 42.89, 0.00, 35140, 58.0, , 1
Python, k-nucleotide, -1, 1000.82, 988.35, 42.71, 0.00, 34908, 58.5, , 1
Python, k-nucleotide, -1, 1000.34, 987.83, 42.84, 0.00, 34906, 59.0, , 1
Python, k-nucleotide, -1, 1015.47, 1002.80, 43.17, 0.00, 35449, 60.0, , 1
Python, k-nucleotide, -1, 999.86, 987.34, 42.84, 0.00, 34922, 58.2, , 1
Python, k-nucleotide, -1, 997.79, 985.32, 42.63, 0.00, 34906, 59.0, , 1
Python, k-nucleotide, -1, 1007.11, 994.61, 42.66, 0.00, 34938, 58.2, , 1
Python, k-nucleotide, -1, 1006.44, 993.86, 43.10, 0.00, 35115, 59.0, , 1
Python, k-nucleotide, -1, 1002.12, 989.63, 42.77, 0.00, 34880, 58.8, , 1
Python, k-nucleotide, -1, 1002.93, 990.45, 42.69, 0.00, 34949, 57.8, , 1
Python, k-nucleotide, -1, 1003.66, 991.15, 42.85, 0.00, 34884, 58.5, , 1
Python, k-nucleotide, -1, 1002.90, 990.34, 43.00, 0.00, 35014, 58.0, , 1
Python, k-nucleotide, -1, 1005.06, 992.52, 42.95, 0.00, 35095, 58.2, , 1
Python, k-nucleotide, -1, 1005.98, 993.50, 42.74, 0.00, 34846, 58.0, , 1
Python, k-nucleotide, -1, 1001.80, 989.33, 42.64, 0.00, 34914, 58.8, , 1
Python, k-nucleotide, -1, 1009.62, 996.98, 43.26, 0.00, 35267, 57.8, , 1
Python, k-nucleotide, -1, 1005.57, 993.06, 42.84, 0.00, 34995, 58.0, , 1
Python, k-nucleotide, -1, 1001.42, 988.92, 42.81, 0.00, 34907, 59.0, , 1
Python, k-nucleotide, -1, 998.30, 985.81, 42.86, 0.00, 34826, 58.2, , 1
Python, k-nucleotide, -1, 1003.87, 991.38, 42.70, 0.00, 34937, 58.5, , 1
Python, mandelbrot, -1, 3681.79, 3646.95, 57.33, 0.00, 113977, 61.2, , 1
Python, mandelbrot, -1, 3684.31, 3649.47, 57.34, 0.00, 113994, 61.2, , 1
Python, mandelbrot, -1, 3659.96, 3625.03, 57.42, 0.00, 114145, 60.8, , 1
Python, mandelbrot, -1, 3695.64, 3660.60, 57.66, 0.00, 114644, 61.0, , 1
Python, mandelbrot, -1, 3716.73, 3681.60, 57.79, 0.00, 114898, 61.5, , 1
Python, mandelbrot, -1, 3704.93, 3669.86, 57.72, 0.00, 114745, 61.8, , 1
Python, mandelbrot, -1, 3678.53, 3643.59, 57.48, 0.00, 114254, 61.8, , 1
Python, mandelbrot, -1, 3684.37, 3649.34, 57.65, 0.00, 114623, 61.0, , 1
Python, mandelbrot, -1, 3665.13, 3630.31, 57.34, 0.00, 113993, 60.5, , 1
Python, mandelbrot, -1, 3664.78, 3629.91, 57.37, 0.00, 114075, 60.8, , 1
Python, mandelbrot, -1, 3701.67, 3666.70, 57.54, 0.00, 114419, 61.0, , 1
Python, mandelbrot, -1, 3680.49, 3645.61, 57.41, 0.00, 114141, 60.5, , 1
Python, mandelbrot, -1, 3701.87, 3667.01, 57.38, 0.00, 114062, 61.2, , 1
Python, mandelbrot, -1, 3667.52, 3632.68, 57.34, 0.00, 113984, 61.0, , 1
Python, mandelbrot, -1, 3677.33, 3642.34, 57.54, 0.00, 114397, 60.5, , 1
Python, mandelbrot, -1, 3730.79, 3695.62, 57.85, 0.00, 115016, 60.2, , 1
Python, mandelbrot, -1, 3713.87, 3678.81, 57.71, 0.00, 114718, 61.2, , 1
Python, mandelbrot, -1, 3674.63, 3639.74, 57.39, 0.00, 114103, 61.2, , 1
Python, mandelbrot, -1, 3679.05, 3644.06, 57.60, 0.00, 114481, 61.0, , 1
Python, mandelbrot, -1, 3681.92, 3646.84, 57.67, 0.00, 114679, 60.0, , 1
Python, n-body, -1, 2668.90, 2598.32, 117.05, 0.00, 232878, 49.8, , 1
Python, n-body, -1, 2692.40, 2621.58, 117.67, 0.00, 234055, 48.8, , 1
Python, n-body, -1, 2681.86, 2611.48, 117.14, 0.00, 232960, 47.2, , 1
Python, n-body, -1, 2723.25, 2651.88, 118.69, 0.00, 236016, 47.0, , 1
Python, n-body, -1, 2671.89, 2601.54, 117.26, 0.00, 233107, 47.0, , 1
Python, n-body, -1, 2682.97, 2612.39, 117.50, 0.00, 233552, 47.5, , 1
Python, n-body, -1, 2666.29, 2596.11, 117.03, 0.00, 232638, 46.0, , 1
Python, n-body, -1, 2674.69, 2604.37, 117.22, 0.00, 232963, 47.5, , 1
Python, n-body, -1, 2678.24, 2607.33, 118.23, 0.00, 234954, 46.2, , 1
Python, n-body, -1, 2664.75, 2594.33, 117.34, 0.00, 233170, 47.0, , 1
Python, n-body, -1, 2671.21, 2599.93, 118.75, 0.00, 235930, 46.8, , 1
Python, n-body, -1, 2675.92, 2605.26, 117.69, 0.00, 233836, 46.8, , 1
Python, n-body, -1, 2680.36, 2610.00, 117.34, 0.00, 233157, 47.2, , 1
Python, n-body, -1, 2898.23, 2822.26, 129.89, 0.00, 245299, 47.0, , 1
Python, n-body, -1, 2686.76, 2616.07, 117.93, 0.00, 234322, 46.2, , 1
Python, n-body, -1, 2680.28, 2610.03, 117.06, 0.00, 232564, 47.0, , 1
Python, n-body, -1, 2687.70, 2617.36, 117.17, 0.00, 232797, 47.5, , 1
Python, n-body, -1, 2687.03, 2616.38, 117.54, 0.00, 233538, 46.8, , 1
Python, n-body, -1, 2656.02, 2585.30, 117.86, 0.00, 234182, 46.5, , 1
Python, n-body, -1, 2670.49, 2600.03, 117.40, 0.00, 233249, 46.2, , 1
Python, regex-redux, -1, 108.40, 106.20, 4.37, 0.00, 7085, 45.8, , 1
Python, regex-redux, -1, 108.65, 106.43, 4.39, 0.00, 7102, 46.0, , 1
Python, regex-redux, -1, 108.83, 106.61, 4.39, 0.00, 7113, 46.8, , 1
Python, regex-redux, -1, 108.77, 106.54, 4.40, 0.00, 7118, 47.2, , 1
Python, regex-redux, -1, 109.17, 106.94, 4.41, 0.00, 7117, 46.8, , 1
Python, regex-redux, -1, 109.19, 106.97, 4.41, 0.00, 7122, 46.5, , 1
Python, regex-redux, -1, 109.86, 107.64, 4.41, 0.00, 7118, 47.2, , 1
Python, regex-redux, -1, 109.39, 107.17, 4.40, 0.00, 7114, 47.0, , 1
Python, regex-redux, -1, 110.03, 107.80, 4.42, 0.00, 7131, 47.8, , 1
Python, regex-redux, -1, 109.32, 107.10, 4.38, 0.00, 7090, 47.8, , 1
Python, regex-redux, -1, 109.48, 107.26, 4.39, 0.00, 7102, 47.5, , 1
Python, regex-redux, -1, 109.77, 107.55, 4.39, 0.00, 7093, 47.5, , 1
Python, regex-redux, -1, 109.68, 107.46, 4.40, 0.00, 7110, 48.0, , 1
Python, regex-redux, -1, 109.77, 107.55, 4.39, 0.00, 7098, 47.5, , 1
Python, regex-redux, -1, 110.26, 108.03, 4.40, 0.00, 7102, 48.5, , 1
Python, regex-redux, -1, 110.31, 108.08, 4.40, 0.00, 7112, 47.8, , 1
Python, regex-redux, -1, 110.08, 107.86, 4.41, 0.00, 7120, 48.2, , 1
Python, regex-redux, -1, 109.93, 107.70, 4.40, 0.00, 7119, 47.8, , 1
Python, regex-redux, -1, 110.02, 107.80, 4.39, 0.00, 7098, 49.0, , 1
Python, regex-redux, -1, 110.68, 108.44, 4.41, 0.00, 7140, 48.2, , 1
Python, reverse-complement, -1, 19.77, 19.32, 1.08, 0.00, 1364, 48.2, , 1
Python, reverse-complement, -1, 19.81, 19.36, 1.08, 0.00, 1365, 48.5, , 1
Python, reverse-complement, -1, 19.69, 19.24, 1.07, 0.00, 1358, 48.8, , 1
Python, reverse-complement, -1, 19.75, 19.30, 1.08, 0.00, 1362, 48.0, , 1
Python, reverse-complement, -1, 19.58, 19.13, 1.08, 0.00, 1359, 47.8, , 1
Python, reverse-complement, -1, 19.60, 19.15, 1.07, 0.00, 1358, 48.2, , 1
Python, reverse-complement, -1, 19.43, 18.99, 1.07, 0.00, 1358, 48.0, , 1
Python, reverse-complement, -1, 19.39, 18.93, 1.07, 0.00, 1355, 48.5, , 1
Python, reverse-complement, -1, 19.55, 19.10, 1.07, 0.00, 1359, 47.8, , 1
Python, reverse-complement, -1, 19.47, 19.02, 1.07, 0.00, 1354, 48.0, , 1
Python, reverse-complement, -1, 19.59, 19.15, 1.07, 0.00, 1361, 48.2, , 1
Python, reverse-complement, -1, 19.59, 19.14, 1.07, 0.00, 1358, 49.0, , 1
Python, reverse-complement, -1, 19.49, 19.04, 1.07, 0.00, 1359, 48.8, , 1
Python, reverse-complement, -1, 19.53, 19.08, 1.07, 0.00, 1363, 48.5, , 1
Python, reverse-complement, -1, 19.51, 19.06, 1.07, 0.00, 1360, 49.2, , 1
Python, reverse-complement, -1, 19.67, 19.21, 1.07, 0.00, 1355, 47.8, , 1
Python, reverse-complement, -1, 19.71, 19.26, 1.07, 0.00, 1361, 48.8, , 1
Python, reverse-complement, -1, 19.66, 19.22, 1.07, 0.00, 1361, 48.0, , 1
Python, reverse-complement, -1, 19.59, 19.15, 1.07, 0.00, 1359, 48.8, , 1
Python, reverse-complement, -1, 19.49, 19.04, 1.07, 0.00, 1366, 49.0, , 1
Python, spectral-norm, -1, 2533.79, 2509.44, 40.23, 0.00, 79717, 59.0, , 1
Python, spectral-norm, -1, 2548.27, 2523.89, 40.29, 0.00, 79843, 59.8, , 1
Python, spectral-norm, -1, 2543.56, 2519.27, 40.10, 0.00, 79484, 60.5, , 1
Python, spectral-norm, -1, 2540.48, 2516.26, 40.01, 0.00, 79294, 60.2, , 1
Python, spectral-norm, -1, 2553.19, 2528.84, 40.19, 0.00, 79708, 60.0, , 1
Python, spectral-norm, -1, 2542.69, 2518.46, 39.98, 0.00, 79254, 60.5, , 1
Python, spectral-norm, -1, 2551.62, 2527.24, 40.27, 0.00, 79841, 60.5, , 1
Python, spectral-norm, -1, 2567.94, 2543.58, 40.22, 0.00, 79763, 60.0, , 1
Python, spectral-norm, -1, 2569.63, 2545.38, 40.02, 0.00, 79367, 60.2, , 1
Python, spectral-norm, -1, 2567.70, 2543.46, 40.02, 0.00, 79303, 60.2, , 1
Python, spectral-norm, -1, 2569.16, 2544.80, 40.21, 0.00, 79723, 60.0, , 1
Python, spectral-norm, -1, 2556.79, 2532.45, 40.21, 0.00, 79739, 59.2, , 1
Python, spectral-norm, -1, 2589.54, 2565.18, 40.18, 0.00, 79671, 60.5, , 1
Python, spectral-norm, -1, 2555.98, 2531.76, 40.00, 0.00, 79308, 60.5, , 1
Python, spectral-norm, -1, 2541.48, 2517.26, 40.00, 0.00, 79287, 60.5, , 1
Python, spectral-norm, -1, 2534.88, 2510.62, 40.04, 0.00, 79381, 60.2, , 1
Python, spectral-norm, -1, 2567.92, 2543.45, 40.44, 0.00, 80038, 60.2, , 1
Python, spectral-norm, -1, 2546.12, 2521.89, 40.01, 0.00, 79306, 60.5, , 1
Python, spectral-norm, -1, 2561.79, 2537.42, 40.22, 0.00, 79724, 60.5, , 1
Python, spectral-norm, -1, 2541.96, 2517.72, 39.97, 0.00, 79240, 60.5, , 1
C, binary-trees, 2, 10.55, 9.37, 2.77, 0.00, 3778, 50.0, , 1
C, binary-trees, 2, 10.50, 9.32, 2.76, 0.00, 3764, 49.5, , 1
C, binary-trees, 2, 10.43, 9.25, 2.76, 0.00, 3752, 49.2, , 1
C, binary-trees, 2, 10.54, 9.35, 2.76, 0.00, 3781, 49.0, , 1
C, binary-trees, 2, 10.76, 9.57, 2.77, 0.00, 3790, 48.8, , 1
C, binary-trees, 2, 10.79, 9.55, 2.85, 0.00, 3934, 48.0, , 1
C, binary-trees, 2, 10.84, 9.47, 3.07, 0.00, 4386, 47.8, , 1
C, binary-trees, 2, 10.45, 9.08, 3.08, 0.00, 4383, 47.8, , 1
C, binary-trees, 2, 10.52, 9.15, 3.08, 0.00, 4403, 47.8, , 1
C, binary-trees, 2, 10.35, 8.98, 3.08, 0.00, 4410, 47.5, , 1
C, binary-trees, 2, 10.43, 9.07, 3.07, 0.00, 4387, 47.0, , 1
C, binary-trees, 2, 10.51, 9.11, 3.15, 0.00, 4536, 47.0, , 1
C, binary-trees, 2, 10.74, 9.37, 3.09, 0.00, 4386, 46.5, , 1
C, binary-trees, 2, 10.77, 9.38, 3.11, 0.00, 4441, 46.0, , 1
C, binary-trees, 2, 10.52, 9.16, 3.10, 0.00, 4386, 46.2, , 1
C, binary-trees, 2, 10.40, 9.04, 3.06, 0.00, 4383, 45.8, , 1
C, binary-trees, 2, 10.33, 8.97, 3.09, 0.00, 4400, 45.5, , 1
C, binary-trees, 2, 10.31, 8.95, 3.07, 0.00, 4387, 45.2, , 1
C, binary-trees, 2, 10.28, 8.92, 3.08, 0.00, 4405, 45.0, , 1
C, binary-trees, 2, 10.12, 8.75, 3.10, 0.00, 4422, 45.2, , 1
C, fannkuch-redux, 2, 22.60, 19.97, 4.49, 0.00, 8914, 44.5, , 1
C, fannkuch-redux, 2, 22.50, 19.89, 4.49, 0.00, 8922, 44.5, , 1
C, fannkuch-redux, 2, 22.65, 20.01, 4.50, 0.00, 8934, 43.8, , 1
C, fannkuch-redux, 2, 22.42, 19.81, 4.49, 0.00, 8917, 43.5, , 1
C, fannkuch-redux, 2, 22.44, 19.83, 4.49, 0.00, 8914, 43.5, , 1
C, fannkuch-redux, 2, 22.45, 19.83, 4.49, 0.00, 8923, 43.0, , 1
C, fannkuch-redux, 2, 22.68, 20.05, 4.49, 0.00, 8914, 43.0, , 1
C, fannkuch-redux, 2, 23.05, 20.39, 4.49, 0.00, 8916, 42.5, , 1
C, fannkuch-redux, 2, 23.05, 20.39, 4.49, 0.00, 8915, 42.2, , 1
C, fannkuch-redux, 2, 23.12, 20.46, 4.51, 0.00, 8947, 42.0, , 1
C, fannkuch-redux, 2, 23.32, 20.65, 4.49, 0.00, 8915, 41.8, , 1
C, fannkuch-redux, 2, 23.14, 20.47, 4.50, 0.00, 8915, 41.8, , 1
C, fannkuch-redux, 2, 23.93, 21.25, 4.50, 0.00, 8938, 41.2, , 1
C, fannkuch-redux, 2, 23.93, 21.27, 4.49, 0.00, 8916, 41.2, , 1
C, fannkuch-redux, 2, 23.38, 20.71, 4.49, 0.00, 8916, 41.2, , 1
C, fannkuch-redux, 2, 23.31, 20.62, 4.50, 0.00, 8931, 41.2, , 1
C, fannkuch-redux, 2, 24.24, 21.59, 4.50, 0.00, 8934, 41.0, , 1
C, fannkuch-redux, 2, 24.04, 21.36, 4.53, 0.00, 8995, 40.5, , 1
C, fannkuch-redux, 2, 23.93, 21.28, 4.49, 0.00, 8921, 40.5, , 1
C, fannkuch-redux, 2, 24.28, 21.64, 4.49, 0.00, 8917, 40.2, , 1
C, fasta, 2, 2.76, 2.01, 1.26, 0.00, 2501, 40.5, , 1
C, fasta, 2, 2.93, 2.47, 0.77, 0.00, 1520, 40.2, , 1
C, fasta, 2, 2.99, 2.54, 0.77, 0.00, 1533, 40.5, , 1
C, fasta, 2, 2.98, 2.52, 0.77, 0.00, 1523, 40.8, , 1
C, fasta, 2, 2.98, 2.53, 0.77, 0.00, 1524, 40.5, , 1
C, fasta, 2, 3.04, 2.57, 0.78, 0.00, 1550, 40.2, , 1
C, fasta, 2, 3.03, 2.57, 0.79, 0.00, 1554, 40.2, , 1
C, fasta, 2, 3.03, 2.56, 0.78, 0.00, 1549, 40.5, , 1
C, fasta, 2, 2.99, 2.53, 0.77, 0.00, 1525, 40.2, , 1
C, fasta, 2, 3.06, 2.59, 0.79, 0.00, 1572, 40.2, , 1
C, fasta, 2, 3.04, 2.58, 0.78, 0.00, 1552, 40.5, , 1
C, fasta, 2, 2.99, 2.53, 0.77, 0.00, 1533, 40.5, , 1
C, fasta, 2, 3.03, 2.57, 0.79, 0.00, 1551, 40.2, , 1
C, fasta, 2, 3.03, 2.57, 0.78, 0.00, 1548, 40.5, , 1
C, fasta, 2, 2.97, 2.51, 0.77, 0.00, 1517, 40.0, , 1
C, fasta, 2, 2.94, 2.50, 0.76, 0.00, 1505, 40.2, , 1
C, fasta, 2, 3.01, 2.54, 0.78, 0.00, 1546, 40.2, , 1
C, fasta, 2, 2.94, 2.49, 0.76, 0.00, 1511, 40.0, , 1
C, fasta, 2, 2.97, 2.52, 0.77, 0.00, 1525, 40.2, , 1
C, fasta, 2, 3.06, 2.59, 0.79, 0.00, 1574, 40.0, , 1
C, k-nucleotide, 2, 32.47, 29.17, 8.37, 0.00, 11259, 40.0, , 1
C, k-nucleotide, 2, 32.07, 28.79, 8.67, 0.00, 11168, 39.5, , 1
C, k-nucleotide, 2, 32.60, 29.29, 9.07, 0.00, 11167, 39.2, , 1
C, k-nucleotide, 2, 32.73, 29.44, 8.68, 0.00, 11191, 39.2, , 1
C, k-nucleotide, 2, 32.18, 28.87, 8.90, 0.00, 11201, 39.2, , 1
C, k-nucleotide, 2, 32.59, 29.18, 9.53, 0.00, 11370, 39.0, , 1
C, k-nucleotide, 2, 32.33, 29.05, 8.70, 0.00, 11181, 39.0, , 1
C, k-nucleotide, 2, 32.92, 29.60, 8.94, 0.00, 11200, 39.0, , 1
C, k-nucleotide, 2, 32.74, 29.42, 8.91, 0.00, 11290, 38.5, , 1
C, k-nucleotide, 2, 32.44, 29.14, 8.87, 0.00, 11213, 38.5, , 1
C, k-nucleotide, 2, 32.54, 29.25, 8.66, 0.00, 11229, 39.0, , 1
C, k-nucleotide, 2, 32.75, 29.42, 9.22, 0.00, 11193, 38.5, , 1
C, k-nucleotide, 2, 32.83, 29.49, 9.06, 0.00, 11250, 38.0, , 1
C, k-nucleotide, 2, 32.90, 29.50, 9.70, 0.00, 11239, 38.5, , 1
C, k-nucleotide, 2, 32.47, 29.09, 9.46, 0.00, 11178, 38.0, , 1
C, k-nucleotide, 2, 32.47, 29.14, 8.66, 0.00, 11278, 37.8, , 1
C, k-nucleotide, 2, 32.38, 29.02, 9.28, 0.00, 11226, 37.8, , 1
C, k-nucleotide, 2, 32.50, 29.20, 8.53, 0.00, 11232, 38.0, , 1
C, k-nucleotide, 2, 32.17, 28.89, 8.30, 0.00, 11213, 37.5, , 1
C, k-nucleotide, 2, 33.04, 29.71, 9.01, 0.00, 11205, 37.5, , 1
C, mandelbrot, 2, 11.32, 10.03, 2.17, 0.00, 4287, 37.8, , 1
C, mandelbrot, 2, 11.30, 10.01, 2.17, 0.00, 4285, 37.5, , 1
C, mandelbrot, 2, 11.14, 9.83, 2.16, 0.00, 4280, 37.8, , 1
C, mandelbrot, 2, 11.27, 9.98, 2.16, 0.00, 4281, 37.8, , 1
C, mandelbrot, 2, 11.21, 9.91, 2.16, 0.00, 4278, 37.5, , 1
C, mandelbrot, 2, 11.30, 10.01, 2.16, 0.00, 4278, 37.5, , 1
C, mandelbrot, 2, 11.18, 9.88, 2.16, 0.00, 4279, 37.5, , 1
C, mandelbrot, 2, 11.64, 10.36, 2.16, 0.00, 4279, 37.5, , 1
C, mandelbrot, 2, 11.77, 10.48, 2.17, 0.00, 4291, 37.5, , 1
C, mandelbrot, 2, 11.60, 10.31, 2.16, 0.00, 4278, 37.5, , 1
C, mandelbrot, 2, 11.61, 10.33, 2.17, 0.00, 4281, 37.8, , 1
C, mandelbrot, 2, 11.52, 10.23, 2.16, 0.00, 4277, 37.5, , 1
C, mandelbrot, 2, 11.43, 10.15, 2.17, 0.00, 4279, 37.2, , 1
C, mandelbrot, 2, 11.54, 10.26, 2.17, 0.00, 4282, 37.2, , 1
C, mandelbrot, 2, 11.55, 10.26, 2.16, 0.00, 4278, 37.2, , 1
C, mandelbrot, 2, 11.51, 10.22, 2.17, 0.00, 4281, 37.5, , 1
C, mandelbrot, 2, 11.52, 10.23, 2.16, 0.00, 4276, 37.5, , 1
C, mandelbrot, 2, 11.62, 10.33, 2.16, 0.00, 4280, 37.5, , 1
C, mandelbrot, 2, 11.37, 10.08, 2.16, 0.00, 4277, 37.5, , 1
C, mandelbrot, 2, 11.77, 10.47, 2.17, 0.00, 4281, 37.5, , 1
C, n-body, 2, 8.75, 7.41, 2.25, 0.00, 4462, 37.0, , 1
C, n-body, 2, 8.70, 7.36, 2.23, 0.00, 4438, 37.0, , 1
C, n-body, 2, 8.75, 7.40, 2.25, 0.00, 4457, 36.8, , 1
C, n-body, 2, 8.72, 7.38, 2.24, 0.00, 4444, 36.8, , 1
C, n-body, 2, 8.92, 7.55, 2.29, 0.00, 4548, 36.8, , 1
C, n-body, 2, 8.77, 7.43, 2.25, 0.00, 4468, 36.8, , 1
C, n-body, 2, 8.78, 7.43, 2.26, 0.00, 4483, 36.5, , 1
C, n-body, 2, 8.70, 7.36, 2.23, 0.00, 4427, 36.5, , 1
C, n-body, 2, 8.67, 7.34, 2.23, 0.00, 4423, 36.8, , 1
C, n-body, 2, 8.73, 7.38, 2.24, 0.00, 4441, 36.2, , 1
C, n-body, 2, 8.64, 7.31, 2.22, 0.00, 4404, 36.8, , 1
C, n-body, 2, 8.65, 7.33, 2.22, 0.00, 4406, 36.5, , 1
C, n-body, 2, 8.62, 7.30, 2.21, 0.00, 4389, 36.8, , 1
C, n-body, 2, 8.68, 7.35, 2.23, 0.00, 4428, 36.5, , 1
C, n-body, 2, 8.67, 7.34, 2.22, 0.00, 4409, 36.0, , 1
C, n-body, 2, 8.63, 7.30, 2.21, 0.00, 4390, 36.5, , 1
C, n-body, 2, 8.58, 7.26, 2.21, 0.00, 4380, 36.5, , 1
C, n-body, 2, 8.65, 7.32, 2.21, 0.00, 4394, 36.5, , 1
C, n-body, 2, 8.62, 7.29, 2.21, 0.00, 4391, 36.8, , 1
C, n-body, 2, 8.63, 7.30, 2.21, 0.00, 4395, 36.2, , 1
C, regex-redux, 2, 6.93, 5.99, 1.86, 0.00, 3124, 36.0, , 1
C, regex-redux, 2, 6.93, 5.99, 1.86, 0.00, 3114, 36.0, , 1
C, regex-redux, 2, 6.82, 5.88, 1.87, 0.00, 3127, 36.0, , 1
C, regex-redux, 2, 6.79, 5.85, 1.86, 0.00, 3117, 35.8, , 1
C, regex-redux, 2, 6.83, 5.89, 1.86, 0.00, 3117, 36.0, , 1
C, regex-redux, 2, 6.80, 5.86, 1.86, 0.00, 3128, 36.0, , 1
C, regex-redux, 2, 6.81, 5.87, 1.86, 0.00, 3118, 36.0, , 1
C, regex-redux, 2, 6.90, 5.96, 1.87, 0.00, 3127, 36.0, , 1
C, regex-redux, 2, 7.11, 6.17, 1.87, 0.00, 3116, 36.0, , 1
C, regex-redux, 2, 7.04, 6.10, 1.86, 0.00, 3115, 35.8, , 1
C, regex-redux, 2, 7.04, 6.11, 1.86, 0.00, 3110, 35.8, , 1
C, regex-redux, 2, 7.10, 6.16, 1.87, 0.00, 3115, 35.8, , 1
C, regex-redux, 2, 7.07, 6.13, 1.86, 0.00, 3116, 35.8, , 1
C, regex-redux, 2, 7.06, 6.12, 1.86, 0.00, 3118, 36.2, , 1
C, regex-redux, 2, 7.12, 6.18, 1.86, 0.00, 3118, 35.8, , 1
C, regex-redux, 2, 7.18, 6.24, 1.86, 0.00, 3112, 36.0, , 1
C, regex-redux, 2, 7.20, 6.26, 1.86, 0.00, 3115, 35.8, , 1
C, regex-redux, 2, 7.40, 6.43, 1.91, 0.00, 3195, 35.5, , 1
C, regex-redux, 2, 7.16, 6.22, 1.86, 0.00, 3113, 35.8, , 1
C, regex-redux, 2, 7.05, 6.12, 1.86, 0.00, 3117, 35.5, , 1
C, reverse-complement, 2, 0.55, 0.43, 0.30, 0.00, 351, 35.8, , 1
C, reverse-complement, 2, 0.55, 0.43, 0.30, 0.00, 350, 35.8, , 1
C, reverse-complement, 2, 0.54, 0.43, 0.30, 0.00, 349, 35.8, , 1
C, reverse-complement, 2, 0.55, 0.43, 0.30, 0.00, 352, 35.8, , 1
C, reverse-complement, 2, 0.54, 0.43, 0.30, 0.00, 351, 35.8, , 1
C, reverse-complement, 2, 0.56, 0.45, 0.30, 0.00, 352, 35.8, , 1
C, reverse-complement, 2, 0.56, 0.45, 0.28, 0.00, 329, 35.8, , 1
C, reverse-complement, 2, 0.54, 0.44, 0.27, 0.00, 301, 35.8, , 1
C, reverse-complement, 2, 0.56, 0.46, 0.27, 0.00, 298, 35.8, , 1
C, reverse-complement, 2, 0.56, 0.46, 0.26, 0.00, 291, 35.8, , 1
C, reverse-complement, 2, 0.56, 0.46, 0.26, 0.00, 289, 35.8, , 1
C, reverse-complement, 2, 0.54, 0.44, 0.26, 0.00, 287, 35.5, , 1
C, reverse-complement, 2, 0.55, 0.45, 0.26, 0.00, 283, 35.5, , 1
C, reverse-complement, 2, 0.55, 0.45, 0.26, 0.00, 285, 35.5, , 1
C, reverse-complement, 2, 0.54, 0.45, 0.26, 0.00, 281, 35.8, , 1
C, reverse-complement, 2, 0.55, 0.46, 0.26, 0.00, 282, 35.8, , 1
C, reverse-complement, 2, 0.54, 0.45, 0.26, 0.00, 282, 35.8, , 1
C, reverse-complement, 2, 0.54, 0.44, 0.26, 0.00, 279, 36.2, , 1
C, reverse-complement, 2, 0.54, 0.44, 0.26, 0.00, 280, 36.2, , 1
C, reverse-complement, 2, 0.54, 0.45, 0.26, 0.00, 282, 36.2, , 1
C, spectral-norm, 2, 4.20, 3.78, 0.70, 0.00, 1386, 35.8, , 1
C, spectral-norm, 2, 4.21, 3.79, 0.70, 0.00, 1386, 36.2, , 1
C, spectral-norm, 2, 4.19, 3.77, 0.70, 0.00, 1385, 36.5, , 1
C, spectral-norm, 2, 4.20, 3.79, 0.70, 0.00, 1386, 36.0, , 1
C, spectral-norm, 2, 4.17, 3.76, 0.70, 0.00, 1382, 36.0, , 1
C, spectral-norm, 2, 4.21, 3.80, 0.71, 0.00, 1397, 36.0, , 1
C, spectral-norm, 2, 4.21, 3.80, 0.70, 0.00, 1385, 36.0, , 1
C, spectral-norm, 2, 4.20, 3.79, 0.70, 0.00, 1385, 36.2, , 1
C, spectral-norm, 2, 4.20, 3.79, 0.70, 0.00, 1383, 36.0, , 1
C, spectral-norm, 2, 4.20, 3.79, 0.70, 0.00, 1385, 36.0, , 1
C, spectral-norm, 2, 4.20, 3.79, 0.70, 0.00, 1384, 35.8, , 1
C, spectral-norm, 2, 4.27, 3.85, 0.71, 0.00, 1404, 36.0, , 1
C, spectral-norm, 2, 4.20, 3.79, 0.70, 0.00, 1384, 36.0, , 1
C, spectral-norm, 2, 4.21, 3.80, 0.71, 0.00, 1402, 35.5, , 1
C, spectral-norm, 2, 4.11, 3.70, 0.70, 0.00, 1384, 36.0, , 1
C, spectral-norm, 2, 4.13, 3.72, 0.70, 0.00, 1385, 36.2, , 1
C, spectral-norm, 2, 4.18, 3.77, 0.70, 0.00, 1383, 36.2, , 1
C, spectral-norm, 2, 4.15, 3.74, 0.70, 0.00, 1385, 35.8, , 1
C, spectral-norm, 2, 4.17, 3.76, 0.70, 0.00, 1383, 36.0, , 1
C, spectral-norm, 2, 4.18, 3.77, 0.70, 0.00, 1389, 35.8, , 1
C++, binary-trees, 2, 10.78, 9.66, 2.63, 0.00, 3526, 35.5, , 1
C++, binary-trees, 2, 10.59, 9.47, 2.55, 0.00, 3525, 36.0, , 1
C++, binary-trees, 2, 10.43, 9.33, 2.54, 0.00, 3471, 35.8, , 1
C++, binary-trees, 2, 10.65, 9.49, 2.71, 0.00, 3542, 35.8, , 1
C++, binary-trees, 2, 10.33, 9.24, 2.54, 0.00, 3402, 35.8, , 1
C++, binary-trees, 2, 10.50, 9.39, 2.55, 0.00, 3500, 35.8, , 1
C++, binary-trees, 2, 10.47, 9.35, 2.64, 0.00, 3463, 35.8, , 1
C++, binary-trees, 2, 10.57, 9.44, 2.63, 0.00, 3498, 35.8, , 1
C++, binary-trees, 2, 10.48, 9.34, 2.62, 0.00, 3467, 35.8, , 1
C++, binary-trees, 2, 10.52, 9.40, 2.55, 0.00, 3479, 36.0, , 1
C++, binary-trees, 2, 10.87, 9.70, 2.75, 0.00, 3594, 35.5, , 1
C++, binary-trees, 2, 10.61, 9.52, 2.51, 0.00, 3413, 36.0, , 1
C++, binary-trees, 2, 10.73, 9.56, 2.75, 0.00, 3551, 35.8, , 1
C++, binary-trees, 2, 10.41, 9.31, 2.56, 0.00, 3449, 35.5, , 1
C++, binary-trees, 2, 10.33, 9.23, 2.54, 0.00, 3398, 35.5, , 1
C++, binary-trees, 2, 10.52, 9.38, 2.68, 0.00, 3492, 35.5, , 1
C++, binary-trees, 2, 10.18, 9.12, 2.56, 0.00, 3356, 35.5, , 1
C++, binary-trees, 2, 10.78, 9.63, 2.64, 0.00, 3544, 35.8, , 1
C++, binary-trees, 2, 10.82, 9.66, 2.74, 0.00, 3553, 35.8, , 1
C++, binary-trees, 2, 10.51, 9.44, 2.58, 0.00, 3398, 35.8, , 1
C++, fannkuch-redux, 2, 41.95, 37.13, 8.05, 0.00, 15985, 35.8, , 1
C++, fannkuch-redux, 2, 41.07, 36.22, 8.04, 0.00, 15973, 35.2, , 1
C++, fannkuch-redux, 2, 41.06, 36.21, 8.04, 0.00, 15968, 35.2, , 1
C++, fannkuch-redux, 2, 41.11, 36.26, 8.05, 0.00, 15987, 35.0, , 1
C++, fannkuch-redux, 2, 42.05, 37.24, 8.04, 0.00, 15974, 35.2, , 1
C++, fannkuch-redux, 2, 41.17, 36.33, 8.06, 0.00, 15994, 35.5, , 1
C++, fannkuch-redux, 2, 40.86, 36.02, 8.04, 0.00, 15974, 35.5, , 1
C++, fannkuch-redux, 2, 40.88, 36.04, 8.04, 0.00, 15979, 35.0, , 1
C++, fannkuch-redux, 2, 40.51, 35.68, 8.07, 0.00, 16033, 34.5, , 1
C++, fannkuch-redux, 2, 40.82, 35.98, 8.04, 0.00, 15978, 35.0, , 1
C++, fannkuch-redux, 2, 41.34, 36.50, 8.04, 0.00, 15978, 34.8, , 1
C++, fannkuch-redux, 2, 40.81, 35.97, 8.06, 0.00, 15992, 34.8, , 1
C++, fannkuch-redux, 2, 41.04, 36.20, 8.06, 0.00, 16002, 34.8, , 1
C++, fannkuch-redux, 2, 41.38, 36.51, 8.05, 0.00, 15993, 35.0, , 1
C++, fannkuch-redux, 2, 41.07, 36.19, 8.05, 0.00, 16001, 35.0, , 1
C++, fannkuch-redux, 2, 41.41, 36.57, 8.05, 0.00, 15974, 34.8, , 1
C++, fannkuch-redux, 2, 40.61, 35.76, 8.04, 0.00, 15972, 34.8, , 1
C++, fannkuch-redux, 2, 40.90, 36.02, 8.05, 0.00, 15985, 34.8, , 1
C++, fannkuch-redux, 2, 41.35, 36.49, 8.05, 0.00, 15983, 34.8, , 1
C++, fannkuch-redux, 2, 41.47, 36.62, 8.06, 0.00, 15997, 34.5, , 1
C++, fasta, 2, 4.15, 3.51, 1.08, 0.00, 2141, 34.5, , 1
C++, fasta, 2, 4.22, 3.57, 1.09, 0.00, 2163, 34.8, , 1
C++, fasta, 2, 4.21, 3.57, 1.09, 0.00, 2156, 34.8, , 1
C++, fasta, 2, 4.18, 3.54, 1.08, 0.00, 2139, 34.2, , 1
C++, fasta, 2, 4.20, 3.56, 1.08, 0.00, 2145, 34.2, , 1
C++, fasta, 2, 4.22, 3.58, 1.09, 0.00, 2150, 34.2, , 1
C++, fasta, 2, 4.25, 3.60, 1.09, 0.00, 2168, 34.8, , 1
C++, fasta, 2, 4.29, 3.63, 1.10, 0.00, 2188, 34.8, , 1
C++, fasta, 2, 4.22, 3.57, 1.08, 0.00, 2151, 34.2, , 1
C++, fasta, 2, 4.17, 3.53, 1.07, 0.00, 2126, 34.0, , 1
C++, fasta, 2, 4.19, 3.55, 1.07, 0.00, 2130, 34.5, , 1
C++, fasta, 2, 4.20, 3.56, 1.08, 0.00, 2147, 34.8, , 1
C++, fasta, 2, 4.26, 3.61, 1.09, 0.00, 2170, 34.5, , 1
C++, fasta, 2, 4.21, 3.57, 1.09, 0.00, 2154, 34.8, , 1
C++, fasta, 2, 4.25, 3.60, 1.10, 0.00, 2171, 34.8, , 1
C++, fasta, 2, 4.21, 3.57, 1.08, 0.00, 2144, 34.5, , 1
C++, fasta, 2, 4.21, 3.56, 1.08, 0.00, 2150, 34.2, , 1
C++, fasta, 2, 4.23, 3.58, 1.09, 0.00, 2160, 34.5, , 1
C++, fasta, 2, 4.19, 3.55, 1.09, 0.00, 2147, 34.5, , 1
C++, fasta, 2, 4.22, 3.57, 1.09, 0.00, 2160, 34.5, , 1
C++, k-nucleotide, 2, 15.22, 12.97, 6.56, 0.00, 6236, 34.8, , 1
C++, k-nucleotide, 2, 15.40, 13.13, 6.60, 0.00, 6278, 34.5, , 1
C++, k-nucleotide, 2, 15.52, 13.25, 6.57, 0.00, 6286, 34.5, , 1
C++, k-nucleotide, 2, 15.48, 13.22, 6.61, 0.00, 6261, 34.2, , 1
C++, k-nucleotide, 2, 15.49, 13.22, 6.61, 0.00, 6269, 34.2, , 1
C++, k-nucleotide, 2, 15.44, 13.17, 6.62, 0.00, 6281, 34.5, , 1
C++, k-nucleotide, 2, 15.64, 13.36, 6.66, 0.00, 6273, 34.2, , 1
C++, k-nucleotide, 2, 15.63, 13.33, 6.69, 0.00, 6349, 34.5, , 1
C++, k-nucleotide, 2, 15.42, 13.15, 6.61, 0.00, 6270, 34.5, , 1
C++, k-nucleotide, 2, 15.40, 13.14, 6.52, 0.00, 6233, 34.8, , 1
C++, k-nucleotide, 2, 15.57, 13.27, 6.72, 0.00, 6304, 34.2, , 1
C++, k-nucleotide, 2, 15.22, 12.95, 6.52, 0.00, 6241, 34.5, , 1
C++, k-nucleotide, 2, 15.51, 13.24, 6.60, 0.00, 6305, 34.5, , 1
C++, k-nucleotide, 2, 15.34, 13.07, 6.59, 0.00, 6263, 34.2, , 1
C++, k-nucleotide, 2, 15.05, 12.79, 6.61, 0.00, 6241, 34.5, , 1
C++, k-nucleotide, 2, 15.06, 12.80, 6.60, 0.00, 6246, 34.2, , 1
C++, k-nucleotide, 2, 15.31, 13.05, 6.53, 0.00, 6266, 34.5, , 1
C++, k-nucleotide, 2, 15.21, 12.96, 6.50, 0.00, 6223, 35.0, , 1
C++, k-nucleotide, 2, 15.54, 13.26, 6.70, 0.00, 6295, 34.8, , 1
C++, k-nucleotide, 2, 15.34, 13.06, 6.65, 0.00, 6281, 34.8, , 1
C++, mandelbrot, 2, 9.07, 8.06, 1.70, 0.00, 3360, 34.5, , 1
C++, mandelbrot, 2, 9.04, 8.03, 1.71, 0.00, 3376, 34.2, , 1
C++, mandelbrot, 2, 9.04, 8.03, 1.70, 0.00, 3362, 34.5, , 1
C++, mandelbrot, 2, 9.23, 8.22, 1.71, 0.00, 3369, 34.5, , 1
C++, mandelbrot, 2, 9.18, 8.17, 1.71, 0.00, 3373, 34.2, , 1
C++, mandelbrot, 2, 9.21, 8.20, 1.70, 0.00, 3361, 34.2, , 1
C++, mandelbrot, 2, 9.20, 8.19, 1.72, 0.00, 3386, 34.2, , 1
C++, mandelbrot, 2, 9.25, 8.24, 1.70, 0.00, 3360, 34.2, , 1
C++, mandelbrot, 2, 9.20, 8.19, 1.70, 0.00, 3360, 34.8, , 1
C++, mandelbrot, 2, 9.30, 8.30, 1.71, 0.00, 3370, 34.5, , 1
C++, mandelbrot, 2, 9.29, 8.28, 1.70, 0.00, 3360, 34.2, , 1
C++, mandelbrot, 2, 9.28, 8.27, 1.70, 0.00, 3362, 34.5, , 1
C++, mandelbrot, 2, 9.38, 8.38, 1.70, 0.00, 3364, 34.5, , 1
C++, mandelbrot, 2, 9.31, 8.31, 1.70, 0.00, 3365, 33.8, , 1
C++, mandelbrot, 2, 9.26, 8.24, 1.73, 0.00, 3400, 34.2, , 1
C++, mandelbrot, 2, 9.41, 8.40, 1.71, 0.00, 3369, 34.2, , 1
C++, mandelbrot, 2, 9.35, 8.34, 1.71, 0.00, 3373, 34.2, , 1
C++, mandelbrot, 2, 9.31, 8.30, 1.71, 0.00, 3377, 34.8, , 1
C++, mandelbrot, 2, 9.34, 8.33, 1.71, 0.00, 3363, 34.2, , 1
C++, mandelbrot, 2, 9.33, 8.33, 1.70, 0.00, 3358, 34.5, , 1
C++, n-body, 2, 9.13, 7.70, 2.35, 0.00, 4667, 33.8, , 1
C++, n-body, 2, 9.03, 7.63, 2.33, 0.00, 4619, 34.5, , 1
C++, n-body, 2, 9.26, 7.83, 2.37, 0.00, 4693, 34.2, , 1
C++, n-body, 2, 9.35, 7.92, 2.39, 0.00, 4742, 34.2, , 1
C++, n-body, 2, 9.20, 7.77, 2.35, 0.00, 4666, 34.5, , 1
C++, n-body, 2, 9.22, 7.80, 2.36, 0.00, 4688, 34.2, , 1
C++, n-body, 2, 9.13, 7.71, 2.35, 0.00, 4661, 34.5, , 1
C++, n-body, 2, 9.03, 7.63, 2.32, 0.00, 4612, 34.0, , 1
C++, n-body, 2, 9.14, 7.73, 2.34, 0.00, 4649, 34.0, , 1
C++, n-body, 2, 9.03, 7.64, 2.32, 0.00, 4599, 34.2, , 1
C++, n-body, 2, 8.90, 7.53, 2.28, 0.00, 4531, 34.2, , 1
C++, n-body, 2, 9.10, 7.70, 2.33, 0.00, 4620, 34.2, , 1
C++, n-body, 2, 9.11, 7.69, 2.34, 0.00, 4639, 34.0, , 1
C++, n-body, 2, 9.04, 7.64, 2.31, 0.00, 4593, 34.5, , 1
C++, n-body, 2, 9.14, 7.72, 2.34, 0.00, 4639, 34.0, , 1
C++, n-body, 2, 9.30, 7.86, 2.38, 0.00, 4712, 33.8, , 1
C++, n-body, 2, 9.21, 7.79, 2.35, 0.00, 4672, 34.0, , 1
C++, n-body, 2, 9.18, 7.75, 2.36, 0.00, 4679, 33.8, , 1
C++, n-body, 2, 9.04, 7.64, 2.32, 0.00, 4610, 34.2, , 1
C++, n-body, 2, 9.21, 7.79, 2.36, 0.00, 4669, 34.0, , 1
C++, regex-redux, 2, 8.37, 7.08, 2.50, 0.00, 4245, 33.5, , 1
C++, regex-redux, 2, 8.33, 7.04, 2.51, 0.00, 4260, 33.5, , 1
C++, regex-redux, 2, 8.12, 6.86, 2.46, 0.00, 4157, 34.0, , 1
C++, regex-redux, 2, 8.14, 6.89, 2.43, 0.00, 4106, 33.8, , 1
C++, regex-redux, 2, 8.43, 7.13, 2.53, 0.00, 4289, 34.0, , 1
C++, regex-redux, 2, 8.38, 7.09, 2.50, 0.00, 4228, 33.8, , 1
C++, regex-redux, 2, 8.41, 7.10, 2.56, 0.00, 4337, 34.0, , 1
C++, regex-redux, 2, 8.38, 7.09, 2.53, 0.00, 4282, 33.8, , 1
C++, regex-redux, 2, 8.58, 7.26, 2.57, 0.00, 4364, 33.8, , 1
C++, regex-redux, 2, 8.54, 7.21, 2.57, 0.00, 4361, 33.8, , 1
C++, regex-redux, 2, 8.59, 7.27, 2.56, 0.00, 4342, 34.0, , 1
C++, regex-redux, 2, 8.51, 7.18, 2.59, 0.00, 4394, 33.5, , 1
C++, regex-redux, 2, 8.47, 7.17, 2.54, 0.00, 4306, 33.8, , 1
C++, regex-redux, 2, 8.38, 7.09, 2.51, 0.00, 4259, 33.5, , 1
C++, regex-redux, 2, 8.31, 7.00, 2.52, 0.00, 4277, 33.8, , 1
C++, regex-redux, 2, 8.27, 7.00, 2.50, 0.00, 4210, 33.8, , 1
C++, regex-redux, 2, 8.26, 6.99, 2.48, 0.00, 4198, 33.8, , 1
C++, regex-redux, 2, 8.35, 7.06, 2.51, 0.00, 4258, 33.8, , 1
C++, regex-redux, 2, 8.23, 6.95, 2.50, 0.00, 4223, 33.5, , 1
C++, regex-redux, 2, 8.22, 6.94, 2.48, 0.00, 4201, 34.0, , 1
C++, reverse-complement, 2, 0.75, 0.62, 0.33, 0.00, 383, 34.2, , 1
C++, reverse-complement, 2, 0.74, 0.61, 0.33, 0.00, 379, 34.2, , 1
C++, reverse-complement, 2, 0.75, 0.62, 0.34, 0.00, 383, 33.8, , 1
C++, reverse-complement, 2, 0.73, 0.60, 0.33, 0.00, 378, 33.8, , 1
C++, reverse-complement, 2, 0.72, 0.59, 0.33, 0.00, 377, 33.8, , 1
C++, reverse-complement, 2, 0.75, 0.62, 0.34, 0.00, 384, 34.0, , 1
C++, reverse-complement, 2, 0.75, 0.61, 0.33, 0.00, 381, 34.0, , 1
C++, reverse-complement, 2, 0.74, 0.61, 0.33, 0.00, 380, 34.0, , 1
C++, reverse-complement, 2, 0.74, 0.61, 0.33, 0.00, 378, 34.0, , 1
C++, reverse-complement, 2, 0.73, 0.60, 0.33, 0.00, 379, 34.0, , 1
C++, reverse-complement, 2, 0.74, 0.61, 0.33, 0.00, 380, 34.0, , 1
C++, reverse-complement, 2, 0.73, 0.59, 0.34, 0.00, 381, 34.0, , 1
C++, reverse-complement, 2, 0.73, 0.60, 0.33, 0.00, 379, 34.0, , 1
C++, reverse-complement, 2, 0.76, 0.62, 0.34, 0.00, 385, 34.0, , 1
C++, reverse-complement, 2, 0.75, 0.61, 0.33, 0.00, 382, 34.0, , 1
C++, reverse-complement, 2, 0.73, 0.60, 0.33, 0.00, 381, 34.0, , 1
C++, reverse-complement, 2, 0.74, 0.61, 0.33, 0.00, 379, 34.0, , 1
C++, reverse-complement, 2, 0.74, 0.60, 0.33, 0.00, 378, 33.8, , 1
C++, reverse-complement, 2, 0.77, 0.64, 0.34, 0.00, 393, 33.8, , 1
C++, reverse-complement, 2, 0.75, 0.62, 0.33, 0.00, 384, 33.8, , 1
C++, spectral-norm, 2, 4.06, 3.57, 0.81, 0.00, 1596, 33.5, , 1
C++, spectral-norm, 2, 3.91, 3.44, 0.81, 0.00, 1598, 33.5, , 1
C++, spectral-norm, 2, 3.82, 3.35, 0.81, 0.00, 1597, 33.8, , 1
C++, spectral-norm, 2, 3.86, 3.38, 0.81, 0.00, 1598, 33.8, , 1
C++, spectral-norm, 2, 3.88, 3.40, 0.80, 0.00, 1595, 34.0, , 1
C++, spectral-norm, 2, 3.92, 3.43, 0.82, 0.00, 1627, 33.8, , 1
C++, spectral-norm, 2, 3.87, 3.39, 0.80, 0.00, 1596, 33.8, , 1
C++, spectral-norm, 2, 3.96, 3.48, 0.82, 0.00, 1615, 33.5, , 1
C++, spectral-norm, 2, 4.06, 3.58, 0.81, 0.00, 1595, 33.8, , 1
C++, spectral-norm, 2, 3.92, 3.44, 0.81, 0.00, 1598, 33.5, , 1
C++, spectral-norm, 2, 4.00, 3.52, 0.81, 0.00, 1612, 33.5, , 1
C++, spectral-norm, 2, 3.99, 3.51, 0.81, 0.00, 1596, 34.0, , 1
C++, spectral-norm, 2, 3.82, 3.34, 0.81, 0.00, 1596, 34.0, , 1
C++, spectral-norm, 2, 3.78, 3.31, 0.81, 0.00, 1599, 34.0, , 1
C++, spectral-norm, 2, 3.82, 3.35, 0.81, 0.00, 1599, 33.8, , 1
C++, spectral-norm, 2, 3.87, 3.39, 0.80, 0.00, 1594, 33.8, , 1
C++, spectral-norm, 2, 3.88, 3.41, 0.81, 0.00, 1597, 34.2, , 1
C++, spectral-norm, 2, 3.88, 3.40, 0.81, 0.00, 1596, 33.8, , 1
C++, spectral-norm, 2, 3.88, 3.41, 0.81, 0.00, 1598, 33.5, , 1
C++, spectral-norm, 2, 3.93, 3.45, 0.81, 0.00, 1612, 34.0, , 1
Java, binary-trees, 2, 20.34, 17.68, 8.02, 0.00, 6821, 33.8, , 1
Java, binary-trees, 2, 19.78, 17.16, 7.95, 0.00, 6707, 33.8, , 1
Java, binary-trees, 2, 20.54, 17.87, 8.06, 0.00, 6845, 33.5, , 1
Java, binary-trees, 2, 20.36, 17.70, 8.03, 0.00, 6819, 33.8, , 1
Java, binary-trees, 2, 20.00, 17.36, 7.99, 0.00, 6774, 34.0, , 1
Java, binary-trees, 2, 20.39, 17.71, 8.08, 0.00, 6866, 34.0, , 1
Java, binary-trees, 2, 19.79, 17.15, 7.98, 0.00, 6746, 33.8, , 1
Java, binary-trees, 2, 19.81, 17.16, 8.00, 0.00, 6769, 33.8, , 1
Java, binary-trees, 2, 20.09, 17.47, 7.95, 0.00, 6701, 33.8, , 1
Java, binary-trees, 2, 20.20, 17.57, 7.96, 0.00, 6706, 33.8, , 1
Java, binary-trees, 2, 20.15, 17.50, 7.98, 0.00, 6744, 34.0, , 1
Java, binary-trees, 2, 20.45, 17.79, 7.99, 0.00, 6789, 34.2, , 1
Java, binary-trees, 2, 20.60, 17.92, 8.07, 0.00, 6860, 33.8, , 1
Java, binary-trees, 2, 20.44, 17.78, 8.00, 0.00, 6778, 34.0, , 1
Java, binary-trees, 2, 20.40, 17.75, 8.00, 0.00, 6790, 34.0, , 1
Java, binary-trees, 2, 20.28, 17.63, 7.97, 0.00, 6766, 33.5, , 1
Java, binary-trees, 2, 20.25, 17.62, 7.95, 0.00, 6705, 34.2, , 1
Java, binary-trees, 2, 20.44, 17.78, 8.01, 0.00, 6792, 34.2, , 1
Java, binary-trees, 2, 20.03, 17.41, 7.95, 0.00, 6696, 34.0, , 1
Java, binary-trees, 2, 19.87, 17.24, 7.94, 0.00, 6702, 33.8, , 1
Java, fannkuch-redux, 2, 119.36, 108.20, 18.89, 0.00, 37474, 34.2, , 1
Java, fannkuch-redux, 2, 117.70, 106.61, 18.75, 0.00, 37220, 33.8, , 1
Java, fannkuch-redux, 2, 122.17, 110.85, 19.15, 0.00, 38034, 34.2, , 1
Java, fannkuch-redux, 2, 114.85, 104.10, 18.17, 0.00, 36061, 34.2, , 1
Java, fannkuch-redux, 2, 119.64, 108.46, 18.92, 0.00, 37555, 34.0, , 1
Java, fannkuch-redux, 2, 119.37, 108.30, 18.76, 0.00, 37239, 34.2, , 1
Java, fannkuch-redux, 2, 120.20, 109.08, 18.83, 0.00, 37364, 34.5, , 1
Java, fannkuch-redux, 2, 119.11, 108.06, 18.69, 0.00, 37105, 33.8, , 1
Java, fannkuch-redux, 2, 113.52, 102.94, 17.88, 0.00, 35479, 34.2, , 1
Java, fannkuch-redux, 2, 116.27, 105.45, 18.10, 0.00, 35906, 34.2, , 1
Java, fannkuch-redux, 2, 119.92, 108.86, 18.75, 0.00, 37185, 34.0, , 1
Java, fannkuch-redux, 2, 119.97, 108.91, 18.70, 0.00, 37113, 34.0, , 1
Java, fannkuch-redux, 2, 121.25, 110.09, 18.86, 0.00, 37431, 33.8, , 1
Java, fannkuch-redux, 2, 124.19, 112.83, 19.19, 0.00, 38061, 34.0, , 1
Java, fannkuch-redux, 2, 120.95, 109.86, 18.76, 0.00, 37223, 34.2, , 1
Java, fannkuch-redux, 2, 121.02, 109.96, 18.72, 0.00, 37149, 33.8, , 1
Java, fannkuch-redux, 2, 120.05, 109.00, 18.70, 0.00, 37096, 34.2, , 1
Java, fannkuch-redux, 2, 116.33, 105.56, 18.20, 0.00, 36100, 33.8, , 1
Java, fannkuch-redux, 2, 123.33, 112.00, 19.19, 0.00, 38071, 34.0, , 1
Java, fannkuch-redux, 2, 119.60, 108.54, 18.70, 0.00, 37100, 34.0, , 1
Java, fasta, 2, 10.26, 8.95, 2.27, 0.00, 4401, 34.0, , 1
Java, fasta, 2, 10.30, 8.97, 2.29, 0.00, 4429, 33.5, , 1
Java, fasta, 2, 10.13, 8.81, 2.27, 0.00, 4407, 34.0, , 1
Java, fasta, 2, 10.24, 8.92, 2.27, 0.00, 4411, 33.5, , 1
Java, fasta, 2, 10.17, 8.85, 2.29, 0.00, 4432, 33.5, , 1
Java, fasta, 2, 10.00, 8.67, 2.28, 0.00, 4429, 33.8, , 1
Java, fasta, 2, 10.12, 8.80, 2.27, 0.00, 4412, 33.8, , 1
Java, fasta, 2, 10.17, 8.85, 2.27, 0.00, 4396, 33.8, , 1
Java, fasta, 2, 10.30, 8.98, 2.28, 0.00, 4415, 33.2, , 1
Java, fasta, 2, 10.29, 8.97, 2.29, 0.00, 4427, 34.0, , 1
Java, fasta, 2, 10.39, 9.06, 2.28, 0.00, 4419, 33.8, , 1
Java, fasta, 2, 10.38, 9.06, 2.27, 0.00, 4404, 33.8, , 1
Java, fasta, 2, 10.26, 8.94, 2.28, 0.00, 4424, 33.8, , 1
Java, fasta, 2, 10.24, 8.92, 2.28, 0.00, 4410, 33.5, , 1
Java, fasta, 2, 10.19, 8.87, 2.28, 0.00, 4418, 33.5, , 1
Java, fasta, 2, 10.17, 8.85, 2.28, 0.00, 4411, 33.5, , 1
Java, fasta, 2, 10.30, 8.97, 2.30, 0.00, 4448, 33.8, , 1
Java, fasta, 2, 10.37, 9.06, 2.27, 0.00, 4401, 34.0, , 1
Java, fasta, 2, 10.27, 8.95, 2.28, 0.00, 4407, 33.8, , 1
Java, fasta, 2, 10.13, 8.81, 2.28, 0.00, 4417, 33.8, , 1
Java, k-nucleotide, 2, 47.13, 42.12, 10.49, 0.00, 16996, 33.8, , 1
Java, k-nucleotide, 2, 46.25, 41.29, 10.35, 0.00, 16857, 33.5, , 1
Java, k-nucleotide, 2, 47.12, 42.11, 10.48, 0.00, 16970, 33.8, , 1
Java, k-nucleotide, 2, 47.00, 42.00, 10.46, 0.00, 16966, 34.0, , 1
Java, k-nucleotide, 2, 47.00, 41.97, 10.46, 0.00, 17009, 33.8, , 1
Java, k-nucleotide, 2, 46.40, 41.44, 10.38, 0.00, 16853, 33.8, , 1
Java, k-nucleotide, 2, 45.55, 40.61, 10.37, 0.00, 16830, 33.5, , 1
Java, k-nucleotide, 2, 46.93, 41.93, 10.49, 0.00, 16972, 33.5, , 1
Java, k-nucleotide, 2, 46.61, 41.63, 10.45, 0.00, 16956, 33.5, , 1
Java, k-nucleotide, 2, 45.58, 40.61, 10.42, 0.00, 16894, 33.5, , 1
Java, k-nucleotide, 2, 46.79, 41.80, 10.40, 0.00, 16924, 33.8, , 1
Java, k-nucleotide, 2, 46.85, 41.85, 10.48, 0.00, 16985, 33.5, , 1
Java, k-nucleotide, 2, 46.92, 41.93, 10.45, 0.00, 16987, 33.8, , 1
Java, k-nucleotide, 2, 46.78, 41.74, 10.58, 0.00, 17161, 33.5, , 1
Java, k-nucleotide, 2, 46.65, 41.69, 10.41, 0.00, 16866, 33.2, , 1
Java, k-nucleotide, 2, 47.09, 42.12, 10.44, 0.00, 16902, 33.8, , 1
Java, k-nucleotide, 2, 47.36, 42.39, 10.39, 0.00, 16835, 33.5, , 1
Java, k-nucleotide, 2, 47.21, 42.20, 10.52, 0.00, 17023, 33.2, , 1
Java, k-nucleotide, 2, 47.28, 42.27, 10.48, 0.00, 16984, 33.5, , 1
Java, k-nucleotide, 2, 46.99, 42.01, 10.47, 0.00, 16959, 33.2, , 1
Java, mandelbrot, 2, 39.44, 35.11, 7.28, 0.00, 14314, 33.2, , 1
Java, mandelbrot, 2, 39.77, 35.42, 7.30, 0.00, 14345, 33.2, , 1
Java, mandelbrot, 2, 39.11, 34.81, 7.25, 0.00, 14254, 33.8, , 1
Java, mandelbrot, 2, 38.86, 34.56, 7.25, 0.00, 14268, 33.5, , 1
Java, mandelbrot, 2, 38.36, 34.04, 7.30, 0.00, 14359, 33.5, , 1
Java, mandelbrot, 2, 38.24, 33.94, 7.27, 0.00, 14308, 33.8, , 1
Java, mandelbrot, 2, 38.29, 33.98, 7.26, 0.00, 14291, 33.5, , 1
Java, mandelbrot, 2, 38.23, 33.91, 7.29, 0.00, 14333, 33.5, , 1
Java, mandelbrot, 2, 38.92, 34.61, 7.26, 0.00, 14289, 33.5, , 1
Java, mandelbrot, 2, 39.72, 35.40, 7.28, 0.00, 14304, 33.5, , 1
Java, mandelbrot, 2, 40.72, 36.29, 7.46, 0.00, 14670, 33.8, , 1
Java, mandelbrot, 2, 39.24, 34.92, 7.27, 0.00, 14294, 34.0, , 1
Java, mandelbrot, 2, 39.61, 35.29, 7.26, 0.00, 14280, 33.5, , 1
Java, mandelbrot, 2, 39.18, 34.87, 7.26, 0.00, 14271, 33.8, , 1
Java, mandelbrot, 2, 38.72, 34.41, 7.27, 0.00, 14309, 33.8, , 1
Java, mandelbrot, 2, 39.14, 34.82, 7.27, 0.00, 14294, 33.8, , 1
Java, mandelbrot, 2, 39.43, 35.12, 7.27, 0.00, 14296, 33.5, , 1
Java, mandelbrot, 2, 39.06, 34.75, 7.27, 0.00, 14275, 33.8, , 1
Java, mandelbrot, 2, 38.00, 33.68, 7.27, 0.00, 14290, 34.0, , 1
Java, mandelbrot, 2, 37.84, 33.55, 7.24, 0.00, 14241, 33.5, , 1
Java, n-body, 2, 20.60, 17.42, 5.29, 0.00, 10477, 34.2, , 1
Java, n-body, 2, 21.03, 17.79, 5.41, 0.00, 10693, 33.8, , 1
Java, n-body, 2, 20.93, 17.69, 5.37, 0.00, 10633, 33.5, , 1
Java, n-body, 2, 20.23, 17.11, 5.20, 0.00, 10295, 33.5, , 1
Java, n-body, 2, 20.54, 17.39, 5.27, 0.00, 10424, 33.8, , 1
Java, n-body, 2, 20.49, 17.33, 5.26, 0.00, 10410, 34.0, , 1
Java, n-body, 2, 20.37, 17.23, 5.24, 0.00, 10359, 33.5, , 1
Java, n-body, 2, 20.34, 17.21, 5.22, 0.00, 10333, 33.8, , 1
Java, n-body, 2, 20.64, 17.48, 5.30, 0.00, 10495, 33.8, , 1
Java, n-body, 2, 20.73, 17.53, 5.33, 0.00, 10537, 33.8, , 1
Java, n-body, 2, 20.74, 17.57, 5.33, 0.00, 10550, 33.5, , 1
Java, n-body, 2, 20.68, 17.49, 5.31, 0.00, 10504, 33.8, , 1
Java, n-body, 2, 20.85, 17.63, 5.36, 0.00, 10597, 33.5, , 1
Java, n-body, 2, 20.89, 17.68, 5.37, 0.00, 10629, 33.5, , 1
Java, n-body, 2, 21.14, 17.90, 5.44, 0.00, 10766, 33.2, , 1
Java, n-body, 2, 21.37, 18.07, 5.49, 0.00, 10848, 33.8, , 1
Java, n-body, 2, 21.05, 17.84, 5.42, 0.00, 10726, 33.5, , 1
Java, n-body, 2, 20.82, 17.63, 5.35, 0.00, 10590, 33.8, , 1
Java, n-body, 2, 20.46, 17.31, 5.27, 0.00, 10401, 33.8, , 1
Java, n-body, 2, 20.97, 17.73, 5.38, 0.00, 10649, 33.5, , 1
Java, regex-redux, 2, 49.45, 43.83, 10.52, 0.00, 18633, 33.8, , 1
Java, regex-redux, 2, 47.44, 41.94, 10.31, 0.00, 18239, 33.5, , 1
Java, regex-redux, 2, 49.68, 44.01, 10.62, 0.00, 18799, 33.5, , 1
Java, regex-redux, 2, 49.96, 44.31, 10.61, 0.00, 18758, 33.5, , 1
Java, regex-redux, 2, 50.05, 44.33, 10.68, 0.00, 18959, 33.2, , 1
Java, regex-redux, 2, 48.45, 42.92, 10.42, 0.00, 18359, 33.5, , 1
Java, regex-redux, 2, 49.11, 43.54, 10.47, 0.00, 18482, 33.5, , 1
Java, regex-redux, 2, 50.84, 45.01, 10.90, 0.00, 19340, 33.5, , 1
Java, regex-redux, 2, 49.05, 43.46, 10.48, 0.00, 18531, 33.8, , 1
Java, regex-redux, 2, 48.64, 42.97, 10.65, 0.00, 18823, 33.8, , 1
Java, regex-redux, 2, 49.40, 43.79, 10.53, 0.00, 18599, 33.5, , 1
Java, regex-redux, 2, 49.21, 43.54, 10.61, 0.00, 18817, 33.5, , 1
Java, regex-redux, 2, 49.49, 43.90, 10.47, 0.00, 18514, 33.5, , 1
Java, regex-redux, 2, 51.11, 45.40, 10.67, 0.00, 18905, 33.2, , 1
Java, regex-redux, 2, 50.48, 44.78, 10.68, 0.00, 18914, 33.0, , 1
Java, regex-redux, 2, 49.01, 43.38, 10.54, 0.00, 18650, 33.2, , 1
Java, regex-redux, 2, 51.00, 45.08, 11.03, 0.00, 19649, 33.2, , 1
Java, regex-redux, 2, 48.42, 42.90, 10.37, 0.00, 18322, 33.5, , 1
Java, regex-redux, 2, 48.96, 43.39, 10.45, 0.00, 18468, 33.2, , 1
Java, regex-redux, 2, 50.01, 44.25, 10.79, 0.00, 19103, 33.0, , 1
Java, reverse-complement, 2, 4.30, 3.39, 1.98, 0.00, 2923, 33.5, , 1
Java, reverse-complement, 2, 4.26, 3.56, 1.60, 0.00, 2219, 33.8, , 1
Java, reverse-complement, 2, 4.26, 3.56, 1.58, 0.00, 2181, 33.5, , 1
Java, reverse-complement, 2, 4.21, 3.52, 1.57, 0.00, 2163, 33.5, , 1
Java, reverse-complement, 2, 4.27, 3.58, 1.58, 0.00, 2184, 33.5, , 1
Java, reverse-complement, 2, 4.22, 3.53, 1.56, 0.00, 2158, 33.2, , 1
Java, reverse-complement, 2, 4.19, 3.51, 1.57, 0.00, 2160, 33.8, , 1
Java, reverse-complement, 2, 4.25, 3.56, 1.56, 0.00, 2160, 33.5, , 1
Java, reverse-complement, 2, 4.23, 3.54, 1.57, 0.00, 2169, 34.0, , 1
Java, reverse-complement, 2, 4.25, 3.56, 1.57, 0.00, 2170, 34.0, , 1
Java, reverse-complement, 2, 4.17, 3.48, 1.56, 0.00, 2151, 33.5, , 1
Java, reverse-complement, 2, 4.22, 3.53, 1.56, 0.00, 2162, 33.5, , 1
Java, reverse-complement, 2, 4.30, 3.60, 1.57, 0.00, 2175, 33.5, , 1
Java, reverse-complement, 2, 4.36, 3.65, 1.61, 0.00, 2230, 33.5, , 1
Java, reverse-complement, 2, 4.26, 3.56, 1.58, 0.00, 2193, 33.2, , 1
Java, reverse-complement, 2, 4.20, 3.51, 1.56, 0.00, 2156, 33.5, , 1
Java, reverse-complement, 2, 4.30, 3.61, 1.58, 0.00, 2186, 33.5, , 1
Java, reverse-complement, 2, 4.25, 3.56, 1.58, 0.00, 2181, 33.2, , 1
Java, reverse-complement, 2, 4.29, 3.59, 1.58, 0.00, 2200, 33.8, , 1
Java, reverse-complement, 2, 4.31, 3.60, 1.59, 0.00, 2207, 33.5, , 1
Java, spectral-norm, 2, 6.70, 5.95, 1.29, 0.00, 2505, 33.5, , 1
Java, spectral-norm, 2, 6.56, 5.81, 1.29, 0.00, 2502, 33.0, , 1
Java, spectral-norm, 2, 6.75, 6.00, 1.30, 0.00, 2516, 33.5, , 1
Java, spectral-norm, 2, 6.78, 6.03, 1.30, 0.00, 2514, 33.5, , 1
Java, spectral-norm, 2, 6.69, 5.95, 1.28, 0.00, 2485, 33.5, , 1
Java, spectral-norm, 2, 6.73, 5.98, 1.29, 0.00, 2508, 33.5, , 1
Java, spectral-norm, 2, 6.81, 6.06, 1.30, 0.00, 2518, 33.8, , 1
Java, spectral-norm, 2, 6.68, 5.92, 1.29, 0.00, 2514, 33.2, , 1
Java, spectral-norm, 2, 6.60, 5.84, 1.29, 0.00, 2505, 33.5, , 1
Java, spectral-norm, 2, 6.62, 5.86, 1.30, 0.00, 2527, 33.5, , 1
Java, spectral-norm, 2, 6.67, 5.92, 1.29, 0.00, 2507, 33.2, , 1
Java, spectral-norm, 2, 6.53, 5.78, 1.29, 0.00, 2508, 33.5, , 1
Java, spectral-norm, 2, 6.52, 5.77, 1.29, 0.00, 2500, 33.8, , 1
Java, spectral-norm, 2, 6.52, 5.77, 1.29, 0.00, 2506, 33.2, , 1
Java, spectral-norm, 2, 6.68, 5.91, 1.32, 0.00, 2546, 33.8, , 1
Java, spectral-norm, 2, 6.56, 5.80, 1.29, 0.00, 2503, 33.5, , 1
Java, spectral-norm, 2, 6.68, 5.93, 1.30, 0.00, 2513, 33.5, , 1
Java, spectral-norm, 2, 6.57, 5.81, 1.30, 0.00, 2521, 33.5, , 1
Java, spectral-norm, 2, 6.52, 5.77, 1.29, 0.00, 2503, 33.2, , 1
Java, spectral-norm, 2, 6.56, 5.81, 1.29, 0.00, 2510, 33.5, , 1
Python, binary-trees, 2, 376.85, 340.91, 78.45, 0.00, 114857, 34.0, , 1
Python, binary-trees, 2, 375.59, 339.63, 78.59, 0.00, 115037, 33.8, , 1
Python, binary-trees, 2, 373.47, 337.57, 78.60, 0.00, 114799, 33.8, , 1
Python, binary-trees, 2, 370.46, 334.66, 78.20, 0.00, 114311, 34.2, , 1
Python, binary-trees, 2, 366.61, 330.80, 78.51, 0.00, 114504, 34.0, , 1
Python, binary-trees, 2, 370.31, 334.33, 78.57, 0.00, 115048, 34.0, , 1
Python, binary-trees, 2, 366.34, 330.47, 78.18, 0.00, 114386, 34.0, , 1
Python, binary-trees, 2, 359.35, 323.59, 78.24, 0.00, 114363, 33.8, , 1
Python, binary-trees, 2, 368.47, 332.64, 78.37, 0.00, 114525, 33.8, , 1
Python, binary-trees, 2, 369.32, 333.30, 78.47, 0.00, 114908, 34.0, , 1
Python, binary-trees, 2, 363.48, 327.58, 78.24, 0.00, 114555, 34.8, , 1
Python, binary-trees, 2, 362.94, 327.02, 78.25, 0.00, 114478, 34.2, , 1
Python, binary-trees, 2, 357.83, 322.14, 78.35, 0.00, 114086, 34.2, , 1
Python, binary-trees, 2, 368.22, 332.37, 78.45, 0.00, 114651, 34.5, , 1
Python, binary-trees, 2, 363.72, 327.72, 78.67, 0.00, 114905, 34.5, , 1
Python, binary-trees, 2, 368.11, 332.43, 77.89, 0.00, 113713, 34.2, , 1
Python, binary-trees, 2, 363.32, 327.33, 78.18, 0.00, 114579, 33.8, , 1
Python, binary-trees, 2, 363.83, 328.06, 78.15, 0.00, 114086, 34.2, , 1
Python, binary-trees, 2, 368.26, 332.53, 78.27, 0.00, 114099, 34.0, , 1
Python, binary-trees, 2, 361.70, 326.01, 78.19, 0.00, 114174, 34.5, , 1
Python, fannkuch-redux, 2, 3517.81, 3209.04, 513.11, 0.00, 1019571, 34.0, , 1
Python, fannkuch-redux, 2, 3521.41, 3212.10, 514.49, 0.00, 1022316, 34.2, , 1
Python, fannkuch-redux, 2, 3537.43, 3230.61, 513.73, 0.00, 1020807, 34.5, , 1
Python, fannkuch-redux, 2, 3547.67, 3237.60, 517.58, 0.00, 1027926, 34.5, , 1
Python, fannkuch-redux, 2, 3503.45, 3196.36, 514.59, 0.00, 1022538, 36.0, , 1
Python, fannkuch-redux, 2, 3437.08, 3131.55, 512.51, 0.00, 1018371, 37.8, , 1
Python, fannkuch-redux, 2, 3442.72, 3135.62, 514.62, 0.00, 1022632, 38.8, , 1
Python, fannkuch-redux, 2, 3443.93, 3136.02, 516.05, 0.00, 1025329, 39.0, , 1
Python, fannkuch-redux, 2, 3419.03, 3113.44, 513.74, 0.00, 1020633, 39.5, , 1
Python, fannkuch-redux, 2, 3483.89, 3179.05, 515.00, 0.00, 1022998, 39.0, , 1
Python, fannkuch-redux, 2, 3451.89, 3146.30, 514.11, 0.00, 1021140, 39.5, , 1
Python, fannkuch-redux, 2, 3445.16, 3140.31, 512.54, 0.00, 1018018, 40.0, , 1
Python, fannkuch-redux, 2, 3405.76, 3098.45, 514.68, 0.00, 1022289, 40.0, , 1
Python, fannkuch-redux, 2, 3461.19, 3155.17, 515.46, 0.00, 1023638, 40.0, , 1
Python, fannkuch-redux, 2, 3403.31, 3095.75, 513.80, 0.00, 1020611, 40.2, , 1
Python, fannkuch-redux, 2, 3383.35, 3079.15, 511.79, 0.00, 1016526, 40.8, , 1
Python, fannkuch-redux, 2, 3431.88, 3126.54, 514.72, 0.00, 1022319, 40.5, , 1
Python, fannkuch-redux, 2, 3482.60, 3179.48, 513.50, 0.00, 1019979, 41.0, , 1
Python, fannkuch-redux, 2, 3469.36, 3164.57, 516.04, 0.00, 1025016, 40.5, , 1
Python, fannkuch-redux, 2, 3608.69, 3290.98, 535.94, 0.00, 1064592, 41.0, , 1
Python, fasta, 2, 217.96, 184.86, 55.94, 0.00, 111123, 40.2, , 1
Python, fasta, 2, 216.81, 183.73, 55.58, 0.00, 110423, 40.5, , 1
Python, fasta, 2, 220.10, 186.56, 56.43, 0.00, 112113, 40.5, , 1
Python, fasta, 2, 217.83, 184.63, 55.85, 0.00, 110989, 40.2, , 1
Python, fasta, 2, 218.11, 184.67, 55.87, 0.00, 111006, 40.0, , 1
Python, fasta, 2, 219.45, 186.19, 56.30, 0.00, 111866, 40.0, , 1
Python, fasta, 2, 218.01, 184.84, 55.91, 0.00, 111112, 40.0, , 1
Python, fasta, 2, 219.04, 185.72, 56.18, 0.00, 111626, 39.8, , 1
Python, fasta, 2, 218.84, 185.29, 56.04, 0.00, 111336, 40.5, , 1
Python, fasta, 2, 220.11, 186.66, 56.49, 0.00, 112194, 40.0, , 1
Python, fasta, 2, 217.87, 184.44, 55.82, 0.00, 110872, 40.0, , 1
Python, fasta, 2, 222.08, 188.04, 56.88, 0.00, 112994, 40.0, , 1
Python, fasta, 2, 220.79, 187.18, 56.67, 0.00, 112554, 40.2, , 1
Python, fasta, 2, 220.57, 186.86, 56.54, 0.00, 112292, 39.8, , 1
Python, fasta, 2, 223.24, 189.15, 57.25, 0.00, 113723, 39.5, , 1
Python, fasta, 2, 220.18, 186.51, 56.42, 0.00, 112065, 40.2, , 1
Python, fasta, 2, 217.05, 183.87, 55.66, 0.00, 110566, 40.0, , 1
Python, fasta, 2, 219.68, 186.19, 56.35, 0.00, 111914, 40.2, , 1
Python, fasta, 2, 221.80, 187.82, 56.82, 0.00, 112853, 39.5, , 1
Python, fasta, 2, 221.81, 187.93, 56.87, 0.00, 112958, 40.0, , 1
Python, k-nucleotide, 2, 454.67, 413.49, 101.58, 0.00, 137297, 40.5, , 1
Python, k-nucleotide, 2, 453.70, 412.51, 101.52, 0.00, 138065, 40.8, , 1
Python, k-nucleotide, 2, 447.95, 406.43, 102.32, 0.00, 139386, 40.8, , 1
Python, k-nucleotide, 2, 439.94, 398.48, 102.00, 0.00, 139256, 41.0, , 1
Python, k-nucleotide, 2, 440.41, 399.43, 101.50, 0.00, 137693, 41.0, , 1
Python, k-nucleotide, 2, 450.54, 409.11, 102.25, 0.00, 139331, 41.0, , 1
Python, k-nucleotide, 2, 447.07, 406.43, 100.88, 0.00, 136776, 41.2, , 1
Python, k-nucleotide, 2, 450.30, 408.95, 102.11, 0.00, 139133, 41.0, , 1
Python, k-nucleotide, 2, 447.72, 406.67, 101.77, 0.00, 137647, 41.0, , 1
Python, k-nucleotide, 2, 444.26, 403.53, 101.00, 0.00, 136570, 41.2, , 1
Python, k-nucleotide, 2, 437.21, 396.28, 101.62, 0.00, 137070, 40.8, , 1
Python, k-nucleotide, 2, 438.86, 397.71, 101.48, 0.00, 138101, 40.8, , 1
Python, k-nucleotide, 2, 452.07, 410.63, 102.14, 0.00, 139183, 41.0, , 1
Python, k-nucleotide, 2, 446.35, 405.48, 101.39, 0.00, 137354, 41.2, , 1
Python, k-nucleotide, 2, 448.93, 407.80, 101.78, 0.00, 138251, 41.2, , 1
Python, k-nucleotide, 2, 456.20, 415.08, 101.57, 0.00, 138271, 40.8, , 1
Python, k-nucleotide, 2, 445.24, 404.15, 101.26, 0.00, 137728, 41.0, , 1
Python, k-nucleotide, 2, 444.02, 403.25, 100.98, 0.00, 136719, 41.5, , 1
Python, k-nucleotide, 2, 448.64, 407.70, 101.22, 0.00, 137296, 41.5, , 1
Python, k-nucleotide, 2, 446.83, 406.00, 101.00, 0.00, 137156, 41.2, , 1
Python, mandelbrot, 2, 1783.77, 1629.52, 259.74, 0.00, 515861, 41.2, , 1
Python, mandelbrot, 2, 1804.46, 1649.53, 260.46, 0.00, 517273, 41.0, , 1
Python, mandelbrot, 2, 1809.78, 1655.64, 259.17, 0.00, 514708, 41.2, , 1
Python, mandelbrot, 2, 1813.96, 1659.52, 259.30, 0.00, 514973, 41.2, , 1
Python, mandelbrot, 2, 1820.42, 1665.60, 260.01, 0.00, 516439, 41.2, , 1
Python, mandelbrot, 2, 1839.97, 1684.78, 260.20, 0.00, 516771, 41.2, , 1
Python, mandelbrot, 2, 1853.29, 1697.77, 260.69, 0.00, 517752, 41.2, , 1
Python, mandelbrot, 2, 1782.57, 1628.44, 259.22, 0.00, 514792, 41.5, , 1
Python, mandelbrot, 2, 1778.81, 1624.34, 260.66, 0.00, 517544, 41.2, , 1
Python, mandelbrot, 2, 1781.70, 1627.38, 259.85, 0.00, 515938, 41.5, , 1
Python, mandelbrot, 2, 1795.31, 1640.88, 259.77, 0.00, 515750, 41.2, , 1
Python, mandelbrot, 2, 1820.55, 1666.14, 259.36, 0.00, 514968, 42.0, , 1
Python, mandelbrot, 2, 1802.16, 1648.23, 258.73, 0.00, 513692, 41.2, , 1
Python, mandelbrot, 2, 1851.50, 1696.53, 259.87, 0.00, 515940, 41.5, , 1
Python, mandelbrot, 2, 1787.58, 1633.31, 259.47, 0.00, 515136, 41.2, , 1
Python, mandelbrot, 2, 1831.13, 1676.84, 258.97, 0.00, 514155, 41.5, , 1
Python, mandelbrot, 2, 1822.24, 1667.93, 259.15, 0.00, 514526, 41.2, , 1
Python, mandelbrot, 2, 1796.28, 1642.41, 259.05, 0.00, 514314, 41.2, , 1
Python, mandelbrot, 2, 1795.46, 1640.68, 260.99, 0.00, 518122, 41.2, , 1
Python, mandelbrot, 2, 1785.88, 1632.00, 259.38, 0.00, 514939, 41.5, , 1
Python, n-body, 2, 1335.47, 1131.43, 342.16, 0.00, 679969, 40.2, , 1
Python, n-body, 2, 1349.59, 1143.18, 345.70, 0.00, 687003, 40.8, , 1
Python, n-body, 2, 1334.04, 1130.29, 341.81, 0.00, 679258, 39.8, , 1
Python, n-body, 2, 1329.59, 1126.65, 340.75, 0.00, 677094, 40.0, , 1
Python, n-body, 2, 1332.36, 1128.73, 341.32, 0.00, 678274, 40.2, , 1
Python, n-body, 2, 1321.75, 1120.13, 338.70, 0.00, 673145, 40.0, , 1
Python, n-body, 2, 1484.05, 1257.04, 392.01, 0.00, 755766, 40.2, , 1
Python, n-body, 2, 1331.36, 1127.75, 341.08, 0.00, 677841, 40.0, , 1
Python, n-body, 2, 1349.78, 1143.48, 345.86, 0.00, 687220, 40.0, , 1
Python, n-body, 2, 1329.88, 1126.69, 340.84, 0.00, 677082, 40.5, , 1
Python, n-body, 2, 1327.54, 1124.71, 340.22, 0.00, 675830, 40.2, , 1
Python, n-body, 2, 1384.14, 1171.93, 354.54, 0.00, 704372, 40.5, , 1
Python, n-body, 2, 1401.40, 1186.66, 358.98, 0.00, 713232, 40.0, , 1
Python, n-body, 2, 1337.23, 1132.73, 342.70, 0.00, 680869, 40.0, , 1
Python, n-body, 2, 1368.49, 1158.76, 350.52, 0.00, 696376, 40.0, , 1
Python, n-body, 2, 1381.95, 1170.20, 354.01, 0.00, 703300, 40.5, , 1
Python, n-body, 2, 1370.09, 1160.20, 351.08, 0.00, 697517, 40.2, , 1
Python, n-body, 2, 1334.85, 1130.84, 342.08, 0.00, 679615, 40.2, , 1
Python, n-body, 2, 1361.88, 1153.51, 348.95, 0.00, 693302, 40.2, , 1
Python, n-body, 2, 1406.90, 1190.81, 360.42, 0.00, 716056, 40.2, , 1
Python, regex-redux, 2, 80.37, 69.96, 19.26, 0.00, 33867, 40.5, , 1
Python, regex-redux, 2, 69.45, 60.07, 19.35, 0.00, 30571, 40.0, , 1
Python, regex-redux, 2, 59.18, 50.82, 14.65, 0.00, 26981, 40.5, , 1
Python, regex-redux, 2, 57.52, 49.54, 14.27, 0.00, 26361, 40.2, , 1
Python, regex-redux, 2, 59.23, 51.11, 14.52, 0.00, 26871, 40.0, , 1
Python, regex-redux, 2, 57.54, 49.59, 14.21, 0.00, 26269, 40.2, , 1
Python, regex-redux, 2, 58.04, 50.02, 14.40, 0.00, 26609, 40.8, , 1
Python, regex-redux, 2, 57.41, 49.49, 14.16, 0.00, 26158, 40.5, , 1
Python, regex-redux, 2, 55.96, 48.14, 13.97, 0.00, 25766, 40.2, , 1
Python, regex-redux, 2, 56.05, 48.26, 13.97, 0.00, 25782, 40.2, , 1
Python, regex-redux, 2, 57.32, 49.38, 14.22, 0.00, 26252, 40.8, , 1
Python, regex-redux, 2, 57.04, 49.16, 14.13, 0.00, 26063, 40.5, , 1
Python, regex-redux, 2, 57.57, 49.63, 14.26, 0.00, 26322, 40.0, , 1
Python, regex-redux, 2, 57.75, 49.81, 14.22, 0.00, 26267, 40.2, , 1
Python, regex-redux, 2, 56.99, 49.10, 14.11, 0.00, 26033, 40.0, , 1
Python, regex-redux, 2, 56.44, 48.62, 14.01, 0.00, 25873, 40.5, , 1
Python, regex-redux, 2, 57.89, 49.92, 14.29, 0.00, 26402, 40.0, , 1
Python, regex-redux, 2, 57.52, 49.57, 14.21, 0.00, 26257, 40.2, , 1
Python, regex-redux, 2, 57.65, 49.71, 14.23, 0.00, 26269, 40.2, , 1
Python, regex-redux, 2, 56.99, 49.13, 14.06, 0.00, 25966, 40.2, , 1
Python, reverse-complement, 2, 9.83, 8.28, 3.09, 0.00, 5108, 40.5, , 1
Python, reverse-complement, 2, 10.15, 8.60, 3.09, 0.00, 5125, 40.5, , 1
Python, reverse-complement, 2, 10.31, 8.73, 3.15, 0.00, 5211, 40.0, , 1
Python, reverse-complement, 2, 9.93, 8.37, 3.10, 0.00, 5145, 40.2, , 1
Python, reverse-complement, 2, 10.05, 8.51, 3.08, 0.00, 5091, 40.2, , 1
Python, reverse-complement, 2, 10.43, 8.84, 3.17, 0.00, 5273, 40.2, , 1
Python, reverse-complement, 2, 10.37, 8.76, 3.19, 0.00, 5299, 40.5, , 1
Python, reverse-complement, 2, 10.41, 8.80, 3.19, 0.00, 5293, 40.2, , 1
Python, reverse-complement, 2, 10.47, 8.86, 3.19, 0.00, 5288, 40.0, , 1
Python, reverse-complement, 2, 10.34, 8.73, 3.19, 0.00, 5304, 40.2, , 1
Python, reverse-complement, 2, 10.31, 8.71, 3.18, 0.00, 5268, 40.2, , 1
Python, reverse-complement, 2, 10.32, 8.73, 3.16, 0.00, 5235, 40.2, , 1
Python, reverse-complement, 2, 10.30, 8.70, 3.17, 0.00, 5266, 40.0, , 1
Python, reverse-complement, 2, 10.22, 8.64, 3.14, 0.00, 5212, 39.8, , 1
Python, reverse-complement, 2, 10.34, 8.75, 3.16, 0.00, 5246, 40.2, , 1
Python, reverse-complement, 2, 10.39, 8.79, 3.17, 0.00, 5264, 39.8, , 1
Python, reverse-complement, 2, 10.32, 8.72, 3.17, 0.00, 5270, 40.2, , 1
Python, reverse-complement, 2, 10.46, 8.85, 3.18, 0.00, 5286, 40.2, , 1
Python, reverse-complement, 2, 10.50, 8.87, 3.21, 0.00, 5355, 40.2, , 1
Python, reverse-complement, 2, 10.45, 8.83, 3.21, 0.00, 5340, 40.5, , 1
Python, spectral-norm, 2, 1254.29, 1145.77, 181.95, 0.00, 361001, 41.5, , 1
Python, spectral-norm, 2, 1276.61, 1168.72, 180.73, 0.00, 358603, 41.2, , 1
Python, spectral-norm, 2, 1267.13, 1159.28, 180.78, 0.00, 358680, 41.5, , 1
Python, spectral-norm, 2, 1240.91, 1132.74, 181.71, 0.00, 360532, 41.2, , 1
Python, spectral-norm, 2, 1241.06, 1133.37, 180.75, 0.00, 358667, 41.8, , 1
Python, spectral-norm, 2, 1246.05, 1137.38, 182.16, 0.00, 361420, 41.5, , 1
Python, spectral-norm, 2, 1238.42, 1130.13, 181.67, 0.00, 360455, 41.5, , 1
Python, spectral-norm, 2, 1247.79, 1139.75, 180.97, 0.00, 358998, 42.0, , 1
Python, spectral-norm, 2, 1230.96, 1122.47, 181.86, 0.00, 360748, 41.8, , 1
Python, spectral-norm, 2, 1233.05, 1124.56, 181.91, 0.00, 360796, 41.2, , 1
Python, spectral-norm, 2, 1224.87, 1116.84, 181.19, 0.00, 359364, 42.0, , 1
Python, spectral-norm, 2, 1220.80, 1112.97, 180.87, 0.00, 358717, 41.8, , 1
Python, spectral-norm, 2, 1227.44, 1119.72, 180.67, 0.00, 358318, 41.8, , 1
Python, spectral-norm, 2, 1242.67, 1134.80, 180.94, 0.00, 358838, 41.5, , 1
Python, spectral-norm, 2, 1230.61, 1122.81, 180.85, 0.00, 358688, 41.5, , 1
Python, spectral-norm, 2, 1231.00, 1122.65, 181.60, 0.00, 360173, 41.8, , 1
Python, spectral-norm, 2, 1233.24, 1124.93, 181.55, 0.00, 360075, 41.5, , 1
Python, spectral-norm, 2, 1238.27, 1129.55, 182.26, 0.00, 361282, 41.8, , 1
Python, spectral-norm, 2, 1230.29, 1121.68, 181.97, 0.00, 360887, 42.0, , 1
Python, spectral-norm, 2, 1240.95, 1131.95, 182.62, 0.00, 362199, 42.2, , 1
C, binary-trees, 10, 14.39, 13.87, 1.40, 0.00, 1494, 45.2, , 1
C, binary-trees, 10, 14.64, 14.12, 1.40, 0.00, 1486, 45.2, , 1
C, binary-trees, 10, 14.55, 14.05, 1.39, 0.00, 1473, 45.5, , 1
C, binary-trees, 10, 14.57, 14.06, 1.39, 0.00, 1476, 45.8, , 1
C, binary-trees, 10, 14.57, 14.06, 1.39, 0.00, 1468, 45.2, , 1
C, binary-trees, 10, 14.56, 14.05, 1.39, 0.00, 1473, 45.0, , 1
C, binary-trees, 10, 14.48, 13.98, 1.38, 0.00, 1465, 45.2, , 1
C, binary-trees, 10, 15.29, 14.76, 1.43, 0.00, 1553, 45.2, , 1
C, binary-trees, 10, 14.53, 14.02, 1.39, 0.00, 1466, 45.8, , 1
C, binary-trees, 10, 14.45, 13.94, 1.39, 0.00, 1471, 45.8, , 1
C, binary-trees, 10, 14.63, 14.12, 1.40, 0.00, 1473, 45.8, , 1
C, binary-trees, 10, 14.61, 14.10, 1.39, 0.00, 1479, 45.8, , 1
C, binary-trees, 10, 14.67, 14.15, 1.40, 0.00, 1484, 45.8, , 1
C, binary-trees, 10, 14.54, 14.04, 1.39, 0.00, 1466, 46.0, , 1
C, binary-trees, 10, 14.55, 14.04, 1.39, 0.00, 1475, 45.8, , 1
C, binary-trees, 10, 14.45, 13.94, 1.39, 0.00, 1466, 46.2, , 1
C, binary-trees, 10, 14.58, 14.07, 1.39, 0.00, 1470, 45.5, , 1
C, binary-trees, 10, 14.56, 14.04, 1.39, 0.00, 1472, 45.5, , 1
C, binary-trees, 10, 14.52, 14.02, 1.39, 0.00, 1468, 46.5, , 1
C, binary-trees, 10, 14.54, 14.02, 1.38, 0.00, 1468, 46.0, , 1
C, fannkuch-redux, 10, 30.60, 29.67, 1.55, 0.00, 3072, 46.0, , 1
C, fannkuch-redux, 10, 30.61, 29.68, 1.55, 0.00, 3074, 46.0, , 1
C, fannkuch-redux, 10, 30.49, 29.57, 1.54, 0.00, 3061, 46.0, , 1
C, fannkuch-redux, 10, 30.48, 29.55, 1.54, 0.00, 3058, 45.5, , 1
C, fannkuch-redux, 10, 30.53, 29.61, 1.54, 0.00, 3065, 46.5, , 1
C, fannkuch-redux, 10, 30.49, 29.57, 1.54, 0.00, 3061, 46.5, , 1
C, fannkuch-redux, 10, 30.53, 29.60, 1.54, 0.00, 3065, 47.0, , 1
C, fannkuch-redux, 10, 30.51, 29.58, 1.54, 0.00, 3061, 46.5, , 1
C, fannkuch-redux, 10, 30.56, 29.62, 1.54, 0.00, 3067, 47.0, , 1
C, fannkuch-redux, 10, 30.51, 29.58, 1.54, 0.00, 3062, 46.2, , 1
C, fannkuch-redux, 10, 30.56, 29.64, 1.55, 0.00, 3068, 46.5, , 1
C, fannkuch-redux, 10, 30.52, 29.59, 1.54, 0.00, 3064, 46.5, , 1
C, fannkuch-redux, 10, 30.58, 29.66, 1.55, 0.00, 3070, 46.2, , 1
C, fannkuch-redux, 10, 30.57, 29.64, 1.55, 0.00, 3069, 46.2, , 1
C, fannkuch-redux, 10, 30.54, 29.61, 1.55, 0.00, 3065, 46.5, , 1
C, fannkuch-redux, 10, 30.59, 29.66, 1.55, 0.00, 3069, 47.0, , 1
C, fannkuch-redux, 10, 30.61, 29.68, 1.55, 0.00, 3073, 47.0, , 1
C, fannkuch-redux, 10, 30.57, 29.64, 1.55, 0.00, 3069, 47.0, , 1
C, fannkuch-redux, 10, 30.51, 29.58, 1.54, 0.00, 3062, 46.8, , 1
C, fannkuch-redux, 10, 30.50, 29.57, 1.54, 0.00, 3061, 47.5, , 1
C, fasta, 10, 5.52, 5.32, 0.33, 0.00, 663, 47.5, , 1
C, fasta, 10, 5.52, 5.32, 0.34, 0.00, 664, 47.5, , 1
C, fasta, 10, 5.44, 5.24, 0.34, 0.00, 664, 46.5, , 1
C, fasta, 10, 5.46, 5.26, 0.34, 0.00, 663, 46.5, , 1
C, fasta, 10, 5.45, 5.25, 0.34, 0.00, 664, 46.5, , 1
C, fasta, 10, 5.39, 5.19, 0.34, 0.00, 663, 46.5, , 1
C, fasta, 10, 5.44, 5.24, 0.34, 0.00, 663, 46.2, , 1
C, fasta, 10, 5.35, 5.15, 0.34, 0.00, 663, 46.2, , 1
C, fasta, 10, 5.41, 5.22, 0.34, 0.00, 663, 46.8, , 1
C, fasta, 10, 5.34, 5.15, 0.34, 0.00, 663, 46.8, , 1
C, fasta, 10, 5.33, 5.13, 0.34, 0.00, 663, 46.0, , 1
C, fasta, 10, 5.40, 5.19, 0.34, 0.00, 663, 46.0, , 1
C, fasta, 10, 5.42, 5.22, 0.34, 0.00, 663, 46.0, , 1
C, fasta, 10, 5.54, 5.34, 0.34, 0.00, 664, 46.0, , 1
C, fasta, 10, 5.49, 5.29, 0.34, 0.00, 664, 46.8, , 1
C, fasta, 10, 5.45, 5.25, 0.34, 0.00, 664, 46.8, , 1
C, fasta, 10, 5.54, 5.34, 0.34, 0.00, 664, 46.8, , 1
C, fasta, 10, 5.54, 5.34, 0.34, 0.00, 664, 46.8, , 1
C, fasta, 10, 5.54, 5.34, 0.34, 0.00, 663, 46.2, , 1
C, fasta, 10, 5.36, 5.16, 0.34, 0.00, 664, 46.2, , 1
C, k-nucleotide, 10, 42.67, 41.28, 4.53, 0.00, 4281, 48.0, , 1
C, k-nucleotide, 10, 42.72, 41.31, 4.59, 0.00, 4290, 47.8, , 1
C, k-nucleotide, 10, 43.60, 42.13, 4.90, 0.00, 4380, 46.8, , 1
C, k-nucleotide, 10, 43.36, 41.88, 4.98, 0.00, 4350, 47.8, , 1
C, k-nucleotide, 10, 44.03, 42.51, 5.14, 0.00, 4417, 47.0, , 1
C, k-nucleotide, 10, 43.40, 41.94, 4.92, 0.00, 4354, 47.8, , 1
C, k-nucleotide, 10, 42.41, 41.02, 4.54, 0.00, 4256, 47.8, , 1
C, k-nucleotide, 10, 43.68, 42.17, 5.17, 0.00, 4387, 48.0, , 1
C, k-nucleotide, 10, 43.31, 41.84, 4.94, 0.00, 4346, 47.2, , 1
C, k-nucleotide, 10, 43.07, 41.62, 4.83, 0.00, 4324, 48.0, , 1
C, k-nucleotide, 10, 43.07, 41.65, 4.67, 0.00, 4321, 47.5, , 1
C, k-nucleotide, 10, 42.80, 41.37, 4.70, 0.00, 4297, 48.0, , 1
C, k-nucleotide, 10, 43.82, 42.30, 5.24, 0.00, 4401, 48.5, , 1
C, k-nucleotide, 10, 42.29, 40.92, 4.42, 0.00, 4244, 48.2, , 1
C, k-nucleotide, 10, 43.48, 41.99, 5.02, 0.00, 4366, 47.8, , 1
C, k-nucleotide, 10, 42.83, 41.42, 4.57, 0.00, 4297, 47.5, , 1
C, k-nucleotide, 10, 43.99, 42.47, 5.19, 0.00, 4415, 48.0, , 1
C, k-nucleotide, 10, 44.00, 42.46, 5.33, 0.00, 4438, 48.0, , 1
C, k-nucleotide, 10, 43.32, 41.86, 4.89, 0.00, 4349, 48.2, , 1
C, k-nucleotide, 10, 43.89, 42.38, 5.11, 0.00, 4404, 48.0, , 1
C, mandelbrot, 10, 13.96, 13.54, 0.71, 0.00, 1400, 48.0, , 1
C, mandelbrot, 10, 13.97, 13.55, 0.71, 0.00, 1402, 47.8, , 1
C, mandelbrot, 10, 14.01, 13.58, 0.72, 0.00, 1407, 48.2, , 1
C, mandelbrot, 10, 14.02, 13.59, 0.71, 0.00, 1405, 47.8, , 1
C, mandelbrot, 10, 14.03, 13.60, 0.72, 0.00, 1406, 47.5, , 1
C, mandelbrot, 10, 14.02, 13.59, 0.72, 0.00, 1405, 48.0, , 1
C, mandelbrot, 10, 14.02, 13.59, 0.72, 0.00, 1406, 48.5, , 1
C, mandelbrot, 10, 14.00, 13.57, 0.72, 0.00, 1403, 48.0, , 1
C, mandelbrot, 10, 14.01, 13.58, 0.72, 0.00, 1405, 47.8, , 1
C, mandelbrot, 10, 14.06, 13.64, 0.72, 0.00, 1410, 47.5, , 1
C, mandelbrot, 10, 14.03, 13.60, 0.72, 0.00, 1406, 47.5, , 1
C, mandelbrot, 10, 14.03, 13.60, 0.72, 0.00, 1407, 47.5, , 1
C, mandelbrot, 10, 14.04, 13.62, 0.72, 0.00, 1409, 47.5, , 1
C, mandelbrot, 10, 14.05, 13.62, 0.72, 0.00, 1412, 48.5, , 1
C, mandelbrot, 10, 14.03, 13.60, 0.72, 0.00, 1408, 47.5, , 1
C, mandelbrot, 10, 14.02, 13.59, 0.72, 0.00, 1406, 48.2, , 1
C, mandelbrot, 10, 14.04, 13.61, 0.72, 0.00, 1408, 48.2, , 1
C, mandelbrot, 10, 14.04, 13.62, 0.72, 0.00, 1408, 48.2, , 1
C, mandelbrot, 10, 14.05, 13.62, 0.72, 0.00, 1408, 48.2, , 1
C, mandelbrot, 10, 14.03, 13.60, 0.72, 0.00, 1407, 48.0, , 1
C, n-body, 10, 16.69, 16.16, 0.87, 0.00, 1724, 48.2, , 1
C, n-body, 10, 16.65, 16.13, 0.87, 0.00, 1723, 48.2, , 1
C, n-body, 10, 16.71, 16.18, 0.87, 0.00, 1723, 48.0, , 1
C, n-body, 10, 16.68, 16.15, 0.87, 0.00, 1722, 48.2, , 1
C, n-body, 10, 16.65, 16.12, 0.87, 0.00, 1724, 49.0, , 1
C, n-body, 10, 16.63, 16.11, 0.87, 0.00, 1722, 48.8, , 1
C, n-body, 10, 16.63, 16.11, 0.87, 0.00, 1722, 48.8, , 1
C, n-body, 10, 16.62, 16.10, 0.87, 0.00, 1722, 49.0, , 1
C, n-body, 10, 16.63, 16.11, 0.87, 0.00, 1723, 48.0, , 1
C, n-body, 10, 16.67, 16.15, 0.87, 0.00, 1723, 49.0, , 1
C, n-body, 10, 16.64, 16.12, 0.87, 0.00, 1723, 48.8, , 1
C, n-body, 10, 16.75, 16.22, 0.88, 0.00, 1736, 48.5, , 1
C, n-body, 10, 16.69, 16.17, 0.87, 0.00, 1725, 49.0, , 1
C, n-body, 10, 16.66, 16.15, 0.87, 0.00, 1723, 48.0, , 1
C, n-body, 10, 16.71, 16.19, 0.87, 0.00, 1722, 48.8, , 1
C, n-body, 10, 16.68, 16.16, 0.87, 0.00, 1723, 48.5, , 1
C, n-body, 10, 16.84, 16.32, 0.87, 0.00, 1724, 48.0, , 1
C, n-body, 10, 16.79, 16.27, 0.87, 0.00, 1723, 49.0, , 1
C, n-body, 10, 16.76, 16.24, 0.87, 0.00, 1723, 48.2, , 1
C, n-body, 10, 16.65, 16.13, 0.87, 0.00, 1723, 49.0, , 1
C, regex-redux, 10, 9.47, 9.17, 0.72, 0.00, 952, 49.2, , 1
C, regex-redux, 10, 9.35, 9.06, 0.71, 0.00, 943, 49.0, , 1
C, regex-redux, 10, 9.42, 9.12, 0.72, 0.00, 950, 49.0, , 1
C, regex-redux, 10, 9.31, 9.02, 0.71, 0.00, 943, 48.5, , 1
C, regex-redux, 10, 9.36, 9.07, 0.72, 0.00, 948, 48.5, , 1
C, regex-redux, 10, 9.30, 9.00, 0.71, 0.00, 943, 49.0, , 1
C, regex-redux, 10, 9.43, 9.13, 0.72, 0.00, 953, 49.0, , 1
C, regex-redux, 10, 9.38, 9.08, 0.72, 0.00, 950, 48.8, , 1
C, regex-redux, 10, 9.53, 9.23, 0.73, 0.00, 967, 48.8, , 1
C, regex-redux, 10, 9.34, 9.04, 0.71, 0.00, 940, 48.0, , 1
C, regex-redux, 10, 9.36, 9.07, 0.71, 0.00, 941, 48.0, , 1
C, regex-redux, 10, 9.40, 9.10, 0.72, 0.00, 944, 49.2, , 1
C, regex-redux, 10, 9.37, 9.08, 0.72, 0.00, 945, 49.2, , 1
C, regex-redux, 10, 9.35, 9.05, 0.72, 0.00, 946, 48.2, , 1
C, regex-redux, 10, 9.37, 9.07, 0.71, 0.00, 940, 48.2, , 1
C, regex-redux, 10, 9.35, 9.06, 0.71, 0.00, 939, 48.5, , 1
C, regex-redux, 10, 9.27, 8.98, 0.71, 0.00, 939, 48.5, , 1
C, regex-redux, 10, 9.36, 9.07, 0.71, 0.00, 941, 48.2, , 1
C, regex-redux, 10, 9.34, 9.04, 0.71, 0.00, 938, 48.2, , 1
C, regex-redux, 10, 9.36, 9.06, 0.71, 0.00, 939, 48.5, , 1
C, reverse-complement, 10, 0.98, 0.93, 0.16, 0.00, 113, 48.5, , 1
C, reverse-complement, 10, 0.92, 0.87, 0.16, 0.00, 113, 48.5, , 1
C, reverse-complement, 10, 1.01, 0.96, 0.16, 0.00, 109, 47.8, , 1
C, reverse-complement, 10, 1.02, 0.97, 0.16, 0.00, 109, 47.8, , 1
C, reverse-complement, 10, 0.96, 0.91, 0.16, 0.00, 111, 47.8, , 1
C, reverse-complement, 10, 0.97, 0.92, 0.16, 0.00, 109, 47.8, , 1
C, reverse-complement, 10, 0.92, 0.87, 0.16, 0.00, 116, 47.8, , 1
C, reverse-complement, 10, 0.94, 0.89, 0.16, 0.00, 115, 47.8, , 1
C, reverse-complement, 10, 0.95, 0.90, 0.16, 0.00, 113, 47.8, , 1
C, reverse-complement, 10, 0.96, 0.92, 0.16, 0.00, 111, 47.8, , 1
C, reverse-complement, 10, 0.88, 0.84, 0.16, 0.00, 115, 48.5, , 1
C, reverse-complement, 10, 0.99, 0.94, 0.16, 0.00, 110, 48.5, , 1
C, reverse-complement, 10, 1.00, 0.96, 0.16, 0.00, 110, 48.5, , 1
C, reverse-complement, 10, 0.88, 0.83, 0.16, 0.00, 118, 48.5, , 1
C, reverse-complement, 10, 0.91, 0.86, 0.16, 0.00, 114, 48.5, , 1
C, reverse-complement, 10, 0.94, 0.90, 0.16, 0.00, 112, 48.5, , 1
C, reverse-complement, 10, 0.95, 0.90, 0.16, 0.00, 111, 48.5, , 1
C, reverse-complement, 10, 0.92, 0.87, 0.16, 0.00, 116, 48.5, , 1
C, reverse-complement, 10, 0.93, 0.88, 0.16, 0.00, 113, 48.2, , 1
C, reverse-complement, 10, 0.92, 0.87, 0.16, 0.00, 115, 48.2, , 1
C, spectral-norm, 10, 4.84, 4.69, 0.25, 0.00, 483, 49.0, , 1
C, spectral-norm, 10, 4.84, 4.69, 0.25, 0.00, 483, 49.0, , 1
C, spectral-norm, 10, 4.83, 4.69, 0.25, 0.00, 483, 48.8, , 1
C, spectral-norm, 10, 4.84, 4.69, 0.25, 0.00, 484, 48.8, , 1
C, spectral-norm, 10, 4.84, 4.70, 0.25, 0.00, 485, 48.5, , 1
C, spectral-norm, 10, 4.87, 4.72, 0.25, 0.00, 487, 48.5, , 1
C, spectral-norm, 10, 4.84, 4.70, 0.25, 0.00, 484, 48.5, , 1
C, spectral-norm, 10, 4.84, 4.70, 0.25, 0.00, 484, 48.5, , 1
C, spectral-norm, 10, 4.85, 4.70, 0.25, 0.00, 485, 48.5, , 1
C, spectral-norm, 10, 4.85, 4.71, 0.25, 0.00, 486, 48.5, , 1
C, spectral-norm, 10, 4.85, 4.70, 0.25, 0.00, 485, 49.0, , 1
C, spectral-norm, 10, 4.86, 4.71, 0.25, 0.00, 485, 49.0, , 1
C, spectral-norm, 10, 4.87, 4.72, 0.25, 0.00, 486, 48.5, , 1
C, spectral-norm, 10, 4.84, 4.69, 0.25, 0.00, 484, 48.5, , 1
C, spectral-norm, 10, 4.86, 4.72, 0.25, 0.00, 486, 49.0, , 1
C, spectral-norm, 10, 4.87, 4.72, 0.25, 0.00, 486, 49.0, , 1
C, spectral-norm, 10, 4.87, 4.72, 0.25, 0.00, 487, 49.0, , 1
C, spectral-norm, 10, 4.90, 4.75, 0.25, 0.00, 489, 49.0, , 1
C, spectral-norm, 10, 4.84, 4.70, 0.25, 0.00, 485, 49.0, , 1
C, spectral-norm, 10, 4.83, 4.68, 0.24, 0.00, 484, 49.0, , 1
C++, binary-trees, 10, 12.90, 12.42, 1.29, 0.00, 1335, 49.0, , 1
C++, binary-trees, 10, 13.06, 12.58, 1.28, 0.00, 1321, 49.2, , 1
C++, binary-trees, 10, 12.59, 12.11, 1.35, 0.00, 1304, 49.0, , 1
C++, binary-trees, 10, 12.85, 12.37, 1.28, 0.00, 1324, 48.8, , 1
C++, binary-trees, 10, 12.64, 12.16, 1.33, 0.00, 1306, 48.5, , 1
C++, binary-trees, 10, 13.33, 12.80, 1.41, 0.00, 1364, 48.2, , 1
C++, binary-trees, 10, 13.28, 12.76, 1.40, 0.00, 1370, 48.5, , 1
C++, binary-trees, 10, 12.77, 12.28, 1.35, 0.00, 1315, 48.2, , 1
C++, binary-trees, 10, 12.71, 12.23, 1.34, 0.00, 1305, 48.5, , 1
C++, binary-trees, 10, 12.42, 11.96, 1.31, 0.00, 1281, 48.5, , 1
C++, binary-trees, 10, 13.73, 13.19, 1.46, 0.00, 1405, 48.5, , 1
C++, binary-trees, 10, 12.35, 11.87, 1.33, 0.00, 1281, 48.5, , 1
C++, binary-trees, 10, 12.44, 11.97, 1.26, 0.00, 1279, 49.0, , 1
C++, binary-trees, 10, 12.16, 11.71, 1.27, 0.00, 1251, 48.0, , 1
C++, binary-trees, 10, 12.50, 12.02, 1.31, 0.00, 1264, 49.0, , 1
C++, binary-trees, 10, 12.83, 12.32, 1.40, 0.00, 1314, 48.0, , 1
C++, binary-trees, 10, 13.13, 12.60, 1.44, 0.00, 1350, 49.0, , 1
C++, binary-trees, 10, 12.64, 12.15, 1.33, 0.00, 1301, 49.0, , 1
C++, binary-trees, 10, 12.76, 12.29, 1.27, 0.00, 1310, 48.8, , 1
C++, binary-trees, 10, 13.24, 12.71, 1.44, 0.00, 1354, 48.5, , 1
C++, fannkuch-redux, 10, 50.04, 48.52, 2.53, 0.00, 5021, 49.0, , 1
C++, fannkuch-redux, 10, 50.03, 48.51, 2.53, 0.00, 5020, 49.8, , 1
C++, fannkuch-redux, 10, 49.89, 48.37, 2.52, 0.00, 5006, 49.0, , 1
C++, fannkuch-redux, 10, 49.89, 48.37, 2.52, 0.00, 5006, 50.0, , 1
C++, fannkuch-redux, 10, 49.93, 48.41, 2.52, 0.00, 5010, 50.0, , 1
C++, fannkuch-redux, 10, 49.97, 48.45, 2.53, 0.00, 5014, 49.8, , 1
C++, fannkuch-redux, 10, 50.09, 48.58, 2.54, 0.00, 5027, 49.5, , 1
C++, fannkuch-redux, 10, 49.93, 48.42, 2.52, 0.00, 5010, 49.8, , 1
C++, fannkuch-redux, 10, 50.05, 48.53, 2.53, 0.00, 5022, 49.0, , 1
C++, fannkuch-redux, 10, 49.93, 48.41, 2.52, 0.00, 5009, 49.2, , 1
C++, fannkuch-redux, 10, 49.94, 48.43, 2.52, 0.00, 5011, 49.5, , 1
C++, fannkuch-redux, 10, 50.01, 48.49, 2.53, 0.00, 5018, 49.2, , 1
C++, fannkuch-redux, 10, 50.03, 48.52, 2.53, 0.00, 5021, 48.8, , 1
C++, fannkuch-redux, 10, 50.03, 48.51, 2.53, 0.00, 5020, 49.2, , 1
C++, fannkuch-redux, 10, 49.96, 48.44, 2.52, 0.00, 5013, 49.5, , 1
C++, fannkuch-redux, 10, 49.94, 48.42, 2.52, 0.00, 5010, 48.5, , 1
C++, fannkuch-redux, 10, 49.88, 48.36, 2.52, 0.00, 5004, 49.2, , 1
C++, fannkuch-redux, 10, 50.01, 48.48, 2.53, 0.00, 5017, 49.2, , 1
C++, fannkuch-redux, 10, 49.88, 48.37, 2.52, 0.00, 5005, 49.2, , 1
C++, fannkuch-redux, 10, 49.80, 48.29, 2.52, 0.00, 4997, 49.2, , 1
C++, fasta, 10, 7.00, 6.78, 0.36, 0.00, 702, 46.5, , 1
C++, fasta, 10, 7.01, 6.80, 0.36, 0.00, 704, 49.2, , 1
C++, fasta, 10, 7.01, 6.80, 0.36, 0.00, 704, 49.2, , 1
C++, fasta, 10, 7.02, 6.82, 0.36, 0.00, 705, 50.0, , 1
C++, fasta, 10, 7.01, 6.79, 0.36, 0.00, 703, 46.2, , 1
C++, fasta, 10, 7.02, 6.80, 0.36, 0.00, 704, 49.5, , 1
C++, fasta, 10, 7.04, 6.83, 0.36, 0.00, 706, 46.5, , 1
C++, fasta, 10, 7.03, 6.83, 0.36, 0.00, 706, 49.5, , 1
C++, fasta, 10, 7.01, 6.80, 0.36, 0.00, 703, 46.2, , 1
C++, fasta, 10, 7.01, 6.80, 0.36, 0.00, 704, 50.0, , 1
C++, fasta, 10, 7.00, 6.79, 0.36, 0.00, 702, 45.8, , 1
C++, fasta, 10, 6.98, 6.77, 0.35, 0.00, 701, 50.0, , 1
C++, fasta, 10, 7.02, 6.81, 0.36, 0.00, 705, 46.0, , 1
C++, fasta, 10, 6.99, 6.78, 0.35, 0.00, 702, 49.5, , 1
C++, fasta, 10, 7.00, 6.79, 0.36, 0.00, 704, 46.0, , 1
C++, fasta, 10, 7.01, 6.80, 0.36, 0.00, 704, 49.2, , 1
C++, fasta, 10, 7.02, 6.81, 0.36, 0.00, 704, 49.2, , 1
C++, fasta, 10, 7.00, 6.79, 0.35, 0.00, 703, 50.0, , 1
C++, fasta, 10, 7.00, 6.79, 0.36, 0.00, 703, 45.5, , 1
C++, fasta, 10, 7.02, 6.81, 0.36, 0.00, 704, 49.5, , 1
C++, k-nucleotide, 10, 23.33, 22.18, 4.04, 0.00, 2387, 49.8, , 1
C++, k-nucleotide, 10, 23.61, 22.45, 4.01, 0.00, 2378, 49.2, , 1
C++, k-nucleotide, 10, 23.25, 22.11, 3.98, 0.00, 2368, 49.0, , 1
C++, k-nucleotide, 10, 23.24, 22.09, 4.00, 0.00, 2370, 49.8, , 1
C++, k-nucleotide, 10, 23.63, 22.44, 4.16, 0.00, 2414, 49.5, , 1
C++, k-nucleotide, 10, 23.55, 22.39, 4.03, 0.00, 2374, 49.8, , 1
C++, k-nucleotide, 10, 23.88, 22.69, 4.18, 0.00, 2414, 50.0, , 1
C++, k-nucleotide, 10, 23.41, 22.25, 4.01, 0.00, 2358, 49.5, , 1
C++, k-nucleotide, 10, 23.36, 22.19, 4.07, 0.00, 2399, 49.2, , 1
C++, k-nucleotide, 10, 23.26, 22.09, 4.04, 0.00, 2389, 49.0, , 1
C++, k-nucleotide, 10, 23.70, 22.53, 4.15, 0.00, 2411, 49.2, , 1
C++, k-nucleotide, 10, 23.62, 22.47, 4.02, 0.00, 2388, 50.0, , 1
C++, k-nucleotide, 10, 23.17, 22.03, 3.99, 0.00, 2380, 49.5, , 1
C++, k-nucleotide, 10, 23.68, 22.53, 4.07, 0.00, 2386, 49.5, , 1
C++, k-nucleotide, 10, 23.41, 22.25, 4.03, 0.00, 2394, 49.2, , 1
C++, k-nucleotide, 10, 23.72, 22.55, 4.13, 0.00, 2418, 50.0, , 1
C++, k-nucleotide, 10, 23.59, 22.43, 4.05, 0.00, 2383, 49.2, , 1
C++, k-nucleotide, 10, 23.25, 22.10, 4.02, 0.00, 2382, 49.8, , 1
C++, k-nucleotide, 10, 24.04, 22.86, 4.15, 0.00, 2425, 49.0, , 1
C++, k-nucleotide, 10, 23.63, 22.46, 4.10, 0.00, 2405, 49.5, , 1
C++, mandelbrot, 10, 11.18, 10.84, 0.57, 0.00, 1124, 49.2, , 1
C++, mandelbrot, 10, 11.19, 10.86, 0.57, 0.00, 1126, 49.0, , 1
C++, mandelbrot, 10, 11.18, 10.84, 0.57, 0.00, 1125, 49.5, , 1
C++, mandelbrot, 10, 11.21, 10.87, 0.57, 0.00, 1126, 49.0, , 1
C++, mandelbrot, 10, 11.22, 10.88, 0.57, 0.00, 1128, 48.8, , 1
C++, mandelbrot, 10, 11.19, 10.85, 0.58, 0.00, 1125, 49.8, , 1
C++, mandelbrot, 10, 11.21, 10.87, 0.57, 0.00, 1126, 49.2, , 1
C++, mandelbrot, 10, 11.22, 10.88, 0.58, 0.00, 1129, 48.8, , 1
C++, mandelbrot, 10, 11.21, 10.87, 0.57, 0.00, 1127, 49.2, , 1
C++, mandelbrot, 10, 11.22, 10.88, 0.58, 0.00, 1127, 49.5, , 1
C++, mandelbrot, 10, 11.22, 10.88, 0.58, 0.00, 1127, 49.0, , 1
C++, mandelbrot, 10, 11.21, 10.87, 0.58, 0.00, 1127, 49.0, , 1
C++, mandelbrot, 10, 11.18, 10.84, 0.58, 0.00, 1126, 48.8, , 1
C++, mandelbrot, 10, 11.17, 10.84, 0.57, 0.00, 1125, 49.5, , 1
C++, mandelbrot, 10, 11.20, 10.85, 0.57, 0.00, 1124, 48.8, , 1
C++, mandelbrot, 10, 11.21, 10.87, 0.58, 0.00, 1128, 49.5, , 1
C++, mandelbrot, 10, 11.18, 10.85, 0.57, 0.00, 1123, 49.0, , 1
C++, mandelbrot, 10, 11.18, 10.85, 0.57, 0.00, 1125, 48.8, , 1
C++, mandelbrot, 10, 11.20, 10.86, 0.57, 0.00, 1126, 49.0, , 1
C++, mandelbrot, 10, 11.17, 10.83, 0.57, 0.00, 1124, 49.5, , 1
C++, n-body, 10, 17.21, 16.68, 0.87, 0.00, 1726, 48.8, , 1
C++, n-body, 10, 17.20, 16.67, 0.87, 0.00, 1725, 49.8, , 1
C++, n-body, 10, 17.18, 16.65, 0.87, 0.00, 1724, 49.0, , 1
C++, n-body, 10, 17.24, 16.72, 0.87, 0.00, 1730, 49.5, , 1
C++, n-body, 10, 17.16, 16.64, 0.87, 0.00, 1722, 49.8, , 1
C++, n-body, 10, 17.20, 16.68, 0.87, 0.00, 1726, 50.0, , 1
C++, n-body, 10, 17.22, 16.70, 0.87, 0.00, 1728, 49.2, , 1
C++, n-body, 10, 17.31, 16.78, 0.88, 0.00, 1736, 49.0, , 1
C++, n-body, 10, 17.25, 16.73, 0.87, 0.00, 1732, 49.8, , 1
C++, n-body, 10, 17.33, 16.80, 0.88, 0.00, 1740, 49.8, , 1
C++, n-body, 10, 17.33, 16.80, 0.88, 0.00, 1738, 49.2, , 1
C++, n-body, 10, 17.27, 16.74, 0.87, 0.00, 1732, 49.0, , 1
C++, n-body, 10, 17.37, 16.84, 0.88, 0.00, 1743, 48.8, , 1
C++, n-body, 10, 17.36, 16.83, 0.88, 0.00, 1742, 49.0, , 1
C++, n-body, 10, 17.33, 16.81, 0.88, 0.00, 1739, 49.8, , 1
C++, n-body, 10, 17.34, 16.82, 0.88, 0.00, 1740, 50.0, , 1
C++, n-body, 10, 17.36, 16.83, 0.88, 0.00, 1741, 49.5, , 1
C++, n-body, 10, 17.36, 16.83, 0.88, 0.00, 1742, 49.0, , 1
C++, n-body, 10, 17.37, 16.83, 0.88, 0.00, 1742, 49.0, , 1
C++, n-body, 10, 17.39, 16.86, 0.88, 0.00, 1745, 49.0, , 1
C++, regex-redux, 10, 12.44, 12.04, 0.93, 0.00, 1254, 49.5, , 1
C++, regex-redux, 10, 12.50, 12.10, 0.94, 0.00, 1262, 49.8, , 1
C++, regex-redux, 10, 12.47, 12.07, 0.94, 0.00, 1259, 49.0, , 1
C++, regex-redux, 10, 12.38, 11.98, 0.93, 0.00, 1255, 49.2, , 1
C++, regex-redux, 10, 12.48, 12.08, 0.95, 0.00, 1259, 48.5, , 1
C++, regex-redux, 10, 12.46, 12.05, 0.94, 0.00, 1256, 49.5, , 1
C++, regex-redux, 10, 12.46, 12.05, 0.93, 0.00, 1259, 49.8, , 1
C++, regex-redux, 10, 12.50, 12.10, 0.94, 0.00, 1261, 48.8, , 1
C++, regex-redux, 10, 12.44, 12.04, 0.94, 0.00, 1256, 49.8, , 1
C++, regex-redux, 10, 12.37, 11.98, 0.94, 0.00, 1250, 49.5, , 1
C++, regex-redux, 10, 12.38, 11.98, 0.93, 0.00, 1251, 48.5, , 1
C++, regex-redux, 10, 12.42, 12.02, 0.93, 0.00, 1254, 49.0, , 1
C++, regex-redux, 10, 12.41, 12.02, 0.93, 0.00, 1252, 48.8, , 1
C++, regex-redux, 10, 12.16, 11.76, 0.93, 0.00, 1228, 49.8, , 1
C++, regex-redux, 10, 12.48, 12.08, 0.93, 0.00, 1262, 49.5, , 1
C++, regex-redux, 10, 12.41, 12.01, 0.93, 0.00, 1256, 49.2, , 1
C++, regex-redux, 10, 12.31, 11.91, 0.93, 0.00, 1243, 48.8, , 1
C++, regex-redux, 10, 12.45, 12.05, 0.94, 0.00, 1259, 49.2, , 1
C++, regex-redux, 10, 11.97, 11.58, 0.92, 0.00, 1214, 50.0, , 1
C++, regex-redux, 10, 12.15, 11.76, 0.93, 0.00, 1234, 49.2, , 1
C++, reverse-complement, 10, 1.55, 1.49, 0.21, 0.00, 160, 46.0, , 1
C++, reverse-complement, 10, 1.57, 1.50, 0.21, 0.00, 160, 46.0, , 1
C++, reverse-complement, 10, 1.56, 1.49, 0.21, 0.00, 161, 46.0, , 1
C++, reverse-complement, 10, 1.56, 1.50, 0.21, 0.00, 162, 46.0, , 1
C++, reverse-complement, 10, 1.56, 1.49, 0.21, 0.00, 160, 46.0, , 1
C++, reverse-complement, 10, 1.56, 1.49, 0.21, 0.00, 161, 49.2, , 1
C++, reverse-complement, 10, 1.56, 1.49, 0.21, 0.00, 160, 49.2, , 1
C++, reverse-complement, 10, 1.56, 1.49, 0.21, 0.00, 162, 49.2, , 1
C++, reverse-complement, 10, 1.51, 1.43, 0.21, 0.00, 164, 49.2, , 1
C++, reverse-complement, 10, 1.55, 1.48, 0.21, 0.00, 160, 49.2, , 1
C++, reverse-complement, 10, 1.55, 1.48, 0.21, 0.00, 161, 49.2, , 1
C++, reverse-complement, 10, 1.53, 1.46, 0.21, 0.00, 162, 49.5, , 1
C++, reverse-complement, 10, 1.58, 1.51, 0.21, 0.00, 162, 46.0, , 1
C++, reverse-complement, 10, 1.57, 1.50, 0.21, 0.00, 162, 46.0, , 1
C++, reverse-complement, 10, 1.59, 1.51, 0.21, 0.00, 161, 46.0, , 1
C++, reverse-complement, 10, 1.55, 1.49, 0.21, 0.00, 161, 46.0, , 1
C++, reverse-complement, 10, 1.56, 1.50, 0.21, 0.00, 162, 46.0, , 1
C++, reverse-complement, 10, 1.53, 1.46, 0.21, 0.00, 163, 49.5, , 1
C++, reverse-complement, 10, 1.57, 1.50, 0.21, 0.00, 161, 45.8, , 1
C++, reverse-complement, 10, 1.57, 1.51, 0.21, 0.00, 162, 45.8, , 1
C++, spectral-norm, 10, 4.86, 4.72, 0.25, 0.00, 486, 49.2, , 1
C++, spectral-norm, 10, 4.83, 4.69, 0.25, 0.00, 484, 49.0, , 1
C++, spectral-norm, 10, 4.85, 4.70, 0.25, 0.00, 485, 49.0, , 1
C++, spectral-norm, 10, 4.84, 4.70, 0.25, 0.00, 485, 49.0, , 1
C++, spectral-norm, 10, 4.87, 4.71, 0.25, 0.00, 486, 49.0, , 1
C++, spectral-norm, 10, 4.83, 4.69, 0.24, 0.00, 484, 49.0, , 1
C++, spectral-norm, 10, 4.82, 4.68, 0.24, 0.00, 482, 49.0, , 1
C++, spectral-norm, 10, 4.85, 4.70, 0.25, 0.00, 485, 48.8, , 1
C++, spectral-norm, 10, 4.85, 4.71, 0.25, 0.00, 486, 48.8, , 1
C++, spectral-norm, 10, 4.85, 4.70, 0.25, 0.00, 485, 48.8, , 1
C++, spectral-norm, 10, 4.86, 4.71, 0.25, 0.00, 486, 48.8, , 1
C++, spectral-norm, 10, 4.84, 4.70, 0.25, 0.00, 485, 48.8, , 1
C++, spectral-norm, 10, 4.89, 4.73, 0.25, 0.00, 489, 48.8, , 1
C++, spectral-norm, 10, 4.85, 4.71, 0.25, 0.00, 486, 49.0, , 1
C++, spectral-norm, 10, 4.84, 4.70, 0.24, 0.00, 484, 49.0, , 1
C++, spectral-norm, 10, 4.84, 4.69, 0.25, 0.00, 484, 48.8, , 1
C++, spectral-norm, 10, 4.86, 4.71, 0.25, 0.00, 486, 48.8, , 1
C++, spectral-norm, 10, 4.84, 4.70, 0.25, 0.00, 485, 49.0, , 1
C++, spectral-norm, 10, 4.90, 4.75, 0.25, 0.00, 491, 49.0, , 1
C++, spectral-norm, 10, 4.90, 4.75, 0.25, 0.00, 490, 49.0, , 1
Java, binary-trees, 10, 31.67, 30.00, 5.86, 0.00, 3200, 49.2, , 1
Java, binary-trees, 10, 30.95, 29.29, 5.82, 0.00, 3136, 49.8, , 1
Java, binary-trees, 10, 31.00, 29.34, 5.80, 0.00, 3131, 49.5, , 1
Java, binary-trees, 10, 30.88, 29.23, 5.79, 0.00, 3121, 49.5, , 1
Java, binary-trees, 10, 31.83, 30.15, 5.89, 0.00, 3224, 49.0, , 1
Java, binary-trees, 10, 32.02, 30.33, 5.93, 0.00, 3242, 49.2, , 1
Java, binary-trees, 10, 31.85, 30.17, 5.88, 0.00, 3218, 49.5, , 1
Java, binary-trees, 10, 31.43, 29.77, 5.83, 0.00, 3173, 49.2, , 1
Java, binary-trees, 10, 30.44, 28.81, 5.78, 0.00, 3084, 49.2, , 1
Java, binary-trees, 10, 32.24, 30.54, 5.94, 0.00, 3254, 49.0, , 1
Java, binary-trees, 10, 31.11, 29.46, 5.81, 0.00, 3152, 49.5, , 1
Java, binary-trees, 10, 31.05, 29.39, 5.86, 0.00, 3136, 49.2, , 1
Java, binary-trees, 10, 30.90, 29.25, 5.82, 0.00, 3123, 49.5, , 1
Java, binary-trees, 10, 31.15, 29.48, 5.84, 0.00, 3152, 49.5, , 1
Java, binary-trees, 10, 32.04, 30.36, 5.91, 0.00, 3239, 49.8, , 1
Java, binary-trees, 10, 31.73, 30.03, 5.90, 0.00, 3246, 49.5, , 1
Java, binary-trees, 10, 31.29, 29.62, 5.89, 0.00, 3184, 49.5, , 1
Java, binary-trees, 10, 30.86, 29.21, 5.80, 0.00, 3126, 49.2, , 1
Java, binary-trees, 10, 31.23, 29.56, 5.87, 0.00, 3174, 49.5, , 1
Java, binary-trees, 10, 30.97, 29.32, 5.81, 0.00, 3132, 49.0, , 1
Java, fannkuch-redux, 10, 134.19, 130.09, 6.80, 0.00, 13475, 49.2, , 1
Java, fannkuch-redux, 10, 129.87, 125.90, 6.58, 0.00, 13051, 48.5, , 1
Java, fannkuch-redux, 10, 127.45, 123.56, 6.48, 0.00, 12830, 49.5, , 1
Java, fannkuch-redux, 10, 138.08, 133.87, 6.99, 0.00, 13869, 48.8, , 1
Java, fannkuch-redux, 10, 131.61, 127.60, 6.68, 0.00, 13230, 48.8, , 1
Java, fannkuch-redux, 10, 137.50, 133.29, 6.98, 0.00, 13827, 49.8, , 1
Java, fannkuch-redux, 10, 129.05, 125.12, 6.54, 0.00, 12954, 49.5, , 1
Java, fannkuch-redux, 10, 129.84, 125.88, 6.58, 0.00, 13041, 49.5, , 1
Java, fannkuch-redux, 10, 127.40, 123.51, 6.46, 0.00, 12796, 50.0, , 1
Java, fannkuch-redux, 10, 129.76, 125.81, 6.57, 0.00, 13025, 49.2, , 1
Java, fannkuch-redux, 10, 131.50, 127.49, 6.67, 0.00, 13214, 49.0, , 1
Java, fannkuch-redux, 10, 127.11, 123.24, 6.44, 0.00, 12769, 49.5, , 1
Java, fannkuch-redux, 10, 138.28, 134.06, 7.01, 0.00, 13885, 50.0, , 1
Java, fannkuch-redux, 10, 137.71, 133.51, 6.98, 0.00, 13830, 49.5, , 1
Java, fannkuch-redux, 10, 129.98, 126.01, 6.58, 0.00, 13048, 49.5, , 1
Java, fannkuch-redux, 10, 127.71, 123.81, 6.48, 0.00, 12823, 49.5, , 1
Java, fannkuch-redux, 10, 137.04, 132.87, 6.94, 0.00, 13755, 50.0, , 1
Java, fannkuch-redux, 10, 135.04, 130.92, 6.84, 0.00, 13564, 50.0, , 1
Java, fannkuch-redux, 10, 129.95, 125.98, 6.58, 0.00, 13052, 49.5, , 1
Java, fannkuch-redux, 10, 133.73, 129.64, 6.77, 0.00, 13423, 50.0, , 1
Java, fasta, 10, 13.20, 12.78, 0.73, 0.00, 1368, 49.8, , 1
Java, fasta, 10, 13.07, 12.66, 0.72, 0.00, 1352, 49.8, , 1
Java, fasta, 10, 12.99, 12.57, 0.72, 0.00, 1354, 50.0, , 1
Java, fasta, 10, 13.16, 12.75, 0.72, 0.00, 1345, 49.8, , 1
Java, fasta, 10, 13.14, 12.71, 0.74, 0.00, 1375, 49.5, , 1
Java, fasta, 10, 13.05, 12.64, 0.73, 0.00, 1364, 49.2, , 1
Java, fasta, 10, 13.24, 12.83, 0.72, 0.00, 1336, 49.5, , 1
Java, fasta, 10, 13.11, 12.70, 0.71, 0.00, 1322, 49.5, , 1
Java, fasta, 10, 13.07, 12.67, 0.70, 0.00, 1319, 49.8, , 1
Java, fasta, 10, 13.22, 12.82, 0.72, 0.00, 1334, 49.8, , 1
Java, fasta, 10, 12.92, 12.53, 0.71, 0.00, 1321, 50.0, , 1
Java, fasta, 10, 13.06, 12.63, 0.73, 0.00, 1373, 49.0, , 1
Java, fasta, 10, 13.18, 12.77, 0.72, 0.00, 1339, 48.5, , 1
Java, fasta, 10, 13.03, 12.61, 0.74, 0.00, 1370, 49.2, , 1
Java, fasta, 10, 13.26, 12.85, 0.72, 0.00, 1343, 50.0, , 1
Java, fasta, 10, 13.02, 12.61, 0.71, 0.00, 1336, 49.2, , 1
Java, fasta, 10, 13.10, 12.69, 0.72, 0.00, 1338, 49.5, , 1
Java, fasta, 10, 13.13, 12.73, 0.72, 0.00, 1339, 49.2, , 1
Java, fasta, 10, 13.09, 12.69, 0.71, 0.00, 1329, 50.0, , 1
Java, fasta, 10, 13.09, 12.67, 0.73, 0.00, 1372, 49.8, , 1
Java, k-nucleotide, 10, 56.12, 54.38, 4.49, 0.00, 5702, 48.0, , 1
Java, k-nucleotide, 10, 55.85, 54.12, 4.47, 0.00, 5688, 48.5, , 1
Java, k-nucleotide, 10, 56.12, 54.37, 4.51, 0.00, 5720, 48.8, , 1
Java, k-nucleotide, 10, 56.34, 54.58, 4.51, 0.00, 5729, 49.2, , 1
Java, k-nucleotide, 10, 56.74, 54.97, 4.52, 0.00, 5761, 48.8, , 1
Java, k-nucleotide, 10, 55.80, 54.06, 4.46, 0.00, 5658, 48.8, , 1
Java, k-nucleotide, 10, 56.21, 54.47, 4.49, 0.00, 5696, 48.8, , 1
Java, k-nucleotide, 10, 56.35, 54.58, 4.52, 0.00, 5760, 48.8, , 1
Java, k-nucleotide, 10, 56.53, 54.79, 4.50, 0.00, 5707, 49.8, , 1
Java, k-nucleotide, 10, 56.26, 54.51, 4.52, 0.00, 5711, 49.0, , 1
Java, k-nucleotide, 10, 53.13, 51.47, 4.28, 0.00, 5388, 50.0, , 1
Java, k-nucleotide, 10, 56.41, 54.66, 4.51, 0.00, 5694, 49.2, , 1
Java, k-nucleotide, 10, 56.16, 54.41, 4.52, 0.00, 5713, 48.8, , 1
Java, k-nucleotide, 10, 57.05, 55.27, 4.58, 0.00, 5800, 48.8, , 1
Java, k-nucleotide, 10, 56.77, 55.00, 4.53, 0.00, 5764, 49.2, , 1
Java, k-nucleotide, 10, 56.94, 55.17, 4.57, 0.00, 5782, 49.8, , 1
Java, k-nucleotide, 10, 57.47, 55.68, 4.58, 0.00, 5826, 49.0, , 1
Java, k-nucleotide, 10, 56.54, 54.80, 4.50, 0.00, 5701, 49.0, , 1
Java, k-nucleotide, 10, 56.54, 54.80, 4.50, 0.00, 5718, 49.8, , 1
Java, k-nucleotide, 10, 56.16, 54.42, 4.51, 0.00, 5683, 49.5, , 1
Java, mandelbrot, 10, 46.40, 44.98, 2.43, 0.00, 4685, 50.0, , 1
Java, mandelbrot, 10, 46.38, 44.95, 2.42, 0.00, 4682, 50.0, , 1
Java, mandelbrot, 10, 46.42, 45.00, 2.41, 0.00, 4667, 49.8, , 1
Java, mandelbrot, 10, 45.96, 44.55, 2.39, 0.00, 4623, 50.0, , 1
Java, mandelbrot, 10, 44.44, 43.07, 2.32, 0.00, 4480, 49.2, , 1
Java, mandelbrot, 10, 45.70, 44.28, 2.41, 0.00, 4658, 50.0, , 1
Java, mandelbrot, 10, 45.90, 44.49, 2.40, 0.00, 4629, 49.2, , 1
Java, mandelbrot, 10, 46.36, 44.94, 2.42, 0.00, 4676, 50.2, , 1
Java, mandelbrot, 10, 46.25, 44.84, 2.41, 0.00, 4654, 50.0, , 1
Java, mandelbrot, 10, 46.25, 44.84, 2.41, 0.00, 4657, 49.8, , 1
Java, mandelbrot, 10, 46.50, 45.07, 2.43, 0.00, 4685, 49.5, , 1
Java, mandelbrot, 10, 46.60, 45.17, 2.44, 0.00, 4705, 50.0, , 1
Java, mandelbrot, 10, 45.14, 43.75, 2.36, 0.00, 4563, 49.8, , 1
Java, mandelbrot, 10, 45.75, 44.34, 2.40, 0.00, 4637, 49.0, , 1
Java, mandelbrot, 10, 45.87, 44.47, 2.39, 0.00, 4615, 49.8, , 1
Java, mandelbrot, 10, 46.04, 44.63, 2.40, 0.00, 4643, 49.0, , 1
Java, mandelbrot, 10, 45.81, 44.39, 2.40, 0.00, 4640, 48.8, , 1
Java, mandelbrot, 10, 44.54, 43.16, 2.36, 0.00, 4546, 50.0, , 1
Java, mandelbrot, 10, 46.53, 45.11, 2.42, 0.00, 4684, 49.0, , 1
Java, mandelbrot, 10, 46.64, 45.21, 2.43, 0.00, 4709, 49.5, , 1
Java, n-body, 10, 37.62, 36.39, 2.05, 0.00, 4040, 49.8, , 1
Java, n-body, 10, 37.34, 36.11, 2.06, 0.00, 4043, 49.0, , 1
Java, n-body, 10, 37.27, 36.03, 2.06, 0.00, 4042, 49.5, , 1
Java, n-body, 10, 37.73, 36.50, 2.07, 0.00, 4079, 49.5, , 1
Java, n-body, 10, 37.48, 36.26, 2.06, 0.00, 4050, 49.0, , 1
Java, n-body, 10, 37.33, 36.10, 2.05, 0.00, 4038, 49.8, , 1
Java, n-body, 10, 37.37, 36.16, 2.05, 0.00, 4039, 50.0, , 1
Java, n-body, 10, 37.81, 36.58, 2.07, 0.00, 4064, 49.5, , 1
Java, n-body, 10, 37.30, 36.07, 2.05, 0.00, 4045, 48.0, , 1
Java, n-body, 10, 37.40, 36.16, 2.05, 0.00, 4039, 49.0, , 1
Java, n-body, 10, 37.57, 36.35, 2.05, 0.00, 4039, 49.5, , 1
Java, n-body, 10, 37.50, 36.28, 2.05, 0.00, 4038, 49.0, , 1
Java, n-body, 10, 37.42, 36.20, 2.05, 0.00, 4039, 49.0, , 1
Java, n-body, 10, 37.70, 36.49, 2.06, 0.00, 4061, 49.5, , 1
Java, n-body, 10, 37.46, 36.24, 2.05, 0.00, 4041, 49.2, , 1
Java, n-body, 10, 37.84, 36.61, 2.07, 0.00, 4063, 49.8, , 1
Java, n-body, 10, 37.54, 36.32, 2.06, 0.00, 4058, 48.5, , 1
Java, n-body, 10, 37.46, 36.23, 2.05, 0.00, 4041, 49.8, , 1
Java, n-body, 10, 37.36, 36.12, 2.06, 0.00, 4049, 48.8, , 1
Java, n-body, 10, 37.24, 36.02, 2.05, 0.00, 4042, 49.2, , 1
Java, regex-redux, 10, 59.83, 57.91, 4.04, 0.00, 6065, 49.8, , 1
Java, regex-redux, 10, 59.78, 57.85, 4.04, 0.00, 6059, 49.2, , 1
Java, regex-redux, 10, 59.43, 57.51, 4.01, 0.00, 6019, 49.2, , 1
Java, regex-redux, 10, 62.26, 60.26, 4.15, 0.00, 6301, 49.5, , 1
Java, regex-redux, 10, 60.08, 58.16, 4.06, 0.00, 6086, 49.5, , 1
Java, regex-redux, 10, 61.14, 59.17, 4.11, 0.00, 6201, 49.2, , 1
Java, regex-redux, 10, 62.02, 60.03, 4.17, 0.00, 6288, 50.0, , 1
Java, regex-redux, 10, 59.99, 58.05, 4.07, 0.00, 6110, 50.5, , 1
Java, regex-redux, 10, 59.28, 57.36, 4.04, 0.00, 6012, 50.0, , 1
Java, regex-redux, 10, 60.61, 58.66, 4.11, 0.00, 6163, 50.0, , 1
Java, regex-redux, 10, 60.41, 58.47, 4.08, 0.00, 6105, 49.8, , 1
Java, regex-redux, 10, 58.65, 56.75, 3.99, 0.00, 5958, 49.8, , 1
Java, regex-redux, 10, 60.52, 58.56, 4.09, 0.00, 6152, 49.8, , 1
Java, regex-redux, 10, 60.09, 58.15, 4.07, 0.00, 6091, 49.2, , 1
Java, regex-redux, 10, 60.11, 58.18, 4.06, 0.00, 6101, 49.8, , 1
Java, regex-redux, 10, 59.16, 57.26, 4.01, 0.00, 6011, 50.0, , 1
Java, regex-redux, 10, 61.56, 59.58, 4.12, 0.00, 6222, 49.8, , 1
Java, regex-redux, 10, 59.87, 57.93, 4.05, 0.00, 6076, 49.5, , 1
Java, regex-redux, 10, 60.07, 58.14, 4.06, 0.00, 6077, 49.2, , 1
Java, regex-redux, 10, 60.16, 58.23, 4.05, 0.00, 6085, 50.2, , 1
Java, reverse-complement, 10, 7.51, 7.21, 0.80, 0.00, 786, 47.0, , 1
Java, reverse-complement, 10, 7.47, 7.18, 0.80, 0.00, 787, 49.0, , 1
Java, reverse-complement, 10, 7.49, 7.20, 0.80, 0.00, 795, 49.0, , 1
Java, reverse-complement, 10, 7.52, 7.23, 0.81, 0.00, 789, 49.2, , 1
Java, reverse-complement, 10, 7.50, 7.22, 0.80, 0.00, 786, 49.2, , 1
Java, reverse-complement, 10, 7.52, 7.22, 0.80, 0.00, 783, 49.2, , 1
Java, reverse-complement, 10, 7.51, 7.22, 0.81, 0.00, 792, 49.2, , 1
Java, reverse-complement, 10, 7.55, 7.25, 0.80, 0.00, 790, 49.8, , 1
Java, reverse-complement, 10, 7.51, 7.21, 0.80, 0.00, 787, 47.0, , 1
Java, reverse-complement, 10, 7.58, 7.28, 0.80, 0.00, 787, 49.8, , 1
Java, reverse-complement, 10, 7.52, 7.22, 0.80, 0.00, 785, 46.5, , 1
Java, reverse-complement, 10, 7.48, 7.18, 0.81, 0.00, 801, 48.5, , 1
Java, reverse-complement, 10, 7.59, 7.31, 0.80, 0.00, 787, 48.5, , 1
Java, reverse-complement, 10, 7.54, 7.25, 0.80, 0.00, 789, 49.5, , 1
Java, reverse-complement, 10, 7.55, 7.25, 0.81, 0.00, 786, 46.0, , 1
Java, reverse-complement, 10, 7.51, 7.22, 0.80, 0.00, 787, 49.0, , 1
Java, reverse-complement, 10, 7.51, 7.22, 0.80, 0.00, 790, 49.0, , 1
Java, reverse-complement, 10, 7.54, 7.25, 0.81, 0.00, 786, 49.2, , 1
Java, reverse-complement, 10, 7.56, 7.27, 0.80, 0.00, 786, 49.2, , 1
Java, reverse-complement, 10, 7.52, 7.23, 0.80, 0.00, 791, 49.8, , 1
Java, spectral-norm, 10, 7.81, 7.56, 0.43, 0.00, 811, 46.5, , 1
Java, spectral-norm, 10, 7.90, 7.65, 0.44, 0.00, 825, 47.5, , 1
Java, spectral-norm, 10, 7.79, 7.53, 0.46, 0.00, 866, 47.5, , 1
Java, spectral-norm, 10, 7.83, 7.59, 0.43, 0.00, 801, 49.0, , 1
Java, spectral-norm, 10, 7.85, 7.60, 0.42, 0.00, 795, 49.0, , 1
Java, spectral-norm, 10, 7.87, 7.62, 0.43, 0.00, 801, 48.8, , 1
Java, spectral-norm, 10, 7.86, 7.61, 0.43, 0.00, 810, 48.8, , 1
Java, spectral-norm, 10, 7.76, 7.51, 0.44, 0.00, 819, 48.5, , 1
Java, spectral-norm, 10, 7.85, 7.60, 0.43, 0.00, 812, 48.5, , 1
Java, spectral-norm, 10, 7.91, 7.66, 0.43, 0.00, 816, 49.2, , 1
Java, spectral-norm, 10, 7.83, 7.58, 0.43, 0.00, 806, 49.2, , 1
Java, spectral-norm, 10, 7.94, 7.69, 0.43, 0.00, 810, 49.0, , 1
Java, spectral-norm, 10, 7.93, 7.68, 0.43, 0.00, 810, 49.0, , 1
Java, spectral-norm, 10, 7.86, 7.61, 0.43, 0.00, 809, 49.8, , 1
Java, spectral-norm, 10, 7.93, 7.68, 0.43, 0.00, 815, 46.2, , 1
Java, spectral-norm, 10, 7.90, 7.65, 0.44, 0.00, 818, 49.2, , 1
Java, spectral-norm, 10, 7.82, 7.57, 0.43, 0.00, 809, 49.2, , 1
Java, spectral-norm, 10, 7.88, 7.63, 0.43, 0.00, 812, 49.2, , 1
Java, spectral-norm, 10, 7.95, 7.70, 0.44, 0.00, 823, 49.2, , 1
Java, spectral-norm, 10, 7.78, 7.53, 0.43, 0.00, 814, 49.2, , 1
Python, binary-trees, 10, 439.41, 423.72, 40.13, 0.00, 44843, 50.5, , 1
Python, binary-trees, 10, 443.01, 427.23, 40.46, 0.00, 45054, 50.0, , 1
Python, binary-trees, 10, 439.79, 424.11, 40.23, 0.00, 44818, 50.8, , 1
Python, binary-trees, 10, 439.06, 423.43, 40.23, 0.00, 44711, 50.2, , 1
Python, binary-trees, 10, 443.12, 427.29, 40.44, 0.00, 45183, 50.2, , 1
Python, binary-trees, 10, 449.96, 433.92, 40.80, 0.00, 45871, 50.5, , 1
Python, binary-trees, 10, 446.60, 430.74, 40.55, 0.00, 45358, 50.8, , 1
Python, binary-trees, 10, 441.96, 426.19, 40.36, 0.00, 45018, 51.2, , 1
Python, binary-trees, 10, 444.65, 428.83, 40.52, 0.00, 45183, 51.8, , 1
Python, binary-trees, 10, 444.79, 428.90, 40.43, 0.00, 45349, 50.2, , 1
Python, binary-trees, 10, 440.99, 425.30, 40.22, 0.00, 44901, 51.0, , 1
Python, binary-trees, 10, 439.25, 423.61, 40.27, 0.00, 44664, 51.0, , 1
Python, binary-trees, 10, 437.31, 421.74, 40.05, 0.00, 44460, 51.2, , 1
Python, binary-trees, 10, 438.70, 422.99, 40.44, 0.00, 44805, 51.0, , 1
Python, binary-trees, 10, 439.94, 424.23, 40.41, 0.00, 44880, 50.8, , 1
Python, binary-trees, 10, 441.31, 425.54, 40.41, 0.00, 44960, 50.8, , 1
Python, binary-trees, 10, 441.57, 425.83, 40.25, 0.00, 44969, 51.2, , 1
Python, binary-trees, 10, 439.59, 423.88, 40.32, 0.00, 44842, 50.8, , 1
Python, binary-trees, 10, 439.95, 424.31, 40.13, 0.00, 44775, 50.8, , 1
Python, binary-trees, 10, 442.26, 426.42, 40.36, 0.00, 45205, 51.0, , 1
Python, fannkuch-redux, 10, 4015.66, 3893.56, 202.78, 0.00, 403125, 50.5, , 1
Python, fannkuch-redux, 10, 4011.56, 3889.52, 202.56, 0.00, 402702, 50.2, , 1
Python, fannkuch-redux, 10, 4068.77, 3945.01, 205.45, 0.00, 408442, 50.5, , 1
Python, fannkuch-redux, 10, 4022.04, 3899.73, 203.10, 0.00, 403770, 50.5, , 1
Python, fannkuch-redux, 10, 4068.61, 3944.82, 205.44, 0.00, 408439, 50.0, , 1
Python, fannkuch-redux, 10, 4014.61, 3892.46, 202.74, 0.00, 403022, 50.5, , 1
Python, fannkuch-redux, 10, 4007.07, 3885.23, 202.38, 0.00, 402248, 50.5, , 1
Python, fannkuch-redux, 10, 4030.45, 3907.87, 203.57, 0.00, 404606, 51.0, , 1
Python, fannkuch-redux, 10, 4002.24, 3880.44, 202.14, 0.00, 401753, 49.5, , 1
Python, fannkuch-redux, 10, 4005.34, 3883.70, 202.29, 0.00, 402065, 48.2, , 1
Python, fannkuch-redux, 10, 4018.02, 3896.07, 202.96, 0.00, 403382, 46.5, , 1
Python, fannkuch-redux, 10, 4048.09, 3925.29, 204.50, 0.00, 406402, 46.0, , 1
Python, fannkuch-redux, 10, 4100.39, 3976.01, 207.14, 0.00, 411637, 45.5, , 1
Python, fannkuch-redux, 10, 4034.99, 3912.67, 203.85, 0.00, 405090, 44.5, , 1
Python, fannkuch-redux, 10, 4089.43, 3965.58, 206.60, 0.00, 410526, 44.2, , 1
Python, fannkuch-redux, 10, 4083.48, 3959.93, 206.33, 0.00, 409958, 43.0, , 1
Python, fannkuch-redux, 10, 4067.14, 3944.07, 205.51, 0.00, 408312, 43.0, , 1
Python, fannkuch-redux, 10, 4095.71, 3971.81, 206.95, 0.00, 411163, 42.0, , 1
Python, fannkuch-redux, 10, 4120.16, 3995.71, 208.25, 0.00, 413644, 41.8, , 1
Python, fannkuch-redux, 10, 4119.94, 3995.46, 208.21, 0.00, 413623, 42.0, , 1
Python, fasta, 10, 424.49, 411.65, 21.45, 0.00, 42621, 42.0, , 1
Python, fasta, 10, 425.32, 412.45, 21.49, 0.00, 42695, 41.5, , 1
Python, fasta, 10, 424.37, 411.32, 21.44, 0.00, 42603, 41.5, , 1
Python, fasta, 10, 427.05, 414.12, 21.58, 0.00, 42871, 42.0, , 1
Python, fasta, 10, 437.41, 424.22, 22.10, 0.00, 43917, 42.0, , 1
Python, fasta, 10, 427.79, 414.89, 21.62, 0.00, 42953, 42.2, , 1
Python, fasta, 10, 428.50, 415.57, 21.65, 0.00, 43024, 42.5, , 1
Python, fasta, 10, 428.35, 415.38, 21.64, 0.00, 43000, 41.5, , 1
Python, fasta, 10, 427.08, 414.23, 21.59, 0.00, 42883, 41.5, , 1
Python, fasta, 10, 425.24, 412.40, 21.49, 0.00, 42695, 41.5, , 1
Python, fasta, 10, 427.43, 414.52, 21.61, 0.00, 42914, 42.0, , 1
Python, fasta, 10, 428.28, 415.33, 21.65, 0.00, 42993, 41.2, , 1
Python, fasta, 10, 425.99, 413.10, 21.53, 0.00, 42761, 41.5, , 1
Python, fasta, 10, 426.58, 413.68, 21.56, 0.00, 42821, 41.2, , 1
Python, fasta, 10, 423.92, 411.10, 21.42, 0.00, 42554, 41.2, , 1
Python, fasta, 10, 424.75, 411.91, 21.47, 0.00, 42641, 42.2, , 1
Python, fasta, 10, 425.39, 412.50, 21.49, 0.00, 42702, 41.0, , 1
Python, fasta, 10, 424.40, 411.56, 21.45, 0.00, 42602, 41.2, , 1
Python, fasta, 10, 426.86, 413.95, 21.57, 0.00, 42847, 42.8, , 1
Python, fasta, 10, 426.38, 413.46, 21.55, 0.00, 42800, 41.2, , 1
Python, k-nucleotide, 10, 555.69, 537.71, 55.72, 0.00, 55785, 41.0, , 1
Python, k-nucleotide, 10, 556.34, 538.33, 55.86, 0.00, 55858, 41.0, , 1
Python, k-nucleotide, 10, 570.60, 552.20, 56.68, 0.00, 57281, 41.5, , 1
Python, k-nucleotide, 10, 554.94, 536.98, 55.71, 0.00, 55705, 41.2, , 1
Python, k-nucleotide, 10, 557.15, 539.14, 55.74, 0.00, 55939, 41.5, , 1
Python, k-nucleotide, 10, 555.92, 537.88, 56.20, 0.00, 55803, 41.8, , 1
Python, k-nucleotide, 10, 554.97, 537.01, 55.57, 0.00, 55715, 42.2, , 1
Python, k-nucleotide, 10, 554.23, 536.28, 55.58, 0.00, 55642, 42.5, , 1
Python, k-nucleotide, 10, 551.40, 533.52, 55.39, 0.00, 55357, 41.8, , 1
Python, k-nucleotide, 10, 556.22, 538.20, 55.97, 0.00, 55848, 42.5, , 1
Python, k-nucleotide, 10, 552.85, 534.96, 55.49, 0.00, 55495, 42.5, , 1
Python, k-nucleotide, 10, 554.49, 536.53, 55.66, 0.00, 55667, 42.2, , 1
Python, k-nucleotide, 10, 553.43, 535.49, 55.59, 0.00, 55551, 42.5, , 1
Python, k-nucleotide, 10, 550.10, 532.22, 55.68, 0.00, 55222, 42.2, , 1
Python, k-nucleotide, 10, 556.15, 538.13, 55.84, 0.00, 55842, 42.0, , 1
Python, k-nucleotide, 10, 554.76, 536.76, 55.84, 0.00, 55685, 42.5, , 1
Python, k-nucleotide, 10, 558.29, 540.18, 56.25, 0.00, 56045, 42.5, , 1
Python, k-nucleotide, 10, 555.00, 537.05, 55.60, 0.00, 55708, 43.0, , 1
Python, k-nucleotide, 10, 555.44, 537.47, 55.62, 0.00, 55756, 42.5, , 1
Python, k-nucleotide, 10, 551.67, 533.78, 55.51, 0.00, 55391, 42.0, , 1
Python, mandelbrot, 10, 2169.23, 2103.73, 109.64, 0.00, 217721, 41.2, , 1
Python, mandelbrot, 10, 2146.51, 2081.75, 108.51, 0.00, 215481, 40.5, , 1
Python, mandelbrot, 10, 2147.35, 2082.56, 108.55, 0.00, 215565, 40.8, , 1
Python, mandelbrot, 10, 2148.43, 2083.58, 108.59, 0.00, 215672, 40.5, , 1
Python, mandelbrot, 10, 2160.29, 2095.10, 109.19, 0.00, 216863, 40.2, , 1
Python, mandelbrot, 10, 2142.13, 2077.48, 108.28, 0.00, 215039, 40.8, , 1
Python, mandelbrot, 10, 2148.87, 2084.05, 108.62, 0.00, 215732, 40.2, , 1
Python, mandelbrot, 10, 2146.25, 2081.47, 108.50, 0.00, 215472, 40.2, , 1
Python, mandelbrot, 10, 2145.86, 2081.09, 108.49, 0.00, 215419, 40.0, , 1
Python, mandelbrot, 10, 2165.78, 2100.41, 109.53, 0.00, 217422, 39.8, , 1
Python, mandelbrot, 10, 2145.98, 2081.18, 108.51, 0.00, 215423, 39.8, , 1
Python, mandelbrot, 10, 2149.99, 2085.09, 108.72, 0.00, 215828, 40.0, , 1
Python, mandelbrot, 10, 2147.60, 2082.74, 108.60, 0.00, 215587, 39.8, , 1
Python, mandelbrot, 10, 2144.46, 2079.71, 108.43, 0.00, 215276, 40.0, , 1
Python, mandelbrot, 10, 2150.72, 2085.77, 108.76, 0.00, 215900, 40.2, , 1
Python, mandelbrot, 10, 2152.84, 2087.83, 108.86, 0.00, 216098, 40.2, , 1
Python, mandelbrot, 10, 2158.48, 2093.30, 109.15, 0.00, 216657, 40.0, , 1
Python, mandelbrot, 10, 2159.69, 2094.29, 109.21, 0.00, 216785, 40.0, , 1
Python, mandelbrot, 10, 2157.08, 2091.95, 109.07, 0.00, 216529, 40.0, , 1
Python, mandelbrot, 10, 2157.58, 2092.42, 109.10, 0.00, 216577, 40.2, , 1
Python, n-body, 10, 2476.77, 2402.08, 125.13, 0.00, 248667, 40.8, , 1
Python, n-body, 10, 2486.04, 2411.07, 125.59, 0.00, 249582, 41.0, , 1
Python, n-body, 10, 2487.68, 2412.32, 125.67, 0.00, 249743, 41.2, , 1
Python, n-body, 10, 2491.99, 2416.80, 125.90, 0.00, 250192, 40.8, , 1
Python, n-body, 10, 2495.08, 2419.81, 126.04, 0.00, 250494, 41.5, , 1
Python, n-body, 10, 2480.75, 2405.59, 125.30, 0.00, 249045, 41.5, , 1
Python, n-body, 10, 2478.32, 2403.26, 125.19, 0.00, 248795, 41.5, , 1
Python, n-body, 10, 2477.72, 2402.92, 125.16, 0.00, 248755, 40.8, , 1
Python, n-body, 10, 2478.59, 2403.81, 125.22, 0.00, 248837, 40.8, , 1
Python, n-body, 10, 2488.63, 2413.55, 125.75, 0.00, 249845, 41.0, , 1
Python, n-body, 10, 2497.01, 2421.44, 126.17, 0.00, 250685, 41.5, , 1
Python, n-body, 10, 2492.81, 2417.30, 125.95, 0.00, 250237, 41.2, , 1
Python, n-body, 10, 2478.38, 2403.68, 125.24, 0.00, 248833, 41.5, , 1
Python, n-body, 10, 2545.62, 2468.77, 128.61, 0.00, 255555, 40.5, , 1
Python, n-body, 10, 2515.20, 2439.35, 127.10, 0.00, 252524, 41.2, , 1
Python, n-body, 10, 2467.77, 2393.02, 124.69, 0.00, 247745, 42.2, , 1
Python, n-body, 10, 2489.89, 2414.44, 125.80, 0.00, 249952, 41.2, , 1
Python, n-body, 10, 2473.47, 2398.67, 124.98, 0.00, 248314, 41.0, , 1
Python, n-body, 10, 2478.76, 2403.97, 125.25, 0.00, 248853, 41.0, , 1
Python, n-body, 10, 2584.81, 2506.92, 130.61, 0.00, 259537, 41.5, , 1
Python, regex-redux, 10, 87.07, 84.37, 5.23, 0.00, 8763, 41.0, , 1
Python, regex-redux, 10, 88.02, 85.29, 5.27, 0.00, 8859, 41.2, , 1
Python, regex-redux, 10, 87.09, 84.39, 5.24, 0.00, 8766, 41.0, , 1
Python, regex-redux, 10, 87.22, 84.50, 5.25, 0.00, 8789, 41.0, , 1
Python, regex-redux, 10, 87.02, 84.33, 5.24, 0.00, 8762, 41.2, , 1
Python, regex-redux, 10, 87.21, 84.50, 5.24, 0.00, 8776, 41.5, , 1
Python, regex-redux, 10, 87.33, 84.61, 5.26, 0.00, 8792, 41.2, , 1
Python, regex-redux, 10, 87.41, 84.69, 5.26, 0.00, 8799, 41.0, , 1
Python, regex-redux, 10, 86.92, 84.22, 5.23, 0.00, 8757, 41.2, , 1
Python, regex-redux, 10, 86.84, 84.14, 5.23, 0.00, 8742, 41.0, , 1
Python, regex-redux, 10, 87.19, 84.47, 5.26, 0.00, 8779, 41.0, , 1
Python, regex-redux, 10, 87.29, 84.57, 5.25, 0.00, 8785, 41.5, , 1
Python, regex-redux, 10, 87.25, 84.54, 5.25, 0.00, 8780, 41.0, , 1
Python, regex-redux, 10, 87.38, 84.66, 5.26, 0.00, 8795, 41.8, , 1
Python, regex-redux, 10, 86.96, 84.25, 5.23, 0.00, 8752, 41.0, , 1
Python, regex-redux, 10, 87.30, 84.59, 5.25, 0.00, 8787, 41.5, , 1
Python, regex-redux, 10, 86.60, 83.91, 5.21, 0.00, 8722, 41.0, , 1
Python, regex-redux, 10, 87.06, 84.37, 5.24, 0.00, 8763, 41.0, , 1
Python, regex-redux, 10, 87.06, 84.35, 5.24, 0.00, 8762, 41.5, , 1
Python, regex-redux, 10, 87.02, 84.32, 5.24, 0.00, 8755, 41.2, , 1
Python, reverse-complement, 10, 15.85, 15.34, 1.22, 0.00, 1598, 41.2, , 1
Python, reverse-complement, 10, 15.78, 15.26, 1.21, 0.00, 1586, 41.0, , 1
Python, reverse-complement, 10, 15.85, 15.34, 1.22, 0.00, 1593, 42.0, , 1
Python, reverse-complement, 10, 15.85, 15.34, 1.21, 0.00, 1593, 41.0, , 1
Python, reverse-complement, 10, 15.83, 15.31, 1.22, 0.00, 1592, 41.2, , 1
Python, reverse-complement, 10, 15.86, 15.34, 1.21, 0.00, 1593, 41.5, , 1
Python, reverse-complement, 10, 15.85, 15.34, 1.21, 0.00, 1593, 40.8, , 1
Python, reverse-complement, 10, 16.04, 15.53, 1.22, 0.00, 1611, 40.8, , 1
Python, reverse-complement, 10, 15.93, 15.41, 1.22, 0.00, 1599, 41.2, , 1
Python, reverse-complement, 10, 16.00, 15.48, 1.22, 0.00, 1606, 41.2, , 1
Python, reverse-complement, 10, 15.88, 15.37, 1.22, 0.00, 1595, 41.5, , 1
Python, reverse-complement, 10, 15.79, 15.28, 1.21, 0.00, 1596, 41.5, , 1
Python, reverse-complement, 10, 15.94, 15.43, 1.21, 0.00, 1602, 42.0, , 1
Python, reverse-complement, 10, 15.97, 15.45, 1.22, 0.00, 1603, 40.8, , 1
Python, reverse-complement, 10, 16.02, 15.50, 1.22, 0.00, 1611, 41.5, , 1
Python, reverse-complement, 10, 15.84, 15.33, 1.21, 0.00, 1594, 41.0, , 1
Python, reverse-complement, 10, 15.95, 15.44, 1.22, 0.00, 1604, 40.8, , 1
Python, reverse-complement, 10, 15.85, 15.34, 1.21, 0.00, 1593, 41.0, , 1
Python, reverse-complement, 10, 15.89, 15.37, 1.21, 0.00, 1600, 41.0, , 1
Python, reverse-complement, 10, 15.82, 15.31, 1.21, 0.00, 1589, 42.0, , 1
Python, spectral-norm, 10, 1464.83, 1420.59, 74.17, 0.00, 147041, 40.8, , 1
Python, spectral-norm, 10, 1468.55, 1424.20, 74.36, 0.00, 147421, 40.5, , 1
Python, spectral-norm, 10, 1487.20, 1442.29, 75.30, 0.00, 149283, 40.2, , 1
Python, spectral-norm, 10, 1478.82, 1434.14, 74.89, 0.00, 148466, 40.5, , 1
Python, spectral-norm, 10, 1471.16, 1426.73, 74.49, 0.00, 147682, 41.0, , 1
Python, spectral-norm, 10, 1481.10, 1436.36, 75.00, 0.00, 148684, 40.5, , 1
Python, spectral-norm, 10, 1482.69, 1437.88, 75.15, 0.00, 148976, 40.8, , 1
Python, spectral-norm, 10, 1472.97, 1428.48, 74.60, 0.00, 147863, 40.8, , 1
Python, spectral-norm, 10, 1469.45, 1425.09, 74.44, 0.00, 147535, 40.5, , 1
Python, spectral-norm, 10, 1480.50, 1435.78, 75.01, 0.00, 148623, 40.5, , 1
Python, spectral-norm, 10, 1485.87, 1441.01, 75.27, 0.00, 149165, 40.2, , 1
Python, spectral-norm, 10, 1481.22, 1436.47, 75.05, 0.00, 148713, 41.5, , 1
Python, spectral-norm, 10, 1480.60, 1435.88, 75.01, 0.00, 148639, 40.8, , 1
Python, spectral-norm, 10, 1466.03, 1421.62, 74.28, 0.00, 147152, 40.8, , 1
Python, spectral-norm, 10, 1480.82, 1436.10, 75.03, 0.00, 148649, 40.5, , 1
Python, spectral-norm, 10, 1485.79, 1440.91, 75.29, 0.00, 149170, 41.0, , 1
Python, spectral-norm, 10, 1477.69, 1433.05, 74.86, 0.00, 148333, 40.5, , 1
Python, spectral-norm, 10, 1475.32, 1430.75, 74.74, 0.00, 148092, 40.8, , 1
Python, spectral-norm, 10, 1477.06, 1432.45, 74.81, 0.00, 148261, 40.5, , 1
Python, spectral-norm, 10, 1468.36, 1423.99, 74.40, 0.00, 147409, 40.5, , 1
C, binary-trees, 15, 16.65, 16.21, 1.22, 0.00, 1195, 42.2, , 1
C, binary-trees, 15, 16.60, 16.17, 1.22, 0.00, 1194, 42.8, , 1
C, binary-trees, 15, 16.88, 16.44, 1.23, 0.00, 1219, 43.0, , 1
C, binary-trees, 15, 16.55, 16.13, 1.21, 0.00, 1190, 42.8, , 1
C, binary-trees, 15, 16.99, 16.54, 1.23, 0.00, 1226, 42.5, , 1
C, binary-trees, 15, 18.13, 17.66, 1.29, 0.00, 1328, 43.0, , 1
C, binary-trees, 15, 16.63, 16.21, 1.22, 0.00, 1195, 43.0, , 1
C, binary-trees, 15, 16.67, 16.23, 1.22, 0.00, 1199, 42.8, , 1
C, binary-trees, 15, 16.67, 16.24, 1.22, 0.00, 1196, 43.0, , 1
C, binary-trees, 15, 16.70, 16.26, 1.22, 0.00, 1197, 42.5, , 1
C, binary-trees, 15, 16.54, 16.11, 1.22, 0.00, 1189, 43.2, , 1
C, binary-trees, 15, 16.60, 16.16, 1.22, 0.00, 1192, 43.2, , 1
C, binary-trees, 15, 16.81, 16.37, 1.23, 0.00, 1209, 42.0, , 1
C, binary-trees, 15, 16.62, 16.18, 1.23, 0.00, 1192, 42.5, , 1
C, binary-trees, 15, 16.65, 16.22, 1.22, 0.00, 1196, 43.2, , 1
C, binary-trees, 15, 16.67, 16.24, 1.23, 0.00, 1196, 43.2, , 1
C, binary-trees, 15, 16.60, 16.17, 1.22, 0.00, 1192, 43.2, , 1
C, binary-trees, 15, 16.67, 16.24, 1.23, 0.00, 1196, 43.5, , 1
C, binary-trees, 15, 16.91, 16.48, 1.24, 0.00, 1216, 43.2, , 1
C, binary-trees, 15, 16.69, 16.25, 1.23, 0.00, 1197, 43.2, , 1
C, fannkuch-redux, 15, 36.41, 35.67, 1.23, 0.00, 2436, 42.8, , 1
C, fannkuch-redux, 15, 36.41, 35.68, 1.23, 0.00, 2436, 43.5, , 1
C, fannkuch-redux, 15, 36.40, 35.67, 1.23, 0.00, 2436, 42.8, , 1
C, fannkuch-redux, 15, 36.39, 35.66, 1.23, 0.00, 2436, 42.5, , 1
C, fannkuch-redux, 15, 36.43, 35.69, 1.23, 0.00, 2438, 43.5, , 1
C, fannkuch-redux, 15, 36.40, 35.66, 1.23, 0.00, 2436, 42.8, , 1
C, fannkuch-redux, 15, 36.50, 35.75, 1.23, 0.00, 2442, 43.0, , 1
C, fannkuch-redux, 15, 36.45, 35.70, 1.23, 0.00, 2439, 43.5, , 1
C, fannkuch-redux, 15, 36.39, 35.64, 1.23, 0.00, 2441, 43.5, , 1
C, fannkuch-redux, 15, 36.47, 35.72, 1.23, 0.00, 2440, 43.8, , 1
C, fannkuch-redux, 15, 36.37, 35.63, 1.23, 0.00, 2441, 43.2, , 1
C, fannkuch-redux, 15, 36.40, 35.66, 1.23, 0.00, 2435, 44.2, , 1
C, fannkuch-redux, 15, 36.44, 35.70, 1.23, 0.00, 2439, 43.5, , 1
C, fannkuch-redux, 15, 36.46, 35.71, 1.23, 0.00, 2439, 43.8, , 1
C, fannkuch-redux, 15, 36.45, 35.70, 1.23, 0.00, 2439, 44.0, , 1
C, fannkuch-redux, 15, 36.45, 35.71, 1.23, 0.00, 2440, 44.0, , 1
C, fannkuch-redux, 15, 36.42, 35.67, 1.23, 0.00, 2437, 43.8, , 1
C, fannkuch-redux, 15, 36.45, 35.70, 1.23, 0.00, 2438, 44.2, , 1
C, fannkuch-redux, 15, 36.37, 35.63, 1.23, 0.00, 2433, 44.2, , 1
C, fannkuch-redux, 15, 36.38, 35.64, 1.23, 0.00, 2435, 44.0, , 1
C, fasta, 15, 5.54, 5.34, 0.34, 0.00, 664, 42.2, , 1
C, fasta, 15, 5.39, 5.20, 0.34, 0.00, 664, 42.2, , 1
C, fasta, 15, 5.59, 5.40, 0.34, 0.00, 665, 42.8, , 1
C, fasta, 15, 5.45, 5.24, 0.33, 0.00, 663, 42.8, , 1
C, fasta, 15, 5.53, 5.32, 0.34, 0.00, 664, 42.5, , 1
C, fasta, 15, 5.50, 5.31, 0.34, 0.00, 664, 42.5, , 1
C, fasta, 15, 5.52, 5.32, 0.34, 0.00, 666, 42.5, , 1
C, fasta, 15, 5.39, 5.18, 0.34, 0.00, 664, 42.5, , 1
C, fasta, 15, 5.43, 5.22, 0.34, 0.00, 663, 42.5, , 1
C, fasta, 15, 5.42, 5.23, 0.33, 0.00, 662, 42.5, , 1
C, fasta, 15, 5.53, 5.32, 0.34, 0.00, 665, 42.5, , 1
C, fasta, 15, 5.49, 5.29, 0.34, 0.00, 664, 42.5, , 1
C, fasta, 15, 5.35, 5.15, 0.34, 0.00, 663, 42.0, , 1
C, fasta, 15, 5.43, 5.23, 0.34, 0.00, 663, 42.0, , 1
C, fasta, 15, 5.38, 5.17, 0.34, 0.00, 663, 42.2, , 1
C, fasta, 15, 5.56, 5.36, 0.34, 0.00, 664, 42.2, , 1
C, fasta, 15, 5.55, 5.35, 0.34, 0.00, 664, 42.8, , 1
C, fasta, 15, 5.35, 5.15, 0.34, 0.00, 663, 42.8, , 1
C, fasta, 15, 5.49, 5.28, 0.34, 0.00, 663, 41.5, , 1
C, fasta, 15, 5.37, 5.16, 0.34, 0.00, 663, 41.5, , 1
C, k-nucleotide, 15, 50.92, 49.73, 4.08, 0.00, 3515, 44.0, , 1
C, k-nucleotide, 15, 51.61, 50.37, 4.31, 0.00, 3545, 43.8, , 1
C, k-nucleotide, 15, 52.04, 50.77, 4.43, 0.00, 3584, 44.5, , 1
C, k-nucleotide, 15, 51.82, 50.58, 4.38, 0.00, 3560, 44.5, , 1
C, k-nucleotide, 15, 52.59, 51.30, 4.46, 0.00, 3644, 43.5, , 1
C, k-nucleotide, 15, 50.93, 49.73, 4.07, 0.00, 3510, 44.5, , 1
C, k-nucleotide, 15, 51.36, 50.12, 4.26, 0.00, 3538, 44.2, , 1
C, k-nucleotide, 15, 52.10, 50.81, 4.48, 0.00, 3575, 45.0, , 1
C, k-nucleotide, 15, 52.24, 50.97, 4.43, 0.00, 3586, 44.8, , 1
C, k-nucleotide, 15, 51.58, 50.36, 4.23, 0.00, 3559, 44.8, , 1
C, k-nucleotide, 15, 51.57, 50.35, 4.18, 0.00, 3555, 44.5, , 1
C, k-nucleotide, 15, 52.42, 51.14, 4.45, 0.00, 3600, 44.8, , 1
C, k-nucleotide, 15, 51.75, 50.52, 4.25, 0.00, 3556, 45.0, , 1
C, k-nucleotide, 15, 51.76, 50.52, 4.29, 0.00, 3561, 44.5, , 1
C, k-nucleotide, 15, 52.03, 50.77, 4.34, 0.00, 3595, 45.0, , 1
C, k-nucleotide, 15, 52.85, 51.55, 4.66, 0.00, 3630, 45.5, , 1
C, k-nucleotide, 15, 50.49, 49.32, 3.94, 0.00, 3474, 45.8, , 1
C, k-nucleotide, 15, 53.18, 51.85, 4.66, 0.00, 3666, 44.8, , 1
C, k-nucleotide, 15, 51.28, 50.07, 4.18, 0.00, 3529, 44.8, , 1
C, k-nucleotide, 15, 51.17, 49.96, 4.09, 0.00, 3536, 45.5, , 1
C, mandelbrot, 15, 17.49, 17.13, 0.60, 0.00, 1168, 44.8, , 1
C, mandelbrot, 15, 17.47, 17.12, 0.59, 0.00, 1167, 44.8, , 1
C, mandelbrot, 15, 17.49, 17.13, 0.60, 0.00, 1168, 45.2, , 1
C, mandelbrot, 15, 17.49, 17.14, 0.60, 0.00, 1168, 45.2, , 1
C, mandelbrot, 15, 17.47, 17.13, 0.59, 0.00, 1168, 45.8, , 1
C, mandelbrot, 15, 17.47, 17.12, 0.60, 0.00, 1167, 45.2, , 1
C, mandelbrot, 15, 17.51, 17.16, 0.60, 0.00, 1170, 45.2, , 1
C, mandelbrot, 15, 17.49, 17.13, 0.60, 0.00, 1168, 45.0, , 1
C, mandelbrot, 15, 17.49, 17.14, 0.60, 0.00, 1169, 44.5, , 1
C, mandelbrot, 15, 17.51, 17.16, 0.60, 0.00, 1170, 45.2, , 1
C, mandelbrot, 15, 17.50, 17.15, 0.60, 0.00, 1169, 45.2, , 1
C, mandelbrot, 15, 17.49, 17.14, 0.60, 0.00, 1168, 45.2, , 1
C, mandelbrot, 15, 17.52, 17.16, 0.60, 0.00, 1170, 44.8, , 1
C, mandelbrot, 15, 17.48, 17.13, 0.60, 0.00, 1168, 44.8, , 1
C, mandelbrot, 15, 17.49, 17.13, 0.60, 0.00, 1168, 45.0, , 1
C, mandelbrot, 15, 17.47, 17.12, 0.60, 0.00, 1167, 45.2, , 1
C, mandelbrot, 15, 17.47, 17.11, 0.60, 0.00, 1167, 45.2, , 1
C, mandelbrot, 15, 17.46, 17.11, 0.60, 0.00, 1167, 45.5, , 1
C, mandelbrot, 15, 17.49, 17.13, 0.60, 0.00, 1168, 45.0, , 1
C, mandelbrot, 15, 17.54, 17.19, 0.60, 0.00, 1172, 45.5, , 1
C, n-body, 15, 16.64, 16.13, 0.87, 0.00, 1722, 44.0, , 1
C, n-body, 15, 16.66, 16.15, 0.87, 0.00, 1723, 43.5, , 1
C, n-body, 15, 16.68, 16.16, 0.87, 0.00, 1723, 44.2, , 1
C, n-body, 15, 16.64, 16.12, 0.87, 0.00, 1723, 43.2, , 1
C, n-body, 15, 16.61, 16.10, 0.87, 0.00, 1723, 44.5, , 1
C, n-body, 15, 16.64, 16.11, 0.87, 0.00, 1723, 43.5, , 1
C, n-body, 15, 16.64, 16.13, 0.87, 0.00, 1722, 43.5, , 1
C, n-body, 15, 16.81, 16.30, 0.87, 0.00, 1723, 43.0, , 1
C, n-body, 15, 16.65, 16.14, 0.87, 0.00, 1723, 43.2, , 1
C, n-body, 15, 16.74, 16.22, 0.87, 0.00, 1723, 43.8, , 1
C, n-body, 15, 16.67, 16.16, 0.87, 0.00, 1723, 44.0, , 1
C, n-body, 15, 16.73, 16.20, 0.87, 0.00, 1723, 43.8, , 1
C, n-body, 15, 16.73, 16.23, 0.87, 0.00, 1722, 43.2, , 1
C, n-body, 15, 16.89, 16.37, 0.87, 0.00, 1723, 42.8, , 1
C, n-body, 15, 16.71, 16.20, 0.87, 0.00, 1723, 43.2, , 1
C, n-body, 15, 16.68, 16.17, 0.87, 0.00, 1722, 43.0, , 1
C, n-body, 15, 16.70, 16.18, 0.87, 0.00, 1723, 43.8, , 1
C, n-body, 15, 16.66, 16.15, 0.87, 0.00, 1722, 43.2, , 1
C, n-body, 15, 16.72, 16.21, 0.87, 0.00, 1722, 43.2, , 1
C, n-body, 15, 16.68, 16.17, 0.87, 0.00, 1723, 43.0, , 1
C, regex-redux, 15, 10.85, 10.60, 0.64, 0.00, 809, 44.2, , 1
C, regex-redux, 15, 10.86, 10.61, 0.64, 0.00, 809, 44.2, , 1
C, regex-redux, 15, 10.82, 10.57, 0.64, 0.00, 807, 43.5, , 1
C, regex-redux, 15, 10.81, 10.55, 0.64, 0.00, 807, 43.5, , 1
C, regex-redux, 15, 10.85, 10.58, 0.64, 0.00, 807, 43.8, , 1
C, regex-redux, 15, 10.78, 10.52, 0.64, 0.00, 806, 43.8, , 1
C, regex-redux, 15, 10.84, 10.60, 0.64, 0.00, 810, 44.2, , 1
C, regex-redux, 15, 10.87, 10.62, 0.64, 0.00, 809, 44.2, , 1
C, regex-redux, 15, 10.80, 10.55, 0.64, 0.00, 805, 43.8, , 1
C, regex-redux, 15, 10.81, 10.55, 0.64, 0.00, 806, 43.8, , 1
C, regex-redux, 15, 10.81, 10.56, 0.64, 0.00, 808, 43.8, , 1
C, regex-redux, 15, 10.74, 10.50, 0.64, 0.00, 806, 43.8, , 1
C, regex-redux, 15, 10.78, 10.52, 0.64, 0.00, 805, 44.8, , 1
C, regex-redux, 15, 10.83, 10.57, 0.64, 0.00, 808, 44.8, , 1
C, regex-redux, 15, 10.83, 10.58, 0.64, 0.00, 807, 44.5, , 1
C, regex-redux, 15, 10.81, 10.55, 0.64, 0.00, 807, 44.5, , 1
C, regex-redux, 15, 10.83, 10.58, 0.64, 0.00, 808, 44.8, , 1
C, regex-redux, 15, 10.80, 10.55, 0.64, 0.00, 806, 44.8, , 1
C, regex-redux, 15, 10.81, 10.55, 0.64, 0.00, 806, 44.5, , 1
C, regex-redux, 15, 10.80, 10.55, 0.64, 0.00, 806, 44.5, , 1
C, reverse-complement, 15, 1.14, 1.10, 0.16, 0.00, 106, 45.0, , 1
C, reverse-complement, 15, 1.14, 1.08, 0.16, 0.00, 104, 45.0, , 1
C, reverse-complement, 15, 1.14, 1.09, 0.16, 0.00, 106, 45.0, , 1
C, reverse-complement, 15, 1.17, 1.12, 0.16, 0.00, 106, 45.0, , 1
C, reverse-complement, 15, 1.13, 1.09, 0.16, 0.00, 106, 45.0, , 1
C, reverse-complement, 15, 1.15, 1.10, 0.16, 0.00, 106, 45.0, , 1
C, reverse-complement, 15, 1.17, 1.12, 0.16, 0.00, 105, 45.0, , 1
C, reverse-complement, 15, 1.14, 1.10, 0.16, 0.00, 105, 43.8, , 1
C, reverse-complement, 15, 1.16, 1.11, 0.16, 0.00, 105, 43.8, , 1
C, reverse-complement, 15, 1.15, 1.11, 0.16, 0.00, 105, 43.8, , 1
C, reverse-complement, 15, 1.13, 1.08, 0.16, 0.00, 106, 43.8, , 1
C, reverse-complement, 15, 1.14, 1.08, 0.16, 0.00, 105, 43.8, , 1
C, reverse-complement, 15, 1.17, 1.12, 0.16, 0.00, 104, 43.8, , 1
C, reverse-complement, 15, 1.14, 1.09, 0.16, 0.00, 105, 43.8, , 1
C, reverse-complement, 15, 1.14, 1.09, 0.16, 0.00, 105, 43.8, , 1
C, reverse-complement, 15, 1.16, 1.12, 0.16, 0.00, 104, 44.0, , 1
C, reverse-complement, 15, 1.19, 1.14, 0.16, 0.00, 105, 44.0, , 1
C, reverse-complement, 15, 1.13, 1.08, 0.16, 0.00, 108, 44.0, , 1
C, reverse-complement, 15, 1.20, 1.15, 0.16, 0.00, 106, 44.0, , 1
C, reverse-complement, 15, 1.14, 1.09, 0.16, 0.00, 105, 44.0, , 1
C, spectral-norm, 15, 5.96, 5.85, 0.20, 0.00, 398, 45.2, , 1
C, spectral-norm, 15, 5.94, 5.83, 0.20, 0.00, 397, 45.2, , 1
C, spectral-norm, 15, 5.96, 5.84, 0.20, 0.00, 398, 44.2, , 1
C, spectral-norm, 15, 5.92, 5.79, 0.20, 0.00, 394, 44.2, , 1
C, spectral-norm, 15, 5.93, 5.81, 0.20, 0.00, 395, 44.2, , 1
C, spectral-norm, 15, 5.95, 5.83, 0.20, 0.00, 397, 44.8, , 1
C, spectral-norm, 15, 5.96, 5.84, 0.20, 0.00, 397, 44.8, , 1
C, spectral-norm, 15, 5.93, 5.81, 0.20, 0.00, 395, 44.8, , 1
C, spectral-norm, 15, 5.93, 5.82, 0.20, 0.00, 395, 44.2, , 1
C, spectral-norm, 15, 5.98, 5.85, 0.20, 0.00, 398, 44.2, , 1
C, spectral-norm, 15, 5.98, 5.85, 0.20, 0.00, 398, 44.2, , 1
C, spectral-norm, 15, 5.95, 5.83, 0.20, 0.00, 398, 44.5, , 1
C, spectral-norm, 15, 5.97, 5.85, 0.20, 0.00, 398, 44.5, , 1
C, spectral-norm, 15, 5.93, 5.81, 0.20, 0.00, 398, 44.5, , 1
C, spectral-norm, 15, 5.96, 5.85, 0.20, 0.00, 398, 44.8, , 1
C, spectral-norm, 15, 5.98, 5.86, 0.20, 0.00, 399, 44.8, , 1
C, spectral-norm, 15, 5.96, 5.84, 0.20, 0.00, 397, 44.8, , 1
C, spectral-norm, 15, 5.95, 5.83, 0.20, 0.00, 397, 44.8, , 1
C, spectral-norm, 15, 5.95, 5.83, 0.20, 0.00, 397, 44.8, , 1
C, spectral-norm, 15, 6.15, 6.02, 0.21, 0.00, 410, 44.8, , 1
C++, binary-trees, 15, 14.01, 13.63, 1.10, 0.00, 989, 44.5, , 1
C++, binary-trees, 15, 15.56, 15.14, 1.18, 0.00, 1092, 45.0, , 1
C++, binary-trees, 15, 15.49, 15.08, 1.15, 0.00, 1093, 45.0, , 1
C++, binary-trees, 15, 14.78, 14.39, 1.13, 0.00, 1041, 44.5, , 1
C++, binary-trees, 15, 15.35, 14.94, 1.16, 0.00, 1077, 44.5, , 1
C++, binary-trees, 15, 16.12, 15.66, 1.31, 0.00, 1132, 44.2, , 1
C++, binary-trees, 15, 15.90, 15.44, 1.30, 0.00, 1116, 44.5, , 1
C++, binary-trees, 15, 15.17, 14.77, 1.14, 0.00, 1068, 44.8, , 1
C++, binary-trees, 15, 15.51, 15.08, 1.27, 0.00, 1093, 45.2, , 1
C++, binary-trees, 15, 14.03, 13.64, 1.12, 0.00, 990, 45.5, , 1
C++, binary-trees, 15, 15.87, 15.44, 1.26, 0.00, 1114, 44.5, , 1
C++, binary-trees, 15, 15.36, 14.94, 1.17, 0.00, 1081, 44.8, , 1
C++, binary-trees, 15, 14.07, 13.68, 1.11, 0.00, 996, 44.8, , 1
C++, binary-trees, 15, 15.12, 14.71, 1.19, 0.00, 1061, 44.0, , 1
C++, binary-trees, 15, 14.67, 14.27, 1.18, 0.00, 1034, 44.2, , 1
C++, binary-trees, 15, 15.76, 15.32, 1.27, 0.00, 1114, 45.0, , 1
C++, binary-trees, 15, 15.27, 14.86, 1.17, 0.00, 1074, 44.2, , 1
C++, binary-trees, 15, 15.48, 15.07, 1.15, 0.00, 1090, 45.0, , 1
C++, binary-trees, 15, 14.94, 14.54, 1.14, 0.00, 1056, 45.2, , 1
C++, binary-trees, 15, 14.01, 13.64, 1.12, 0.00, 992, 45.5, , 1
C++, fannkuch-redux, 15, 62.73, 61.48, 2.11, 0.00, 4193, 45.2, , 1
C++, fannkuch-redux, 15, 62.71, 61.45, 2.11, 0.00, 4192, 45.5, , 1
C++, fannkuch-redux, 15, 62.82, 61.56, 2.12, 0.00, 4199, 46.0, , 1
C++, fannkuch-redux, 15, 62.74, 61.48, 2.11, 0.00, 4195, 45.5, , 1
C++, fannkuch-redux, 15, 62.73, 61.46, 2.11, 0.00, 4192, 45.8, , 1
C++, fannkuch-redux, 15, 62.91, 61.65, 2.12, 0.00, 4206, 45.2, , 1
C++, fannkuch-redux, 15, 62.78, 61.51, 2.11, 0.00, 4195, 46.5, , 1
C++, fannkuch-redux, 15, 62.76, 61.49, 2.11, 0.00, 4194, 46.2, , 1
C++, fannkuch-redux, 15, 62.73, 61.47, 2.11, 0.00, 4193, 46.0, , 1
C++, fannkuch-redux, 15, 62.83, 61.56, 2.12, 0.00, 4199, 45.5, , 1
C++, fannkuch-redux, 15, 62.74, 61.47, 2.12, 0.00, 4193, 45.2, , 1
C++, fannkuch-redux, 15, 62.67, 61.40, 2.11, 0.00, 4188, 45.5, , 1
C++, fannkuch-redux, 15, 62.76, 61.49, 2.12, 0.00, 4194, 46.2, , 1
C++, fannkuch-redux, 15, 62.72, 61.45, 2.11, 0.00, 4193, 45.5, , 1
C++, fannkuch-redux, 15, 62.67, 61.40, 2.11, 0.00, 4188, 45.8, , 1
C++, fannkuch-redux, 15, 62.64, 61.39, 2.11, 0.00, 4187, 45.8, , 1
C++, fannkuch-redux, 15, 62.53, 61.27, 2.11, 0.00, 4180, 45.2, , 1
C++, fannkuch-redux, 15, 62.68, 61.42, 2.11, 0.00, 4191, 45.5, , 1
C++, fannkuch-redux, 15, 62.62, 61.35, 2.11, 0.00, 4185, 46.5, , 1
C++, fannkuch-redux, 15, 62.72, 61.46, 2.11, 0.00, 4192, 46.0, , 1
C++, fasta, 15, 7.76, 7.57, 0.33, 0.00, 659, 47.2, , 1
C++, fasta, 15, 7.78, 7.58, 0.33, 0.00, 659, 46.2, , 1
C++, fasta, 15, 7.77, 7.57, 0.33, 0.00, 659, 46.2, , 1
C++, fasta, 15, 7.78, 7.58, 0.33, 0.00, 659, 46.0, , 1
C++, fasta, 15, 7.74, 7.54, 0.33, 0.00, 659, 46.0, , 1
C++, fasta, 15, 7.76, 7.57, 0.33, 0.00, 658, 46.0, , 1
C++, fasta, 15, 7.74, 7.54, 0.33, 0.00, 659, 46.0, , 1
C++, fasta, 15, 7.81, 7.60, 0.33, 0.00, 659, 46.0, , 1
C++, fasta, 15, 7.80, 7.60, 0.33, 0.00, 658, 46.0, , 1
C++, fasta, 15, 7.82, 7.62, 0.33, 0.00, 658, 44.8, , 1
C++, fasta, 15, 7.80, 7.60, 0.33, 0.00, 659, 44.8, , 1
C++, fasta, 15, 7.86, 7.66, 0.33, 0.00, 660, 45.2, , 1
C++, fasta, 15, 7.86, 7.65, 0.33, 0.00, 658, 45.2, , 1
C++, fasta, 15, 7.79, 7.59, 0.33, 0.00, 659, 45.5, , 1
C++, fasta, 15, 7.78, 7.59, 0.33, 0.00, 659, 45.5, , 1
C++, fasta, 15, 7.83, 7.64, 0.33, 0.00, 659, 44.8, , 1
C++, fasta, 15, 7.82, 7.62, 0.33, 0.00, 659, 44.8, , 1
C++, fasta, 15, 7.83, 7.63, 0.33, 0.00, 659, 46.2, , 1
C++, fasta, 15, 7.85, 7.65, 0.33, 0.00, 659, 46.2, , 1
C++, fasta, 15, 7.86, 7.67, 0.33, 0.00, 659, 45.2, , 1
C++, k-nucleotide, 15, 30.54, 29.44, 3.89, 0.00, 2204, 44.8, , 1
C++, k-nucleotide, 15, 30.19, 29.10, 3.79, 0.00, 2179, 45.5, , 1
C++, k-nucleotide, 15, 30.49, 29.39, 3.88, 0.00, 2209, 45.5, , 1
C++, k-nucleotide, 15, 30.76, 29.66, 3.94, 0.00, 2240, 45.2, , 1
C++, k-nucleotide, 15, 30.58, 29.48, 3.89, 0.00, 2205, 46.0, , 1
C++, k-nucleotide, 15, 30.29, 29.19, 3.84, 0.00, 2200, 45.8, , 1
C++, k-nucleotide, 15, 29.72, 28.65, 3.75, 0.00, 2170, 46.2, , 1
C++, k-nucleotide, 15, 30.15, 29.07, 3.83, 0.00, 2187, 45.8, , 1
C++, k-nucleotide, 15, 31.29, 30.15, 4.04, 0.00, 2263, 45.2, , 1
C++, k-nucleotide, 15, 30.53, 29.42, 3.91, 0.00, 2211, 44.8, , 1
C++, k-nucleotide, 15, 29.93, 28.86, 3.79, 0.00, 2165, 46.2, , 1
C++, k-nucleotide, 15, 30.04, 28.96, 3.81, 0.00, 2172, 45.5, , 1
C++, k-nucleotide, 15, 30.61, 29.51, 3.92, 0.00, 2216, 45.2, , 1
C++, k-nucleotide, 15, 30.46, 29.36, 3.91, 0.00, 2203, 45.8, , 1
C++, k-nucleotide, 15, 30.42, 29.32, 3.89, 0.00, 2245, 45.8, , 1
C++, k-nucleotide, 15, 30.76, 29.66, 3.97, 0.00, 2228, 45.5, , 1
C++, k-nucleotide, 15, 30.62, 29.51, 3.94, 0.00, 2216, 45.5, , 1
C++, k-nucleotide, 15, 30.51, 29.41, 3.92, 0.00, 2207, 45.5, , 1
C++, k-nucleotide, 15, 31.70, 30.55, 4.14, 0.00, 2290, 46.0, , 1
C++, k-nucleotide, 15, 30.74, 29.62, 3.95, 0.00, 2230, 45.8, , 1
C++, mandelbrot, 15, 13.76, 13.50, 0.47, 0.00, 928, 46.2, , 1
C++, mandelbrot, 15, 13.80, 13.52, 0.48, 0.00, 930, 45.8, , 1
C++, mandelbrot, 15, 13.81, 13.52, 0.48, 0.00, 931, 45.8, , 1
C++, mandelbrot, 15, 13.79, 13.51, 0.48, 0.00, 929, 45.8, , 1
C++, mandelbrot, 15, 13.79, 13.51, 0.48, 0.00, 933, 45.8, , 1
C++, mandelbrot, 15, 13.74, 13.47, 0.47, 0.00, 928, 46.2, , 1
C++, mandelbrot, 15, 13.76, 13.49, 0.48, 0.00, 928, 46.2, , 1
C++, mandelbrot, 15, 13.78, 13.50, 0.48, 0.00, 929, 45.8, , 1
C++, mandelbrot, 15, 13.80, 13.53, 0.48, 0.00, 931, 45.8, , 1
C++, mandelbrot, 15, 13.79, 13.51, 0.48, 0.00, 930, 46.2, , 1
C++, mandelbrot, 15, 13.82, 13.54, 0.48, 0.00, 932, 46.2, , 1
C++, mandelbrot, 15, 13.86, 13.57, 0.48, 0.00, 933, 45.8, , 1
C++, mandelbrot, 15, 13.79, 13.51, 0.48, 0.00, 929, 45.8, , 1
C++, mandelbrot, 15, 13.79, 13.51, 0.48, 0.00, 930, 45.8, , 1
C++, mandelbrot, 15, 13.82, 13.54, 0.48, 0.00, 931, 45.8, , 1
C++, mandelbrot, 15, 13.82, 13.54, 0.48, 0.00, 931, 45.8, , 1
C++, mandelbrot, 15, 13.77, 13.49, 0.48, 0.00, 929, 45.8, , 1
C++, mandelbrot, 15, 13.81, 13.53, 0.48, 0.00, 930, 45.8, , 1
C++, mandelbrot, 15, 13.80, 13.52, 0.48, 0.00, 930, 45.8, , 1
C++, mandelbrot, 15, 13.72, 13.45, 0.48, 0.00, 931, 45.2, , 1
C++, n-body, 15, 17.27, 16.75, 0.86, 0.00, 1711, 45.0, , 1
C++, n-body, 15, 17.11, 16.59, 0.86, 0.00, 1712, 44.8, , 1
C++, n-body, 15, 17.10, 16.59, 0.86, 0.00, 1711, 44.8, , 1
C++, n-body, 15, 17.09, 16.57, 0.86, 0.00, 1710, 44.8, , 1
C++, n-body, 15, 17.27, 16.75, 0.86, 0.00, 1712, 45.5, , 1
C++, n-body, 15, 17.26, 16.75, 0.86, 0.00, 1711, 45.5, , 1
C++, n-body, 15, 17.20, 16.69, 0.86, 0.00, 1711, 44.2, , 1
C++, n-body, 15, 17.31, 16.79, 0.86, 0.00, 1711, 44.0, , 1
C++, n-body, 15, 17.17, 16.66, 0.86, 0.00, 1711, 44.8, , 1
C++, n-body, 15, 17.32, 16.82, 0.86, 0.00, 1710, 44.2, , 1
C++, n-body, 15, 17.25, 16.74, 0.86, 0.00, 1711, 44.0, , 1
C++, n-body, 15, 17.50, 16.98, 0.86, 0.00, 1711, 43.8, , 1
C++, n-body, 15, 17.30, 16.78, 0.86, 0.00, 1711, 44.5, , 1
C++, n-body, 15, 17.30, 16.78, 0.86, 0.00, 1711, 44.5, , 1
C++, n-body, 15, 17.18, 16.66, 0.86, 0.00, 1711, 44.5, , 1
C++, n-body, 15, 17.27, 16.76, 0.86, 0.00, 1711, 45.5, , 1
C++, n-body, 15, 17.42, 16.90, 0.86, 0.00, 1710, 44.8, , 1
C++, n-body, 15, 17.33, 16.82, 0.86, 0.00, 1711, 44.2, , 1
C++, n-body, 15, 17.20, 16.68, 0.86, 0.00, 1712, 44.5, , 1
C++, n-body, 15, 17.13, 16.61, 0.86, 0.00, 1711, 44.0, , 1
C++, regex-redux, 15, 13.40, 13.04, 0.86, 0.00, 1097, 45.2, , 1
C++, regex-redux, 15, 13.58, 13.22, 0.86, 0.00, 1117, 44.5, , 1
C++, regex-redux, 15, 13.59, 13.24, 0.86, 0.00, 1119, 44.5, , 1
C++, regex-redux, 15, 13.61, 13.25, 0.86, 0.00, 1111, 44.0, , 1
C++, regex-redux, 15, 13.65, 13.29, 0.86, 0.00, 1116, 44.0, , 1
C++, regex-redux, 15, 13.72, 13.36, 0.87, 0.00, 1128, 45.2, , 1
C++, regex-redux, 15, 13.13, 12.78, 0.82, 0.00, 1059, 45.0, , 1
C++, regex-redux, 15, 13.51, 13.15, 0.85, 0.00, 1106, 44.8, , 1
C++, regex-redux, 15, 13.61, 13.26, 0.86, 0.00, 1118, 44.0, , 1
C++, regex-redux, 15, 13.57, 13.20, 0.86, 0.00, 1119, 44.2, , 1
C++, regex-redux, 15, 13.50, 13.15, 0.86, 0.00, 1110, 44.5, , 1
C++, regex-redux, 15, 13.76, 13.40, 0.87, 0.00, 1131, 44.0, , 1
C++, regex-redux, 15, 13.61, 13.25, 0.87, 0.00, 1116, 44.8, , 1
C++, regex-redux, 15, 13.71, 13.35, 0.86, 0.00, 1123, 44.5, , 1
C++, regex-redux, 15, 13.55, 13.20, 0.86, 0.00, 1101, 43.8, , 1
C++, regex-redux, 15, 13.77, 13.41, 0.86, 0.00, 1130, 44.8, , 1
C++, regex-redux, 15, 13.35, 12.99, 0.85, 0.00, 1091, 44.2, , 1
C++, regex-redux, 15, 13.69, 13.33, 0.87, 0.00, 1130, 44.8, , 1
C++, regex-redux, 15, 13.39, 13.03, 0.85, 0.00, 1100, 44.2, , 1
C++, regex-redux, 15, 13.63, 13.28, 0.86, 0.00, 1113, 44.8, , 1
C++, reverse-complement, 15, 1.62, 1.55, 0.21, 0.00, 158, 45.2, , 1
C++, reverse-complement, 15, 1.65, 1.57, 0.21, 0.00, 160, 45.2, , 1
C++, reverse-complement, 15, 1.63, 1.56, 0.20, 0.00, 158, 45.2, , 1
C++, reverse-complement, 15, 1.64, 1.57, 0.21, 0.00, 159, 45.2, , 1
C++, reverse-complement, 15, 1.63, 1.56, 0.21, 0.00, 159, 45.2, , 1
C++, reverse-complement, 15, 1.64, 1.58, 0.21, 0.00, 160, 44.2, , 1
C++, reverse-complement, 15, 1.63, 1.56, 0.21, 0.00, 159, 44.2, , 1
C++, reverse-complement, 15, 1.63, 1.57, 0.21, 0.00, 159, 44.2, , 1
C++, reverse-complement, 15, 1.65, 1.58, 0.21, 0.00, 159, 44.2, , 1
C++, reverse-complement, 15, 1.61, 1.54, 0.21, 0.00, 159, 44.2, , 1
C++, reverse-complement, 15, 1.60, 1.53, 0.20, 0.00, 159, 44.2, , 1
C++, reverse-complement, 15, 1.62, 1.55, 0.20, 0.00, 158, 44.5, , 1
C++, reverse-complement, 15, 1.64, 1.58, 0.21, 0.00, 160, 44.5, , 1
C++, reverse-complement, 15, 1.64, 1.56, 0.21, 0.00, 159, 44.5, , 1
C++, reverse-complement, 15, 1.62, 1.55, 0.20, 0.00, 158, 44.5, , 1
C++, reverse-complement, 15, 1.62, 1.55, 0.21, 0.00, 159, 44.5, , 1
C++, reverse-complement, 15, 1.62, 1.55, 0.20, 0.00, 158, 44.5, , 1
C++, reverse-complement, 15, 1.61, 1.55, 0.21, 0.00, 159, 43.8, , 1
C++, reverse-complement, 15, 1.60, 1.54, 0.21, 0.00, 159, 43.8, , 1
C++, reverse-complement, 15, 1.64, 1.56, 0.21, 0.00, 159, 43.8, , 1
C++, spectral-norm, 15, 6.09, 5.98, 0.21, 0.00, 407, 45.8, , 1
C++, spectral-norm, 15, 6.09, 5.97, 0.21, 0.00, 407, 45.8, , 1
C++, spectral-norm, 15, 6.14, 6.01, 0.21, 0.00, 409, 45.5, , 1
C++, spectral-norm, 15, 6.06, 5.94, 0.21, 0.00, 404, 45.5, , 1
C++, spectral-norm, 15, 6.09, 5.96, 0.21, 0.00, 406, 45.5, , 1
C++, spectral-norm, 15, 6.08, 5.96, 0.21, 0.00, 406, 45.2, , 1
C++, spectral-norm, 15, 6.09, 5.97, 0.21, 0.00, 406, 45.2, , 1
C++, spectral-norm, 15, 6.09, 5.98, 0.21, 0.00, 407, 45.2, , 1
C++, spectral-norm, 15, 6.11, 5.99, 0.21, 0.00, 408, 45.8, , 1
C++, spectral-norm, 15, 6.09, 5.97, 0.21, 0.00, 406, 45.8, , 1
C++, spectral-norm, 15, 6.09, 5.97, 0.21, 0.00, 407, 45.8, , 1
C++, spectral-norm, 15, 6.21, 6.07, 0.21, 0.00, 414, 45.2, , 1
C++, spectral-norm, 15, 6.09, 5.97, 0.21, 0.00, 406, 45.2, , 1
C++, spectral-norm, 15, 6.12, 6.01, 0.21, 0.00, 409, 45.2, , 1
C++, spectral-norm, 15, 6.09, 5.98, 0.21, 0.00, 407, 45.0, , 1
C++, spectral-norm, 15, 6.09, 5.98, 0.21, 0.00, 407, 45.0, , 1
C++, spectral-norm, 15, 6.11, 6.00, 0.21, 0.00, 408, 45.0, , 1
C++, spectral-norm, 15, 6.09, 5.97, 0.21, 0.00, 407, 45.8, , 1
C++, spectral-norm, 15, 6.09, 5.98, 0.21, 0.00, 407, 45.8, , 1
C++, spectral-norm, 15, 6.12, 6.00, 0.21, 0.00, 409, 45.8, , 1
Java, binary-trees, 15, 42.11, 40.51, 5.69, 0.00, 2901, 45.5, , 1
Java, binary-trees, 15, 42.07, 40.47, 5.73, 0.00, 2943, 45.0, , 1
Java, binary-trees, 15, 41.55, 39.96, 5.71, 0.00, 2909, 45.2, , 1
Java, binary-trees, 15, 43.85, 42.20, 5.86, 0.00, 3077, 45.2, , 1
Java, binary-trees, 15, 42.42, 40.81, 5.72, 0.00, 2921, 45.2, , 1
Java, binary-trees, 15, 42.26, 40.67, 5.72, 0.00, 2910, 45.2, , 1
Java, binary-trees, 15, 42.39, 40.78, 5.75, 0.00, 2938, 45.0, , 1
Java, binary-trees, 15, 42.04, 40.45, 5.69, 0.00, 2892, 45.2, , 1
Java, binary-trees, 15, 42.86, 41.25, 5.78, 0.00, 2953, 45.8, , 1
Java, binary-trees, 15, 41.81, 40.22, 5.69, 0.00, 2888, 46.0, , 1
Java, binary-trees, 15, 43.69, 42.04, 5.83, 0.00, 3048, 45.8, , 1
Java, binary-trees, 15, 42.83, 41.22, 5.78, 0.00, 2960, 45.0, , 1
Java, binary-trees, 15, 42.73, 41.12, 5.78, 0.00, 2947, 46.0, , 1
Java, binary-trees, 15, 42.28, 40.69, 5.71, 0.00, 2915, 45.8, , 1
Java, binary-trees, 15, 41.78, 40.20, 5.68, 0.00, 2906, 44.5, , 1
Java, binary-trees, 15, 42.94, 41.32, 5.76, 0.00, 2988, 45.8, , 1
Java, binary-trees, 15, 42.44, 40.85, 5.73, 0.00, 2923, 45.8, , 1
Java, binary-trees, 15, 42.07, 40.48, 5.70, 0.00, 2908, 45.8, , 1
Java, binary-trees, 15, 43.23, 41.60, 5.77, 0.00, 3008, 46.0, , 1
Java, binary-trees, 15, 42.06, 40.46, 5.71, 0.00, 2906, 45.5, , 1
Java, fannkuch-redux, 15, 162.77, 159.46, 5.50, 0.00, 10904, 45.5, , 1
Java, fannkuch-redux, 15, 162.96, 159.65, 5.51, 0.00, 10915, 45.0, , 1
Java, fannkuch-redux, 15, 162.12, 158.83, 5.50, 0.00, 10883, 46.0, , 1
Java, fannkuch-redux, 15, 162.31, 159.01, 5.49, 0.00, 10871, 45.5, , 1
Java, fannkuch-redux, 15, 161.25, 157.98, 5.45, 0.00, 10797, 45.8, , 1
Java, fannkuch-redux, 15, 154.89, 151.75, 5.23, 0.00, 10366, 46.5, , 1
Java, fannkuch-redux, 15, 167.21, 163.83, 5.65, 0.00, 11198, 46.8, , 1
Java, fannkuch-redux, 15, 162.42, 159.13, 5.49, 0.00, 10870, 46.5, , 1
Java, fannkuch-redux, 15, 154.73, 151.61, 5.23, 0.00, 10357, 46.8, , 1
Java, fannkuch-redux, 15, 167.31, 163.92, 5.66, 0.00, 11205, 46.2, , 1
Java, fannkuch-redux, 15, 162.58, 159.29, 5.50, 0.00, 10888, 46.8, , 1
Java, fannkuch-redux, 15, 163.39, 160.09, 5.52, 0.00, 10940, 46.0, , 1
Java, fannkuch-redux, 15, 162.05, 158.78, 5.48, 0.00, 10843, 47.0, , 1
Java, fannkuch-redux, 15, 154.23, 151.12, 5.22, 0.00, 10334, 46.8, , 1
Java, fannkuch-redux, 15, 162.37, 159.09, 5.49, 0.00, 10867, 47.5, , 1
Java, fannkuch-redux, 15, 167.08, 163.71, 5.65, 0.00, 11186, 46.8, , 1
Java, fannkuch-redux, 15, 162.04, 158.77, 5.48, 0.00, 10850, 47.0, , 1
Java, fannkuch-redux, 15, 161.88, 158.61, 5.47, 0.00, 10840, 47.0, , 1
Java, fannkuch-redux, 15, 166.97, 163.61, 5.65, 0.00, 11180, 47.5, , 1
Java, fannkuch-redux, 15, 162.30, 159.01, 5.50, 0.00, 10874, 46.2, , 1
Java, fasta, 15, 16.21, 15.87, 0.60, 0.00, 1118, 47.0, , 1
Java, fasta, 15, 16.26, 15.92, 0.60, 0.00, 1109, 47.8, , 1
Java, fasta, 15, 16.15, 15.80, 0.59, 0.00, 1095, 47.2, , 1
Java, fasta, 15, 16.47, 16.12, 0.61, 0.00, 1125, 47.8, , 1
Java, fasta, 15, 16.39, 16.05, 0.60, 0.00, 1109, 47.8, , 1
Java, fasta, 15, 16.13, 15.79, 0.60, 0.00, 1121, 47.2, , 1
Java, fasta, 15, 16.36, 16.02, 0.60, 0.00, 1108, 47.2, , 1
Java, fasta, 15, 16.44, 16.09, 0.64, 0.00, 1177, 46.2, , 1
Java, fasta, 15, 15.95, 15.60, 0.62, 0.00, 1150, 47.0, , 1
Java, fasta, 15, 16.46, 16.13, 0.60, 0.00, 1115, 47.8, , 1
Java, fasta, 15, 16.44, 16.10, 0.60, 0.00, 1114, 46.8, , 1
Java, fasta, 15, 16.43, 16.09, 0.60, 0.00, 1109, 47.5, , 1
Java, fasta, 15, 16.31, 15.98, 0.59, 0.00, 1102, 47.2, , 1
Java, fasta, 15, 16.18, 15.84, 0.60, 0.00, 1110, 47.2, , 1
Java, fasta, 15, 16.44, 16.11, 0.61, 0.00, 1130, 47.8, , 1
Java, fasta, 15, 16.57, 16.22, 0.60, 0.00, 1120, 47.0, , 1
Java, fasta, 15, 16.53, 16.19, 0.60, 0.00, 1118, 47.2, , 1
Java, fasta, 15, 16.14, 15.78, 0.63, 0.00, 1158, 46.0, , 1
Java, fasta, 15, 15.94, 15.59, 0.63, 0.00, 1160, 47.5, , 1
Java, fasta, 15, 16.50, 16.15, 0.61, 0.00, 1122, 47.8, , 1
Java, k-nucleotide, 15, 65.90, 64.45, 3.90, 0.00, 4661, 46.8, , 1
Java, k-nucleotide, 15, 65.48, 64.04, 3.90, 0.00, 4644, 46.2, , 1
Java, k-nucleotide, 15, 66.47, 65.00, 3.96, 0.00, 4737, 46.2, , 1
Java, k-nucleotide, 15, 65.80, 64.36, 3.91, 0.00, 4652, 46.8, , 1
Java, k-nucleotide, 15, 65.49, 64.05, 3.90, 0.00, 4640, 45.8, , 1
Java, k-nucleotide, 15, 65.71, 64.27, 3.89, 0.00, 4645, 46.5, , 1
Java, k-nucleotide, 15, 66.08, 64.63, 3.90, 0.00, 4694, 46.5, , 1
Java, k-nucleotide, 15, 65.45, 64.01, 3.88, 0.00, 4609, 46.2, , 1
Java, k-nucleotide, 15, 66.37, 64.92, 3.92, 0.00, 4692, 47.5, , 1
Java, k-nucleotide, 15, 66.46, 65.00, 3.94, 0.00, 4706, 46.2, , 1
Java, k-nucleotide, 15, 60.29, 58.93, 3.68, 0.00, 4352, 46.5, , 1
Java, k-nucleotide, 15, 65.50, 64.06, 3.82, 0.00, 4652, 47.0, , 1
Java, k-nucleotide, 15, 64.95, 63.52, 3.86, 0.00, 4643, 47.0, , 1
Java, k-nucleotide, 15, 65.29, 63.86, 3.88, 0.00, 4627, 46.2, , 1
Java, k-nucleotide, 15, 65.37, 63.93, 3.91, 0.00, 4650, 46.2, , 1
Java, k-nucleotide, 15, 66.09, 64.62, 3.92, 0.00, 4692, 46.0, , 1
Java, k-nucleotide, 15, 65.23, 63.79, 3.83, 0.00, 4628, 46.0, , 1
Java, k-nucleotide, 15, 66.05, 64.59, 3.89, 0.00, 4679, 46.0, , 1
Java, k-nucleotide, 15, 65.81, 64.37, 3.90, 0.00, 4653, 47.0, , 1
Java, k-nucleotide, 15, 66.00, 64.55, 3.90, 0.00, 4678, 47.2, , 1
Java, mandelbrot, 15, 57.41, 56.24, 2.00, 0.00, 3856, 47.5, , 1
Java, mandelbrot, 15, 58.03, 56.85, 2.02, 0.00, 3895, 47.5, , 1
Java, mandelbrot, 15, 57.65, 56.47, 2.02, 0.00, 3880, 46.2, , 1
Java, mandelbrot, 15, 57.24, 56.06, 2.02, 0.00, 3887, 46.8, , 1
Java, mandelbrot, 15, 57.54, 56.37, 2.01, 0.00, 3862, 47.2, , 1
Java, mandelbrot, 15, 55.89, 54.74, 1.95, 0.00, 3754, 46.8, , 1
Java, mandelbrot, 15, 57.49, 56.31, 2.01, 0.00, 3861, 47.5, , 1
Java, mandelbrot, 15, 57.84, 56.66, 2.02, 0.00, 3888, 48.0, , 1
Java, mandelbrot, 15, 57.35, 56.17, 2.01, 0.00, 3859, 46.5, , 1
Java, mandelbrot, 15, 57.49, 56.31, 2.01, 0.00, 3861, 47.2, , 1
Java, mandelbrot, 15, 57.65, 56.47, 2.01, 0.00, 3874, 47.5, , 1
Java, mandelbrot, 15, 57.94, 56.75, 2.03, 0.00, 3897, 46.8, , 1
Java, mandelbrot, 15, 56.20, 55.05, 1.96, 0.00, 3774, 48.0, , 1
Java, mandelbrot, 15, 55.94, 54.81, 1.95, 0.00, 3755, 47.5, , 1
Java, mandelbrot, 15, 56.16, 55.02, 1.96, 0.00, 3767, 47.0, , 1
Java, mandelbrot, 15, 57.52, 56.35, 2.01, 0.00, 3864, 47.5, , 1
Java, mandelbrot, 15, 57.70, 56.52, 2.01, 0.00, 3872, 48.0, , 1
Java, mandelbrot, 15, 56.12, 54.98, 1.96, 0.00, 3768, 47.5, , 1
Java, mandelbrot, 15, 58.49, 57.30, 2.04, 0.00, 3933, 47.2, , 1
Java, mandelbrot, 15, 58.31, 57.12, 2.04, 0.00, 3924, 45.5, , 1
Java, n-body, 15, 37.61, 36.39, 2.05, 0.00, 4036, 45.2, , 1
Java, n-body, 15, 37.58, 36.37, 2.05, 0.00, 4035, 46.0, , 1
Java, n-body, 15, 37.93, 36.71, 2.06, 0.00, 4058, 45.0, , 1
Java, n-body, 15, 38.04, 36.82, 2.06, 0.00, 4059, 45.5, , 1
Java, n-body, 15, 38.03, 36.80, 2.06, 0.00, 4060, 45.2, , 1
Java, n-body, 15, 37.65, 36.44, 2.05, 0.00, 4035, 45.0, , 1
Java, n-body, 15, 37.50, 36.29, 2.05, 0.00, 4037, 45.5, , 1
Java, n-body, 15, 37.82, 36.61, 2.06, 0.00, 4058, 45.5, , 1
Java, n-body, 15, 37.63, 36.42, 2.05, 0.00, 4034, 45.5, , 1
Java, n-body, 15, 37.62, 36.40, 2.05, 0.00, 4034, 45.2, , 1
Java, n-body, 15, 37.62, 36.41, 2.05, 0.00, 4036, 44.5, , 1
Java, n-body, 15, 37.57, 36.35, 2.05, 0.00, 4035, 44.8, , 1
Java, n-body, 15, 37.85, 36.64, 2.06, 0.00, 4057, 45.0, , 1
Java, n-body, 15, 37.64, 36.43, 2.05, 0.00, 4034, 44.2, , 1
Java, n-body, 15, 37.90, 36.68, 2.06, 0.00, 4059, 44.2, , 1
Java, n-body, 15, 37.58, 36.37, 2.05, 0.00, 4035, 45.0, , 1
Java, n-body, 15, 38.13, 36.91, 2.06, 0.00, 4057, 44.0, , 1
Java, n-body, 15, 37.56, 36.35, 2.05, 0.00, 4034, 44.5, , 1
Java, n-body, 15, 36.95, 35.73, 2.05, 0.00, 4035, 44.2, , 1
Java, n-body, 15, 37.23, 36.01, 2.05, 0.00, 4035, 44.8, , 1
Java, regex-redux, 15, 71.58, 69.93, 3.59, 0.00, 5188, 45.0, , 1
Java, regex-redux, 15, 72.13, 70.47, 3.62, 0.00, 5238, 45.5, , 1
Java, regex-redux, 15, 69.52, 67.90, 3.54, 0.00, 5096, 44.0, , 1
Java, regex-redux, 15, 69.17, 67.54, 3.55, 0.00, 5081, 44.2, , 1
Java, regex-redux, 15, 70.97, 69.33, 3.55, 0.00, 5113, 45.0, , 1
Java, regex-redux, 15, 70.71, 69.06, 3.56, 0.00, 5117, 45.5, , 1
Java, regex-redux, 15, 70.55, 68.91, 3.56, 0.00, 5110, 45.2, , 1
Java, regex-redux, 15, 72.05, 70.37, 3.62, 0.00, 5234, 45.8, , 1
Java, regex-redux, 15, 70.53, 68.90, 3.55, 0.00, 5097, 45.5, , 1
Java, regex-redux, 15, 71.47, 69.82, 3.60, 0.00, 5169, 46.0, , 1
Java, regex-redux, 15, 71.54, 69.88, 3.61, 0.00, 5208, 45.2, , 1
Java, regex-redux, 15, 72.05, 70.39, 3.61, 0.00, 5210, 46.0, , 1
Java, regex-redux, 15, 71.94, 70.28, 3.61, 0.00, 5205, 46.0, , 1
Java, regex-redux, 15, 70.27, 68.64, 3.57, 0.00, 5121, 44.8, , 1
Java, regex-redux, 15, 70.55, 68.89, 3.61, 0.00, 5180, 45.2, , 1
Java, regex-redux, 15, 70.96, 69.32, 3.58, 0.00, 5147, 45.2, , 1
Java, regex-redux, 15, 70.77, 69.12, 3.58, 0.00, 5144, 45.8, , 1
Java, regex-redux, 15, 72.07, 70.39, 3.62, 0.00, 5238, 46.0, , 1
Java, regex-redux, 15, 71.85, 70.18, 3.61, 0.00, 5202, 46.0, , 1
Java, regex-redux, 15, 71.61, 69.95, 3.59, 0.00, 5184, 46.2, , 1
Java, reverse-complement, 15, 8.04, 7.75, 0.78, 0.00, 755, 46.0, , 1
Java, reverse-complement, 15, 8.01, 7.73, 0.78, 0.00, 754, 45.0, , 1
Java, reverse-complement, 15, 7.99, 7.71, 0.78, 0.00, 753, 45.0, , 1
Java, reverse-complement, 15, 7.96, 7.68, 0.78, 0.00, 755, 45.5, , 1
Java, reverse-complement, 15, 8.01, 7.73, 0.78, 0.00, 756, 45.5, , 1
Java, reverse-complement, 15, 8.08, 7.79, 0.78, 0.00, 756, 45.8, , 1
Java, reverse-complement, 15, 7.99, 7.70, 0.79, 0.00, 754, 45.8, , 1
Java, reverse-complement, 15, 7.98, 7.70, 0.78, 0.00, 755, 45.5, , 1
Java, reverse-complement, 15, 8.01, 7.72, 0.78, 0.00, 757, 45.5, , 1
Java, reverse-complement, 15, 8.01, 7.72, 0.78, 0.00, 755, 45.5, , 1
Java, reverse-complement, 15, 8.02, 7.73, 0.77, 0.00, 751, 45.5, , 1
Java, reverse-complement, 15, 8.01, 7.72, 0.78, 0.00, 754, 45.0, , 1
Java, reverse-complement, 15, 7.96, 7.67, 0.78, 0.00, 756, 45.0, , 1
Java, reverse-complement, 15, 7.98, 7.69, 0.77, 0.00, 752, 45.0, , 1
Java, reverse-complement, 15, 8.00, 7.71, 0.78, 0.00, 753, 45.0, , 1
Java, reverse-complement, 15, 7.98, 7.70, 0.79, 0.00, 754, 45.2, , 1
Java, reverse-complement, 15, 8.00, 7.71, 0.78, 0.00, 754, 45.2, , 1
Java, reverse-complement, 15, 8.01, 7.72, 0.78, 0.00, 755, 45.2, , 1
Java, reverse-complement, 15, 8.06, 7.77, 0.79, 0.00, 769, 45.2, , 1
Java, reverse-complement, 15, 7.92, 7.64, 0.78, 0.00, 756, 45.2, , 1
Java, spectral-norm, 15, 9.66, 9.46, 0.36, 0.00, 663, 47.2, , 1
Java, spectral-norm, 15, 9.68, 9.48, 0.36, 0.00, 666, 46.2, , 1
Java, spectral-norm, 15, 9.70, 9.50, 0.36, 0.00, 667, 46.2, , 1
Java, spectral-norm, 15, 9.02, 8.82, 0.34, 0.00, 629, 46.2, , 1
Java, spectral-norm, 15, 9.67, 9.47, 0.36, 0.00, 662, 46.2, , 1
Java, spectral-norm, 15, 9.67, 9.47, 0.36, 0.00, 663, 46.5, , 1
Java, spectral-norm, 15, 9.63, 9.43, 0.36, 0.00, 674, 46.5, , 1
Java, spectral-norm, 15, 9.78, 9.57, 0.36, 0.00, 670, 46.2, , 1
Java, spectral-norm, 15, 9.11, 8.92, 0.34, 0.00, 628, 46.2, , 1
Java, spectral-norm, 15, 9.24, 9.03, 0.35, 0.00, 646, 46.2, , 1
Java, spectral-norm, 15, 9.88, 9.67, 0.37, 0.00, 676, 46.2, , 1
Java, spectral-norm, 15, 9.66, 9.46, 0.36, 0.00, 672, 46.2, , 1
Java, spectral-norm, 15, 9.82, 9.61, 0.37, 0.00, 689, 46.2, , 1
Java, spectral-norm, 15, 9.37, 9.16, 0.37, 0.00, 686, 46.0, , 1
Java, spectral-norm, 15, 9.61, 9.40, 0.36, 0.00, 667, 46.0, , 1
Java, spectral-norm, 15, 9.59, 9.39, 0.36, 0.00, 671, 46.8, , 1
Java, spectral-norm, 15, 9.66, 9.46, 0.36, 0.00, 670, 46.8, , 1
Java, spectral-norm, 15, 9.68, 9.48, 0.36, 0.00, 667, 46.8, , 1
Java, spectral-norm, 15, 9.63, 9.43, 0.36, 0.00, 665, 46.8, , 1
Java, spectral-norm, 15, 9.50, 9.30, 0.35, 0.00, 653, 46.5, , 1
Python, binary-trees, 15, 528.89, 515.47, 36.04, 0.00, 37287, 47.2, , 1
Python, binary-trees, 15, 540.43, 526.81, 36.22, 0.00, 37845, 46.5, , 1
Python, binary-trees, 15, 533.57, 520.08, 36.23, 0.00, 37377, 47.2, , 1
Python, binary-trees, 15, 532.71, 519.21, 36.27, 0.00, 37489, 46.8, , 1
Python, binary-trees, 15, 533.24, 519.70, 36.28, 0.00, 37558, 46.5, , 1
Python, binary-trees, 15, 533.50, 520.00, 36.15, 0.00, 37433, 46.2, , 1
Python, binary-trees, 15, 537.82, 524.27, 36.36, 0.00, 37642, 47.2, , 1
Python, binary-trees, 15, 537.99, 524.43, 36.26, 0.00, 37605, 46.8, , 1
Python, binary-trees, 15, 537.00, 523.45, 36.21, 0.00, 37654, 46.5, , 1
Python, binary-trees, 15, 540.19, 526.55, 36.41, 0.00, 37844, 47.0, , 1
Python, binary-trees, 15, 532.84, 519.38, 36.11, 0.00, 37271, 47.0, , 1
Python, binary-trees, 15, 532.92, 519.44, 36.19, 0.00, 37390, 47.2, , 1
Python, binary-trees, 15, 531.16, 517.66, 36.27, 0.00, 37497, 47.2, , 1
Python, binary-trees, 15, 538.09, 524.49, 36.32, 0.00, 37661, 47.0, , 1
Python, binary-trees, 15, 540.69, 526.99, 36.49, 0.00, 38041, 48.0, , 1
Python, binary-trees, 15, 532.21, 518.76, 36.19, 0.00, 37304, 47.0, , 1
Python, binary-trees, 15, 537.28, 523.67, 36.40, 0.00, 37689, 47.2, , 1
Python, binary-trees, 15, 536.79, 523.23, 36.30, 0.00, 37496, 47.5, , 1
Python, binary-trees, 15, 531.72, 518.25, 36.24, 0.00, 37265, 47.2, , 1
Python, binary-trees, 15, 540.70, 527.04, 36.33, 0.00, 37921, 46.8, , 1
Python, fannkuch-redux, 15, 4601.18, 4508.19, 154.91, 0.00, 307846, 47.5, , 1
Python, fannkuch-redux, 15, 4617.60, 4524.10, 155.49, 0.00, 309005, 48.0, , 1
Python, fannkuch-redux, 15, 4602.74, 4509.67, 154.91, 0.00, 307816, 48.2, , 1
Python, fannkuch-redux, 15, 4711.17, 4615.59, 158.67, 0.00, 315298, 48.2, , 1
Python, fannkuch-redux, 15, 4640.11, 4546.47, 156.25, 0.00, 310505, 49.2, , 1
Python, fannkuch-redux, 15, 4598.56, 4505.40, 154.80, 0.00, 307613, 50.0, , 1
Python, fannkuch-redux, 15, 4610.49, 4516.97, 155.15, 0.00, 308363, 50.5, , 1
Python, fannkuch-redux, 15, 4572.37, 4479.51, 153.94, 0.00, 305899, 51.5, , 1
Python, fannkuch-redux, 15, 4628.60, 4534.66, 156.04, 0.00, 310080, 51.5, , 1
Python, fannkuch-redux, 15, 4598.82, 4505.48, 154.83, 0.00, 307669, 52.2, , 1
Python, fannkuch-redux, 15, 4619.76, 4525.97, 155.51, 0.00, 309053, 52.5, , 1
Python, fannkuch-redux, 15, 4574.40, 4481.35, 154.01, 0.00, 306101, 53.2, , 1
Python, fannkuch-redux, 15, 4605.70, 4511.91, 155.28, 0.00, 308627, 52.5, , 1
Python, fannkuch-redux, 15, 4589.82, 4496.58, 154.38, 0.00, 306851, 53.5, , 1
Python, fannkuch-redux, 15, 4619.81, 4525.86, 155.57, 0.00, 309223, 53.5, , 1
Python, fannkuch-redux, 15, 4613.14, 4519.42, 155.16, 0.00, 308406, 54.0, , 1
Python, fannkuch-redux, 15, 4597.27, 4503.80, 154.72, 0.00, 307608, 53.8, , 1
Python, fannkuch-redux, 15, 4617.01, 4523.10, 155.49, 0.00, 309152, 53.0, , 1
Python, fannkuch-redux, 15, 4594.12, 4500.70, 154.60, 0.00, 307407, 53.2, , 1
Python, fannkuch-redux, 15, 4582.47, 4489.29, 154.22, 0.00, 306659, 54.2, , 1
Python, fasta, 15, 435.21, 422.77, 20.64, 0.00, 41039, 52.8, , 1
Python, fasta, 15, 437.43, 424.95, 20.64, 0.00, 41039, 51.8, , 1
Python, fasta, 15, 439.70, 427.13, 20.80, 0.00, 41363, 51.2, , 1
Python, fasta, 15, 436.01, 423.57, 20.65, 0.00, 41055, 51.2, , 1
Python, fasta, 15, 437.13, 424.64, 20.72, 0.00, 41206, 51.5, , 1
Python, fasta, 15, 439.06, 426.57, 20.75, 0.00, 41257, 51.0, , 1
Python, fasta, 15, 437.44, 425.02, 20.66, 0.00, 41059, 51.0, , 1
Python, fasta, 15, 445.44, 432.92, 20.79, 0.00, 41319, 51.2, , 1
Python, fasta, 15, 435.66, 423.20, 20.68, 0.00, 41101, 50.5, , 1
Python, fasta, 15, 438.75, 426.26, 20.72, 0.00, 41171, 50.8, , 1
Python, fasta, 15, 439.07, 426.36, 21.07, 0.00, 41872, 50.0, , 1
Python, fasta, 15, 436.26, 423.82, 20.67, 0.00, 41085, 50.5, , 1
Python, fasta, 15, 430.14, 417.67, 20.70, 0.00, 41149, 49.8, , 1
Python, fasta, 15, 438.74, 426.30, 20.72, 0.00, 41187, 50.5, , 1
Python, fasta, 15, 437.44, 425.00, 20.67, 0.00, 41076, 49.5, , 1
Python, fasta, 15, 434.88, 422.46, 20.67, 0.00, 41092, 50.5, , 1
Python, fasta, 15, 440.06, 427.52, 20.80, 0.00, 41336, 49.5, , 1
Python, fasta, 15, 433.86, 421.41, 20.69, 0.00, 41105, 50.2, , 1
Python, fasta, 15, 432.49, 420.06, 20.65, 0.00, 41056, 49.5, , 1
Python, fasta, 15, 431.20, 418.75, 20.66, 0.00, 41060, 50.0, , 1
Python, k-nucleotide, 15, 666.34, 651.24, 49.11, 0.00, 44746, 51.2, , 1
Python, k-nucleotide, 15, 658.22, 643.27, 48.68, 0.00, 44207, 51.2, , 1
Python, k-nucleotide, 15, 658.08, 643.15, 48.63, 0.00, 44193, 52.8, , 1
Python, k-nucleotide, 15, 661.58, 646.57, 48.77, 0.00, 44432, 52.8, , 1
Python, k-nucleotide, 15, 661.65, 646.62, 48.90, 0.00, 44423, 53.5, , 1
Python, k-nucleotide, 15, 659.37, 644.38, 48.80, 0.00, 44286, 53.5, , 1
Python, k-nucleotide, 15, 662.24, 647.19, 48.95, 0.00, 44468, 53.0, , 1
Python, k-nucleotide, 15, 661.37, 646.30, 49.06, 0.00, 44437, 53.2, , 1
Python, k-nucleotide, 15, 660.37, 645.39, 48.59, 0.00, 44354, 53.8, , 1
Python, k-nucleotide, 15, 662.72, 647.68, 48.87, 0.00, 44500, 53.5, , 1
Python, k-nucleotide, 15, 660.29, 645.27, 48.92, 0.00, 44372, 53.2, , 1
Python, k-nucleotide, 15, 658.28, 643.32, 48.69, 0.00, 44207, 53.5, , 1
Python, k-nucleotide, 15, 655.90, 640.98, 48.54, 0.00, 44086, 53.2, , 1
Python, k-nucleotide, 15, 666.30, 651.16, 49.23, 0.00, 44769, 54.2, , 1
Python, k-nucleotide, 15, 657.78, 642.83, 48.58, 0.00, 44185, 54.2, , 1
Python, k-nucleotide, 15, 657.60, 642.63, 48.89, 0.00, 44160, 53.8, , 1
Python, k-nucleotide, 15, 669.23, 654.06, 49.21, 0.00, 44957, 55.0, , 1
Python, k-nucleotide, 15, 657.95, 642.99, 48.69, 0.00, 44184, 54.2, , 1
Python, k-nucleotide, 15, 662.48, 647.39, 49.14, 0.00, 44479, 54.8, , 1
Python, k-nucleotide, 15, 659.49, 644.51, 48.56, 0.00, 44281, 54.0, , 1
Python, mandelbrot, 15, 2378.85, 2330.32, 79.98, 0.00, 158990, 54.0, , 1
Python, mandelbrot, 15, 2372.42, 2323.93, 79.77, 0.00, 158552, 55.2, , 1
Python, mandelbrot, 15, 2397.21, 2348.51, 80.59, 0.00, 160225, 54.5, , 1
Python, mandelbrot, 15, 2397.19, 2348.48, 80.59, 0.00, 160221, 55.2, , 1
Python, mandelbrot, 15, 2378.05, 2329.57, 79.95, 0.00, 158933, 55.0, , 1
Python, mandelbrot, 15, 2377.40, 2328.89, 79.92, 0.00, 158889, 55.2, , 1
Python, mandelbrot, 15, 2407.15, 2358.18, 80.94, 0.00, 160889, 54.8, , 1
Python, mandelbrot, 15, 2368.67, 2320.30, 79.62, 0.00, 158301, 54.5, , 1
Python, mandelbrot, 15, 2371.55, 2323.10, 79.73, 0.00, 158494, 55.0, , 1
Python, mandelbrot, 15, 2393.18, 2344.53, 80.47, 0.00, 159956, 55.0, , 1
Python, mandelbrot, 15, 2399.53, 2350.74, 80.67, 0.00, 160383, 55.0, , 1
Python, mandelbrot, 15, 2375.92, 2327.51, 79.89, 0.00, 158796, 55.2, , 1
Python, mandelbrot, 15, 2399.12, 2350.42, 80.66, 0.00, 160358, 54.8, , 1
Python, mandelbrot, 15, 2378.42, 2329.90, 79.96, 0.00, 158958, 55.2, , 1
Python, mandelbrot, 15, 2381.58, 2332.96, 80.04, 0.00, 159157, 55.0, , 1
Python, mandelbrot, 15, 2406.68, 2357.78, 80.91, 0.00, 160851, 54.5, , 1
Python, mandelbrot, 15, 2390.67, 2342.12, 80.38, 0.00, 159791, 55.0, , 1
Python, mandelbrot, 15, 2370.74, 2322.46, 79.70, 0.00, 158445, 54.5, , 1
Python, mandelbrot, 15, 2409.35, 2360.41, 81.01, 0.00, 161039, 55.0, , 1
Python, mandelbrot, 15, 2371.19, 2322.82, 79.71, 0.00, 158473, 55.2, , 1
Python, n-body, 15, 2694.72, 2623.87, 117.72, 0.00, 234213, 52.5, , 1
Python, n-body, 15, 2686.40, 2616.02, 117.14, 0.00, 233019, 51.8, , 1
Python, n-body, 15, 2708.06, 2637.41, 117.69, 0.00, 234085, 51.8, , 1
Python, n-body, 15, 2726.57, 2655.10, 118.96, 0.00, 236569, 52.5, , 1
Python, n-body, 15, 2687.57, 2616.74, 117.76, 0.00, 234127, 51.2, , 1
Python, n-body, 15, 2682.39, 2611.98, 117.14, 0.00, 232896, 51.2, , 1
Python, n-body, 15, 2684.21, 2613.82, 117.50, 0.00, 233145, 52.0, , 1
Python, n-body, 15, 2665.09, 2594.53, 117.19, 0.00, 232971, 51.8, , 1
Python, n-body, 15, 2631.97, 2560.94, 117.06, 0.00, 232702, 52.0, , 1
Python, n-body, 15, 2635.66, 2564.67, 117.53, 0.00, 233646, 51.0, , 1
Python, n-body, 15, 2653.24, 2582.66, 117.10, 0.00, 232801, 51.5, , 1
Python, n-body, 15, 2673.54, 2602.14, 118.29, 0.00, 235159, 51.0, , 1
Python, n-body, 15, 2698.17, 2626.82, 118.56, 0.00, 235701, 51.2, , 1
Python, n-body, 15, 2660.71, 2590.16, 117.14, 0.00, 232870, 52.0, , 1
Python, n-body, 15, 2709.92, 2637.12, 120.50, 0.00, 239560, 51.2, , 1
Python, n-body, 15, 2659.00, 2588.10, 117.56, 0.00, 233471, 52.8, , 1
Python, n-body, 15, 2676.88, 2605.15, 118.80, 0.00, 236187, 52.2, , 1
Python, n-body, 15, 2658.62, 2587.73, 117.50, 0.00, 233572, 52.0, , 1
Python, n-body, 15, 2664.79, 2594.33, 117.07, 0.00, 232736, 52.5, , 1
Python, n-body, 15, 2687.58, 2615.51, 119.41, 0.00, 237387, 51.8, , 1
Python, regex-redux, 15, 93.33, 90.92, 4.70, 0.00, 7712, 51.0, , 1
Python, regex-redux, 15, 92.97, 90.56, 4.69, 0.00, 7703, 51.5, , 1
Python, regex-redux, 15, 92.98, 90.58, 4.69, 0.00, 7696, 51.8, , 1
Python, regex-redux, 15, 92.96, 90.54, 4.71, 0.00, 7725, 51.5, , 1
Python, regex-redux, 15, 93.44, 91.03, 4.71, 0.00, 7723, 51.8, , 1
Python, regex-redux, 15, 93.27, 90.85, 4.70, 0.00, 7721, 51.8, , 1
Python, regex-redux, 15, 93.56, 91.14, 4.72, 0.00, 7738, 51.2, , 1
Python, regex-redux, 15, 92.91, 90.50, 4.69, 0.00, 7708, 51.5, , 1
Python, regex-redux, 15, 92.83, 90.42, 4.70, 0.00, 7709, 51.2, , 1
Python, regex-redux, 15, 92.63, 90.22, 4.71, 0.00, 7703, 51.8, , 1
Python, regex-redux, 15, 92.92, 90.50, 4.71, 0.00, 7722, 51.2, , 1
Python, regex-redux, 15, 92.85, 90.44, 4.70, 0.00, 7706, 51.5, , 1
Python, regex-redux, 15, 92.86, 90.45, 4.70, 0.00, 7697, 51.8, , 1
Python, regex-redux, 15, 93.23, 90.82, 4.71, 0.00, 7718, 51.2, , 1
Python, regex-redux, 15, 93.16, 90.75, 4.71, 0.00, 7710, 51.5, , 1
Python, regex-redux, 15, 92.79, 90.37, 4.70, 0.00, 7702, 51.5, , 1
Python, regex-redux, 15, 93.69, 91.27, 4.71, 0.00, 7728, 51.2, , 1
Python, regex-redux, 15, 93.79, 91.37, 4.72, 0.00, 7736, 52.0, , 1
Python, regex-redux, 15, 93.26, 90.85, 4.70, 0.00, 7710, 51.5, , 1
Python, regex-redux, 15, 93.19, 90.78, 4.70, 0.00, 7703, 51.5, , 1
Python, reverse-complement, 15, 17.42, 16.95, 1.12, 0.00, 1431, 51.0, , 1
Python, reverse-complement, 15, 17.39, 16.91, 1.12, 0.00, 1431, 51.0, , 1
Python, reverse-complement, 15, 17.40, 16.92, 1.13, 0.00, 1434, 51.2, , 1
Python, reverse-complement, 15, 17.63, 17.16, 1.12, 0.00, 1435, 51.5, , 1
Python, reverse-complement, 15, 17.46, 16.98, 1.12, 0.00, 1429, 51.0, , 1
Python, reverse-complement, 15, 17.51, 17.04, 1.12, 0.00, 1435, 51.0, , 1
Python, reverse-complement, 15, 17.46, 17.00, 1.12, 0.00, 1433, 51.2, , 1
Python, reverse-complement, 15, 17.53, 17.06, 1.12, 0.00, 1432, 50.8, , 1
Python, reverse-complement, 15, 17.41, 16.93, 1.12, 0.00, 1430, 50.8, , 1
Python, reverse-complement, 15, 17.32, 16.85, 1.12, 0.00, 1429, 51.2, , 1
Python, reverse-complement, 15, 17.43, 16.96, 1.12, 0.00, 1430, 51.0, , 1
Python, reverse-complement, 15, 17.33, 16.86, 1.12, 0.00, 1427, 50.5, , 1
Python, reverse-complement, 15, 17.42, 16.94, 1.12, 0.00, 1434, 51.5, , 1
Python, reverse-complement, 15, 17.47, 17.00, 1.12, 0.00, 1430, 51.2, , 1
Python, reverse-complement, 15, 17.47, 16.99, 1.12, 0.00, 1427, 51.2, , 1
Python, reverse-complement, 15, 17.49, 17.02, 1.12, 0.00, 1433, 51.2, , 1
Python, reverse-complement, 15, 17.46, 16.99, 1.12, 0.00, 1431, 50.8, , 1
Python, reverse-complement, 15, 17.55, 17.09, 1.12, 0.00, 1431, 51.0, , 1
Python, reverse-complement, 15, 17.57, 17.09, 1.12, 0.00, 1434, 51.2, , 1
Python, reverse-complement, 15, 17.46, 17.00, 1.12, 0.00, 1432, 51.2, , 1
Python, spectral-norm, 15, 1635.80, 1602.56, 55.17, 0.00, 109377, 55.0, , 1
Python, spectral-norm, 15, 1645.50, 1612.04, 55.50, 0.00, 110034, 55.5, , 1
Python, spectral-norm, 15, 1643.66, 1610.22, 55.45, 0.00, 109911, 55.0, , 1
Python, spectral-norm, 15, 1640.96, 1607.59, 55.33, 0.00, 109730, 55.5, , 1
Python, spectral-norm, 15, 1647.42, 1613.91, 55.54, 0.00, 110169, 55.8, , 1
Python, spectral-norm, 15, 1643.76, 1610.33, 55.41, 0.00, 109933, 55.8, , 1
Python, spectral-norm, 15, 1638.79, 1605.46, 55.24, 0.00, 109590, 55.2, , 1
Python, spectral-norm, 15, 1638.90, 1605.57, 55.25, 0.00, 109616, 55.2, , 1
Python, spectral-norm, 15, 1635.56, 1602.29, 55.14, 0.00, 109381, 55.5, , 1
Python, spectral-norm, 15, 1639.32, 1605.96, 55.27, 0.00, 109645, 55.5, , 1
Python, spectral-norm, 15, 1641.19, 1607.83, 55.33, 0.00, 109764, 55.2, , 1
Python, spectral-norm, 15, 1652.67, 1619.04, 55.72, 0.00, 110542, 55.8, , 1
Python, spectral-norm, 15, 1643.90, 1610.47, 55.42, 0.00, 109938, 55.2, , 1
Python, spectral-norm, 15, 1648.66, 1615.13, 55.56, 0.00, 110248, 56.0, , 1
Python, spectral-norm, 15, 1645.34, 1611.88, 55.46, 0.00, 110026, 56.0, , 1
Python, spectral-norm, 15, 1641.85, 1608.46, 55.33, 0.00, 109784, 55.5, , 1
Python, spectral-norm, 15, 1639.91, 1606.54, 55.28, 0.00, 109650, 55.0, , 1
Python, spectral-norm, 15, 1648.09, 1614.57, 55.56, 0.00, 110201, 55.5, , 1
Python, spectral-norm, 15, 1637.10, 1603.79, 55.20, 0.00, 109472, 55.0, , 1
Python, spectral-norm, 15, 1640.89, 1607.51, 55.31, 0.00, 109726, 55.2, , 1
C, binary-trees, 25, 20.62, 20.25, 1.12, 0.00, 1026, 54.8, , 1
C, binary-trees, 25, 20.56, 20.17, 1.12, 0.00, 1024, 55.0, , 1
C, binary-trees, 25, 20.47, 20.08, 1.11, 0.00, 1021, 55.0, , 1
C, binary-trees, 25, 20.60, 20.21, 1.11, 0.00, 1024, 54.2, , 1
C, binary-trees, 25, 20.69, 20.31, 1.12, 0.00, 1027, 54.5, , 1
C, binary-trees, 25, 20.49, 20.10, 1.11, 0.00, 1023, 54.2, , 1
C, binary-trees, 25, 21.41, 21.00, 1.15, 0.00, 1097, 54.5, , 1
C, binary-trees, 25, 20.56, 20.18, 1.12, 0.00, 1022, 55.2, , 1
C, binary-trees, 25, 20.49, 20.11, 1.11, 0.00, 1021, 54.8, , 1
C, binary-trees, 25, 20.52, 20.14, 1.12, 0.00, 1023, 52.2, , 1
C, binary-trees, 25, 20.45, 20.06, 1.11, 0.00, 1019, 54.8, , 1
C, binary-trees, 25, 20.53, 20.14, 1.11, 0.00, 1023, 53.8, , 1
C, binary-trees, 25, 20.54, 20.16, 1.12, 0.00, 1021, 54.8, , 1
C, binary-trees, 25, 20.58, 20.18, 1.12, 0.00, 1024, 53.5, , 1
C, binary-trees, 25, 20.44, 20.05, 1.11, 0.00, 1027, 54.2, , 1
C, binary-trees, 25, 20.52, 20.13, 1.13, 0.00, 1021, 54.2, , 1
C, binary-trees, 25, 20.62, 20.23, 1.11, 0.00, 1032, 54.8, , 1
C, binary-trees, 25, 20.55, 20.17, 1.12, 0.00, 1024, 54.5, , 1
C, binary-trees, 25, 20.50, 20.11, 1.11, 0.00, 1023, 54.2, , 1
C, binary-trees, 25, 20.72, 20.33, 1.12, 0.00, 1035, 52.8, , 1
C, fannkuch-redux, 25, 47.68, 47.08, 0.99, 0.00, 1969, 55.5, , 1
C, fannkuch-redux, 25, 47.78, 47.18, 0.99, 0.00, 1968, 55.2, , 1
C, fannkuch-redux, 25, 47.81, 47.21, 0.99, 0.00, 1968, 55.2, , 1
C, fannkuch-redux, 25, 47.65, 47.06, 0.99, 0.00, 1968, 55.8, , 1
C, fannkuch-redux, 25, 47.54, 46.94, 0.99, 0.00, 1969, 55.5, , 1
C, fannkuch-redux, 25, 47.59, 46.99, 0.99, 0.00, 1972, 55.2, , 1
C, fannkuch-redux, 25, 47.56, 46.96, 0.99, 0.00, 1968, 55.5, , 1
C, fannkuch-redux, 25, 47.71, 47.10, 0.99, 0.00, 1969, 54.2, , 1
C, fannkuch-redux, 25, 47.62, 47.02, 0.99, 0.00, 1968, 55.2, , 1
C, fannkuch-redux, 25, 47.59, 46.99, 0.99, 0.00, 1969, 55.5, , 1
C, fannkuch-redux, 25, 47.55, 46.95, 0.99, 0.00, 1969, 55.5, , 1
C, fannkuch-redux, 25, 47.55, 46.95, 0.99, 0.00, 1968, 55.8, , 1
C, fannkuch-redux, 25, 47.53, 46.94, 0.99, 0.00, 1968, 55.5, , 1
C, fannkuch-redux, 25, 47.59, 46.98, 0.99, 0.00, 1968, 55.5, , 1
C, fannkuch-redux, 25, 47.49, 46.89, 0.99, 0.00, 1969, 55.5, , 1
C, fannkuch-redux, 25, 47.52, 46.91, 0.99, 0.00, 1968, 55.2, , 1
C, fannkuch-redux, 25, 47.61, 47.01, 0.99, 0.00, 1968, 55.5, , 1
C, fannkuch-redux, 25, 47.50, 46.89, 0.99, 0.00, 1969, 55.5, , 1
C, fannkuch-redux, 25, 47.65, 47.05, 0.99, 0.00, 1968, 56.0, , 1
C, fannkuch-redux, 25, 47.58, 46.97, 0.99, 0.00, 1969, 55.5, , 1
C, fasta, 25, 5.38, 5.17, 0.34, 0.00, 663, 49.2, , 1
C, fasta, 25, 5.36, 5.16, 0.34, 0.00, 663, 51.5, , 1
C, fasta, 25, 5.45, 5.24, 0.34, 0.00, 664, 49.2, , 1
C, fasta, 25, 5.41, 5.22, 0.34, 0.00, 664, 51.5, , 1
C, fasta, 25, 5.44, 5.24, 0.34, 0.00, 665, 49.2, , 1
C, fasta, 25, 5.45, 5.25, 0.34, 0.00, 664, 51.5, , 1
C, fasta, 25, 5.39, 5.18, 0.34, 0.00, 663, 49.0, , 1
C, fasta, 25, 5.36, 5.16, 0.33, 0.00, 663, 51.8, , 1
C, fasta, 25, 5.42, 5.21, 0.34, 0.00, 664, 48.8, , 1
C, fasta, 25, 5.46, 5.26, 0.34, 0.00, 663, 51.0, , 1
C, fasta, 25, 5.51, 5.31, 0.34, 0.00, 664, 48.8, , 1
C, fasta, 25, 5.42, 5.21, 0.34, 0.00, 663, 50.8, , 1
C, fasta, 25, 5.52, 5.32, 0.34, 0.00, 663, 48.8, , 1
C, fasta, 25, 5.39, 5.19, 0.33, 0.00, 663, 51.8, , 1
C, fasta, 25, 5.50, 5.30, 0.34, 0.00, 663, 48.8, , 1
C, fasta, 25, 5.57, 5.20, 0.34, 0.00, 663, 51.8, , 1
C, fasta, 25, 5.52, 5.31, 0.34, 0.00, 663, 48.8, , 1
C, fasta, 25, 5.52, 5.32, 0.34, 0.00, 664, 50.8, , 1
C, fasta, 25, 5.38, 5.18, 0.34, 0.00, 664, 48.5, , 1
C, fasta, 25, 5.55, 5.35, 0.34, 0.00, 664, 51.0, , 1
C, k-nucleotide, 25, 67.06, 65.90, 4.12, 0.00, 3129, 54.2, , 1
C, k-nucleotide, 25, 67.33, 66.16, 4.12, 0.00, 3144, 54.5, , 1
C, k-nucleotide, 25, 67.81, 66.63, 4.16, 0.00, 3215, 54.8, , 1
C, k-nucleotide, 25, 66.10, 65.00, 3.78, 0.00, 3085, 54.2, , 1
C, k-nucleotide, 25, 68.91, 67.62, 4.59, 0.00, 3326, 54.2, , 1
C, k-nucleotide, 25, 67.69, 66.53, 4.09, 0.00, 3186, 54.0, , 1
C, k-nucleotide, 25, 67.60, 66.42, 4.23, 0.00, 3186, 55.2, , 1
C, k-nucleotide, 25, 68.26, 67.02, 4.38, 0.00, 3246, 54.8, , 1
C, k-nucleotide, 25, 65.78, 64.69, 3.73, 0.00, 3046, 54.5, , 1
C, k-nucleotide, 25, 67.64, 66.46, 4.20, 0.00, 3227, 54.5, , 1
C, k-nucleotide, 25, 65.80, 64.73, 3.71, 0.00, 3036, 54.5, , 1
C, k-nucleotide, 25, 65.88, 64.78, 3.74, 0.00, 3074, 54.5, , 1
C, k-nucleotide, 25, 67.66, 66.48, 4.13, 0.00, 3184, 54.2, , 1
C, k-nucleotide, 25, 67.38, 66.21, 4.12, 0.00, 3164, 54.8, , 1
C, k-nucleotide, 25, 67.07, 65.92, 4.03, 0.00, 3137, 55.0, , 1
C, k-nucleotide, 25, 66.12, 65.02, 3.76, 0.00, 3067, 54.8, , 1
C, k-nucleotide, 25, 66.25, 65.15, 3.78, 0.00, 3073, 54.8, , 1
C, k-nucleotide, 25, 67.04, 65.90, 3.96, 0.00, 3126, 54.0, , 1
C, k-nucleotide, 25, 66.29, 65.17, 3.85, 0.00, 3114, 54.8, , 1
C, k-nucleotide, 25, 66.70, 65.57, 3.96, 0.00, 3103, 55.0, , 1
C, mandelbrot, 25, 23.08, 22.79, 0.48, 0.00, 944, 49.2, , 1
C, mandelbrot, 25, 23.14, 22.84, 0.48, 0.00, 945, 57.5, , 1
C, mandelbrot, 25, 22.97, 22.68, 0.48, 0.00, 945, 49.0, , 1
C, mandelbrot, 25, 22.90, 22.61, 0.48, 0.00, 945, 57.0, , 1
C, mandelbrot, 25, 23.10, 22.81, 0.48, 0.00, 945, 49.0, , 1
C, mandelbrot, 25, 22.96, 22.68, 0.48, 0.00, 945, 57.2, , 1
C, mandelbrot, 25, 22.96, 22.67, 0.48, 0.00, 945, 49.0, , 1
C, mandelbrot, 25, 22.95, 22.67, 0.48, 0.00, 945, 56.5, , 1
C, mandelbrot, 25, 22.99, 22.70, 0.48, 0.00, 944, 49.0, , 1
C, mandelbrot, 25, 23.04, 22.75, 0.48, 0.00, 944, 56.8, , 1
C, mandelbrot, 25, 23.00, 22.72, 0.48, 0.00, 944, 49.0, , 1
C, mandelbrot, 25, 23.06, 22.78, 0.48, 0.00, 944, 57.0, , 1
C, mandelbrot, 25, 23.01, 22.72, 0.48, 0.00, 944, 56.5, , 1
C, mandelbrot, 25, 22.99, 22.71, 0.48, 0.00, 945, 49.0, , 1
C, mandelbrot, 25, 23.01, 22.72, 0.48, 0.00, 944, 56.5, , 1
C, mandelbrot, 25, 22.96, 22.68, 0.48, 0.00, 945, 49.2, , 1
C, mandelbrot, 25, 23.06, 22.77, 0.48, 0.00, 944, 57.0, , 1
C, mandelbrot, 25, 22.90, 22.61, 0.49, 0.00, 945, 49.2, , 1
C, mandelbrot, 25, 22.98, 22.70, 0.48, 0.00, 944, 57.0, , 1
C, mandelbrot, 25, 22.92, 22.64, 0.48, 0.00, 944, 49.2, , 1
C, n-body, 25, 16.61, 16.08, 0.87, 0.00, 1723, 51.5, , 1
C, n-body, 25, 16.54, 16.01, 0.87, 0.00, 1723, 52.5, , 1
C, n-body, 25, 16.59, 16.06, 0.87, 0.00, 1723, 51.8, , 1
C, n-body, 25, 16.50, 15.98, 0.87, 0.00, 1723, 53.0, , 1
C, n-body, 25, 16.47, 15.95, 0.87, 0.00, 1723, 51.8, , 1
C, n-body, 25, 16.57, 16.04, 0.87, 0.00, 1723, 52.2, , 1
C, n-body, 25, 16.61, 16.09, 0.87, 0.00, 1723, 52.0, , 1
C, n-body, 25, 16.64, 16.12, 0.87, 0.00, 1723, 52.0, , 1
C, n-body, 25, 16.61, 16.09, 0.87, 0.00, 1722, 51.8, , 1
C, n-body, 25, 16.61, 16.08, 0.87, 0.00, 1722, 50.8, , 1
C, n-body, 25, 16.52, 16.00, 0.87, 0.00, 1722, 52.0, , 1
C, n-body, 25, 16.60, 16.07, 0.87, 0.00, 1723, 52.0, , 1
C, n-body, 25, 16.63, 16.11, 0.87, 0.00, 1723, 51.8, , 1
C, n-body, 25, 16.57, 16.04, 0.87, 0.00, 1722, 51.8, , 1
C, n-body, 25, 16.63, 16.10, 0.87, 0.00, 1723, 51.8, , 1
C, n-body, 25, 16.61, 16.08, 0.87, 0.00, 1723, 52.0, , 1
C, n-body, 25, 16.63, 16.10, 0.87, 0.00, 1723, 51.0, , 1
C, n-body, 25, 16.59, 16.07, 0.87, 0.00, 1723, 51.0, , 1
C, n-body, 25, 16.63, 16.10, 0.87, 0.00, 1723, 51.5, , 1
C, n-body, 25, 16.54, 16.01, 0.87, 0.00, 1723, 51.2, , 1
C, regex-redux, 25, 13.15, 12.92, 0.59, 0.00, 711, 48.0, , 1
C, regex-redux, 25, 13.13, 12.90, 0.59, 0.00, 711, 52.0, , 1
C, regex-redux, 25, 13.20, 12.97, 0.59, 0.00, 713, 48.2, , 1
C, regex-redux, 25, 13.16, 12.93, 0.59, 0.00, 711, 52.8, , 1
C, regex-redux, 25, 13.13, 12.90, 0.59, 0.00, 711, 48.0, , 1
C, regex-redux, 25, 13.19, 12.96, 0.59, 0.00, 713, 52.8, , 1
C, regex-redux, 25, 13.18, 12.95, 0.59, 0.00, 710, 48.2, , 1
C, regex-redux, 25, 13.12, 12.89, 0.59, 0.00, 710, 52.2, , 1
C, regex-redux, 25, 13.18, 12.94, 0.59, 0.00, 712, 48.5, , 1
C, regex-redux, 25, 13.17, 12.95, 0.59, 0.00, 710, 52.2, , 1
C, regex-redux, 25, 13.13, 12.90, 0.59, 0.00, 710, 47.8, , 1
C, regex-redux, 25, 13.05, 12.83, 0.59, 0.00, 715, 52.8, , 1
C, regex-redux, 25, 13.20, 12.98, 0.59, 0.00, 712, 48.5, , 1
C, regex-redux, 25, 13.25, 13.02, 0.59, 0.00, 712, 52.2, , 1
C, regex-redux, 25, 13.19, 12.97, 0.59, 0.00, 711, 48.2, , 1
C, regex-redux, 25, 13.23, 12.99, 0.59, 0.00, 713, 52.2, , 1
C, regex-redux, 25, 13.20, 12.98, 0.59, 0.00, 712, 48.5, , 1
C, regex-redux, 25, 13.18, 12.95, 0.59, 0.00, 712, 52.5, , 1
C, regex-redux, 25, 13.16, 12.93, 0.59, 0.00, 711, 48.0, , 1
C, regex-redux, 25, 13.21, 12.97, 0.59, 0.00, 712, 52.5, , 1
C, reverse-complement, 25, 1.31, 1.27, 0.16, 0.00, 104, 48.0, , 1
C, reverse-complement, 25, 1.34, 1.29, 0.16, 0.00, 105, 48.0, , 1
C, reverse-complement, 25, 1.30, 1.25, 0.16, 0.00, 104, 48.0, , 1
C, reverse-complement, 25, 1.30, 1.25, 0.16, 0.00, 104, 48.0, , 1
C, reverse-complement, 25, 1.30, 1.26, 0.16, 0.00, 104, 48.0, , 1
C, reverse-complement, 25, 1.31, 1.27, 0.16, 0.00, 104, 48.0, , 1
C, reverse-complement, 25, 1.33, 1.29, 0.16, 0.00, 105, 48.0, , 1
C, reverse-complement, 25, 1.31, 1.27, 0.16, 0.00, 104, 48.0, , 1
C, reverse-complement, 25, 1.33, 1.27, 0.16, 0.00, 104, 48.0, , 1
C, reverse-complement, 25, 1.32, 1.28, 0.16, 0.00, 106, 48.0, , 1
C, reverse-complement, 25, 1.31, 1.26, 0.16, 0.00, 104, 48.0, , 1
C, reverse-complement, 25, 1.33, 1.28, 0.16, 0.00, 105, 48.0, , 1
C, reverse-complement, 25, 1.31, 1.26, 0.16, 0.00, 103, 48.0, , 1
C, reverse-complement, 25, 1.33, 1.29, 0.16, 0.00, 106, 48.0, , 1
C, reverse-complement, 25, 1.32, 1.28, 0.16, 0.00, 103, 48.0, , 1
C, reverse-complement, 25, 1.35, 1.30, 0.16, 0.00, 106, 52.0, , 1
C, reverse-complement, 25, 1.34, 1.29, 0.16, 0.00, 104, 47.5, , 1
C, reverse-complement, 25, 1.31, 1.27, 0.16, 0.00, 104, 47.5, , 1
C, reverse-complement, 25, 1.34, 1.28, 0.16, 0.00, 105, 47.5, , 1
C, reverse-complement, 25, 1.32, 1.27, 0.16, 0.00, 104, 47.5, , 1
C, spectral-norm, 25, 7.92, 7.82, 0.16, 0.00, 317, 48.0, , 1
C, spectral-norm, 25, 7.94, 7.85, 0.16, 0.00, 318, 48.0, , 1
C, spectral-norm, 25, 7.92, 7.83, 0.16, 0.00, 318, 55.5, , 1
C, spectral-norm, 25, 7.93, 7.83, 0.16, 0.00, 318, 48.5, , 1
C, spectral-norm, 25, 7.95, 7.86, 0.16, 0.00, 319, 48.5, , 1
C, spectral-norm, 25, 7.94, 7.84, 0.16, 0.00, 318, 55.8, , 1
C, spectral-norm, 25, 7.93, 7.85, 0.16, 0.00, 318, 48.2, , 1
C, spectral-norm, 25, 7.94, 7.85, 0.16, 0.00, 318, 48.2, , 1
C, spectral-norm, 25, 7.96, 7.87, 0.16, 0.00, 319, 55.2, , 1
C, spectral-norm, 25, 7.95, 7.86, 0.16, 0.00, 318, 48.5, , 1
C, spectral-norm, 25, 7.94, 7.86, 0.16, 0.00, 318, 48.5, , 1
C, spectral-norm, 25, 7.97, 7.87, 0.16, 0.00, 319, 55.5, , 1
C, spectral-norm, 25, 7.96, 7.86, 0.16, 0.00, 319, 48.2, , 1
C, spectral-norm, 25, 7.95, 7.86, 0.16, 0.00, 319, 48.2, , 1
C, spectral-norm, 25, 7.97, 7.87, 0.16, 0.00, 319, 55.5, , 1
C, spectral-norm, 25, 7.94, 7.86, 0.16, 0.00, 319, 48.2, , 1
C, spectral-norm, 25, 7.97, 7.88, 0.16, 0.00, 319, 48.2, , 1
C, spectral-norm, 25, 7.97, 7.88, 0.16, 0.00, 319, 55.2, , 1
C, spectral-norm, 25, 7.96, 7.86, 0.16, 0.00, 319, 48.2, , 1
C, spectral-norm, 25, 7.97, 7.89, 0.16, 0.00, 320, 48.2, , 1
C++, binary-trees, 25, 20.56, 20.18, 1.13, 0.00, 943, 48.2, , 1
C++, binary-trees, 25, 21.77, 21.35, 1.22, 0.00, 990, 54.2, , 1
C++, binary-trees, 25, 20.34, 19.97, 1.06, 0.00, 934, 48.8, , 1
C++, binary-trees, 25, 19.94, 19.58, 1.05, 0.00, 915, 53.8, , 1
C++, binary-trees, 25, 18.33, 18.00, 1.03, 0.00, 823, 48.8, , 1
C++, binary-trees, 25, 18.59, 18.25, 1.00, 0.00, 838, 54.5, , 1
C++, binary-trees, 25, 20.49, 20.09, 1.17, 0.00, 951, 48.5, , 1
C++, binary-trees, 25, 20.03, 19.67, 1.07, 0.00, 918, 54.2, , 1
C++, binary-trees, 25, 20.53, 20.13, 1.17, 0.00, 983, 54.0, , 1
C++, binary-trees, 25, 20.18, 19.80, 1.08, 0.00, 956, 48.5, , 1
C++, binary-trees, 25, 20.81, 20.42, 1.18, 0.00, 950, 54.2, , 1
C++, binary-trees, 25, 19.60, 19.23, 1.07, 0.00, 921, 48.8, , 1
C++, binary-trees, 25, 21.79, 21.38, 1.22, 0.00, 986, 55.0, , 1
C++, binary-trees, 25, 21.13, 20.73, 1.20, 0.00, 963, 48.8, , 1
C++, binary-trees, 25, 18.34, 18.00, 1.01, 0.00, 825, 55.0, , 1
C++, binary-trees, 25, 19.72, 19.37, 1.06, 0.00, 897, 48.8, , 1
C++, binary-trees, 25, 20.43, 20.04, 1.16, 0.00, 951, 54.5, , 1
C++, binary-trees, 25, 19.68, 19.33, 1.05, 0.00, 899, 48.8, , 1
C++, binary-trees, 25, 22.00, 21.58, 1.26, 0.00, 1013, 53.5, , 1
C++, binary-trees, 25, 18.45, 18.10, 1.06, 0.00, 850, 48.8, , 1
C++, fannkuch-redux, 25, 77.33, 76.26, 1.78, 0.00, 3524, 55.0, , 1
C++, fannkuch-redux, 25, 77.31, 76.24, 1.78, 0.00, 3527, 56.2, , 1
C++, fannkuch-redux, 25, 77.12, 76.04, 1.78, 0.00, 3525, 55.2, , 1
C++, fannkuch-redux, 25, 77.42, 76.34, 1.78, 0.00, 3532, 55.5, , 1
C++, fannkuch-redux, 25, 77.18, 76.11, 1.78, 0.00, 3527, 55.2, , 1
C++, fannkuch-redux, 25, 77.34, 76.26, 1.78, 0.00, 3525, 56.0, , 1
C++, fannkuch-redux, 25, 77.44, 76.36, 1.78, 0.00, 3525, 55.8, , 1
C++, fannkuch-redux, 25, 77.76, 76.68, 1.79, 0.00, 3555, 55.0, , 1
C++, fannkuch-redux, 25, 77.31, 76.24, 1.78, 0.00, 3526, 55.2, , 1
C++, fannkuch-redux, 25, 77.51, 76.43, 1.78, 0.00, 3527, 55.0, , 1
C++, fannkuch-redux, 25, 77.32, 76.24, 1.78, 0.00, 3527, 55.2, , 1
C++, fannkuch-redux, 25, 77.40, 76.33, 1.77, 0.00, 3524, 55.5, , 1
C++, fannkuch-redux, 25, 77.51, 76.44, 1.78, 0.00, 3526, 56.2, , 1
C++, fannkuch-redux, 25, 77.57, 76.50, 1.78, 0.00, 3527, 55.8, , 1
C++, fannkuch-redux, 25, 77.59, 76.52, 1.78, 0.00, 3526, 56.2, , 1
C++, fannkuch-redux, 25, 77.75, 76.68, 1.78, 0.00, 3526, 56.2, , 1
C++, fannkuch-redux, 25, 77.51, 76.45, 1.78, 0.00, 3529, 56.5, , 1
C++, fannkuch-redux, 25, 77.45, 76.38, 1.78, 0.00, 3527, 56.2, , 1
C++, fannkuch-redux, 25, 77.58, 76.51, 1.78, 0.00, 3526, 55.8, , 1
C++, fannkuch-redux, 25, 77.52, 76.45, 1.78, 0.00, 3527, 55.2, , 1
C++, fasta, 25, 7.63, 7.44, 0.33, 0.00, 659, 49.2, , 1
C++, fasta, 25, 7.70, 7.49, 0.33, 0.00, 659, 54.0, , 1
C++, fasta, 25, 7.66, 7.46, 0.33, 0.00, 659, 49.2, , 1
C++, fasta, 25, 7.69, 7.50, 0.33, 0.00, 659, 52.5, , 1
C++, fasta, 25, 7.71, 7.51, 0.33, 0.00, 659, 49.0, , 1
C++, fasta, 25, 7.66, 7.45, 0.33, 0.00, 659, 53.0, , 1
C++, fasta, 25, 7.62, 7.42, 0.33, 0.00, 659, 49.0, , 1
C++, fasta, 25, 7.67, 7.47, 0.33, 0.00, 659, 52.5, , 1
C++, fasta, 25, 7.68, 7.48, 0.33, 0.00, 659, 49.0, , 1
C++, fasta, 25, 7.69, 7.48, 0.33, 0.00, 659, 52.5, , 1
C++, fasta, 25, 7.74, 7.54, 0.33, 0.00, 659, 48.5, , 1
C++, fasta, 25, 7.69, 7.49, 0.33, 0.00, 659, 53.5, , 1
C++, fasta, 25, 7.68, 7.48, 0.33, 0.00, 658, 48.8, , 1
C++, fasta, 25, 7.75, 7.56, 0.33, 0.00, 659, 53.0, , 1
C++, fasta, 25, 7.74, 7.54, 0.33, 0.00, 659, 48.8, , 1
C++, fasta, 25, 7.72, 7.52, 0.33, 0.00, 658, 53.2, , 1
C++, fasta, 25, 7.72, 7.53, 0.33, 0.00, 658, 48.8, , 1
C++, fasta, 25, 7.71, 7.51, 0.34, 0.00, 659, 53.0, , 1
C++, fasta, 25, 7.64, 7.44, 0.33, 0.00, 658, 48.8, , 1
C++, fasta, 25, 7.68, 7.48, 0.33, 0.00, 659, 53.5, , 1
C++, k-nucleotide, 25, 36.55, 35.49, 3.80, 0.00, 2093, 53.8, , 1
C++, k-nucleotide, 25, 36.48, 35.40, 3.83, 0.00, 2101, 53.2, , 1
C++, k-nucleotide, 25, 36.61, 35.52, 3.85, 0.00, 2104, 52.8, , 1
C++, k-nucleotide, 25, 36.38, 35.30, 3.82, 0.00, 2091, 53.5, , 1
C++, k-nucleotide, 25, 37.00, 35.90, 3.94, 0.00, 2134, 53.2, , 1
C++, k-nucleotide, 25, 36.97, 35.86, 3.90, 0.00, 2128, 53.0, , 1
C++, k-nucleotide, 25, 36.56, 35.48, 3.83, 0.00, 2091, 54.0, , 1
C++, k-nucleotide, 25, 36.65, 35.56, 3.86, 0.00, 2118, 53.2, , 1
C++, k-nucleotide, 25, 36.52, 35.44, 3.84, 0.00, 2096, 53.8, , 1
C++, k-nucleotide, 25, 36.46, 35.37, 3.85, 0.00, 2113, 53.2, , 1
C++, k-nucleotide, 25, 37.00, 35.89, 3.96, 0.00, 2145, 53.8, , 1
C++, k-nucleotide, 25, 36.28, 35.21, 3.82, 0.00, 2086, 53.8, , 1
C++, k-nucleotide, 25, 36.31, 35.22, 3.89, 0.00, 2129, 53.2, , 1
C++, k-nucleotide, 25, 36.88, 35.78, 3.92, 0.00, 2136, 53.0, , 1
C++, k-nucleotide, 25, 36.59, 35.51, 3.84, 0.00, 2121, 53.0, , 1
C++, k-nucleotide, 25, 36.07, 35.01, 3.74, 0.00, 2072, 53.8, , 1
C++, k-nucleotide, 25, 36.22, 35.15, 3.77, 0.00, 2077, 53.0, , 1
C++, k-nucleotide, 25, 36.92, 35.83, 3.87, 0.00, 2113, 54.0, , 1
C++, k-nucleotide, 25, 36.04, 34.97, 3.76, 0.00, 2072, 54.0, , 1
C++, k-nucleotide, 25, 36.67, 35.57, 3.90, 0.00, 2125, 53.5, , 1
C++, mandelbrot, 25, 18.36, 18.13, 0.39, 0.00, 753, 49.2, , 1
C++, mandelbrot, 25, 18.36, 18.12, 0.39, 0.00, 753, 54.5, , 1
C++, mandelbrot, 25, 18.40, 18.16, 0.39, 0.00, 754, 49.2, , 1
C++, mandelbrot, 25, 18.37, 18.14, 0.39, 0.00, 753, 54.5, , 1
C++, mandelbrot, 25, 18.39, 18.16, 0.39, 0.00, 754, 49.0, , 1
C++, mandelbrot, 25, 18.35, 18.13, 0.39, 0.00, 753, 54.8, , 1
C++, mandelbrot, 25, 18.39, 18.16, 0.39, 0.00, 753, 49.0, , 1
C++, mandelbrot, 25, 18.37, 18.15, 0.39, 0.00, 754, 54.8, , 1
C++, mandelbrot, 25, 18.38, 18.15, 0.39, 0.00, 754, 49.2, , 1
C++, mandelbrot, 25, 18.42, 18.20, 0.39, 0.00, 755, 54.5, , 1
C++, mandelbrot, 25, 18.38, 18.14, 0.39, 0.00, 753, 49.2, , 1
C++, mandelbrot, 25, 18.36, 18.13, 0.39, 0.00, 754, 54.0, , 1
C++, mandelbrot, 25, 18.42, 18.19, 0.39, 0.00, 756, 49.2, , 1
C++, mandelbrot, 25, 18.40, 18.16, 0.39, 0.00, 755, 55.0, , 1
C++, mandelbrot, 25, 18.42, 18.19, 0.39, 0.00, 755, 49.2, , 1
C++, mandelbrot, 25, 18.34, 18.11, 0.39, 0.00, 756, 54.2, , 1
C++, mandelbrot, 25, 18.42, 18.20, 0.39, 0.00, 755, 49.2, , 1
C++, mandelbrot, 25, 18.41, 18.17, 0.39, 0.00, 755, 54.5, , 1
C++, mandelbrot, 25, 18.42, 18.20, 0.39, 0.00, 755, 49.0, , 1
C++, mandelbrot, 25, 18.41, 18.18, 0.39, 0.00, 755, 55.0, , 1
C++, n-body, 25, 17.14, 16.61, 0.86, 0.00, 1711, 52.5, , 1
C++, n-body, 25, 17.15, 16.63, 0.86, 0.00, 1711, 52.0, , 1
C++, n-body, 25, 17.12, 16.60, 0.86, 0.00, 1711, 52.0, , 1
C++, n-body, 25, 17.32, 16.80, 0.86, 0.00, 1711, 52.8, , 1
C++, n-body, 25, 17.19, 16.67, 0.86, 0.00, 1711, 51.5, , 1
C++, n-body, 25, 17.49, 16.96, 0.86, 0.00, 1712, 52.2, , 1
C++, n-body, 25, 17.16, 16.64, 0.86, 0.00, 1712, 51.8, , 1
C++, n-body, 25, 17.14, 16.62, 0.86, 0.00, 1711, 52.0, , 1
C++, n-body, 25, 17.11, 16.59, 0.86, 0.00, 1710, 51.2, , 1
C++, n-body, 25, 17.11, 16.60, 0.86, 0.00, 1711, 51.8, , 1
C++, n-body, 25, 17.11, 16.58, 0.86, 0.00, 1711, 51.2, , 1
C++, n-body, 25, 17.11, 16.59, 0.86, 0.00, 1711, 51.5, , 1
C++, n-body, 25, 17.13, 16.62, 0.86, 0.00, 1711, 51.8, , 1
C++, n-body, 25, 17.11, 16.59, 0.86, 0.00, 1712, 51.5, , 1
C++, n-body, 25, 17.09, 16.57, 0.86, 0.00, 1711, 51.0, , 1
C++, n-body, 25, 17.10, 16.58, 0.86, 0.00, 1711, 51.2, , 1
C++, n-body, 25, 17.10, 16.59, 0.86, 0.00, 1710, 51.2, , 1
C++, n-body, 25, 17.06, 16.54, 0.86, 0.00, 1710, 50.8, , 1
C++, n-body, 25, 17.13, 16.61, 0.86, 0.00, 1712, 50.8, , 1
C++, n-body, 25, 17.13, 16.62, 0.86, 0.00, 1712, 50.5, , 1
C++, regex-redux, 25, 15.38, 15.04, 0.82, 0.00, 1036, 51.2, , 1
C++, regex-redux, 25, 15.29, 14.95, 0.80, 0.00, 1005, 51.8, , 1
C++, regex-redux, 25, 15.37, 15.03, 0.81, 0.00, 1030, 51.5, , 1
C++, regex-redux, 25, 15.58, 15.24, 0.82, 0.00, 1044, 51.5, , 1
C++, regex-redux, 25, 15.40, 15.06, 0.81, 0.00, 1017, 49.8, , 1
C++, regex-redux, 25, 15.45, 15.11, 0.82, 0.00, 1026, 51.0, , 1
C++, regex-redux, 25, 15.54, 15.19, 0.83, 0.00, 1042, 51.5, , 1
C++, regex-redux, 25, 15.42, 15.09, 0.81, 0.00, 1028, 51.2, , 1
C++, regex-redux, 25, 15.44, 15.10, 0.82, 0.00, 1043, 50.8, , 1
C++, regex-redux, 25, 15.51, 15.17, 0.82, 0.00, 1037, 50.8, , 1
C++, regex-redux, 25, 15.49, 15.15, 0.83, 0.00, 1049, 51.2, , 1
C++, regex-redux, 25, 15.55, 15.20, 0.83, 0.00, 1049, 51.5, , 1
C++, regex-redux, 25, 15.57, 15.22, 0.82, 0.00, 1050, 51.5, , 1
C++, regex-redux, 25, 15.68, 15.34, 0.83, 0.00, 1044, 51.5, , 1
C++, regex-redux, 25, 15.66, 15.31, 0.83, 0.00, 1061, 51.2, , 1
C++, regex-redux, 25, 15.59, 15.24, 0.82, 0.00, 1034, 50.8, , 1
C++, regex-redux, 25, 15.45, 15.11, 0.81, 0.00, 1017, 50.8, , 1
C++, regex-redux, 25, 15.47, 15.12, 0.82, 0.00, 1035, 51.2, , 1
C++, regex-redux, 25, 15.29, 14.97, 0.80, 0.00, 993, 50.8, , 1
C++, regex-redux, 25, 15.65, 15.31, 0.82, 0.00, 1052, 50.2, , 1
C++, reverse-complement, 25, 1.61, 1.54, 0.21, 0.00, 159, 47.2, , 1
C++, reverse-complement, 25, 1.60, 1.53, 0.21, 0.00, 159, 47.2, , 1
C++, reverse-complement, 25, 1.61, 1.53, 0.21, 0.00, 159, 47.2, , 1
C++, reverse-complement, 25, 1.58, 1.51, 0.20, 0.00, 158, 47.2, , 1
C++, reverse-complement, 25, 1.61, 1.54, 0.21, 0.00, 159, 47.2, , 1
C++, reverse-complement, 25, 1.62, 1.56, 0.21, 0.00, 160, 50.0, , 1
C++, reverse-complement, 25, 1.60, 1.53, 0.21, 0.00, 160, 47.2, , 1
C++, reverse-complement, 25, 1.60, 1.54, 0.21, 0.00, 159, 47.2, , 1
C++, reverse-complement, 25, 1.58, 1.52, 0.20, 0.00, 158, 47.2, , 1
C++, reverse-complement, 25, 1.60, 1.53, 0.20, 0.00, 158, 47.2, , 1
C++, reverse-complement, 25, 1.58, 1.52, 0.21, 0.00, 159, 47.2, , 1
C++, reverse-complement, 25, 1.60, 1.53, 0.21, 0.00, 160, 50.5, , 1
C++, reverse-complement, 25, 1.60, 1.52, 0.21, 0.00, 159, 47.2, , 1
C++, reverse-complement, 25, 1.62, 1.55, 0.21, 0.00, 159, 47.2, , 1
C++, reverse-complement, 25, 1.61, 1.54, 0.21, 0.00, 159, 47.2, , 1
C++, reverse-complement, 25, 1.60, 1.54, 0.21, 0.00, 159, 47.2, , 1
C++, reverse-complement, 25, 1.61, 1.54, 0.21, 0.00, 160, 47.2, , 1
C++, reverse-complement, 25, 1.57, 1.50, 0.20, 0.00, 159, 51.2, , 1
C++, reverse-complement, 25, 1.62, 1.55, 0.21, 0.00, 159, 47.0, , 1
C++, reverse-complement, 25, 1.58, 1.52, 0.21, 0.00, 159, 47.0, , 1
C++, spectral-norm, 25, 7.26, 7.15, 0.18, 0.00, 352, 47.2, , 1
C++, spectral-norm, 25, 7.31, 7.21, 0.18, 0.00, 353, 47.2, , 1
C++, spectral-norm, 25, 7.29, 7.19, 0.18, 0.00, 352, 53.8, , 1
C++, spectral-norm, 25, 7.34, 7.23, 0.18, 0.00, 353, 47.2, , 1
C++, spectral-norm, 25, 7.34, 7.25, 0.18, 0.00, 353, 47.2, , 1
C++, spectral-norm, 25, 7.33, 7.23, 0.18, 0.00, 352, 53.5, , 1
C++, spectral-norm, 25, 7.29, 7.20, 0.18, 0.00, 353, 47.5, , 1
C++, spectral-norm, 25, 7.38, 7.27, 0.18, 0.00, 353, 47.5, , 1
C++, spectral-norm, 25, 7.34, 7.24, 0.18, 0.00, 353, 53.8, , 1
C++, spectral-norm, 25, 7.32, 7.21, 0.18, 0.00, 353, 47.5, , 1
C++, spectral-norm, 25, 7.30, 7.20, 0.18, 0.00, 352, 47.5, , 1
C++, spectral-norm, 25, 7.36, 7.25, 0.18, 0.00, 353, 53.2, , 1
C++, spectral-norm, 25, 7.30, 7.19, 0.18, 0.00, 353, 47.2, , 1
C++, spectral-norm, 25, 7.34, 7.24, 0.18, 0.00, 353, 47.2, , 1
C++, spectral-norm, 25, 7.31, 7.21, 0.18, 0.00, 353, 53.2, , 1
C++, spectral-norm, 25, 7.31, 7.21, 0.18, 0.00, 353, 47.5, , 1
C++, spectral-norm, 25, 7.35, 7.24, 0.18, 0.00, 353, 47.5, , 1
C++, spectral-norm, 25, 7.32, 7.21, 0.18, 0.00, 352, 53.8, , 1
C++, spectral-norm, 25, 7.33, 7.23, 0.18, 0.00, 353, 47.5, , 1
C++, spectral-norm, 25, 7.29, 7.19, 0.18, 0.00, 352, 47.5, , 1
Java, binary-trees, 25, 58.46, 56.88, 5.66, 0.00, 2825, 51.2, , 1
Java, binary-trees, 25, 58.60, 57.04, 5.62, 0.00, 2775, 52.0, , 1
Java, binary-trees, 25, 57.65, 56.08, 5.64, 0.00, 2807, 51.8, , 1
Java, binary-trees, 25, 59.14, 57.57, 5.64, 0.00, 2787, 53.0, , 1
Java, binary-trees, 25, 58.73, 57.17, 5.62, 0.00, 2779, 53.0, , 1
Java, binary-trees, 25, 58.90, 57.33, 5.65, 0.00, 2794, 52.8, , 1
Java, binary-trees, 25, 59.19, 57.60, 5.65, 0.00, 2847, 52.0, , 1
Java, binary-trees, 25, 58.09, 56.54, 5.59, 0.00, 2745, 53.0, , 1
Java, binary-trees, 25, 59.02, 57.44, 5.64, 0.00, 2794, 53.2, , 1
Java, binary-trees, 25, 59.58, 58.00, 5.68, 0.00, 2815, 52.5, , 1
Java, binary-trees, 25, 58.41, 56.84, 5.65, 0.00, 2778, 53.5, , 1
Java, binary-trees, 25, 58.78, 57.21, 5.62, 0.00, 2765, 53.0, , 1
Java, binary-trees, 25, 57.96, 56.40, 5.63, 0.00, 2766, 52.8, , 1
Java, binary-trees, 25, 59.42, 57.83, 5.64, 0.00, 2866, 53.0, , 1
Java, binary-trees, 25, 58.66, 57.10, 5.61, 0.00, 2776, 53.2, , 1
Java, binary-trees, 25, 59.98, 58.40, 5.66, 0.00, 2794, 54.2, , 1
Java, binary-trees, 25, 58.74, 57.17, 5.63, 0.00, 2779, 54.2, , 1
Java, binary-trees, 25, 59.31, 57.74, 5.65, 0.00, 2797, 53.5, , 1
Java, binary-trees, 25, 59.06, 57.50, 5.62, 0.00, 2778, 54.0, , 1
Java, binary-trees, 25, 58.93, 57.36, 5.65, 0.00, 2791, 53.5, , 1
Java, fannkuch-redux, 25, 216.63, 213.96, 4.43, 0.00, 8768, 55.0, , 1
Java, fannkuch-redux, 25, 206.25, 203.71, 4.21, 0.00, 8333, 56.5, , 1
Java, fannkuch-redux, 25, 217.51, 214.82, 4.44, 0.00, 8790, 55.2, , 1
Java, fannkuch-redux, 25, 210.68, 208.08, 4.30, 0.00, 8522, 55.8, , 1
Java, fannkuch-redux, 25, 206.93, 204.38, 4.23, 0.00, 8377, 55.2, , 1
Java, fannkuch-redux, 25, 205.96, 203.41, 4.21, 0.00, 8329, 55.8, , 1
Java, fannkuch-redux, 25, 216.79, 214.11, 4.42, 0.00, 8750, 56.2, , 1
Java, fannkuch-redux, 25, 216.31, 213.64, 4.42, 0.00, 8747, 55.5, , 1
Java, fannkuch-redux, 25, 216.46, 213.79, 4.42, 0.00, 8757, 55.5, , 1
Java, fannkuch-redux, 25, 206.12, 203.56, 4.22, 0.00, 8350, 54.0, , 1
Java, fannkuch-redux, 25, 205.86, 203.31, 4.20, 0.00, 8322, 54.2, , 1
Java, fannkuch-redux, 25, 218.87, 216.18, 4.47, 0.00, 8848, 55.8, , 1
Java, fannkuch-redux, 25, 217.41, 214.73, 4.44, 0.00, 8793, 56.5, , 1
Java, fannkuch-redux, 25, 217.60, 214.92, 4.45, 0.00, 8810, 54.5, , 1
Java, fannkuch-redux, 25, 206.37, 203.83, 4.21, 0.00, 8351, 55.8, , 1
Java, fannkuch-redux, 25, 217.87, 215.18, 4.45, 0.00, 8806, 56.0, , 1
Java, fannkuch-redux, 25, 217.93, 215.24, 4.44, 0.00, 8801, 56.2, , 1
Java, fannkuch-redux, 25, 218.21, 215.52, 4.45, 0.00, 8822, 56.5, , 1
Java, fannkuch-redux, 25, 221.96, 219.22, 4.53, 0.00, 8982, 56.0, , 1
Java, fannkuch-redux, 25, 206.44, 203.91, 4.21, 0.00, 8340, 55.8, , 1
Java, fasta, 25, 19.67, 19.35, 0.56, 0.00, 1028, 54.2, , 1
Java, fasta, 25, 19.65, 19.33, 0.56, 0.00, 1042, 54.8, , 1
Java, fasta, 25, 19.80, 19.45, 0.59, 0.00, 1095, 52.5, , 1
Java, fasta, 25, 18.76, 18.41, 0.60, 0.00, 1111, 54.8, , 1
Java, fasta, 25, 19.55, 19.22, 0.56, 0.00, 1046, 54.0, , 1
Java, fasta, 25, 19.40, 19.05, 0.61, 0.00, 1125, 51.2, , 1
Java, fasta, 25, 19.62, 19.30, 0.56, 0.00, 1031, 54.2, , 1
Java, fasta, 25, 19.10, 18.76, 0.59, 0.00, 1079, 53.8, , 1
Java, fasta, 25, 19.10, 18.76, 0.59, 0.00, 1090, 53.0, , 1
Java, fasta, 25, 19.77, 19.44, 0.58, 0.00, 1076, 52.2, , 1
Java, fasta, 25, 18.63, 18.30, 0.59, 0.00, 1089, 54.0, , 1
Java, fasta, 25, 18.83, 18.48, 0.61, 0.00, 1124, 54.0, , 1
Java, fasta, 25, 19.32, 18.99, 0.58, 0.00, 1060, 54.2, , 1
Java, fasta, 25, 18.78, 18.43, 0.63, 0.00, 1157, 54.2, , 1
Java, fasta, 25, 18.83, 18.48, 0.62, 0.00, 1139, 52.5, , 1
Java, fasta, 25, 19.89, 19.55, 0.59, 0.00, 1097, 51.2, , 1
Java, fasta, 25, 18.79, 18.46, 0.59, 0.00, 1087, 53.0, , 1
Java, fasta, 25, 19.03, 18.70, 0.58, 0.00, 1070, 53.8, , 1
Java, fasta, 25, 19.20, 18.87, 0.59, 0.00, 1085, 53.0, , 1
Java, fasta, 25, 19.01, 18.66, 0.61, 0.00, 1128, 51.5, , 1
Java, k-nucleotide, 25, 83.88, 82.65, 3.41, 0.00, 3881, 52.0, , 1
Java, k-nucleotide, 25, 84.56, 83.32, 3.42, 0.00, 3880, 54.5, , 1
Java, k-nucleotide, 25, 85.16, 83.92, 3.45, 0.00, 3914, 54.5, , 1
Java, k-nucleotide, 25, 84.85, 83.59, 3.47, 0.00, 3946, 52.5, , 1
Java, k-nucleotide, 25, 82.28, 81.08, 3.35, 0.00, 3792, 54.0, , 1
Java, k-nucleotide, 25, 83.89, 82.66, 3.40, 0.00, 3870, 53.2, , 1
Java, k-nucleotide, 25, 85.25, 84.00, 3.42, 0.00, 3924, 55.0, , 1
Java, k-nucleotide, 25, 85.34, 84.11, 3.42, 0.00, 3910, 55.0, , 1
Java, k-nucleotide, 25, 83.85, 82.61, 3.42, 0.00, 3881, 52.5, , 1
Java, k-nucleotide, 25, 83.46, 82.24, 3.37, 0.00, 3831, 54.2, , 1
Java, k-nucleotide, 25, 85.25, 84.02, 3.42, 0.00, 3889, 54.8, , 1
Java, k-nucleotide, 25, 85.95, 84.70, 3.48, 0.00, 3942, 54.2, , 1
Java, k-nucleotide, 25, 85.40, 84.16, 3.45, 0.00, 3902, 55.0, , 1
Java, k-nucleotide, 25, 85.60, 84.35, 3.45, 0.00, 3919, 55.5, , 1
Java, k-nucleotide, 25, 84.53, 83.30, 3.43, 0.00, 3901, 54.5, , 1
Java, k-nucleotide, 25, 84.28, 83.03, 3.44, 0.00, 3964, 51.8, , 1
Java, k-nucleotide, 25, 85.18, 83.93, 3.47, 0.00, 3947, 52.8, , 1
Java, k-nucleotide, 25, 84.62, 83.38, 3.39, 0.00, 3888, 54.0, , 1
Java, k-nucleotide, 25, 84.58, 83.36, 3.39, 0.00, 3870, 55.2, , 1
Java, k-nucleotide, 25, 85.56, 84.32, 3.46, 0.00, 3919, 55.2, , 1
Java, mandelbrot, 25, 72.85, 71.86, 1.70, 0.00, 3259, 56.2, , 1
Java, mandelbrot, 25, 73.58, 72.58, 1.70, 0.00, 3249, 55.2, , 1
Java, mandelbrot, 25, 72.96, 71.97, 1.71, 0.00, 3267, 55.0, , 1
Java, mandelbrot, 25, 72.69, 71.68, 1.72, 0.00, 3279, 54.5, , 1
Java, mandelbrot, 25, 73.96, 72.95, 1.71, 0.00, 3280, 54.2, , 1
Java, mandelbrot, 25, 72.54, 71.54, 1.70, 0.00, 3253, 55.8, , 1
Java, mandelbrot, 25, 70.47, 69.50, 1.66, 0.00, 3163, 56.0, , 1
Java, mandelbrot, 25, 72.90, 71.90, 1.72, 0.00, 3280, 54.8, , 1
Java, mandelbrot, 25, 72.99, 72.00, 1.70, 0.00, 3256, 55.2, , 1
Java, mandelbrot, 25, 73.32, 72.31, 1.71, 0.00, 3279, 56.2, , 1
Java, mandelbrot, 25, 73.22, 72.21, 1.72, 0.00, 3278, 55.8, , 1
Java, mandelbrot, 25, 73.13, 72.14, 1.71, 0.00, 3274, 55.5, , 1
Java, mandelbrot, 25, 72.94, 71.94, 1.70, 0.00, 3256, 55.5, , 1
Java, mandelbrot, 25, 73.91, 72.90, 1.70, 0.00, 3257, 56.2, , 1
Java, mandelbrot, 25, 74.01, 73.01, 1.70, 0.00, 3255, 56.2, , 1
Java, mandelbrot, 25, 73.05, 72.06, 1.70, 0.00, 3253, 55.5, , 1
Java, mandelbrot, 25, 72.82, 71.82, 1.72, 0.00, 3283, 55.5, , 1
Java, mandelbrot, 25, 72.93, 71.93, 1.71, 0.00, 3264, 55.5, , 1
Java, mandelbrot, 25, 72.74, 71.74, 1.70, 0.00, 3258, 55.5, , 1
Java, mandelbrot, 25, 73.91, 72.91, 1.70, 0.00, 3261, 55.5, , 1
Java, n-body, 25, 37.09, 35.86, 2.05, 0.00, 4033, 52.0, , 1
Java, n-body, 25, 37.58, 36.36, 2.06, 0.00, 4058, 52.2, , 1
Java, n-body, 25, 37.38, 36.16, 2.05, 0.00, 4033, 52.5, , 1
Java, n-body, 25, 37.52, 36.30, 2.05, 0.00, 4036, 50.8, , 1
Java, n-body, 25, 37.74, 36.51, 2.06, 0.00, 4058, 52.2, , 1
Java, n-body, 25, 37.46, 36.24, 2.05, 0.00, 4034, 52.0, , 1
Java, n-body, 25, 37.53, 36.29, 2.06, 0.00, 4057, 51.8, , 1
Java, n-body, 25, 37.46, 36.24, 2.05, 0.00, 4034, 51.8, , 1
Java, n-body, 25, 37.65, 36.41, 2.06, 0.00, 4056, 51.0, , 1
Java, n-body, 25, 37.18, 35.95, 2.05, 0.00, 4033, 51.5, , 1
Java, n-body, 25, 37.33, 36.10, 2.05, 0.00, 4033, 51.2, , 1
Java, n-body, 25, 37.47, 36.24, 2.05, 0.00, 4034, 51.2, , 1
Java, n-body, 25, 37.10, 35.88, 2.05, 0.00, 4033, 50.8, , 1
Java, n-body, 25, 36.62, 35.39, 2.05, 0.00, 4034, 51.2, , 1
Java, n-body, 25, 36.82, 35.59, 2.05, 0.00, 4034, 51.0, , 1
Java, n-body, 25, 37.12, 35.89, 2.06, 0.00, 4056, 50.5, , 1
Java, n-body, 25, 37.77, 36.53, 2.06, 0.00, 4057, 50.8, , 1
Java, n-body, 25, 37.29, 36.06, 2.05, 0.00, 4033, 50.5, , 1
Java, n-body, 25, 37.31, 36.07, 2.06, 0.00, 4056, 50.8, , 1
Java, n-body, 25, 37.34, 36.11, 2.05, 0.00, 4034, 50.5, , 1
Java, regex-redux, 25, 88.87, 87.44, 3.18, 0.00, 4395, 52.2, , 1
Java, regex-redux, 25, 88.54, 87.12, 3.17, 0.00, 4362, 52.2, , 1
Java, regex-redux, 25, 91.49, 90.03, 3.25, 0.00, 4505, 52.5, , 1
Java, regex-redux, 25, 90.54, 89.09, 3.19, 0.00, 4417, 53.0, , 1
Java, regex-redux, 25, 89.78, 88.36, 3.18, 0.00, 4387, 52.5, , 1
Java, regex-redux, 25, 87.80, 86.38, 3.15, 0.00, 4313, 53.0, , 1
Java, regex-redux, 25, 89.10, 87.69, 3.17, 0.00, 4347, 52.8, , 1
Java, regex-redux, 25, 89.72, 88.28, 3.19, 0.00, 4402, 54.0, , 1
Java, regex-redux, 25, 89.16, 87.73, 3.19, 0.00, 4384, 52.8, , 1
Java, regex-redux, 25, 91.29, 89.83, 3.23, 0.00, 4465, 53.8, , 1
Java, regex-redux, 25, 89.82, 88.38, 3.21, 0.00, 4434, 53.5, , 1
Java, regex-redux, 25, 90.26, 88.82, 3.21, 0.00, 4450, 53.0, , 1
Java, regex-redux, 25, 91.91, 90.42, 3.27, 0.00, 4560, 53.0, , 1
Java, regex-redux, 25, 89.52, 88.08, 3.19, 0.00, 4407, 53.2, , 1
Java, regex-redux, 25, 89.17, 87.75, 3.18, 0.00, 4371, 54.0, , 1
Java, regex-redux, 25, 89.14, 87.72, 3.18, 0.00, 4363, 53.0, , 1
Java, regex-redux, 25, 90.18, 88.74, 3.20, 0.00, 4413, 53.2, , 1
Java, regex-redux, 25, 90.93, 89.48, 3.21, 0.00, 4414, 53.5, , 1
Java, regex-redux, 25, 91.15, 89.70, 3.22, 0.00, 4456, 53.8, , 1
Java, regex-redux, 25, 91.53, 90.06, 3.24, 0.00, 4500, 53.8, , 1
Java, reverse-complement, 25, 8.00, 7.70, 0.78, 0.00, 747, 49.2, , 1
Java, reverse-complement, 25, 8.02, 7.73, 0.78, 0.00, 747, 52.2, , 1
Java, reverse-complement, 25, 8.03, 7.74, 0.77, 0.00, 746, 49.2, , 1
Java, reverse-complement, 25, 8.22, 7.93, 0.79, 0.00, 769, 52.5, , 1
Java, reverse-complement, 25, 8.03, 7.73, 0.78, 0.00, 748, 49.2, , 1
Java, reverse-complement, 25, 7.89, 7.60, 0.78, 0.00, 758, 53.0, , 1
Java, reverse-complement, 25, 8.01, 7.73, 0.77, 0.00, 747, 48.8, , 1
Java, reverse-complement, 25, 8.07, 7.78, 0.77, 0.00, 747, 52.8, , 1
Java, reverse-complement, 25, 8.05, 7.77, 0.78, 0.00, 750, 49.0, , 1
Java, reverse-complement, 25, 8.01, 7.73, 0.78, 0.00, 749, 52.0, , 1
Java, reverse-complement, 25, 8.05, 7.76, 0.78, 0.00, 748, 49.0, , 1
Java, reverse-complement, 25, 8.08, 7.80, 0.78, 0.00, 747, 52.0, , 1
Java, reverse-complement, 25, 8.13, 7.84, 0.78, 0.00, 756, 48.8, , 1
Java, reverse-complement, 25, 8.12, 7.83, 0.78, 0.00, 747, 52.2, , 1
Java, reverse-complement, 25, 8.09, 7.80, 0.78, 0.00, 748, 49.0, , 1
Java, reverse-complement, 25, 8.08, 7.79, 0.78, 0.00, 746, 52.2, , 1
Java, reverse-complement, 25, 8.07, 7.78, 0.78, 0.00, 747, 48.8, , 1
Java, reverse-complement, 25, 8.04, 7.75, 0.78, 0.00, 748, 52.0, , 1
Java, reverse-complement, 25, 8.07, 7.79, 0.77, 0.00, 748, 49.0, , 1
Java, reverse-complement, 25, 8.04, 7.75, 0.78, 0.00, 747, 52.5, , 1
Java, spectral-norm, 25, 11.42, 11.23, 0.33, 0.00, 600, 48.8, , 1
Java, spectral-norm, 25, 11.67, 11.51, 0.29, 0.00, 540, 55.2, , 1
Java, spectral-norm, 25, 11.87, 11.68, 0.32, 0.00, 578, 49.2, , 1
Java, spectral-norm, 25, 12.06, 11.89, 0.31, 0.00, 565, 55.0, , 1
Java, spectral-norm, 25, 11.88, 11.70, 0.33, 0.00, 607, 49.0, , 1
Java, spectral-norm, 25, 11.70, 11.51, 0.35, 0.00, 652, 54.5, , 1
Java, spectral-norm, 25, 11.89, 11.72, 0.31, 0.00, 569, 49.0, , 1
Java, spectral-norm, 25, 11.54, 11.38, 0.29, 0.00, 535, 55.0, , 1
Java, spectral-norm, 25, 12.01, 11.83, 0.32, 0.00, 578, 49.0, , 1
Java, spectral-norm, 25, 12.05, 11.87, 0.31, 0.00, 576, 53.2, , 1
Java, spectral-norm, 25, 12.09, 11.91, 0.32, 0.00, 590, 48.5, , 1
Java, spectral-norm, 25, 12.05, 11.87, 0.31, 0.00, 564, 54.0, , 1
Java, spectral-norm, 25, 11.76, 11.59, 0.31, 0.00, 571, 48.8, , 1
Java, spectral-norm, 25, 11.77, 11.60, 0.30, 0.00, 557, 53.2, , 1
Java, spectral-norm, 25, 11.15, 10.97, 0.31, 0.00, 574, 48.8, , 1
Java, spectral-norm, 25, 12.23, 12.06, 0.31, 0.00, 579, 54.5, , 1
Java, spectral-norm, 25, 12.01, 11.83, 0.32, 0.00, 585, 49.2, , 1
Java, spectral-norm, 25, 12.23, 12.06, 0.31, 0.00, 574, 54.5, , 1
Java, spectral-norm, 25, 12.06, 11.88, 0.31, 0.00, 574, 48.8, , 1
Java, spectral-norm, 25, 12.06, 11.89, 0.31, 0.00, 567, 54.2, , 1
Python, binary-trees, 25, 698.36, 686.33, 33.18, 0.00, 32137, 55.8, , 1
Python, binary-trees, 25, 701.47, 689.43, 33.14, 0.00, 32250, 56.2, , 1
Python, binary-trees, 25, 700.65, 688.59, 33.31, 0.00, 32229, 56.8, , 1
Python, binary-trees, 25, 692.82, 680.84, 33.01, 0.00, 32042, 56.8, , 1
Python, binary-trees, 25, 699.38, 687.37, 33.18, 0.00, 32202, 56.0, , 1
Python, binary-trees, 25, 699.70, 687.80, 33.00, 0.00, 31760, 56.0, , 1
Python, binary-trees, 25, 700.13, 688.14, 33.20, 0.00, 32036, 55.8, , 1
Python, binary-trees, 25, 700.70, 688.63, 33.22, 0.00, 32347, 55.5, , 1
Python, binary-trees, 25, 702.22, 690.06, 33.38, 0.00, 32568, 56.0, , 1
Python, binary-trees, 25, 700.02, 688.01, 33.22, 0.00, 32048, 56.0, , 1
Python, binary-trees, 25, 696.46, 684.47, 33.11, 0.00, 32074, 56.5, , 1
Python, binary-trees, 25, 698.83, 686.90, 33.07, 0.00, 31910, 56.0, , 1
Python, binary-trees, 25, 700.72, 688.77, 33.04, 0.00, 31932, 56.2, , 1
Python, binary-trees, 25, 700.25, 688.28, 33.07, 0.00, 32051, 56.5, , 1
Python, binary-trees, 25, 702.02, 689.97, 33.26, 0.00, 32268, 56.5, , 1
Python, binary-trees, 25, 696.13, 684.14, 33.13, 0.00, 32029, 55.5, , 1
Python, binary-trees, 25, 704.25, 692.27, 33.03, 0.00, 32060, 56.0, , 1
Python, binary-trees, 25, 697.75, 685.94, 32.91, 0.00, 31519, 56.5, , 1
Python, binary-trees, 25, 696.45, 684.50, 33.05, 0.00, 31983, 56.0, , 1
Python, binary-trees, 25, 700.53, 688.57, 33.03, 0.00, 31940, 56.5, , 1
Python, fannkuch-redux, 25, 6108.65, 6033.67, 123.51, 0.00, 245762, 58.0, , 1
Python, fannkuch-redux, 25, 6083.92, 6009.32, 122.89, 0.00, 244538, 58.5, , 1
Python, fannkuch-redux, 25, 6117.99, 6042.85, 123.78, 0.00, 246291, 57.8, , 1
Python, fannkuch-redux, 25, 6110.19, 6035.24, 123.44, 0.00, 245623, 58.8, , 1
Python, fannkuch-redux, 25, 6131.41, 6056.12, 123.94, 0.00, 246618, 57.8, , 1
Python, fannkuch-redux, 25, 6088.68, 6013.98, 123.03, 0.00, 244802, 58.0, , 1
Python, fannkuch-redux, 25, 6143.84, 6068.41, 124.15, 0.00, 247019, 58.0, , 1
Python, fannkuch-redux, 25, 6099.45, 6024.53, 123.23, 0.00, 245210, 58.2, , 1
Python, fannkuch-redux, 25, 6121.57, 6046.41, 123.72, 0.00, 246200, 58.2, , 1
Python, fannkuch-redux, 25, 6098.89, 6023.95, 123.33, 0.00, 245426, 58.2, , 1
Python, fannkuch-redux, 25, 6121.41, 6046.30, 123.56, 0.00, 245890, 58.0, , 1
Python, fannkuch-redux, 25, 6096.02, 6021.05, 123.35, 0.00, 245457, 58.0, , 1
Python, fannkuch-redux, 25, 6106.17, 6031.19, 123.47, 0.00, 245662, 58.0, , 1
Python, fannkuch-redux, 25, 6091.87, 6017.00, 123.13, 0.00, 245016, 58.2, , 1
Python, fannkuch-redux, 25, 6264.46, 6187.26, 126.95, 0.00, 252612, 59.0, , 1
Python, fannkuch-redux, 25, 6099.99, 6025.10, 123.32, 0.00, 245365, 58.2, , 1
Python, fannkuch-redux, 25, 6107.37, 6032.42, 123.27, 0.00, 245293, 59.8, , 1
Python, fannkuch-redux, 25, 6124.60, 6049.42, 123.78, 0.00, 246298, 58.5, , 1
Python, fannkuch-redux, 25, 6075.34, 6000.76, 122.77, 0.00, 244300, 58.2, , 1
Python, fannkuch-redux, 25, 6206.75, 6130.17, 125.93, 0.00, 250576, 57.5, , 1
Python, fasta, 25, 446.74, 434.27, 20.66, 0.00, 41101, 53.5, , 1
Python, fasta, 25, 437.19, 424.77, 20.63, 0.00, 41034, 53.2, , 1
Python, fasta, 25, 447.68, 435.00, 21.00, 0.00, 41767, 53.0, , 1
Python, fasta, 25, 436.82, 424.41, 20.60, 0.00, 40963, 53.2, , 1
Python, fasta, 25, 447.77, 435.22, 20.79, 0.00, 41338, 52.5, , 1
Python, fasta, 25, 443.29, 430.76, 20.75, 0.00, 41230, 53.0, , 1
Python, fasta, 25, 451.09, 438.31, 21.15, 0.00, 42054, 52.5, , 1
Python, fasta, 25, 443.38, 430.86, 20.81, 0.00, 41359, 52.2, , 1
Python, fasta, 25, 438.88, 426.36, 20.73, 0.00, 41199, 52.2, , 1
Python, fasta, 25, 437.57, 425.08, 20.65, 0.00, 41033, 52.0, , 1
Python, fasta, 25, 440.45, 427.94, 20.69, 0.00, 41123, 52.0, , 1
Python, fasta, 25, 444.92, 432.38, 20.77, 0.00, 41271, 52.0, , 1
Python, fasta, 25, 438.68, 426.22, 20.65, 0.00, 41035, 52.2, , 1
Python, fasta, 25, 439.63, 427.16, 20.67, 0.00, 41080, 51.0, , 1
Python, fasta, 25, 445.40, 432.92, 20.70, 0.00, 41126, 52.0, , 1
Python, fasta, 25, 442.00, 429.52, 20.68, 0.00, 41097, 52.0, , 1
Python, fasta, 25, 442.58, 430.05, 20.71, 0.00, 41147, 51.5, , 1
Python, fasta, 25, 444.38, 431.88, 20.72, 0.00, 41182, 51.8, , 1
Python, fasta, 25, 438.64, 426.15, 20.66, 0.00, 41057, 51.2, , 1
Python, fasta, 25, 439.23, 426.71, 20.68, 0.00, 41086, 51.8, , 1
Python, k-nucleotide, 25, 908.64, 895.58, 44.05, 0.00, 36963, 57.5, , 1
Python, k-nucleotide, 25, 911.59, 898.51, 44.08, 0.00, 37154, 57.5, , 1
Python, k-nucleotide, 25, 924.67, 911.43, 44.42, 0.00, 37718, 57.8, , 1
Python, k-nucleotide, 25, 922.15, 908.91, 44.60, 0.00, 37554, 57.5, , 1
Python, k-nucleotide, 25, 907.84, 894.82, 43.91, 0.00, 36942, 58.2, , 1
Python, k-nucleotide, 25, 905.98, 892.95, 44.01, 0.00, 36889, 57.5, , 1
Python, k-nucleotide, 25, 906.05, 893.04, 43.84, 0.00, 36930, 57.5, , 1
Python, k-nucleotide, 25, 904.72, 891.72, 43.97, 0.00, 36837, 57.5, , 1
Python, k-nucleotide, 25, 908.26, 895.24, 43.87, 0.00, 36954, 58.0, , 1
Python, k-nucleotide, 25, 909.56, 896.43, 44.41, 0.00, 37085, 57.5, , 1
Python, k-nucleotide, 25, 905.54, 892.53, 43.91, 0.00, 36851, 57.8, , 1
Python, k-nucleotide, 25, 905.72, 892.69, 44.13, 0.00, 36859, 57.5, , 1
Python, k-nucleotide, 25, 913.56, 900.45, 44.16, 0.00, 37195, 57.8, , 1
Python, k-nucleotide, 25, 911.34, 898.21, 44.40, 0.00, 37080, 57.5, , 1
Python, k-nucleotide, 25, 908.18, 895.10, 44.12, 0.00, 36987, 57.2, , 1
Python, k-nucleotide, 25, 911.86, 898.75, 44.29, 0.00, 37094, 58.2, , 1
Python, k-nucleotide, 25, 916.50, 903.35, 44.22, 0.00, 37376, 57.8, , 1
Python, k-nucleotide, 25, 917.55, 904.34, 44.46, 0.00, 37450, 56.8, , 1
Python, k-nucleotide, 25, 905.04, 892.05, 43.85, 0.00, 36848, 58.0, , 1
Python, k-nucleotide, 25, 923.76, 910.46, 44.84, 0.00, 37669, 57.8, , 1
Python, mandelbrot, 25, 3175.23, 3136.35, 64.01, 0.00, 127272, 61.0, , 1
Python, mandelbrot, 25, 3191.24, 3152.11, 64.34, 0.00, 127948, 60.0, , 1
Python, mandelbrot, 25, 3192.47, 3153.39, 64.36, 0.00, 127986, 60.8, , 1
Python, mandelbrot, 25, 3195.42, 3156.29, 64.42, 0.00, 128098, 60.8, , 1
Python, mandelbrot, 25, 3183.40, 3144.43, 64.18, 0.00, 127623, 61.2, , 1
Python, mandelbrot, 25, 3192.43, 3153.35, 64.36, 0.00, 127982, 60.0, , 1
Python, mandelbrot, 25, 3206.61, 3167.33, 64.65, 0.00, 128548, 61.5, , 1
Python, mandelbrot, 25, 3201.52, 3162.32, 64.53, 0.00, 128339, 60.8, , 1
Python, mandelbrot, 25, 3178.93, 3139.96, 64.08, 0.00, 127431, 61.2, , 1
Python, mandelbrot, 25, 3219.86, 3180.45, 64.92, 0.00, 129087, 60.8, , 1
Python, mandelbrot, 25, 3191.97, 3152.90, 64.35, 0.00, 127957, 61.0, , 1
Python, mandelbrot, 25, 3192.88, 3153.74, 64.37, 0.00, 127994, 60.8, , 1
Python, mandelbrot, 25, 3180.62, 3141.68, 64.12, 0.00, 127493, 61.0, , 1
Python, mandelbrot, 25, 3184.71, 3145.72, 64.21, 0.00, 127660, 60.5, , 1
Python, mandelbrot, 25, 3208.82, 3169.54, 64.69, 0.00, 128630, 60.8, , 1
Python, mandelbrot, 25, 3208.21, 3168.93, 64.77, 0.00, 128603, 60.5, , 1
Python, mandelbrot, 25, 3191.28, 3152.20, 64.34, 0.00, 127930, 61.5, , 1
Python, mandelbrot, 25, 3206.96, 3167.71, 64.66, 0.00, 128560, 61.2, , 1
Python, mandelbrot, 25, 3196.40, 3157.25, 64.44, 0.00, 128136, 61.2, , 1
Python, mandelbrot, 25, 3186.28, 3147.25, 64.24, 0.00, 127730, 60.0, , 1
Python, n-body, 25, 2687.37, 2617.06, 116.87, 0.00, 232507, 52.2, , 1
Python, n-body, 25, 2680.11, 2609.61, 117.09, 0.00, 232932, 51.8, , 1
Python, n-body, 25, 2685.13, 2614.59, 117.25, 0.00, 233164, 52.0, , 1
Python, n-body, 25, 2959.46, 2881.24, 129.84, 0.00, 258192, 52.5, , 1
Python, n-body, 25, 2683.50, 2612.94, 117.31, 0.00, 233254, 51.5, , 1
Python, n-body, 25, 2780.99, 2706.78, 122.97, 0.00, 244494, 52.5, , 1
Python, n-body, 25, 2935.48, 2857.79, 128.96, 0.00, 256379, 52.2, , 1
Python, n-body, 25, 2698.04, 2627.39, 117.56, 0.00, 233698, 51.8, , 1
Python, n-body, 25, 2680.10, 2609.26, 117.11, 0.00, 232801, 52.2, , 1
Python, n-body, 25, 2682.82, 2612.42, 117.06, 0.00, 232703, 52.5, , 1
Python, n-body, 25, 2679.54, 2608.77, 117.55, 0.00, 233701, 52.5, , 1
Python, n-body, 25, 2792.45, 2718.33, 123.05, 0.00, 244650, 52.5, , 1
Python, n-body, 25, 2687.18, 2616.48, 117.56, 0.00, 233674, 52.8, , 1
Python, n-body, 25, 2673.37, 2602.17, 117.70, 0.00, 233987, 52.0, , 1
Python, n-body, 25, 2692.90, 2622.39, 117.28, 0.00, 233150, 51.8, , 1
Python, n-body, 25, 2729.49, 2658.59, 120.25, 0.00, 233986, 51.8, , 1
Python, n-body, 25, 2697.89, 2626.87, 117.44, 0.00, 233469, 52.0, , 1
Python, n-body, 25, 2692.27, 2621.62, 117.46, 0.00, 233531, 52.0, , 1
Python, n-body, 25, 2689.79, 2619.38, 117.18, 0.00, 232974, 52.8, , 1
Python, n-body, 25, 2688.94, 2618.57, 117.16, 0.00, 232880, 52.2, , 1
Python, regex-redux, 25, 106.54, 104.28, 4.45, 0.00, 7220, 52.2, , 1
Python, regex-redux, 25, 105.79, 103.53, 4.44, 0.00, 7202, 51.8, , 1
Python, regex-redux, 25, 106.57, 104.30, 4.47, 0.00, 7246, 52.0, , 1
Python, regex-redux, 25, 106.17, 103.92, 4.45, 0.00, 7209, 52.5, , 1
Python, regex-redux, 25, 106.68, 104.41, 4.46, 0.00, 7237, 52.2, , 1
Python, regex-redux, 25, 106.38, 104.11, 4.46, 0.00, 7232, 52.2, , 1
Python, regex-redux, 25, 106.47, 104.19, 4.46, 0.00, 7230, 52.0, , 1
Python, regex-redux, 25, 106.77, 104.49, 4.47, 0.00, 7245, 52.0, , 1
Python, regex-redux, 25, 106.17, 103.90, 4.45, 0.00, 7210, 52.2, , 1
Python, regex-redux, 25, 106.70, 104.42, 4.47, 0.00, 7229, 52.2, , 1
Python, regex-redux, 25, 106.54, 104.28, 4.47, 0.00, 7229, 52.5, , 1
Python, regex-redux, 25, 106.14, 103.88, 4.46, 0.00, 7223, 52.2, , 1
Python, regex-redux, 25, 106.21, 103.95, 4.44, 0.00, 7196, 52.2, , 1
Python, regex-redux, 25, 106.56, 104.30, 4.46, 0.00, 7214, 52.0, , 1
Python, regex-redux, 25, 107.02, 104.75, 4.47, 0.00, 7228, 52.5, , 1
Python, regex-redux, 25, 106.89, 104.62, 4.46, 0.00, 7230, 53.0, , 1
Python, regex-redux, 25, 106.21, 103.95, 4.44, 0.00, 7200, 52.8, , 1
Python, regex-redux, 25, 106.54, 104.27, 4.46, 0.00, 7231, 52.8, , 1
Python, regex-redux, 25, 106.84, 104.58, 4.46, 0.00, 7230, 52.2, , 1
Python, regex-redux, 25, 106.07, 103.80, 4.45, 0.00, 7219, 52.2, , 1
Python, reverse-complement, 25, 19.62, 19.16, 1.08, 0.00, 1367, 52.8, , 1
Python, reverse-complement, 25, 19.58, 19.13, 1.08, 0.00, 1361, 52.8, , 1
Python, reverse-complement, 25, 19.69, 19.23, 1.08, 0.00, 1365, 52.0, , 1
Python, reverse-complement, 25, 19.70, 19.24, 1.09, 0.00, 1374, 52.0, , 1
Python, reverse-complement, 25, 19.62, 19.16, 1.08, 0.00, 1359, 51.8, , 1
Python, reverse-complement, 25, 19.62, 19.16, 1.08, 0.00, 1362, 52.8, , 1
Python, reverse-complement, 25, 19.57, 19.12, 1.08, 0.00, 1364, 52.8, , 1
Python, reverse-complement, 25, 19.58, 19.11, 1.08, 0.00, 1365, 52.0, , 1
Python, reverse-complement, 25, 19.70, 19.24, 1.08, 0.00, 1367, 52.2, , 1
Python, reverse-complement, 25, 19.55, 19.10, 1.08, 0.00, 1366, 52.2, , 1
Python, reverse-complement, 25, 19.62, 19.16, 1.08, 0.00, 1363, 52.2, , 1
Python, reverse-complement, 25, 19.54, 19.08, 1.08, 0.00, 1365, 52.2, , 1
Python, reverse-complement, 25, 19.57, 19.12, 1.08, 0.00, 1361, 52.2, , 1
Python, reverse-complement, 25, 19.60, 19.15, 1.07, 0.00, 1361, 51.5, , 1
Python, reverse-complement, 25, 19.62, 19.16, 1.08, 0.00, 1361, 52.2, , 1
Python, reverse-complement, 25, 19.69, 19.24, 1.08, 0.00, 1367, 52.0, , 1
Python, reverse-complement, 25, 19.63, 19.17, 1.08, 0.00, 1366, 51.8, , 1
Python, reverse-complement, 25, 19.56, 19.11, 1.08, 0.00, 1360, 52.0, , 1
Python, reverse-complement, 25, 19.64, 19.19, 1.08, 0.00, 1365, 52.0, , 1
Python, reverse-complement, 25, 19.61, 19.14, 1.07, 0.00, 1362, 51.5, , 1
Python, spectral-norm, 25, 2203.85, 2176.85, 44.59, 0.00, 88439, 60.2, , 1
Python, spectral-norm, 25, 2212.99, 2185.88, 44.79, 0.00, 88817, 60.0, , 1
Python, spectral-norm, 25, 2210.22, 2183.13, 44.71, 0.00, 88681, 60.5, , 1
Python, spectral-norm, 25, 2203.94, 2176.94, 44.59, 0.00, 88452, 61.0, , 1
Python, spectral-norm, 25, 2211.96, 2184.87, 44.74, 0.00, 88755, 60.5, , 1
Python, spectral-norm, 25, 2217.69, 2190.53, 44.86, 0.00, 88993, 60.2, , 1
Python, spectral-norm, 25, 2228.11, 2200.82, 45.09, 0.00, 89437, 60.2, , 1
Python, spectral-norm, 25, 2216.99, 2189.85, 44.86, 0.00, 88973, 60.8, , 1
Python, spectral-norm, 25, 2214.54, 2187.42, 44.80, 0.00, 88866, 60.5, , 1
Python, spectral-norm, 25, 2205.36, 2178.34, 44.61, 0.00, 88478, 60.0, , 1
Python, spectral-norm, 25, 2220.02, 2192.80, 44.97, 0.00, 89215, 60.2, , 1
Python, spectral-norm, 25, 2230.05, 2202.70, 45.14, 0.00, 89537, 60.8, , 1
Python, spectral-norm, 25, 2202.87, 2175.88, 44.57, 0.00, 88393, 60.8, , 1
Python, spectral-norm, 25, 2209.79, 2182.71, 44.71, 0.00, 88676, 60.2, , 1
Python, spectral-norm, 25, 2213.75, 2186.63, 44.78, 0.00, 88842, 60.0, , 1
Python, spectral-norm, 25, 2219.92, 2192.73, 44.90, 0.00, 89068, 60.5, , 1
Python, spectral-norm, 25, 2207.15, 2180.12, 44.65, 0.00, 88568, 60.0, , 1
Python, spectral-norm, 25, 2226.83, 2199.54, 45.05, 0.00, 89371, 60.5, , 1
Python, spectral-norm, 25, 2202.26, 2175.29, 44.56, 0.00, 88371, 60.5, , 1
Python, spectral-norm, 25, 2207.48, 2180.42, 44.70, 0.00, 88664, 59.8, , 1
