Language, Program, PowerLimit, PSys, Package, Core, GPU, DRAM, Time(ms), User Time, System Time, Temperature, Memory, Perf
C, binary-trees, -1,  36.47, 23.42, 23.06, 0.00, 1.08, 1001, 2639, 215, 33.0, , 1
C, binary-trees, -1,  36.57, 23.44, 23.07, 0.00, 1.07, 978, 2636, 202, 34.2, , 1
C, binary-trees, -1,  36.74, 23.43, 23.07, 0.00, 1.08, 981, 2635, 194, 34.5, , 1
C, binary-trees, -1,  36.79, 23.45, 23.09, 0.00, 1.07, 975, 2625, 205, 34.8, , 1
C, binary-trees, -1,  36.62, 23.32, 22.96, 0.00, 1.07, 975, 2618, 209, 34.5, , 1
C, binary-trees, -1,  36.60, 23.16, 22.80, 0.00, 1.07, 974, 2640, 189, 35.0, , 1
C, binary-trees, -1,  36.52, 23.23, 22.86, 0.00, 1.07, 977, 2633, 203, 35.0, , 1
C, binary-trees, -1,  36.74, 23.09, 22.73, 0.00, 1.07, 975, 2643, 184, 35.5, , 1
C, binary-trees, -1,  36.93, 23.19, 22.82, 0.00, 1.08, 977, 2658, 180, 36.0, , 1
C, binary-trees, -1,  39.65, 24.48, 24.08, 0.00, 1.14, 1114, 2761, 220, 35.5, , 1
C, binary-trees, -1,  38.41, 23.89, 23.50, 0.00, 1.12, 1043, 2711, 207, 36.2, , 1
C, binary-trees, -1,  36.73, 23.12, 22.75, 0.00, 1.07, 976, 2624, 208, 36.5, , 1
C, binary-trees, -1,  36.91, 23.20, 22.83, 0.00, 1.07, 983, 2643, 198, 35.8, , 1
C, binary-trees, -1,  36.68, 23.01, 22.65, 0.00, 1.07, 975, 2621, 215, 35.8, , 1
C, binary-trees, -1,  36.68, 23.04, 22.69, 0.00, 1.08, 977, 2635, 202, 37.0, , 1
C, binary-trees, -1,  36.89, 22.99, 22.63, 0.00, 1.07, 981, 2640, 201, 35.5, , 1
C, binary-trees, -1,  36.84, 23.01, 22.65, 0.00, 1.07, 975, 2633, 195, 36.2, , 1
C, binary-trees, -1,  36.70, 23.02, 22.65, 0.00, 1.08, 978, 2634, 204, 36.2, , 1
C, binary-trees, -1,  36.60, 22.94, 22.58, 0.00, 1.08, 975, 2641, 189, 36.2, , 1
C, binary-trees, -1,  36.74, 22.93, 22.56, 0.00, 1.08, 977, 2630, 208, 36.8, , 1
C, fannkuch-redux, -1,  75.40, 49.26, 48.67, 0.00, 0.99, 1968, 7811, 0, 37.8, , 1
C, fannkuch-redux, -1,  75.44, 49.08, 48.49, 0.00, 0.99, 1968, 7811, 1, 38.0, , 1
C, fannkuch-redux, -1,  75.29, 49.16, 48.57, 0.00, 0.99, 1968, 7809, 1, 38.0, , 1
C, fannkuch-redux, -1,  75.88, 49.01, 48.42, 0.00, 0.99, 1968, 7809, 2, 38.0, , 1
C, fannkuch-redux, -1,  75.74, 49.03, 48.44, 0.00, 0.99, 1972, 7810, 2, 37.8, , 1
C, fannkuch-redux, -1,  75.63, 48.96, 48.37, 0.00, 0.99, 1968, 7812, 0, 39.0, , 1
C, fannkuch-redux, -1,  75.37, 48.92, 48.32, 0.00, 0.99, 1969, 7813, 0, 38.5, , 1
C, fannkuch-redux, -1,  75.32, 48.81, 48.22, 0.00, 0.99, 1968, 7811, 0, 38.8, , 1
C, fannkuch-redux, -1,  76.16, 49.01, 48.42, 0.00, 1.00, 1968, 7810, 1, 38.8, , 1
C, fannkuch-redux, -1,  76.27, 49.00, 48.40, 0.00, 0.99, 1969, 7812, 0, 39.0, , 1
C, fannkuch-redux, -1,  75.38, 48.86, 48.27, 0.00, 0.99, 1967, 7813, 1, 39.5, , 1
C, fannkuch-redux, -1,  75.72, 49.04, 48.45, 0.00, 0.99, 1968, 7812, 0, 39.2, , 1
C, fannkuch-redux, -1,  75.78, 49.10, 48.52, 0.00, 0.99, 1969, 7813, 0, 39.5, , 1
C, fannkuch-redux, -1,  75.82, 49.17, 48.57, 0.00, 0.99, 1969, 7812, 0, 39.2, , 1
C, fannkuch-redux, -1,  75.52, 49.31, 48.72, 0.00, 0.99, 1968, 7812, 0, 39.8, , 1
C, fannkuch-redux, -1,  75.57, 49.35, 48.76, 0.00, 0.99, 1968, 7811, 1, 39.8, , 1
C, fannkuch-redux, -1,  75.60, 49.17, 48.57, 0.00, 0.99, 1969, 7814, 7814, 39.8, , 1
C, fannkuch-redux, -1,  76.03, 49.16, 48.55, 0.00, 0.99, 1970, 7814, 7814, 40.2, , 1
C, fannkuch-redux, -1,  75.69, 49.28, 48.69, 0.00, 0.99, 1968, 7810, 2, 39.8, , 1
C, fannkuch-redux, -1,  75.44, 49.05, 48.46, 0.00, 0.99, 1968, 7812, 0, 40.0, , 1
C, fasta, -1,  13.58, 6.14, 5.94, 0.00, 0.35, 668, 647, 20, 34.0, , 1
C, fasta, -1,  12.50, 5.49, 5.29, 0.00, 0.33, 663, 650, 13, 36.8, , 1
C, fasta, -1,  12.71, 5.55, 5.35, 0.00, 0.34, 666, 649, 15, 36.8, , 1
C, fasta, -1,  12.52, 5.63, 5.42, 0.00, 0.34, 664, 653, 11, 37.0, , 1
C, fasta, -1,  12.70, 5.53, 5.34, 0.00, 0.34, 665, 651, 13, 37.0, , 1
C, fasta, -1,  12.49, 5.60, 5.40, 0.00, 0.34, 663, 650, 12, 37.0, , 1
C, fasta, -1,  12.29, 5.50, 5.30, 0.00, 0.34, 663, 644, 18, 37.0, , 1
C, fasta, -1,  12.31, 5.44, 5.24, 0.00, 0.34, 663, 652, 11, 36.5, , 1
C, fasta, -1,  12.30, 5.44, 5.24, 0.00, 0.34, 663, 651, 12, 36.5, , 1
C, fasta, -1,  12.25, 5.41, 5.21, 0.00, 0.34, 662, 650, 11, 36.2, , 1
C, fasta, -1,  12.45, 5.40, 5.20, 0.00, 0.34, 663, 645, 18, 36.2, , 1
C, fasta, -1,  12.48, 5.42, 5.22, 0.00, 0.34, 663, 648, 14, 36.5, , 1
C, fasta, -1,  12.46, 5.42, 5.22, 0.00, 0.34, 664, 645, 17, 36.5, , 1
C, fasta, -1,  12.63, 5.55, 5.35, 0.00, 0.34, 663, 653, 9, 36.2, , 1
C, fasta, -1,  12.37, 5.49, 5.30, 0.00, 0.33, 663, 646, 16, 36.2, , 1
C, fasta, -1,  12.58, 5.53, 5.33, 0.00, 0.34, 664, 653, 9, 36.2, , 1
C, fasta, -1,  12.68, 5.60, 5.40, 0.00, 0.34, 664, 648, 16, 36.2, , 1
C, fasta, -1,  12.53, 5.60, 5.40, 0.00, 0.34, 664, 639, 25, 36.8, , 1
C, fasta, -1,  12.58, 5.58, 5.38, 0.00, 0.33, 662, 651, 10, 36.8, , 1
C, fasta, -1,  12.47, 5.51, 5.31, 0.00, 0.34, 663, 647, 15, 37.0, , 1
C, k-nucleotide, -1,  110.28, 69.54, 68.64, 0.00, 3.02, 2782, 8972, 91, 39.8, , 1
C, k-nucleotide, -1,  107.01, 68.34, 67.50, 0.00, 2.65, 2676, 8711, 114, 39.8, , 1
C, k-nucleotide, -1,  113.39, 70.54, 69.56, 0.00, 3.33, 2902, 9171, 96, 39.2, , 1
C, k-nucleotide, -1,  120.68, 73.18, 72.03, 0.00, 4.07, 3125, 9616, 97, 39.5, , 1
C, k-nucleotide, -1,  115.39, 71.05, 70.01, 0.00, 3.56, 2992, 9224, 101, 39.2, , 1
C, k-nucleotide, -1,  117.63, 72.04, 70.96, 0.00, 3.73, 3057, 9364, 89, 39.8, , 1
C, k-nucleotide, -1,  116.04, 71.31, 70.26, 0.00, 3.59, 3042, 9251, 96, 39.8, , 1
C, k-nucleotide, -1,  114.96, 70.86, 69.82, 0.00, 3.54, 2969, 9227, 101, 40.0, , 1
C, k-nucleotide, -1,  110.13, 69.19, 68.31, 0.00, 2.94, 2756, 8997, 96, 40.5, , 1
C, k-nucleotide, -1,  107.72, 68.14, 67.29, 0.00, 2.70, 2677, 8788, 100, 41.0, , 1
C, k-nucleotide, -1,  109.16, 68.36, 67.50, 0.00, 2.79, 2730, 8837, 85, 40.5, , 1
C, k-nucleotide, -1,  115.02, 70.54, 69.50, 0.00, 3.52, 2983, 9194, 98, 40.0, , 1
C, k-nucleotide, -1,  112.95, 69.63, 68.69, 0.00, 3.20, 2851, 9076, 94, 41.2, , 1
C, k-nucleotide, -1,  111.99, 69.37, 68.43, 0.00, 3.11, 2857, 8987, 105, 40.8, , 1
C, k-nucleotide, -1,  111.20, 69.23, 68.33, 0.00, 3.00, 2790, 9021, 95, 41.5, , 1
C, k-nucleotide, -1,  116.02, 70.84, 69.80, 0.00, 3.64, 2965, 9331, 104, 40.8, , 1
C, k-nucleotide, -1,  112.14, 69.47, 68.52, 0.00, 3.18, 2856, 8982, 110, 41.5, , 1
C, k-nucleotide, -1,  112.85, 69.67, 68.71, 0.00, 3.25, 2844, 9116, 107, 42.2, , 1
C, k-nucleotide, -1,  116.90, 71.37, 70.30, 0.00, 3.70, 3014, 9363, 94, 41.5, , 1
C, k-nucleotide, -1,  116.65, 71.11, 70.04, 0.00, 3.70, 3000, 9346, 109, 41.8, , 1
C, mandelbrot, -1,  36.74, 23.45, 23.17, 0.00, 0.48, 944, 3758, 15, 37.0, , 1
C, mandelbrot, -1,  36.93, 23.49, 23.20, 0.00, 0.48, 944, 3752, 21, 43.8, , 1
C, mandelbrot, -1,  36.72, 23.56, 23.28, 0.00, 0.48, 946, 3763, 10, 37.2, , 1
C, mandelbrot, -1,  36.76, 23.49, 23.20, 0.00, 0.48, 944, 3760, 12, 43.0, , 1
C, mandelbrot, -1,  36.70, 23.48, 23.20, 0.00, 0.48, 945, 3764, 10, 37.0, , 1
C, mandelbrot, -1,  36.55, 23.53, 23.24, 0.00, 0.48, 944, 3762, 10, 43.5, , 1
C, mandelbrot, -1,  36.59, 23.56, 23.28, 0.00, 0.48, 944, 3763, 12, 37.2, , 1
C, mandelbrot, -1,  36.66, 23.54, 23.25, 0.00, 0.48, 945, 3764, 10, 43.5, , 1
C, mandelbrot, -1,  36.83, 23.61, 23.32, 0.00, 0.48, 945, 3755, 19, 37.2, , 1
C, mandelbrot, -1,  36.68, 23.50, 23.23, 0.00, 0.48, 944, 3756, 17, 44.5, , 1
C, mandelbrot, -1,  36.65, 23.52, 23.23, 0.00, 0.48, 944, 3759, 13, 37.2, , 1
C, mandelbrot, -1,  36.71, 23.61, 23.33, 0.00, 0.48, 945, 3761, 15, 44.2, , 1
C, mandelbrot, -1,  36.77, 23.55, 23.26, 0.00, 0.48, 944, 3760, 12, 37.0, , 1
C, mandelbrot, -1,  36.72, 23.53, 23.25, 0.00, 0.48, 944, 3763, 11, 44.2, , 1
C, mandelbrot, -1,  36.87, 23.55, 23.28, 0.00, 0.48, 944, 3759, 14, 37.5, , 1
C, mandelbrot, -1,  36.62, 23.54, 23.27, 0.00, 0.48, 945, 3759, 14, 44.0, , 1
C, mandelbrot, -1,  36.57, 23.47, 23.19, 0.00, 0.48, 944, 3756, 16, 37.5, , 1
C, mandelbrot, -1,  36.70, 23.49, 23.21, 0.00, 0.48, 944, 3758, 14, 44.0, , 1
C, mandelbrot, -1,  36.59, 23.48, 23.19, 0.00, 0.48, 945, 3759, 15, 37.5, , 1
C, mandelbrot, -1,  36.76, 23.45, 23.16, 0.00, 0.48, 944, 3762, 10, 44.5, , 1
C, n-body, -1,  35.60, 16.64, 16.12, 0.00, 0.87, 1723, 1724, 1724, 39.5, , 1
C, n-body, -1,  35.50, 16.60, 16.09, 0.00, 0.87, 1723, 1722, 1, 40.0, , 1
C, n-body, -1,  35.23, 16.62, 16.11, 0.00, 0.87, 1722, 1721, 0, 39.8, , 1
C, n-body, -1,  35.30, 16.42, 15.90, 0.00, 0.87, 1722, 1721, 0, 40.0, , 1
C, n-body, -1,  35.21, 16.64, 16.13, 0.00, 0.87, 1722, 1722, 1, 39.5, , 1
C, n-body, -1,  35.25, 16.61, 16.10, 0.00, 0.87, 1722, 1721, 0, 39.5, , 1
C, n-body, -1,  35.30, 16.67, 16.16, 0.00, 0.87, 1723, 1723, 1723, 39.5, , 1
C, n-body, -1,  35.31, 16.64, 16.12, 0.00, 0.87, 1722, 1723, 1723, 39.2, , 1
C, n-body, -1,  35.31, 16.69, 16.17, 0.00, 0.87, 1723, 1722, 0, 39.8, , 1
C, n-body, -1,  35.18, 16.66, 16.15, 0.00, 0.87, 1722, 1722, 1722, 39.5, , 1
C, n-body, -1,  35.13, 16.68, 16.16, 0.00, 0.87, 1723, 1722, 0, 39.2, , 1
C, n-body, -1,  35.15, 16.66, 16.14, 0.00, 0.87, 1722, 1721, 0, 39.2, , 1
C, n-body, -1,  35.41, 16.72, 16.20, 0.00, 0.87, 1723, 1722, 1, 39.0, , 1
C, n-body, -1,  35.59, 16.62, 16.11, 0.00, 0.87, 1724, 1723, 1, 38.5, , 1
C, n-body, -1,  35.32, 16.63, 16.10, 0.00, 0.87, 1724, 1723, 1723, 39.0, , 1
C, n-body, -1,  35.34, 16.67, 16.16, 0.00, 0.87, 1722, 1722, 1722, 38.0, , 1
C, n-body, -1,  35.28, 16.66, 16.14, 0.00, 0.87, 1723, 1722, 1, 39.2, , 1
C, n-body, -1,  35.11, 16.61, 16.10, 0.00, 0.87, 1722, 1720, 1, 38.8, , 1
C, n-body, -1,  35.18, 16.66, 16.15, 0.00, 0.87, 1722, 1721, 0, 38.2, , 1
C, n-body, -1,  35.27, 16.64, 16.11, 0.00, 0.87, 1722, 1721, 0, 38.8, , 1
C, regex-redux, -1,  23.31, 13.96, 13.73, 0.00, 0.58, 696, 1763, 78, 35.8, , 1
C, regex-redux, -1,  23.28, 13.94, 13.72, 0.00, 0.58, 705, 1760, 88, 39.8, , 1
C, regex-redux, -1,  23.32, 13.99, 13.78, 0.00, 0.57, 695, 1763, 75, 36.5, , 1
C, regex-redux, -1,  23.84, 14.22, 14.00, 0.00, 0.59, 713, 1774, 82, 39.8, , 1
C, regex-redux, -1,  23.37, 14.01, 13.79, 0.00, 0.58, 698, 1760, 81, 36.0, , 1
C, regex-redux, -1,  23.44, 14.12, 13.89, 0.00, 0.58, 696, 1758, 82, 40.0, , 1
C, regex-redux, -1,  23.23, 13.99, 13.78, 0.00, 0.57, 696, 1745, 86, 36.2, , 1
C, regex-redux, -1,  23.31, 14.09, 13.88, 0.00, 0.58, 695, 1754, 85, 40.0, , 1
C, regex-redux, -1,  23.34, 14.10, 13.88, 0.00, 0.58, 695, 1763, 76, 36.5, , 1
C, regex-redux, -1,  23.22, 14.01, 13.80, 0.00, 0.58, 696, 1757, 83, 40.0, , 1
C, regex-redux, -1,  23.20, 13.94, 13.73, 0.00, 0.58, 694, 1761, 77, 36.0, , 1
C, regex-redux, -1,  23.37, 14.02, 13.81, 0.00, 0.57, 695, 1762, 77, 40.8, , 1
C, regex-redux, -1,  23.48, 14.11, 13.90, 0.00, 0.58, 696, 1755, 85, 36.5, , 1
C, regex-redux, -1,  23.45, 13.99, 13.78, 0.00, 0.58, 696, 1760, 78, 40.2, , 1
C, regex-redux, -1,  23.54, 13.98, 13.77, 0.00, 0.58, 695, 1755, 82, 36.2, , 1
C, regex-redux, -1,  23.47, 13.98, 13.77, 0.00, 0.58, 697, 1757, 83, 40.0, , 1
C, regex-redux, -1,  23.27, 13.96, 13.74, 0.00, 0.58, 696, 1759, 80, 36.8, , 1
C, regex-redux, -1,  23.54, 14.05, 13.84, 0.00, 0.58, 697, 1757, 76, 40.0, , 1
C, regex-redux, -1,  23.49, 13.94, 13.73, 0.00, 0.58, 695, 1752, 85, 36.8, , 1
C, regex-redux, -1,  23.34, 14.02, 13.79, 0.00, 0.57, 696, 1765, 74, 40.2, , 1
C, reverse-complement, -1,  2.78, 1.34, 1.30, 0.00, 0.16, 105, 67, 87, 36.2, , 1
C, reverse-complement, -1,  2.80, 1.36, 1.31, 0.00, 0.16, 105, 69, 84, 36.2, , 1
C, reverse-complement, -1,  2.78, 1.34, 1.29, 0.00, 0.16, 104, 67, 84, 36.2, , 1
C, reverse-complement, -1,  2.75, 1.34, 1.29, 0.00, 0.16, 103, 67, 85, 36.2, , 1
C, reverse-complement, -1,  2.76, 1.34, 1.29, 0.00, 0.15, 103, 64, 87, 36.2, , 1
C, reverse-complement, -1,  2.75, 1.34, 1.30, 0.00, 0.16, 103, 71, 80, 36.2, , 1
C, reverse-complement, -1,  2.75, 1.35, 1.30, 0.00, 0.16, 103, 67, 84, 36.2, , 1
C, reverse-complement, -1,  2.78, 1.35, 1.31, 0.00, 0.16, 105, 66, 87, 40.5, , 1
C, reverse-complement, -1,  2.83, 1.37, 1.33, 0.00, 0.16, 106, 74, 84, 36.2, , 1
C, reverse-complement, -1,  2.71, 1.33, 1.29, 0.00, 0.15, 102, 64, 86, 36.2, , 1
C, reverse-complement, -1,  2.74, 1.34, 1.30, 0.00, 0.16, 104, 62, 89, 36.2, , 1
C, reverse-complement, -1,  2.74, 1.35, 1.30, 0.00, 0.16, 103, 66, 85, 36.2, , 1
C, reverse-complement, -1,  2.77, 1.36, 1.31, 0.00, 0.15, 103, 69, 82, 36.2, , 1
C, reverse-complement, -1,  2.72, 1.34, 1.30, 0.00, 0.15, 103, 58, 93, 36.2, , 1
C, reverse-complement, -1,  2.72, 1.34, 1.29, 0.00, 0.15, 102, 68, 82, 36.2, , 1
C, reverse-complement, -1,  2.74, 1.34, 1.29, 0.00, 0.15, 103, 68, 83, 40.5, , 1
C, reverse-complement, -1,  2.75, 1.36, 1.31, 0.00, 0.16, 104, 66, 85, 36.2, , 1
C, reverse-complement, -1,  2.73, 1.33, 1.29, 0.00, 0.15, 103, 65, 85, 36.2, , 1
C, reverse-complement, -1,  2.75, 1.34, 1.30, 0.00, 0.16, 104, 71, 83, 36.2, , 1
C, reverse-complement, -1,  2.72, 1.34, 1.29, 0.00, 0.15, 103, 63, 87, 36.2, , 1
C, spectral-norm, -1,  12.85, 8.54, 8.45, 0.00, 0.16, 306, 1223, 0, 36.5, , 1
C, spectral-norm, -1,  12.86, 8.54, 8.45, 0.00, 0.16, 305, 1219, 0, 36.5, , 1
C, spectral-norm, -1,  12.88, 8.54, 8.45, 0.00, 0.16, 306, 1220, 1, 36.5, , 1
C, spectral-norm, -1,  12.83, 8.50, 8.42, 0.00, 0.16, 306, 1222, 0, 36.0, , 1
C, spectral-norm, -1,  12.86, 8.50, 8.43, 0.00, 0.16, 306, 1221, 1, 36.0, , 1
C, spectral-norm, -1,  12.88, 8.57, 8.48, 0.00, 0.16, 306, 1222, 0, 43.5, , 1
C, spectral-norm, -1,  12.79, 8.49, 8.41, 0.00, 0.16, 306, 1220, 1, 36.5, , 1
C, spectral-norm, -1,  12.85, 8.53, 8.45, 0.00, 0.16, 306, 1220, 1, 36.5, , 1
C, spectral-norm, -1,  13.04, 8.62, 8.54, 0.00, 0.16, 309, 1230, 0, 44.0, , 1
C, spectral-norm, -1,  12.80, 8.49, 8.42, 0.00, 0.16, 306, 1221, 0, 36.5, , 1
C, spectral-norm, -1,  12.85, 8.53, 8.45, 0.00, 0.15, 305, 1220, 1220, 36.5, , 1
C, spectral-norm, -1,  12.84, 8.52, 8.44, 0.00, 0.16, 306, 1219, 0, 43.0, , 1
C, spectral-norm, -1,  12.74, 8.46, 8.39, 0.00, 0.15, 305, 1217, 1, 36.8, , 1
C, spectral-norm, -1,  12.81, 8.50, 8.41, 0.00, 0.16, 305, 1218, 0, 36.8, , 1
C, spectral-norm, -1,  12.85, 8.55, 8.47, 0.00, 0.16, 306, 1222, 1222, 43.5, , 1
C, spectral-norm, -1,  12.80, 8.49, 8.41, 0.00, 0.16, 305, 1219, 0, 36.5, , 1
C, spectral-norm, -1,  12.85, 8.56, 8.48, 0.00, 0.16, 306, 1222, 1222, 36.5, , 1
C, spectral-norm, -1,  12.86, 8.54, 8.46, 0.00, 0.16, 306, 1221, 0, 43.2, , 1
C, spectral-norm, -1,  12.82, 8.48, 8.41, 0.00, 0.16, 306, 1220, 1, 36.8, , 1
C, spectral-norm, -1,  12.75, 8.48, 8.42, 0.00, 0.15, 305, 1219, 1219, 36.8, , 1
C++, binary-trees, -1,  32.80, 20.63, 20.31, 0.00, 1.02, 802, 2556, 139, 36.5, , 1
C++, binary-trees, -1,  36.46, 22.50, 22.12, 0.00, 1.14, 911, 3014, 136, 42.0, , 1
C++, binary-trees, -1,  37.61, 23.24, 22.84, 0.00, 1.22, 960, 3087, 216, 37.0, , 1
C++, binary-trees, -1,  37.20, 23.13, 22.72, 0.00, 1.24, 932, 3049, 188, 42.0, , 1
C++, binary-trees, -1,  32.35, 20.49, 20.18, 0.00, 1.00, 785, 2558, 94, 36.8, , 1
C++, binary-trees, -1,  35.72, 22.40, 22.06, 0.00, 1.04, 888, 2891, 168, 42.2, , 1
C++, binary-trees, -1,  37.24, 22.81, 22.42, 0.00, 1.19, 948, 3013, 209, 37.2, , 1
C++, binary-trees, -1,  38.12, 23.59, 23.19, 0.00, 1.21, 967, 3143, 227, 42.2, , 1
C++, binary-trees, -1,  34.92, 21.86, 21.51, 0.00, 1.03, 876, 2810, 168, 37.0, , 1
C++, binary-trees, -1,  36.92, 23.03, 22.65, 0.00, 1.14, 919, 3020, 195, 42.8, , 1
C++, binary-trees, -1,  34.60, 21.45, 21.10, 0.00, 1.04, 873, 2805, 139, 37.0, , 1
C++, binary-trees, -1,  37.36, 23.05, 22.67, 0.00, 1.20, 929, 3007, 207, 42.0, , 1
C++, binary-trees, -1,  35.02, 21.80, 21.44, 0.00, 1.04, 884, 2832, 161, 37.0, , 1
C++, binary-trees, -1,  34.83, 21.84, 21.48, 0.00, 1.03, 869, 2801, 164, 42.0, , 1
C++, binary-trees, -1,  36.82, 22.72, 22.32, 0.00, 1.16, 940, 3056, 196, 37.0, , 1
C++, binary-trees, -1,  32.64, 20.64, 20.33, 0.00, 0.99, 771, 2552, 86, 43.5, , 1
C++, binary-trees, -1,  35.75, 22.29, 21.93, 0.00, 1.04, 903, 2881, 190, 37.5, , 1
C++, binary-trees, -1,  38.56, 23.76, 23.35, 0.00, 1.24, 967, 3162, 213, 42.2, , 1
C++, binary-trees, -1,  33.64, 21.04, 20.71, 0.00, 1.04, 828, 2645, 143, 37.2, , 1
C++, binary-trees, -1,  35.05, 21.95, 21.61, 0.00, 1.03, 860, 2766, 176, 42.2, , 1
C++, fannkuch-redux, -1,  128.79, 79.07, 78.00, 0.00, 1.79, 3537, 14008, 1, 42.8, , 1
C++, fannkuch-redux, -1,  127.86, 78.80, 77.75, 0.00, 1.78, 3527, 13999, 0, 43.2, , 1
C++, fannkuch-redux, -1,  128.41, 79.01, 77.95, 0.00, 1.78, 3528, 14000, 14000, 43.2, , 1
C++, fannkuch-redux, -1,  128.30, 79.05, 77.98, 0.00, 1.78, 3536, 14005, 1, 43.0, , 1
C++, fannkuch-redux, -1,  128.37, 78.95, 77.90, 0.00, 1.78, 3527, 13997, 0, 44.0, , 1
C++, fannkuch-redux, -1,  127.98, 78.94, 77.87, 0.00, 1.78, 3527, 13996, 0, 43.8, , 1
C++, fannkuch-redux, -1,  128.15, 78.69, 77.63, 0.00, 1.77, 3524, 13987, 1, 44.0, , 1
C++, fannkuch-redux, -1,  128.94, 78.79, 77.72, 0.00, 1.78, 3528, 13996, 0, 44.0, , 1
C++, fannkuch-redux, -1,  128.33, 79.25, 78.18, 0.00, 1.78, 3528, 14002, 0, 44.0, , 1
C++, fannkuch-redux, -1,  128.26, 78.94, 77.89, 0.00, 1.78, 3526, 13998, 1, 44.2, , 1
C++, fannkuch-redux, -1,  128.38, 78.78, 77.73, 0.00, 1.78, 3527, 13999, 13999, 44.0, , 1
C++, fannkuch-redux, -1,  128.12, 79.32, 78.26, 0.00, 1.78, 3524, 13990, 0, 44.0, , 1
C++, fannkuch-redux, -1,  128.30, 79.15, 78.09, 0.00, 1.78, 3525, 13991, 0, 44.5, , 1
C++, fannkuch-redux, -1,  128.29, 79.15, 78.09, 0.00, 1.78, 3527, 13996, 1, 44.5, , 1
C++, fannkuch-redux, -1,  129.70, 79.78, 78.71, 0.00, 1.80, 3553, 14001, 8, 44.0, , 1
C++, fannkuch-redux, -1,  128.77, 79.22, 78.16, 0.00, 1.78, 3529, 13993, 3, 44.5, , 1
C++, fannkuch-redux, -1,  128.28, 79.34, 78.27, 0.00, 1.78, 3527, 13995, 13995, 45.0, , 1
C++, fannkuch-redux, -1,  127.95, 79.23, 78.17, 0.00, 1.78, 3526, 13996, 13996, 44.2, , 1
C++, fannkuch-redux, -1,  128.02, 79.17, 78.11, 0.00, 1.78, 3526, 13995, 0, 44.8, , 1
C++, fannkuch-redux, -1,  128.14, 79.12, 78.06, 0.00, 1.78, 3526, 13996, 1, 44.8, , 1
C++, fasta, -1,  16.54, 7.81, 7.61, 0.00, 0.33, 659, 1302, 8, 38.8, , 1
C++, fasta, -1,  16.62, 7.85, 7.65, 0.00, 0.33, 659, 1302, 9, 42.8, , 1
C++, fasta, -1,  16.50, 7.82, 7.62, 0.00, 0.33, 658, 1304, 6, 38.2, , 1
C++, fasta, -1,  16.61, 7.83, 7.63, 0.00, 0.33, 658, 1307, 3, 42.5, , 1
C++, fasta, -1,  16.43, 7.83, 7.63, 0.00, 0.33, 659, 1305, 5, 38.8, , 1
C++, fasta, -1,  16.41, 7.89, 7.70, 0.00, 0.33, 659, 1306, 5, 41.8, , 1
C++, fasta, -1,  16.40, 7.82, 7.63, 0.00, 0.33, 659, 1304, 7, 38.8, , 1
C++, fasta, -1,  16.49, 7.82, 7.62, 0.00, 0.33, 659, 1309, 3, 42.0, , 1
C++, fasta, -1,  16.49, 7.79, 7.59, 0.00, 0.33, 658, 1306, 5, 38.8, , 1
C++, fasta, -1,  16.54, 7.83, 7.63, 0.00, 0.33, 658, 1307, 3, 42.8, , 1
C++, fasta, -1,  16.53, 7.80, 7.60, 0.00, 0.33, 659, 1305, 7, 38.2, , 1
C++, fasta, -1,  16.60, 7.83, 7.63, 0.00, 0.33, 658, 1307, 4, 42.0, , 1
C++, fasta, -1,  16.51, 7.85, 7.65, 0.00, 0.33, 659, 1305, 7, 38.5, , 1
C++, fasta, -1,  16.49, 7.80, 7.61, 0.00, 0.33, 658, 1303, 7, 42.0, , 1
C++, fasta, -1,  16.48, 7.81, 7.61, 0.00, 0.33, 658, 1303, 7, 38.5, , 1
C++, fasta, -1,  16.48, 7.84, 7.65, 0.00, 0.33, 660, 1305, 7, 41.8, , 1
C++, fasta, -1,  16.36, 7.77, 7.57, 0.00, 0.33, 658, 1308, 2, 38.0, , 1
C++, fasta, -1,  16.39, 7.81, 7.61, 0.00, 0.33, 659, 1307, 3, 42.2, , 1
C++, fasta, -1,  16.40, 7.79, 7.58, 0.00, 0.33, 659, 1305, 6, 38.2, , 1
C++, fasta, -1,  16.47, 7.82, 7.62, 0.00, 0.33, 658, 1307, 4, 41.8, , 1
C++, k-nucleotide, -1,  70.32, 37.44, 36.36, 0.00, 3.84, 2119, 6646, 143, 42.8, , 1
C++, k-nucleotide, -1,  70.02, 37.24, 36.17, 0.00, 3.82, 2080, 6607, 152, 42.5, , 1
C++, k-nucleotide, -1,  69.21, 36.97, 35.92, 0.00, 3.72, 2062, 6470, 167, 42.5, , 1
C++, k-nucleotide, -1,  69.53, 37.27, 36.21, 0.00, 3.79, 2073, 6566, 154, 43.0, , 1
C++, k-nucleotide, -1,  69.94, 37.38, 36.32, 0.00, 3.78, 2082, 6532, 166, 43.5, , 1
C++, k-nucleotide, -1,  70.23, 37.49, 36.43, 0.00, 3.80, 2108, 6597, 143, 43.0, , 1
C++, k-nucleotide, -1,  70.47, 37.65, 36.58, 0.00, 3.86, 2107, 6662, 162, 42.8, , 1
C++, k-nucleotide, -1,  71.32, 37.92, 36.83, 0.00, 3.91, 2167, 6719, 161, 43.0, , 1
C++, k-nucleotide, -1,  71.35, 38.16, 37.06, 0.00, 3.92, 2154, 6738, 161, 42.8, , 1
C++, k-nucleotide, -1,  69.07, 36.86, 35.82, 0.00, 3.73, 2068, 6499, 147, 42.5, , 1
C++, k-nucleotide, -1,  70.30, 37.44, 36.37, 0.00, 3.85, 2108, 6605, 166, 42.8, , 1
C++, k-nucleotide, -1,  69.95, 37.29, 36.22, 0.00, 3.78, 2082, 6595, 144, 42.8, , 1
C++, k-nucleotide, -1,  69.79, 37.18, 36.13, 0.00, 3.78, 2090, 6547, 167, 39.8, , 1
C++, k-nucleotide, -1,  74.40, 39.12, 37.98, 0.00, 4.21, 2231, 7097, 163, 42.5, , 1
C++, k-nucleotide, -1,  70.09, 37.41, 36.35, 0.00, 3.80, 2121, 6513, 170, 43.0, , 1
C++, k-nucleotide, -1,  71.43, 37.93, 36.85, 0.00, 3.93, 2145, 6682, 156, 42.8, , 1
C++, k-nucleotide, -1,  70.92, 37.76, 36.68, 0.00, 3.89, 2135, 6713, 153, 42.5, , 1
C++, k-nucleotide, -1,  69.42, 36.97, 35.92, 0.00, 3.77, 2071, 6505, 156, 42.2, , 1
C++, k-nucleotide, -1,  70.32, 37.50, 36.44, 0.00, 3.83, 2105, 6615, 153, 43.0, , 1
C++, k-nucleotide, -1,  70.86, 37.73, 36.66, 0.00, 3.85, 2117, 6673, 162, 42.8, , 1
C++, mandelbrot, -1,  29.55, 18.95, 18.74, 0.00, 0.38, 742, 2891, 13, 38.8, , 1
C++, mandelbrot, -1,  29.70, 19.01, 18.78, 0.00, 0.38, 741, 2883, 18, 44.5, , 1
C++, mandelbrot, -1,  29.55, 19.07, 18.86, 0.00, 0.38, 741, 2893, 10, 38.2, , 1
C++, mandelbrot, -1,  29.50, 19.07, 18.84, 0.00, 0.38, 741, 2890, 12, 43.5, , 1
C++, mandelbrot, -1,  29.41, 18.98, 18.76, 0.00, 0.38, 742, 2893, 12, 38.5, , 1
C++, mandelbrot, -1,  29.56, 18.99, 18.78, 0.00, 0.38, 741, 2882, 20, 44.2, , 1
C++, mandelbrot, -1,  29.67, 19.00, 18.78, 0.00, 0.38, 741, 2891, 10, 38.2, , 1
C++, mandelbrot, -1,  29.71, 19.03, 18.80, 0.00, 0.38, 741, 2889, 15, 44.2, , 1
C++, mandelbrot, -1,  29.59, 19.04, 18.82, 0.00, 0.38, 741, 2888, 15, 38.2, , 1
C++, mandelbrot, -1,  29.65, 19.09, 18.87, 0.00, 0.38, 742, 2884, 21, 44.2, , 1
C++, mandelbrot, -1,  29.61, 19.07, 18.84, 0.00, 0.38, 741, 2883, 21, 38.8, , 1
C++, mandelbrot, -1,  29.63, 19.05, 18.83, 0.00, 0.38, 741, 2888, 15, 44.5, , 1
C++, mandelbrot, -1,  29.56, 18.98, 18.77, 0.00, 0.38, 742, 2890, 15, 38.8, , 1
C++, mandelbrot, -1,  29.65, 19.02, 18.81, 0.00, 0.38, 741, 2891, 10, 44.5, , 1
C++, mandelbrot, -1,  29.62, 18.99, 18.77, 0.00, 0.38, 741, 2886, 17, 38.8, , 1
C++, mandelbrot, -1,  29.62, 19.02, 18.80, 0.00, 0.38, 741, 2889, 11, 43.8, , 1
C++, mandelbrot, -1,  29.51, 19.01, 18.78, 0.00, 0.38, 741, 2898, 6, 38.8, , 1
C++, mandelbrot, -1,  29.68, 19.04, 18.82, 0.00, 0.38, 742, 2890, 14, 44.5, , 1
C++, mandelbrot, -1,  29.61, 18.98, 18.77, 0.00, 0.38, 742, 2895, 10, 38.8, , 1
C++, mandelbrot, -1,  29.54, 19.04, 18.82, 0.00, 0.38, 741, 2886, 16, 44.2, , 1
C++, n-body, -1,  35.71, 17.09, 16.58, 0.00, 0.86, 1711, 1710, 0, 42.0, , 1
C++, n-body, -1,  35.72, 17.12, 16.60, 0.00, 0.86, 1711, 1710, 0, 42.2, , 1
C++, n-body, -1,  36.12, 17.12, 16.61, 0.00, 0.86, 1711, 1710, 0, 42.2, , 1
C++, n-body, -1,  35.91, 17.10, 16.59, 0.00, 0.86, 1711, 1711, 1711, 41.2, , 1
C++, n-body, -1,  36.44, 17.15, 16.64, 0.00, 0.87, 1713, 1713, 1713, 41.8, , 1
C++, n-body, -1,  36.45, 17.12, 16.61, 0.00, 0.86, 1712, 1712, 1712, 41.0, , 1
C++, n-body, -1,  35.89, 17.06, 16.55, 0.00, 0.86, 1711, 1710, 1, 40.8, , 1
C++, n-body, -1,  36.18, 17.06, 16.55, 0.00, 0.86, 1711, 1711, 1711, 40.2, , 1
C++, n-body, -1,  36.38, 17.11, 16.60, 0.00, 0.86, 1712, 1711, 0, 40.8, , 1
C++, n-body, -1,  36.08, 17.07, 16.56, 0.00, 0.86, 1711, 1710, 1, 41.0, , 1
C++, n-body, -1,  36.17, 17.10, 16.59, 0.00, 0.86, 1711, 1710, 0, 41.2, , 1
C++, n-body, -1,  36.31, 17.17, 16.65, 0.00, 0.86, 1712, 1712, 1712, 40.5, , 1
C++, n-body, -1,  35.92, 17.13, 16.63, 0.00, 0.86, 1711, 1711, 1711, 40.5, , 1
C++, n-body, -1,  35.96, 17.09, 16.58, 0.00, 0.86, 1711, 1710, 0, 40.8, , 1
C++, n-body, -1,  36.28, 17.24, 16.73, 0.00, 0.86, 1711, 1710, 1, 40.2, , 1
C++, n-body, -1,  36.32, 17.14, 16.63, 0.00, 0.86, 1711, 1711, 1711, 40.2, , 1
C++, n-body, -1,  36.26, 17.21, 16.70, 0.00, 0.86, 1711, 1711, 1711, 40.2, , 1
C++, n-body, -1,  36.24, 17.18, 16.67, 0.00, 0.86, 1711, 1710, 1, 41.5, , 1
C++, n-body, -1,  36.01, 17.11, 16.60, 0.00, 0.86, 1712, 1712, 1712, 41.0, , 1
C++, n-body, -1,  35.82, 17.13, 16.62, 0.00, 0.86, 1711, 1711, 1711, 40.0, , 1
C++, regex-redux, -1,  29.23, 16.02, 15.69, 0.00, 0.81, 1038, 1772, 157, 40.8, , 1
C++, regex-redux, -1,  27.85, 15.68, 15.38, 0.00, 0.77, 947, 1767, 159, 37.5, , 1
C++, regex-redux, -1,  29.04, 15.95, 15.62, 0.00, 0.81, 1019, 1775, 163, 40.8, , 1
C++, regex-redux, -1,  29.18, 15.93, 15.60, 0.00, 0.81, 1032, 1783, 152, 41.5, , 1
C++, regex-redux, -1,  29.48, 16.05, 15.71, 0.00, 0.81, 1038, 1764, 166, 40.8, , 1
C++, regex-redux, -1,  28.69, 15.87, 15.54, 0.00, 0.80, 1006, 1783, 148, 41.2, , 1
C++, regex-redux, -1,  27.65, 15.52, 15.21, 0.00, 0.75, 937, 1754, 163, 37.8, , 1
C++, regex-redux, -1,  28.57, 15.88, 15.57, 0.00, 0.79, 973, 1764, 168, 41.8, , 1
C++, regex-redux, -1,  28.19, 15.77, 15.46, 0.00, 0.77, 965, 1793, 144, 37.8, , 1
C++, regex-redux, -1,  28.86, 15.87, 15.54, 0.00, 0.80, 1014, 1766, 160, 41.8, , 1
C++, regex-redux, -1,  28.86, 15.96, 15.63, 0.00, 0.81, 1017, 1774, 155, 41.2, , 1
C++, regex-redux, -1,  28.87, 15.95, 15.63, 0.00, 0.81, 1025, 1772, 156, 41.0, , 1
C++, regex-redux, -1,  29.19, 15.98, 15.65, 0.00, 0.81, 1024, 1762, 161, 40.0, , 1
C++, regex-redux, -1,  29.10, 15.99, 15.67, 0.00, 0.80, 1011, 1775, 156, 41.5, , 1
C++, regex-redux, -1,  27.81, 15.65, 15.35, 0.00, 0.77, 934, 1780, 156, 37.5, , 1
C++, regex-redux, -1,  29.24, 16.10, 15.76, 0.00, 0.82, 1032, 1763, 170, 40.8, , 1
C++, regex-redux, -1,  28.86, 15.93, 15.61, 0.00, 0.81, 1011, 1775, 156, 40.8, , 1
C++, regex-redux, -1,  29.05, 16.04, 15.71, 0.00, 0.81, 1028, 1775, 156, 41.2, , 1
C++, regex-redux, -1,  29.08, 16.13, 15.79, 0.00, 0.81, 1029, 1776, 152, 40.8, , 1
C++, regex-redux, -1,  28.96, 15.96, 15.63, 0.00, 0.81, 1026, 1772, 160, 40.5, , 1
C++, reverse-complement, -1,  3.58, 1.59, 1.53, 0.00, 0.20, 159, 73, 85, 37.2, , 1
C++, reverse-complement, -1,  3.60, 1.58, 1.52, 0.00, 0.20, 159, 81, 78, 37.2, , 1
C++, reverse-complement, -1,  3.64, 1.60, 1.53, 0.00, 0.20, 159, 81, 77, 37.2, , 1
C++, reverse-complement, -1,  3.61, 1.58, 1.52, 0.00, 0.20, 159, 76, 83, 37.2, , 1
C++, reverse-complement, -1,  3.56, 1.57, 1.50, 0.00, 0.20, 158, 73, 84, 37.2, , 1
C++, reverse-complement, -1,  3.60, 1.60, 1.52, 0.00, 0.21, 159, 71, 88, 40.8, , 1
C++, reverse-complement, -1,  3.58, 1.60, 1.53, 0.00, 0.20, 158, 69, 88, 37.8, , 1
C++, reverse-complement, -1,  3.65, 1.60, 1.54, 0.00, 0.20, 159, 76, 83, 37.8, , 1
C++, reverse-complement, -1,  3.58, 1.58, 1.52, 0.00, 0.20, 158, 70, 88, 37.8, , 1
C++, reverse-complement, -1,  3.63, 1.61, 1.53, 0.00, 0.20, 158, 74, 83, 37.8, , 1
C++, reverse-complement, -1,  3.61, 1.61, 1.55, 0.00, 0.20, 159, 70, 89, 37.8, , 1
C++, reverse-complement, -1,  3.61, 1.63, 1.56, 0.00, 0.21, 159, 71, 88, 40.8, , 1
C++, reverse-complement, -1,  3.57, 1.61, 1.55, 0.00, 0.20, 159, 79, 80, 37.5, , 1
C++, reverse-complement, -1,  3.62, 1.62, 1.55, 0.00, 0.20, 159, 78, 80, 37.5, , 1
C++, reverse-complement, -1,  3.58, 1.61, 1.54, 0.00, 0.20, 158, 73, 84, 37.5, , 1
C++, reverse-complement, -1,  3.60, 1.61, 1.55, 0.00, 0.20, 159, 70, 88, 37.5, , 1
C++, reverse-complement, -1,  3.61, 1.60, 1.54, 0.00, 0.20, 158, 67, 90, 37.5, , 1
C++, reverse-complement, -1,  3.60, 1.61, 1.54, 0.00, 0.20, 159, 74, 85, 40.8, , 1
C++, reverse-complement, -1,  3.99, 1.72, 1.64, 0.00, 0.21, 164, 81, 82, 37.2, , 1
C++, reverse-complement, -1,  3.62, 1.62, 1.55, 0.00, 0.20, 159, 74, 84, 37.2, , 1
C++, spectral-norm, -1,  12.31, 7.49, 7.39, 0.00, 0.18, 352, 1407, 0, 37.2, , 1
C++, spectral-norm, -1,  12.32, 7.45, 7.36, 0.00, 0.18, 352, 1407, 1407, 37.2, , 1
C++, spectral-norm, -1,  12.36, 7.48, 7.38, 0.00, 0.18, 352, 1405, 0, 43.0, , 1
C++, spectral-norm, -1,  12.33, 7.51, 7.41, 0.00, 0.18, 353, 1408, 3, 37.0, , 1
C++, spectral-norm, -1,  12.37, 7.49, 7.39, 0.00, 0.18, 353, 1407, 0, 37.0, , 1
C++, spectral-norm, -1,  12.37, 7.52, 7.42, 0.00, 0.18, 352, 1407, 0, 43.5, , 1
C++, spectral-norm, -1,  12.29, 7.48, 7.38, 0.00, 0.18, 354, 1409, 1, 37.5, , 1
C++, spectral-norm, -1,  12.35, 7.49, 7.38, 0.00, 0.18, 352, 1404, 1, 37.5, , 1
C++, spectral-norm, -1,  12.30, 7.52, 7.41, 0.00, 0.18, 352, 1407, 1407, 43.5, , 1
C++, spectral-norm, -1,  12.53, 7.54, 7.43, 0.00, 0.18, 356, 1417, 1, 37.5, , 1
C++, spectral-norm, -1,  12.43, 7.39, 7.28, 0.00, 0.18, 358, 1427, 1, 37.5, , 1
C++, spectral-norm, -1,  12.40, 7.47, 7.36, 0.00, 0.18, 352, 1405, 0, 43.8, , 1
C++, spectral-norm, -1,  12.05, 6.88, 6.77, 0.00, 0.20, 391, 1558, 0, 37.8, , 1
C++, spectral-norm, -1,  12.12, 6.92, 6.81, 0.00, 0.20, 391, 1560, 0, 37.8, , 1
C++, spectral-norm, -1,  12.47, 7.51, 7.41, 0.00, 0.18, 352, 1408, 1408, 43.8, , 1
C++, spectral-norm, -1,  12.30, 7.39, 7.30, 0.00, 0.18, 352, 1404, 1, 37.5, , 1
C++, spectral-norm, -1,  12.38, 7.44, 7.35, 0.00, 0.18, 352, 1405, 0, 37.5, , 1
C++, spectral-norm, -1,  12.42, 7.48, 7.38, 0.00, 0.18, 352, 1406, 0, 43.0, , 1
C++, spectral-norm, -1,  12.27, 7.41, 7.32, 0.00, 0.18, 352, 1406, 1406, 38.0, , 1
C++, spectral-norm, -1,  12.32, 7.51, 7.40, 0.00, 0.18, 352, 1406, 0, 38.0, , 1
Java, binary-trees, -1,  107.80, 61.03, 59.47, 0.00, 5.63, 2765, 9066, 513, 42.0, , 1
Java, binary-trees, -1,  107.52, 61.03, 59.49, 0.00, 5.60, 2759, 9052, 477, 42.2, , 1
Java, binary-trees, -1,  108.03, 60.99, 59.43, 0.00, 5.64, 2773, 9050, 519, 42.5, , 1
Java, binary-trees, -1,  106.97, 60.22, 58.67, 0.00, 5.60, 2773, 8965, 477, 42.5, , 1
Java, binary-trees, -1,  107.56, 60.45, 58.90, 0.00, 5.61, 2789, 9012, 503, 42.5, , 1
Java, binary-trees, -1,  108.47, 61.64, 60.08, 0.00, 5.64, 2774, 9098, 524, 42.8, , 1
Java, binary-trees, -1,  109.19, 61.43, 59.86, 0.00, 5.66, 2808, 9078, 580, 42.2, , 1
Java, binary-trees, -1,  108.35, 61.11, 59.55, 0.00, 5.63, 2775, 9093, 493, 42.8, , 1
Java, binary-trees, -1,  106.66, 60.09, 58.55, 0.00, 5.59, 2750, 8987, 496, 43.5, , 1
Java, binary-trees, -1,  108.03, 60.53, 58.97, 0.00, 5.67, 2803, 9062, 564, 42.5, , 1
Java, binary-trees, -1,  105.48, 59.31, 57.78, 0.00, 5.55, 2724, 8927, 446, 42.8, , 1
Java, binary-trees, -1,  110.53, 62.65, 61.06, 0.00, 5.73, 2868, 9211, 533, 43.5, , 1
Java, binary-trees, -1,  106.96, 60.88, 59.32, 0.00, 5.60, 2749, 9055, 487, 42.2, , 1
Java, binary-trees, -1,  107.21, 60.84, 59.29, 0.00, 5.65, 2776, 9085, 507, 43.5, , 1
Java, binary-trees, -1,  111.13, 63.05, 61.46, 0.00, 5.71, 2847, 9184, 550, 43.2, , 1
Java, binary-trees, -1,  108.41, 61.74, 60.17, 0.00, 5.66, 2799, 9127, 503, 43.2, , 1
Java, binary-trees, -1,  106.29, 59.75, 58.20, 0.00, 5.61, 2798, 8998, 502, 43.2, , 1
Java, binary-trees, -1,  107.03, 60.23, 58.68, 0.00, 5.61, 2765, 9079, 428, 43.5, , 1
Java, binary-trees, -1,  106.25, 59.97, 58.42, 0.00, 5.57, 2749, 8939, 492, 43.2, , 1
Java, binary-trees, -1,  106.53, 59.94, 58.39, 0.00, 5.62, 2759, 9057, 492, 43.5, , 1
Java, fannkuch-redux, -1,  363.10, 240.73, 238.25, 0.00, 4.16, 8244, 32539, 17, 46.0, , 1
Java, fannkuch-redux, -1,  342.72, 226.67, 224.31, 0.00, 3.95, 7816, 30861, 18, 45.5, , 1
Java, fannkuch-redux, -1,  349.94, 232.03, 229.63, 0.00, 4.01, 7952, 31401, 20, 46.8, , 1
Java, fannkuch-redux, -1,  348.13, 231.92, 229.52, 0.00, 4.01, 7935, 31289, 15, 45.2, , 1
Java, fannkuch-redux, -1,  358.21, 238.49, 236.00, 0.00, 4.14, 8206, 32274, 23, 44.0, , 1
Java, fannkuch-redux, -1,  361.57, 240.34, 237.85, 0.00, 4.14, 8203, 32387, 16, 46.2, , 1
Java, fannkuch-redux, -1,  349.75, 233.03, 230.63, 0.00, 4.02, 7964, 31403, 15, 45.5, , 1
Java, fannkuch-redux, -1,  359.46, 238.75, 236.27, 0.00, 4.14, 8195, 32283, 20, 45.2, , 1
Java, fannkuch-redux, -1,  369.59, 247.33, 244.79, 0.00, 4.23, 8371, 33071, 20, 46.2, , 1
Java, fannkuch-redux, -1,  368.86, 246.22, 243.69, 0.00, 4.25, 8410, 33070, 26, 45.2, , 1
Java, fannkuch-redux, -1,  348.10, 232.18, 229.79, 0.00, 4.00, 7923, 31277, 21, 46.5, , 1
Java, fannkuch-redux, -1,  342.92, 227.35, 224.97, 0.00, 3.96, 7826, 30873, 18, 46.0, , 1
Java, fannkuch-redux, -1,  360.87, 240.30, 237.82, 0.00, 4.14, 8203, 32321, 18, 46.2, , 1
Java, fannkuch-redux, -1,  349.16, 233.16, 230.76, 0.00, 4.02, 7958, 31400, 20, 46.0, , 1
Java, fannkuch-redux, -1,  348.43, 232.60, 230.21, 0.00, 4.02, 7941, 31296, 17, 46.0, , 1
Java, fannkuch-redux, -1,  344.76, 229.84, 227.45, 0.00, 3.99, 7890, 31058, 16, 45.2, , 1
Java, fannkuch-redux, -1,  360.69, 240.51, 238.03, 0.00, 4.15, 8215, 32344, 22, 44.0, , 1
Java, fannkuch-redux, -1,  358.37, 239.28, 236.80, 0.00, 4.13, 8186, 32287, 19, 45.8, , 1
Java, fannkuch-redux, -1,  362.70, 241.26, 238.77, 0.00, 4.16, 8246, 32500, 16, 45.5, , 1
Java, fannkuch-redux, -1,  357.96, 238.45, 235.97, 0.00, 4.13, 8174, 32254, 15, 46.0, , 1
Java, fasta, -1,  35.33, 20.66, 20.33, 0.00, 0.58, 1083, 3304, 45, 42.8, , 1
Java, fasta, -1,  34.57, 20.29, 19.97, 0.00, 0.57, 1051, 3267, 39, 42.8, , 1
Java, fasta, -1,  34.72, 20.38, 20.07, 0.00, 0.57, 1050, 3321, 37, 43.5, , 1
Java, fasta, -1,  34.92, 20.16, 19.83, 0.00, 0.59, 1093, 3329, 43, 41.5, , 1
Java, fasta, -1,  34.84, 20.27, 19.95, 0.00, 0.58, 1063, 3283, 50, 43.0, , 1
Java, fasta, -1,  34.26, 19.63, 19.31, 0.00, 0.58, 1069, 3348, 42, 44.2, , 1
Java, fasta, -1,  34.30, 19.53, 19.20, 0.00, 0.59, 1079, 3397, 50, 43.2, , 1
Java, fasta, -1,  34.88, 20.09, 19.76, 0.00, 0.60, 1097, 3413, 42, 42.8, , 1
Java, fasta, -1,  34.24, 19.78, 19.45, 0.00, 0.59, 1085, 3341, 44, 42.5, , 1
Java, fasta, -1,  34.22, 19.82, 19.50, 0.00, 0.57, 1062, 3337, 48, 44.0, , 1
Java, fasta, -1,  34.59, 20.13, 19.81, 0.00, 0.58, 1070, 3324, 38, 42.2, , 1
Java, fasta, -1,  34.35, 19.24, 18.89, 0.00, 0.62, 1137, 3550, 44, 43.5, , 1
Java, fasta, -1,  34.31, 20.09, 19.77, 0.00, 0.57, 1047, 3294, 38, 43.5, , 1
Java, fasta, -1,  34.14, 19.51, 19.18, 0.00, 0.59, 1081, 3388, 50, 43.5, , 1
Java, fasta, -1,  33.93, 19.27, 18.94, 0.00, 0.58, 1075, 3377, 35, 43.2, , 1
Java, fasta, -1,  34.79, 20.20, 19.88, 0.00, 0.58, 1066, 3346, 38, 43.2, , 1
Java, fasta, -1,  34.21, 19.18, 18.84, 0.00, 0.61, 1114, 3511, 36, 43.8, , 1
Java, fasta, -1,  34.83, 19.52, 19.19, 0.00, 0.60, 1110, 3388, 43, 42.2, , 1
Java, fasta, -1,  34.35, 19.48, 19.15, 0.00, 0.58, 1078, 3383, 50, 40.8, , 1
Java, fasta, -1,  35.08, 19.93, 19.61, 0.00, 0.59, 1083, 3411, 36, 43.2, , 1
Java, k-nucleotide, -1,  146.57, 90.75, 89.56, 0.00, 3.36, 3776, 12472, 202, 45.0, , 1
Java, k-nucleotide, -1,  143.53, 89.39, 88.22, 0.00, 3.27, 3731, 12177, 205, 44.0, , 1
Java, k-nucleotide, -1,  142.39, 88.52, 87.35, 0.00, 3.25, 3700, 12140, 222, 45.5, , 1
Java, k-nucleotide, -1,  137.86, 84.85, 83.71, 0.00, 3.26, 3621, 11635, 203, 45.0, , 1
Java, k-nucleotide, -1,  147.54, 90.90, 89.70, 0.00, 3.38, 3822, 12482, 200, 45.0, , 1
Java, k-nucleotide, -1,  146.70, 90.40, 89.19, 0.00, 3.39, 3810, 12424, 199, 45.2, , 1
Java, k-nucleotide, -1,  144.96, 89.61, 88.43, 0.00, 3.35, 3761, 12311, 202, 45.0, , 1
Java, k-nucleotide, -1,  145.75, 89.45, 88.25, 0.00, 3.34, 3831, 12473, 235, 42.0, , 1
Java, k-nucleotide, -1,  137.36, 84.95, 83.83, 0.00, 3.18, 3558, 11558, 183, 45.0, , 1
Java, k-nucleotide, -1,  141.63, 87.65, 86.48, 0.00, 3.32, 3705, 12071, 191, 44.8, , 1
Java, k-nucleotide, -1,  146.29, 90.52, 89.33, 0.00, 3.35, 3800, 12395, 189, 44.2, , 1
Java, k-nucleotide, -1,  144.63, 89.68, 88.50, 0.00, 3.32, 3746, 12262, 185, 44.2, , 1
Java, k-nucleotide, -1,  136.52, 83.99, 82.86, 0.00, 3.15, 3577, 11510, 172, 44.5, , 1
Java, k-nucleotide, -1,  145.42, 90.13, 88.94, 0.00, 3.36, 3794, 12428, 200, 45.0, , 1
Java, k-nucleotide, -1,  135.34, 83.12, 81.99, 0.00, 3.13, 3572, 11631, 186, 45.2, , 1
Java, k-nucleotide, -1,  145.09, 89.12, 87.94, 0.00, 3.35, 3773, 12308, 202, 44.8, , 1
Java, k-nucleotide, -1,  142.25, 87.37, 86.20, 0.00, 3.31, 3729, 12227, 185, 45.5, , 1
Java, k-nucleotide, -1,  145.70, 90.20, 89.01, 0.00, 3.38, 3789, 12468, 188, 45.0, , 1
Java, k-nucleotide, -1,  139.92, 86.29, 85.15, 0.00, 3.17, 3674, 11843, 177, 43.8, , 1
Java, k-nucleotide, -1,  146.69, 91.25, 90.05, 0.00, 3.36, 3834, 12522, 189, 45.2, , 1
Java, mandelbrot, -1,  121.55, 75.36, 74.38, 0.00, 1.70, 3247, 12723, 54, 45.0, , 1
Java, mandelbrot, -1,  120.09, 74.50, 73.52, 0.00, 1.70, 3256, 12776, 47, 44.8, , 1
Java, mandelbrot, -1,  118.11, 72.85, 71.87, 0.00, 1.68, 3205, 12543, 64, 45.0, , 1
Java, mandelbrot, -1,  120.24, 74.33, 73.34, 0.00, 1.70, 3265, 12791, 57, 45.2, , 1
Java, mandelbrot, -1,  121.04, 74.95, 73.96, 0.00, 1.71, 3276, 12833, 55, 45.5, , 1
Java, mandelbrot, -1,  119.95, 74.17, 73.18, 0.00, 1.70, 3260, 12747, 67, 45.0, , 1
Java, mandelbrot, -1,  119.33, 73.98, 72.99, 0.00, 1.70, 3257, 12779, 46, 44.8, , 1
Java, mandelbrot, -1,  120.74, 74.70, 73.71, 0.00, 1.71, 3264, 12799, 48, 45.2, , 1
Java, mandelbrot, -1,  117.30, 72.43, 71.46, 0.00, 1.66, 3173, 12437, 50, 44.8, , 1
Java, mandelbrot, -1,  120.66, 74.31, 73.33, 0.00, 1.71, 3264, 12787, 59, 45.2, , 1
Java, mandelbrot, -1,  121.66, 75.68, 74.69, 0.00, 1.70, 3260, 12786, 51, 45.2, , 1
Java, mandelbrot, -1,  120.21, 73.85, 72.86, 0.00, 1.71, 3277, 12830, 63, 44.8, , 1
Java, mandelbrot, -1,  119.82, 73.81, 72.83, 0.00, 1.70, 3253, 12722, 69, 45.0, , 1
Java, mandelbrot, -1,  120.45, 74.57, 73.58, 0.00, 1.71, 3267, 12805, 57, 45.5, , 1
Java, mandelbrot, -1,  116.03, 71.47, 70.50, 0.00, 1.66, 3168, 12373, 76, 44.8, , 1
Java, mandelbrot, -1,  120.43, 74.11, 73.12, 0.00, 1.70, 3254, 12744, 61, 45.2, , 1
Java, mandelbrot, -1,  118.08, 73.06, 72.08, 0.00, 1.69, 3220, 12624, 53, 44.8, , 1
Java, mandelbrot, -1,  121.15, 74.90, 73.90, 0.00, 1.72, 3297, 12895, 66, 45.2, , 1
Java, mandelbrot, -1,  121.88, 75.81, 74.82, 0.00, 1.70, 3263, 12794, 48, 45.0, , 1
Java, mandelbrot, -1,  120.23, 74.99, 74.00, 0.00, 1.70, 3260, 12767, 63, 45.5, , 1
Java, n-body, -1,  81.58, 37.80, 36.58, 0.00, 2.06, 4058, 4064, 16, 41.8, , 1
Java, n-body, -1,  82.32, 37.57, 36.35, 0.00, 2.06, 4058, 4065, 16, 42.0, , 1
Java, n-body, -1,  82.41, 37.78, 36.56, 0.00, 2.07, 4077, 4064, 17, 40.8, , 1
Java, n-body, -1,  81.67, 37.06, 35.84, 0.00, 2.06, 4050, 4042, 15, 41.2, , 1
Java, n-body, -1,  82.89, 37.38, 36.16, 0.00, 2.07, 4075, 4055, 25, 41.0, , 1
Java, n-body, -1,  82.45, 36.52, 35.30, 0.00, 2.06, 4050, 4037, 21, 41.2, , 1
Java, n-body, -1,  81.36, 36.48, 35.24, 0.00, 2.06, 4050, 4042, 15, 41.2, , 1
Java, n-body, -1,  82.43, 37.54, 36.32, 0.00, 2.06, 4058, 4061, 18, 41.0, , 1
Java, n-body, -1,  81.58, 37.21, 35.99, 0.00, 2.06, 4051, 4040, 18, 40.2, , 1
Java, n-body, -1,  81.46, 36.82, 35.60, 0.00, 2.06, 4049, 4043, 14, 40.5, , 1
Java, n-body, -1,  83.00, 37.55, 36.32, 0.00, 2.07, 4074, 4068, 13, 40.0, , 1
Java, n-body, -1,  81.81, 37.33, 36.12, 0.00, 2.05, 4034, 4040, 16, 39.2, , 1
Java, n-body, -1,  81.96, 37.24, 36.03, 0.00, 2.05, 4035, 4043, 15, 41.0, , 1
Java, n-body, -1,  81.64, 37.41, 36.20, 0.00, 2.06, 4052, 4045, 12, 40.5, , 1
Java, n-body, -1,  82.88, 37.68, 36.47, 0.00, 2.06, 4058, 4042, 17, 40.5, , 1
Java, n-body, -1,  83.76, 38.06, 36.83, 0.00, 2.08, 4091, 4070, 21, 40.5, , 1
Java, n-body, -1,  81.81, 37.45, 36.24, 0.00, 2.06, 4050, 4037, 21, 40.5, , 1
Java, n-body, -1,  82.38, 37.57, 36.34, 0.00, 2.07, 4074, 4064, 15, 40.5, , 1
Java, n-body, -1,  82.90, 37.76, 36.52, 0.00, 2.08, 4098, 4066, 15, 39.5, , 1
Java, n-body, -1,  82.37, 37.71, 36.49, 0.00, 2.07, 4072, 4065, 17, 40.5, , 1
Java, regex-redux, -1,  155.94, 94.98, 93.60, 0.00, 3.13, 4262, 12771, 285, 42.2, , 1
Java, regex-redux, -1,  154.46, 93.88, 92.51, 0.00, 3.11, 4233, 12406, 283, 42.2, , 1
Java, regex-redux, -1,  157.80, 95.89, 94.50, 0.00, 3.15, 4334, 12829, 272, 42.2, , 1
Java, regex-redux, -1,  158.23, 95.83, 94.43, 0.00, 3.16, 4354, 12874, 285, 42.8, , 1
Java, regex-redux, -1,  157.94, 95.67, 94.27, 0.00, 3.16, 4335, 12695, 295, 42.5, , 1
Java, regex-redux, -1,  156.11, 94.60, 93.22, 0.00, 3.14, 4287, 12737, 277, 42.8, , 1
Java, regex-redux, -1,  155.41, 95.27, 93.89, 0.00, 3.13, 4273, 12574, 282, 43.5, , 1
Java, regex-redux, -1,  157.46, 96.07, 94.68, 0.00, 3.12, 4287, 12745, 279, 43.2, , 1
Java, regex-redux, -1,  155.98, 95.07, 93.69, 0.00, 3.12, 4261, 12540, 260, 43.2, , 1
Java, regex-redux, -1,  155.65, 95.05, 93.66, 0.00, 3.14, 4297, 12537, 299, 43.5, , 1
Java, regex-redux, -1,  157.14, 95.92, 94.54, 0.00, 3.13, 4293, 12814, 297, 43.5, , 1
Java, regex-redux, -1,  154.69, 94.09, 92.73, 0.00, 3.10, 4211, 12475, 274, 43.2, , 1
Java, regex-redux, -1,  156.22, 95.95, 94.58, 0.00, 3.10, 4227, 12705, 289, 43.8, , 1
Java, regex-redux, -1,  154.35, 95.42, 94.06, 0.00, 3.10, 4218, 12509, 275, 43.2, , 1
Java, regex-redux, -1,  155.88, 95.73, 94.36, 0.00, 3.12, 4266, 12637, 287, 43.5, , 1
Java, regex-redux, -1,  157.39, 96.26, 94.85, 0.00, 3.18, 4376, 12713, 264, 43.2, , 1
Java, regex-redux, -1,  156.54, 95.86, 94.48, 0.00, 3.14, 4318, 12666, 303, 43.0, , 1
Java, regex-redux, -1,  159.03, 97.10, 95.71, 0.00, 3.15, 4315, 13026, 271, 43.2, , 1
Java, regex-redux, -1,  155.49, 95.76, 94.39, 0.00, 3.09, 4212, 12518, 255, 43.8, , 1
Java, regex-redux, -1,  153.86, 94.86, 93.51, 0.00, 3.07, 4165, 12500, 275, 43.5, , 1
Java, reverse-complement, -1,  17.41, 8.03, 7.75, 0.00, 0.77, 751, 550, 328, 38.8, , 1
Java, reverse-complement, -1,  17.51, 8.21, 7.93, 0.00, 0.76, 746, 565, 305, 42.0, , 1
Java, reverse-complement, -1,  17.73, 8.14, 7.86, 0.00, 0.77, 749, 564, 311, 38.8, , 1
Java, reverse-complement, -1,  17.49, 8.08, 7.80, 0.00, 0.77, 748, 543, 330, 42.0, , 1
Java, reverse-complement, -1,  17.74, 8.02, 7.74, 0.00, 0.77, 750, 551, 325, 38.8, , 1
Java, reverse-complement, -1,  17.78, 8.08, 7.80, 0.00, 0.77, 746, 549, 322, 41.8, , 1
Java, reverse-complement, -1,  17.45, 8.09, 7.81, 0.00, 0.77, 749, 543, 331, 38.5, , 1
Java, reverse-complement, -1,  17.49, 8.06, 7.78, 0.00, 0.77, 748, 554, 318, 42.0, , 1
Java, reverse-complement, -1,  17.40, 8.14, 7.86, 0.00, 0.77, 747, 551, 321, 38.5, , 1
Java, reverse-complement, -1,  17.48, 8.13, 7.85, 0.00, 0.77, 746, 562, 311, 41.5, , 1
Java, reverse-complement, -1,  17.40, 8.08, 7.80, 0.00, 0.77, 746, 549, 321, 38.8, , 1
Java, reverse-complement, -1,  17.41, 8.09, 7.80, 0.00, 0.77, 747, 542, 330, 41.8, , 1
Java, reverse-complement, -1,  17.46, 8.04, 7.77, 0.00, 0.78, 749, 550, 324, 38.8, , 1
Java, reverse-complement, -1,  17.54, 8.10, 7.83, 0.00, 0.77, 749, 548, 326, 41.8, , 1
Java, reverse-complement, -1,  17.46, 8.09, 7.80, 0.00, 0.77, 747, 539, 334, 38.5, , 1
Java, reverse-complement, -1,  17.49, 8.08, 7.80, 0.00, 0.77, 746, 563, 309, 41.5, , 1
Java, reverse-complement, -1,  17.54, 8.11, 7.83, 0.00, 0.77, 750, 549, 325, 38.8, , 1
Java, reverse-complement, -1,  17.53, 8.10, 7.82, 0.00, 0.77, 747, 553, 319, 41.8, , 1
Java, reverse-complement, -1,  17.43, 8.05, 7.77, 0.00, 0.77, 746, 548, 322, 38.8, , 1
Java, reverse-complement, -1,  17.58, 8.10, 7.82, 0.00, 0.77, 746, 558, 314, 41.5, , 1
Java, spectral-norm, -1,  20.08, 11.97, 11.79, 0.00, 0.32, 584, 2074, 30, 38.8, , 1
Java, spectral-norm, -1,  20.26, 12.24, 12.07, 0.00, 0.31, 573, 2015, 21, 44.2, , 1
Java, spectral-norm, -1,  20.04, 11.95, 11.77, 0.00, 0.32, 587, 2068, 29, 38.8, , 1
Java, spectral-norm, -1,  20.14, 12.26, 12.08, 0.00, 0.31, 567, 2010, 24, 44.8, , 1
Java, spectral-norm, -1,  19.89, 12.00, 11.83, 0.00, 0.31, 570, 2011, 29, 38.8, , 1
Java, spectral-norm, -1,  19.45, 11.90, 11.73, 0.00, 0.30, 542, 1874, 38, 44.5, , 1
Java, spectral-norm, -1,  20.46, 12.27, 12.09, 0.00, 0.32, 580, 2044, 27, 38.8, , 1
Java, spectral-norm, -1,  19.41, 11.89, 11.72, 0.00, 0.29, 533, 1873, 33, 45.0, , 1
Java, spectral-norm, -1,  20.17, 12.09, 11.92, 0.00, 0.31, 572, 2013, 41, 38.8, , 1
Java, spectral-norm, -1,  20.56, 12.40, 12.22, 0.00, 0.31, 577, 2040, 26, 44.0, , 1
Java, spectral-norm, -1,  20.30, 12.23, 12.05, 0.00, 0.31, 572, 2033, 29, 38.8, , 1
Java, spectral-norm, -1,  20.71, 12.23, 12.04, 0.00, 0.33, 613, 1905, 36, 41.5, , 1
Java, spectral-norm, -1,  20.07, 12.07, 11.89, 0.00, 0.31, 576, 2031, 32, 38.8, , 1
Java, spectral-norm, -1,  19.35, 11.83, 11.66, 0.00, 0.29, 532, 1864, 37, 45.0, , 1
Java, spectral-norm, -1,  19.81, 11.93, 11.76, 0.00, 0.31, 569, 2014, 40, 38.8, , 1
Java, spectral-norm, -1,  19.74, 12.07, 11.91, 0.00, 0.30, 546, 1919, 22, 44.8, , 1
Java, spectral-norm, -1,  19.59, 11.84, 11.67, 0.00, 0.31, 557, 1912, 35, 38.8, , 1
Java, spectral-norm, -1,  19.79, 12.01, 11.84, 0.00, 0.30, 545, 1902, 35, 45.0, , 1
Java, spectral-norm, -1,  20.40, 12.22, 12.04, 0.00, 0.32, 585, 2056, 29, 38.8, , 1
Java, spectral-norm, -1,  20.41, 12.33, 12.16, 0.00, 0.31, 571, 2033, 34, 44.8, , 1
Python, binary-trees, -1,  1257.71, 784.85, 773.61, 0.00, 31.74, 29891, 102531, 2084, 46.0, , 1
Python, binary-trees, -1,  1261.43, 788.59, 777.23, 0.00, 32.06, 30233, 103704, 2127, 45.8, , 1
Python, binary-trees, -1,  1255.71, 788.64, 777.27, 0.00, 32.17, 30214, 103583, 2025, 46.2, , 1
Python, binary-trees, -1,  1242.66, 780.80, 769.63, 0.00, 31.84, 29597, 101481, 2067, 45.5, , 1
Python, binary-trees, -1,  1263.89, 793.34, 782.02, 0.00, 32.12, 30061, 103317, 2033, 46.0, , 1
Python, binary-trees, -1,  1262.20, 790.01, 778.66, 0.00, 32.12, 30179, 103291, 2030, 46.2, , 1
Python, binary-trees, -1,  1260.19, 786.81, 775.56, 0.00, 31.94, 29889, 102703, 2071, 46.5, , 1
Python, binary-trees, -1,  1249.32, 782.06, 770.85, 0.00, 31.89, 29772, 101652, 2173, 46.8, , 1
Python, binary-trees, -1,  1258.20, 789.37, 778.05, 0.00, 32.03, 30102, 103268, 2075, 45.8, , 1
Python, binary-trees, -1,  1262.19, 792.89, 781.57, 0.00, 32.01, 30031, 103255, 2002, 45.8, , 1
Python, binary-trees, -1,  1258.93, 788.58, 777.24, 0.00, 32.19, 30036, 103721, 2091, 46.5, , 1
Python, binary-trees, -1,  1260.75, 787.64, 776.27, 0.00, 32.01, 30218, 103588, 2041, 46.5, , 1
Python, binary-trees, -1,  1257.05, 785.88, 774.59, 0.00, 31.93, 30014, 103029, 2024, 46.5, , 1
Python, binary-trees, -1,  1260.52, 788.67, 777.33, 0.00, 32.20, 30086, 102992, 2144, 46.0, , 1
Python, binary-trees, -1,  1257.88, 786.07, 774.77, 0.00, 31.98, 30006, 103282, 2042, 45.5, , 1
Python, binary-trees, -1,  1260.05, 786.42, 775.09, 0.00, 32.08, 30127, 103274, 2035, 46.0, , 1
Python, binary-trees, -1,  1251.82, 782.09, 770.88, 0.00, 31.91, 29708, 101931, 2097, 46.0, , 1
Python, binary-trees, -1,  1252.81, 781.63, 770.37, 0.00, 31.93, 29912, 102358, 2041, 46.5, , 1
Python, binary-trees, -1,  1265.72, 787.05, 775.65, 0.00, 32.19, 30294, 103952, 2078, 47.0, , 1
Python, binary-trees, -1,  1258.37, 784.70, 773.35, 0.00, 32.11, 30189, 103330, 2119, 46.2, , 1
Python, fannkuch-redux, -1,  10465.82, 6844.10, 6775.72, 0.00, 113.02, 224855, 889665, 29, 54.2, , 1
Python, fannkuch-redux, -1,  10385.62, 6785.31, 6717.05, 0.00, 112.81, 224429, 886061, 12, 54.0, , 1
Python, fannkuch-redux, -1,  10482.97, 6883.01, 6814.78, 0.00, 112.93, 224686, 887270, 17, 53.5, , 1
Python, fannkuch-redux, -1,  10521.55, 6902.83, 6834.02, 0.00, 113.86, 226572, 893787, 23, 54.5, , 1
Python, fannkuch-redux, -1,  10478.34, 6834.91, 6765.87, 0.00, 114.11, 227033, 890924, 15, 53.8, , 1
Python, fannkuch-redux, -1,  10492.85, 6831.99, 6763.54, 0.00, 113.18, 225154, 889437, 16, 53.5, , 1
Python, fannkuch-redux, -1,  10720.16, 7046.73, 6977.74, 0.00, 113.90, 226603, 893984, 21, 53.8, , 1
Python, fannkuch-redux, -1,  10603.44, 6953.64, 6885.39, 0.00, 112.82, 224461, 887822, 30, 54.2, , 1
Python, fannkuch-redux, -1,  10452.85, 6827.26, 6758.70, 0.00, 113.27, 225351, 890662, 24, 54.5, , 1
Python, fannkuch-redux, -1,  10551.92, 6905.17, 6835.74, 0.00, 114.83, 228442, 897994, 17, 53.8, , 1
Python, fannkuch-redux, -1,  10429.18, 6815.01, 6746.45, 0.00, 113.38, 225574, 889063, 22, 53.5, , 1
Python, fannkuch-redux, -1,  10501.27, 6885.51, 6817.21, 0.00, 112.89, 224616, 887670, 14, 53.2, , 1
Python, fannkuch-redux, -1,  10445.85, 6815.97, 6747.54, 0.00, 113.13, 225079, 888796, 18, 54.5, , 1
Python, fannkuch-redux, -1,  10427.16, 6823.98, 6755.58, 0.00, 113.08, 224980, 888357, 16, 54.2, , 1
Python, fannkuch-redux, -1,  10536.54, 6903.04, 6834.47, 0.00, 113.29, 225378, 890387, 21, 54.5, , 1
Python, fannkuch-redux, -1,  10653.26, 6997.35, 6928.69, 0.00, 113.45, 225695, 888742, 27, 54.0, , 1
Python, fannkuch-redux, -1,  10476.32, 6847.40, 6778.67, 0.00, 113.55, 225916, 893803, 17, 54.8, , 1
Python, fannkuch-redux, -1,  10395.57, 6786.93, 6718.41, 0.00, 113.20, 225225, 888763, 16, 54.2, , 1
Python, fannkuch-redux, -1,  10513.13, 6879.53, 6811.02, 0.00, 113.48, 225794, 891637, 25, 53.8, , 1
Python, fannkuch-redux, -1,  10573.61, 6924.44, 6855.78, 0.00, 113.34, 225502, 891013, 16, 54.2, , 1
Python, fasta, -1,  898.21, 438.74, 426.30, 0.00, 20.71, 41200, 41175, 25, 43.8, , 1
Python, fasta, -1,  932.75, 454.01, 440.89, 0.00, 21.90, 43579, 43558, 20, 43.8, , 1
Python, fasta, -1,  888.81, 435.18, 422.78, 0.00, 20.66, 41085, 41057, 26, 42.8, , 1
Python, fasta, -1,  893.72, 443.02, 430.63, 0.00, 20.65, 41079, 41046, 31, 43.5, , 1
Python, fasta, -1,  893.99, 440.44, 428.06, 0.00, 20.65, 41071, 41054, 16, 42.8, , 1
Python, fasta, -1,  890.32, 437.77, 425.27, 0.00, 20.72, 41226, 41198, 26, 43.2, , 1
Python, fasta, -1,  887.76, 437.84, 425.44, 0.00, 20.65, 41068, 41037, 30, 43.5, , 1
Python, fasta, -1,  889.71, 436.88, 424.44, 0.00, 20.65, 41079, 41040, 38, 43.5, , 1
Python, fasta, -1,  882.63, 434.94, 422.57, 0.00, 20.61, 40972, 40952, 19, 44.0, , 1
Python, fasta, -1,  888.09, 437.04, 424.65, 0.00, 20.64, 41056, 41032, 23, 43.5, , 1
Python, fasta, -1,  898.97, 442.39, 429.95, 0.00, 20.69, 41155, 41127, 27, 43.0, , 1
Python, fasta, -1,  887.34, 438.56, 426.20, 0.00, 20.58, 40944, 40917, 26, 43.0, , 1
Python, fasta, -1,  894.36, 446.36, 433.99, 0.00, 20.67, 41096, 41074, 21, 43.2, , 1
Python, fasta, -1,  890.24, 442.78, 430.38, 0.00, 20.67, 41117, 41095, 21, 43.2, , 1
Python, fasta, -1,  887.34, 441.43, 429.04, 0.00, 20.68, 41104, 41086, 16, 43.8, , 1
Python, fasta, -1,  944.79, 468.66, 455.39, 0.00, 22.09, 43945, 43921, 23, 43.2, , 1
Python, fasta, -1,  882.31, 436.20, 423.80, 0.00, 20.63, 41044, 41024, 19, 43.0, , 1
Python, fasta, -1,  888.62, 439.26, 426.82, 0.00, 20.71, 41200, 41176, 23, 43.8, , 1
Python, fasta, -1,  903.00, 451.51, 439.04, 0.00, 20.81, 41375, 41338, 36, 43.5, , 1
Python, fasta, -1,  891.09, 440.41, 427.96, 0.00, 20.73, 41241, 41217, 23, 43.2, , 1
Python, k-nucleotide, -1,  1582.20, 1008.18, 995.78, 0.00, 42.78, 34955, 136619, 510, 48.0, , 1
Python, k-nucleotide, -1,  1584.92, 1012.00, 999.60, 0.00, 42.76, 34874, 136369, 479, 48.8, , 1
Python, k-nucleotide, -1,  1590.23, 1007.92, 995.48, 0.00, 42.78, 35190, 137589, 453, 48.5, , 1
Python, k-nucleotide, -1,  1592.15, 1010.36, 997.88, 0.00, 42.97, 35082, 137146, 505, 48.8, , 1
Python, k-nucleotide, -1,  1586.05, 1008.06, 995.57, 0.00, 42.85, 35218, 137169, 530, 48.0, , 1
Python, k-nucleotide, -1,  1625.14, 1030.70, 1017.47, 0.00, 46.90, 35827, 139759, 502, 48.8, , 1
Python, k-nucleotide, -1,  1588.31, 1011.27, 998.83, 0.00, 42.79, 35096, 137340, 503, 49.0, , 1
Python, k-nucleotide, -1,  1580.54, 1006.26, 993.87, 0.00, 42.65, 34875, 136584, 457, 48.8, , 1
Python, k-nucleotide, -1,  1584.95, 1006.17, 993.70, 0.00, 42.95, 35013, 136929, 526, 49.2, , 1
Python, k-nucleotide, -1,  1582.52, 1007.92, 995.48, 0.00, 42.78, 35121, 137203, 528, 48.2, , 1
Python, k-nucleotide, -1,  1573.82, 1001.58, 989.17, 0.00, 42.67, 34904, 136283, 527, 48.8, , 1
Python, k-nucleotide, -1,  1585.17, 1009.29, 996.82, 0.00, 42.86, 35164, 137548, 520, 49.0, , 1
Python, k-nucleotide, -1,  1572.66, 1003.69, 991.34, 0.00, 42.62, 34766, 136265, 488, 50.0, , 1
Python, k-nucleotide, -1,  1576.85, 999.75, 987.28, 0.00, 43.06, 35027, 136514, 539, 47.8, , 1
Python, k-nucleotide, -1,  1586.65, 1008.33, 995.89, 0.00, 42.73, 35166, 137487, 524, 49.0, , 1
Python, k-nucleotide, -1,  1581.55, 1006.18, 993.74, 0.00, 42.75, 35060, 136487, 510, 48.5, , 1
Python, k-nucleotide, -1,  1591.52, 1012.53, 1000.10, 0.00, 42.76, 35010, 136886, 507, 49.0, , 1
Python, k-nucleotide, -1,  1594.57, 1012.31, 999.81, 0.00, 42.93, 35291, 137626, 500, 48.8, , 1
Python, k-nucleotide, -1,  1584.66, 1005.64, 993.20, 0.00, 42.77, 35055, 136982, 472, 48.0, , 1
Python, k-nucleotide, -1,  1586.02, 1001.91, 989.46, 0.00, 42.84, 35009, 136402, 496, 48.2, , 1
Python, mandelbrot, -1,  5524.30, 3667.50, 3632.76, 0.00, 57.57, 114451, 455999, 1068, 57.2, , 1
Python, mandelbrot, -1,  5510.05, 3661.39, 3626.60, 0.00, 57.61, 114536, 456510, 990, 57.2, , 1
Python, mandelbrot, -1,  5477.39, 3640.40, 3605.76, 0.00, 57.36, 113978, 454164, 1043, 58.2, , 1
Python, mandelbrot, -1,  5512.17, 3669.26, 3634.52, 0.00, 57.58, 114457, 456010, 1081, 58.0, , 1
Python, mandelbrot, -1,  5495.40, 3655.38, 3620.60, 0.00, 57.58, 114467, 456135, 1079, 58.0, , 1
Python, mandelbrot, -1,  5487.67, 3652.26, 3617.63, 0.00, 57.38, 114075, 454640, 981, 57.5, , 1
Python, mandelbrot, -1,  5566.33, 3711.26, 3676.33, 0.00, 57.88, 114798, 456685, 1033, 58.0, , 1
Python, mandelbrot, -1,  5524.49, 3683.89, 3649.19, 0.00, 57.45, 114213, 455236, 982, 58.5, , 1
Python, mandelbrot, -1,  5479.73, 3653.63, 3619.05, 0.00, 57.29, 113878, 453894, 986, 58.8, , 1
Python, mandelbrot, -1,  5522.04, 3670.41, 3635.53, 0.00, 57.71, 114723, 457165, 1011, 58.2, , 1
Python, mandelbrot, -1,  5647.22, 3765.10, 3729.99, 0.00, 58.15, 115603, 460813, 966, 58.5, , 1
Python, mandelbrot, -1,  5508.63, 3665.09, 3630.37, 0.00, 57.52, 114326, 455563, 1093, 57.8, , 1
Python, mandelbrot, -1,  5513.28, 3664.57, 3629.95, 0.00, 57.36, 114041, 454475, 1058, 58.2, , 1
Python, mandelbrot, -1,  5504.98, 3669.98, 3635.28, 0.00, 57.48, 114268, 455198, 1106, 59.0, , 1
Python, mandelbrot, -1,  5529.04, 3673.10, 3638.33, 0.00, 57.61, 114515, 456393, 970, 58.8, , 1
Python, mandelbrot, -1,  5541.73, 3691.32, 3656.43, 0.00, 57.75, 114813, 457451, 1131, 58.5, , 1
Python, mandelbrot, -1,  5578.00, 3716.29, 3681.24, 0.00, 58.02, 115333, 459602, 1012, 57.5, , 1
Python, mandelbrot, -1,  5483.01, 3641.13, 3606.39, 0.00, 57.43, 114177, 455013, 1040, 58.0, , 1
Python, mandelbrot, -1,  5543.99, 3696.72, 3661.90, 0.00, 57.63, 114580, 456582, 1002, 57.5, , 1
Python, mandelbrot, -1,  5517.36, 3689.36, 3654.54, 0.00, 57.63, 114571, 456384, 1112, 58.8, , 1
Python, n-body, -1,  5293.97, 2678.87, 2608.46, 0.00, 117.41, 233634, 233625, 3, 47.0, , 1
Python, n-body, -1,  5288.34, 2656.08, 2585.70, 0.00, 117.34, 233496, 233489, 2, 47.0, , 1
Python, n-body, -1,  5273.16, 2659.73, 2589.48, 0.00, 117.16, 233127, 233123, 0, 47.0, , 1
Python, n-body, -1,  5511.47, 2790.14, 2716.45, 0.00, 122.79, 244240, 244239, 4, 47.5, , 1
Python, n-body, -1,  5291.59, 2678.14, 2607.41, 0.00, 117.93, 234658, 234657, 2, 46.0, , 1
Python, n-body, -1,  5376.09, 2727.95, 2655.91, 0.00, 119.83, 238458, 238456, 2, 48.0, , 1
Python, n-body, -1,  5257.96, 2653.18, 2582.98, 0.00, 117.07, 232950, 232944, 4, 47.0, , 1
Python, n-body, -1,  5251.54, 2639.57, 2569.36, 0.00, 117.12, 233066, 233062, 1, 47.5, , 1
Python, n-body, -1,  5210.76, 2618.68, 2548.76, 0.00, 116.48, 231776, 231773, 6, 47.2, , 1
Python, n-body, -1,  5280.47, 2648.43, 2578.00, 0.00, 117.46, 233737, 233735, 5, 47.0, , 1
Python, n-body, -1,  5282.62, 2645.73, 2575.00, 0.00, 117.90, 234616, 234617, 1, 47.8, , 1
Python, n-body, -1,  5498.26, 2743.50, 2669.74, 0.00, 123.07, 244911, 244907, 4, 47.8, , 1
Python, n-body, -1,  5405.51, 2715.91, 2643.58, 0.00, 120.82, 235064, 234999, 12, 47.8, , 1
Python, n-body, -1,  5419.89, 2711.26, 2638.61, 0.00, 121.20, 241200, 241178, 6, 46.8, , 1
Python, n-body, -1,  5320.15, 2662.07, 2590.95, 0.00, 118.69, 236168, 236157, 2, 47.8, , 1
Python, n-body, -1,  5252.55, 2625.43, 2555.21, 0.00, 117.05, 232892, 232883, 3, 47.0, , 1
Python, n-body, -1,  5280.28, 2656.41, 2585.84, 0.00, 117.36, 233541, 233533, 4, 48.2, , 1
Python, n-body, -1,  5318.03, 2684.99, 2614.19, 0.00, 118.05, 234919, 234913, 1, 46.8, , 1
Python, n-body, -1,  5323.68, 2662.76, 2591.80, 0.00, 118.33, 235469, 235472, 1, 46.5, , 1
Python, n-body, -1,  5243.04, 2623.09, 2552.82, 0.00, 117.15, 233126, 233123, 3, 47.2, , 1
Python, regex-redux, -1,  197.46, 110.70, 108.49, 0.00, 4.37, 7098, 12503, 452, 43.5, , 1
Python, regex-redux, -1,  197.76, 111.38, 109.18, 0.00, 4.37, 7099, 12470, 445, 43.5, , 1
Python, regex-redux, -1,  198.34, 110.39, 108.18, 0.00, 4.37, 7096, 12464, 461, 43.8, , 1
Python, regex-redux, -1,  197.34, 110.02, 107.80, 0.00, 4.38, 7099, 12437, 461, 44.2, , 1
Python, regex-redux, -1,  197.90, 110.54, 108.32, 0.00, 4.39, 7124, 12482, 429, 43.2, , 1
Python, regex-redux, -1,  196.62, 110.64, 108.43, 0.00, 4.38, 7119, 12487, 427, 43.5, , 1
Python, regex-redux, -1,  197.45, 110.33, 108.12, 0.00, 4.39, 7091, 12419, 486, 43.0, , 1
Python, regex-redux, -1,  197.54, 110.76, 108.54, 0.00, 4.39, 7107, 12447, 456, 43.8, , 1
Python, regex-redux, -1,  197.73, 110.51, 108.31, 0.00, 4.37, 7111, 12464, 451, 43.8, , 1
Python, regex-redux, -1,  197.38, 109.86, 107.64, 0.00, 4.39, 7117, 12425, 486, 43.2, , 1
Python, regex-redux, -1,  197.55, 110.07, 107.87, 0.00, 4.38, 7096, 12476, 435, 43.0, , 1
Python, regex-redux, -1,  197.02, 110.48, 108.27, 0.00, 4.38, 7102, 12445, 454, 43.5, , 1
Python, regex-redux, -1,  196.42, 110.12, 107.91, 0.00, 4.37, 7093, 12433, 455, 43.2, , 1
Python, regex-redux, -1,  196.48, 110.02, 107.81, 0.00, 4.38, 7103, 12460, 438, 43.0, , 1
Python, regex-redux, -1,  197.47, 110.42, 108.21, 0.00, 4.39, 7115, 12445, 471, 43.2, , 1
Python, regex-redux, -1,  197.60, 110.48, 108.26, 0.00, 4.38, 7106, 12455, 449, 42.8, , 1
Python, regex-redux, -1,  197.10, 110.62, 108.41, 0.00, 4.37, 7096, 12454, 461, 43.0, , 1
Python, regex-redux, -1,  198.75, 110.97, 108.75, 0.00, 4.40, 7133, 12466, 487, 43.5, , 1
Python, regex-redux, -1,  198.76, 109.99, 107.78, 0.00, 4.40, 7122, 12437, 487, 43.2, , 1
Python, regex-redux, -1,  197.51, 109.80, 107.59, 0.00, 4.38, 7104, 12467, 435, 43.5, , 1
Python, reverse-complement, -1,  36.54, 19.71, 19.26, 0.00, 1.07, 1366, 1619, 480, 42.8, , 1
Python, reverse-complement, -1,  36.49, 19.72, 19.28, 0.00, 1.06, 1357, 1640, 454, 42.5, , 1
Python, reverse-complement, -1,  36.50, 19.52, 19.08, 0.00, 1.07, 1360, 1651, 439, 43.0, , 1
Python, reverse-complement, -1,  36.51, 19.83, 19.38, 0.00, 1.07, 1362, 1665, 428, 43.0, , 1
Python, reverse-complement, -1,  36.38, 19.48, 19.04, 0.00, 1.07, 1358, 1626, 460, 42.5, , 1
Python, reverse-complement, -1,  36.49, 19.52, 19.08, 0.00, 1.07, 1362, 1647, 445, 42.8, , 1
Python, reverse-complement, -1,  36.38, 19.67, 19.23, 0.00, 1.07, 1361, 1599, 495, 42.5, , 1
Python, reverse-complement, -1,  36.50, 19.65, 19.21, 0.00, 1.07, 1358, 1658, 431, 43.0, , 1
Python, reverse-complement, -1,  36.50, 19.69, 19.25, 0.00, 1.06, 1357, 1628, 457, 42.2, , 1
Python, reverse-complement, -1,  36.32, 19.61, 19.16, 0.00, 1.07, 1359, 1665, 425, 42.2, , 1
Python, reverse-complement, -1,  36.53, 19.84, 19.39, 0.00, 1.07, 1362, 1667, 427, 42.5, , 1
Python, reverse-complement, -1,  36.48, 19.66, 19.22, 0.00, 1.07, 1364, 1647, 449, 42.5, , 1
Python, reverse-complement, -1,  36.19, 19.53, 19.09, 0.00, 1.06, 1355, 1608, 476, 42.2, , 1
Python, reverse-complement, -1,  36.32, 19.42, 18.97, 0.00, 1.07, 1361, 1623, 469, 42.0, , 1
Python, reverse-complement, -1,  36.49, 19.46, 19.02, 0.00, 1.07, 1357, 1664, 423, 42.5, , 1
Python, reverse-complement, -1,  36.67, 19.66, 19.22, 0.00, 1.07, 1362, 1648, 447, 42.2, , 1
Python, reverse-complement, -1,  36.14, 19.40, 18.96, 0.00, 1.07, 1354, 1631, 454, 42.0, , 1
Python, reverse-complement, -1,  36.47, 19.59, 19.14, 0.00, 1.07, 1359, 1667, 424, 42.5, , 1
Python, reverse-complement, -1,  36.25, 19.49, 19.05, 0.00, 1.07, 1355, 1620, 464, 42.5, , 1
Python, reverse-complement, -1,  36.59, 19.70, 19.26, 0.00, 1.07, 1359, 1631, 457, 42.8, , 1
Python, spectral-norm, -1,  3773.44, 2515.57, 2491.52, 0.00, 39.94, 79201, 315650, 129, 56.5, , 1
Python, spectral-norm, -1,  3798.17, 2527.12, 2502.90, 0.00, 40.21, 79735, 317828, 100, 56.5, , 1
Python, spectral-norm, -1,  3783.14, 2525.24, 2501.17, 0.00, 39.97, 79258, 315927, 121, 56.2, , 1
Python, spectral-norm, -1,  3809.56, 2531.51, 2507.29, 0.00, 40.22, 79742, 317788, 122, 56.5, , 1
Python, spectral-norm, -1,  3787.36, 2519.65, 2495.52, 0.00, 40.09, 79506, 316698, 123, 56.8, , 1
Python, spectral-norm, -1,  3810.68, 2537.68, 2513.60, 0.00, 39.99, 79284, 316009, 101, 56.2, , 1
Python, spectral-norm, -1,  3834.76, 2560.40, 2536.17, 0.00, 40.23, 79755, 317918, 121, 56.5, , 1
Python, spectral-norm, -1,  3802.54, 2536.32, 2512.23, 0.00, 40.00, 79297, 316009, 120, 56.2, , 1
Python, spectral-norm, -1,  3804.62, 2545.85, 2521.75, 0.00, 40.00, 79284, 315903, 101, 56.5, , 1
Python, spectral-norm, -1,  3817.11, 2548.57, 2524.35, 0.00, 40.25, 79753, 317803, 112, 56.2, , 1
Python, spectral-norm, -1,  3795.36, 2539.45, 2515.36, 0.00, 39.98, 79289, 315976, 129, 56.2, , 1
Python, spectral-norm, -1,  3798.99, 2532.68, 2508.47, 0.00, 40.22, 79740, 317778, 119, 56.0, , 1
Python, spectral-norm, -1,  3791.30, 2526.86, 2502.78, 0.00, 40.00, 79288, 316030, 114, 56.2, , 1
Python, spectral-norm, -1,  3815.27, 2539.10, 2514.97, 0.00, 40.05, 79410, 316354, 106, 56.8, , 1
Python, spectral-norm, -1,  3802.77, 2537.80, 2513.73, 0.00, 39.99, 79274, 315939, 108, 56.0, , 1
Python, spectral-norm, -1,  3810.87, 2538.45, 2514.24, 0.00, 40.21, 79732, 317765, 125, 56.5, , 1
Python, spectral-norm, -1,  3814.21, 2544.29, 2520.20, 0.00, 40.01, 79310, 316055, 110, 56.2, , 1
Python, spectral-norm, -1,  3811.57, 2534.21, 2509.91, 0.00, 40.20, 79699, 317685, 117, 56.2, , 1
Python, spectral-norm, -1,  3825.32, 2545.38, 2521.24, 0.00, 40.08, 79482, 316417, 109, 56.2, , 1
Python, spectral-norm, -1,  3814.05, 2536.35, 2512.05, 0.00, 40.38, 80028, 318638, 109, 56.2, , 1
C, binary-trees, 1,  58.73, 10.53, 9.13, 0.00, 3.15, 4515, 11865, 879, 39.5, , 1
C, binary-trees, 1,  58.01, 10.55, 9.20, 0.00, 3.09, 4394, 11694, 876, 40.0, , 1
C, binary-trees, 1,  57.19, 10.20, 8.83, 0.00, 3.10, 4396, 11652, 932, 39.8, , 1
C, binary-trees, 1,  58.08, 10.35, 8.97, 0.00, 3.11, 4450, 11703, 934, 39.8, , 1
C, binary-trees, 1,  57.77, 10.24, 8.88, 0.00, 3.08, 4415, 11708, 908, 39.2, , 1
C, binary-trees, 1,  56.48, 10.19, 8.86, 0.00, 3.04, 4324, 11674, 879, 39.5, , 1
C, binary-trees, 1,  57.47, 10.24, 8.89, 0.00, 3.07, 4376, 11707, 885, 39.2, , 1
C, binary-trees, 1,  57.47, 10.08, 8.72, 0.00, 3.09, 4401, 11669, 897, 39.2, , 1
C, binary-trees, 1,  57.23, 10.03, 8.67, 0.00, 3.08, 4384, 11659, 924, 39.0, , 1
C, binary-trees, 1,  57.78, 10.14, 8.77, 0.00, 3.09, 4427, 11668, 946, 39.2, , 1
C, binary-trees, 1,  58.99, 10.25, 8.84, 0.00, 3.15, 4538, 11810, 920, 39.0, , 1
C, binary-trees, 1,  65.09, 11.05, 9.48, 0.00, 3.44, 5113, 12365, 932, 39.2, , 1
C, binary-trees, 1,  58.08, 10.24, 8.86, 0.00, 3.10, 4448, 11687, 958, 38.8, , 1
C, binary-trees, 1,  58.32, 10.51, 9.12, 0.00, 3.12, 4457, 11654, 937, 39.0, , 1
C, binary-trees, 1,  57.53, 10.48, 9.12, 0.00, 3.09, 4401, 11639, 937, 39.2, , 1
C, binary-trees, 1,  58.31, 10.51, 9.14, 0.00, 3.11, 4444, 11752, 914, 39.0, , 1
C, binary-trees, 1,  57.40, 10.40, 9.04, 0.00, 3.09, 4411, 11666, 942, 39.0, , 1
C, binary-trees, 1,  58.02, 10.21, 8.83, 0.00, 3.12, 4412, 11698, 925, 38.8, , 1
C, binary-trees, 1,  58.91, 10.32, 8.92, 0.00, 3.16, 4537, 11782, 922, 39.2, , 1
C, binary-trees, 1,  57.50, 10.28, 8.91, 0.00, 3.09, 4421, 11665, 919, 39.2, , 1
C, fannkuch-redux, 1,  114.10, 22.64, 19.98, 0.00, 4.49, 8922, 35373, 4, 39.2, , 1
C, fannkuch-redux, 1,  113.44, 22.50, 19.82, 0.00, 4.49, 8918, 35371, 3, 39.0, , 1
C, fannkuch-redux, 1,  113.91, 22.55, 19.87, 0.00, 4.49, 8921, 35374, 4, 39.2, , 1
C, fannkuch-redux, 1,  113.63, 22.45, 19.79, 0.00, 4.49, 8920, 35376, 2, 39.5, , 1
C, fannkuch-redux, 1,  113.75, 22.60, 19.95, 0.00, 4.49, 8916, 35373, 4, 39.2, , 1
C, fannkuch-redux, 1,  114.13, 22.46, 19.82, 0.00, 4.48, 8912, 35369, 4, 38.8, , 1
C, fannkuch-redux, 1,  114.25, 22.54, 19.89, 0.00, 4.50, 8944, 35373, 3, 39.2, , 1
C, fannkuch-redux, 1,  113.95, 22.58, 19.94, 0.00, 4.49, 8925, 35378, 2, 39.0, , 1
C, fannkuch-redux, 1,  114.03, 22.32, 19.67, 0.00, 4.48, 8913, 35373, 4, 39.0, , 1
C, fannkuch-redux, 1,  113.70, 22.48, 19.84, 0.00, 4.49, 8917, 35376, 2, 39.0, , 1
C, fannkuch-redux, 1,  113.67, 22.15, 19.48, 0.00, 4.49, 8926, 35371, 5, 38.8, , 1
C, fannkuch-redux, 1,  113.59, 22.43, 19.76, 0.00, 4.48, 8913, 35372, 5, 39.0, , 1
C, fannkuch-redux, 1,  113.68, 22.51, 19.85, 0.00, 4.49, 8931, 35375, 2, 39.0, , 1
C, fannkuch-redux, 1,  113.37, 22.71, 20.07, 0.00, 4.48, 8911, 35372, 5, 38.8, , 1
C, fannkuch-redux, 1,  114.20, 22.72, 20.06, 0.00, 4.49, 8915, 35375, 4, 38.8, , 1
C, fannkuch-redux, 1,  113.70, 22.74, 20.09, 0.00, 4.49, 8918, 35372, 2, 39.0, , 1
C, fannkuch-redux, 1,  113.92, 22.89, 20.24, 0.00, 4.49, 8912, 35372, 4, 39.0, , 1
C, fannkuch-redux, 1,  113.88, 22.88, 20.22, 0.00, 4.49, 8919, 35372, 5, 38.8, , 1
C, fannkuch-redux, 1,  113.54, 22.64, 19.98, 0.00, 4.49, 8915, 35372, 4, 39.0, , 1
C, fannkuch-redux, 1,  113.44, 22.45, 19.82, 0.00, 4.49, 8918, 35366, 6, 39.0, , 1
C, fasta, 1,  33.82, 2.36, 1.42, 0.00, 1.59, 3158, 3038, 120, 38.5, , 1
C, fasta, 1,  33.87, 2.25, 1.32, 0.00, 1.59, 3159, 3101, 57, 38.8, , 1
C, fasta, 1,  33.74, 2.25, 1.32, 0.00, 1.59, 3159, 3109, 50, 38.8, , 1
C, fasta, 1,  33.69, 2.33, 1.40, 0.00, 1.59, 3157, 3079, 78, 38.5, , 1
C, fasta, 1,  33.71, 2.38, 1.45, 0.00, 1.59, 3160, 3093, 65, 38.8, , 1
C, fasta, 1,  28.30, 2.29, 1.51, 0.00, 1.33, 2626, 2567, 58, 38.8, , 1
C, fasta, 1,  26.66, 2.29, 1.56, 0.00, 1.24, 2463, 2406, 57, 38.8, , 1
C, fasta, 1,  26.04, 2.25, 1.55, 0.00, 1.20, 2387, 2336, 51, 38.2, , 1
C, fasta, 1,  28.07, 2.46, 1.71, 0.00, 1.30, 2569, 2481, 88, 38.8, , 1
C, fasta, 1,  29.49, 2.55, 1.75, 0.00, 1.36, 2706, 2641, 64, 38.5, , 1
C, fasta, 1,  30.95, 2.75, 1.90, 0.00, 1.46, 2888, 2826, 60, 38.5, , 1
C, fasta, 1,  29.04, 2.43, 1.63, 0.00, 1.36, 2692, 2646, 45, 38.8, , 1
C, fasta, 1,  27.82, 2.34, 1.58, 0.00, 1.29, 2556, 2512, 44, 38.8, , 1
C, fasta, 1,  27.23, 2.33, 1.60, 0.00, 1.24, 2465, 2415, 50, 38.8, , 1
C, fasta, 1,  27.37, 2.38, 1.63, 0.00, 1.28, 2534, 2458, 75, 38.8, , 1
C, fasta, 1,  27.78, 2.30, 1.56, 0.00, 1.25, 2490, 2441, 49, 38.5, , 1
C, fasta, 1,  25.93, 2.22, 1.52, 0.00, 1.18, 2338, 2284, 54, 38.8, , 1
C, fasta, 1,  26.93, 2.28, 1.55, 0.00, 1.24, 2454, 2397, 56, 38.5, , 1
C, fasta, 1,  28.15, 2.50, 1.73, 0.00, 1.31, 2599, 2543, 55, 38.5, , 1
C, fasta, 1,  27.54, 2.33, 1.57, 0.00, 1.29, 2551, 2493, 58, 38.5, , 1
C, k-nucleotide, 1,  151.52, 30.46, 27.16, 0.00, 8.88, 11179, 37202, 449, 38.8, , 1
C, k-nucleotide, 1,  152.81, 30.91, 27.63, 0.00, 8.77, 11200, 37210, 382, 38.8, , 1
C, k-nucleotide, 1,  152.96, 30.49, 27.18, 0.00, 9.06, 11194, 37205, 406, 38.8, , 1
C, k-nucleotide, 1,  153.68, 30.87, 27.56, 0.00, 8.88, 11256, 37311, 396, 38.5, , 1
C, k-nucleotide, 1,  153.39, 30.71, 27.38, 0.00, 9.03, 11264, 37465, 396, 38.8, , 1
C, k-nucleotide, 1,  155.64, 30.81, 27.45, 0.00, 9.49, 11214, 37502, 466, 38.8, , 1
C, k-nucleotide, 1,  153.31, 30.60, 27.29, 0.00, 8.73, 11244, 37255, 431, 38.8, , 1
C, k-nucleotide, 1,  152.72, 30.22, 26.92, 0.00, 8.56, 11217, 37104, 426, 38.8, , 1
C, k-nucleotide, 1,  153.22, 30.12, 26.80, 0.00, 8.88, 11186, 37196, 486, 38.8, , 1
C, k-nucleotide, 1,  154.19, 30.19, 26.84, 0.00, 9.07, 11258, 37318, 394, 38.8, , 1
C, k-nucleotide, 1,  153.41, 29.94, 26.60, 0.00, 9.20, 11162, 37051, 483, 38.8, , 1
C, k-nucleotide, 1,  155.70, 30.82, 27.41, 0.00, 9.66, 11258, 37717, 372, 39.0, , 1
C, k-nucleotide, 1,  155.38, 30.94, 27.54, 0.00, 9.58, 11268, 37913, 439, 39.2, , 1
C, k-nucleotide, 1,  153.94, 30.30, 26.92, 0.00, 9.40, 11245, 37684, 384, 38.8, , 1
C, k-nucleotide, 1,  154.66, 30.65, 27.22, 0.00, 9.85, 11259, 37731, 443, 39.0, , 1
C, k-nucleotide, 1,  151.61, 30.26, 26.95, 0.00, 8.82, 11173, 37188, 395, 38.8, , 1
C, k-nucleotide, 1,  151.79, 30.32, 27.03, 0.00, 8.52, 11200, 37032, 502, 39.0, , 1
C, k-nucleotide, 1,  154.07, 30.69, 27.32, 0.00, 9.14, 11303, 37738, 482, 38.8, , 1
C, k-nucleotide, 1,  152.24, 30.21, 26.89, 0.00, 8.84, 11232, 37374, 468, 39.0, , 1
C, k-nucleotide, 1,  151.80, 30.51, 27.23, 0.00, 8.70, 11201, 37172, 411, 38.8, , 1
C, mandelbrot, 1,  54.63, 10.81, 9.50, 0.00, 2.17, 4283, 17038, 54, 38.8, , 1
C, mandelbrot, 1,  54.46, 10.79, 9.48, 0.00, 2.16, 4280, 17026, 66, 39.0, , 1
C, mandelbrot, 1,  54.58, 10.75, 9.44, 0.00, 2.17, 4288, 17027, 62, 38.8, , 1
C, mandelbrot, 1,  54.56, 10.71, 9.41, 0.00, 2.16, 4282, 17028, 57, 39.2, , 1
C, mandelbrot, 1,  54.29, 10.65, 9.35, 0.00, 2.16, 4278, 17027, 60, 38.8, , 1
C, mandelbrot, 1,  54.65, 10.59, 9.29, 0.00, 2.16, 4281, 17033, 60, 38.8, , 1
C, mandelbrot, 1,  54.77, 10.33, 9.04, 0.00, 2.16, 4280, 17016, 68, 39.2, , 1
C, mandelbrot, 1,  54.65, 10.48, 9.18, 0.00, 2.16, 4280, 17049, 45, 39.0, , 1
C, mandelbrot, 1,  54.86, 10.69, 9.39, 0.00, 2.17, 4286, 17035, 60, 39.0, , 1
C, mandelbrot, 1,  54.39, 10.41, 9.11, 0.00, 2.16, 4283, 17030, 71, 38.5, , 1
C, mandelbrot, 1,  54.69, 10.34, 9.05, 0.00, 2.16, 4282, 17033, 65, 39.0, , 1
C, mandelbrot, 1,  54.41, 10.50, 9.21, 0.00, 2.16, 4280, 17012, 81, 39.0, , 1
C, mandelbrot, 1,  54.50, 10.85, 9.53, 0.00, 2.17, 4287, 17038, 60, 38.8, , 1
C, mandelbrot, 1,  54.34, 10.80, 9.49, 0.00, 2.16, 4277, 17017, 65, 38.5, , 1
C, mandelbrot, 1,  54.71, 10.77, 9.46, 0.00, 2.17, 4285, 17032, 64, 38.8, , 1
C, mandelbrot, 1,  54.45, 10.80, 9.49, 0.00, 2.16, 4282, 17016, 68, 38.5, , 1
C, mandelbrot, 1,  54.72, 10.87, 9.56, 0.00, 2.16, 4279, 17029, 59, 38.8, , 1
C, mandelbrot, 1,  54.46, 10.96, 9.64, 0.00, 2.16, 4277, 17026, 55, 38.5, , 1
C, mandelbrot, 1,  54.84, 10.97, 9.65, 0.00, 2.16, 4277, 17016, 65, 38.8, , 1
C, mandelbrot, 1,  54.49, 10.96, 9.64, 0.00, 2.17, 4285, 17037, 56, 39.0, , 1
C, n-body, 1,  88.76, 7.60, 5.17, 0.00, 4.14, 8220, 8216, 2, 38.2, , 1
C, n-body, 1,  87.96, 7.74, 5.33, 0.00, 4.14, 8220, 8219, 1, 38.5, , 1
C, n-body, 1,  89.24, 7.65, 5.22, 0.00, 4.14, 8220, 8217, 3, 38.2, , 1
C, n-body, 1,  89.21, 7.68, 5.26, 0.00, 4.14, 8220, 8218, 1, 38.2, , 1
C, n-body, 1,  88.03, 8.04, 5.63, 0.00, 4.14, 8220, 8217, 1, 38.0, , 1
C, n-body, 1,  87.88, 8.00, 5.60, 0.00, 4.14, 8220, 8217, 2, 38.0, , 1
C, n-body, 1,  88.22, 8.03, 5.62, 0.00, 4.14, 8221, 8217, 3, 38.0, , 1
C, n-body, 1,  88.53, 7.98, 5.58, 0.00, 4.14, 8220, 8216, 3, 38.5, , 1
C, n-body, 1,  87.91, 7.92, 5.52, 0.00, 4.14, 8220, 8216, 2, 38.0, , 1
C, n-body, 1,  88.91, 8.14, 5.73, 0.00, 4.14, 8220, 8217, 3, 38.0, , 1
C, n-body, 1,  88.05, 7.89, 5.49, 0.00, 4.14, 8220, 8216, 3, 38.0, , 1
C, n-body, 1,  88.80, 8.08, 5.66, 0.00, 4.14, 8220, 8217, 3, 37.8, , 1
C, n-body, 1,  88.18, 7.81, 5.40, 0.00, 4.14, 8221, 8216, 3, 38.0, , 1
C, n-body, 1,  88.77, 7.87, 5.46, 0.00, 4.14, 8220, 8217, 2, 37.8, , 1
C, n-body, 1,  88.13, 7.83, 5.42, 0.00, 4.14, 8220, 8216, 3, 38.0, , 1
C, n-body, 1,  88.49, 7.68, 5.26, 0.00, 4.14, 8220, 8215, 4, 37.5, , 1
C, n-body, 1,  88.08, 7.76, 5.34, 0.00, 4.14, 8221, 8217, 2, 38.0, , 1
C, n-body, 1,  88.82, 7.96, 5.55, 0.00, 4.14, 8220, 8216, 3, 38.0, , 1
C, n-body, 1,  88.28, 7.85, 5.45, 0.00, 4.14, 8220, 8218, 2, 37.5, , 1
C, n-body, 1,  89.42, 7.75, 5.31, 0.00, 4.14, 8220, 8217, 3, 38.0, , 1
C, regex-redux, 1,  38.29, 6.43, 5.50, 0.00, 1.87, 3131, 7941, 341, 38.0, , 1
C, regex-redux, 1,  38.74, 6.44, 5.51, 0.00, 1.87, 3119, 7931, 340, 38.0, , 1
C, regex-redux, 1,  38.52, 6.32, 5.39, 0.00, 1.86, 3121, 7935, 307, 37.8, , 1
C, regex-redux, 1,  38.46, 6.26, 5.33, 0.00, 1.86, 3116, 7900, 338, 37.8, , 1
C, regex-redux, 1,  38.50, 6.36, 5.43, 0.00, 1.86, 3123, 7890, 356, 38.2, , 1
C, regex-redux, 1,  38.47, 6.24, 5.31, 0.00, 1.86, 3121, 7941, 304, 38.0, , 1
C, regex-redux, 1,  38.73, 6.21, 5.27, 0.00, 1.87, 3135, 7887, 365, 38.2, , 1
C, regex-redux, 1,  38.64, 6.28, 5.35, 0.00, 1.86, 3118, 7913, 327, 38.0, , 1
C, regex-redux, 1,  38.62, 6.36, 5.42, 0.00, 1.86, 3125, 7888, 360, 37.5, , 1
C, regex-redux, 1,  38.93, 6.30, 5.37, 0.00, 1.86, 3122, 7927, 320, 38.2, , 1
C, regex-redux, 1,  39.08, 6.50, 5.56, 0.00, 1.86, 3132, 7894, 366, 37.8, , 1
C, regex-redux, 1,  38.75, 6.48, 5.55, 0.00, 1.87, 3135, 7935, 326, 38.5, , 1
C, regex-redux, 1,  38.90, 6.46, 5.52, 0.00, 1.87, 3138, 7942, 342, 38.2, , 1
C, regex-redux, 1,  38.58, 6.33, 5.40, 0.00, 1.86, 3120, 7900, 343, 38.5, , 1
C, regex-redux, 1,  38.77, 6.48, 5.55, 0.00, 1.87, 3136, 7910, 332, 37.8, , 1
C, regex-redux, 1,  38.45, 6.35, 5.42, 0.00, 1.86, 3122, 7916, 329, 38.0, , 1
C, regex-redux, 1,  38.61, 6.41, 5.48, 0.00, 1.86, 3118, 7959, 312, 38.5, , 1
C, regex-redux, 1,  38.53, 6.42, 5.49, 0.00, 1.86, 3121, 7889, 354, 38.2, , 1
C, regex-redux, 1,  38.45, 6.37, 5.44, 0.00, 1.86, 3124, 7931, 345, 38.0, , 1
C, regex-redux, 1,  38.72, 6.41, 5.48, 0.00, 1.86, 3122, 7927, 318, 38.0, , 1
C, reverse-complement, 1,  4.28, 0.48, 0.36, 0.00, 0.30, 355, 179, 288, 37.8, , 1
C, reverse-complement, 1,  4.29, 0.48, 0.36, 0.00, 0.30, 354, 171, 296, 37.8, , 1
C, reverse-complement, 1,  4.26, 0.47, 0.36, 0.00, 0.30, 351, 181, 283, 38.0, , 1
C, reverse-complement, 1,  4.27, 0.48, 0.36, 0.00, 0.30, 354, 173, 292, 38.0, , 1
C, reverse-complement, 1,  4.23, 0.48, 0.37, 0.00, 0.29, 350, 169, 293, 38.0, , 1
C, reverse-complement, 1,  4.27, 0.48, 0.37, 0.00, 0.30, 353, 170, 296, 37.8, , 1
C, reverse-complement, 1,  4.28, 0.47, 0.36, 0.00, 0.29, 350, 167, 296, 37.8, , 1
C, reverse-complement, 1,  4.29, 0.48, 0.36, 0.00, 0.30, 354, 176, 292, 37.8, , 1
C, reverse-complement, 1,  4.27, 0.48, 0.37, 0.00, 0.30, 352, 171, 294, 38.0, , 1
C, reverse-complement, 1,  4.42, 0.47, 0.36, 0.00, 0.30, 356, 169, 300, 38.0, , 1
C, reverse-complement, 1,  4.26, 0.48, 0.36, 0.00, 0.30, 352, 167, 298, 38.0, , 1
C, reverse-complement, 1,  4.27, 0.47, 0.35, 0.00, 0.30, 351, 167, 296, 37.8, , 1
C, reverse-complement, 1,  4.30, 0.47, 0.35, 0.00, 0.29, 351, 164, 301, 37.8, , 1
C, reverse-complement, 1,  4.27, 0.47, 0.36, 0.00, 0.29, 350, 168, 295, 37.8, , 1
C, reverse-complement, 1,  4.28, 0.47, 0.35, 0.00, 0.30, 351, 165, 300, 38.2, , 1
C, reverse-complement, 1,  4.30, 0.47, 0.35, 0.00, 0.30, 354, 165, 303, 38.2, , 1
C, reverse-complement, 1,  4.29, 0.46, 0.34, 0.00, 0.30, 354, 173, 293, 38.2, , 1
C, reverse-complement, 1,  4.31, 0.48, 0.36, 0.00, 0.30, 354, 164, 303, 38.2, , 1
C, reverse-complement, 1,  4.26, 0.47, 0.35, 0.00, 0.30, 353, 172, 292, 38.2, , 1
C, reverse-complement, 1,  4.24, 0.47, 0.36, 0.00, 0.30, 349, 163, 300, 38.2, , 1
C, spectral-norm, 1,  18.02, 3.86, 3.44, 0.00, 0.70, 1386, 5522, 3, 38.2, , 1
C, spectral-norm, 1,  18.21, 3.86, 3.45, 0.00, 0.70, 1384, 5515, 3, 38.2, , 1
C, spectral-norm, 1,  18.10, 3.83, 3.42, 0.00, 0.70, 1386, 5523, 4, 38.5, , 1
C, spectral-norm, 1,  18.23, 3.83, 3.42, 0.00, 0.70, 1384, 5517, 2, 38.2, , 1
C, spectral-norm, 1,  18.13, 3.74, 3.32, 0.00, 0.70, 1386, 5524, 1, 38.0, , 1
C, spectral-norm, 1,  18.38, 3.75, 3.33, 0.00, 0.70, 1395, 5549, 3, 38.5, , 1
C, spectral-norm, 1,  18.11, 3.81, 3.40, 0.00, 0.70, 1385, 5520, 3, 38.2, , 1
C, spectral-norm, 1,  18.30, 3.74, 3.32, 0.00, 0.70, 1387, 5527, 3, 38.5, , 1
C, spectral-norm, 1,  18.20, 3.80, 3.39, 0.00, 0.70, 1387, 5522, 8, 38.5, , 1
C, spectral-norm, 1,  17.96, 3.78, 3.37, 0.00, 0.70, 1384, 5520, 2, 38.5, , 1
C, spectral-norm, 1,  18.38, 3.77, 3.35, 0.00, 0.70, 1389, 5522, 11, 38.2, , 1
C, spectral-norm, 1,  18.30, 3.79, 3.37, 0.00, 0.71, 1403, 5575, 1, 38.0, , 1
C, spectral-norm, 1,  18.20, 3.79, 3.38, 0.00, 0.70, 1385, 5519, 4, 38.5, , 1
C, spectral-norm, 1,  18.33, 3.80, 3.38, 0.00, 0.71, 1401, 5572, 0, 38.5, , 1
C, spectral-norm, 1,  18.24, 3.85, 3.43, 0.00, 0.70, 1386, 5523, 3, 38.8, , 1
C, spectral-norm, 1,  18.30, 3.84, 3.43, 0.00, 0.70, 1384, 5516, 3, 38.2, , 1
C, spectral-norm, 1,  18.32, 3.82, 3.41, 0.00, 0.70, 1384, 5521, 1, 38.2, , 1
C, spectral-norm, 1,  18.52, 3.85, 3.44, 0.00, 0.70, 1386, 5524, 3, 38.5, , 1
C, spectral-norm, 1,  18.27, 3.85, 3.44, 0.00, 0.70, 1385, 5519, 3, 38.0, , 1
C, spectral-norm, 1,  18.21, 3.85, 3.44, 0.00, 0.70, 1389, 5532, 1, 38.2, , 1
C++, binary-trees, 1,  46.76, 9.54, 8.44, 0.00, 2.56, 3479, 11162, 584, 38.5, , 1
C++, binary-trees, 1,  47.58, 9.60, 8.49, 0.00, 2.58, 3505, 11216, 563, 38.5, , 1
C++, binary-trees, 1,  48.98, 9.77, 8.58, 0.00, 2.77, 3611, 11524, 749, 38.2, , 1
C++, binary-trees, 1,  47.02, 9.47, 8.37, 0.00, 2.54, 3456, 11162, 520, 38.2, , 1
C++, binary-trees, 1,  46.22, 9.58, 8.49, 0.00, 2.54, 3404, 11172, 455, 38.5, , 1
C++, binary-trees, 1,  47.66, 9.86, 8.73, 0.00, 2.66, 3530, 11291, 640, 38.5, , 1
C++, binary-trees, 1,  48.12, 9.80, 8.65, 0.00, 2.71, 3523, 11329, 679, 38.8, , 1
C++, binary-trees, 1,  47.46, 9.65, 8.52, 0.00, 2.64, 3497, 11204, 559, 38.0, , 1
C++, binary-trees, 1,  48.78, 9.89, 8.72, 0.00, 2.72, 3593, 11553, 772, 38.5, , 1
C++, binary-trees, 1,  47.15, 9.48, 8.34, 0.00, 2.67, 3461, 11220, 559, 38.5, , 1
C++, binary-trees, 1,  46.72, 9.50, 8.35, 0.00, 2.60, 3451, 11124, 532, 38.8, , 1
C++, binary-trees, 1,  46.82, 9.56, 8.45, 0.00, 2.55, 3482, 11214, 542, 38.8, , 1
C++, binary-trees, 1,  48.38, 9.82, 8.69, 0.00, 2.59, 3562, 11271, 559, 38.2, , 1
C++, binary-trees, 1,  47.75, 9.54, 8.40, 0.00, 2.68, 3503, 11234, 603, 38.2, , 1
C++, binary-trees, 1,  46.07, 9.38, 8.32, 0.00, 2.56, 3374, 11121, 389, 38.5, , 1
C++, binary-trees, 1,  46.80, 9.40, 8.29, 0.00, 2.54, 3466, 11199, 544, 38.5, , 1
C++, binary-trees, 1,  47.21, 9.43, 8.27, 0.00, 2.68, 3482, 11223, 574, 38.5, , 1
C++, binary-trees, 1,  45.68, 9.32, 8.24, 0.00, 2.53, 3373, 11068, 439, 38.5, , 1
C++, binary-trees, 1,  46.13, 9.50, 8.41, 0.00, 2.53, 3436, 11068, 502, 38.2, , 1
C++, binary-trees, 1,  47.33, 9.55, 8.40, 0.00, 2.68, 3492, 11204, 601, 38.8, , 1
C++, fannkuch-redux, 1,  201.27, 36.80, 31.92, 0.00, 8.07, 16015, 63450, 8, 38.2, , 1
C++, fannkuch-redux, 1,  199.64, 37.25, 32.34, 0.00, 8.04, 15975, 63330, 8, 38.5, , 1
C++, fannkuch-redux, 1,  201.02, 37.31, 32.39, 0.00, 8.05, 15975, 63358, 5, 38.2, , 1
C++, fannkuch-redux, 1,  201.06, 37.44, 32.55, 0.00, 8.04, 15975, 63359, 9, 38.2, , 1
C++, fannkuch-redux, 1,  202.38, 37.62, 32.72, 0.00, 8.05, 15986, 63381, 3, 38.2, , 1
C++, fannkuch-redux, 1,  201.32, 37.53, 32.64, 0.00, 8.04, 15976, 63338, 9, 38.2, , 1
C++, fannkuch-redux, 1,  201.36, 36.93, 32.05, 0.00, 8.04, 15985, 63393, 1, 38.5, , 1
C++, fannkuch-redux, 1,  200.92, 37.92, 33.06, 0.00, 8.05, 15990, 63390, 3, 38.5, , 1
C++, fannkuch-redux, 1,  201.62, 37.42, 32.51, 0.00, 8.04, 15977, 63343, 7, 38.2, , 1
C++, fannkuch-redux, 1,  201.63, 37.19, 32.28, 0.00, 8.06, 16004, 63390, 8, 38.2, , 1
C++, fannkuch-redux, 1,  201.05, 36.77, 31.90, 0.00, 8.04, 15964, 63335, 7, 38.0, , 1
C++, fannkuch-redux, 1,  200.78, 37.15, 32.29, 0.00, 8.05, 15989, 63388, 6, 38.8, , 1
C++, fannkuch-redux, 1,  201.53, 38.03, 33.19, 0.00, 8.05, 15982, 63344, 6, 38.5, , 1
C++, fannkuch-redux, 1,  201.23, 37.91, 33.05, 0.00, 8.05, 15983, 63400, 5, 38.8, , 1
C++, fannkuch-redux, 1,  201.67, 37.68, 32.85, 0.00, 8.05, 15992, 63424, 6, 38.0, , 1
C++, fannkuch-redux, 1,  202.48, 37.12, 32.26, 0.00, 8.07, 16014, 63386, 3, 38.5, , 1
C++, fannkuch-redux, 1,  201.67, 36.95, 32.10, 0.00, 8.05, 15985, 63394, 5, 38.2, , 1
C++, fannkuch-redux, 1,  202.52, 36.97, 32.08, 0.00, 8.07, 16028, 63436, 7, 38.5, , 1
C++, fannkuch-redux, 1,  202.80, 36.72, 31.83, 0.00, 8.07, 16021, 63450, 11, 38.0, , 1
C++, fannkuch-redux, 1,  201.45, 37.07, 32.19, 0.00, 8.05, 15986, 63425, 5, 38.2, , 1
C++, fasta, 1,  34.18, 3.74, 2.82, 0.00, 1.54, 3065, 6075, 28, 38.5, , 1
C++, fasta, 1,  34.72, 3.64, 2.72, 0.00, 1.55, 3067, 6073, 31, 38.2, , 1
C++, fasta, 1,  34.97, 3.69, 2.77, 0.00, 1.55, 3065, 6077, 26, 38.2, , 1
C++, fasta, 1,  34.72, 3.61, 2.69, 0.00, 1.55, 3066, 6078, 25, 38.5, , 1
C++, fasta, 1,  34.63, 3.63, 2.71, 0.00, 1.54, 3065, 6072, 31, 38.0, , 1
C++, fasta, 1,  34.64, 3.63, 2.71, 0.00, 1.54, 3065, 6064, 38, 38.2, , 1
C++, fasta, 1,  34.58, 3.53, 2.61, 0.00, 1.54, 3065, 6079, 24, 38.5, , 1
C++, fasta, 1,  34.47, 3.52, 2.59, 0.00, 1.55, 3066, 6081, 23, 38.0, , 1
C++, fasta, 1,  34.74, 3.55, 2.62, 0.00, 1.55, 3065, 6070, 33, 38.0, , 1
C++, fasta, 1,  35.23, 3.53, 2.61, 0.00, 1.55, 3066, 6077, 28, 37.8, , 1
C++, fasta, 1,  35.41, 3.44, 2.52, 0.00, 1.55, 3067, 6081, 25, 38.0, , 1
C++, fasta, 1,  34.73, 3.49, 2.57, 0.00, 1.55, 3065, 6068, 36, 38.2, , 1
C++, fasta, 1,  34.93, 3.46, 2.54, 0.00, 1.55, 3067, 6073, 32, 38.0, , 1
C++, fasta, 1,  34.73, 3.41, 2.49, 0.00, 1.55, 3066, 6085, 18, 37.8, , 1
C++, fasta, 1,  34.64, 3.58, 2.66, 0.00, 1.55, 3065, 6077, 26, 38.0, , 1
C++, fasta, 1,  34.53, 3.60, 2.68, 0.00, 1.55, 3065, 6069, 33, 38.0, , 1
C++, fasta, 1,  34.65, 3.70, 2.78, 0.00, 1.54, 3066, 6076, 28, 37.8, , 1
C++, fasta, 1,  34.70, 3.65, 2.73, 0.00, 1.55, 3066, 6071, 33, 38.5, , 1
C++, fasta, 1,  34.72, 3.58, 2.66, 0.00, 1.55, 3065, 6082, 20, 37.8, , 1
C++, fasta, 1,  34.58, 3.55, 2.63, 0.00, 1.55, 3066, 6079, 26, 38.5, , 1
C++, k-nucleotide, 1,  84.08, 13.82, 11.55, 0.00, 6.56, 6255, 17650, 662, 38.0, , 1
C++, k-nucleotide, 1,  85.99, 14.07, 11.76, 0.00, 6.72, 6430, 17943, 636, 38.2, , 1
C++, k-nucleotide, 1,  83.81, 13.83, 11.57, 0.00, 6.56, 6241, 17559, 670, 38.5, , 1
C++, k-nucleotide, 1,  84.22, 13.69, 11.43, 0.00, 6.55, 6238, 17595, 693, 37.8, , 1
C++, k-nucleotide, 1,  86.60, 14.03, 11.74, 0.00, 6.70, 6317, 17881, 664, 38.0, , 1
C++, k-nucleotide, 1,  84.84, 13.93, 11.67, 0.00, 6.55, 6241, 17623, 646, 38.2, , 1
C++, k-nucleotide, 1,  84.62, 13.92, 11.65, 0.00, 6.59, 6274, 17696, 691, 38.5, , 1
C++, k-nucleotide, 1,  85.25, 13.98, 11.70, 0.00, 6.60, 6301, 17566, 701, 38.0, , 1
C++, k-nucleotide, 1,  84.44, 13.94, 11.68, 0.00, 6.55, 6249, 17557, 709, 38.2, , 1
C++, k-nucleotide, 1,  84.96, 13.80, 11.54, 0.00, 6.61, 6241, 17659, 659, 38.5, , 1
C++, k-nucleotide, 1,  84.71, 13.99, 11.71, 0.00, 6.66, 6290, 17756, 655, 37.8, , 1
C++, k-nucleotide, 1,  83.85, 13.90, 11.66, 0.00, 6.49, 6219, 17554, 670, 38.2, , 1
C++, k-nucleotide, 1,  84.67, 13.97, 11.70, 0.00, 6.66, 6268, 17730, 632, 38.2, , 1
C++, k-nucleotide, 1,  84.49, 13.87, 11.60, 0.00, 6.57, 6255, 17710, 686, 38.8, , 1
C++, k-nucleotide, 1,  84.38, 13.83, 11.56, 0.00, 6.57, 6265, 17643, 647, 38.2, , 1
C++, k-nucleotide, 1,  84.84, 13.91, 11.64, 0.00, 6.59, 6279, 17655, 677, 38.0, , 1
C++, k-nucleotide, 1,  84.36, 13.84, 11.56, 0.00, 6.61, 6255, 17652, 687, 38.0, , 1
C++, k-nucleotide, 1,  84.73, 13.77, 11.50, 0.00, 6.60, 6260, 17685, 641, 38.2, , 1
C++, k-nucleotide, 1,  83.99, 13.66, 11.41, 0.00, 6.46, 6211, 17485, 685, 38.5, , 1
C++, k-nucleotide, 1,  85.02, 13.88, 11.61, 0.00, 6.57, 6271, 17711, 656, 38.5, , 1
C++, mandelbrot, 1,  43.08, 8.21, 7.20, 0.00, 1.71, 3361, 13091, 60, 38.5, , 1
C++, mandelbrot, 1,  43.04, 8.24, 7.24, 0.00, 1.70, 3360, 13075, 73, 38.8, , 1
C++, mandelbrot, 1,  44.02, 8.42, 7.40, 0.00, 1.73, 3413, 13094, 62, 38.2, , 1
C++, mandelbrot, 1,  43.06, 8.31, 7.30, 0.00, 1.70, 3366, 13086, 62, 38.5, , 1
C++, mandelbrot, 1,  43.37, 8.20, 7.19, 0.00, 1.70, 3364, 13083, 67, 38.8, , 1
C++, mandelbrot, 1,  43.23, 8.18, 7.17, 0.00, 1.71, 3371, 13092, 66, 38.0, , 1
C++, mandelbrot, 1,  42.98, 8.15, 7.14, 0.00, 1.71, 3383, 13085, 60, 38.2, , 1
C++, mandelbrot, 1,  43.49, 8.32, 7.31, 0.00, 1.70, 3363, 13096, 64, 38.0, , 1
C++, mandelbrot, 1,  43.11, 8.23, 7.22, 0.00, 1.71, 3370, 13101, 53, 38.2, , 1
C++, mandelbrot, 1,  43.25, 7.95, 6.95, 0.00, 1.70, 3360, 13076, 68, 38.5, , 1
C++, mandelbrot, 1,  43.09, 8.27, 7.26, 0.00, 1.70, 3364, 13091, 65, 38.8, , 1
C++, mandelbrot, 1,  43.22, 8.19, 7.18, 0.00, 1.70, 3365, 13076, 71, 38.2, , 1
C++, mandelbrot, 1,  43.71, 8.10, 7.08, 0.00, 1.71, 3371, 13109, 51, 38.5, , 1
C++, mandelbrot, 1,  43.23, 8.09, 7.08, 0.00, 1.71, 3369, 13075, 70, 38.8, , 1
C++, mandelbrot, 1,  43.67, 8.09, 7.08, 0.00, 1.72, 3386, 13085, 62, 38.5, , 1
C++, mandelbrot, 1,  43.13, 8.04, 7.03, 0.00, 1.70, 3364, 13079, 67, 38.8, , 1
C++, mandelbrot, 1,  43.18, 8.22, 7.21, 0.00, 1.71, 3372, 13100, 61, 38.8, , 1
C++, mandelbrot, 1,  43.04, 8.34, 7.33, 0.00, 1.71, 3368, 13091, 55, 38.8, , 1
C++, mandelbrot, 1,  43.26, 8.18, 7.17, 0.00, 1.70, 3366, 13092, 67, 38.5, , 1
C++, mandelbrot, 1,  43.24, 8.27, 7.27, 0.00, 1.70, 3363, 13084, 71, 38.5, , 1
C++, n-body, 1,  88.48, 7.65, 5.25, 0.00, 4.11, 8165, 8162, 2, 38.0, , 1
C++, n-body, 1,  87.59, 7.71, 5.31, 0.00, 4.11, 8166, 8163, 1, 38.0, , 1
C++, n-body, 1,  88.27, 7.80, 5.39, 0.00, 4.11, 8164, 8163, 1, 38.2, , 1
C++, n-body, 1,  88.75, 7.84, 5.44, 0.00, 4.11, 8163, 8160, 2, 38.0, , 1
C++, n-body, 1,  88.50, 8.04, 5.65, 0.00, 4.11, 8165, 8164, 1, 38.0, , 1
C++, n-body, 1,  88.74, 7.97, 5.57, 0.00, 4.11, 8165, 8161, 2, 38.2, , 1
C++, n-body, 1,  88.90, 7.96, 5.57, 0.00, 4.11, 8166, 8163, 2, 38.2, , 1
C++, n-body, 1,  88.64, 7.68, 5.28, 0.00, 4.11, 8164, 8161, 2, 38.0, , 1
C++, n-body, 1,  88.91, 7.73, 5.34, 0.00, 4.11, 8164, 8161, 2, 38.0, , 1
C++, n-body, 1,  88.34, 7.87, 5.47, 0.00, 4.11, 8165, 8163, 2, 38.0, , 1
C++, n-body, 1,  88.53, 7.92, 5.54, 0.00, 4.11, 8165, 8160, 3, 38.0, , 1
C++, n-body, 1,  88.37, 7.89, 5.50, 0.00, 4.11, 8165, 8164, 1, 38.0, , 1
C++, n-body, 1,  88.40, 7.78, 5.40, 0.00, 4.11, 8165, 8162, 3, 37.8, , 1
C++, n-body, 1,  89.01, 7.88, 5.47, 0.00, 4.11, 8165, 8161, 2, 37.8, , 1
C++, n-body, 1,  89.27, 7.86, 5.45, 0.00, 4.11, 8165, 8161, 2, 37.5, , 1
C++, n-body, 1,  88.40, 7.82, 5.44, 0.00, 4.12, 8165, 8163, 2, 38.2, , 1
C++, n-body, 1,  88.53, 7.80, 5.39, 0.00, 4.11, 8166, 8161, 3, 37.5, , 1
C++, n-body, 1,  88.48, 7.96, 5.55, 0.00, 4.11, 8165, 8163, 2, 37.5, , 1
C++, n-body, 1,  87.95, 8.00, 5.62, 0.00, 4.11, 8165, 8162, 1, 38.0, , 1
C++, n-body, 1,  87.87, 8.02, 5.60, 0.00, 4.11, 8165, 8162, 3, 38.0, , 1
C++, regex-redux, 1,  54.57, 7.19, 5.81, 0.00, 2.72, 4637, 8007, 708, 37.8, , 1
C++, regex-redux, 1,  55.63, 7.15, 5.74, 0.00, 2.75, 4718, 8051, 672, 37.8, , 1
C++, regex-redux, 1,  55.36, 7.13, 5.72, 0.00, 2.75, 4707, 8080, 689, 37.8, , 1
C++, regex-redux, 1,  54.89, 7.24, 5.85, 0.00, 2.72, 4640, 8054, 671, 37.5, , 1
C++, regex-redux, 1,  56.11, 7.40, 5.98, 0.00, 2.75, 4705, 8036, 672, 37.8, , 1
C++, regex-redux, 1,  56.39, 7.55, 6.13, 0.00, 2.74, 4696, 8048, 673, 37.8, , 1
C++, regex-redux, 1,  56.14, 7.57, 6.14, 0.00, 2.76, 4741, 8089, 664, 38.2, , 1
C++, regex-redux, 1,  54.32, 7.22, 5.86, 0.00, 2.68, 4548, 8044, 682, 37.5, , 1
C++, regex-redux, 1,  54.65, 7.34, 5.95, 0.00, 2.69, 4578, 8038, 689, 38.0, , 1
C++, regex-redux, 1,  54.86, 7.32, 5.94, 0.00, 2.70, 4594, 8052, 680, 37.8, , 1
C++, regex-redux, 1,  54.75, 7.10, 5.74, 0.00, 2.68, 4561, 8034, 686, 38.0, , 1
C++, regex-redux, 1,  53.62, 7.22, 5.86, 0.00, 2.67, 4524, 8055, 660, 37.8, , 1
C++, regex-redux, 1,  55.84, 7.32, 5.91, 0.00, 2.75, 4703, 8039, 679, 38.0, , 1
C++, regex-redux, 1,  54.22, 7.45, 6.06, 0.00, 2.69, 4587, 8029, 682, 38.0, , 1
C++, regex-redux, 1,  54.51, 7.38, 6.00, 0.00, 2.69, 4590, 8090, 662, 37.8, , 1
C++, regex-redux, 1,  53.94, 7.55, 6.18, 0.00, 2.67, 4541, 8055, 691, 37.8, , 1
C++, regex-redux, 1,  54.47, 7.44, 6.05, 0.00, 2.70, 4607, 8004, 689, 37.8, , 1
C++, regex-redux, 1,  55.75, 7.44, 6.03, 0.00, 2.74, 4695, 8057, 674, 37.8, , 1
C++, regex-redux, 1,  55.42, 7.69, 6.27, 0.00, 2.75, 4704, 8092, 661, 37.8, , 1
C++, regex-redux, 1,  55.17, 7.52, 6.12, 0.00, 2.72, 4647, 8065, 677, 37.5, , 1
C++, reverse-complement, 1,  7.47, 0.67, 0.46, 0.00, 0.48, 633, 290, 341, 37.5, , 1
C++, reverse-complement, 1,  7.35, 0.66, 0.46, 0.00, 0.48, 627, 285, 342, 37.5, , 1
C++, reverse-complement, 1,  7.38, 0.65, 0.45, 0.00, 0.48, 627, 289, 339, 37.5, , 1
C++, reverse-complement, 1,  7.35, 0.66, 0.46, 0.00, 0.47, 626, 289, 337, 37.8, , 1
C++, reverse-complement, 1,  7.32, 0.70, 0.49, 0.00, 0.48, 629, 296, 332, 37.8, , 1
C++, reverse-complement, 1,  7.34, 0.69, 0.48, 0.00, 0.47, 626, 287, 339, 38.0, , 1
C++, reverse-complement, 1,  7.32, 0.67, 0.46, 0.00, 0.48, 629, 295, 333, 38.0, , 1
C++, reverse-complement, 1,  7.32, 0.67, 0.46, 0.00, 0.48, 630, 285, 345, 37.8, , 1
C++, reverse-complement, 1,  7.28, 0.64, 0.44, 0.00, 0.48, 629, 284, 344, 37.8, , 1
C++, reverse-complement, 1,  7.37, 0.66, 0.45, 0.00, 0.48, 631, 296, 334, 38.0, , 1
C++, reverse-complement, 1,  7.34, 0.65, 0.45, 0.00, 0.48, 627, 277, 350, 38.0, , 1
C++, reverse-complement, 1,  7.35, 0.66, 0.46, 0.00, 0.48, 627, 287, 340, 37.8, , 1
C++, reverse-complement, 1,  7.27, 0.66, 0.45, 0.00, 0.48, 626, 279, 347, 37.8, , 1
C++, reverse-complement, 1,  7.35, 0.66, 0.46, 0.00, 0.48, 630, 314, 316, 37.8, , 1
C++, reverse-complement, 1,  7.30, 0.64, 0.44, 0.00, 0.48, 627, 274, 353, 37.8, , 1
C++, reverse-complement, 1,  7.37, 0.64, 0.44, 0.00, 0.48, 628, 292, 336, 37.5, , 1
C++, reverse-complement, 1,  7.35, 0.65, 0.44, 0.00, 0.48, 626, 300, 326, 37.5, , 1
C++, reverse-complement, 1,  7.39, 0.66, 0.46, 0.00, 0.48, 630, 311, 319, 37.8, , 1
C++, reverse-complement, 1,  7.61, 0.67, 0.46, 0.00, 0.48, 631, 307, 324, 37.8, , 1
C++, reverse-complement, 1,  7.36, 0.67, 0.46, 0.00, 0.48, 627, 302, 326, 37.8, , 1
C++, spectral-norm, 1,  20.01, 3.62, 3.14, 0.00, 0.81, 1598, 6366, 4, 38.0, , 1
C++, spectral-norm, 1,  20.08, 3.64, 3.16, 0.00, 0.81, 1598, 6369, 3, 37.8, , 1
C++, spectral-norm, 1,  20.18, 3.52, 3.04, 0.00, 0.81, 1596, 6362, 4, 37.8, , 1
C++, spectral-norm, 1,  20.18, 3.46, 2.98, 0.00, 0.80, 1596, 6361, 5, 38.0, , 1
C++, spectral-norm, 1,  20.22, 3.46, 2.98, 0.00, 0.81, 1604, 6387, 1, 38.2, , 1
C++, spectral-norm, 1,  20.06, 3.44, 2.97, 0.00, 0.81, 1596, 6362, 3, 38.2, , 1
C++, spectral-norm, 1,  20.31, 3.44, 2.96, 0.00, 0.81, 1600, 6375, 4, 37.8, , 1
C++, spectral-norm, 1,  20.25, 3.37, 2.90, 0.00, 0.81, 1598, 6369, 2, 38.0, , 1
C++, spectral-norm, 1,  20.22, 3.39, 2.92, 0.00, 0.80, 1595, 6363, 1, 38.0, , 1
C++, spectral-norm, 1,  20.24, 3.48, 3.01, 0.00, 0.80, 1596, 6361, 5, 37.8, , 1
C++, spectral-norm, 1,  20.20, 3.51, 3.04, 0.00, 0.80, 1595, 6361, 4, 37.8, , 1
C++, spectral-norm, 1,  20.11, 3.55, 3.07, 0.00, 0.81, 1597, 6364, 4, 38.0, , 1
C++, spectral-norm, 1,  20.12, 3.57, 3.09, 0.00, 0.81, 1596, 6365, 3, 38.5, , 1
C++, spectral-norm, 1,  20.33, 3.45, 2.97, 0.00, 0.82, 1615, 6422, 4, 37.8, , 1
C++, spectral-norm, 1,  20.07, 3.45, 2.97, 0.00, 0.81, 1599, 6373, 4, 37.8, , 1
C++, spectral-norm, 1,  20.03, 3.53, 3.05, 0.00, 0.81, 1596, 6364, 4, 37.8, , 1
C++, spectral-norm, 1,  20.13, 3.59, 3.11, 0.00, 0.81, 1596, 6362, 3, 37.8, , 1
C++, spectral-norm, 1,  19.96, 3.62, 3.14, 0.00, 0.80, 1595, 6359, 3, 37.8, , 1
C++, spectral-norm, 1,  19.98, 3.62, 3.14, 0.00, 0.81, 1598, 6371, 3, 38.2, , 1
C++, spectral-norm, 1,  20.11, 3.60, 3.11, 0.00, 0.81, 1599, 6374, 2, 38.2, , 1
Java, binary-trees, 1,  98.08, 18.63, 15.97, 0.00, 8.00, 6790, 17319, 2319, 37.8, , 1
Java, binary-trees, 1,  95.97, 18.15, 15.53, 0.00, 7.93, 6690, 17075, 2367, 38.0, , 1
Java, binary-trees, 1,  96.94, 18.64, 15.99, 0.00, 8.01, 6784, 17429, 2280, 37.8, , 1
Java, binary-trees, 1,  95.96, 18.38, 15.75, 0.00, 7.92, 6675, 17137, 2243, 38.0, , 1
Java, binary-trees, 1,  97.32, 18.31, 15.66, 0.00, 8.00, 6762, 17356, 2241, 38.0, , 1
Java, binary-trees, 1,  99.32, 18.74, 16.03, 0.00, 8.11, 6996, 17380, 2535, 38.2, , 1
Java, binary-trees, 1,  97.88, 19.02, 16.36, 0.00, 8.03, 6820, 17438, 2379, 38.0, , 1
Java, binary-trees, 1,  95.67, 18.54, 15.91, 0.00, 7.93, 6695, 17153, 2279, 38.2, , 1
Java, binary-trees, 1,  97.17, 19.04, 16.38, 0.00, 8.00, 6776, 17433, 2321, 38.0, , 1
Java, binary-trees, 1,  96.78, 18.34, 15.69, 0.00, 7.98, 6739, 17266, 2257, 37.8, , 1
Java, binary-trees, 1,  99.17, 18.58, 15.88, 0.00, 8.10, 6883, 17726, 2389, 38.0, , 1
Java, binary-trees, 1,  99.52, 18.66, 15.92, 0.00, 8.15, 7053, 17521, 2457, 38.5, , 1
Java, binary-trees, 1,  96.28, 18.06, 15.42, 0.00, 7.96, 6712, 17160, 2309, 38.8, , 1
Java, binary-trees, 1,  97.10, 18.37, 15.72, 0.00, 8.01, 6793, 17456, 2306, 38.8, , 1
Java, binary-trees, 1,  96.90, 18.47, 15.82, 0.00, 8.00, 6752, 17328, 2326, 38.0, , 1
Java, binary-trees, 1,  97.52, 18.28, 15.61, 0.00, 8.01, 6778, 17303, 2339, 38.5, , 1
Java, binary-trees, 1,  97.02, 18.17, 15.52, 0.00, 8.00, 6765, 17264, 2371, 38.2, , 1
Java, binary-trees, 1,  97.91, 18.36, 15.68, 0.00, 8.04, 6865, 17373, 2360, 38.2, , 1
Java, binary-trees, 1,  101.02, 18.84, 16.08, 0.00, 8.23, 7115, 17987, 2490, 38.5, , 1
Java, binary-trees, 1,  97.05, 18.36, 15.70, 0.00, 8.02, 6788, 17415, 2321, 38.2, , 1
Java, fannkuch-redux, 1,  487.75, 107.78, 96.68, 0.00, 18.74, 37198, 146483, 93, 38.5, , 1
Java, fannkuch-redux, 1,  489.84, 109.50, 98.35, 0.00, 18.80, 37319, 147327, 82, 38.8, , 1
Java, fannkuch-redux, 1,  469.64, 103.53, 92.96, 0.00, 17.82, 35356, 139418, 112, 38.5, , 1
Java, fannkuch-redux, 1,  466.30, 103.09, 92.51, 0.00, 17.84, 35405, 139785, 84, 38.8, , 1
Java, fannkuch-redux, 1,  476.40, 104.93, 94.14, 0.00, 18.17, 36075, 142205, 103, 38.8, , 1
Java, fannkuch-redux, 1,  493.65, 109.94, 98.73, 0.00, 18.86, 37418, 147285, 107, 38.2, , 1
Java, fannkuch-redux, 1,  492.47, 109.02, 97.82, 0.00, 18.83, 37374, 147364, 102, 38.8, , 1
Java, fannkuch-redux, 1,  491.63, 107.89, 96.65, 0.00, 18.68, 37070, 146185, 106, 38.8, , 1
Java, fannkuch-redux, 1,  490.28, 107.40, 96.28, 0.00, 18.72, 37132, 146432, 102, 38.5, , 1
Java, fannkuch-redux, 1,  506.85, 111.98, 100.57, 0.00, 19.22, 38130, 150206, 84, 38.8, , 1
Java, fannkuch-redux, 1,  495.46, 110.12, 98.91, 0.00, 18.84, 37392, 147287, 90, 39.0, , 1
Java, fannkuch-redux, 1,  489.08, 109.09, 97.98, 0.00, 18.71, 37117, 146430, 91, 38.8, , 1
Java, fannkuch-redux, 1,  478.99, 106.69, 95.86, 0.00, 18.20, 36094, 142168, 117, 39.2, , 1
Java, fannkuch-redux, 1,  493.65, 110.31, 99.09, 0.00, 18.85, 37411, 147438, 103, 39.0, , 1
Java, fannkuch-redux, 1,  505.22, 109.98, 98.61, 0.00, 19.17, 38053, 150015, 103, 38.8, , 1
Java, fannkuch-redux, 1,  478.68, 105.45, 94.68, 0.00, 18.11, 35931, 141654, 95, 39.0, , 1
Java, fannkuch-redux, 1,  495.13, 107.69, 96.57, 0.00, 18.73, 37161, 146208, 92, 38.8, , 1
Java, fannkuch-redux, 1,  505.78, 110.22, 98.88, 0.00, 19.11, 37932, 149785, 101, 38.8, , 1
Java, fannkuch-redux, 1,  472.36, 101.22, 90.67, 0.00, 17.84, 35396, 139686, 103, 38.8, , 1
Java, fannkuch-redux, 1,  495.58, 108.20, 97.07, 0.00, 18.73, 37167, 146491, 103, 38.5, , 1
Java, fasta, 1,  55.53, 8.96, 7.63, 0.00, 2.28, 4423, 14210, 182, 39.0, , 1
Java, fasta, 1,  55.35, 8.83, 7.51, 0.00, 2.27, 4407, 14158, 161, 39.0, , 1
Java, fasta, 1,  55.96, 9.07, 7.74, 0.00, 2.28, 4420, 14314, 166, 39.0, , 1
Java, fasta, 1,  55.96, 9.05, 7.73, 0.00, 2.28, 4421, 14312, 172, 39.0, , 1
Java, fasta, 1,  55.99, 9.14, 7.82, 0.00, 2.28, 4411, 14246, 172, 38.5, , 1
Java, fasta, 1,  55.87, 9.16, 7.83, 0.00, 2.28, 4411, 14281, 172, 38.5, , 1
Java, fasta, 1,  55.90, 9.16, 7.83, 0.00, 2.28, 4408, 14191, 164, 38.5, , 1
Java, fasta, 1,  55.82, 9.24, 7.91, 0.00, 2.28, 4413, 14252, 165, 38.5, , 1
Java, fasta, 1,  55.89, 9.40, 8.07, 0.00, 2.28, 4419, 14297, 169, 38.8, , 1
Java, fasta, 1,  55.63, 9.20, 7.88, 0.00, 2.27, 4400, 14214, 160, 38.8, , 1
Java, fasta, 1,  55.57, 9.14, 7.83, 0.00, 2.27, 4396, 14225, 151, 38.5, , 1
Java, fasta, 1,  55.66, 9.06, 7.74, 0.00, 2.27, 4389, 14193, 176, 38.5, , 1
Java, fasta, 1,  55.70, 9.23, 7.90, 0.00, 2.28, 4421, 14237, 166, 39.0, , 1
Java, fasta, 1,  56.04, 9.45, 8.11, 0.00, 2.29, 4437, 14371, 142, 38.8, , 1
Java, fasta, 1,  55.61, 9.25, 7.93, 0.00, 2.26, 4387, 14198, 169, 38.8, , 1
Java, fasta, 1,  55.69, 9.34, 8.02, 0.00, 2.28, 4415, 14152, 173, 38.2, , 1
Java, fasta, 1,  55.95, 9.38, 8.05, 0.00, 2.28, 4414, 14272, 160, 38.8, , 1
Java, fasta, 1,  55.66, 9.21, 7.88, 0.00, 2.30, 4415, 14268, 170, 38.8, , 1
Java, fasta, 1,  55.76, 9.01, 7.69, 0.00, 2.28, 4405, 14273, 167, 38.8, , 1
Java, fasta, 1,  56.43, 9.41, 8.08, 0.00, 2.28, 4421, 14362, 142, 38.8, , 1
Java, k-nucleotide, 1,  222.25, 41.69, 36.66, 0.00, 10.48, 17048, 55907, 827, 38.2, , 1
Java, k-nucleotide, 1,  217.62, 40.63, 35.68, 0.00, 10.36, 16810, 55397, 857, 38.8, , 1
Java, k-nucleotide, 1,  219.69, 42.01, 37.01, 0.00, 10.45, 16928, 55712, 773, 39.0, , 1
Java, k-nucleotide, 1,  221.05, 42.21, 37.18, 0.00, 10.52, 17055, 55885, 802, 38.8, , 1
Java, k-nucleotide, 1,  216.93, 41.50, 36.55, 0.00, 10.37, 16759, 54800, 771, 38.5, , 1
Java, k-nucleotide, 1,  220.05, 42.77, 37.71, 0.00, 10.51, 17049, 55655, 833, 38.5, , 1
Java, k-nucleotide, 1,  217.52, 41.94, 36.94, 0.00, 10.40, 16900, 55255, 814, 38.8, , 1
Java, k-nucleotide, 1,  212.58, 40.83, 35.96, 0.00, 10.17, 16497, 54130, 815, 38.5, , 1
Java, k-nucleotide, 1,  219.41, 42.12, 37.10, 0.00, 10.46, 16986, 55488, 800, 39.0, , 1
Java, k-nucleotide, 1,  218.42, 42.47, 37.44, 0.00, 10.47, 16972, 55355, 805, 38.5, , 1
Java, k-nucleotide, 1,  218.73, 42.50, 37.47, 0.00, 10.46, 16954, 55923, 817, 39.0, , 1
Java, k-nucleotide, 1,  216.10, 41.41, 36.47, 0.00, 10.32, 16690, 54849, 817, 38.0, , 1
Java, k-nucleotide, 1,  218.71, 41.93, 36.94, 0.00, 10.45, 16930, 55815, 790, 39.0, , 1
Java, k-nucleotide, 1,  221.98, 42.63, 37.57, 0.00, 10.55, 17123, 56674, 794, 38.8, , 1
Java, k-nucleotide, 1,  219.66, 41.76, 36.75, 0.00, 10.48, 16996, 55533, 836, 38.8, , 1
Java, k-nucleotide, 1,  218.89, 41.48, 36.50, 0.00, 10.44, 16904, 55401, 817, 38.2, , 1
Java, k-nucleotide, 1,  219.74, 42.39, 37.36, 0.00, 10.47, 16951, 55655, 815, 38.8, , 1
Java, k-nucleotide, 1,  216.52, 41.11, 36.17, 0.00, 10.38, 16748, 55006, 806, 38.8, , 1
Java, k-nucleotide, 1,  219.50, 41.56, 36.56, 0.00, 10.45, 16948, 55705, 811, 38.8, , 1
Java, k-nucleotide, 1,  218.82, 40.89, 35.91, 0.00, 10.42, 16923, 55565, 823, 38.8, , 1
Java, mandelbrot, 1,  180.70, 33.35, 28.96, 0.00, 7.27, 14302, 56201, 235, 38.8, , 1
Java, mandelbrot, 1,  180.48, 33.13, 28.76, 0.00, 7.28, 14317, 56252, 231, 38.5, , 1
Java, mandelbrot, 1,  186.13, 34.02, 29.56, 0.00, 7.45, 14658, 57599, 223, 38.8, , 1
Java, mandelbrot, 1,  186.34, 34.12, 29.63, 0.00, 7.48, 14716, 57819, 238, 38.8, , 1
Java, mandelbrot, 1,  181.44, 33.71, 29.35, 0.00, 7.30, 14344, 56297, 227, 38.5, , 1
Java, mandelbrot, 1,  181.77, 33.55, 29.20, 0.00, 7.31, 14387, 56489, 230, 38.5, , 1
Java, mandelbrot, 1,  185.69, 34.92, 30.50, 0.00, 7.47, 14687, 57695, 240, 38.5, , 1
Java, mandelbrot, 1,  185.70, 34.98, 30.52, 0.00, 7.47, 14701, 57745, 256, 38.8, , 1
Java, mandelbrot, 1,  181.51, 33.66, 29.31, 0.00, 7.27, 14300, 56165, 224, 38.8, , 1
Java, mandelbrot, 1,  181.10, 33.60, 29.26, 0.00, 7.24, 14248, 55963, 242, 38.8, , 1
Java, mandelbrot, 1,  183.84, 34.79, 30.42, 0.00, 7.36, 14471, 56839, 246, 38.5, , 1
Java, mandelbrot, 1,  181.44, 33.76, 29.42, 0.00, 7.27, 14297, 56160, 231, 38.5, , 1
Java, mandelbrot, 1,  181.42, 33.36, 29.01, 0.00, 7.28, 14314, 56177, 235, 38.8, , 1
Java, mandelbrot, 1,  180.98, 33.29, 28.94, 0.00, 7.26, 14281, 56097, 217, 38.8, , 1
Java, mandelbrot, 1,  181.78, 33.24, 28.87, 0.00, 7.26, 14283, 56124, 221, 38.8, , 1
Java, mandelbrot, 1,  181.34, 33.80, 29.43, 0.00, 7.28, 14314, 56227, 231, 38.5, , 1
Java, mandelbrot, 1,  181.01, 33.67, 29.32, 0.00, 7.26, 14268, 56028, 221, 38.8, , 1
Java, mandelbrot, 1,  180.86, 33.44, 29.09, 0.00, 7.25, 14248, 55956, 241, 38.8, , 1
Java, mandelbrot, 1,  181.64, 33.48, 29.14, 0.00, 7.26, 14277, 56061, 254, 38.8, , 1
Java, mandelbrot, 1,  186.68, 35.57, 31.14, 0.00, 7.46, 14669, 57628, 244, 38.8, , 1
Java, n-body, 1,  189.93, 16.05, 10.92, 0.00, 8.78, 17404, 17449, 80, 38.2, , 1
Java, n-body, 1,  179.69, 15.70, 10.88, 0.00, 8.31, 16461, 16516, 68, 38.2, , 1
Java, n-body, 1,  182.54, 15.95, 11.07, 0.00, 8.41, 16670, 16703, 89, 38.2, , 1
Java, n-body, 1,  190.92, 16.88, 11.71, 0.00, 8.88, 17612, 17651, 83, 38.0, , 1
Java, n-body, 1,  193.31, 16.94, 11.71, 0.00, 8.97, 17779, 17838, 69, 38.2, , 1
Java, n-body, 1,  192.21, 16.96, 11.76, 0.00, 8.93, 17688, 17760, 89, 38.0, , 1
Java, n-body, 1,  202.47, 17.82, 12.32, 0.00, 9.38, 18575, 18641, 65, 38.0, , 1
Java, n-body, 1,  202.29, 17.73, 12.24, 0.00, 9.37, 18565, 18618, 75, 37.8, , 1
Java, n-body, 1,  205.11, 17.85, 12.34, 0.00, 9.40, 18617, 18668, 80, 37.5, , 1
Java, n-body, 1,  202.74, 17.84, 12.31, 0.00, 9.40, 18621, 18668, 76, 37.8, , 1
Java, n-body, 1,  192.84, 16.84, 11.67, 0.00, 8.89, 17625, 17678, 77, 37.5, , 1
Java, n-body, 1,  189.05, 16.64, 11.54, 0.00, 8.79, 17417, 17473, 69, 38.0, , 1
Java, n-body, 1,  198.89, 17.47, 12.10, 0.00, 9.22, 18264, 18315, 76, 37.5, , 1
Java, n-body, 1,  203.20, 18.06, 12.48, 0.00, 9.54, 18892, 18981, 78, 37.5, , 1
Java, n-body, 1,  192.75, 16.91, 11.70, 0.00, 8.92, 17666, 17709, 80, 37.5, , 1
Java, n-body, 1,  194.64, 17.17, 11.88, 0.00, 9.07, 17968, 18020, 77, 37.8, , 1
Java, n-body, 1,  195.64, 17.20, 11.90, 0.00, 9.07, 17978, 18023, 79, 37.8, , 1
Java, n-body, 1,  186.79, 16.38, 11.34, 0.00, 8.66, 17170, 17216, 78, 37.5, , 1
Java, n-body, 1,  188.55, 16.52, 11.44, 0.00, 8.74, 17304, 17354, 73, 37.8, , 1
Java, n-body, 1,  193.45, 17.02, 11.78, 0.00, 8.97, 17769, 17815, 80, 37.8, , 1
Java, regex-redux, 1,  235.74, 43.32, 37.74, 0.00, 10.48, 18514, 55523, 1200, 38.0, , 1
Java, regex-redux, 1,  234.06, 43.67, 38.14, 0.00, 10.39, 18350, 55790, 1278, 37.5, , 1
Java, regex-redux, 1,  239.52, 43.89, 38.19, 0.00, 10.69, 18920, 56964, 1264, 38.0, , 1
Java, regex-redux, 1,  238.08, 43.37, 37.68, 0.00, 10.65, 18840, 57579, 1234, 37.8, , 1
Java, regex-redux, 1,  236.76, 42.66, 37.03, 0.00, 10.56, 18669, 56470, 1291, 38.0, , 1
Java, regex-redux, 1,  243.20, 43.72, 37.94, 0.00, 10.82, 19174, 56776, 1238, 37.8, , 1
Java, regex-redux, 1,  235.14, 42.67, 37.07, 0.00, 10.49, 18522, 55937, 1279, 38.0, , 1
Java, regex-redux, 1,  235.17, 42.80, 37.23, 0.00, 10.46, 18486, 56004, 1220, 37.8, , 1
Java, regex-redux, 1,  238.78, 43.14, 37.45, 0.00, 10.62, 18841, 56950, 1435, 37.8, , 1
Java, regex-redux, 1,  234.96, 41.97, 36.34, 0.00, 10.50, 18610, 56004, 1337, 38.0, , 1
Java, regex-redux, 1,  240.11, 42.25, 36.49, 0.00, 10.74, 19019, 56696, 1265, 37.8, , 1
Java, regex-redux, 1,  235.24, 42.20, 36.58, 0.00, 10.53, 18603, 56557, 1255, 38.2, , 1
Java, regex-redux, 1,  239.18, 42.51, 36.77, 0.00, 10.71, 18969, 57252, 1285, 38.0, , 1
Java, regex-redux, 1,  234.11, 42.25, 36.65, 0.00, 10.50, 18550, 55726, 1256, 38.2, , 1
Java, regex-redux, 1,  232.11, 42.39, 36.83, 0.00, 10.40, 18376, 56093, 1267, 38.0, , 1
Java, regex-redux, 1,  235.54, 41.94, 36.26, 0.00, 10.60, 18768, 56160, 1265, 38.2, , 1
Java, regex-redux, 1,  235.09, 41.71, 36.10, 0.00, 10.48, 18540, 55369, 1239, 38.0, , 1
Java, regex-redux, 1,  236.21, 42.35, 36.73, 0.00, 10.51, 18582, 55883, 1301, 38.0, , 1
Java, regex-redux, 1,  239.19, 43.67, 38.00, 0.00, 10.64, 18806, 56897, 1245, 37.8, , 1
Java, regex-redux, 1,  234.28, 42.16, 36.58, 0.00, 10.47, 18496, 55031, 1292, 38.2, , 1
Java, reverse-complement, 1,  37.03, 3.43, 2.43, 0.00, 2.13, 3223, 2414, 1390, 38.2, , 1
Java, reverse-complement, 1,  36.99, 3.47, 2.48, 0.00, 2.13, 3200, 2384, 1398, 38.0, , 1
Java, reverse-complement, 1,  36.72, 3.28, 2.29, 0.00, 2.13, 3200, 2392, 1389, 38.2, , 1
Java, reverse-complement, 1,  36.85, 3.38, 2.39, 0.00, 2.13, 3208, 2363, 1418, 38.0, , 1
Java, reverse-complement, 1,  36.74, 3.47, 2.48, 0.00, 2.14, 3211, 2407, 1384, 38.2, , 1
Java, reverse-complement, 1,  37.06, 3.57, 2.57, 0.00, 2.12, 3217, 2419, 1379, 38.2, , 1
Java, reverse-complement, 1,  37.09, 3.47, 2.47, 0.00, 2.13, 3201, 2332, 1441, 38.2, , 1
Java, reverse-complement, 1,  37.18, 3.59, 2.60, 0.00, 2.13, 3220, 2423, 1379, 38.0, , 1
Java, reverse-complement, 1,  36.77, 3.50, 2.51, 0.00, 2.13, 3199, 2359, 1421, 38.0, , 1
Java, reverse-complement, 1,  36.98, 3.53, 2.54, 0.00, 2.14, 3202, 2388, 1398, 38.0, , 1
Java, reverse-complement, 1,  36.72, 3.58, 2.59, 0.00, 2.13, 3200, 2336, 1445, 37.8, , 1
Java, reverse-complement, 1,  37.42, 3.65, 2.65, 0.00, 2.14, 3211, 2397, 1394, 38.0, , 1
Java, reverse-complement, 1,  36.83, 3.58, 2.58, 0.00, 2.14, 3228, 2422, 1387, 37.8, , 1
Java, reverse-complement, 1,  36.51, 3.54, 2.55, 0.00, 2.13, 3204, 2398, 1381, 37.8, , 1
Java, reverse-complement, 1,  36.77, 3.60, 2.60, 0.00, 2.14, 3215, 2375, 1419, 37.8, , 1
Java, reverse-complement, 1,  37.00, 3.62, 2.62, 0.00, 2.13, 3219, 2422, 1377, 38.0, , 1
Java, reverse-complement, 1,  37.08, 3.39, 2.39, 0.00, 2.14, 3212, 2395, 1397, 38.0, , 1
Java, reverse-complement, 1,  37.13, 3.57, 2.57, 0.00, 2.14, 3230, 2400, 1403, 38.0, , 1
Java, reverse-complement, 1,  36.98, 3.47, 2.47, 0.00, 2.13, 3218, 2394, 1406, 38.0, , 1
Java, reverse-complement, 1,  37.02, 3.65, 2.65, 0.00, 2.14, 3227, 2440, 1367, 37.8, , 1
Java, spectral-norm, 1,  32.03, 5.77, 5.01, 0.00, 1.30, 2513, 9157, 141, 37.8, , 1
Java, spectral-norm, 1,  32.40, 5.86, 5.09, 0.00, 1.32, 2553, 9157, 135, 38.2, , 1
Java, spectral-norm, 1,  31.97, 5.85, 5.08, 0.00, 1.31, 2529, 9163, 141, 38.0, , 1
Java, spectral-norm, 1,  31.77, 5.84, 5.08, 0.00, 1.29, 2513, 9158, 138, 37.8, , 1
Java, spectral-norm, 1,  31.89, 5.79, 5.03, 0.00, 1.30, 2520, 9106, 157, 38.2, , 1
Java, spectral-norm, 1,  31.70, 5.78, 5.02, 0.00, 1.30, 2520, 9132, 140, 38.5, , 1
Java, spectral-norm, 1,  31.85, 5.75, 4.99, 0.00, 1.29, 2511, 9141, 137, 38.0, , 1
Java, spectral-norm, 1,  31.70, 5.82, 5.06, 0.00, 1.29, 2513, 9136, 151, 38.0, , 1
Java, spectral-norm, 1,  31.84, 5.79, 5.03, 0.00, 1.29, 2508, 9144, 147, 38.0, , 1
Java, spectral-norm, 1,  31.80, 5.87, 5.11, 0.00, 1.30, 2518, 9104, 142, 38.0, , 1
Java, spectral-norm, 1,  31.86, 6.05, 5.29, 0.00, 1.29, 2513, 9164, 133, 37.8, , 1
Java, spectral-norm, 1,  31.93, 5.93, 5.17, 0.00, 1.30, 2530, 9191, 130, 38.2, , 1
Java, spectral-norm, 1,  32.32, 5.78, 5.01, 0.00, 1.31, 2547, 9125, 145, 38.2, , 1
Java, spectral-norm, 1,  31.63, 5.76, 5.00, 0.00, 1.30, 2515, 9145, 129, 38.2, , 1
Java, spectral-norm, 1,  31.76, 5.95, 5.20, 0.00, 1.29, 2492, 9086, 155, 37.8, , 1
Java, spectral-norm, 1,  31.59, 5.77, 5.01, 0.00, 1.30, 2517, 9117, 137, 38.2, , 1
Java, spectral-norm, 1,  32.75, 5.97, 5.19, 0.00, 1.34, 2598, 9128, 153, 38.2, , 1
Java, spectral-norm, 1,  31.98, 5.85, 5.09, 0.00, 1.30, 2521, 9137, 144, 38.0, , 1
Java, spectral-norm, 1,  31.65, 5.88, 5.12, 0.00, 1.29, 2504, 9113, 159, 38.0, , 1
Java, spectral-norm, 1,  31.81, 5.96, 5.20, 0.00, 1.30, 2513, 9147, 140, 37.8, , 1
Python, binary-trees, 1,  1569.16, 341.05, 304.71, 0.00, 78.93, 115767, 405106, 8454, 38.5, , 1
Python, binary-trees, 1,  1551.57, 340.98, 304.79, 0.00, 78.50, 114924, 401719, 8493, 38.5, , 1
Python, binary-trees, 1,  1550.69, 341.62, 305.45, 0.00, 78.48, 114990, 402164, 8463, 38.8, , 1
Python, binary-trees, 1,  1550.44, 337.34, 301.29, 0.00, 78.44, 114750, 401135, 8471, 38.8, , 1
Python, binary-trees, 1,  1557.56, 332.87, 296.65, 0.00, 78.62, 115394, 402712, 8563, 39.0, , 1
Python, binary-trees, 1,  1553.23, 333.91, 297.87, 0.00, 78.53, 114899, 401520, 8394, 39.0, , 1
Python, binary-trees, 1,  1556.49, 336.69, 300.54, 0.00, 78.57, 114949, 402073, 8362, 38.8, , 1
Python, binary-trees, 1,  1553.76, 328.66, 292.65, 0.00, 78.37, 114692, 400841, 8698, 38.8, , 1
Python, binary-trees, 1,  1554.45, 329.89, 293.91, 0.00, 78.44, 114844, 400898, 8465, 38.8, , 1
Python, binary-trees, 1,  1562.01, 337.11, 300.82, 0.00, 78.81, 115470, 403348, 8452, 39.0, , 1
Python, binary-trees, 1,  1545.48, 337.16, 301.08, 0.00, 78.38, 114796, 401380, 8520, 38.8, , 1
Python, binary-trees, 1,  1555.25, 338.83, 302.72, 0.00, 78.67, 114939, 401084, 8756, 38.8, , 1
Python, binary-trees, 1,  1574.33, 343.59, 307.17, 0.00, 79.06, 116020, 405908, 8300, 38.8, , 1
Python, binary-trees, 1,  1552.31, 337.32, 301.25, 0.00, 78.54, 114890, 401205, 8503, 39.0, , 1
Python, binary-trees, 1,  1554.98, 340.06, 303.90, 0.00, 78.65, 115121, 402133, 8477, 39.2, , 1
Python, binary-trees, 1,  1550.26, 335.35, 299.23, 0.00, 78.38, 114850, 401481, 8626, 39.2, , 1
Python, binary-trees, 1,  1552.24, 335.92, 299.86, 0.00, 78.41, 114858, 401403, 8278, 39.0, , 1
Python, binary-trees, 1,  1559.16, 338.55, 302.44, 0.00, 78.76, 115147, 401543, 8581, 38.8, , 1
Python, binary-trees, 1,  1549.69, 334.16, 298.21, 0.00, 78.44, 114732, 400585, 8612, 38.8, , 1
Python, binary-trees, 1,  1563.61, 335.97, 299.73, 0.00, 79.31, 115713, 400866, 8468, 39.2, , 1
Python, fannkuch-redux, 1,  13763.17, 3305.32, 2998.43, 0.00, 513.61, 1020826, 4029992, 149, 39.0, , 1
Python, fannkuch-redux, 1,  13785.63, 3319.99, 3011.42, 0.00, 515.60, 1024702, 4041628, 110, 39.0, , 1
Python, fannkuch-redux, 1,  13816.37, 3306.26, 2999.08, 0.00, 513.38, 1020412, 4022405, 137, 39.0, , 1
Python, fannkuch-redux, 1,  13766.47, 3269.72, 2962.94, 0.00, 512.23, 1018085, 4016253, 115, 39.0, , 1
Python, fannkuch-redux, 1,  13955.30, 3295.93, 2982.96, 0.00, 522.61, 1038715, 4060887, 138, 39.0, , 1
Python, fannkuch-redux, 1,  13723.02, 3273.37, 2964.73, 0.00, 514.82, 1023199, 4032582, 106, 39.5, , 1
Python, fannkuch-redux, 1,  13763.52, 3331.99, 3022.78, 0.00, 516.91, 1027381, 4061158, 130, 39.2, , 1
Python, fannkuch-redux, 1,  13839.26, 3364.26, 3053.50, 0.00, 518.67, 1031368, 4047409, 167, 39.5, , 1
Python, fannkuch-redux, 1,  13657.74, 3399.59, 3093.34, 0.00, 512.15, 1018464, 4017480, 148, 39.5, , 1
Python, fannkuch-redux, 1,  13607.28, 3351.15, 3045.76, 0.00, 510.98, 1016088, 4013358, 119, 39.5, , 1
Python, fannkuch-redux, 1,  13664.14, 3317.88, 3009.59, 0.00, 513.95, 1021773, 4025318, 108, 39.2, , 1
Python, fannkuch-redux, 1,  13634.87, 3277.66, 2971.10, 0.00, 511.96, 1018176, 4021224, 120, 39.2, , 1
Python, fannkuch-redux, 1,  13671.50, 3327.90, 3020.41, 0.00, 514.34, 1023044, 4029645, 123, 39.5, , 1
Python, fannkuch-redux, 1,  14338.50, 3431.18, 3098.13, 0.00, 538.82, 1058629, 4033493, 4688, 39.5, , 1
Python, fannkuch-redux, 1,  13763.22, 3337.00, 3028.05, 0.00, 517.02, 1028580, 4051975, 138, 39.2, , 1
Python, fannkuch-redux, 1,  13715.26, 3355.50, 3047.47, 0.00, 515.81, 1025884, 4041749, 176, 39.5, , 1
Python, fannkuch-redux, 1,  13621.29, 3376.98, 3071.07, 0.00, 512.88, 1019879, 4025465, 177, 39.2, , 1
Python, fannkuch-redux, 1,  13811.69, 3422.44, 3112.58, 0.00, 517.57, 1029685, 4068611, 128, 39.5, , 1
Python, fannkuch-redux, 1,  13685.58, 3391.03, 3084.54, 0.00, 513.38, 1021423, 4024867, 231, 39.8, , 1
Python, fannkuch-redux, 1,  13639.03, 3305.01, 2998.24, 0.00, 512.28, 1018919, 4019708, 147, 39.5, , 1
Python, fasta, 1,  2098.42, 192.91, 135.58, 0.00, 98.57, 196025, 195888, 118, 38.5, , 1
Python, fasta, 1,  2115.35, 205.47, 147.06, 0.00, 98.99, 196802, 196663, 114, 38.2, , 1
Python, fasta, 1,  2084.25, 206.87, 148.64, 0.00, 98.33, 195493, 195353, 122, 38.2, , 1
Python, fasta, 1,  2092.08, 211.27, 152.85, 0.00, 98.60, 195991, 195859, 124, 38.0, , 1
Python, fasta, 1,  2098.47, 214.84, 156.06, 0.00, 98.60, 195909, 195784, 114, 37.8, , 1
Python, fasta, 1,  2108.77, 212.02, 153.41, 0.00, 98.77, 196241, 196128, 107, 38.2, , 1
Python, fasta, 1,  2093.75, 200.69, 142.95, 0.00, 98.21, 195114, 194972, 127, 38.2, , 1
Python, fasta, 1,  2108.94, 209.45, 150.99, 0.00, 98.57, 195770, 195623, 126, 37.8, , 1
Python, fasta, 1,  2105.33, 205.52, 147.28, 0.00, 98.41, 195470, 195335, 117, 38.2, , 1
Python, fasta, 1,  2101.77, 210.86, 152.44, 0.00, 98.59, 195817, 195693, 116, 38.0, , 1
Python, fasta, 1,  2096.89, 214.94, 156.29, 0.00, 98.52, 195681, 195536, 128, 38.0, , 1
Python, fasta, 1,  2094.99, 218.71, 159.98, 0.00, 98.43, 195495, 195360, 126, 38.2, , 1
Python, fasta, 1,  2114.53, 218.43, 159.74, 0.00, 98.57, 195741, 195609, 123, 37.8, , 1
Python, fasta, 1,  2098.79, 207.64, 149.35, 0.00, 98.64, 195917, 195789, 119, 38.2, , 1
Python, fasta, 1,  2120.89, 204.94, 146.84, 0.00, 98.58, 195803, 195670, 111, 37.8, , 1
Python, fasta, 1,  2132.45, 216.46, 157.84, 0.00, 98.53, 195698, 195562, 117, 38.2, , 1
Python, fasta, 1,  2120.99, 210.44, 151.90, 0.00, 98.64, 195923, 195763, 121, 37.8, , 1
Python, fasta, 1,  2097.89, 214.69, 156.11, 0.00, 98.32, 195306, 195161, 113, 37.8, , 1
Python, fasta, 1,  2123.37, 206.32, 147.73, 0.00, 99.43, 197486, 197341, 120, 38.5, , 1
Python, fasta, 1,  2108.28, 202.59, 144.71, 0.00, 98.44, 195523, 195401, 109, 38.0, , 1
Python, k-nucleotide, 1,  1920.94, 435.03, 393.79, 0.00, 101.78, 138492, 539721, 2218, 39.2, , 1
Python, k-nucleotide, 1,  1896.28, 432.61, 391.85, 0.00, 100.85, 136645, 533669, 2077, 40.0, , 1
Python, k-nucleotide, 1,  1913.76, 437.34, 396.06, 0.00, 101.48, 138012, 536846, 2121, 40.0, , 1
Python, k-nucleotide, 1,  1927.22, 441.29, 399.78, 0.00, 102.19, 139098, 542473, 2109, 39.8, , 1
Python, k-nucleotide, 1,  1894.62, 435.16, 394.08, 0.00, 101.01, 137363, 533097, 2159, 39.5, , 1
Python, k-nucleotide, 1,  1915.49, 436.53, 395.22, 0.00, 101.80, 138292, 537309, 2122, 40.0, , 1
Python, k-nucleotide, 1,  1898.56, 427.02, 386.02, 0.00, 100.75, 136841, 532328, 2177, 39.8, , 1
Python, k-nucleotide, 1,  1898.36, 426.41, 385.32, 0.00, 101.17, 137322, 534343, 2185, 40.2, , 1
Python, k-nucleotide, 1,  1899.96, 434.55, 393.42, 0.00, 101.18, 137698, 535869, 2067, 40.5, , 1
Python, k-nucleotide, 1,  1925.36, 437.52, 395.92, 0.00, 102.24, 139143, 542957, 2218, 40.0, , 1
Python, k-nucleotide, 1,  1917.18, 439.55, 398.11, 0.00, 101.68, 138794, 540589, 2067, 39.5, , 1
Python, k-nucleotide, 1,  1898.73, 432.57, 391.68, 0.00, 100.88, 137005, 534366, 2146, 40.0, , 1
Python, k-nucleotide, 1,  1905.23, 438.31, 397.34, 0.00, 100.87, 137361, 534734, 2067, 40.0, , 1
Python, k-nucleotide, 1,  1907.69, 446.58, 405.52, 0.00, 101.04, 137481, 534202, 2171, 39.5, , 1
Python, k-nucleotide, 1,  1911.98, 444.49, 403.34, 0.00, 101.72, 137686, 535835, 2161, 40.2, , 1
Python, k-nucleotide, 1,  1904.97, 436.44, 395.41, 0.00, 101.17, 137421, 535293, 2206, 40.0, , 1
Python, k-nucleotide, 1,  1905.19, 434.60, 393.62, 0.00, 101.32, 137360, 534596, 2146, 39.8, , 1
Python, k-nucleotide, 1,  1958.27, 454.18, 411.95, 0.00, 103.52, 141555, 550287, 2181, 39.8, , 1
Python, k-nucleotide, 1,  1899.58, 429.75, 388.91, 0.00, 100.61, 136676, 531850, 2120, 40.2, , 1
Python, k-nucleotide, 1,  1912.16, 435.23, 394.10, 0.00, 101.28, 137776, 536564, 2078, 40.2, , 1
Python, mandelbrot, 1,  6979.41, 1764.37, 1610.19, 0.00, 259.07, 515038, 2052606, 3525, 41.0, , 1
Python, mandelbrot, 1,  6987.98, 1759.49, 1604.74, 0.00, 259.30, 515608, 2055426, 3455, 40.8, , 1
Python, mandelbrot, 1,  7002.29, 1760.94, 1606.42, 0.00, 259.10, 515193, 2053613, 3398, 40.5, , 1
Python, mandelbrot, 1,  7026.09, 1756.62, 1601.53, 0.00, 259.83, 516648, 2059433, 3496, 40.8, , 1
Python, mandelbrot, 1,  6975.17, 1762.68, 1607.91, 0.00, 259.45, 515841, 2056240, 3569, 40.8, , 1
Python, mandelbrot, 1,  7017.53, 1759.83, 1604.94, 0.00, 259.79, 516551, 2059325, 3420, 40.8, , 1
Python, mandelbrot, 1,  6964.12, 1739.08, 1584.49, 0.00, 258.86, 514663, 2051410, 3608, 40.5, , 1
Python, mandelbrot, 1,  6942.70, 1737.50, 1582.91, 0.00, 258.90, 514772, 2052070, 3549, 40.8, , 1
Python, mandelbrot, 1,  6977.77, 1755.42, 1601.18, 0.00, 259.15, 515293, 2054126, 3567, 41.0, , 1
Python, mandelbrot, 1,  6932.08, 1757.97, 1604.01, 0.00, 258.53, 514073, 2049307, 3539, 40.8, , 1
Python, mandelbrot, 1,  6980.70, 1769.78, 1615.39, 0.00, 259.72, 516434, 2058815, 3347, 40.8, , 1
Python, mandelbrot, 1,  7049.04, 1777.48, 1622.48, 0.00, 261.05, 519053, 2069086, 3438, 40.8, , 1
Python, mandelbrot, 1,  6957.25, 1734.13, 1579.67, 0.00, 258.63, 514304, 2050056, 3505, 40.8, , 1
Python, mandelbrot, 1,  6992.76, 1754.05, 1599.30, 0.00, 260.09, 517202, 2061681, 3513, 41.0, , 1
Python, mandelbrot, 1,  7059.85, 1790.56, 1635.47, 0.00, 261.20, 519366, 2070121, 3426, 41.2, , 1
Python, mandelbrot, 1,  7006.51, 1749.18, 1594.80, 0.00, 259.14, 515256, 2054048, 3439, 41.0, , 1
Python, mandelbrot, 1,  6960.05, 1709.38, 1554.52, 0.00, 258.51, 514056, 2049098, 3742, 41.0, , 1
Python, mandelbrot, 1,  6970.27, 1765.19, 1611.49, 0.00, 258.87, 514715, 2051481, 3706, 40.5, , 1
Python, mandelbrot, 1,  7034.26, 1768.04, 1614.47, 0.00, 258.68, 514352, 2050418, 3518, 41.0, , 1
Python, mandelbrot, 1,  7014.28, 1767.83, 1614.11, 0.00, 259.13, 515231, 2053808, 3676, 40.8, , 1
Python, n-body, 1,  12018.59, 1346.21, 1005.88, 0.00, 559.37, 1112606, 1112536, 12, 39.0, , 1
Python, n-body, 1,  12019.52, 1310.82, 972.47, 0.00, 559.26, 1112134, 1112106, 9, 39.0, , 1
Python, n-body, 1,  11964.03, 1327.16, 988.99, 0.00, 558.32, 1109972, 1109956, 22, 39.0, , 1
Python, n-body, 1,  12056.95, 1276.54, 938.99, 0.00, 559.16, 1111749, 1111628, 29, 39.2, , 1
Python, n-body, 1,  12134.71, 1312.05, 970.64, 0.00, 562.36, 1118111, 1117988, 28, 39.2, , 1
Python, n-body, 1,  12025.11, 1322.09, 982.57, 0.00, 559.76, 1112931, 1112876, 10, 39.2, , 1
Python, n-body, 1,  12017.41, 1330.11, 987.67, 0.00, 560.84, 1114885, 1114767, 32, 39.2, , 1
Python, n-body, 1,  11992.00, 1335.87, 994.05, 0.00, 560.46, 1114211, 1114087, 21, 39.2, , 1
Python, n-body, 1,  12151.46, 1312.95, 972.83, 0.00, 559.85, 1112976, 1112914, 8, 39.2, , 1
Python, n-body, 1,  12249.96, 1346.10, 999.60, 0.00, 569.78, 1132669, 1132588, 21, 39.0, , 1
Python, n-body, 1,  12168.31, 1327.23, 983.97, 0.00, 563.57, 1120526, 1120422, 23, 38.8, , 1
Python, n-body, 1,  12073.35, 1275.13, 937.59, 0.00, 560.51, 1114451, 1114411, 9, 38.8, , 1
Python, n-body, 1,  12070.41, 1341.06, 999.70, 0.00, 562.18, 1117602, 1117528, 14, 39.0, , 1
Python, n-body, 1,  12146.02, 1354.36, 1009.75, 0.00, 565.22, 1123908, 1123763, 25, 39.0, , 1
Python, n-body, 1,  12025.91, 1303.16, 961.52, 0.00, 561.92, 1117075, 1116952, 19, 39.8, , 1
Python, n-body, 1,  12027.11, 1279.93, 940.71, 0.00, 560.48, 1114191, 1114060, 29, 39.0, , 1
Python, n-body, 1,  12090.45, 1300.58, 960.04, 0.00, 564.59, 1121772, 1121787, 10, 39.2, , 1
Python, n-body, 1,  12163.55, 1296.33, 956.36, 0.00, 564.42, 1121980, 1121960, 8, 39.2, , 1
Python, n-body, 1,  12190.41, 1309.87, 970.08, 0.00, 559.45, 1112105, 1112007, 30, 39.2, , 1
Python, n-body, 1,  12111.84, 1314.36, 973.84, 0.00, 560.06, 1113326, 1113234, 21, 39.2, , 1
Python, regex-redux, 1,  379.68, 53.78, 43.86, 0.00, 17.69, 33042, 57303, 2076, 39.2, , 1
Python, regex-redux, 1,  380.23, 54.70, 44.74, 0.00, 17.65, 32983, 57211, 2129, 39.2, , 1
Python, regex-redux, 1,  379.46, 55.24, 45.28, 0.00, 17.65, 32995, 57227, 2053, 39.2, , 1
Python, regex-redux, 1,  377.41, 53.10, 43.25, 0.00, 17.63, 32925, 57186, 2074, 39.0, , 1
Python, regex-redux, 1,  380.73, 52.83, 43.00, 0.00, 17.61, 32907, 57076, 2165, 39.0, , 1
Python, regex-redux, 1,  379.27, 52.02, 42.17, 0.00, 17.63, 32916, 57214, 2025, 39.2, , 1
Python, regex-redux, 1,  387.05, 51.37, 41.43, 0.00, 17.89, 33396, 57561, 2171, 39.2, , 1
Python, regex-redux, 1,  378.99, 53.07, 43.23, 0.00, 17.63, 32929, 57156, 2128, 39.0, , 1
Python, regex-redux, 1,  379.02, 54.11, 44.20, 0.00, 17.64, 32942, 57265, 2069, 39.0, , 1
Python, regex-redux, 1,  378.70, 54.91, 44.99, 0.00, 17.65, 32935, 57147, 2132, 39.0, , 1
Python, regex-redux, 1,  377.73, 55.00, 45.03, 0.00, 17.69, 33015, 57238, 2067, 39.0, , 1
Python, regex-redux, 1,  379.13, 53.17, 43.27, 0.00, 17.66, 32973, 57343, 2037, 39.2, , 1
Python, regex-redux, 1,  379.90, 54.49, 44.54, 0.00, 17.72, 33095, 57413, 2129, 39.5, , 1
Python, regex-redux, 1,  381.70, 53.50, 43.61, 0.00, 17.67, 32982, 57210, 2111, 39.2, , 1
Python, regex-redux, 1,  378.77, 52.43, 42.58, 0.00, 17.61, 32839, 57159, 2016, 39.2, , 1
Python, regex-redux, 1,  382.10, 53.23, 43.42, 0.00, 17.64, 32923, 57306, 2102, 39.2, , 1
Python, regex-redux, 1,  379.10, 53.36, 43.48, 0.00, 17.66, 32947, 57253, 2092, 39.2, , 1
Python, regex-redux, 1,  377.99, 53.04, 43.15, 0.00, 17.65, 32947, 57272, 2041, 39.5, , 1
Python, regex-redux, 1,  380.35, 53.33, 43.47, 0.00, 17.64, 32929, 57100, 2211, 39.2, , 1
Python, regex-redux, 1,  379.25, 53.26, 43.40, 0.00, 17.63, 32911, 57234, 2015, 39.2, , 1
Python, reverse-complement, 1,  72.53, 9.59, 7.68, 0.00, 3.67, 6286, 7665, 1959, 39.2, , 1
Python, reverse-complement, 1,  72.31, 9.54, 7.64, 0.00, 3.66, 6267, 7510, 2075, 39.2, , 1
Python, reverse-complement, 1,  73.60, 9.55, 7.64, 0.00, 3.67, 6282, 7562, 2052, 39.0, , 1
Python, reverse-complement, 1,  72.95, 9.31, 7.41, 0.00, 3.66, 6268, 7604, 1980, 39.8, , 1
Python, reverse-complement, 1,  73.46, 9.56, 7.65, 0.00, 3.69, 6305, 7556, 2089, 39.2, , 1
Python, reverse-complement, 1,  73.16, 9.44, 7.54, 0.00, 3.68, 6293, 7565, 2053, 39.0, , 1
Python, reverse-complement, 1,  72.87, 9.00, 7.10, 0.00, 3.68, 6295, 7618, 2011, 39.2, , 1
Python, reverse-complement, 1,  72.11, 8.89, 7.01, 0.00, 3.67, 6284, 7631, 1997, 39.2, , 1
Python, reverse-complement, 1,  73.18, 9.44, 7.54, 0.00, 3.67, 6284, 7695, 1922, 39.2, , 1
Python, reverse-complement, 1,  73.27, 9.15, 7.26, 0.00, 3.67, 6281, 7722, 1904, 39.2, , 1
Python, reverse-complement, 1,  73.51, 9.39, 7.48, 0.00, 3.70, 6329, 7582, 2086, 39.2, , 1
Python, reverse-complement, 1,  73.67, 9.32, 7.43, 0.00, 3.68, 6302, 7613, 2026, 39.0, , 1
Python, reverse-complement, 1,  72.91, 9.22, 7.32, 0.00, 3.68, 6298, 7559, 2077, 39.0, , 1
Python, reverse-complement, 1,  73.24, 9.11, 7.23, 0.00, 3.66, 6263, 7515, 2074, 39.2, , 1
Python, reverse-complement, 1,  73.35, 9.17, 7.27, 0.00, 3.70, 6334, 7460, 2191, 38.8, , 1
Python, reverse-complement, 1,  73.34, 9.08, 7.19, 0.00, 3.68, 6290, 7465, 2159, 39.2, , 1
Python, reverse-complement, 1,  73.13, 8.96, 7.08, 0.00, 3.66, 6268, 7627, 1970, 38.8, , 1
Python, reverse-complement, 1,  73.30, 9.28, 7.38, 0.00, 3.66, 6261, 7405, 2172, 39.0, , 1
Python, reverse-complement, 1,  73.18, 9.05, 7.17, 0.00, 3.67, 6273, 7449, 2145, 39.2, , 1
Python, reverse-complement, 1,  73.43, 9.11, 7.22, 0.00, 3.67, 6275, 7655, 1952, 39.5, , 1
Python, spectral-norm, 1,  4825.91, 1196.74, 1088.59, 0.00, 180.72, 358995, 1430311, 344, 40.8, , 1
Python, spectral-norm, 1,  4957.56, 1202.36, 1090.99, 0.00, 185.81, 368961, 1469805, 386, 40.8, , 1
Python, spectral-norm, 1,  4822.67, 1188.64, 1080.50, 0.00, 180.56, 358643, 1429368, 389, 41.0, , 1
Python, spectral-norm, 1,  4816.65, 1193.31, 1085.18, 0.00, 180.56, 358626, 1429341, 364, 40.5, , 1
Python, spectral-norm, 1,  4841.44, 1213.23, 1104.44, 0.00, 181.79, 361104, 1439277, 382, 41.2, , 1
Python, spectral-norm, 1,  5138.12, 1272.45, 1156.82, 0.00, 193.29, 383979, 1509772, 385, 40.5, , 1
Python, spectral-norm, 1,  4822.57, 1205.66, 1097.36, 0.00, 181.13, 359762, 1431240, 387, 40.5, , 1
Python, spectral-norm, 1,  4825.38, 1203.20, 1094.94, 0.00, 180.88, 359301, 1431149, 379, 40.5, , 1
Python, spectral-norm, 1,  4824.92, 1212.89, 1105.03, 0.00, 180.53, 358591, 1429158, 400, 41.0, , 1
Python, spectral-norm, 1,  4861.65, 1190.20, 1081.42, 0.00, 181.69, 360822, 1437304, 331, 40.5, , 1
Python, spectral-norm, 1,  4849.55, 1186.26, 1077.36, 0.00, 181.66, 360838, 1437852, 387, 40.5, , 1
Python, spectral-norm, 1,  4825.14, 1159.99, 1051.61, 0.00, 180.55, 358615, 1428722, 407, 40.8, , 1
Python, spectral-norm, 1,  4855.61, 1163.99, 1055.06, 0.00, 181.63, 360785, 1437963, 378, 41.0, , 1
Python, spectral-norm, 1,  5174.32, 1230.48, 1113.14, 0.00, 195.43, 388193, 1513478, 386, 40.5, , 1
Python, spectral-norm, 1,  4863.14, 1183.45, 1074.27, 0.00, 181.73, 360958, 1438107, 407, 40.8, , 1
Python, spectral-norm, 1,  4873.20, 1195.54, 1086.61, 0.00, 181.86, 361165, 1439487, 398, 41.2, , 1
Python, spectral-norm, 1,  4821.24, 1174.07, 1065.53, 0.00, 180.58, 358627, 1428762, 408, 40.8, , 1
Python, spectral-norm, 1,  4834.15, 1170.37, 1062.01, 0.00, 180.74, 358966, 1430152, 406, 40.8, , 1
Python, spectral-norm, 1,  4861.42, 1187.62, 1078.73, 0.00, 181.75, 361058, 1438248, 406, 40.5, , 1
Python, spectral-norm, 1,  4866.62, 1187.02, 1078.08, 0.00, 181.76, 361039, 1438662, 347, 40.8, , 1
C, binary-trees, 2,  50.46, 10.61, 9.45, 0.00, 2.73, 3746, 11278, 596, 40.2, , 1
C, binary-trees, 2,  51.46, 10.72, 9.55, 0.00, 2.75, 3780, 11365, 580, 40.0, , 1
C, binary-trees, 2,  54.03, 11.26, 10.01, 0.00, 2.90, 4043, 11592, 581, 39.2, , 1
C, binary-trees, 2,  51.23, 10.82, 9.64, 0.00, 2.76, 3782, 11329, 588, 39.5, , 1
C, binary-trees, 2,  50.86, 10.75, 9.57, 0.00, 2.77, 3758, 11313, 573, 39.8, , 1
C, binary-trees, 2,  51.15, 11.07, 9.89, 0.00, 2.78, 3804, 11367, 580, 40.0, , 1
C, binary-trees, 2,  50.96, 11.01, 9.82, 0.00, 2.76, 3806, 11381, 571, 39.5, , 1
C, binary-trees, 2,  51.12, 10.94, 9.75, 0.00, 2.79, 3801, 11382, 582, 39.8, , 1
C, binary-trees, 2,  51.21, 11.03, 9.85, 0.00, 2.79, 3816, 11344, 616, 39.8, , 1
C, binary-trees, 2,  51.28, 11.11, 9.91, 0.00, 2.78, 3823, 11382, 614, 39.8, , 1
C, binary-trees, 2,  51.42, 10.97, 9.79, 0.00, 2.78, 3800, 11378, 583, 39.5, , 1
C, binary-trees, 2,  51.38, 10.88, 9.71, 0.00, 2.75, 3768, 11337, 574, 39.2, , 1
C, binary-trees, 2,  51.24, 10.81, 9.64, 0.00, 2.76, 3759, 11306, 568, 39.8, , 1
C, binary-trees, 2,  50.60, 10.82, 9.65, 0.00, 2.76, 3763, 11305, 580, 39.5, , 1
C, binary-trees, 2,  51.46, 11.00, 9.82, 0.00, 2.77, 3792, 11362, 589, 39.5, , 1
C, binary-trees, 2,  51.46, 11.02, 9.84, 0.00, 2.79, 3821, 11385, 598, 39.5, , 1
C, binary-trees, 2,  51.01, 10.75, 9.57, 0.00, 2.76, 3774, 11338, 577, 39.8, , 1
C, binary-trees, 2,  50.70, 10.83, 9.67, 0.00, 2.75, 3750, 11300, 588, 39.5, , 1
C, binary-trees, 2,  51.21, 10.94, 9.76, 0.00, 2.78, 3792, 11344, 608, 39.8, , 1
C, binary-trees, 2,  50.73, 10.85, 9.67, 0.00, 2.77, 3769, 11308, 587, 39.5, , 1
C, fannkuch-redux, 2,  114.05, 22.80, 20.18, 0.00, 4.47, 8899, 35332, 0, 39.5, , 1
C, fannkuch-redux, 2,  114.10, 22.99, 20.36, 0.00, 4.49, 8927, 35359, 1, 39.2, , 1
C, fannkuch-redux, 2,  114.38, 22.85, 20.22, 0.00, 4.48, 8901, 35331, 1, 39.8, , 1
C, fannkuch-redux, 2,  113.65, 22.81, 20.15, 0.00, 4.50, 8935, 35366, 3, 39.5, , 1
C, fannkuch-redux, 2,  113.51, 22.88, 20.25, 0.00, 4.48, 8904, 35352, 35352, 39.2, , 1
C, fannkuch-redux, 2,  114.07, 23.19, 20.56, 0.00, 4.47, 8894, 35347, 3, 39.5, , 1
C, fannkuch-redux, 2,  113.37, 23.50, 20.86, 0.00, 4.47, 8886, 35329, 3, 39.5, , 1
C, fannkuch-redux, 2,  113.45, 23.40, 20.75, 0.00, 4.48, 8913, 35350, 1, 39.5, , 1
C, fannkuch-redux, 2,  113.78, 22.68, 20.08, 0.00, 4.48, 8911, 35349, 2, 39.5, , 1
C, fannkuch-redux, 2,  113.81, 22.95, 20.31, 0.00, 4.48, 8909, 35366, 0, 39.5, , 1
C, fannkuch-redux, 2,  113.60, 23.81, 21.15, 0.00, 4.49, 8911, 35369, 0, 39.5, , 1
C, fannkuch-redux, 2,  113.36, 23.73, 21.08, 0.00, 4.48, 8912, 35359, 3, 39.8, , 1
C, fannkuch-redux, 2,  113.56, 23.87, 21.19, 0.00, 4.48, 8903, 35340, 1, 39.2, , 1
C, fannkuch-redux, 2,  114.11, 23.26, 20.61, 0.00, 4.48, 8918, 35365, 4, 39.5, , 1
C, fannkuch-redux, 2,  114.21, 23.11, 20.45, 0.00, 4.49, 8927, 35364, 5, 39.5, , 1
C, fannkuch-redux, 2,  114.76, 23.06, 20.40, 0.00, 4.53, 8987, 35371, 2, 39.5, , 1
C, fannkuch-redux, 2,  113.79, 22.95, 20.32, 0.00, 4.48, 8896, 35350, 2, 39.8, , 1
C, fannkuch-redux, 2,  113.75, 23.36, 20.72, 0.00, 4.48, 8901, 35331, 3, 39.8, , 1
C, fannkuch-redux, 2,  113.22, 23.40, 20.76, 0.00, 4.47, 8886, 35340, 0, 39.5, , 1
C, fannkuch-redux, 2,  113.64, 22.99, 20.36, 0.00, 4.47, 8897, 35345, 3, 39.5, , 1
C, fasta, 2,  17.79, 2.87, 2.43, 0.00, 0.73, 1458, 1427, 31, 39.5, , 1
C, fasta, 2,  17.80, 2.92, 2.48, 0.00, 0.75, 1484, 1444, 39, 39.5, , 1
C, fasta, 2,  18.10, 2.92, 2.48, 0.00, 0.75, 1480, 1452, 27, 39.2, , 1
C, fasta, 2,  17.48, 2.85, 2.42, 0.00, 0.73, 1450, 1421, 28, 39.2, , 1
C, fasta, 2,  17.38, 2.84, 2.41, 0.00, 0.73, 1443, 1414, 29, 39.5, , 1
C, fasta, 2,  17.63, 2.85, 2.42, 0.00, 0.73, 1448, 1423, 25, 39.2, , 1
C, fasta, 2,  17.35, 2.82, 2.38, 0.00, 0.72, 1430, 1389, 40, 39.8, , 1
C, fasta, 2,  17.50, 2.86, 2.42, 0.00, 0.73, 1450, 1414, 35, 39.5, , 1
C, fasta, 2,  17.23, 2.81, 2.37, 0.00, 0.72, 1423, 1389, 34, 39.2, , 1
C, fasta, 2,  17.33, 2.81, 2.38, 0.00, 0.72, 1422, 1391, 30, 39.2, , 1
C, fasta, 2,  17.22, 2.82, 2.38, 0.00, 0.72, 1426, 1399, 27, 39.5, , 1
C, fasta, 2,  17.67, 2.87, 2.43, 0.00, 0.73, 1457, 1422, 35, 39.8, , 1
C, fasta, 2,  17.94, 2.91, 2.46, 0.00, 0.75, 1477, 1444, 33, 39.8, , 1
C, fasta, 2,  17.95, 2.93, 2.49, 0.00, 0.75, 1492, 1465, 26, 39.2, , 1
C, fasta, 2,  17.52, 2.85, 2.41, 0.00, 0.73, 1446, 1418, 27, 39.2, , 1
C, fasta, 2,  17.72, 2.91, 2.47, 0.00, 0.74, 1480, 1444, 36, 39.5, , 1
C, fasta, 2,  17.87, 2.94, 2.49, 0.00, 0.75, 1495, 1451, 42, 39.2, , 1
C, fasta, 2,  18.31, 3.01, 2.56, 0.00, 0.77, 1532, 1500, 32, 39.5, , 1
C, fasta, 2,  18.19, 2.99, 2.54, 0.00, 0.77, 1521, 1498, 23, 39.0, , 1
C, fasta, 2,  18.03, 2.93, 2.48, 0.00, 0.75, 1489, 1454, 34, 39.2, , 1
C, k-nucleotide, 2,  145.94, 32.18, 29.06, 0.00, 8.38, 10630, 36936, 241, 39.2, , 1
C, k-nucleotide, 2,  152.76, 31.88, 28.56, 0.00, 8.75, 11250, 37257, 488, 39.8, , 1
C, k-nucleotide, 2,  145.16, 31.71, 28.61, 0.00, 8.08, 10586, 36435, 256, 39.8, , 1
C, k-nucleotide, 2,  146.11, 31.07, 27.95, 0.00, 8.27, 10618, 36639, 271, 39.5, , 1
C, k-nucleotide, 2,  146.46, 31.38, 28.24, 0.00, 8.50, 10598, 36888, 286, 39.8, , 1
C, k-nucleotide, 2,  147.45, 31.14, 28.00, 0.00, 8.52, 10645, 37079, 213, 39.2, , 1
C, k-nucleotide, 2,  147.31, 32.24, 29.10, 0.00, 8.44, 10652, 37068, 264, 39.5, , 1
C, k-nucleotide, 2,  148.32, 32.41, 29.24, 0.00, 8.52, 10710, 36998, 258, 39.5, , 1
C, k-nucleotide, 2,  147.69, 32.39, 29.23, 0.00, 8.92, 10600, 36957, 244, 39.0, , 1
C, k-nucleotide, 2,  145.45, 31.77, 28.67, 0.00, 7.97, 10605, 36502, 258, 39.8, , 1
C, k-nucleotide, 2,  144.80, 31.51, 28.43, 0.00, 8.01, 10546, 36430, 212, 39.5, , 1
C, k-nucleotide, 2,  145.28, 31.83, 28.71, 0.00, 8.51, 10539, 36622, 250, 40.0, , 1
C, k-nucleotide, 2,  145.08, 31.66, 28.55, 0.00, 7.76, 10600, 36348, 236, 39.5, , 1
C, k-nucleotide, 2,  147.05, 31.68, 28.54, 0.00, 8.64, 10620, 37001, 223, 39.5, , 1
C, k-nucleotide, 2,  146.59, 31.64, 28.50, 0.00, 8.41, 10639, 36939, 239, 39.2, , 1
C, k-nucleotide, 2,  145.26, 31.67, 28.58, 0.00, 8.33, 10543, 36510, 255, 39.2, , 1
C, k-nucleotide, 2,  144.44, 31.17, 28.09, 0.00, 8.08, 10538, 36404, 278, 39.5, , 1
C, k-nucleotide, 2,  147.12, 31.86, 28.67, 0.00, 9.16, 10580, 37010, 203, 39.5, , 1
C, k-nucleotide, 2,  145.91, 31.50, 28.35, 0.00, 8.83, 10541, 36707, 236, 39.2, , 1
C, k-nucleotide, 2,  146.77, 31.74, 28.59, 0.00, 8.56, 10658, 37109, 251, 39.5, , 1
C, mandelbrot, 2,  54.27, 10.98, 9.67, 0.00, 2.16, 4278, 17005, 69, 39.5, , 1
C, mandelbrot, 2,  54.30, 11.03, 9.73, 0.00, 2.17, 4281, 17024, 62, 39.8, , 1
C, mandelbrot, 2,  54.42, 10.79, 9.49, 0.00, 2.16, 4275, 17013, 64, 39.5, , 1
C, mandelbrot, 2,  54.34, 10.85, 9.56, 0.00, 2.16, 4272, 17006, 57, 39.5, , 1
C, mandelbrot, 2,  54.30, 10.76, 9.46, 0.00, 2.16, 4279, 17022, 59, 39.5, , 1
C, mandelbrot, 2,  54.44, 10.97, 9.66, 0.00, 2.16, 4277, 17033, 53, 39.8, , 1
C, mandelbrot, 2,  54.11, 11.02, 9.70, 0.00, 2.16, 4274, 17012, 66, 39.8, , 1
C, mandelbrot, 2,  54.33, 10.99, 9.69, 0.00, 2.16, 4276, 17027, 58, 39.5, , 1
C, mandelbrot, 2,  54.58, 10.78, 9.48, 0.00, 2.16, 4273, 17000, 70, 39.8, , 1
C, mandelbrot, 2,  54.17, 10.90, 9.60, 0.00, 2.16, 4275, 17015, 64, 39.5, , 1
C, mandelbrot, 2,  54.42, 11.00, 9.69, 0.00, 2.16, 4280, 17008, 74, 39.2, , 1
C, mandelbrot, 2,  54.41, 10.87, 9.56, 0.00, 2.16, 4277, 17004, 75, 39.5, , 1
C, mandelbrot, 2,  54.10, 10.95, 9.64, 0.00, 2.16, 4274, 17011, 67, 39.8, , 1
C, mandelbrot, 2,  54.22, 11.01, 9.70, 0.00, 2.16, 4271, 16983, 80, 39.8, , 1
C, mandelbrot, 2,  54.32, 11.12, 9.82, 0.00, 2.16, 4275, 17007, 72, 39.2, , 1
C, mandelbrot, 2,  54.25, 11.10, 9.79, 0.00, 2.16, 4281, 17020, 61, 39.5, , 1
C, mandelbrot, 2,  54.19, 11.03, 9.71, 0.00, 2.16, 4278, 17020, 67, 39.5, , 1
C, mandelbrot, 2,  54.28, 11.05, 9.74, 0.00, 2.16, 4277, 16998, 85, 39.5, , 1
C, mandelbrot, 2,  54.33, 11.01, 9.70, 0.00, 2.16, 4279, 17019, 59, 39.2, , 1
C, mandelbrot, 2,  54.48, 10.93, 9.62, 0.00, 2.16, 4278, 17015, 65, 39.5, , 1
C, n-body, 2,  50.52, 8.26, 7.00, 0.00, 2.11, 4194, 4192, 1, 39.5, , 1
C, n-body, 2,  50.16, 8.19, 6.94, 0.00, 2.09, 4157, 4156, 1, 39.2, , 1
C, n-body, 2,  49.75, 8.13, 6.89, 0.00, 2.08, 4130, 4129, 1, 39.5, , 1
C, n-body, 2,  49.85, 8.15, 6.91, 0.00, 2.08, 4140, 4138, 1, 40.0, , 1
C, n-body, 2,  50.16, 8.15, 6.90, 0.00, 2.08, 4135, 4132, 2, 39.8, , 1
C, n-body, 2,  50.63, 8.32, 7.04, 0.00, 2.12, 4219, 4219, 4219, 39.5, , 1
C, n-body, 2,  49.87, 8.14, 6.90, 0.00, 2.08, 4133, 4131, 1, 39.2, , 1
C, n-body, 2,  50.22, 8.22, 6.96, 0.00, 2.10, 4170, 4169, 1, 39.5, , 1
C, n-body, 2,  50.00, 8.16, 6.91, 0.00, 2.08, 4142, 4139, 2, 39.0, , 1
C, n-body, 2,  50.33, 8.25, 6.99, 0.00, 2.11, 4189, 4188, 1, 39.2, , 1
C, n-body, 2,  50.31, 8.23, 6.97, 0.00, 2.10, 4174, 4173, 1, 39.5, , 1
C, n-body, 2,  50.26, 8.18, 6.93, 0.00, 2.09, 4154, 4152, 2, 39.5, , 1
C, n-body, 2,  50.14, 8.21, 6.95, 0.00, 2.10, 4164, 4163, 2, 39.2, , 1
C, n-body, 2,  49.86, 8.17, 6.92, 0.00, 2.08, 4143, 4142, 1, 39.0, , 1
C, n-body, 2,  50.36, 8.19, 6.92, 0.00, 2.09, 4155, 4153, 1, 39.5, , 1
C, n-body, 2,  50.45, 8.19, 6.94, 0.00, 2.09, 4159, 4158, 1, 39.8, , 1
C, n-body, 2,  50.29, 8.18, 6.93, 0.00, 2.09, 4152, 4150, 1, 39.5, , 1
C, n-body, 2,  50.25, 8.17, 6.92, 0.00, 2.09, 4149, 4147, 1, 39.5, , 1
C, n-body, 2,  50.88, 8.19, 6.93, 0.00, 2.09, 4153, 4152, 1, 39.2, , 1
C, n-body, 2,  50.41, 8.21, 6.95, 0.00, 2.10, 4167, 4166, 1, 39.5, , 1
C, regex-redux, 2,  32.69, 6.50, 5.73, 0.00, 1.54, 2512, 7363, 273, 39.5, , 1
C, regex-redux, 2,  32.79, 6.55, 5.79, 0.00, 1.55, 2528, 7385, 267, 39.5, , 1
C, regex-redux, 2,  32.80, 6.57, 5.80, 0.00, 1.55, 2531, 7349, 273, 39.5, , 1
C, regex-redux, 2,  33.16, 6.70, 5.94, 0.00, 1.56, 2540, 7407, 263, 39.5, , 1
C, regex-redux, 2,  32.89, 6.58, 5.81, 0.00, 1.56, 2539, 7391, 272, 39.5, , 1
C, regex-redux, 2,  33.19, 6.79, 6.02, 0.00, 1.57, 2551, 7421, 264, 39.5, , 1
C, regex-redux, 2,  32.81, 6.64, 5.87, 0.00, 1.55, 2525, 7403, 248, 39.5, , 1
C, regex-redux, 2,  32.79, 6.51, 5.75, 0.00, 1.55, 2528, 7378, 274, 40.0, , 1
C, regex-redux, 2,  32.99, 6.57, 5.81, 0.00, 1.55, 2525, 7362, 255, 39.5, , 1
C, regex-redux, 2,  32.97, 6.56, 5.80, 0.00, 1.55, 2533, 7348, 281, 39.5, , 1
C, regex-redux, 2,  32.91, 6.55, 5.79, 0.00, 1.55, 2527, 7387, 267, 39.5, , 1
C, regex-redux, 2,  32.88, 6.59, 5.83, 0.00, 1.56, 2535, 7384, 277, 39.5, , 1
C, regex-redux, 2,  32.89, 6.61, 5.84, 0.00, 1.56, 2540, 7363, 273, 39.2, , 1
C, regex-redux, 2,  32.93, 6.57, 5.80, 0.00, 1.56, 2537, 7361, 269, 39.5, , 1
C, regex-redux, 2,  32.88, 6.57, 5.80, 0.00, 1.56, 2535, 7403, 250, 39.5, , 1
C, regex-redux, 2,  32.96, 6.62, 5.85, 0.00, 1.56, 2546, 7422, 253, 39.8, , 1
C, regex-redux, 2,  32.75, 6.54, 5.78, 0.00, 1.55, 2524, 7374, 272, 39.2, , 1
C, regex-redux, 2,  32.92, 6.56, 5.80, 0.00, 1.56, 2533, 7388, 270, 39.8, , 1
C, regex-redux, 2,  32.95, 6.64, 5.87, 0.00, 1.56, 2539, 7395, 269, 39.8, , 1
C, regex-redux, 2,  33.51, 6.71, 5.94, 0.00, 1.57, 2548, 7404, 272, 39.5, , 1
C, reverse-complement, 2,  3.22, 0.52, 0.43, 0.00, 0.24, 242, 161, 184, 38.8, , 1
C, reverse-complement, 2,  3.25, 0.51, 0.42, 0.00, 0.24, 242, 160, 185, 38.8, , 1
C, reverse-complement, 2,  3.21, 0.50, 0.42, 0.00, 0.23, 239, 147, 196, 38.8, , 1
C, reverse-complement, 2,  3.27, 0.51, 0.42, 0.00, 0.24, 243, 154, 193, 39.5, , 1
C, reverse-complement, 2,  3.26, 0.51, 0.43, 0.00, 0.24, 243, 154, 195, 38.8, , 1
C, reverse-complement, 2,  3.26, 0.52, 0.43, 0.00, 0.24, 244, 153, 197, 38.8, , 1
C, reverse-complement, 2,  3.26, 0.51, 0.43, 0.00, 0.24, 244, 149, 199, 38.8, , 1
C, reverse-complement, 2,  3.27, 0.52, 0.43, 0.00, 0.24, 246, 144, 206, 39.5, , 1
C, reverse-complement, 2,  3.23, 0.51, 0.42, 0.00, 0.24, 242, 154, 192, 38.8, , 1
C, reverse-complement, 2,  3.33, 0.52, 0.43, 0.00, 0.24, 248, 158, 193, 38.8, , 1
C, reverse-complement, 2,  3.25, 0.51, 0.43, 0.00, 0.24, 242, 155, 191, 38.8, , 1
C, reverse-complement, 2,  3.24, 0.51, 0.42, 0.00, 0.24, 243, 154, 193, 39.5, , 1
C, reverse-complement, 2,  3.21, 0.51, 0.42, 0.00, 0.23, 240, 147, 197, 38.8, , 1
C, reverse-complement, 2,  3.28, 0.52, 0.43, 0.00, 0.24, 246, 161, 191, 38.8, , 1
C, reverse-complement, 2,  3.24, 0.51, 0.42, 0.00, 0.24, 242, 151, 195, 38.8, , 1
C, reverse-complement, 2,  3.27, 0.51, 0.43, 0.00, 0.24, 243, 144, 203, 39.8, , 1
C, reverse-complement, 2,  3.29, 0.52, 0.43, 0.00, 0.24, 247, 161, 190, 38.8, , 1
C, reverse-complement, 2,  3.24, 0.51, 0.42, 0.00, 0.24, 242, 144, 202, 38.8, , 1
C, reverse-complement, 2,  3.27, 0.51, 0.43, 0.00, 0.24, 245, 154, 195, 38.8, , 1
C, reverse-complement, 2,  3.26, 0.51, 0.43, 0.00, 0.24, 244, 157, 190, 39.5, , 1
C, spectral-norm, 2,  17.76, 3.93, 3.52, 0.00, 0.70, 1379, 5506, 0, 39.5, , 1
C, spectral-norm, 2,  18.13, 3.92, 3.51, 0.00, 0.70, 1386, 5525, 4, 39.2, , 1
C, spectral-norm, 2,  18.04, 3.91, 3.50, 0.00, 0.70, 1393, 5546, 4, 39.5, , 1
C, spectral-norm, 2,  17.97, 3.98, 3.57, 0.00, 0.70, 1382, 5512, 3, 39.0, , 1
C, spectral-norm, 2,  17.95, 4.00, 3.59, 0.00, 0.70, 1381, 5513, 0, 39.5, , 1
C, spectral-norm, 2,  17.90, 4.02, 3.61, 0.00, 0.69, 1380, 5512, 5512, 39.8, , 1
C, spectral-norm, 2,  17.69, 3.98, 3.57, 0.00, 0.70, 1384, 5518, 2, 39.8, , 1
C, spectral-norm, 2,  17.79, 3.87, 3.46, 0.00, 0.70, 1380, 5511, 5511, 39.5, , 1
C, spectral-norm, 2,  17.87, 3.87, 3.46, 0.00, 0.70, 1380, 5511, 0, 39.8, , 1
C, spectral-norm, 2,  17.96, 3.85, 3.45, 0.00, 0.70, 1381, 5513, 1, 39.5, , 1
C, spectral-norm, 2,  17.85, 3.88, 3.47, 0.00, 0.70, 1382, 5513, 2, 39.5, , 1
C, spectral-norm, 2,  17.96, 3.88, 3.47, 0.00, 0.70, 1388, 5534, 0, 39.5, , 1
C, spectral-norm, 2,  18.30, 3.89, 3.48, 0.00, 0.70, 1384, 5518, 4, 39.2, , 1
C, spectral-norm, 2,  18.05, 3.85, 3.44, 0.00, 0.70, 1380, 5500, 3, 39.5, , 1
C, spectral-norm, 2,  18.42, 3.86, 3.45, 0.00, 0.71, 1399, 5566, 1, 39.2, , 1
C, spectral-norm, 2,  17.92, 3.85, 3.44, 0.00, 0.69, 1377, 5494, 1, 39.5, , 1
C, spectral-norm, 2,  18.24, 3.84, 3.43, 0.00, 0.70, 1382, 5510, 2, 39.5, , 1
C, spectral-norm, 2,  18.45, 3.93, 3.51, 0.00, 0.72, 1418, 5659, 1, 39.5, , 1
C, spectral-norm, 2,  17.95, 3.87, 3.47, 0.00, 0.69, 1377, 5496, 2, 39.5, , 1
C, spectral-norm, 2,  18.28, 4.02, 3.60, 0.00, 0.71, 1400, 5569, 2, 39.5, , 1
C++, binary-trees, 2,  43.87, 9.88, 8.86, 0.00, 2.46, 3178, 11058, 409, 39.2, , 1
C++, binary-trees, 2,  43.94, 9.85, 8.83, 0.00, 2.39, 3182, 11067, 421, 39.5, , 1
C++, binary-trees, 2,  44.20, 10.00, 8.97, 0.00, 2.37, 3202, 11157, 440, 39.5, , 1
C++, binary-trees, 2,  45.33, 10.03, 8.94, 0.00, 2.60, 3295, 11351, 612, 39.8, , 1
C++, binary-trees, 2,  44.84, 9.82, 8.74, 0.00, 2.56, 3244, 11288, 558, 39.5, , 1
C++, binary-trees, 2,  42.88, 9.50, 8.50, 0.00, 2.41, 3105, 10988, 343, 40.0, , 1
C++, binary-trees, 2,  43.79, 9.79, 8.76, 0.00, 2.37, 3203, 11128, 464, 39.5, , 1
C++, binary-trees, 2,  44.16, 9.83, 8.78, 0.00, 2.53, 3158, 11060, 416, 39.5, , 1
C++, binary-trees, 2,  43.50, 9.64, 8.62, 0.00, 2.38, 3174, 11063, 373, 39.5, , 1
C++, binary-trees, 2,  44.03, 10.00, 8.98, 0.00, 2.38, 3216, 11116, 501, 39.5, , 1
C++, binary-trees, 2,  43.29, 9.97, 8.96, 0.00, 2.38, 3161, 10969, 398, 39.5, , 1
C++, binary-trees, 2,  44.24, 9.81, 8.78, 0.00, 2.39, 3207, 11146, 448, 39.5, , 1
C++, binary-trees, 2,  45.35, 10.09, 9.04, 0.00, 2.52, 3262, 11253, 497, 40.2, , 1
C++, binary-trees, 2,  43.64, 9.59, 8.58, 0.00, 2.39, 3138, 10935, 358, 39.5, , 1
C++, binary-trees, 2,  43.95, 9.72, 8.67, 0.00, 2.47, 3198, 11065, 394, 39.5, , 1
C++, binary-trees, 2,  43.18, 9.60, 8.58, 0.00, 2.42, 3128, 10981, 322, 39.5, , 1
C++, binary-trees, 2,  43.73, 9.71, 8.69, 0.00, 2.37, 3184, 11107, 423, 39.5, , 1
C++, binary-trees, 2,  44.11, 9.75, 8.73, 0.00, 2.38, 3204, 11161, 444, 39.8, , 1
C++, binary-trees, 2,  43.34, 9.53, 8.52, 0.00, 2.36, 3136, 10960, 380, 39.5, , 1
C++, binary-trees, 2,  43.73, 9.64, 8.63, 0.00, 2.44, 3156, 11094, 447, 39.8, , 1
C++, fannkuch-redux, 2,  199.57, 37.52, 32.61, 0.00, 8.04, 15992, 63390, 5, 39.5, , 1
C++, fannkuch-redux, 2,  201.03, 37.41, 32.49, 0.00, 8.05, 16003, 63410, 6, 39.5, , 1
C++, fannkuch-redux, 2,  200.81, 37.24, 32.31, 0.00, 8.04, 15970, 63353, 2, 39.2, , 1
C++, fannkuch-redux, 2,  200.22, 38.32, 33.48, 0.00, 8.04, 15987, 63393, 2, 39.5, , 1
C++, fannkuch-redux, 2,  200.00, 37.73, 32.84, 0.00, 8.05, 15994, 63372, 7, 39.8, , 1
C++, fannkuch-redux, 2,  201.16, 37.43, 32.52, 0.00, 8.02, 15959, 63286, 5, 39.5, , 1
C++, fannkuch-redux, 2,  200.40, 37.38, 32.46, 0.00, 8.05, 16005, 63402, 5, 39.5, , 1
C++, fannkuch-redux, 2,  199.32, 37.91, 33.04, 0.00, 8.03, 15963, 63314, 1, 39.8, , 1
C++, fannkuch-redux, 2,  201.01, 37.73, 32.84, 0.00, 8.04, 15993, 63359, 3, 39.2, , 1
C++, fannkuch-redux, 2,  199.49, 37.56, 32.68, 0.00, 8.04, 15987, 63356, 5, 39.8, , 1
C++, fannkuch-redux, 2,  199.00, 37.58, 32.67, 0.00, 8.04, 15996, 63419, 6, 40.0, , 1
C++, fannkuch-redux, 2,  201.03, 37.60, 32.70, 0.00, 8.05, 16004, 63402, 4, 39.5, , 1
C++, fannkuch-redux, 2,  198.56, 37.76, 32.85, 0.00, 8.05, 16002, 63398, 5, 39.5, , 1
C++, fannkuch-redux, 2,  197.74, 37.98, 33.11, 0.00, 8.05, 15992, 63376, 3, 39.8, , 1
C++, fannkuch-redux, 2,  197.22, 37.73, 32.84, 0.00, 8.03, 15956, 63322, 1, 39.5, , 1
C++, fannkuch-redux, 2,  199.26, 38.21, 33.35, 0.00, 8.04, 15993, 63417, 3, 39.8, , 1
C++, fannkuch-redux, 2,  198.88, 38.32, 33.47, 0.00, 8.03, 15979, 63366, 2, 39.5, , 1
C++, fannkuch-redux, 2,  198.17, 38.16, 33.30, 0.00, 8.05, 16005, 63411, 3, 39.5, , 1
C++, fannkuch-redux, 2,  198.44, 39.08, 34.26, 0.00, 8.06, 16026, 63415, 5, 39.2, , 1
C++, fannkuch-redux, 2,  199.99, 38.88, 34.05, 0.00, 8.06, 16029, 63422, 1, 39.5, , 1
C++, fasta, 2,  23.99, 3.95, 3.35, 0.00, 1.01, 1999, 3964, 22, 39.8, , 1
C++, fasta, 2,  24.21, 3.98, 3.38, 0.00, 1.01, 2010, 3986, 19, 39.5, , 1
C++, fasta, 2,  24.38, 3.94, 3.34, 0.00, 1.00, 1994, 3957, 18, 39.2, , 1
C++, fasta, 2,  24.68, 4.04, 3.43, 0.00, 1.03, 2050, 4070, 15, 39.2, , 1
C++, fasta, 2,  23.77, 3.87, 3.28, 0.00, 0.99, 1962, 3887, 22, 39.2, , 1
C++, fasta, 2,  23.83, 3.87, 3.28, 0.00, 0.99, 1959, 3890, 13, 39.2, , 1
C++, fasta, 2,  24.28, 3.97, 3.36, 0.00, 1.02, 2015, 4001, 13, 39.5, , 1
C++, fasta, 2,  24.18, 3.94, 3.34, 0.00, 1.01, 1998, 3973, 8, 39.5, , 1
C++, fasta, 2,  24.80, 4.03, 3.41, 0.00, 1.03, 2043, 4053, 19, 39.2, , 1
C++, fasta, 2,  24.22, 3.99, 3.38, 0.00, 1.02, 2019, 4012, 15, 39.5, , 1
C++, fasta, 2,  23.88, 3.93, 3.33, 0.00, 1.01, 1995, 3955, 20, 39.2, , 1
C++, fasta, 2,  24.19, 4.00, 3.39, 0.00, 1.02, 2030, 4027, 18, 39.5, , 1
C++, fasta, 2,  24.20, 3.98, 3.38, 0.00, 1.02, 2019, 4009, 16, 39.5, , 1
C++, fasta, 2,  24.76, 4.08, 3.46, 0.00, 1.04, 2065, 4097, 21, 39.5, , 1
C++, fasta, 2,  24.68, 4.09, 3.46, 0.00, 1.04, 2073, 4114, 16, 39.5, , 1
C++, fasta, 2,  24.41, 3.99, 3.38, 0.00, 1.02, 2024, 4011, 21, 39.5, , 1
C++, fasta, 2,  25.06, 4.09, 3.46, 0.00, 1.05, 2075, 4119, 16, 39.8, , 1
C++, fasta, 2,  23.84, 3.89, 3.29, 0.00, 0.99, 1972, 3910, 20, 39.2, , 1
C++, fasta, 2,  24.13, 3.92, 3.33, 0.00, 1.00, 1991, 3950, 17, 39.8, , 1
C++, fasta, 2,  24.14, 3.91, 3.32, 0.00, 1.00, 1987, 3938, 21, 39.5, , 1
C++, k-nucleotide, 2,  76.03, 14.56, 12.51, 0.00, 6.15, 5468, 17044, 426, 39.2, , 1
C++, k-nucleotide, 2,  75.92, 14.48, 12.43, 0.00, 6.23, 5491, 17030, 386, 39.5, , 1
C++, k-nucleotide, 2,  75.49, 14.45, 12.42, 0.00, 6.07, 5424, 16961, 398, 39.2, , 1
C++, k-nucleotide, 2,  74.29, 14.46, 12.45, 0.00, 6.17, 5282, 16998, 364, 39.5, , 1
C++, k-nucleotide, 2,  74.66, 14.62, 12.63, 0.00, 6.01, 5321, 16878, 403, 39.8, , 1
C++, k-nucleotide, 2,  73.00, 14.30, 12.33, 0.00, 5.91, 5230, 16762, 382, 39.8, , 1
C++, k-nucleotide, 2,  74.29, 14.47, 12.45, 0.00, 6.03, 5351, 16972, 392, 39.5, , 1
C++, k-nucleotide, 2,  74.57, 14.53, 12.51, 0.00, 6.08, 5340, 16963, 361, 40.0, , 1
C++, k-nucleotide, 2,  73.95, 14.51, 12.52, 0.00, 6.03, 5279, 16851, 398, 39.2, , 1
C++, k-nucleotide, 2,  73.61, 14.27, 12.29, 0.00, 6.02, 5252, 16818, 364, 39.5, , 1
C++, k-nucleotide, 2,  74.18, 14.31, 12.31, 0.00, 6.06, 5262, 16948, 366, 39.8, , 1
C++, k-nucleotide, 2,  73.94, 14.14, 12.15, 0.00, 6.05, 5256, 16888, 379, 39.8, , 1
C++, k-nucleotide, 2,  74.68, 14.22, 12.20, 0.00, 6.11, 5346, 16948, 383, 39.5, , 1
C++, k-nucleotide, 2,  73.72, 14.41, 12.43, 0.00, 5.98, 5247, 16814, 386, 39.8, , 1
C++, k-nucleotide, 2,  75.52, 14.59, 12.55, 0.00, 6.11, 5434, 17013, 417, 39.5, , 1
C++, k-nucleotide, 2,  77.52, 14.46, 12.38, 0.00, 6.25, 5587, 17099, 428, 39.5, , 1
C++, k-nucleotide, 2,  74.37, 14.44, 12.43, 0.00, 6.06, 5310, 17015, 357, 40.0, , 1
C++, k-nucleotide, 2,  73.59, 14.37, 12.39, 0.00, 5.99, 5240, 16817, 367, 39.5, , 1
C++, k-nucleotide, 2,  74.61, 14.55, 12.54, 0.00, 6.17, 5301, 17018, 396, 39.8, , 1
C++, k-nucleotide, 2,  74.37, 14.38, 12.37, 0.00, 6.10, 5290, 16972, 388, 40.2, , 1
C++, mandelbrot, 2,  42.08, 8.75, 7.76, 0.00, 1.68, 3318, 13035, 63, 39.8, , 1
C++, mandelbrot, 2,  41.97, 9.06, 8.05, 0.00, 1.68, 3319, 13039, 56, 40.0, , 1
C++, mandelbrot, 2,  41.90, 8.84, 7.83, 0.00, 1.68, 3325, 13041, 54, 39.8, , 1
C++, mandelbrot, 2,  42.16, 8.89, 7.89, 0.00, 1.68, 3321, 13030, 66, 39.5, , 1
C++, mandelbrot, 2,  42.30, 8.88, 7.88, 0.00, 1.68, 3320, 13025, 65, 39.5, , 1
C++, mandelbrot, 2,  41.98, 8.83, 7.83, 0.00, 1.68, 3320, 13046, 57, 39.5, , 1
C++, mandelbrot, 2,  42.08, 8.90, 7.90, 0.00, 1.68, 3321, 13023, 65, 39.8, , 1
C++, mandelbrot, 2,  41.97, 8.88, 7.87, 0.00, 1.68, 3326, 13049, 52, 39.8, , 1
C++, mandelbrot, 2,  42.04, 8.80, 7.80, 0.00, 1.68, 3317, 13044, 50, 39.5, , 1
C++, mandelbrot, 2,  42.15, 8.85, 7.85, 0.00, 1.68, 3318, 13016, 71, 39.8, , 1
C++, mandelbrot, 2,  42.01, 8.80, 7.80, 0.00, 1.68, 3322, 13035, 68, 39.5, , 1
C++, mandelbrot, 2,  41.98, 8.89, 7.89, 0.00, 1.68, 3318, 13037, 54, 39.5, , 1
C++, mandelbrot, 2,  42.07, 8.83, 7.83, 0.00, 1.68, 3320, 13044, 54, 39.2, , 1
C++, mandelbrot, 2,  42.32, 8.82, 7.82, 0.00, 1.68, 3324, 13046, 54, 39.5, , 1
C++, mandelbrot, 2,  41.98, 8.82, 7.82, 0.00, 1.68, 3320, 13027, 63, 39.5, , 1
C++, mandelbrot, 2,  41.99, 9.09, 8.08, 0.00, 1.68, 3322, 13046, 54, 39.5, , 1
C++, mandelbrot, 2,  41.95, 9.02, 8.02, 0.00, 1.68, 3318, 13039, 56, 39.2, , 1
C++, mandelbrot, 2,  42.42, 8.88, 7.88, 0.00, 1.69, 3324, 13037, 72, 39.2, , 1
C++, mandelbrot, 2,  42.36, 8.62, 7.62, 0.00, 1.68, 3315, 13030, 62, 39.8, , 1
C++, mandelbrot, 2,  42.29, 8.80, 7.81, 0.00, 1.68, 3323, 13043, 60, 39.2, , 1
C++, n-body, 2,  51.57, 8.44, 7.14, 0.00, 2.15, 4282, 4280, 2, 40.0, , 1
C++, n-body, 2,  51.29, 8.58, 7.26, 0.00, 2.19, 4349, 4347, 2, 39.8, , 1
C++, n-body, 2,  51.91, 8.61, 7.28, 0.00, 2.20, 4364, 4363, 4363, 39.2, , 1
C++, n-body, 2,  51.97, 8.58, 7.25, 0.00, 2.19, 4348, 4347, 1, 39.8, , 1
C++, n-body, 2,  52.31, 8.76, 7.42, 0.00, 2.24, 4446, 4443, 2, 39.8, , 1
C++, n-body, 2,  51.94, 8.66, 7.32, 0.00, 2.21, 4387, 4386, 1, 40.0, , 1
C++, n-body, 2,  52.55, 8.62, 7.29, 0.00, 2.20, 4368, 4365, 2, 39.5, , 1
C++, n-body, 2,  51.39, 8.54, 7.22, 0.00, 2.18, 4326, 4325, 1, 39.2, , 1
C++, n-body, 2,  51.55, 8.60, 7.27, 0.00, 2.19, 4356, 4353, 2, 39.5, , 1
C++, n-body, 2,  51.88, 8.51, 7.19, 0.00, 2.17, 4311, 4310, 1, 39.5, , 1
C++, n-body, 2,  51.47, 8.52, 7.20, 0.00, 2.17, 4316, 4313, 2, 39.2, , 1
C++, n-body, 2,  52.25, 8.58, 7.25, 0.00, 2.19, 4345, 4344, 0, 39.0, , 1
C++, n-body, 2,  51.58, 8.53, 7.21, 0.00, 2.17, 4323, 4319, 1, 39.2, , 1
C++, n-body, 2,  51.58, 8.58, 7.26, 0.00, 2.18, 4344, 4343, 1, 39.2, , 1
C++, n-body, 2,  51.58, 8.55, 7.23, 0.00, 2.19, 4334, 4333, 1, 39.2, , 1
C++, n-body, 2,  52.04, 8.65, 7.32, 0.00, 2.21, 4384, 4384, 4384, 39.2, , 1
C++, n-body, 2,  52.19, 8.76, 7.41, 0.00, 2.24, 4441, 4439, 1, 39.2, , 1
C++, n-body, 2,  51.38, 8.62, 7.29, 0.00, 2.20, 4370, 4369, 1, 39.0, , 1
C++, n-body, 2,  52.39, 8.75, 7.40, 0.00, 2.23, 4435, 4435, 4435, 39.5, , 1
C++, n-body, 2,  50.95, 8.59, 7.27, 0.00, 2.19, 4352, 4350, 1, 39.8, , 1
C++, regex-redux, 2,  40.48, 7.84, 6.86, 0.00, 2.00, 3254, 6885, 482, 39.2, , 1
C++, regex-redux, 2,  40.84, 7.81, 6.83, 0.00, 1.99, 3243, 6849, 499, 39.0, , 1
C++, regex-redux, 2,  41.14, 8.00, 7.01, 0.00, 2.01, 3275, 6932, 494, 39.5, , 1
C++, regex-redux, 2,  41.23, 8.01, 7.01, 0.00, 2.02, 3295, 6905, 503, 39.2, , 1
C++, regex-redux, 2,  40.78, 7.81, 6.83, 0.00, 1.99, 3234, 6872, 481, 39.5, , 1
C++, regex-redux, 2,  40.94, 7.83, 6.84, 0.00, 2.00, 3258, 6899, 482, 39.2, , 1
C++, regex-redux, 2,  41.97, 7.95, 6.92, 0.00, 2.05, 3353, 6914, 476, 39.5, , 1
C++, regex-redux, 2,  41.44, 7.85, 6.87, 0.00, 1.99, 3250, 6885, 500, 39.5, , 1
C++, regex-redux, 2,  40.36, 7.74, 6.77, 0.00, 1.97, 3207, 6855, 495, 39.2, , 1
C++, regex-redux, 2,  41.42, 7.92, 6.92, 0.00, 2.03, 3320, 6876, 481, 39.2, , 1
C++, regex-redux, 2,  40.86, 7.85, 6.86, 0.00, 2.00, 3258, 6785, 489, 39.2, , 1
C++, regex-redux, 2,  41.85, 7.89, 6.88, 0.00, 2.02, 3293, 6755, 477, 39.2, , 1
C++, regex-redux, 2,  39.92, 7.75, 6.79, 0.00, 1.94, 3161, 6853, 486, 39.5, , 1
C++, regex-redux, 2,  40.14, 7.83, 6.86, 0.00, 1.97, 3202, 6931, 474, 39.5, , 1
C++, regex-redux, 2,  40.70, 7.76, 6.78, 0.00, 1.98, 3222, 6895, 481, 39.5, , 1
C++, regex-redux, 2,  40.77, 7.93, 6.94, 0.00, 2.00, 3273, 6802, 503, 39.2, , 1
C++, regex-redux, 2,  41.39, 7.92, 6.93, 0.00, 2.02, 3300, 6837, 503, 39.5, , 1
C++, regex-redux, 2,  40.69, 7.79, 6.81, 0.00, 1.98, 3228, 6772, 492, 39.2, , 1
C++, regex-redux, 2,  40.96, 7.87, 6.88, 0.00, 2.00, 3281, 6843, 493, 39.2, , 1
C++, regex-redux, 2,  41.27, 7.90, 6.90, 0.00, 2.02, 3321, 6827, 511, 39.2, , 1
C++, reverse-complement, 2,  4.71, 0.74, 0.61, 0.00, 0.33, 374, 173, 200, 38.8, , 1
C++, reverse-complement, 2,  4.81, 0.75, 0.62, 0.00, 0.34, 381, 165, 216, 38.8, , 1
C++, reverse-complement, 2,  4.84, 0.76, 0.62, 0.00, 0.34, 384, 177, 207, 39.0, , 1
C++, reverse-complement, 2,  4.89, 0.76, 0.63, 0.00, 0.34, 387, 169, 218, 38.8, , 1
C++, reverse-complement, 2,  4.83, 0.76, 0.62, 0.00, 0.34, 382, 175, 207, 38.8, , 1
C++, reverse-complement, 2,  4.80, 0.75, 0.62, 0.00, 0.34, 381, 179, 202, 39.2, , 1
C++, reverse-complement, 2,  5.02, 0.79, 0.66, 0.00, 0.35, 403, 197, 206, 38.8, , 1
C++, reverse-complement, 2,  5.11, 0.78, 0.64, 0.00, 0.34, 395, 179, 215, 38.8, , 1
C++, reverse-complement, 2,  4.98, 0.78, 0.65, 0.00, 0.35, 397, 182, 215, 39.2, , 1
C++, reverse-complement, 2,  4.89, 0.76, 0.63, 0.00, 0.34, 387, 184, 203, 38.8, , 1
C++, reverse-complement, 2,  4.91, 0.77, 0.63, 0.00, 0.34, 390, 182, 207, 38.8, , 1
C++, reverse-complement, 2,  4.91, 0.77, 0.64, 0.00, 0.34, 390, 187, 203, 39.8, , 1
C++, reverse-complement, 2,  4.83, 0.76, 0.63, 0.00, 0.34, 386, 182, 204, 38.8, , 1
C++, reverse-complement, 2,  4.85, 0.76, 0.63, 0.00, 0.34, 387, 182, 205, 38.8, , 1
C++, reverse-complement, 2,  4.86, 0.77, 0.63, 0.00, 0.34, 388, 164, 223, 39.2, , 1
C++, reverse-complement, 2,  4.90, 0.77, 0.64, 0.00, 0.34, 391, 182, 209, 38.8, , 1
C++, reverse-complement, 2,  4.80, 0.76, 0.63, 0.00, 0.34, 385, 171, 214, 38.8, , 1
C++, reverse-complement, 2,  4.82, 0.76, 0.63, 0.00, 0.34, 384, 174, 209, 39.0, , 1
C++, reverse-complement, 2,  4.89, 0.78, 0.64, 0.00, 0.35, 394, 196, 198, 38.5, , 1
C++, reverse-complement, 2,  4.91, 0.77, 0.64, 0.00, 0.34, 393, 185, 208, 38.5, , 1
C++, spectral-norm, 2,  19.42, 3.85, 3.36, 0.00, 0.80, 1594, 6364, 0, 39.2, , 1
C++, spectral-norm, 2,  19.36, 3.76, 3.27, 0.00, 0.80, 1593, 6355, 2, 39.2, , 1
C++, spectral-norm, 2,  19.29, 3.88, 3.41, 0.00, 0.80, 1589, 6336, 4, 39.0, , 1
C++, spectral-norm, 2,  19.48, 3.85, 3.37, 0.00, 0.80, 1595, 6360, 4, 39.2, , 1
C++, spectral-norm, 2,  19.49, 3.85, 3.36, 0.00, 0.80, 1592, 6353, 1, 39.5, , 1
C++, spectral-norm, 2,  19.67, 3.80, 3.30, 0.00, 0.81, 1606, 6392, 2, 39.0, , 1
C++, spectral-norm, 2,  19.48, 3.76, 3.27, 0.00, 0.80, 1593, 6359, 1, 39.2, , 1
C++, spectral-norm, 2,  19.39, 3.75, 3.26, 0.00, 0.80, 1591, 6349, 2, 39.5, , 1
C++, spectral-norm, 2,  19.85, 3.83, 3.33, 0.00, 0.81, 1609, 6394, 4, 39.2, , 1
C++, spectral-norm, 2,  19.41, 3.76, 3.27, 0.00, 0.80, 1594, 6358, 1, 39.2, , 1
C++, spectral-norm, 2,  19.35, 3.76, 3.27, 0.00, 0.81, 1605, 6393, 3, 39.2, , 1
C++, spectral-norm, 2,  19.28, 3.71, 3.22, 0.00, 0.80, 1590, 6348, 2, 39.2, , 1
C++, spectral-norm, 2,  19.33, 3.69, 3.20, 0.00, 0.80, 1592, 6354, 2, 39.2, , 1
C++, spectral-norm, 2,  19.51, 3.70, 3.21, 0.00, 0.80, 1592, 6354, 0, 39.2, , 1
C++, spectral-norm, 2,  19.65, 3.72, 3.22, 0.00, 0.81, 1599, 6374, 3, 39.2, , 1
C++, spectral-norm, 2,  19.84, 3.75, 3.25, 0.00, 0.81, 1605, 6389, 1, 39.5, , 1
C++, spectral-norm, 2,  19.34, 3.75, 3.25, 0.00, 0.80, 1592, 6349, 5, 39.0, , 1
C++, spectral-norm, 2,  19.31, 3.73, 3.24, 0.00, 0.80, 1587, 6332, 2, 39.2, , 1
C++, spectral-norm, 2,  19.57, 3.72, 3.23, 0.00, 0.80, 1596, 6365, 2, 39.0, , 1
C++, spectral-norm, 2,  19.53, 3.74, 3.24, 0.00, 0.80, 1595, 6359, 3, 39.2, , 1
Java, binary-trees, 2,  94.58, 19.02, 16.39, 0.00, 7.94, 6703, 17123, 2319, 39.2, , 1
Java, binary-trees, 2,  96.25, 19.43, 16.76, 0.00, 8.00, 6813, 17371, 2337, 39.2, , 1
Java, binary-trees, 2,  94.62, 19.51, 16.91, 0.00, 7.89, 6601, 17128, 2267, 39.2, , 1
Java, binary-trees, 2,  94.54, 19.65, 17.04, 0.00, 7.91, 6624, 17298, 2229, 39.8, , 1
Java, binary-trees, 2,  90.71, 19.02, 16.52, 0.00, 7.68, 6251, 16813, 2187, 39.8, , 1
Java, binary-trees, 2,  94.59, 19.34, 16.75, 0.00, 7.88, 6536, 17268, 2194, 39.5, , 1
Java, binary-trees, 2,  94.41, 19.17, 16.57, 0.00, 7.91, 6608, 17162, 2236, 39.2, , 1
Java, binary-trees, 2,  94.54, 19.23, 16.62, 0.00, 7.90, 6599, 17204, 2223, 39.5, , 1
Java, binary-trees, 2,  93.93, 18.90, 16.32, 0.00, 7.87, 6566, 17049, 2255, 39.2, , 1
Java, binary-trees, 2,  96.23, 19.34, 16.69, 0.00, 7.98, 6760, 17314, 2295, 39.2, , 1
Java, binary-trees, 2,  94.67, 18.80, 16.16, 0.00, 7.93, 6686, 16942, 2397, 39.2, , 1
Java, binary-trees, 2,  90.59, 19.44, 16.95, 0.00, 7.66, 6209, 16828, 2180, 39.8, , 1
Java, binary-trees, 2,  94.49, 18.84, 16.23, 0.00, 7.91, 6611, 17106, 2248, 39.5, , 1
Java, binary-trees, 2,  95.80, 19.31, 16.68, 0.00, 7.95, 6705, 17213, 2318, 39.2, , 1
Java, binary-trees, 2,  92.79, 19.43, 16.88, 0.00, 7.80, 6418, 17221, 2196, 39.5, , 1
Java, binary-trees, 2,  88.38, 18.42, 16.00, 0.00, 7.52, 5969, 16717, 2176, 39.5, , 1
Java, binary-trees, 2,  87.45, 18.35, 15.94, 0.00, 7.48, 5935, 16545, 2094, 39.8, , 1
Java, binary-trees, 2,  91.20, 18.70, 16.18, 0.00, 7.73, 6328, 16823, 2159, 39.5, , 1
Java, binary-trees, 2,  94.12, 18.91, 16.31, 0.00, 7.89, 6566, 17194, 2188, 40.0, , 1
Java, binary-trees, 2,  94.74, 18.69, 16.09, 0.00, 7.90, 6608, 17225, 2252, 39.5, , 1
Java, fannkuch-redux, 2,  471.26, 106.32, 95.55, 0.00, 18.08, 35927, 141813, 64, 40.0, , 1
Java, fannkuch-redux, 2,  483.97, 108.96, 97.85, 0.00, 18.64, 37040, 146151, 77, 39.8, , 1
Java, fannkuch-redux, 2,  494.65, 113.49, 102.10, 0.00, 19.12, 38009, 150164, 64, 40.0, , 1
Java, fannkuch-redux, 2,  471.66, 107.01, 96.22, 0.00, 18.16, 36085, 142200, 70, 39.5, , 1
Java, fannkuch-redux, 2,  459.73, 105.08, 94.47, 0.00, 17.80, 35384, 139449, 69, 39.5, , 1
Java, fannkuch-redux, 2,  468.61, 107.24, 96.49, 0.00, 18.08, 35920, 141809, 62, 39.8, , 1
Java, fannkuch-redux, 2,  494.85, 112.56, 101.21, 0.00, 19.06, 37886, 149618, 80, 40.0, , 1
Java, fannkuch-redux, 2,  490.69, 111.61, 100.47, 0.00, 18.71, 37171, 146548, 59, 39.5, , 1
Java, fannkuch-redux, 2,  467.79, 106.76, 96.03, 0.00, 18.04, 35857, 141631, 79, 39.8, , 1
Java, fannkuch-redux, 2,  495.95, 112.42, 101.06, 0.00, 19.07, 37887, 149596, 68, 39.8, , 1
Java, fannkuch-redux, 2,  486.89, 110.45, 99.25, 0.00, 18.80, 37358, 147364, 68, 39.8, , 1
Java, fannkuch-redux, 2,  463.64, 103.88, 93.07, 0.00, 18.13, 36020, 142658, 68, 39.5, , 1
Java, fannkuch-redux, 2,  479.36, 109.88, 98.78, 0.00, 18.65, 37061, 146198, 63, 39.5, , 1
Java, fannkuch-redux, 2,  469.33, 106.82, 96.10, 0.00, 18.03, 35827, 141708, 69, 39.2, , 1
Java, fannkuch-redux, 2,  494.08, 112.92, 101.58, 0.00, 19.12, 38003, 149845, 81, 39.8, , 1
Java, fannkuch-redux, 2,  490.21, 108.30, 96.91, 0.00, 19.11, 37981, 149810, 61, 39.5, , 1
Java, fannkuch-redux, 2,  469.95, 106.58, 95.85, 0.00, 18.04, 35853, 141669, 60, 39.8, , 1
Java, fannkuch-redux, 2,  478.97, 110.23, 99.10, 0.00, 18.70, 37155, 146494, 58, 40.0, , 1
Java, fannkuch-redux, 2,  488.23, 110.99, 99.82, 0.00, 18.79, 37338, 147266, 74, 39.5, , 1
Java, fannkuch-redux, 2,  456.66, 104.72, 94.15, 0.00, 17.76, 35281, 139254, 58, 39.8, , 1
Java, fasta, 2,  53.68, 9.24, 7.93, 0.00, 2.23, 4339, 14154, 162, 39.5, , 1
Java, fasta, 2,  53.05, 8.91, 7.62, 0.00, 2.21, 4290, 13948, 136, 39.5, , 1
Java, fasta, 2,  53.96, 9.10, 7.79, 0.00, 2.24, 4345, 14127, 123, 39.2, , 1
Java, fasta, 2,  53.50, 9.10, 7.80, 0.00, 2.22, 4316, 14044, 140, 39.5, , 1
Java, fasta, 2,  53.10, 8.99, 7.70, 0.00, 2.21, 4291, 13921, 138, 39.2, , 1
Java, fasta, 2,  53.13, 8.92, 7.63, 0.00, 2.21, 4289, 14024, 129, 39.2, , 1
Java, fasta, 2,  53.41, 9.04, 7.73, 0.00, 2.25, 4347, 14043, 138, 39.5, , 1
Java, fasta, 2,  52.95, 9.02, 7.72, 0.00, 2.23, 4319, 14110, 128, 39.5, , 1
Java, fasta, 2,  54.01, 9.20, 7.90, 0.00, 2.25, 4348, 14112, 139, 39.5, , 1
Java, fasta, 2,  53.24, 9.12, 7.82, 0.00, 2.23, 4326, 14108, 141, 39.8, , 1
Java, fasta, 2,  53.85, 9.22, 7.91, 0.00, 2.26, 4379, 14253, 145, 39.2, , 1
Java, fasta, 2,  54.03, 9.29, 7.98, 0.00, 2.25, 4357, 14140, 149, 39.8, , 1
Java, fasta, 2,  54.04, 9.15, 7.84, 0.00, 2.25, 4346, 14213, 139, 39.0, , 1
Java, fasta, 2,  53.28, 9.12, 7.82, 0.00, 2.23, 4320, 14133, 154, 39.5, , 1
Java, fasta, 2,  53.85, 9.23, 7.92, 0.00, 2.25, 4365, 14255, 148, 39.2, , 1
Java, fasta, 2,  53.46, 9.14, 7.82, 0.00, 2.24, 4341, 14091, 146, 39.2, , 1
Java, fasta, 2,  53.40, 8.98, 7.68, 0.00, 2.24, 4325, 14087, 150, 39.2, , 1
Java, fasta, 2,  53.89, 9.21, 7.90, 0.00, 2.24, 4361, 14154, 144, 39.2, , 1
Java, fasta, 2,  53.72, 9.26, 7.95, 0.00, 2.26, 4367, 14273, 137, 39.5, , 1
Java, fasta, 2,  53.50, 9.29, 7.99, 0.00, 2.25, 4355, 14209, 127, 39.5, , 1
Java, k-nucleotide, 2,  217.28, 41.76, 36.72, 0.00, 10.51, 17052, 55736, 822, 39.5, , 1
Java, k-nucleotide, 2,  195.89, 40.18, 35.70, 0.00, 9.44, 15035, 52162, 598, 39.5, , 1
Java, k-nucleotide, 2,  205.87, 42.44, 37.77, 0.00, 9.76, 15676, 55362, 549, 39.2, , 1
Java, k-nucleotide, 2,  206.89, 41.87, 37.16, 0.00, 9.80, 15846, 54325, 694, 39.5, , 1
Java, k-nucleotide, 2,  208.53, 43.33, 38.55, 0.00, 9.90, 16021, 54648, 711, 39.2, , 1
Java, k-nucleotide, 2,  196.59, 40.19, 35.72, 0.00, 9.41, 15017, 52332, 595, 39.5, , 1
Java, k-nucleotide, 2,  204.18, 43.21, 38.55, 0.00, 9.74, 15632, 54238, 592, 39.0, , 1
Java, k-nucleotide, 2,  202.72, 42.17, 37.57, 0.00, 9.64, 15440, 54158, 557, 39.5, , 1
Java, k-nucleotide, 2,  205.35, 43.31, 38.64, 0.00, 9.79, 15688, 54749, 544, 39.5, , 1
Java, k-nucleotide, 2,  205.88, 43.11, 38.46, 0.00, 9.72, 15604, 54874, 543, 39.2, , 1
Java, k-nucleotide, 2,  203.77, 42.62, 37.98, 0.00, 9.70, 15549, 54242, 560, 39.5, , 1
Java, k-nucleotide, 2,  204.31, 42.75, 38.12, 0.00, 9.67, 15559, 54323, 583, 39.5, , 1
Java, k-nucleotide, 2,  210.26, 42.32, 37.51, 0.00, 10.06, 16238, 54854, 721, 39.2, , 1
Java, k-nucleotide, 2,  206.69, 42.67, 37.94, 0.00, 9.88, 15905, 54635, 658, 39.5, , 1
Java, k-nucleotide, 2,  203.98, 43.14, 38.48, 0.00, 9.74, 15633, 54565, 547, 39.8, , 1
Java, k-nucleotide, 2,  204.51, 42.71, 38.05, 0.00, 9.75, 15619, 54546, 568, 39.5, , 1
Java, k-nucleotide, 2,  203.79, 42.15, 37.54, 0.00, 9.67, 15489, 54358, 549, 39.5, , 1
Java, k-nucleotide, 2,  201.86, 41.77, 37.19, 0.00, 9.61, 15370, 54068, 542, 39.5, , 1
Java, k-nucleotide, 2,  202.42, 43.14, 38.51, 0.00, 9.68, 15510, 54389, 547, 39.2, , 1
Java, k-nucleotide, 2,  204.96, 43.55, 38.85, 0.00, 9.81, 15730, 54711, 538, 39.5, , 1
Java, mandelbrot, 2,  180.05, 34.77, 30.47, 0.00, 7.23, 14244, 56157, 217, 39.5, , 1
Java, mandelbrot, 2,  179.28, 35.19, 30.91, 0.00, 7.26, 14285, 56292, 210, 39.5, , 1
Java, mandelbrot, 2,  181.54, 36.17, 31.82, 0.00, 7.33, 14416, 56560, 216, 39.5, , 1
Java, mandelbrot, 2,  178.85, 34.42, 30.06, 0.00, 7.29, 14357, 56368, 245, 39.2, , 1
Java, mandelbrot, 2,  183.25, 35.58, 31.16, 0.00, 7.43, 14636, 57673, 212, 39.5, , 1
Java, mandelbrot, 2,  177.94, 34.34, 30.03, 0.00, 7.22, 14224, 56090, 209, 39.8, , 1
Java, mandelbrot, 2,  181.79, 34.66, 30.23, 0.00, 7.40, 14577, 57482, 215, 39.5, , 1
Java, mandelbrot, 2,  178.09, 34.48, 30.21, 0.00, 7.21, 14197, 55932, 213, 39.5, , 1
Java, mandelbrot, 2,  180.45, 34.37, 30.04, 0.00, 7.26, 14292, 56244, 211, 39.2, , 1
Java, mandelbrot, 2,  183.94, 35.20, 30.77, 0.00, 7.44, 14661, 57818, 211, 39.2, , 1
Java, mandelbrot, 2,  180.36, 35.13, 30.82, 0.00, 7.27, 14317, 56426, 193, 39.5, , 1
Java, mandelbrot, 2,  178.70, 33.83, 29.52, 0.00, 7.21, 14199, 55978, 181, 39.5, , 1
Java, mandelbrot, 2,  183.94, 34.89, 30.45, 0.00, 7.42, 14625, 57713, 203, 39.5, , 1
Java, mandelbrot, 2,  183.78, 34.64, 30.22, 0.00, 7.41, 14586, 57509, 196, 39.2, , 1
Java, mandelbrot, 2,  183.39, 36.33, 31.94, 0.00, 7.42, 14616, 57598, 218, 39.5, , 1
Java, mandelbrot, 2,  183.97, 35.70, 31.28, 0.00, 7.42, 14612, 57592, 228, 39.2, , 1
Java, mandelbrot, 2,  178.05, 34.61, 30.32, 0.00, 7.21, 14202, 55974, 215, 39.8, , 1
Java, mandelbrot, 2,  177.69, 34.61, 30.31, 0.00, 7.23, 14247, 56145, 217, 39.5, , 1
Java, mandelbrot, 2,  178.22, 34.49, 30.18, 0.00, 7.24, 14254, 56193, 213, 39.5, , 1
Java, mandelbrot, 2,  177.87, 34.70, 30.38, 0.00, 7.25, 14273, 56193, 199, 39.5, , 1
Java, n-body, 2,  114.76, 18.67, 15.81, 0.00, 4.79, 9480, 9529, 40, 39.5, , 1
Java, n-body, 2,  115.40, 18.96, 16.05, 0.00, 4.86, 9621, 9676, 39, 39.5, , 1
Java, n-body, 2,  115.43, 18.82, 15.94, 0.00, 4.83, 9556, 9656, 38, 39.2, , 1
Java, n-body, 2,  114.73, 18.72, 15.84, 0.00, 4.80, 9499, 9548, 46, 39.5, , 1
Java, n-body, 2,  114.36, 18.65, 15.80, 0.00, 4.78, 9472, 9515, 49, 39.2, , 1
Java, n-body, 2,  114.53, 18.64, 15.79, 0.00, 4.79, 9470, 9516, 45, 39.5, , 1
Java, n-body, 2,  115.28, 18.84, 15.95, 0.00, 4.83, 9561, 9612, 44, 39.2, , 1
Java, n-body, 2,  114.48, 18.70, 15.83, 0.00, 4.79, 9488, 9537, 44, 39.5, , 1
Java, n-body, 2,  114.20, 18.70, 15.84, 0.00, 4.79, 9485, 9580, 42, 39.5, , 1
Java, n-body, 2,  115.39, 18.90, 16.00, 0.00, 4.84, 9592, 9642, 46, 39.5, , 1
Java, n-body, 2,  117.79, 19.37, 16.40, 0.00, 4.96, 9826, 9918, 47, 39.5, , 1
Java, n-body, 2,  116.65, 19.22, 16.25, 0.00, 4.92, 9745, 9801, 46, 39.5, , 1
Java, n-body, 2,  115.90, 18.93, 16.04, 0.00, 4.85, 9609, 9659, 40, 39.5, , 1
Java, n-body, 2,  115.68, 18.96, 16.05, 0.00, 4.86, 9620, 9668, 46, 39.5, , 1
Java, n-body, 2,  115.58, 18.97, 16.06, 0.00, 4.86, 9619, 9710, 42, 39.5, , 1
Java, n-body, 2,  116.09, 18.80, 15.93, 0.00, 4.83, 9555, 9610, 42, 39.8, , 1
Java, n-body, 2,  116.15, 18.88, 15.99, 0.00, 4.85, 9593, 9626, 42, 40.0, , 1
Java, n-body, 2,  115.84, 18.99, 16.09, 0.00, 4.87, 9639, 9683, 45, 39.8, , 1
Java, n-body, 2,  115.02, 18.74, 15.87, 0.00, 4.81, 9516, 9563, 48, 39.8, , 1
Java, n-body, 2,  114.42, 18.62, 15.78, 0.00, 4.78, 9460, 9507, 45, 39.5, , 1
Java, regex-redux, 2,  225.73, 43.50, 38.12, 0.00, 10.10, 17820, 56183, 1014, 39.5, , 1
Java, regex-redux, 2,  235.20, 45.96, 40.31, 0.00, 10.47, 18604, 57785, 1053, 39.5, , 1
Java, regex-redux, 2,  227.00, 44.67, 39.25, 0.00, 10.11, 17851, 56316, 947, 39.5, , 1
Java, regex-redux, 2,  223.53, 43.70, 38.37, 0.00, 9.97, 17584, 55656, 963, 39.2, , 1
Java, regex-redux, 2,  225.29, 44.46, 39.05, 0.00, 10.08, 17807, 55610, 1011, 39.2, , 1
Java, regex-redux, 2,  227.03, 45.81, 40.36, 0.00, 10.13, 17882, 56859, 951, 39.2, , 1
Java, regex-redux, 2,  234.34, 45.89, 40.22, 0.00, 10.49, 18625, 57100, 1322, 39.5, , 1
Java, regex-redux, 2,  225.79, 44.95, 39.56, 0.00, 10.05, 17741, 56234, 981, 39.5, , 1
Java, regex-redux, 2,  237.36, 44.88, 39.15, 0.00, 10.65, 18905, 56899, 1196, 39.5, , 1
Java, regex-redux, 2,  228.97, 45.22, 39.73, 0.00, 10.17, 17981, 55314, 976, 39.5, , 1
Java, regex-redux, 2,  227.91, 45.49, 40.04, 0.00, 10.10, 17877, 55323, 1110, 39.5, , 1
Java, regex-redux, 2,  226.89, 45.22, 39.80, 0.00, 10.08, 17813, 55979, 870, 39.8, , 1
Java, regex-redux, 2,  227.90, 44.95, 39.50, 0.00, 10.10, 17890, 55791, 1096, 39.5, , 1
Java, regex-redux, 2,  226.24, 44.68, 39.29, 0.00, 10.03, 17706, 55653, 958, 39.5, , 1
Java, regex-redux, 2,  228.17, 44.97, 39.54, 0.00, 10.12, 17860, 55821, 1008, 39.8, , 1
Java, regex-redux, 2,  227.06, 44.37, 38.90, 0.00, 10.18, 18010, 55874, 1004, 39.0, , 1
Java, regex-redux, 2,  226.16, 45.09, 39.60, 0.00, 10.17, 18026, 55835, 1033, 39.0, , 1
Java, regex-redux, 2,  222.89, 44.56, 39.22, 0.00, 9.97, 17569, 54936, 1009, 39.5, , 1
Java, regex-redux, 2,  223.93, 43.96, 38.58, 0.00, 10.02, 17711, 55445, 1068, 39.5, , 1
Java, regex-redux, 2,  227.28, 45.57, 40.11, 0.00, 10.14, 17908, 55957, 1015, 39.5, , 1
Java, reverse-complement, 2,  25.85, 4.18, 3.50, 0.00, 1.53, 2117, 1866, 801, 39.5, , 1
Java, reverse-complement, 2,  25.12, 4.00, 3.35, 0.00, 1.48, 2019, 1776, 787, 39.5, , 1
Java, reverse-complement, 2,  24.96, 3.97, 3.33, 0.00, 1.47, 2004, 1753, 785, 39.2, , 1
Java, reverse-complement, 2,  24.79, 3.95, 3.30, 0.00, 1.47, 1997, 1744, 784, 39.5, , 1
Java, reverse-complement, 2,  24.97, 3.93, 3.28, 0.00, 1.47, 1993, 1768, 767, 39.2, , 1
Java, reverse-complement, 2,  25.30, 4.02, 3.36, 0.00, 1.48, 2029, 1820, 755, 39.5, , 1
Java, reverse-complement, 2,  25.14, 3.99, 3.34, 0.00, 1.49, 2022, 1793, 773, 39.2, , 1
Java, reverse-complement, 2,  24.80, 3.96, 3.31, 0.00, 1.47, 2005, 1764, 783, 39.5, , 1
Java, reverse-complement, 2,  24.98, 3.98, 3.33, 0.00, 1.48, 2016, 1778, 783, 39.2, , 1
Java, reverse-complement, 2,  25.05, 3.97, 3.32, 0.00, 1.48, 2011, 1765, 788, 39.5, , 1
Java, reverse-complement, 2,  25.04, 3.98, 3.33, 0.00, 1.48, 2012, 1791, 770, 39.8, , 1
Java, reverse-complement, 2,  24.65, 3.96, 3.31, 0.00, 1.47, 2006, 1756, 785, 39.5, , 1
Java, reverse-complement, 2,  25.44, 4.08, 3.41, 0.00, 1.51, 2065, 1782, 828, 39.5, , 1
Java, reverse-complement, 2,  25.33, 4.01, 3.36, 0.00, 1.49, 2033, 1778, 801, 39.2, , 1
Java, reverse-complement, 2,  25.60, 4.05, 3.38, 0.00, 1.51, 2088, 1792, 790, 39.0, , 1
Java, reverse-complement, 2,  25.11, 3.99, 3.34, 0.00, 1.48, 2021, 1788, 776, 39.2, , 1
Java, reverse-complement, 2,  25.23, 4.02, 3.36, 0.00, 1.49, 2034, 1777, 802, 39.2, , 1
Java, reverse-complement, 2,  25.09, 3.98, 3.33, 0.00, 1.48, 2019, 1768, 794, 39.5, , 1
Java, reverse-complement, 2,  25.26, 4.01, 3.36, 0.00, 1.49, 2031, 1777, 795, 39.5, , 1
Java, reverse-complement, 2,  25.04, 3.98, 3.33, 0.00, 1.48, 2014, 1772, 786, 39.5, , 1
Java, spectral-norm, 2,  30.83, 6.19, 5.46, 0.00, 1.26, 2451, 9091, 112, 39.8, , 1
Java, spectral-norm, 2,  30.59, 6.16, 5.43, 0.00, 1.26, 2456, 9096, 116, 39.5, , 1
Java, spectral-norm, 2,  30.80, 6.13, 5.39, 0.00, 1.26, 2451, 9084, 105, 39.5, , 1
Java, spectral-norm, 2,  30.58, 6.21, 5.48, 0.00, 1.26, 2454, 9098, 115, 39.8, , 1
Java, spectral-norm, 2,  31.01, 6.19, 5.45, 0.00, 1.28, 2478, 9117, 109, 39.2, , 1
Java, spectral-norm, 2,  30.85, 6.11, 5.38, 0.00, 1.26, 2456, 9127, 112, 39.2, , 1
Java, spectral-norm, 2,  31.06, 6.11, 5.37, 0.00, 1.27, 2457, 9081, 132, 39.2, , 1
Java, spectral-norm, 2,  30.95, 6.09, 5.35, 0.00, 1.27, 2458, 9089, 126, 39.2, , 1
Java, spectral-norm, 2,  30.97, 6.13, 5.39, 0.00, 1.27, 2466, 9065, 131, 39.0, , 1
Java, spectral-norm, 2,  31.07, 6.09, 5.36, 0.00, 1.26, 2453, 9127, 95, 39.5, , 1
Java, spectral-norm, 2,  30.70, 6.06, 5.32, 0.00, 1.26, 2451, 9078, 138, 39.0, , 1
Java, spectral-norm, 2,  30.64, 6.19, 5.46, 0.00, 1.26, 2447, 9079, 107, 39.8, , 1
Java, spectral-norm, 2,  30.62, 6.22, 5.49, 0.00, 1.26, 2446, 9063, 116, 39.2, , 1
Java, spectral-norm, 2,  31.05, 6.24, 5.51, 0.00, 1.27, 2459, 9101, 119, 39.8, , 1
Java, spectral-norm, 2,  31.02, 6.21, 5.48, 0.00, 1.26, 2456, 9090, 112, 39.8, , 1
Java, spectral-norm, 2,  30.53, 6.19, 5.46, 0.00, 1.26, 2448, 9074, 115, 39.5, , 1
Java, spectral-norm, 2,  30.92, 6.19, 5.45, 0.00, 1.27, 2469, 9111, 116, 38.8, , 1
Java, spectral-norm, 2,  31.09, 6.17, 5.44, 0.00, 1.27, 2456, 9073, 125, 39.8, , 1
Java, spectral-norm, 2,  31.09, 6.04, 5.30, 0.00, 1.27, 2456, 9085, 130, 39.2, , 1
Java, spectral-norm, 2,  30.93, 6.01, 5.28, 0.00, 1.26, 2438, 9058, 118, 39.2, , 1
Python, binary-trees, 2,  1505.15, 347.02, 312.01, 0.00, 76.22, 111016, 398247, 8272, 40.2, , 1
Python, binary-trees, 2,  1509.14, 343.98, 308.73, 0.00, 76.52, 111641, 399859, 8351, 40.0, , 1
Python, binary-trees, 2,  1508.70, 345.76, 310.61, 0.00, 76.26, 111148, 400177, 8099, 40.0, , 1
Python, binary-trees, 2,  1555.75, 352.65, 316.61, 0.00, 78.21, 114560, 411680, 8811, 40.2, , 1
Python, binary-trees, 2,  1502.47, 339.58, 304.75, 0.00, 76.12, 110516, 397428, 8326, 40.0, , 1
Python, binary-trees, 2,  1502.15, 341.01, 306.28, 0.00, 76.16, 110426, 396789, 8358, 40.0, , 1
Python, binary-trees, 2,  1510.40, 347.38, 312.43, 0.00, 76.30, 111015, 398878, 8355, 40.5, , 1
Python, binary-trees, 2,  1505.05, 343.68, 308.68, 0.00, 76.19, 110893, 398260, 8218, 39.8, , 1
Python, binary-trees, 2,  1510.95, 346.60, 311.57, 0.00, 76.28, 111018, 398549, 8407, 40.0, , 1
Python, binary-trees, 2,  1507.29, 346.08, 311.07, 0.00, 76.47, 111155, 399200, 8537, 39.8, , 1
Python, binary-trees, 2,  1499.60, 341.02, 306.23, 0.00, 76.11, 110440, 396417, 8264, 40.0, , 1
Python, binary-trees, 2,  1501.99, 336.99, 302.26, 0.00, 76.15, 110391, 396565, 8454, 40.0, , 1
Python, binary-trees, 2,  1503.41, 338.26, 303.38, 0.00, 75.92, 110526, 397411, 8293, 40.0, , 1
Python, binary-trees, 2,  1510.89, 340.89, 305.95, 0.00, 76.30, 111014, 399496, 8342, 39.8, , 1
Python, binary-trees, 2,  1499.06, 338.20, 303.37, 0.00, 75.93, 110454, 397226, 8170, 40.2, , 1
Python, binary-trees, 2,  1508.58, 344.80, 309.70, 0.00, 76.30, 111044, 398822, 8188, 40.0, , 1
Python, binary-trees, 2,  1500.91, 335.96, 301.40, 0.00, 76.05, 110042, 395389, 8332, 40.0, , 1
Python, binary-trees, 2,  1514.49, 336.94, 301.98, 0.00, 76.02, 110750, 398310, 8231, 40.0, , 1
Python, binary-trees, 2,  1518.55, 341.21, 306.08, 0.00, 76.52, 111544, 399974, 8459, 39.8, , 1
Python, binary-trees, 2,  1512.32, 345.03, 310.01, 0.00, 76.36, 111203, 399345, 8544, 40.5, , 1
Python, fannkuch-redux, 2,  13684.46, 3302.55, 2994.92, 0.00, 514.42, 1021951, 4018545, 118, 40.5, , 1
Python, fannkuch-redux, 2,  13611.87, 3327.96, 3022.13, 0.00, 511.31, 1017239, 4012202, 159, 41.0, , 1
Python, fannkuch-redux, 2,  13644.09, 3301.74, 2993.39, 0.00, 513.97, 1022455, 4032897, 121, 40.8, , 1
Python, fannkuch-redux, 2,  13677.01, 3332.60, 3024.18, 0.00, 514.58, 1023718, 4042604, 98, 40.2, , 1
Python, fannkuch-redux, 2,  13681.30, 3316.35, 3007.24, 0.00, 514.80, 1024184, 4034035, 171, 41.0, , 1
Python, fannkuch-redux, 2,  13723.82, 3379.81, 3071.64, 0.00, 515.80, 1026203, 4049993, 98, 41.0, , 1
Python, fannkuch-redux, 2,  13741.10, 3350.50, 3040.95, 0.00, 515.31, 1025201, 4046209, 97, 41.0, , 1
Python, fannkuch-redux, 2,  13613.18, 3269.50, 2961.72, 0.00, 511.22, 1017100, 4021227, 165, 41.0, , 1
Python, fannkuch-redux, 2,  13702.19, 3326.45, 3017.77, 0.00, 514.64, 1023887, 4056006, 74, 41.0, , 1
Python, fannkuch-redux, 2,  13609.29, 3270.58, 2962.01, 0.00, 513.10, 1020793, 4027512, 109, 39.8, , 1
Python, fannkuch-redux, 2,  13688.08, 3312.00, 3002.72, 0.00, 516.16, 1026939, 4036809, 95, 37.0, , 1
Python, fannkuch-redux, 2,  13796.42, 3451.73, 3142.65, 0.00, 518.16, 1030614, 4054080, 149, 34.5, , 1
Python, fannkuch-redux, 2,  13936.12, 3566.03, 3254.61, 0.00, 520.76, 1035600, 4069834, 92, 34.2, , 1
Python, fannkuch-redux, 2,  13839.42, 3523.92, 3213.95, 0.00, 517.43, 1028751, 4069070, 120, 32.5, , 1
Python, fannkuch-redux, 2,  13773.90, 3524.19, 3214.37, 0.00, 515.78, 1025279, 4040913, 167, 33.0, , 1
Python, fannkuch-redux, 2,  13855.85, 3597.07, 3288.51, 0.00, 514.63, 1022664, 4044489, 74, 33.0, , 1
Python, fannkuch-redux, 2,  13738.66, 3508.38, 3200.03, 0.00, 512.92, 1019142, 4018642, 157, 32.8, , 1
Python, fannkuch-redux, 2,  13725.63, 3532.08, 3222.69, 0.00, 514.33, 1021645, 4030252, 244, 32.8, , 1
Python, fannkuch-redux, 2,  13704.90, 3516.45, 3208.44, 0.00, 511.33, 1015634, 4008011, 127, 33.0, , 1
Python, fannkuch-redux, 2,  13755.72, 3565.97, 3257.61, 0.00, 513.33, 1019589, 4021149, 131, 32.8, , 1
Python, fasta, 2,  1347.87, 222.72, 188.53, 0.00, 56.99, 113233, 113147, 78, 32.2, , 1
Python, fasta, 2,  1340.83, 221.56, 187.42, 0.00, 56.64, 112525, 112457, 61, 31.8, , 1
Python, fasta, 2,  1346.60, 221.36, 187.42, 0.00, 56.68, 112570, 112486, 80, 32.8, , 1
Python, fasta, 2,  1343.78, 221.45, 187.43, 0.00, 56.62, 112494, 112416, 70, 32.2, , 1
Python, fasta, 2,  1376.46, 228.37, 193.63, 0.00, 58.51, 116253, 116172, 75, 31.5, , 1
Python, fasta, 2,  1358.72, 226.40, 191.88, 0.00, 57.99, 115204, 115125, 72, 31.8, , 1
Python, fasta, 2,  1389.22, 232.50, 197.49, 0.00, 59.66, 118530, 118430, 96, 31.5, , 1
Python, fasta, 2,  1359.78, 225.53, 190.98, 0.00, 57.73, 114674, 114603, 64, 31.8, , 1
Python, fasta, 2,  1371.09, 229.10, 194.19, 0.00, 58.67, 116548, 116470, 74, 31.5, , 1
Python, fasta, 2,  1379.75, 231.04, 195.93, 0.00, 59.20, 117588, 117497, 87, 31.8, , 1
Python, fasta, 2,  1379.71, 232.49, 197.19, 0.00, 59.58, 118345, 118275, 66, 31.2, , 1
Python, fasta, 2,  1411.81, 235.68, 200.09, 0.00, 60.47, 120103, 120023, 76, 31.5, , 1
Python, fasta, 2,  1411.40, 236.63, 200.77, 0.00, 60.68, 120531, 120448, 79, 31.2, , 1
Python, fasta, 2,  1391.48, 232.18, 197.06, 0.00, 59.54, 118265, 118195, 66, 31.2, , 1
Python, fasta, 2,  1401.71, 234.30, 198.99, 0.00, 60.12, 119406, 119338, 64, 31.2, , 1
Python, fasta, 2,  1378.02, 230.41, 195.55, 0.00, 59.10, 117388, 117302, 80, 31.2, , 1
Python, fasta, 2,  1403.42, 235.00, 199.27, 0.00, 60.18, 119544, 119451, 88, 31.5, , 1
Python, fasta, 2,  1388.07, 231.38, 196.11, 0.00, 59.29, 117768, 117706, 57, 31.5, , 1
Python, fasta, 2,  1380.96, 230.30, 195.17, 0.00, 58.97, 117134, 117045, 84, 31.5, , 1
Python, fasta, 2,  1414.62, 235.26, 199.45, 0.00, 60.27, 119697, 119628, 64, 31.0, , 1
Python, k-nucleotide, 2,  1907.19, 461.98, 421.80, 0.00, 100.59, 136748, 532172, 2121, 31.8, , 1
Python, k-nucleotide, 2,  1909.48, 461.15, 420.84, 0.00, 101.15, 136991, 533208, 2114, 32.2, , 1
Python, k-nucleotide, 2,  1921.10, 468.44, 427.88, 0.00, 101.36, 137660, 536318, 2097, 31.8, , 1
Python, k-nucleotide, 2,  1932.86, 467.97, 427.18, 0.00, 102.03, 138747, 538494, 2041, 32.0, , 1
Python, k-nucleotide, 2,  1926.94, 463.32, 422.70, 0.00, 101.74, 138257, 537132, 2141, 32.5, , 1
Python, k-nucleotide, 2,  1912.62, 461.71, 421.42, 0.00, 101.30, 137237, 534545, 2074, 32.5, , 1
Python, k-nucleotide, 2,  1924.66, 467.33, 426.53, 0.00, 102.21, 138684, 537139, 2161, 32.2, , 1
Python, k-nucleotide, 2,  1893.11, 458.38, 418.42, 0.00, 100.33, 135972, 530838, 2052, 31.8, , 1
Python, k-nucleotide, 2,  1905.40, 457.08, 416.74, 0.00, 101.45, 137156, 534171, 2172, 32.2, , 1
Python, k-nucleotide, 2,  1904.95, 462.02, 421.75, 0.00, 100.96, 137085, 534599, 2209, 32.8, , 1
Python, k-nucleotide, 2,  1932.10, 467.41, 426.58, 0.00, 102.16, 139050, 540637, 2134, 32.2, , 1
Python, k-nucleotide, 2,  1911.43, 467.35, 426.89, 0.00, 101.16, 137448, 535829, 2131, 32.5, , 1
Python, k-nucleotide, 2,  1909.76, 468.40, 427.92, 0.00, 101.02, 137298, 533970, 2120, 32.5, , 1
Python, k-nucleotide, 2,  1943.84, 469.45, 428.42, 0.00, 102.60, 139872, 543388, 2195, 32.0, , 1
Python, k-nucleotide, 2,  1914.31, 472.79, 432.16, 0.00, 101.25, 137565, 535182, 2111, 32.0, , 1
Python, k-nucleotide, 2,  1914.74, 467.72, 427.28, 0.00, 101.49, 137339, 535123, 2089, 32.5, , 1
Python, k-nucleotide, 2,  1906.61, 464.36, 423.94, 0.00, 101.05, 137332, 535034, 2172, 32.0, , 1
Python, k-nucleotide, 2,  1906.85, 463.43, 423.19, 0.00, 100.93, 136912, 532926, 2062, 32.5, , 1
Python, k-nucleotide, 2,  1919.54, 465.74, 425.20, 0.00, 101.26, 137779, 534009, 2351, 32.2, , 1
Python, k-nucleotide, 2,  1918.56, 466.56, 426.08, 0.00, 101.29, 137625, 535369, 2044, 32.2, , 1
Python, mandelbrot, 2,  7076.96, 1872.41, 1718.62, 0.00, 259.07, 514295, 2049931, 3636, 32.5, , 1
Python, mandelbrot, 2,  7058.64, 1887.19, 1733.31, 0.00, 259.39, 514930, 2052756, 3359, 32.2, , 1
Python, mandelbrot, 2,  7059.92, 1886.31, 1732.62, 0.00, 259.10, 514413, 2050412, 3580, 32.5, , 1
Python, mandelbrot, 2,  7066.40, 1870.31, 1716.15, 0.00, 259.55, 515176, 2051500, 3508, 32.2, , 1
Python, mandelbrot, 2,  7071.54, 1878.49, 1724.74, 0.00, 258.97, 514181, 2049625, 3621, 31.8, , 1
Python, mandelbrot, 2,  7106.04, 1892.87, 1738.30, 0.00, 260.52, 517250, 2061934, 3575, 32.2, , 1
Python, mandelbrot, 2,  7383.85, 1976.00, 1817.99, 0.00, 266.84, 529818, 2112020, 3614, 32.0, , 1
Python, mandelbrot, 2,  7178.24, 1908.35, 1753.58, 0.00, 261.26, 518571, 2066990, 3540, 32.0, , 1
Python, mandelbrot, 2,  7125.69, 1885.68, 1731.90, 0.00, 259.45, 515026, 2052934, 3501, 31.8, , 1
Python, mandelbrot, 2,  7111.28, 1878.36, 1724.67, 0.00, 259.23, 514625, 2051323, 3589, 31.8, , 1
Python, mandelbrot, 2,  7257.16, 1948.28, 1793.52, 0.00, 261.65, 519375, 2070104, 3700, 32.0, , 1
Python, mandelbrot, 2,  7171.97, 1902.36, 1748.04, 0.00, 260.42, 516928, 2060711, 3408, 32.2, , 1
Python, mandelbrot, 2,  7133.82, 1898.20, 1744.04, 0.00, 259.57, 515273, 2054054, 3477, 32.2, , 1
Python, mandelbrot, 2,  7198.41, 1932.37, 1778.25, 0.00, 260.08, 516298, 2058014, 3523, 32.2, , 1
Python, mandelbrot, 2,  7141.26, 1903.41, 1749.66, 0.00, 259.14, 514439, 2050752, 3372, 32.5, , 1
Python, mandelbrot, 2,  7160.24, 1897.53, 1743.67, 0.00, 259.42, 514988, 2052682, 3609, 32.2, , 1
Python, mandelbrot, 2,  7397.17, 1952.88, 1794.55, 0.00, 269.51, 528401, 2060192, 3595, 32.2, , 1
Python, mandelbrot, 2,  7265.19, 1884.82, 1730.60, 0.00, 260.01, 516006, 2055808, 3536, 31.8, , 1
Python, mandelbrot, 2,  7099.76, 1883.22, 1729.61, 0.00, 259.15, 514477, 2050653, 3671, 32.2, , 1
Python, mandelbrot, 2,  7052.01, 1858.66, 1704.59, 0.00, 258.92, 514031, 2048951, 3515, 34.2, , 1
Python, n-body, 2,  8199.15, 1352.32, 1149.07, 0.00, 347.32, 690062, 690089, 11, 35.2, , 1
Python, n-body, 2,  8229.94, 1376.67, 1168.93, 0.00, 353.34, 702017, 702006, 8, 35.8, , 1
Python, n-body, 2,  8116.25, 1343.55, 1141.69, 0.00, 345.13, 685774, 685755, 6, 36.2, , 1
Python, n-body, 2,  8176.16, 1354.70, 1149.97, 0.00, 347.61, 690699, 690689, 6, 36.0, , 1
Python, n-body, 2,  8158.01, 1354.63, 1149.85, 0.00, 347.65, 690806, 690790, 6, 37.0, , 1
Python, n-body, 2,  8282.71, 1373.62, 1165.11, 0.00, 352.36, 700140, 700124, 5, 37.0, , 1
Python, n-body, 2,  7937.13, 1331.65, 1129.54, 0.00, 341.56, 678721, 678691, 10, 37.8, , 1
Python, n-body, 2,  8010.82, 1330.39, 1128.69, 0.00, 341.37, 678192, 678179, 4, 37.5, , 1
Python, n-body, 2,  7928.53, 1305.65, 1107.46, 0.00, 335.02, 665525, 665477, 14, 37.8, , 1
Python, n-body, 2,  8096.51, 1340.51, 1137.05, 0.00, 344.08, 683537, 683459, 13, 38.2, , 1
Python, n-body, 2,  8051.75, 1332.61, 1130.65, 0.00, 342.02, 679423, 679363, 16, 38.0, , 1
Python, n-body, 2,  7946.19, 1312.55, 1113.90, 0.00, 336.94, 669385, 669355, 8, 38.5, , 1
Python, n-body, 2,  7745.10, 1268.33, 1076.48, 0.00, 325.58, 646819, 646764, 13, 38.5, , 1
Python, n-body, 2,  7862.56, 1295.77, 1099.46, 0.00, 332.57, 660667, 660616, 10, 38.8, , 1
Python, n-body, 2,  8058.26, 1339.08, 1136.56, 0.00, 343.79, 682977, 682954, 4, 38.5, , 1
Python, n-body, 2,  7839.04, 1298.23, 1101.54, 0.00, 333.20, 661887, 661872, 12, 38.8, , 1
Python, n-body, 2,  8015.04, 1329.55, 1128.32, 0.00, 341.33, 678058, 678041, 10, 38.8, , 1
Python, n-body, 2,  8073.93, 1341.15, 1138.14, 0.00, 344.26, 683904, 683883, 7, 38.2, , 1
Python, n-body, 2,  8053.69, 1342.34, 1139.05, 0.00, 344.56, 684482, 684490, 9, 38.5, , 1
Python, n-body, 2,  7944.66, 1327.79, 1126.76, 0.00, 340.88, 677150, 677141, 7, 38.5, , 1
Python, regex-redux, 2,  305.65, 55.19, 47.45, 0.00, 13.82, 25515, 50640, 1245, 38.5, , 1
Python, regex-redux, 2,  309.39, 56.06, 48.25, 0.00, 13.96, 25771, 50738, 1371, 38.8, , 1
Python, regex-redux, 2,  306.00, 55.44, 47.69, 0.00, 13.85, 25569, 50746, 1268, 38.8, , 1
Python, regex-redux, 2,  304.42, 55.23, 47.50, 0.00, 13.83, 25534, 50395, 1398, 38.8, , 1
Python, regex-redux, 2,  307.06, 54.94, 47.26, 0.00, 13.76, 25390, 50569, 1336, 38.5, , 1
Python, regex-redux, 2,  304.90, 54.88, 47.17, 0.00, 13.77, 25394, 50568, 1302, 38.8, , 1
Python, regex-redux, 2,  309.36, 55.26, 47.54, 0.00, 13.86, 25568, 50459, 1427, 39.0, , 1
Python, regex-redux, 2,  304.38, 55.22, 47.55, 0.00, 13.76, 25368, 50373, 1318, 39.5, , 1
Python, regex-redux, 2,  306.80, 55.24, 47.54, 0.00, 13.77, 25402, 50354, 1382, 38.8, , 1
Python, regex-redux, 2,  306.32, 55.52, 47.76, 0.00, 13.87, 25580, 50597, 1314, 39.0, , 1
Python, regex-redux, 2,  304.43, 55.37, 47.67, 0.00, 13.79, 25420, 50511, 1236, 38.5, , 1
Python, regex-redux, 2,  304.60, 54.94, 47.25, 0.00, 13.76, 25368, 50444, 1279, 39.0, , 1
Python, regex-redux, 2,  302.35, 54.74, 47.07, 0.00, 13.71, 25275, 50236, 1350, 39.0, , 1
Python, regex-redux, 2,  305.26, 55.25, 47.58, 0.00, 13.77, 25383, 50438, 1245, 38.5, , 1
Python, regex-redux, 2,  301.95, 54.28, 46.64, 0.00, 13.65, 25183, 50161, 1321, 38.8, , 1
Python, regex-redux, 2,  302.96, 54.70, 47.08, 0.00, 13.67, 25185, 50792, 1266, 38.8, , 1
Python, regex-redux, 2,  302.80, 54.36, 46.73, 0.00, 13.63, 25145, 50082, 1361, 38.8, , 1
Python, regex-redux, 2,  301.89, 53.67, 46.09, 0.00, 13.56, 24976, 50009, 1343, 38.5, , 1
Python, regex-redux, 2,  305.24, 54.34, 46.70, 0.00, 13.66, 25182, 50455, 1289, 38.8, , 1
Python, regex-redux, 2,  305.27, 54.39, 46.73, 0.00, 13.70, 25247, 50277, 1336, 38.8, , 1
Python, reverse-complement, 2,  59.35, 9.62, 8.11, 0.00, 3.02, 4984, 6436, 1871, 38.8, , 1
Python, reverse-complement, 2,  59.17, 9.68, 8.18, 0.00, 3.00, 4937, 6139, 2107, 38.8, , 1
Python, reverse-complement, 2,  59.54, 9.74, 8.24, 0.00, 3.00, 4967, 6540, 1729, 38.8, , 1
Python, reverse-complement, 2,  58.74, 9.60, 8.11, 0.00, 2.97, 4904, 6351, 1867, 38.8, , 1
Python, reverse-complement, 2,  58.59, 9.64, 8.15, 0.00, 2.97, 4909, 6548, 1678, 38.8, , 1
Python, reverse-complement, 2,  58.81, 9.67, 8.18, 0.00, 2.98, 4922, 6257, 1962, 38.8, , 1
Python, reverse-complement, 2,  58.20, 9.39, 7.92, 0.00, 2.94, 4835, 6372, 1773, 38.8, , 1
Python, reverse-complement, 2,  58.39, 9.57, 8.10, 0.00, 2.95, 4859, 6339, 1833, 38.8, , 1
Python, reverse-complement, 2,  58.23, 9.45, 7.98, 0.00, 2.93, 4822, 6472, 1668, 38.8, , 1
Python, reverse-complement, 2,  58.31, 9.55, 8.08, 0.00, 2.95, 4863, 6447, 1725, 38.8, , 1
Python, reverse-complement, 2,  58.70, 9.63, 8.14, 0.00, 2.97, 4909, 6466, 1756, 38.8, , 1
Python, reverse-complement, 2,  58.32, 9.45, 7.98, 0.00, 2.94, 4835, 6321, 1827, 39.0, , 1
Python, reverse-complement, 2,  54.62, 9.47, 8.13, 0.00, 2.73, 4435, 6079, 1660, 39.2, , 1
Python, reverse-complement, 2,  54.31, 9.42, 8.09, 0.00, 2.71, 4401, 6157, 1534, 39.0, , 1
Python, reverse-complement, 2,  54.75, 9.40, 8.06, 0.00, 2.71, 4408, 6120, 1583, 39.0, , 1
Python, reverse-complement, 2,  54.82, 9.60, 8.26, 0.00, 2.73, 4439, 6130, 1602, 38.8, , 1
Python, reverse-complement, 2,  55.55, 9.75, 8.38, 0.00, 2.77, 4523, 6130, 1739, 39.0, , 1
Python, reverse-complement, 2,  54.85, 9.53, 8.19, 0.00, 2.72, 4434, 6113, 1610, 38.8, , 1
Python, reverse-complement, 2,  54.67, 9.49, 8.15, 0.00, 2.72, 4415, 6082, 1618, 39.0, , 1
Python, reverse-complement, 2,  55.31, 9.69, 8.33, 0.00, 2.76, 4501, 6051, 1774, 39.0, , 1
Python, spectral-norm, 2,  4813.42, 1215.79, 1107.70, 0.00, 180.80, 358832, 1429850, 410, 39.5, , 1
Python, spectral-norm, 2,  4877.49, 1221.56, 1112.24, 0.00, 182.93, 363280, 1446770, 352, 39.5, , 1
Python, spectral-norm, 2,  4986.53, 1213.82, 1101.13, 0.00, 188.24, 373832, 1476928, 360, 39.5, , 1
Python, spectral-norm, 2,  4812.41, 1183.97, 1075.94, 0.00, 180.53, 358452, 1428908, 334, 40.2, , 1
Python, spectral-norm, 2,  4809.53, 1219.78, 1111.74, 0.00, 180.78, 359004, 1430069, 377, 40.0, , 1
Python, spectral-norm, 2,  4840.04, 1228.36, 1119.70, 0.00, 181.84, 361064, 1437937, 381, 39.8, , 1
Python, spectral-norm, 2,  4827.94, 1225.47, 1116.91, 0.00, 181.57, 360598, 1437332, 339, 39.8, , 1
Python, spectral-norm, 2,  4802.53, 1232.68, 1124.86, 0.00, 180.61, 358733, 1429366, 331, 40.0, , 1
Python, spectral-norm, 2,  4866.10, 1241.06, 1131.93, 0.00, 182.95, 363424, 1446760, 342, 40.0, , 1
Python, spectral-norm, 2,  4808.40, 1211.41, 1103.28, 0.00, 180.86, 359231, 1430945, 353, 39.8, , 1
Python, spectral-norm, 2,  4792.82, 1202.87, 1094.94, 0.00, 180.54, 358546, 1428892, 353, 39.8, , 1
Python, spectral-norm, 2,  4818.55, 1203.56, 1094.75, 0.00, 182.01, 361399, 1437803, 370, 40.0, , 1
Python, spectral-norm, 2,  4823.94, 1230.60, 1122.06, 0.00, 181.69, 360827, 1437689, 363, 39.8, , 1
Python, spectral-norm, 2,  4840.18, 1224.62, 1116.04, 0.00, 181.94, 361334, 1439797, 332, 40.0, , 1
Python, spectral-norm, 2,  4796.41, 1223.64, 1116.05, 0.00, 180.47, 358462, 1428819, 326, 40.0, , 1
Python, spectral-norm, 2,  5219.14, 1291.13, 1172.98, 0.00, 197.80, 392854, 1528941, 319, 40.0, , 1
Python, spectral-norm, 2,  4810.05, 1219.50, 1111.83, 0.00, 180.68, 358762, 1429331, 341, 39.8, , 1
Python, spectral-norm, 2,  4824.74, 1202.35, 1093.71, 0.00, 181.68, 360793, 1438133, 321, 39.8, , 1
Python, spectral-norm, 2,  4825.92, 1226.23, 1117.90, 0.00, 181.54, 360590, 1437139, 335, 40.2, , 1
Python, spectral-norm, 2,  4800.38, 1201.12, 1093.23, 0.00, 180.47, 358370, 1428595, 347, 40.0, , 1
C, binary-trees, 4,  43.55, 11.86, 10.92, 0.00, 2.31, 2986, 9581, 386, 40.2, , 1
C, binary-trees, 4,  43.04, 11.76, 10.82, 0.00, 2.29, 2961, 9429, 410, 40.5, , 1
C, binary-trees, 4,  43.27, 11.82, 10.88, 0.00, 2.31, 2981, 9486, 417, 40.0, , 1
C, binary-trees, 4,  42.78, 11.64, 10.71, 0.00, 2.28, 2933, 9373, 407, 40.5, , 1
C, binary-trees, 4,  43.45, 11.77, 10.83, 0.00, 2.29, 2967, 9493, 386, 40.2, , 1
C, binary-trees, 4,  44.34, 11.99, 11.03, 0.00, 2.34, 3022, 9460, 405, 40.5, , 1
C, binary-trees, 4,  43.50, 11.85, 10.91, 0.00, 2.31, 2987, 9561, 416, 40.2, , 1
C, binary-trees, 4,  43.49, 11.81, 10.87, 0.00, 2.30, 2978, 9522, 398, 40.5, , 1
C, binary-trees, 4,  44.03, 11.96, 11.01, 0.00, 2.32, 3015, 9651, 414, 40.0, , 1
C, binary-trees, 4,  43.28, 11.63, 10.70, 0.00, 2.28, 2931, 9335, 386, 40.2, , 1
C, binary-trees, 4,  43.20, 11.74, 10.80, 0.00, 2.29, 2958, 9439, 400, 40.0, , 1
C, binary-trees, 4,  42.65, 11.63, 10.70, 0.00, 2.28, 2930, 9372, 375, 40.5, , 1
C, binary-trees, 4,  43.09, 11.78, 10.84, 0.00, 2.32, 2969, 9468, 386, 40.2, , 1
C, binary-trees, 4,  42.83, 11.65, 10.71, 0.00, 2.32, 2936, 9403, 386, 40.2, , 1
C, binary-trees, 4,  43.30, 11.80, 10.86, 0.00, 2.32, 2974, 9553, 384, 40.0, , 1
C, binary-trees, 4,  42.61, 11.54, 10.62, 0.00, 2.27, 2910, 9307, 393, 40.2, , 1
C, binary-trees, 4,  42.67, 11.39, 10.48, 0.00, 2.25, 2870, 9124, 370, 40.2, , 1
C, binary-trees, 4,  42.16, 11.38, 10.47, 0.00, 2.24, 2868, 9149, 388, 40.2, , 1
C, binary-trees, 4,  42.01, 11.34, 10.44, 0.00, 2.23, 2859, 9079, 409, 40.2, , 1
C, binary-trees, 4,  42.74, 11.50, 10.58, 0.00, 2.26, 2898, 9256, 403, 40.5, , 1
C, fannkuch-redux, 4,  85.00, 24.01, 22.20, 0.00, 3.05, 6053, 24078, 0, 40.0, , 1
C, fannkuch-redux, 4,  85.14, 23.90, 22.10, 0.00, 3.04, 6026, 23938, 0, 40.0, , 1
C, fannkuch-redux, 4,  85.41, 24.11, 22.29, 0.00, 3.06, 6077, 24173, 0, 40.0, , 1
C, fannkuch-redux, 4,  85.51, 23.96, 22.15, 0.00, 3.04, 6041, 24036, 24036, 40.8, , 1
C, fannkuch-redux, 4,  85.47, 24.04, 22.22, 0.00, 3.05, 6060, 24103, 0, 40.2, , 1
C, fannkuch-redux, 4,  84.87, 23.91, 22.11, 0.00, 3.03, 6029, 23989, 1, 40.0, , 1
C, fannkuch-redux, 4,  85.57, 24.00, 22.18, 0.00, 3.05, 6048, 24003, 1, 40.2, , 1
C, fannkuch-redux, 4,  84.78, 23.94, 22.13, 0.00, 3.04, 6035, 23996, 2, 40.5, , 1
C, fannkuch-redux, 4,  85.45, 24.24, 22.40, 0.00, 3.07, 6108, 24301, 0, 39.8, , 1
C, fannkuch-redux, 4,  85.51, 24.29, 22.44, 0.00, 3.08, 6118, 24344, 2, 40.5, , 1
C, fannkuch-redux, 4,  86.10, 24.46, 22.60, 0.00, 3.10, 6164, 24528, 2, 40.0, , 1
C, fannkuch-redux, 4,  85.99, 24.25, 22.41, 0.00, 3.08, 6111, 24304, 2, 40.0, , 1
C, fannkuch-redux, 4,  85.42, 24.07, 22.25, 0.00, 3.05, 6067, 24126, 0, 40.2, , 1
C, fannkuch-redux, 4,  84.62, 23.88, 22.09, 0.00, 3.03, 6023, 23937, 0, 40.0, , 1
C, fannkuch-redux, 4,  85.87, 24.02, 22.20, 0.00, 3.05, 6054, 24057, 1, 40.2, , 1
C, fannkuch-redux, 4,  85.00, 23.99, 22.18, 0.00, 3.04, 6048, 24051, 0, 40.5, , 1
C, fannkuch-redux, 4,  85.43, 24.17, 22.34, 0.00, 3.06, 6090, 24238, 0, 40.0, , 1
C, fannkuch-redux, 4,  85.48, 24.28, 22.43, 0.00, 3.08, 6118, 24339, 1, 40.2, , 1
C, fannkuch-redux, 4,  85.27, 23.90, 22.10, 0.00, 3.03, 6026, 23939, 0, 40.0, , 1
C, fannkuch-redux, 4,  85.39, 24.09, 22.27, 0.00, 3.06, 6074, 24147, 2, 40.0, , 1
C, fasta, 4,  12.99, 3.63, 3.35, 0.00, 0.46, 914, 898, 16, 38.8, , 1
C, fasta, 4,  13.00, 3.59, 3.32, 0.00, 0.46, 905, 894, 11, 40.2, , 1
C, fasta, 4,  13.09, 3.63, 3.36, 0.00, 0.46, 916, 903, 12, 38.8, , 1
C, fasta, 4,  13.07, 3.66, 3.38, 0.00, 0.47, 923, 902, 21, 40.2, , 1
C, fasta, 4,  13.16, 3.69, 3.41, 0.00, 0.47, 930, 915, 15, 38.8, , 1
C, fasta, 4,  13.33, 3.69, 3.40, 0.00, 0.47, 928, 910, 17, 40.2, , 1
C, fasta, 4,  13.00, 3.66, 3.38, 0.00, 0.46, 921, 902, 19, 38.8, , 1
C, fasta, 4,  13.05, 3.67, 3.39, 0.00, 0.47, 925, 907, 18, 40.5, , 1
C, fasta, 4,  13.27, 3.69, 3.41, 0.00, 0.47, 931, 917, 13, 38.8, , 1
C, fasta, 4,  13.42, 3.70, 3.41, 0.00, 0.47, 931, 911, 19, 40.0, , 1
C, fasta, 4,  13.08, 3.67, 3.39, 0.00, 0.47, 925, 902, 22, 38.8, , 1
C, fasta, 4,  13.14, 3.68, 3.40, 0.00, 0.47, 928, 910, 18, 40.0, , 1
C, fasta, 4,  12.93, 3.66, 3.38, 0.00, 0.47, 922, 901, 20, 38.8, , 1
C, fasta, 4,  13.17, 3.70, 3.42, 0.00, 0.47, 932, 904, 28, 40.2, , 1
C, fasta, 4,  13.05, 3.66, 3.38, 0.00, 0.47, 923, 904, 18, 38.8, , 1
C, fasta, 4,  13.01, 3.63, 3.36, 0.00, 0.46, 917, 898, 18, 39.8, , 1
C, fasta, 4,  13.01, 3.65, 3.37, 0.00, 0.47, 921, 900, 20, 38.8, , 1
C, fasta, 4,  13.12, 3.67, 3.39, 0.00, 0.47, 926, 891, 34, 40.2, , 1
C, fasta, 4,  13.04, 3.65, 3.37, 0.00, 0.46, 920, 900, 20, 38.8, , 1
C, fasta, 4,  13.17, 3.68, 3.40, 0.00, 0.47, 928, 905, 23, 40.2, , 1
C, k-nucleotide, 4,  121.53, 32.46, 30.02, 0.00, 7.00, 8178, 29449, 145, 40.0, , 1
C, k-nucleotide, 4,  125.77, 33.28, 30.71, 0.00, 7.72, 8384, 29953, 152, 40.0, , 1
C, k-nucleotide, 4,  123.21, 32.68, 30.20, 0.00, 7.17, 8233, 29427, 149, 40.2, , 1
C, k-nucleotide, 4,  123.08, 32.67, 30.17, 0.00, 7.50, 8233, 29397, 139, 40.2, , 1
C, k-nucleotide, 4,  122.11, 32.80, 30.31, 0.00, 7.20, 8266, 29459, 166, 40.0, , 1
C, k-nucleotide, 4,  123.88, 33.14, 30.60, 0.00, 7.51, 8349, 29747, 154, 39.8, , 1
C, k-nucleotide, 4,  122.04, 32.65, 30.20, 0.00, 7.10, 8228, 29700, 139, 40.5, , 1
C, k-nucleotide, 4,  121.18, 32.56, 30.12, 0.00, 6.85, 8206, 29239, 180, 40.2, , 1
C, k-nucleotide, 4,  121.61, 32.77, 30.34, 0.00, 6.66, 8258, 29681, 178, 40.2, , 1
C, k-nucleotide, 4,  125.15, 33.28, 30.72, 0.00, 7.65, 8386, 29983, 180, 40.2, , 1
C, k-nucleotide, 4,  123.20, 32.80, 30.32, 0.00, 7.17, 8267, 29482, 152, 40.5, , 1
C, k-nucleotide, 4,  123.09, 32.71, 30.23, 0.00, 7.27, 8244, 29395, 153, 40.2, , 1
C, k-nucleotide, 4,  122.64, 32.87, 30.39, 0.00, 7.14, 8283, 29665, 169, 40.2, , 1
C, k-nucleotide, 4,  122.68, 32.80, 30.33, 0.00, 7.18, 8266, 29546, 164, 40.2, , 1
C, k-nucleotide, 4,  121.28, 32.17, 29.75, 0.00, 7.04, 8108, 29055, 158, 40.0, , 1
C, k-nucleotide, 4,  122.39, 32.70, 30.23, 0.00, 7.23, 8241, 29493, 151, 40.2, , 1
C, k-nucleotide, 4,  121.91, 32.63, 30.18, 0.00, 6.94, 8227, 29428, 156, 40.0, , 1
C, k-nucleotide, 4,  123.38, 32.63, 30.14, 0.00, 7.45, 8223, 29396, 151, 40.2, , 1
C, k-nucleotide, 4,  123.69, 32.92, 30.44, 0.00, 7.22, 8298, 29800, 171, 40.5, , 1
C, k-nucleotide, 4,  123.30, 32.90, 30.38, 0.00, 7.41, 8288, 29740, 149, 40.0, , 1
C, mandelbrot, 4,  39.73, 11.11, 10.27, 0.00, 1.42, 2798, 11122, 45, 39.8, , 1
C, mandelbrot, 4,  39.77, 11.20, 10.35, 0.00, 1.43, 2820, 11227, 41, 39.8, , 1
C, mandelbrot, 4,  40.56, 11.42, 10.55, 0.00, 1.45, 2874, 11311, 41, 40.2, , 1
C, mandelbrot, 4,  40.20, 11.33, 10.47, 0.00, 1.44, 2852, 11354, 38, 40.2, , 1
C, mandelbrot, 4,  40.46, 11.43, 10.56, 0.00, 1.45, 2877, 11445, 46, 40.2, , 1
C, mandelbrot, 4,  40.50, 11.43, 10.56, 0.00, 1.46, 2877, 11445, 50, 40.2, , 1
C, mandelbrot, 4,  40.25, 11.36, 10.50, 0.00, 1.45, 2860, 11355, 57, 40.0, , 1
C, mandelbrot, 4,  40.22, 11.35, 10.48, 0.00, 1.44, 2856, 11374, 39, 40.2, , 1
C, mandelbrot, 4,  40.26, 11.28, 10.43, 0.00, 1.44, 2841, 11310, 42, 39.8, , 1
C, mandelbrot, 4,  39.98, 11.20, 10.35, 0.00, 1.43, 2820, 11215, 39, 40.0, , 1
C, mandelbrot, 4,  40.28, 11.35, 10.49, 0.00, 1.45, 2859, 11383, 32, 40.0, , 1
C, mandelbrot, 4,  40.27, 11.29, 10.43, 0.00, 1.44, 2842, 11315, 40, 40.5, , 1
C, mandelbrot, 4,  40.38, 11.34, 10.47, 0.00, 1.45, 2854, 11342, 47, 40.0, , 1
C, mandelbrot, 4,  40.23, 11.33, 10.47, 0.00, 1.44, 2852, 11354, 43, 39.8, , 1
C, mandelbrot, 4,  39.72, 11.21, 10.36, 0.00, 1.43, 2823, 11229, 49, 40.2, , 1
C, mandelbrot, 4,  40.18, 11.28, 10.42, 0.00, 1.44, 2840, 11306, 40, 40.0, , 1
C, mandelbrot, 4,  40.91, 11.52, 10.64, 0.00, 1.47, 2898, 11503, 48, 40.0, , 1
C, mandelbrot, 4,  40.56, 11.46, 10.59, 0.00, 1.46, 2885, 11464, 61, 40.0, , 1
C, mandelbrot, 4,  40.27, 11.33, 10.47, 0.00, 1.44, 2851, 11343, 48, 40.0, , 1
C, mandelbrot, 4,  40.00, 11.22, 10.37, 0.00, 1.43, 2826, 11252, 37, 39.5, , 1
C, n-body, 4,  37.39, 10.43, 9.64, 0.00, 1.32, 2628, 2627, 0, 40.0, , 1
C, n-body, 4,  37.25, 10.45, 9.65, 0.00, 1.33, 2632, 2631, 1, 40.2, , 1
C, n-body, 4,  37.44, 10.56, 9.75, 0.00, 1.34, 2660, 2660, 2660, 39.5, , 1
C, n-body, 4,  37.55, 10.56, 9.76, 0.00, 1.34, 2660, 2659, 1, 40.2, , 1
C, n-body, 4,  37.44, 10.52, 9.71, 0.00, 1.33, 2649, 2648, 1, 39.8, , 1
C, n-body, 4,  37.59, 10.59, 9.78, 0.00, 1.34, 2668, 2667, 2667, 40.0, , 1
C, n-body, 4,  37.09, 10.43, 9.63, 0.00, 1.32, 2628, 2626, 0, 40.0, , 1
C, n-body, 4,  37.31, 10.56, 9.76, 0.00, 1.34, 2661, 2660, 0, 39.8, , 1
C, n-body, 4,  37.02, 10.41, 9.62, 0.00, 1.32, 2624, 2622, 0, 40.0, , 1
C, n-body, 4,  37.79, 10.56, 9.75, 0.00, 1.34, 2660, 2659, 1, 39.8, , 1
C, n-body, 4,  37.36, 10.52, 9.72, 0.00, 1.33, 2650, 2649, 1, 39.8, , 1
C, n-body, 4,  37.50, 10.52, 9.72, 0.00, 1.34, 2652, 2651, 2651, 40.0, , 1
C, n-body, 4,  37.30, 10.48, 9.69, 0.00, 1.33, 2642, 2642, 2642, 39.8, , 1
C, n-body, 4,  37.20, 10.35, 9.57, 0.00, 1.31, 2610, 2610, 2610, 39.8, , 1
C, n-body, 4,  36.91, 10.29, 9.51, 0.00, 1.31, 2594, 2593, 0, 40.0, , 1
C, n-body, 4,  37.43, 10.50, 9.70, 0.00, 1.33, 2644, 2642, 1, 40.2, , 1
C, n-body, 4,  37.34, 10.49, 9.69, 0.00, 1.33, 2642, 2641, 1, 39.5, , 1
C, n-body, 4,  36.84, 10.33, 9.54, 0.00, 1.31, 2602, 2600, 1, 40.0, , 1
C, n-body, 4,  37.02, 10.38, 9.59, 0.00, 1.32, 2622, 2619, 2, 40.2, , 1
C, n-body, 4,  36.94, 10.27, 9.49, 0.00, 1.30, 2588, 2587, 1, 39.8, , 1
C, regex-redux, 4,  25.78, 7.04, 6.50, 0.00, 1.16, 1772, 5313, 177, 40.0, , 1
C, regex-redux, 4,  25.77, 7.06, 6.52, 0.00, 1.16, 1776, 5358, 192, 40.0, , 1
C, regex-redux, 4,  25.85, 7.08, 6.54, 0.00, 1.16, 1783, 5364, 215, 40.0, , 1
C, regex-redux, 4,  26.04, 7.12, 6.57, 0.00, 1.17, 1792, 5409, 193, 39.8, , 1
C, regex-redux, 4,  25.86, 7.15, 6.61, 0.00, 1.18, 1800, 5428, 201, 40.0, , 1
C, regex-redux, 4,  25.80, 7.13, 6.59, 0.00, 1.17, 1795, 5444, 179, 40.5, , 1
C, regex-redux, 4,  25.84, 7.10, 6.56, 0.00, 1.17, 1787, 5417, 183, 40.0, , 1
C, regex-redux, 4,  25.85, 7.10, 6.55, 0.00, 1.17, 1787, 5424, 177, 40.0, , 1
C, regex-redux, 4,  26.09, 7.10, 6.56, 0.00, 1.17, 1787, 5380, 184, 39.8, , 1
C, regex-redux, 4,  25.73, 7.10, 6.56, 0.00, 1.17, 1785, 5418, 173, 40.0, , 1
C, regex-redux, 4,  26.12, 7.18, 6.63, 0.00, 1.18, 1807, 5476, 187, 40.0, , 1
C, regex-redux, 4,  25.87, 7.07, 6.53, 0.00, 1.17, 1780, 5401, 169, 40.0, , 1
C, regex-redux, 4,  26.35, 7.15, 6.60, 0.00, 1.18, 1800, 5395, 182, 39.8, , 1
C, regex-redux, 4,  26.00, 7.14, 6.60, 0.00, 1.18, 1799, 5460, 183, 39.8, , 1
C, regex-redux, 4,  26.19, 7.15, 6.61, 0.00, 1.18, 1801, 5442, 204, 40.2, , 1
C, regex-redux, 4,  25.63, 7.01, 6.48, 0.00, 1.16, 1772, 5346, 185, 40.0, , 1
C, regex-redux, 4,  25.55, 7.02, 6.49, 0.00, 1.16, 1768, 5319, 196, 39.8, , 1
C, regex-redux, 4,  25.61, 7.02, 6.48, 0.00, 1.16, 1767, 5353, 178, 39.8, , 1
C, regex-redux, 4,  26.44, 7.22, 6.67, 0.00, 1.19, 1818, 5435, 194, 40.0, , 1
C, regex-redux, 4,  25.96, 7.09, 6.55, 0.00, 1.17, 1785, 5433, 164, 40.0, , 1
C, reverse-complement, 4,  2.51, 0.64, 0.58, 0.00, 0.19, 163, 121, 129, 38.8, , 1
C, reverse-complement, 4,  2.51, 0.64, 0.57, 0.00, 0.19, 161, 125, 123, 38.8, , 1
C, reverse-complement, 4,  2.51, 0.63, 0.57, 0.00, 0.19, 161, 120, 128, 38.8, , 1
C, reverse-complement, 4,  2.51, 0.63, 0.57, 0.00, 0.19, 161, 128, 119, 38.8, , 1
C, reverse-complement, 4,  2.53, 0.64, 0.58, 0.00, 0.19, 162, 127, 121, 40.0, , 1
C, reverse-complement, 4,  2.50, 0.62, 0.56, 0.00, 0.19, 158, 121, 123, 38.8, , 1
C, reverse-complement, 4,  2.54, 0.63, 0.57, 0.00, 0.19, 161, 119, 128, 38.8, , 1
C, reverse-complement, 4,  2.55, 0.64, 0.58, 0.00, 0.19, 163, 119, 131, 38.8, , 1
C, reverse-complement, 4,  2.55, 0.64, 0.58, 0.00, 0.19, 163, 121, 128, 38.8, , 1
C, reverse-complement, 4,  2.53, 0.63, 0.57, 0.00, 0.19, 161, 121, 127, 39.8, , 1
C, reverse-complement, 4,  2.52, 0.64, 0.58, 0.00, 0.19, 161, 123, 124, 38.8, , 1
C, reverse-complement, 4,  2.54, 0.63, 0.57, 0.00, 0.19, 164, 112, 134, 38.8, , 1
C, reverse-complement, 4,  2.52, 0.64, 0.58, 0.00, 0.19, 161, 118, 130, 38.8, , 1
C, reverse-complement, 4,  2.52, 0.64, 0.58, 0.00, 0.19, 161, 126, 124, 38.8, , 1
C, reverse-complement, 4,  2.54, 0.64, 0.58, 0.00, 0.19, 164, 118, 134, 39.8, , 1
C, reverse-complement, 4,  2.54, 0.64, 0.57, 0.00, 0.19, 164, 129, 122, 38.8, , 1
C, reverse-complement, 4,  2.54, 0.63, 0.57, 0.00, 0.19, 161, 114, 135, 38.8, , 1
C, reverse-complement, 4,  2.51, 0.63, 0.57, 0.00, 0.19, 160, 120, 127, 38.8, , 1
C, reverse-complement, 4,  2.55, 0.64, 0.58, 0.00, 0.19, 163, 123, 126, 38.8, , 1
C, reverse-complement, 4,  2.53, 0.64, 0.58, 0.00, 0.19, 163, 126, 123, 39.8, , 1
C, spectral-norm, 4,  14.16, 4.03, 3.73, 0.00, 0.51, 1012, 4035, 1, 39.8, , 1
C, spectral-norm, 4,  14.49, 4.08, 3.77, 0.00, 0.52, 1024, 4065, 0, 39.8, , 1
C, spectral-norm, 4,  14.33, 4.05, 3.74, 0.00, 0.51, 1016, 4057, 4057, 39.8, , 1
C, spectral-norm, 4,  14.41, 4.02, 3.71, 0.00, 0.51, 1007, 4022, 4022, 39.8, , 1
C, spectral-norm, 4,  14.31, 4.03, 3.72, 0.00, 0.51, 1010, 4030, 2, 39.5, , 1
C, spectral-norm, 4,  14.09, 3.96, 3.66, 0.00, 0.50, 994, 3966, 1, 39.5, , 1
C, spectral-norm, 4,  14.08, 3.98, 3.68, 0.00, 0.50, 998, 3980, 1, 39.8, , 1
C, spectral-norm, 4,  14.47, 4.05, 3.74, 0.00, 0.51, 1016, 4056, 0, 40.0, , 1
C, spectral-norm, 4,  14.34, 4.05, 3.74, 0.00, 0.51, 1015, 4050, 2, 39.5, , 1
C, spectral-norm, 4,  14.40, 4.05, 3.74, 0.00, 0.51, 1016, 4057, 0, 39.8, , 1
C, spectral-norm, 4,  14.43, 4.08, 3.77, 0.00, 0.52, 1023, 4074, 1, 39.8, , 1
C, spectral-norm, 4,  14.33, 4.06, 3.75, 0.00, 0.51, 1018, 4064, 2, 39.2, , 1
C, spectral-norm, 4,  14.28, 4.06, 3.75, 0.00, 0.51, 1018, 4063, 2, 39.8, , 1
C, spectral-norm, 4,  14.36, 4.04, 3.74, 0.00, 0.51, 1015, 4054, 4054, 39.5, , 1
C, spectral-norm, 4,  14.29, 4.03, 3.72, 0.00, 0.51, 1011, 4034, 1, 39.8, , 1
C, spectral-norm, 4,  14.36, 4.01, 3.70, 0.00, 0.51, 1007, 4016, 1, 39.8, , 1
C, spectral-norm, 4,  14.13, 4.00, 3.69, 0.00, 0.51, 1003, 4001, 1, 39.8, , 1
C, spectral-norm, 4,  14.13, 4.00, 3.70, 0.00, 0.51, 1004, 4008, 1, 39.8, , 1
C, spectral-norm, 4,  14.16, 3.98, 3.68, 0.00, 0.50, 999, 3990, 1, 39.5, , 1
C, spectral-norm, 4,  14.32, 4.06, 3.75, 0.00, 0.51, 1020, 4069, 3, 39.8, , 1
C++, binary-trees, 4,  38.92, 10.33, 9.46, 0.00, 2.09, 2628, 9322, 425, 40.0, , 1
C++, binary-trees, 4,  37.60, 10.16, 9.31, 0.00, 2.02, 2587, 9138, 366, 40.5, , 1
C++, binary-trees, 4,  36.96, 9.83, 9.00, 0.00, 2.03, 2491, 9051, 181, 40.2, , 1
C++, binary-trees, 4,  37.56, 10.09, 9.24, 0.00, 2.09, 2561, 9179, 304, 40.0, , 1
C++, binary-trees, 4,  38.12, 10.30, 9.45, 0.00, 2.04, 2617, 9295, 348, 39.5, , 1
C++, binary-trees, 4,  38.16, 10.32, 9.47, 0.00, 2.03, 2614, 9261, 377, 39.8, , 1
C++, binary-trees, 4,  37.96, 10.26, 9.42, 0.00, 2.03, 2587, 9238, 327, 39.8, , 1
C++, binary-trees, 4,  37.90, 10.12, 9.28, 0.00, 2.04, 2563, 9162, 265, 39.8, , 1
C++, binary-trees, 4,  37.66, 10.07, 9.22, 0.00, 2.12, 2551, 9219, 239, 40.0, , 1
C++, binary-trees, 4,  38.98, 10.39, 9.49, 0.00, 2.21, 2636, 9303, 476, 39.5, , 1
C++, binary-trees, 4,  37.74, 10.07, 9.23, 0.00, 2.04, 2542, 9154, 251, 40.2, , 1
C++, binary-trees, 4,  37.70, 9.99, 9.17, 0.00, 2.08, 2544, 9203, 222, 39.8, , 1
C++, binary-trees, 4,  38.50, 10.19, 9.32, 0.00, 2.12, 2598, 9250, 300, 40.0, , 1
C++, binary-trees, 4,  38.26, 10.27, 9.42, 0.00, 2.04, 2601, 9212, 377, 40.0, , 1
C++, binary-trees, 4,  38.96, 10.55, 9.68, 0.00, 2.09, 2658, 9581, 266, 40.0, , 1
C++, binary-trees, 4,  37.87, 10.02, 9.18, 0.00, 2.05, 2538, 9102, 288, 40.2, , 1
C++, binary-trees, 4,  38.25, 10.19, 9.30, 0.00, 2.19, 2606, 9275, 304, 40.0, , 1
C++, binary-trees, 4,  37.08, 9.93, 9.11, 0.00, 2.07, 2501, 9147, 157, 39.8, , 1
C++, binary-trees, 4,  37.42, 10.06, 9.23, 0.00, 2.03, 2553, 9119, 273, 40.0, , 1
C++, binary-trees, 4,  38.86, 10.39, 9.54, 0.00, 2.13, 2633, 9588, 217, 40.0, , 1
C++, fannkuch-redux, 4,  140.81, 39.38, 36.39, 0.00, 4.99, 9922, 39411, 4, 40.0, , 1
C++, fannkuch-redux, 4,  141.46, 39.64, 36.64, 0.00, 5.02, 9987, 39677, 3, 40.2, , 1
C++, fannkuch-redux, 4,  141.25, 39.66, 36.66, 0.00, 5.03, 9994, 39684, 1, 39.8, , 1
C++, fannkuch-redux, 4,  140.48, 39.59, 36.58, 0.00, 5.02, 9974, 39624, 1, 40.2, , 1
C++, fannkuch-redux, 4,  140.92, 39.64, 36.63, 0.00, 5.02, 9988, 39666, 0, 40.0, , 1
C++, fannkuch-redux, 4,  140.89, 39.65, 36.64, 0.00, 5.03, 9992, 39676, 2, 40.0, , 1
C++, fannkuch-redux, 4,  141.21, 39.62, 36.61, 0.00, 5.03, 9983, 39661, 2, 40.0, , 1
C++, fannkuch-redux, 4,  140.36, 39.15, 36.18, 0.00, 4.97, 9865, 39145, 0, 40.2, , 1
C++, fannkuch-redux, 4,  139.84, 38.93, 35.97, 0.00, 4.93, 9808, 38968, 0, 40.2, , 1
C++, fannkuch-redux, 4,  139.32, 38.82, 35.87, 0.00, 4.92, 9780, 38832, 0, 40.0, , 1
C++, fannkuch-redux, 4,  139.04, 38.98, 36.01, 0.00, 4.94, 9821, 38996, 1, 40.0, , 1
C++, fannkuch-redux, 4,  140.06, 39.30, 36.32, 0.00, 4.98, 9903, 39330, 1, 40.2, , 1
C++, fannkuch-redux, 4,  139.84, 38.98, 36.03, 0.00, 4.95, 9825, 38984, 4, 40.5, , 1
C++, fannkuch-redux, 4,  140.34, 39.26, 36.28, 0.00, 4.98, 9892, 39266, 0, 40.8, , 1
C++, fannkuch-redux, 4,  141.57, 39.62, 36.61, 0.00, 5.02, 9983, 39666, 0, 40.5, , 1
C++, fannkuch-redux, 4,  140.78, 39.79, 36.77, 0.00, 5.05, 10026, 39759, 0, 40.2, , 1
C++, fannkuch-redux, 4,  140.98, 39.69, 36.68, 0.00, 5.03, 10002, 39699, 1, 40.5, , 1
C++, fannkuch-redux, 4,  140.79, 39.53, 36.53, 0.00, 5.01, 9960, 39523, 1, 40.0, , 1
C++, fannkuch-redux, 4,  141.00, 39.55, 36.54, 0.00, 5.01, 9964, 39588, 0, 40.0, , 1
C++, fannkuch-redux, 4,  140.76, 39.75, 36.73, 0.00, 5.04, 10014, 39792, 2, 40.5, , 1
C++, fasta, 4,  16.65, 4.61, 4.26, 0.00, 0.59, 1161, 2302, 11, 40.0, , 1
C++, fasta, 4,  16.70, 4.63, 4.28, 0.00, 0.59, 1165, 2314, 8, 40.0, , 1
C++, fasta, 4,  16.70, 4.66, 4.31, 0.00, 0.59, 1173, 2327, 10, 40.2, , 1
C++, fasta, 4,  16.58, 4.63, 4.27, 0.00, 0.59, 1164, 2308, 12, 40.0, , 1
C++, fasta, 4,  16.76, 4.63, 4.28, 0.00, 0.59, 1165, 2312, 10, 40.0, , 1
C++, fasta, 4,  16.71, 4.69, 4.34, 0.00, 0.60, 1181, 2345, 7, 40.0, , 1
C++, fasta, 4,  16.61, 4.63, 4.28, 0.00, 0.59, 1166, 2316, 6, 40.2, , 1
C++, fasta, 4,  16.86, 4.70, 4.34, 0.00, 0.60, 1184, 2349, 8, 40.0, , 1
C++, fasta, 4,  16.94, 4.66, 4.30, 0.00, 0.59, 1173, 2327, 9, 40.0, , 1
C++, fasta, 4,  16.67, 4.68, 4.33, 0.00, 0.59, 1178, 2334, 12, 40.0, , 1
C++, fasta, 4,  16.53, 4.63, 4.28, 0.00, 0.59, 1167, 2314, 10, 39.5, , 1
C++, fasta, 4,  16.74, 4.61, 4.26, 0.00, 0.58, 1161, 2299, 13, 40.0, , 1
C++, fasta, 4,  16.76, 4.60, 4.25, 0.00, 0.59, 1158, 2299, 9, 39.5, , 1
C++, fasta, 4,  16.82, 4.59, 4.24, 0.00, 0.58, 1155, 2290, 10, 40.0, , 1
C++, fasta, 4,  16.67, 4.59, 4.24, 0.00, 0.58, 1155, 2293, 8, 40.5, , 1
C++, fasta, 4,  16.87, 4.66, 4.30, 0.00, 0.59, 1172, 2331, 5, 40.0, , 1
C++, fasta, 4,  16.72, 4.64, 4.29, 0.00, 0.59, 1169, 2314, 14, 39.8, , 1
C++, fasta, 4,  16.53, 4.61, 4.26, 0.00, 0.59, 1161, 2307, 6, 39.8, , 1
C++, fasta, 4,  16.85, 4.62, 4.27, 0.00, 0.59, 1164, 2311, 7, 39.8, , 1
C++, fasta, 4,  16.60, 4.60, 4.25, 0.00, 0.58, 1158, 2293, 13, 40.0, , 1
C++, k-nucleotide, 4,  60.98, 15.51, 13.92, 0.00, 5.15, 3913, 12985, 229, 40.0, , 1
C++, k-nucleotide, 4,  61.80, 15.57, 13.97, 0.00, 5.20, 3923, 13091, 238, 39.8, , 1
C++, k-nucleotide, 4,  61.83, 15.56, 13.96, 0.00, 5.21, 3925, 13077, 241, 40.0, , 1
C++, k-nucleotide, 4,  61.88, 15.50, 13.90, 0.00, 5.18, 3907, 13047, 251, 39.8, , 1
C++, k-nucleotide, 4,  61.44, 15.43, 13.85, 0.00, 5.10, 3889, 12997, 228, 40.0, , 1
C++, k-nucleotide, 4,  61.60, 15.60, 14.00, 0.00, 5.21, 3933, 13073, 225, 40.2, , 1
C++, k-nucleotide, 4,  62.12, 15.72, 14.11, 0.00, 5.27, 3963, 13205, 247, 40.0, , 1
C++, k-nucleotide, 4,  61.46, 15.45, 13.87, 0.00, 5.14, 3901, 12988, 235, 40.2, , 1
C++, k-nucleotide, 4,  61.42, 15.62, 14.02, 0.00, 5.16, 3937, 13131, 234, 40.0, , 1
C++, k-nucleotide, 4,  62.01, 15.67, 14.07, 0.00, 5.18, 3951, 13162, 235, 40.0, , 1
C++, k-nucleotide, 4,  61.59, 15.57, 13.96, 0.00, 5.23, 3932, 13083, 258, 40.0, , 1
C++, k-nucleotide, 4,  61.82, 15.61, 14.01, 0.00, 5.25, 3936, 13053, 252, 40.0, , 1
C++, k-nucleotide, 4,  60.88, 15.43, 13.85, 0.00, 5.08, 3889, 12938, 253, 40.0, , 1
C++, k-nucleotide, 4,  62.43, 15.67, 14.07, 0.00, 5.20, 3954, 13109, 245, 40.5, , 1
C++, k-nucleotide, 4,  61.48, 15.49, 13.91, 0.00, 5.12, 3904, 12975, 224, 40.5, , 1
C++, k-nucleotide, 4,  61.82, 15.53, 13.94, 0.00, 5.18, 3921, 13057, 254, 40.8, , 1
C++, k-nucleotide, 4,  60.89, 15.42, 13.84, 0.00, 5.12, 3890, 12998, 229, 40.2, , 1
C++, k-nucleotide, 4,  62.55, 15.76, 14.13, 0.00, 5.32, 3977, 13260, 221, 40.2, , 1
C++, k-nucleotide, 4,  62.20, 15.68, 14.08, 0.00, 5.22, 3961, 13208, 254, 40.5, , 1
C++, k-nucleotide, 4,  61.13, 15.46, 13.88, 0.00, 5.07, 3900, 12996, 245, 40.2, , 1
C++, mandelbrot, 4,  32.09, 9.03, 8.34, 0.00, 1.15, 2274, 8942, 50, 39.8, , 1
C++, mandelbrot, 4,  31.59, 8.90, 8.23, 0.00, 1.14, 2242, 8830, 39, 40.0, , 1
C++, mandelbrot, 4,  32.14, 9.05, 8.37, 0.00, 1.15, 2280, 8964, 52, 40.0, , 1
C++, mandelbrot, 4,  31.86, 9.01, 8.33, 0.00, 1.15, 2270, 8943, 34, 40.2, , 1
C++, mandelbrot, 4,  31.61, 8.82, 8.15, 0.00, 1.13, 2231, 8780, 41, 39.8, , 1
C++, mandelbrot, 4,  31.69, 8.84, 8.17, 0.00, 1.13, 2227, 8764, 43, 40.0, , 1
C++, mandelbrot, 4,  31.78, 8.79, 8.11, 0.00, 1.13, 2228, 8766, 43, 40.5, , 1
C++, mandelbrot, 4,  31.57, 8.82, 8.15, 0.00, 1.13, 2221, 8705, 46, 40.0, , 1
C++, mandelbrot, 4,  31.97, 8.98, 8.29, 0.00, 1.15, 2261, 8899, 44, 40.2, , 1
C++, mandelbrot, 4,  31.86, 8.96, 8.28, 0.00, 1.14, 2257, 8893, 36, 40.0, , 1
C++, mandelbrot, 4,  32.05, 8.96, 8.28, 0.00, 1.14, 2256, 8881, 33, 40.0, , 1
C++, mandelbrot, 4,  31.44, 8.82, 8.15, 0.00, 1.13, 2220, 8745, 28, 39.8, , 1
C++, mandelbrot, 4,  31.62, 8.86, 8.19, 0.00, 1.13, 2230, 8770, 47, 39.5, , 1
C++, mandelbrot, 4,  32.16, 8.92, 8.24, 0.00, 1.14, 2246, 8845, 32, 40.0, , 1
C++, mandelbrot, 4,  31.79, 8.93, 8.25, 0.00, 1.14, 2248, 8827, 38, 40.0, , 1
C++, mandelbrot, 4,  31.84, 8.92, 8.24, 0.00, 1.14, 2246, 8849, 36, 39.8, , 1
C++, mandelbrot, 4,  31.40, 8.79, 8.13, 0.00, 1.12, 2215, 8712, 40, 40.0, , 1
C++, mandelbrot, 4,  31.72, 8.93, 8.25, 0.00, 1.14, 2249, 8863, 34, 40.2, , 1
C++, mandelbrot, 4,  31.85, 8.91, 8.23, 0.00, 1.14, 2244, 8841, 34, 39.8, , 1
C++, mandelbrot, 4,  31.73, 8.85, 8.17, 0.00, 1.13, 2228, 8769, 38, 39.8, , 1
C++, n-body, 4,  37.77, 10.52, 9.72, 0.00, 1.33, 2650, 2649, 0, 40.0, , 1
C++, n-body, 4,  37.86, 10.55, 9.75, 0.00, 1.34, 2660, 2659, 1, 40.0, , 1
C++, n-body, 4,  38.02, 10.61, 9.80, 0.00, 1.35, 2673, 2673, 2673, 40.2, , 1
C++, n-body, 4,  37.96, 10.60, 9.79, 0.00, 1.34, 2670, 2669, 1, 40.8, , 1
C++, n-body, 4,  37.72, 10.56, 9.76, 0.00, 1.34, 2661, 2659, 1, 40.0, , 1
C++, n-body, 4,  38.10, 10.70, 9.88, 0.00, 1.36, 2695, 2694, 0, 40.5, , 1
C++, n-body, 4,  38.08, 10.59, 9.79, 0.00, 1.34, 2668, 2667, 0, 40.2, , 1
C++, n-body, 4,  37.56, 10.47, 9.67, 0.00, 1.33, 2638, 2636, 1, 40.0, , 1
C++, n-body, 4,  37.83, 10.52, 9.72, 0.00, 1.33, 2649, 2648, 1, 39.8, , 1
C++, n-body, 4,  38.35, 10.74, 9.93, 0.00, 1.36, 2707, 2706, 1, 40.0, , 1
C++, n-body, 4,  37.79, 10.57, 9.76, 0.00, 1.34, 2662, 2659, 1, 39.8, , 1
C++, n-body, 4,  37.85, 10.56, 9.77, 0.00, 1.34, 2663, 2663, 2663, 40.5, , 1
C++, n-body, 4,  38.12, 10.68, 9.87, 0.00, 1.36, 2691, 2690, 0, 40.0, , 1
C++, n-body, 4,  37.93, 10.63, 9.82, 0.00, 1.35, 2678, 2677, 1, 40.0, , 1
C++, n-body, 4,  37.80, 10.52, 9.72, 0.00, 1.33, 2650, 2649, 0, 40.0, , 1
C++, n-body, 4,  37.71, 10.53, 9.73, 0.00, 1.34, 2654, 2653, 0, 39.8, , 1
C++, n-body, 4,  37.67, 10.54, 9.74, 0.00, 1.34, 2657, 2656, 0, 40.0, , 1
C++, n-body, 4,  38.59, 10.73, 9.91, 0.00, 1.36, 2703, 2702, 0, 39.8, , 1
C++, n-body, 4,  38.20, 10.71, 9.90, 0.00, 1.36, 2698, 2698, 2698, 40.0, , 1
C++, n-body, 4,  37.89, 10.56, 9.76, 0.00, 1.34, 2662, 2660, 1, 40.2, , 1
C++, regex-redux, 4,  31.51, 8.70, 8.02, 0.00, 1.44, 2191, 4941, 359, 40.5, , 1
C++, regex-redux, 4,  31.07, 8.50, 7.84, 0.00, 1.42, 2141, 5040, 339, 40.0, , 1
C++, regex-redux, 4,  31.57, 8.68, 8.01, 0.00, 1.44, 2188, 4865, 340, 39.8, , 1
C++, regex-redux, 4,  31.53, 8.75, 8.07, 0.00, 1.44, 2204, 5066, 335, 40.2, , 1
C++, regex-redux, 4,  32.10, 8.78, 8.11, 0.00, 1.46, 2214, 4952, 329, 40.0, , 1
C++, regex-redux, 4,  31.43, 8.68, 8.00, 0.00, 1.44, 2186, 4979, 342, 40.2, , 1
C++, regex-redux, 4,  31.40, 8.62, 7.95, 0.00, 1.43, 2172, 4866, 348, 40.0, , 1
C++, regex-redux, 4,  31.58, 8.67, 7.99, 0.00, 1.43, 2184, 4847, 323, 40.0, , 1
C++, regex-redux, 4,  31.60, 8.70, 8.03, 0.00, 1.44, 2194, 4888, 340, 40.0, , 1
C++, regex-redux, 4,  31.82, 8.74, 8.06, 0.00, 1.44, 2201, 4892, 365, 40.0, , 1
C++, regex-redux, 4,  31.19, 8.54, 7.87, 0.00, 1.43, 2156, 4958, 334, 40.2, , 1
C++, regex-redux, 4,  31.61, 8.70, 8.03, 0.00, 1.44, 2193, 4986, 372, 40.0, , 1
C++, regex-redux, 4,  31.33, 8.61, 7.94, 0.00, 1.43, 2172, 5098, 360, 40.2, , 1
C++, regex-redux, 4,  31.85, 8.83, 8.14, 0.00, 1.46, 2223, 5120, 382, 40.0, , 1
C++, regex-redux, 4,  31.90, 8.81, 8.13, 0.00, 1.46, 2220, 4984, 341, 40.0, , 1
C++, regex-redux, 4,  31.63, 8.64, 7.97, 0.00, 1.43, 2176, 4957, 331, 40.2, , 1
C++, regex-redux, 4,  31.82, 8.62, 7.95, 0.00, 1.43, 2172, 4846, 341, 40.2, , 1
C++, regex-redux, 4,  31.77, 8.75, 8.07, 0.00, 1.44, 2203, 4943, 337, 39.8, , 1
C++, regex-redux, 4,  31.46, 8.67, 7.99, 0.00, 1.44, 2185, 4965, 345, 40.2, , 1
C++, regex-redux, 4,  31.45, 8.55, 7.88, 0.00, 1.42, 2153, 4900, 340, 40.2, , 1
C++, reverse-complement, 4,  3.61, 0.93, 0.84, 0.00, 0.25, 233, 115, 118, 38.8, , 1
C++, reverse-complement, 4,  3.58, 0.92, 0.83, 0.00, 0.25, 231, 110, 121, 38.8, , 1
C++, reverse-complement, 4,  3.60, 0.93, 0.84, 0.00, 0.25, 233, 111, 122, 38.8, , 1
C++, reverse-complement, 4,  3.66, 0.95, 0.86, 0.00, 0.25, 238, 107, 131, 39.8, , 1
C++, reverse-complement, 4,  3.56, 0.93, 0.84, 0.00, 0.25, 235, 110, 125, 38.8, , 1
C++, reverse-complement, 4,  3.59, 0.94, 0.84, 0.00, 0.25, 235, 118, 116, 38.8, , 1
C++, reverse-complement, 4,  3.68, 0.94, 0.85, 0.00, 0.25, 240, 107, 133, 38.8, , 1
C++, reverse-complement, 4,  3.60, 0.94, 0.85, 0.00, 0.25, 234, 109, 125, 40.0, , 1
C++, reverse-complement, 4,  3.60, 0.94, 0.85, 0.00, 0.25, 236, 114, 122, 38.8, , 1
C++, reverse-complement, 4,  3.61, 0.93, 0.84, 0.00, 0.25, 235, 99, 136, 38.8, , 1
C++, reverse-complement, 4,  3.67, 0.95, 0.86, 0.00, 0.25, 238, 97, 140, 38.8, , 1
C++, reverse-complement, 4,  3.64, 0.94, 0.85, 0.00, 0.25, 237, 107, 130, 40.0, , 1
C++, reverse-complement, 4,  3.60, 0.94, 0.85, 0.00, 0.25, 238, 121, 117, 38.5, , 1
C++, reverse-complement, 4,  3.64, 0.95, 0.86, 0.00, 0.25, 238, 108, 129, 38.5, , 1
C++, reverse-complement, 4,  3.59, 0.94, 0.85, 0.00, 0.25, 235, 110, 124, 38.5, , 1
C++, reverse-complement, 4,  3.72, 0.94, 0.85, 0.00, 0.25, 237, 106, 131, 39.8, , 1
C++, reverse-complement, 4,  3.58, 0.93, 0.84, 0.00, 0.25, 234, 111, 123, 38.8, , 1
C++, reverse-complement, 4,  3.60, 0.93, 0.84, 0.00, 0.25, 235, 116, 119, 38.8, , 1
C++, reverse-complement, 4,  3.60, 0.94, 0.84, 0.00, 0.25, 235, 109, 125, 38.8, , 1
C++, reverse-complement, 4,  3.62, 0.94, 0.84, 0.00, 0.25, 235, 102, 133, 39.8, , 1
C++, spectral-norm, 4,  13.57, 3.76, 3.48, 0.00, 0.48, 960, 3830, 0, 39.5, , 1
C++, spectral-norm, 4,  13.29, 3.74, 3.46, 0.00, 0.47, 941, 3751, 5, 38.8, , 1
C++, spectral-norm, 4,  13.39, 3.76, 3.47, 0.00, 0.48, 944, 3766, 1, 40.0, , 1
C++, spectral-norm, 4,  13.43, 3.78, 3.50, 0.00, 0.48, 951, 3795, 0, 38.8, , 1
C++, spectral-norm, 4,  13.55, 3.80, 3.51, 0.00, 0.48, 955, 3799, 1, 39.0, , 1
C++, spectral-norm, 4,  13.41, 3.76, 3.48, 0.00, 0.48, 945, 3768, 4, 38.8, , 1
C++, spectral-norm, 4,  13.41, 3.77, 3.48, 0.00, 0.48, 945, 3771, 2, 40.0, , 1
C++, spectral-norm, 4,  13.16, 3.71, 3.43, 0.00, 0.47, 932, 3719, 2, 38.8, , 1
C++, spectral-norm, 4,  13.26, 3.72, 3.44, 0.00, 0.47, 934, 3729, 2, 39.8, , 1
C++, spectral-norm, 4,  13.42, 3.75, 3.47, 0.00, 0.48, 941, 3758, 0, 38.8, , 1
C++, spectral-norm, 4,  13.34, 3.75, 3.46, 0.00, 0.48, 941, 3756, 1, 40.0, , 1
C++, spectral-norm, 4,  13.33, 3.73, 3.45, 0.00, 0.47, 938, 3741, 1, 38.8, , 1
C++, spectral-norm, 4,  13.30, 3.72, 3.44, 0.00, 0.47, 934, 3723, 5, 39.8, , 1
C++, spectral-norm, 4,  13.55, 3.72, 3.44, 0.00, 0.47, 934, 3729, 1, 38.8, , 1
C++, spectral-norm, 4,  13.30, 3.74, 3.46, 0.00, 0.47, 940, 3754, 3754, 40.0, , 1
C++, spectral-norm, 4,  13.28, 3.74, 3.46, 0.00, 0.47, 940, 3754, 0, 38.5, , 1
C++, spectral-norm, 4,  13.34, 3.74, 3.46, 0.00, 0.48, 941, 3758, 0, 39.8, , 1
C++, spectral-norm, 4,  13.62, 3.79, 3.50, 0.00, 0.48, 951, 3797, 0, 38.5, , 1
C++, spectral-norm, 4,  13.35, 3.73, 3.45, 0.00, 0.47, 938, 3746, 0, 38.8, , 1
C++, spectral-norm, 4,  13.38, 3.74, 3.46, 0.00, 0.48, 941, 3756, 0, 39.8, , 1
Java, binary-trees, 4,  81.00, 20.21, 18.04, 0.00, 7.03, 5104, 15357, 1813, 40.0, , 1
Java, binary-trees, 4,  79.54, 19.78, 17.64, 0.00, 6.94, 4991, 15041, 1720, 40.2, , 1
Java, binary-trees, 4,  80.19, 19.76, 17.62, 0.00, 6.93, 4986, 14935, 1777, 40.2, , 1
Java, binary-trees, 4,  80.23, 19.77, 17.62, 0.00, 6.94, 5004, 14980, 1752, 40.2, , 1
Java, binary-trees, 4,  79.79, 19.88, 17.73, 0.00, 6.95, 5008, 15018, 1784, 40.2, , 1
Java, binary-trees, 4,  79.84, 19.86, 17.71, 0.00, 6.95, 5022, 15030, 1793, 40.2, , 1
Java, binary-trees, 4,  79.79, 19.87, 17.73, 0.00, 6.95, 5015, 15027, 1785, 40.5, , 1
Java, binary-trees, 4,  82.29, 20.58, 18.38, 0.00, 7.09, 5177, 15674, 1796, 40.5, , 1
Java, binary-trees, 4,  80.33, 20.12, 17.96, 0.00, 6.97, 5058, 15187, 1743, 40.2, , 1
Java, binary-trees, 4,  82.21, 20.65, 18.46, 0.00, 7.07, 5153, 15388, 1802, 40.2, , 1
Java, binary-trees, 4,  80.50, 20.08, 17.92, 0.00, 7.00, 5079, 15238, 1836, 40.2, , 1
Java, binary-trees, 4,  81.28, 20.29, 18.11, 0.00, 7.02, 5104, 15361, 1785, 40.5, , 1
Java, binary-trees, 4,  82.25, 20.66, 18.45, 0.00, 7.06, 5195, 15404, 1853, 40.0, , 1
Java, binary-trees, 4,  78.99, 19.73, 17.59, 0.00, 6.90, 4994, 14897, 1792, 40.2, , 1
Java, binary-trees, 4,  81.00, 20.23, 18.05, 0.00, 7.01, 5094, 15197, 1773, 40.8, , 1
Java, binary-trees, 4,  82.16, 20.43, 18.23, 0.00, 7.05, 5170, 15354, 1801, 40.8, , 1
Java, binary-trees, 4,  80.85, 20.25, 18.07, 0.00, 7.02, 5094, 15298, 1762, 40.2, , 1
Java, binary-trees, 4,  79.97, 19.89, 17.74, 0.00, 6.96, 5023, 15116, 1764, 40.0, , 1
Java, binary-trees, 4,  78.64, 19.56, 17.43, 0.00, 6.88, 4939, 14741, 1752, 40.0, , 1
Java, binary-trees, 4,  80.87, 20.26, 18.09, 0.00, 7.00, 5115, 15120, 1879, 40.2, , 1
Java, fannkuch-redux, 4,  385.50, 109.25, 100.97, 0.00, 13.86, 27538, 109141, 43, 40.0, , 1
Java, fannkuch-redux, 4,  382.43, 108.42, 100.21, 0.00, 13.77, 27335, 108346, 40, 40.5, , 1
Java, fannkuch-redux, 4,  396.26, 112.32, 103.80, 0.00, 14.25, 28311, 112221, 38, 40.2, , 1
Java, fannkuch-redux, 4,  396.11, 112.35, 103.85, 0.00, 14.25, 28321, 112367, 37, 40.0, , 1
Java, fannkuch-redux, 4,  395.61, 112.02, 103.53, 0.00, 14.22, 28235, 111964, 36, 40.5, , 1
Java, fannkuch-redux, 4,  398.81, 112.51, 103.97, 0.00, 14.28, 28361, 112401, 47, 40.2, , 1
Java, fannkuch-redux, 4,  377.29, 106.61, 98.53, 0.00, 13.53, 26869, 106578, 31, 40.2, , 1
Java, fannkuch-redux, 4,  405.36, 113.86, 105.22, 0.00, 14.45, 28702, 113741, 41, 40.0, , 1
Java, fannkuch-redux, 4,  398.83, 112.61, 104.07, 0.00, 14.30, 28389, 112549, 40, 40.5, , 1
Java, fannkuch-redux, 4,  379.78, 107.42, 99.28, 0.00, 13.63, 27073, 107343, 38, 40.5, , 1
Java, fannkuch-redux, 4,  397.74, 112.87, 104.31, 0.00, 14.32, 28445, 112748, 52, 40.2, , 1
Java, fannkuch-redux, 4,  397.22, 112.73, 104.19, 0.00, 14.30, 28415, 112560, 32, 40.8, , 1
Java, fannkuch-redux, 4,  398.21, 112.61, 104.07, 0.00, 14.29, 28383, 112586, 44, 40.8, , 1
Java, fannkuch-redux, 4,  381.73, 108.05, 99.88, 0.00, 13.71, 27235, 108031, 47, 40.8, , 1
Java, fannkuch-redux, 4,  391.85, 110.80, 102.41, 0.00, 14.06, 27932, 110699, 26, 40.8, , 1
Java, fannkuch-redux, 4,  405.26, 114.97, 106.26, 0.00, 14.59, 28978, 114973, 40, 40.8, , 1
Java, fannkuch-redux, 4,  392.93, 111.49, 103.03, 0.00, 14.15, 28105, 111429, 34, 40.5, , 1
Java, fannkuch-redux, 4,  373.06, 105.48, 97.49, 0.00, 13.39, 26590, 105455, 39, 40.2, , 1
Java, fannkuch-redux, 4,  384.23, 108.17, 99.98, 0.00, 13.72, 27267, 108188, 54, 40.5, , 1
Java, fannkuch-redux, 4,  373.16, 105.73, 97.72, 0.00, 13.41, 26648, 105674, 40, 40.2, , 1
Java, fasta, 4,  36.17, 9.83, 9.08, 0.00, 1.29, 2476, 8075, 86, 40.0, , 1
Java, fasta, 4,  36.13, 9.76, 9.01, 0.00, 1.29, 2457, 8031, 90, 40.0, , 1
Java, fasta, 4,  36.12, 9.78, 9.04, 0.00, 1.30, 2465, 8054, 79, 40.5, , 1
Java, fasta, 4,  35.69, 9.72, 8.98, 0.00, 1.28, 2448, 7939, 92, 40.2, , 1
Java, fasta, 4,  36.46, 9.89, 9.14, 0.00, 1.31, 2505, 8131, 83, 40.5, , 1
Java, fasta, 4,  36.52, 9.91, 9.16, 0.00, 1.30, 2497, 8161, 82, 40.0, , 1
Java, fasta, 4,  36.09, 9.74, 9.00, 0.00, 1.30, 2466, 7944, 94, 40.0, , 1
Java, fasta, 4,  36.23, 9.84, 9.09, 0.00, 1.30, 2488, 8126, 81, 40.0, , 1
Java, fasta, 4,  36.41, 9.86, 9.11, 0.00, 1.31, 2502, 8114, 92, 40.0, , 1
Java, fasta, 4,  36.70, 9.92, 9.17, 0.00, 1.31, 2505, 8121, 74, 40.0, , 1
Java, fasta, 4,  36.41, 9.96, 9.20, 0.00, 1.31, 2508, 8133, 91, 40.2, , 1
Java, fasta, 4,  36.46, 9.81, 9.06, 0.00, 1.30, 2473, 7956, 90, 40.2, , 1
Java, fasta, 4,  37.16, 9.93, 9.17, 0.00, 1.32, 2529, 8140, 81, 39.8, , 1
Java, fasta, 4,  36.33, 9.84, 9.09, 0.00, 1.30, 2479, 8136, 89, 39.8, , 1
Java, fasta, 4,  36.26, 9.78, 9.03, 0.00, 1.29, 2477, 8010, 81, 39.5, , 1
Java, fasta, 4,  36.70, 9.82, 9.08, 0.00, 1.30, 2485, 8097, 76, 40.2, , 1
Java, fasta, 4,  36.53, 10.04, 9.27, 0.00, 1.32, 2529, 8205, 90, 40.2, , 1
Java, fasta, 4,  36.46, 9.89, 9.14, 0.00, 1.31, 2504, 8089, 98, 40.0, , 1
Java, fasta, 4,  36.56, 9.84, 9.09, 0.00, 1.29, 2478, 8106, 82, 39.8, , 1
Java, fasta, 4,  36.60, 9.93, 9.18, 0.00, 1.32, 2507, 8149, 90, 40.0, , 1
Java, k-nucleotide, 4,  161.23, 44.17, 40.87, 0.00, 7.41, 11167, 39942, 376, 40.5, , 1
Java, k-nucleotide, 4,  160.97, 44.06, 40.77, 0.00, 7.41, 11139, 39885, 371, 39.8, , 1
Java, k-nucleotide, 4,  160.89, 44.22, 40.90, 0.00, 7.41, 11168, 40162, 343, 40.0, , 1
Java, k-nucleotide, 4,  160.84, 44.11, 40.81, 0.00, 7.31, 11131, 40157, 317, 40.0, , 1
Java, k-nucleotide, 4,  161.56, 44.04, 40.75, 0.00, 7.40, 11143, 39947, 348, 40.2, , 1
Java, k-nucleotide, 4,  156.86, 43.06, 39.83, 0.00, 7.24, 10885, 38884, 354, 40.0, , 1
Java, k-nucleotide, 4,  162.07, 44.51, 41.18, 0.00, 7.47, 11228, 40241, 326, 40.2, , 1
Java, k-nucleotide, 4,  160.35, 44.03, 40.74, 0.00, 7.38, 11115, 39755, 303, 41.0, , 1
Java, k-nucleotide, 4,  162.89, 44.49, 41.15, 0.00, 7.44, 11244, 40306, 337, 40.5, , 1
Java, k-nucleotide, 4,  163.26, 44.67, 41.33, 0.00, 7.49, 11289, 40417, 365, 39.5, , 1
Java, k-nucleotide, 4,  157.72, 43.00, 39.78, 0.00, 7.25, 10854, 38898, 341, 40.0, , 1
Java, k-nucleotide, 4,  160.17, 43.75, 40.47, 0.00, 7.38, 11064, 39579, 357, 40.0, , 1
Java, k-nucleotide, 4,  164.44, 44.81, 41.45, 0.00, 7.50, 11301, 40470, 335, 40.5, , 1
Java, k-nucleotide, 4,  164.47, 45.05, 41.67, 0.00, 7.55, 11383, 40952, 349, 40.2, , 1
Java, k-nucleotide, 4,  159.90, 43.40, 40.15, 0.00, 7.32, 10964, 39208, 375, 40.0, , 1
Java, k-nucleotide, 4,  161.64, 44.10, 40.80, 0.00, 7.41, 11145, 39856, 352, 40.0, , 1
Java, k-nucleotide, 4,  159.85, 43.45, 40.20, 0.00, 7.35, 11000, 39254, 376, 40.5, , 1
Java, k-nucleotide, 4,  163.43, 44.61, 41.27, 0.00, 7.47, 11276, 40332, 351, 40.5, , 1
Java, k-nucleotide, 4,  163.18, 44.50, 41.18, 0.00, 7.48, 11239, 40156, 352, 40.2, , 1
Java, k-nucleotide, 4,  161.46, 44.17, 40.86, 0.00, 7.42, 11156, 39955, 353, 40.0, , 1
Java, mandelbrot, 4,  130.51, 36.65, 33.86, 0.00, 4.71, 9234, 36468, 110, 40.0, , 1
Java, mandelbrot, 4,  127.31, 35.66, 32.95, 0.00, 4.59, 8990, 35484, 116, 40.5, , 1
Java, mandelbrot, 4,  127.58, 35.79, 33.07, 0.00, 4.60, 9019, 35628, 112, 40.2, , 1
Java, mandelbrot, 4,  128.30, 36.00, 33.26, 0.00, 4.64, 9088, 35843, 116, 40.2, , 1
Java, mandelbrot, 4,  132.20, 37.10, 34.28, 0.00, 4.77, 9358, 36974, 109, 40.2, , 1
Java, mandelbrot, 4,  127.80, 35.92, 33.19, 0.00, 4.62, 9051, 35735, 118, 40.2, , 1
Java, mandelbrot, 4,  128.30, 36.22, 33.48, 0.00, 4.66, 9128, 36059, 113, 40.8, , 1
Java, mandelbrot, 4,  134.16, 37.73, 34.86, 0.00, 4.85, 9511, 37566, 115, 40.2, , 1
Java, mandelbrot, 4,  132.63, 37.06, 34.26, 0.00, 4.77, 9347, 36907, 114, 40.0, , 1
Java, mandelbrot, 4,  129.40, 36.15, 33.40, 0.00, 4.66, 9116, 35932, 121, 40.0, , 1
Java, mandelbrot, 4,  129.98, 36.32, 33.57, 0.00, 4.68, 9175, 36181, 113, 40.2, , 1
Java, mandelbrot, 4,  129.86, 36.34, 33.58, 0.00, 4.67, 9158, 36172, 127, 40.2, , 1
Java, mandelbrot, 4,  136.08, 38.06, 35.18, 0.00, 4.89, 9594, 37900, 97, 40.2, , 1
Java, mandelbrot, 4,  132.35, 37.20, 34.37, 0.00, 4.80, 9403, 37026, 116, 40.0, , 1
Java, mandelbrot, 4,  127.82, 36.18, 33.44, 0.00, 4.65, 9117, 36005, 106, 40.0, , 1
Java, mandelbrot, 4,  127.78, 35.88, 33.16, 0.00, 4.62, 9051, 35723, 116, 39.8, , 1
Java, mandelbrot, 4,  127.42, 36.05, 33.32, 0.00, 4.64, 9087, 35877, 131, 40.0, , 1
Java, mandelbrot, 4,  130.58, 37.04, 34.24, 0.00, 4.76, 9337, 36892, 117, 40.2, , 1
Java, mandelbrot, 4,  130.67, 37.05, 34.24, 0.00, 4.77, 9337, 36884, 106, 40.2, , 1
Java, mandelbrot, 4,  131.52, 37.38, 34.54, 0.00, 4.81, 9430, 37220, 121, 40.2, , 1
Java, n-body, 4,  86.52, 24.54, 22.68, 0.00, 3.13, 6186, 6204, 31, 40.2, , 1
Java, n-body, 4,  85.87, 24.03, 22.20, 0.00, 3.07, 6056, 6085, 23, 40.5, , 1
Java, n-body, 4,  84.94, 24.00, 22.17, 0.00, 3.06, 6047, 6077, 18, 40.2, , 1
Java, n-body, 4,  85.51, 23.97, 22.15, 0.00, 3.06, 6040, 6060, 25, 40.0, , 1
Java, n-body, 4,  86.54, 24.30, 22.46, 0.00, 3.10, 6124, 6154, 22, 40.5, , 1
Java, n-body, 4,  84.99, 23.86, 22.05, 0.00, 3.04, 6013, 6039, 23, 40.2, , 1
Java, n-body, 4,  85.65, 23.87, 22.06, 0.00, 3.05, 6023, 6033, 37, 40.0, , 1
Java, n-body, 4,  86.12, 24.25, 22.41, 0.00, 3.09, 6111, 6126, 34, 40.2, , 1
Java, n-body, 4,  84.93, 23.95, 22.13, 0.00, 3.06, 6035, 6055, 30, 40.5, , 1
Java, n-body, 4,  85.10, 23.88, 22.06, 0.00, 3.05, 6017, 6043, 24, 40.8, , 1
Java, n-body, 4,  85.04, 24.04, 22.21, 0.00, 3.07, 6055, 6084, 22, 40.5, , 1
Java, n-body, 4,  86.59, 24.35, 22.51, 0.00, 3.11, 6137, 6155, 30, 40.2, , 1
Java, n-body, 4,  86.01, 24.24, 22.40, 0.00, 3.09, 6109, 6141, 20, 40.2, , 1
Java, n-body, 4,  85.55, 24.41, 22.57, 0.00, 3.11, 6155, 6179, 26, 40.0, , 1
Java, n-body, 4,  86.92, 24.70, 22.83, 0.00, 3.15, 6226, 6244, 32, 40.8, , 1
Java, n-body, 4,  86.45, 24.31, 22.47, 0.00, 3.10, 6128, 6153, 27, 40.0, , 1
Java, n-body, 4,  86.64, 24.70, 22.83, 0.00, 3.15, 6227, 6246, 31, 40.5, , 1
Java, n-body, 4,  86.91, 24.65, 22.79, 0.00, 3.14, 6214, 6241, 24, 39.8, , 1
Java, n-body, 4,  86.43, 24.29, 22.45, 0.00, 3.10, 6121, 6152, 20, 40.0, , 1
Java, n-body, 4,  85.23, 23.89, 22.08, 0.00, 3.05, 6020, 6039, 31, 40.2, , 1
Java, regex-redux, 4,  169.39, 47.17, 43.52, 0.00, 7.04, 11895, 40509, 527, 40.2, , 1
Java, regex-redux, 4,  171.36, 47.86, 44.16, 0.00, 7.13, 12071, 40635, 557, 40.2, , 1
Java, regex-redux, 4,  170.27, 47.33, 43.68, 0.00, 7.07, 11932, 40296, 596, 40.2, , 1
Java, regex-redux, 4,  169.92, 47.29, 43.63, 0.00, 7.06, 11920, 40332, 548, 40.0, , 1
Java, regex-redux, 4,  168.52, 46.81, 43.19, 0.00, 7.01, 11800, 40153, 553, 40.2, , 1
Java, regex-redux, 4,  172.45, 47.97, 44.26, 0.00, 7.15, 12091, 41535, 553, 40.2, , 1
Java, regex-redux, 4,  170.75, 47.57, 43.90, 0.00, 7.08, 11990, 40475, 669, 40.5, , 1
Java, regex-redux, 4,  168.50, 46.69, 43.08, 0.00, 6.96, 11766, 40012, 612, 40.2, , 1
Java, regex-redux, 4,  171.13, 47.58, 43.90, 0.00, 7.09, 11993, 40441, 584, 40.2, , 1
Java, regex-redux, 4,  169.51, 47.10, 43.47, 0.00, 7.03, 11875, 39745, 597, 39.8, , 1
Java, regex-redux, 4,  168.20, 46.71, 43.10, 0.00, 6.96, 11773, 39915, 689, 40.5, , 1
Java, regex-redux, 4,  169.16, 46.91, 43.27, 0.00, 7.01, 11836, 40418, 572, 40.8, , 1
Java, regex-redux, 4,  171.41, 47.59, 43.91, 0.00, 7.10, 11993, 40660, 563, 40.2, , 1
Java, regex-redux, 4,  170.02, 47.26, 43.61, 0.00, 7.07, 11914, 40381, 575, 40.8, , 1
Java, regex-redux, 4,  170.16, 47.25, 43.59, 0.00, 7.06, 11907, 40128, 567, 40.0, , 1
Java, regex-redux, 4,  170.17, 47.43, 43.76, 0.00, 7.07, 11955, 40334, 540, 40.5, , 1
Java, regex-redux, 4,  170.55, 47.17, 43.52, 0.00, 7.04, 11887, 40204, 580, 40.5, , 1
Java, regex-redux, 4,  167.68, 46.38, 42.79, 0.00, 6.95, 11695, 39691, 573, 40.8, , 1
Java, regex-redux, 4,  169.91, 47.30, 43.64, 0.00, 7.04, 11921, 40054, 657, 40.2, , 1
Java, regex-redux, 4,  173.27, 48.43, 44.69, 0.00, 7.20, 12207, 41505, 619, 40.5, , 1
Java, reverse-complement, 4,  17.92, 4.83, 4.42, 0.00, 1.04, 1217, 1042, 469, 40.2, , 1
Java, reverse-complement, 4,  18.21, 4.88, 4.46, 0.00, 1.05, 1240, 1055, 478, 40.5, , 1
Java, reverse-complement, 4,  18.18, 4.91, 4.49, 0.00, 1.05, 1237, 1056, 482, 40.2, , 1
Java, reverse-complement, 4,  18.59, 5.03, 4.60, 0.00, 1.07, 1266, 1046, 518, 40.2, , 1
Java, reverse-complement, 4,  18.66, 4.99, 4.56, 0.00, 1.06, 1257, 1026, 526, 40.0, , 1
Java, reverse-complement, 4,  18.69, 5.04, 4.60, 0.00, 1.07, 1270, 1036, 529, 40.0, , 1
Java, reverse-complement, 4,  18.61, 4.98, 4.55, 0.00, 1.06, 1259, 1029, 525, 39.8, , 1
Java, reverse-complement, 4,  18.43, 4.86, 4.44, 0.00, 1.05, 1234, 997, 531, 40.0, , 1
Java, reverse-complement, 4,  18.12, 4.81, 4.39, 0.00, 1.04, 1212, 1016, 487, 40.2, , 1
Java, reverse-complement, 4,  18.05, 4.83, 4.42, 0.00, 1.04, 1218, 1031, 482, 40.2, , 1
Java, reverse-complement, 4,  18.14, 4.77, 4.36, 0.00, 1.03, 1209, 1030, 473, 40.2, , 1
Java, reverse-complement, 4,  18.49, 4.85, 4.42, 0.00, 1.05, 1239, 1022, 498, 40.2, , 1
Java, reverse-complement, 4,  18.07, 4.82, 4.40, 0.00, 1.04, 1214, 1014, 495, 39.8, , 1
Java, reverse-complement, 4,  18.25, 4.91, 4.49, 0.00, 1.06, 1237, 1052, 480, 40.0, , 1
Java, reverse-complement, 4,  18.05, 4.90, 4.49, 0.00, 1.05, 1236, 1042, 495, 40.0, , 1
Java, reverse-complement, 4,  18.29, 4.94, 4.51, 0.00, 1.05, 1244, 1041, 505, 40.0, , 1
Java, reverse-complement, 4,  18.19, 4.91, 4.49, 0.00, 1.05, 1238, 1037, 503, 40.0, , 1
Java, reverse-complement, 4,  18.39, 4.96, 4.53, 0.00, 1.05, 1249, 1058, 493, 40.0, , 1
Java, reverse-complement, 4,  18.24, 4.86, 4.44, 0.00, 1.04, 1225, 1026, 496, 40.5, , 1
Java, reverse-complement, 4,  18.15, 4.86, 4.44, 0.00, 1.04, 1224, 1006, 515, 40.0, , 1
Java, spectral-norm, 4,  22.72, 6.32, 5.83, 0.00, 0.84, 1623, 5960, 80, 39.8, , 1
Java, spectral-norm, 4,  22.84, 6.33, 5.84, 0.00, 0.84, 1620, 5937, 70, 39.8, , 1
Java, spectral-norm, 4,  22.53, 6.32, 5.84, 0.00, 0.83, 1597, 5946, 69, 40.2, , 1
Java, spectral-norm, 4,  22.59, 6.32, 5.84, 0.00, 0.83, 1603, 5916, 79, 40.0, , 1
Java, spectral-norm, 4,  22.73, 6.32, 5.84, 0.00, 0.84, 1610, 5944, 77, 40.0, , 1
Java, spectral-norm, 4,  23.04, 6.40, 5.90, 0.00, 0.85, 1638, 6021, 81, 40.2, , 1
Java, spectral-norm, 4,  22.43, 6.18, 5.70, 0.00, 0.83, 1590, 5839, 69, 40.0, , 1
Java, spectral-norm, 4,  22.52, 6.30, 5.81, 0.00, 0.83, 1606, 5927, 75, 40.0, , 1
Java, spectral-norm, 4,  22.51, 6.34, 5.86, 0.00, 0.83, 1599, 5889, 71, 40.0, , 1
Java, spectral-norm, 4,  22.92, 6.34, 5.84, 0.00, 0.85, 1639, 6006, 78, 39.8, , 1
Java, spectral-norm, 4,  22.95, 6.31, 5.82, 0.00, 0.85, 1631, 5962, 88, 40.0, , 1
Java, spectral-norm, 4,  22.54, 6.32, 5.84, 0.00, 0.83, 1599, 5919, 78, 39.8, , 1
Java, spectral-norm, 4,  22.86, 6.38, 5.89, 0.00, 0.84, 1623, 6019, 78, 39.5, , 1
Java, spectral-norm, 4,  22.88, 6.32, 5.83, 0.00, 0.85, 1631, 5974, 84, 39.8, , 1
Java, spectral-norm, 4,  23.07, 6.42, 5.93, 0.00, 0.85, 1638, 6053, 69, 39.8, , 1
Java, spectral-norm, 4,  22.65, 6.33, 5.84, 0.00, 0.84, 1614, 5877, 90, 40.0, , 1
Java, spectral-norm, 4,  22.86, 6.38, 5.88, 0.00, 0.85, 1625, 5986, 86, 39.8, , 1
Java, spectral-norm, 4,  22.84, 6.29, 5.79, 0.00, 0.85, 1625, 5899, 98, 40.0, , 1
Java, spectral-norm, 4,  22.55, 6.26, 5.78, 0.00, 0.83, 1596, 5907, 81, 40.0, , 1
Java, spectral-norm, 4,  22.46, 6.32, 5.84, 0.00, 0.83, 1598, 5930, 74, 40.2, , 1
Python, binary-trees, 4,  1304.93, 357.10, 328.33, 0.00, 65.16, 90003, 328241, 7421, 40.8, , 1
Python, binary-trees, 4,  1309.83, 358.82, 329.97, 0.00, 65.45, 90443, 330767, 6852, 41.0, , 1
Python, binary-trees, 4,  1300.19, 356.43, 327.71, 0.00, 65.14, 89841, 328376, 6818, 41.0, , 1
Python, binary-trees, 4,  1300.19, 354.45, 325.89, 0.00, 64.75, 89332, 326080, 6960, 41.0, , 1
Python, binary-trees, 4,  1302.49, 356.55, 327.84, 0.00, 65.10, 89878, 327519, 7133, 41.2, , 1
Python, binary-trees, 4,  1299.80, 353.86, 325.30, 0.00, 64.70, 89188, 325793, 6831, 41.0, , 1
Python, binary-trees, 4,  1303.42, 359.09, 330.25, 0.00, 65.50, 90513, 330637, 7007, 40.8, , 1
Python, binary-trees, 4,  1318.61, 360.60, 331.63, 0.00, 65.63, 90887, 331863, 7388, 41.0, , 1
Python, binary-trees, 4,  1317.88, 361.10, 332.04, 0.00, 65.67, 91022, 331946, 7470, 40.2, , 1
Python, binary-trees, 4,  1315.24, 360.47, 331.43, 0.00, 65.61, 90863, 331575, 7596, 40.8, , 1
Python, binary-trees, 4,  1314.66, 359.39, 330.33, 0.00, 65.25, 90585, 331247, 7286, 41.0, , 1
Python, binary-trees, 4,  1306.78, 357.82, 329.07, 0.00, 65.32, 90193, 329072, 7525, 41.0, , 1
Python, binary-trees, 4,  1317.87, 360.90, 331.88, 0.00, 65.67, 90970, 332428, 7039, 41.2, , 1
Python, binary-trees, 4,  1305.29, 357.33, 328.54, 0.00, 65.18, 90060, 328550, 7297, 40.8, , 1
Python, binary-trees, 4,  1306.06, 358.22, 329.40, 0.00, 65.24, 90286, 329921, 6964, 41.0, , 1
Python, binary-trees, 4,  1308.56, 359.39, 330.54, 0.00, 65.57, 90581, 331118, 6876, 40.8, , 1
Python, binary-trees, 4,  1310.18, 359.15, 330.21, 0.00, 65.40, 90529, 330553, 7576, 40.8, , 1
Python, binary-trees, 4,  1307.24, 356.90, 328.17, 0.00, 65.12, 89962, 328672, 6941, 40.8, , 1
Python, binary-trees, 4,  1307.13, 357.96, 329.17, 0.00, 65.23, 90235, 329914, 6780, 41.0, , 1
Python, binary-trees, 4,  1298.43, 357.43, 328.69, 0.00, 65.15, 90099, 328958, 7102, 41.2, , 1
Python, fannkuch-redux, 4,  11986.77, 3375.17, 3120.45, 0.00, 428.03, 851544, 3372205, 99, 41.2, , 1
Python, fannkuch-redux, 4,  12051.00, 3364.54, 3109.51, 0.00, 426.48, 848504, 3359981, 103, 41.2, , 1
Python, fannkuch-redux, 4,  12045.45, 3345.64, 3093.16, 0.00, 424.29, 844096, 3340133, 79, 41.2, , 1
Python, fannkuch-redux, 4,  11891.59, 3317.14, 3066.79, 0.00, 420.65, 836902, 3316014, 107, 41.5, , 1
Python, fannkuch-redux, 4,  12241.63, 3380.69, 3124.27, 0.00, 428.52, 852557, 3361486, 91, 41.5, , 1
Python, fannkuch-redux, 4,  12082.55, 3380.56, 3125.52, 0.00, 428.74, 852959, 3377982, 85, 42.0, , 1
Python, fannkuch-redux, 4,  12136.32, 3396.08, 3139.75, 0.00, 430.67, 856858, 3396182, 118, 41.2, , 1
Python, fannkuch-redux, 4,  12155.68, 3414.26, 3156.65, 0.00, 432.96, 861391, 3421697, 103, 41.2, , 1
Python, fannkuch-redux, 4,  12059.59, 3360.69, 3106.07, 0.00, 426.02, 847643, 3348793, 109, 41.5, , 1
Python, fannkuch-redux, 4,  11831.33, 3302.09, 3052.65, 0.00, 418.72, 833035, 3300855, 105, 41.5, , 1
Python, fannkuch-redux, 4,  12141.04, 3404.37, 3146.99, 0.00, 434.71, 858956, 3378037, 166, 41.5, , 1
Python, fannkuch-redux, 4,  11923.87, 3344.73, 3092.46, 0.00, 424.19, 843938, 3344846, 107, 41.5, , 1
Python, fannkuch-redux, 4,  12026.01, 3339.35, 3087.20, 0.00, 423.47, 842498, 3337091, 96, 41.0, , 1
Python, fannkuch-redux, 4,  11913.13, 3327.42, 3076.21, 0.00, 421.96, 839482, 3324638, 124, 42.0, , 1
Python, fannkuch-redux, 4,  11987.45, 3359.03, 3105.87, 0.00, 425.98, 847545, 3358566, 107, 41.0, , 1
Python, fannkuch-redux, 4,  12136.88, 3411.01, 3153.31, 0.00, 432.51, 860526, 3404554, 98, 41.8, , 1
Python, fannkuch-redux, 4,  12249.86, 3431.35, 3171.27, 0.00, 435.69, 865439, 3421996, 117, 41.5, , 1
Python, fannkuch-redux, 4,  12054.83, 3378.94, 3124.11, 0.00, 428.56, 852562, 3375222, 123, 41.0, , 1
Python, fannkuch-redux, 4,  12023.32, 3361.09, 3107.62, 0.00, 426.24, 848033, 3355583, 92, 41.5, , 1
Python, fannkuch-redux, 4,  11958.28, 3342.09, 3088.65, 0.00, 423.72, 842942, 3336452, 99, 41.8, , 1
Python, fasta, 4,  944.11, 262.82, 242.86, 0.00, 33.29, 66232, 66185, 45, 40.8, , 1
Python, fasta, 4,  957.57, 266.84, 246.56, 0.00, 33.80, 67234, 67188, 43, 40.8, , 1
Python, fasta, 4,  948.39, 263.27, 243.19, 0.00, 33.34, 66320, 66286, 29, 40.8, , 1
Python, fasta, 4,  951.67, 265.84, 245.75, 0.00, 33.68, 67019, 66974, 41, 40.8, , 1
Python, fasta, 4,  993.08, 277.49, 256.41, 0.00, 35.14, 69925, 69877, 44, 41.0, , 1
Python, fasta, 4,  949.37, 264.61, 244.25, 0.00, 33.50, 66665, 66621, 40, 40.8, , 1
Python, fasta, 4,  955.78, 267.36, 247.11, 0.00, 33.89, 67391, 67344, 44, 40.8, , 1
Python, fasta, 4,  947.79, 264.44, 244.34, 0.00, 33.50, 66635, 66604, 28, 41.0, , 1
Python, fasta, 4,  949.61, 265.16, 244.93, 0.00, 33.58, 66793, 66764, 25, 41.2, , 1
Python, fasta, 4,  966.79, 269.34, 248.81, 0.00, 34.11, 67863, 67807, 53, 40.2, , 1
Python, fasta, 4,  955.15, 265.18, 244.97, 0.00, 33.58, 66803, 66758, 42, 40.5, , 1
Python, fasta, 4,  956.54, 267.40, 246.95, 0.00, 33.84, 67347, 67298, 45, 40.8, , 1
Python, fasta, 4,  951.32, 264.82, 244.85, 0.00, 33.55, 66767, 66715, 50, 41.0, , 1
Python, fasta, 4,  950.62, 264.15, 244.02, 0.00, 33.47, 66544, 66500, 40, 40.8, , 1
Python, fasta, 4,  952.56, 264.59, 244.37, 0.00, 33.60, 66651, 66600, 43, 40.5, , 1
Python, fasta, 4,  948.50, 263.93, 243.88, 0.00, 33.43, 66509, 66469, 37, 40.8, , 1
Python, fasta, 4,  940.11, 261.96, 241.97, 0.00, 33.17, 65986, 65945, 38, 40.8, , 1
Python, fasta, 4,  954.81, 265.81, 245.66, 0.00, 33.67, 66991, 66948, 41, 41.2, , 1
Python, fasta, 4,  960.37, 267.23, 246.99, 0.00, 33.85, 67350, 67312, 36, 40.5, , 1
Python, fasta, 4,  952.96, 267.02, 246.86, 0.00, 33.86, 67318, 67265, 51, 40.5, , 1
Python, k-nucleotide, 4,  1663.54, 449.05, 415.06, 0.00, 87.96, 113161, 445287, 1281, 41.2, , 1
Python, k-nucleotide, 4,  1668.05, 449.82, 415.74, 0.00, 88.20, 113355, 447749, 1251, 41.0, , 1
Python, k-nucleotide, 4,  1660.61, 449.79, 415.76, 0.00, 88.08, 113352, 447237, 1216, 41.2, , 1
Python, k-nucleotide, 4,  1641.50, 443.63, 410.06, 0.00, 87.26, 111808, 441182, 1314, 41.2, , 1
Python, k-nucleotide, 4,  1658.58, 447.87, 413.97, 0.00, 87.95, 112869, 445447, 1324, 41.2, , 1
Python, k-nucleotide, 4,  1638.78, 441.61, 408.16, 0.00, 87.04, 111291, 439113, 1323, 41.8, , 1
Python, k-nucleotide, 4,  1675.28, 453.52, 419.17, 0.00, 88.95, 114288, 450469, 1336, 41.0, , 1
Python, k-nucleotide, 4,  1658.94, 446.31, 412.53, 0.00, 87.72, 112479, 443366, 1276, 41.0, , 1
Python, k-nucleotide, 4,  1641.54, 439.56, 406.24, 0.00, 87.50, 110787, 437519, 1229, 41.2, , 1
Python, k-nucleotide, 4,  1639.83, 439.67, 406.38, 0.00, 86.89, 110810, 436823, 1291, 41.0, , 1
Python, k-nucleotide, 4,  1664.63, 447.35, 413.50, 0.00, 87.70, 112740, 444035, 1314, 41.0, , 1
Python, k-nucleotide, 4,  1638.99, 442.03, 408.57, 0.00, 87.18, 111409, 439998, 1284, 41.2, , 1
Python, k-nucleotide, 4,  1641.01, 442.61, 409.08, 0.00, 87.50, 111553, 440390, 1276, 41.2, , 1
Python, k-nucleotide, 4,  1636.14, 441.90, 408.46, 0.00, 87.10, 111388, 439913, 1202, 40.8, , 1
Python, k-nucleotide, 4,  1636.93, 439.81, 406.50, 0.00, 86.77, 110843, 436815, 1280, 41.0, , 1
Python, k-nucleotide, 4,  1645.22, 442.18, 408.68, 0.00, 87.35, 111441, 439698, 1300, 41.2, , 1
Python, k-nucleotide, 4,  1672.79, 451.83, 417.63, 0.00, 88.66, 113864, 448655, 1297, 41.2, , 1
Python, k-nucleotide, 4,  1665.30, 451.31, 417.15, 0.00, 88.28, 113737, 448417, 1271, 41.2, , 1
Python, k-nucleotide, 4,  1653.22, 443.98, 410.39, 0.00, 87.25, 111897, 440776, 1307, 41.2, , 1
Python, k-nucleotide, 4,  1646.32, 440.99, 407.63, 0.00, 86.91, 111147, 437783, 1295, 41.2, , 1
Python, mandelbrot, 4,  6349.97, 1769.63, 1635.74, 0.00, 224.39, 446096, 1777849, 3166, 41.8, , 1
Python, mandelbrot, 4,  6335.97, 1771.95, 1637.84, 0.00, 224.64, 446663, 1781044, 3114, 41.2, , 1
Python, mandelbrot, 4,  6504.61, 1816.14, 1678.51, 0.00, 230.23, 457757, 1825139, 3242, 41.2, , 1
Python, mandelbrot, 4,  6310.56, 1756.04, 1623.13, 0.00, 222.64, 442651, 1764993, 3176, 41.8, , 1
Python, mandelbrot, 4,  6321.99, 1766.95, 1633.32, 0.00, 224.03, 445421, 1776125, 3252, 41.5, , 1
Python, mandelbrot, 4,  6312.28, 1761.75, 1628.33, 0.00, 223.34, 444044, 1770758, 3078, 41.8, , 1
Python, mandelbrot, 4,  6274.52, 1749.11, 1616.73, 0.00, 221.76, 440897, 1757814, 3314, 41.2, , 1
Python, mandelbrot, 4,  6278.89, 1754.15, 1621.40, 0.00, 222.40, 442176, 1763094, 3119, 41.5, , 1
Python, mandelbrot, 4,  6247.92, 1747.29, 1614.98, 0.00, 221.52, 440433, 1756035, 3213, 41.5, , 1
Python, mandelbrot, 4,  6237.65, 1736.44, 1605.01, 0.00, 220.13, 437712, 1745311, 3116, 41.0, , 1
Python, mandelbrot, 4,  6307.98, 1759.15, 1626.20, 0.00, 223.05, 443546, 1768142, 3020, 39.8, , 1
Python, mandelbrot, 4,  6409.88, 1786.86, 1652.11, 0.00, 226.66, 450560, 1796236, 3225, 38.0, , 1
Python, mandelbrot, 4,  6495.46, 1813.47, 1676.33, 0.00, 230.14, 457381, 1823734, 3255, 36.8, , 1
Python, mandelbrot, 4,  6523.75, 1833.94, 1694.45, 0.00, 232.76, 462473, 1843762, 3275, 36.5, , 1
Python, mandelbrot, 4,  6605.03, 1864.46, 1723.04, 0.00, 236.70, 470254, 1874550, 3425, 35.2, , 1
Python, mandelbrot, 4,  6559.57, 1849.12, 1708.83, 0.00, 234.78, 466344, 1858968, 3348, 35.2, , 1
Python, mandelbrot, 4,  6709.54, 1908.58, 1764.38, 0.00, 242.45, 481452, 1919739, 3266, 35.0, , 1
Python, mandelbrot, 4,  6601.69, 1869.53, 1727.93, 0.00, 237.51, 471502, 1879742, 3398, 34.8, , 1
Python, mandelbrot, 4,  6603.52, 1873.60, 1731.58, 0.00, 238.05, 472545, 1883802, 3269, 34.5, , 1
Python, mandelbrot, 4,  6542.69, 1844.53, 1704.47, 0.00, 234.30, 465142, 1854369, 3260, 34.2, , 1
Python, n-body, 4,  5799.17, 1628.10, 1505.16, 0.00, 206.71, 410764, 410754, 4, 35.0, , 1
Python, n-body, 4,  5841.63, 1642.82, 1518.24, 0.00, 208.53, 414364, 414343, 6, 34.5, , 1
Python, n-body, 4,  5792.35, 1624.20, 1501.47, 0.00, 206.21, 409768, 409750, 5, 34.8, , 1
Python, n-body, 4,  5772.36, 1619.75, 1497.55, 0.00, 205.67, 408652, 408655, 1, 34.5, , 1
Python, n-body, 4,  5743.81, 1609.65, 1488.59, 0.00, 204.42, 406215, 406207, 8, 33.8, , 1
Python, n-body, 4,  5769.06, 1621.52, 1499.53, 0.00, 205.95, 409209, 409202, 5, 34.2, , 1
Python, n-body, 4,  5744.68, 1611.48, 1491.03, 0.00, 204.76, 406850, 406843, 4, 34.2, , 1
Python, n-body, 4,  5833.99, 1645.04, 1521.12, 0.00, 208.95, 415083, 415074, 3, 33.8, , 1
Python, n-body, 4,  5812.87, 1636.40, 1512.85, 0.00, 207.79, 412828, 412812, 6, 33.5, , 1
Python, n-body, 4,  5738.91, 1611.67, 1490.16, 0.00, 204.70, 406667, 406644, 7, 33.5, , 1
Python, n-body, 4,  5770.88, 1618.74, 1497.69, 0.00, 205.71, 408671, 408659, 6, 34.0, , 1
Python, n-body, 4,  5883.30, 1655.35, 1531.23, 0.00, 210.31, 417820, 417810, 4, 34.0, , 1
Python, n-body, 4,  5798.36, 1631.65, 1508.21, 0.00, 207.15, 411535, 411531, 1, 33.5, , 1
Python, n-body, 4,  5974.89, 1675.74, 1549.63, 0.00, 212.89, 422925, 422907, 11, 33.8, , 1
Python, n-body, 4,  5746.76, 1620.29, 1498.22, 0.00, 205.81, 408861, 408845, 6, 33.2, , 1
Python, n-body, 4,  5778.38, 1616.63, 1494.59, 0.00, 205.27, 407802, 407795, 4, 33.8, , 1
Python, n-body, 4,  5826.95, 1636.16, 1512.22, 0.00, 207.72, 412640, 412633, 2, 34.0, , 1
Python, n-body, 4,  5807.64, 1626.99, 1504.36, 0.00, 206.62, 410494, 410483, 5, 33.5, , 1
Python, n-body, 4,  5810.94, 1637.30, 1513.93, 0.00, 208.20, 413143, 413121, 5, 34.0, , 1
Python, n-body, 4,  5886.54, 1665.79, 1539.24, 0.00, 211.42, 420025, 420016, 3, 33.8, , 1
Python, regex-redux, 4,  231.19, 64.88, 59.92, 0.00, 9.14, 16378, 37905, 768, 33.5, , 1
Python, regex-redux, 4,  228.62, 64.14, 59.23, 0.00, 9.03, 16183, 37019, 778, 33.5, , 1
Python, regex-redux, 4,  226.88, 63.69, 58.82, 0.00, 8.98, 16074, 37101, 778, 33.5, , 1
Python, regex-redux, 4,  225.26, 62.84, 58.04, 0.00, 8.87, 15857, 36154, 785, 33.2, , 1
Python, regex-redux, 4,  226.94, 63.34, 58.50, 0.00, 8.93, 15977, 36387, 741, 33.5, , 1
Python, regex-redux, 4,  227.51, 63.77, 58.90, 0.00, 8.98, 16086, 36781, 791, 33.2, , 1
Python, regex-redux, 4,  226.55, 63.74, 58.87, 0.00, 8.99, 16084, 36773, 767, 33.2, , 1
Python, regex-redux, 4,  225.63, 62.87, 58.06, 0.00, 8.88, 15866, 36360, 768, 34.0, , 1
Python, regex-redux, 4,  225.12, 62.72, 57.92, 0.00, 8.86, 15824, 36130, 742, 33.5, , 1
Python, regex-redux, 4,  228.11, 63.74, 58.86, 0.00, 8.99, 16074, 36777, 758, 33.5, , 1
Python, regex-redux, 4,  231.71, 64.77, 59.82, 0.00, 9.13, 16342, 37757, 765, 33.5, , 1
Python, regex-redux, 4,  228.27, 64.11, 59.20, 0.00, 9.02, 16175, 36878, 770, 33.5, , 1
Python, regex-redux, 4,  225.72, 63.23, 58.40, 0.00, 8.92, 15949, 36447, 811, 33.5, , 1
Python, regex-redux, 4,  228.70, 63.66, 58.80, 0.00, 8.98, 16063, 36639, 781, 33.2, , 1
Python, regex-redux, 4,  227.15, 63.78, 58.92, 0.00, 8.99, 16093, 36839, 761, 33.5, , 1
Python, regex-redux, 4,  228.83, 63.94, 59.05, 0.00, 9.02, 16132, 36747, 786, 33.8, , 1
Python, regex-redux, 4,  228.53, 64.16, 59.26, 0.00, 9.04, 16192, 37125, 786, 33.5, , 1
Python, regex-redux, 4,  228.46, 63.88, 59.00, 0.00, 9.01, 16116, 36861, 773, 33.2, , 1
Python, regex-redux, 4,  229.98, 64.39, 59.46, 0.00, 9.07, 16236, 37362, 777, 33.5, , 1
Python, regex-redux, 4,  228.98, 64.16, 59.26, 0.00, 9.05, 16187, 37163, 789, 33.5, , 1
Python, reverse-complement, 4,  40.65, 11.12, 10.25, 0.00, 1.88, 2805, 3953, 991, 33.2, , 1
Python, reverse-complement, 4,  41.21, 11.24, 10.37, 0.00, 1.89, 2837, 4023, 987, 34.0, , 1
Python, reverse-complement, 4,  40.90, 11.20, 10.33, 0.00, 1.88, 2824, 3994, 1001, 33.2, , 1
Python, reverse-complement, 4,  40.91, 11.23, 10.36, 0.00, 1.88, 2832, 3983, 1028, 33.5, , 1
Python, reverse-complement, 4,  41.21, 11.25, 10.37, 0.00, 1.89, 2837, 4001, 1013, 33.5, , 1
Python, reverse-complement, 4,  40.74, 11.14, 10.28, 0.00, 1.87, 2812, 3956, 992, 33.8, , 1
Python, reverse-complement, 4,  41.15, 11.23, 10.36, 0.00, 1.88, 2836, 4004, 990, 33.5, , 1
Python, reverse-complement, 4,  40.93, 11.22, 10.35, 0.00, 1.88, 2831, 4023, 974, 33.5, , 1
Python, reverse-complement, 4,  40.95, 11.23, 10.36, 0.00, 1.89, 2837, 3982, 1030, 33.5, , 1
Python, reverse-complement, 4,  41.09, 11.24, 10.37, 0.00, 1.88, 2838, 4073, 934, 33.5, , 1
Python, reverse-complement, 4,  41.39, 11.33, 10.45, 0.00, 1.90, 2859, 4043, 1002, 33.2, , 1
Python, reverse-complement, 4,  42.02, 11.43, 10.54, 0.00, 1.91, 2887, 4117, 981, 33.2, , 1
Python, reverse-complement, 4,  41.78, 11.33, 10.45, 0.00, 1.90, 2862, 4049, 1004, 33.2, , 1
Python, reverse-complement, 4,  41.27, 11.23, 10.35, 0.00, 1.89, 2836, 3993, 1010, 33.0, , 1
Python, reverse-complement, 4,  41.34, 11.31, 10.43, 0.00, 1.90, 2852, 4058, 982, 33.5, , 1
Python, reverse-complement, 4,  41.11, 11.24, 10.36, 0.00, 1.88, 2838, 4029, 983, 33.8, , 1
Python, reverse-complement, 4,  41.29, 11.30, 10.42, 0.00, 1.89, 2852, 4009, 1023, 33.2, , 1
Python, reverse-complement, 4,  41.45, 11.37, 10.49, 0.00, 1.90, 2867, 4080, 1007, 33.0, , 1
Python, reverse-complement, 4,  41.52, 11.31, 10.43, 0.00, 1.90, 2855, 4063, 975, 33.0, , 1
Python, reverse-complement, 4,  41.11, 11.26, 10.39, 0.00, 1.89, 2846, 3998, 1030, 34.0, , 1
Python, spectral-norm, 4,  4517.98, 1269.99, 1174.24, 0.00, 161.59, 320403, 1277204, 297, 33.0, , 1
Python, spectral-norm, 4,  4537.76, 1278.05, 1181.65, 0.00, 162.60, 322402, 1285329, 300, 33.0, , 1
Python, spectral-norm, 4,  4554.42, 1280.24, 1183.48, 0.00, 162.86, 322982, 1287081, 300, 33.2, , 1
Python, spectral-norm, 4,  4620.39, 1291.23, 1193.85, 0.00, 164.23, 325723, 1298339, 302, 33.0, , 1
Python, spectral-norm, 4,  4633.43, 1301.40, 1203.24, 0.00, 165.53, 328293, 1308366, 325, 33.0, , 1
Python, spectral-norm, 4,  4564.91, 1276.06, 1179.89, 0.00, 162.32, 321965, 1283437, 298, 32.8, , 1
Python, spectral-norm, 4,  4546.84, 1271.28, 1175.38, 0.00, 161.69, 320702, 1278538, 294, 33.0, , 1
Python, spectral-norm, 4,  4577.83, 1291.21, 1193.84, 0.00, 164.28, 325751, 1298393, 294, 33.0, , 1
Python, spectral-norm, 4,  4594.23, 1288.24, 1191.22, 0.00, 163.91, 325031, 1296088, 304, 32.8, , 1
Python, spectral-norm, 4,  4568.27, 1281.99, 1185.31, 0.00, 163.08, 323389, 1288843, 335, 33.0, , 1
Python, spectral-norm, 4,  4533.15, 1271.18, 1175.32, 0.00, 161.73, 320680, 1278487, 337, 33.0, , 1
Python, spectral-norm, 4,  4543.29, 1282.13, 1185.44, 0.00, 163.11, 323448, 1289222, 315, 32.8, , 1
Python, spectral-norm, 4,  4534.01, 1276.45, 1180.21, 0.00, 162.42, 322022, 1283970, 301, 32.5, , 1
Python, spectral-norm, 4,  4569.08, 1284.33, 1187.50, 0.00, 163.42, 323990, 1291460, 305, 32.5, , 1
Python, spectral-norm, 4,  4549.59, 1274.00, 1178.01, 0.00, 162.11, 321411, 1281324, 347, 32.8, , 1
Python, spectral-norm, 4,  4549.16, 1272.71, 1176.81, 0.00, 161.97, 321124, 1279384, 312, 32.8, , 1
Python, spectral-norm, 4,  4573.51, 1280.48, 1183.89, 0.00, 162.92, 323043, 1287143, 298, 32.8, , 1
Python, spectral-norm, 4,  4513.18, 1263.76, 1168.54, 0.00, 160.76, 318776, 1270969, 304, 32.5, , 1
Python, spectral-norm, 4,  4656.59, 1307.27, 1208.84, 0.00, 166.33, 329825, 1314503, 304, 32.5, , 1
Python, spectral-norm, 4,  4530.99, 1274.17, 1178.14, 0.00, 162.08, 321408, 1281310, 325, 32.2, , 1
C, binary-trees, 8,  34.15, 13.96, 13.37, 0.00, 1.57, 1769, 5461, 247, 34.2, , 1
C, binary-trees, 8,  34.01, 13.92, 13.33, 0.00, 1.57, 1757, 5418, 270, 34.8, , 1
C, binary-trees, 8,  33.78, 13.91, 13.33, 0.00, 1.56, 1756, 5399, 270, 34.2, , 1
C, binary-trees, 8,  34.01, 13.95, 13.37, 0.00, 1.57, 1753, 5395, 277, 34.8, , 1
C, binary-trees, 8,  33.89, 13.93, 13.35, 0.00, 1.56, 1751, 5406, 258, 35.2, , 1
C, binary-trees, 8,  33.84, 13.86, 13.28, 0.00, 1.56, 1742, 5383, 247, 34.5, , 1
C, binary-trees, 8,  33.82, 13.85, 13.27, 0.00, 1.56, 1739, 5364, 262, 34.8, , 1
C, binary-trees, 8,  34.00, 13.91, 13.33, 0.00, 1.57, 1749, 5413, 265, 34.5, , 1
C, binary-trees, 8,  34.24, 14.03, 13.44, 0.00, 1.57, 1766, 5407, 250, 35.0, , 1
C, binary-trees, 8,  33.88, 13.76, 13.18, 0.00, 1.55, 1728, 5345, 250, 35.5, , 1
C, binary-trees, 8,  33.87, 13.84, 13.26, 0.00, 1.56, 1740, 5362, 255, 34.8, , 1
C, binary-trees, 8,  33.99, 13.94, 13.34, 0.00, 1.58, 1755, 5402, 269, 34.5, , 1
C, binary-trees, 8,  34.01, 13.96, 13.37, 0.00, 1.55, 1754, 5347, 272, 34.5, , 1
C, binary-trees, 8,  33.77, 13.85, 13.26, 0.00, 1.56, 1741, 5362, 281, 34.8, , 1
C, binary-trees, 8,  33.70, 13.84, 13.25, 0.00, 1.55, 1738, 5354, 271, 34.5, , 1
C, binary-trees, 8,  33.85, 13.80, 13.21, 0.00, 1.56, 1739, 5385, 240, 35.2, , 1
C, binary-trees, 8,  33.93, 13.84, 13.25, 0.00, 1.55, 1741, 5348, 263, 35.0, , 1
C, binary-trees, 8,  33.65, 13.76, 13.17, 0.00, 1.55, 1730, 5326, 266, 34.8, , 1
C, binary-trees, 8,  33.95, 13.88, 13.29, 0.00, 1.56, 1754, 5403, 262, 35.8, , 1
C, binary-trees, 8,  33.79, 13.86, 13.27, 0.00, 1.56, 1748, 5381, 260, 35.5, , 1
C, fannkuch-redux, 8,  67.55, 28.99, 27.90, 0.00, 1.83, 3640, 14471, 14471, 34.8, , 1
C, fannkuch-redux, 8,  67.56, 29.11, 28.03, 0.00, 1.84, 3656, 14536, 1, 35.5, , 1
C, fannkuch-redux, 8,  67.80, 29.02, 27.92, 0.00, 1.84, 3643, 14484, 1, 35.8, , 1
C, fannkuch-redux, 8,  67.48, 28.99, 27.91, 0.00, 1.83, 3641, 14476, 2, 35.0, , 1
C, fannkuch-redux, 8,  67.84, 29.04, 27.94, 0.00, 1.84, 3645, 14494, 1, 35.5, , 1
C, fannkuch-redux, 8,  68.09, 29.01, 27.92, 0.00, 1.83, 3643, 14487, 0, 35.5, , 1
C, fannkuch-redux, 8,  67.41, 28.90, 27.81, 0.00, 1.83, 3627, 14423, 14423, 35.8, , 1
C, fannkuch-redux, 8,  67.44, 28.92, 27.84, 0.00, 1.83, 3631, 14444, 0, 35.5, , 1
C, fannkuch-redux, 8,  67.37, 29.01, 27.92, 0.00, 1.84, 3643, 14460, 1, 36.0, , 1
C, fannkuch-redux, 8,  67.80, 28.97, 27.88, 0.00, 1.83, 3637, 14461, 0, 35.2, , 1
C, fannkuch-redux, 8,  67.67, 28.88, 27.80, 0.00, 1.83, 3628, 14427, 0, 35.8, , 1
C, fannkuch-redux, 8,  67.40, 28.74, 27.66, 0.00, 1.82, 3609, 14356, 14356, 35.8, , 1
C, fannkuch-redux, 8,  67.45, 28.82, 27.74, 0.00, 1.82, 3618, 14386, 2, 35.5, , 1
C, fannkuch-redux, 8,  67.47, 28.83, 27.75, 0.00, 1.82, 3621, 14403, 0, 35.5, , 1
C, fannkuch-redux, 8,  67.38, 28.83, 27.75, 0.00, 1.82, 3621, 14400, 1, 35.8, , 1
C, fannkuch-redux, 8,  67.59, 29.01, 27.92, 0.00, 1.84, 3642, 14489, 0, 36.0, , 1
C, fannkuch-redux, 8,  67.51, 28.99, 27.90, 0.00, 1.83, 3639, 14467, 0, 36.0, , 1
C, fannkuch-redux, 8,  67.28, 29.02, 27.92, 0.00, 1.84, 3642, 14488, 0, 36.0, , 1
C, fannkuch-redux, 8,  67.31, 28.93, 27.84, 0.00, 1.83, 3633, 14445, 1, 36.0, , 1
C, fannkuch-redux, 8,  67.76, 28.92, 27.84, 0.00, 1.83, 3632, 14444, 0, 36.2, , 1
C, fasta, 8,  12.33, 5.28, 5.08, 0.00, 0.34, 669, 658, 11, 36.2, , 1
C, fasta, 8,  12.56, 5.37, 5.17, 0.00, 0.34, 677, 671, 6, 36.2, , 1
C, fasta, 8,  12.39, 5.30, 5.11, 0.00, 0.34, 668, 650, 18, 36.2, , 1
C, fasta, 8,  12.41, 5.32, 5.12, 0.00, 0.34, 667, 655, 11, 35.0, , 1
C, fasta, 8,  12.42, 5.33, 5.13, 0.00, 0.34, 668, 654, 13, 35.0, , 1
C, fasta, 8,  12.31, 5.30, 5.10, 0.00, 0.34, 665, 656, 8, 36.0, , 1
C, fasta, 8,  12.61, 5.37, 5.16, 0.00, 0.34, 673, 657, 15, 36.0, , 1
C, fasta, 8,  12.56, 5.39, 5.18, 0.00, 0.34, 678, 666, 11, 36.0, , 1
C, fasta, 8,  12.36, 5.29, 5.09, 0.00, 0.34, 666, 644, 22, 36.0, , 1
C, fasta, 8,  12.39, 5.31, 5.11, 0.00, 0.34, 666, 649, 16, 36.2, , 1
C, fasta, 8,  12.44, 5.34, 5.14, 0.00, 0.34, 670, 656, 13, 36.2, , 1
C, fasta, 8,  12.56, 5.39, 5.19, 0.00, 0.34, 678, 657, 21, 35.8, , 1
C, fasta, 8,  12.49, 5.37, 5.17, 0.00, 0.34, 674, 655, 18, 35.8, , 1
C, fasta, 8,  12.50, 5.38, 5.18, 0.00, 0.34, 675, 657, 17, 36.5, , 1
C, fasta, 8,  12.44, 5.34, 5.14, 0.00, 0.34, 672, 661, 11, 36.5, , 1
C, fasta, 8,  12.46, 5.32, 5.12, 0.00, 0.34, 668, 655, 12, 35.5, , 1
C, fasta, 8,  12.40, 5.33, 5.13, 0.00, 0.34, 670, 656, 13, 35.5, , 1
C, fasta, 8,  12.43, 5.33, 5.13, 0.00, 0.34, 669, 655, 13, 35.5, , 1
C, fasta, 8,  12.41, 5.34, 5.14, 0.00, 0.34, 671, 660, 11, 35.5, , 1
C, fasta, 8,  12.40, 5.33, 5.14, 0.00, 0.34, 670, 659, 11, 35.5, , 1
C, k-nucleotide, 8,  97.25, 39.41, 37.88, 0.00, 4.81, 4949, 17314, 106, 36.2, , 1
C, k-nucleotide, 8,  100.91, 40.44, 38.79, 0.00, 5.39, 5074, 17555, 102, 36.0, , 1
C, k-nucleotide, 8,  100.52, 40.58, 38.94, 0.00, 5.38, 5099, 17588, 115, 36.2, , 1
C, k-nucleotide, 8,  96.67, 39.42, 37.90, 0.00, 4.71, 4950, 17359, 118, 36.2, , 1
C, k-nucleotide, 8,  100.29, 40.34, 38.70, 0.00, 5.33, 5063, 17535, 119, 36.0, , 1
C, k-nucleotide, 8,  100.04, 40.09, 38.41, 0.00, 5.63, 5031, 17408, 120, 36.0, , 1
C, k-nucleotide, 8,  98.95, 39.91, 38.29, 0.00, 5.26, 5008, 17416, 111, 36.5, , 1
C, k-nucleotide, 8,  100.55, 40.36, 38.71, 0.00, 5.40, 5064, 17517, 97, 36.0, , 1
C, k-nucleotide, 8,  100.75, 40.56, 38.88, 0.00, 5.50, 5090, 17476, 114, 36.2, , 1
C, k-nucleotide, 8,  100.41, 40.36, 38.70, 0.00, 5.50, 5064, 17615, 106, 36.8, , 1
C, k-nucleotide, 8,  101.38, 40.81, 39.12, 0.00, 5.61, 5121, 17579, 120, 36.5, , 1
C, k-nucleotide, 8,  99.86, 40.47, 38.81, 0.00, 5.47, 5079, 17612, 116, 36.2, , 1
C, k-nucleotide, 8,  102.07, 41.31, 39.58, 0.00, 5.79, 5184, 17687, 114, 36.5, , 1
C, k-nucleotide, 8,  100.73, 40.76, 39.09, 0.00, 5.45, 5114, 17549, 112, 36.5, , 1
C, k-nucleotide, 8,  96.86, 39.37, 37.82, 0.00, 4.91, 4944, 17294, 116, 36.2, , 1
C, k-nucleotide, 8,  98.66, 39.90, 38.30, 0.00, 5.13, 5013, 17417, 112, 36.8, , 1
C, k-nucleotide, 8,  101.64, 40.69, 39.00, 0.00, 5.71, 5107, 17669, 120, 36.5, , 1
C, k-nucleotide, 8,  100.17, 40.30, 38.66, 0.00, 5.37, 5058, 17381, 116, 36.5, , 1
C, k-nucleotide, 8,  99.19, 40.02, 38.41, 0.00, 5.23, 5022, 17529, 117, 36.2, , 1
C, k-nucleotide, 8,  96.80, 39.58, 38.02, 0.00, 4.89, 4967, 17494, 102, 36.5, , 1
C, mandelbrot, 8,  32.03, 13.78, 13.27, 0.00, 0.88, 1729, 6883, 24, 36.2, , 1
C, mandelbrot, 8,  31.95, 13.75, 13.23, 0.00, 0.88, 1724, 6864, 23, 36.0, , 1
C, mandelbrot, 8,  31.99, 13.73, 13.21, 0.00, 0.88, 1722, 6852, 15, 36.5, , 1
C, mandelbrot, 8,  32.03, 13.79, 13.27, 0.00, 0.88, 1729, 6888, 21, 36.0, , 1
C, mandelbrot, 8,  31.92, 13.74, 13.22, 0.00, 0.88, 1723, 6855, 30, 36.0, , 1
C, mandelbrot, 8,  31.84, 13.74, 13.23, 0.00, 0.88, 1723, 6861, 24, 36.2, , 1
C, mandelbrot, 8,  32.07, 13.69, 13.17, 0.00, 0.87, 1717, 6842, 18, 36.8, , 1
C, mandelbrot, 8,  32.11, 13.68, 13.16, 0.00, 0.87, 1715, 6830, 25, 35.8, , 1
C, mandelbrot, 8,  32.15, 13.62, 13.10, 0.00, 0.87, 1707, 6783, 30, 36.0, , 1
C, mandelbrot, 8,  31.71, 13.66, 13.14, 0.00, 0.87, 1713, 6817, 30, 36.0, , 1
C, mandelbrot, 8,  31.78, 13.73, 13.21, 0.00, 0.88, 1722, 6855, 27, 35.2, , 1
C, mandelbrot, 8,  31.98, 13.58, 13.07, 0.00, 0.86, 1704, 6784, 25, 36.2, , 1
C, mandelbrot, 8,  31.88, 13.68, 13.16, 0.00, 0.87, 1715, 6830, 24, 36.0, , 1
C, mandelbrot, 8,  31.83, 13.59, 13.08, 0.00, 0.87, 1705, 6787, 26, 36.2, , 1
C, mandelbrot, 8,  32.07, 13.57, 13.06, 0.00, 0.86, 1701, 6774, 24, 36.5, , 1
C, mandelbrot, 8,  31.82, 13.70, 13.19, 0.00, 0.87, 1718, 6848, 19, 36.2, , 1
C, mandelbrot, 8,  31.95, 13.61, 13.10, 0.00, 0.87, 1708, 6804, 20, 36.5, , 1
C, mandelbrot, 8,  31.90, 13.65, 13.14, 0.00, 0.87, 1711, 6811, 29, 36.2, , 1
C, mandelbrot, 8,  32.28, 13.55, 13.04, 0.00, 0.86, 1700, 6769, 23, 36.0, , 1
C, mandelbrot, 8,  31.92, 13.66, 13.14, 0.00, 0.87, 1713, 6812, 24, 36.2, , 1
C, n-body, 8,  34.64, 14.98, 14.41, 0.00, 0.95, 1880, 1880, 1880, 36.2, , 1
C, n-body, 8,  34.61, 14.97, 14.40, 0.00, 0.95, 1879, 1878, 0, 36.0, , 1
C, n-body, 8,  34.60, 14.96, 14.39, 0.00, 0.95, 1877, 1876, 0, 37.2, , 1
C, n-body, 8,  34.57, 14.91, 14.36, 0.00, 0.94, 1873, 1872, 0, 36.8, , 1
C, n-body, 8,  34.76, 14.94, 14.37, 0.00, 0.95, 1875, 1874, 0, 37.0, , 1
C, n-body, 8,  34.53, 14.93, 14.38, 0.00, 0.94, 1875, 1874, 0, 36.5, , 1
C, n-body, 8,  34.85, 15.00, 14.43, 0.00, 0.95, 1882, 1881, 1, 37.2, , 1
C, n-body, 8,  34.79, 14.96, 14.39, 0.00, 0.95, 1878, 1876, 0, 37.5, , 1
C, n-body, 8,  34.66, 14.98, 14.42, 0.00, 0.95, 1881, 1880, 0, 37.0, , 1
C, n-body, 8,  34.71, 15.03, 14.47, 0.00, 0.95, 1888, 1887, 0, 37.0, , 1
C, n-body, 8,  34.54, 14.95, 14.40, 0.00, 0.95, 1878, 1878, 1878, 36.8, , 1
C, n-body, 8,  34.82, 14.94, 14.38, 0.00, 0.95, 1875, 1874, 0, 37.2, , 1
C, n-body, 8,  34.95, 15.08, 14.50, 0.00, 0.95, 1894, 1893, 1, 36.8, , 1
C, n-body, 8,  34.69, 15.02, 14.46, 0.00, 0.95, 1886, 1886, 1886, 37.2, , 1
C, n-body, 8,  34.69, 15.04, 14.48, 0.00, 0.95, 1888, 1887, 0, 37.2, , 1
C, n-body, 8,  34.84, 15.06, 14.49, 0.00, 0.95, 1889, 1888, 0, 36.0, , 1
C, n-body, 8,  35.14, 15.07, 14.50, 0.00, 0.95, 1891, 1891, 1891, 36.8, , 1
C, n-body, 8,  35.28, 15.04, 14.48, 0.00, 0.95, 1889, 1888, 0, 36.2, , 1
C, n-body, 8,  34.73, 14.98, 14.40, 0.00, 0.95, 1879, 1879, 1879, 36.8, , 1
C, n-body, 8,  34.94, 15.02, 14.45, 0.00, 0.95, 1886, 1885, 1, 36.2, , 1
C, regex-redux, 8,  21.20, 8.80, 8.47, 0.00, 0.81, 1112, 3211, 130, 37.0, , 1
C, regex-redux, 8,  21.29, 8.79, 8.45, 0.00, 0.80, 1111, 3209, 130, 36.8, , 1
C, regex-redux, 8,  21.29, 8.88, 8.54, 0.00, 0.81, 1113, 3245, 119, 37.2, , 1
C, regex-redux, 8,  21.25, 8.84, 8.50, 0.00, 0.80, 1108, 3241, 104, 37.0, , 1
C, regex-redux, 8,  21.16, 8.77, 8.44, 0.00, 0.80, 1104, 3209, 116, 36.8, , 1
C, regex-redux, 8,  21.30, 8.83, 8.49, 0.00, 0.81, 1107, 3231, 116, 36.0, , 1
C, regex-redux, 8,  21.18, 8.85, 8.51, 0.00, 0.81, 1110, 3233, 122, 36.8, , 1
C, regex-redux, 8,  21.20, 8.84, 8.49, 0.00, 0.80, 1108, 3230, 112, 36.5, , 1
C, regex-redux, 8,  21.26, 8.86, 8.51, 0.00, 0.81, 1110, 3231, 119, 36.8, , 1
C, regex-redux, 8,  21.14, 8.81, 8.47, 0.00, 0.81, 1110, 3235, 111, 37.0, , 1
C, regex-redux, 8,  21.28, 8.82, 8.48, 0.00, 0.80, 1106, 3227, 114, 37.2, , 1
C, regex-redux, 8,  21.24, 8.82, 8.47, 0.00, 0.81, 1111, 3223, 122, 36.5, , 1
C, regex-redux, 8,  21.30, 8.84, 8.49, 0.00, 0.81, 1117, 3233, 128, 37.2, , 1
C, regex-redux, 8,  21.38, 8.87, 8.52, 0.00, 0.81, 1112, 3231, 117, 36.8, , 1
C, regex-redux, 8,  21.17, 8.85, 8.51, 0.00, 0.81, 1109, 3236, 113, 37.8, , 1
C, regex-redux, 8,  21.24, 8.83, 8.49, 0.00, 0.81, 1112, 3223, 129, 37.2, , 1
C, regex-redux, 8,  21.22, 8.83, 8.49, 0.00, 0.81, 1107, 3219, 128, 37.2, , 1
C, regex-redux, 8,  21.23, 8.84, 8.51, 0.00, 0.80, 1109, 3214, 127, 37.2, , 1
C, regex-redux, 8,  21.31, 8.81, 8.48, 0.00, 0.80, 1106, 3218, 122, 36.5, , 1
C, regex-redux, 8,  21.24, 8.82, 8.48, 0.00, 0.81, 1107, 3208, 132, 36.8, , 1
C, reverse-complement, 8,  2.42, 0.81, 0.76, 0.00, 0.17, 129, 89, 99, 36.8, , 1
C, reverse-complement, 8,  2.39, 0.88, 0.83, 0.00, 0.17, 121, 81, 98, 36.5, , 1
C, reverse-complement, 8,  2.42, 0.87, 0.82, 0.00, 0.17, 122, 81, 99, 36.5, , 1
C, reverse-complement, 8,  2.41, 0.88, 0.83, 0.00, 0.17, 122, 80, 100, 36.5, , 1
C, reverse-complement, 8,  2.44, 0.90, 0.85, 0.00, 0.17, 122, 77, 104, 36.5, , 1
C, reverse-complement, 8,  2.42, 0.86, 0.81, 0.00, 0.17, 124, 84, 98, 36.5, , 1
C, reverse-complement, 8,  2.43, 0.90, 0.85, 0.00, 0.17, 120, 81, 96, 36.5, , 1
C, reverse-complement, 8,  2.44, 0.90, 0.85, 0.00, 0.17, 122, 76, 105, 36.5, , 1
C, reverse-complement, 8,  2.41, 0.90, 0.86, 0.00, 0.17, 120, 88, 91, 36.5, , 1
C, reverse-complement, 8,  2.42, 0.90, 0.85, 0.00, 0.17, 121, 84, 96, 36.5, , 1
C, reverse-complement, 8,  2.45, 0.91, 0.85, 0.00, 0.17, 121, 77, 103, 36.5, , 1
C, reverse-complement, 8,  2.43, 0.88, 0.83, 0.00, 0.17, 124, 74, 106, 36.5, , 1
C, reverse-complement, 8,  2.42, 0.87, 0.82, 0.00, 0.17, 122, 77, 101, 36.5, , 1
C, reverse-complement, 8,  2.40, 0.85, 0.80, 0.00, 0.17, 123, 80, 102, 36.5, , 1
C, reverse-complement, 8,  2.41, 0.89, 0.83, 0.00, 0.17, 122, 87, 94, 36.5, , 1
C, reverse-complement, 8,  2.40, 0.85, 0.81, 0.00, 0.17, 123, 87, 93, 36.2, , 1
C, reverse-complement, 8,  2.41, 0.87, 0.81, 0.00, 0.17, 122, 81, 99, 36.2, , 1
C, reverse-complement, 8,  2.40, 0.85, 0.80, 0.00, 0.17, 123, 74, 107, 36.2, , 1
C, reverse-complement, 8,  2.42, 0.85, 0.79, 0.00, 0.17, 124, 76, 105, 36.2, , 1
C, reverse-complement, 8,  2.42, 0.87, 0.82, 0.00, 0.17, 122, 79, 102, 36.2, , 1
C, spectral-norm, 8,  11.05, 4.74, 4.57, 0.00, 0.30, 593, 2367, 0, 36.8, , 1
C, spectral-norm, 8,  11.10, 4.76, 4.57, 0.00, 0.30, 594, 2371, 2371, 36.2, , 1
C, spectral-norm, 8,  11.06, 4.77, 4.58, 0.00, 0.30, 595, 2375, 1, 36.2, , 1
C, spectral-norm, 8,  11.21, 4.80, 4.62, 0.00, 0.30, 599, 2386, 0, 36.5, , 1
C, spectral-norm, 8,  11.15, 4.78, 4.60, 0.00, 0.30, 598, 2383, 0, 36.5, , 1
C, spectral-norm, 8,  11.01, 4.74, 4.57, 0.00, 0.30, 593, 2367, 1, 36.5, , 1
C, spectral-norm, 8,  11.13, 4.79, 4.61, 0.00, 0.30, 599, 2389, 0, 36.5, , 1
C, spectral-norm, 8,  11.12, 4.76, 4.58, 0.00, 0.30, 595, 2377, 2377, 36.5, , 1
C, spectral-norm, 8,  11.18, 4.76, 4.58, 0.00, 0.30, 596, 2370, 1, 36.5, , 1
C, spectral-norm, 8,  11.05, 4.74, 4.57, 0.00, 0.30, 594, 2370, 0, 37.0, , 1
C, spectral-norm, 8,  11.08, 4.76, 4.57, 0.00, 0.30, 594, 2373, 2373, 37.0, , 1
C, spectral-norm, 8,  11.14, 4.77, 4.58, 0.00, 0.30, 595, 2374, 0, 36.5, , 1
C, spectral-norm, 8,  11.10, 4.73, 4.56, 0.00, 0.30, 592, 2362, 1, 36.5, , 1
C, spectral-norm, 8,  11.11, 4.76, 4.58, 0.00, 0.30, 595, 2376, 0, 36.5, , 1
C, spectral-norm, 8,  11.11, 4.77, 4.59, 0.00, 0.30, 597, 2385, 2385, 36.5, , 1
C, spectral-norm, 8,  11.10, 4.74, 4.57, 0.00, 0.30, 594, 2371, 0, 36.5, , 1
C, spectral-norm, 8,  11.14, 4.77, 4.59, 0.00, 0.30, 596, 2380, 0, 36.5, , 1
C, spectral-norm, 8,  11.12, 4.74, 4.57, 0.00, 0.30, 594, 2372, 2372, 36.5, , 1
C, spectral-norm, 8,  11.19, 4.74, 4.56, 0.00, 0.30, 593, 2367, 0, 36.5, , 1
C, spectral-norm, 8,  11.16, 4.75, 4.57, 0.00, 0.30, 594, 2372, 2372, 36.8, , 1
C++, binary-trees, 8,  29.83, 12.27, 11.72, 0.00, 1.41, 1550, 5397, 231, 37.5, , 1
C++, binary-trees, 8,  30.14, 12.22, 11.65, 0.00, 1.50, 1564, 5433, 221, 36.8, , 1
C++, binary-trees, 8,  30.66, 12.21, 11.65, 0.00, 1.49, 1558, 5407, 228, 37.0, , 1
C++, binary-trees, 8,  30.67, 12.27, 11.70, 0.00, 1.55, 1575, 5408, 258, 37.2, , 1
C++, binary-trees, 8,  29.94, 12.01, 11.44, 0.00, 1.53, 1543, 5408, 187, 36.8, , 1
C++, binary-trees, 8,  30.38, 12.21, 11.64, 0.00, 1.55, 1563, 5440, 245, 36.8, , 1
C++, binary-trees, 8,  30.47, 12.38, 11.80, 0.00, 1.55, 1570, 5430, 270, 37.0, , 1
C++, binary-trees, 8,  30.22, 12.17, 11.60, 0.00, 1.54, 1561, 5390, 248, 36.8, , 1
C++, binary-trees, 8,  28.79, 11.61, 11.09, 0.00, 1.46, 1488, 5297, 100, 36.5, , 1
C++, binary-trees, 8,  30.44, 12.39, 11.81, 0.00, 1.57, 1576, 5496, 262, 36.2, , 1
C++, binary-trees, 8,  30.11, 12.16, 11.60, 0.00, 1.53, 1549, 5367, 244, 37.0, , 1
C++, binary-trees, 8,  28.82, 11.63, 11.10, 0.00, 1.41, 1497, 5274, 159, 36.8, , 1
C++, binary-trees, 8,  29.66, 12.13, 11.57, 0.00, 1.52, 1528, 5366, 194, 36.8, , 1
C++, binary-trees, 8,  30.02, 12.09, 11.53, 0.00, 1.50, 1551, 5398, 202, 37.2, , 1
C++, binary-trees, 8,  30.09, 12.08, 11.50, 0.00, 1.54, 1555, 5429, 214, 37.0, , 1
C++, binary-trees, 8,  29.12, 11.81, 11.26, 0.00, 1.46, 1500, 5320, 154, 36.2, , 1
C++, binary-trees, 8,  29.98, 12.20, 11.65, 0.00, 1.50, 1554, 5419, 217, 37.0, , 1
C++, binary-trees, 8,  29.08, 11.78, 11.24, 0.00, 1.47, 1511, 5308, 170, 36.8, , 1
C++, binary-trees, 8,  29.29, 11.86, 11.32, 0.00, 1.45, 1521, 5339, 191, 37.0, , 1
C++, binary-trees, 8,  29.84, 12.04, 11.48, 0.00, 1.48, 1552, 5387, 253, 36.8, , 1
C++, fannkuch-redux, 8,  113.42, 48.65, 46.82, 0.00, 3.08, 6105, 24258, 0, 37.5, , 1
C++, fannkuch-redux, 8,  112.97, 48.43, 46.60, 0.00, 3.06, 6077, 24139, 2, 37.2, , 1
C++, fannkuch-redux, 8,  112.68, 48.42, 46.60, 0.00, 3.06, 6078, 24138, 2, 36.8, , 1
C++, fannkuch-redux, 8,  113.65, 48.95, 47.10, 0.00, 3.09, 6143, 24403, 2, 37.2, , 1
C++, fannkuch-redux, 8,  113.58, 48.70, 46.86, 0.00, 3.08, 6112, 24277, 1, 37.2, , 1
C++, fannkuch-redux, 8,  114.05, 48.70, 46.86, 0.00, 3.08, 6112, 24245, 0, 37.2, , 1
C++, fannkuch-redux, 8,  113.77, 48.78, 46.94, 0.00, 3.08, 6123, 24290, 1, 37.8, , 1
C++, fannkuch-redux, 8,  113.77, 48.79, 46.96, 0.00, 3.08, 6125, 24329, 0, 36.5, , 1
C++, fannkuch-redux, 8,  113.05, 48.71, 46.89, 0.00, 3.08, 6115, 24285, 0, 37.0, , 1
C++, fannkuch-redux, 8,  112.91, 48.68, 46.85, 0.00, 3.08, 6111, 24263, 2, 37.2, , 1
C++, fannkuch-redux, 8,  113.39, 48.86, 47.01, 0.00, 3.09, 6132, 24354, 0, 37.2, , 1
C++, fannkuch-redux, 8,  113.09, 48.80, 46.96, 0.00, 3.09, 6125, 24333, 1, 37.0, , 1
C++, fannkuch-redux, 8,  113.27, 48.85, 47.02, 0.00, 3.09, 6133, 24334, 3, 38.0, , 1
C++, fannkuch-redux, 8,  113.17, 48.70, 46.86, 0.00, 3.08, 6112, 24272, 4, 37.5, , 1
C++, fannkuch-redux, 8,  113.05, 48.47, 46.65, 0.00, 3.06, 6084, 24164, 1, 38.0, , 1
C++, fannkuch-redux, 8,  113.62, 48.66, 46.83, 0.00, 3.08, 6107, 24242, 2, 37.5, , 1
C++, fannkuch-redux, 8,  113.15, 48.67, 46.84, 0.00, 3.08, 6110, 24251, 4, 37.8, , 1
C++, fannkuch-redux, 8,  113.12, 48.76, 46.93, 0.00, 3.08, 6122, 24308, 1, 37.2, , 1
C++, fannkuch-redux, 8,  113.08, 48.80, 46.96, 0.00, 3.09, 6125, 24317, 1, 37.5, , 1
C++, fannkuch-redux, 8,  113.31, 48.93, 47.08, 0.00, 3.10, 6141, 24340, 2, 37.5, , 1
C++, fasta, 8,  16.11, 6.23, 5.99, 0.00, 0.40, 781, 1549, 7, 37.2, , 1
C++, fasta, 8,  16.06, 6.23, 6.00, 0.00, 0.40, 782, 1551, 6, 37.0, , 1
C++, fasta, 8,  16.04, 6.23, 5.99, 0.00, 0.39, 780, 1548, 5, 37.0, , 1
C++, fasta, 8,  15.99, 6.23, 6.00, 0.00, 0.39, 782, 1548, 9, 37.0, , 1
C++, fasta, 8,  16.03, 6.22, 5.99, 0.00, 0.39, 780, 1547, 6, 37.0, , 1
C++, fasta, 8,  16.00, 6.22, 5.98, 0.00, 0.39, 780, 1548, 4, 37.2, , 1
C++, fasta, 8,  16.05, 6.21, 5.98, 0.00, 0.39, 780, 1546, 6, 37.2, , 1
C++, fasta, 8,  16.07, 6.21, 5.97, 0.00, 0.39, 778, 1545, 6, 37.2, , 1
C++, fasta, 8,  16.07, 6.23, 6.00, 0.00, 0.40, 782, 1555, 2, 37.2, , 1
C++, fasta, 8,  15.95, 6.21, 5.98, 0.00, 0.39, 780, 1541, 13, 37.8, , 1
C++, fasta, 8,  16.01, 6.23, 6.00, 0.00, 0.40, 781, 1552, 4, 37.8, , 1
C++, fasta, 8,  16.04, 6.24, 6.01, 0.00, 0.40, 782, 1551, 6, 37.2, , 1
C++, fasta, 8,  16.06, 6.24, 6.01, 0.00, 0.40, 783, 1551, 8, 37.2, , 1
C++, fasta, 8,  16.07, 6.24, 6.01, 0.00, 0.40, 783, 1551, 8, 37.8, , 1
C++, fasta, 8,  16.06, 6.22, 5.99, 0.00, 0.40, 781, 1551, 4, 37.8, , 1
C++, fasta, 8,  16.09, 6.23, 5.99, 0.00, 0.40, 782, 1547, 9, 37.8, , 1
C++, fasta, 8,  16.06, 6.21, 5.98, 0.00, 0.39, 780, 1541, 13, 37.8, , 1
C++, fasta, 8,  16.03, 6.22, 5.98, 0.00, 0.39, 779, 1545, 7, 37.2, , 1
C++, fasta, 8,  16.05, 6.22, 5.99, 0.00, 0.39, 780, 1550, 4, 37.2, , 1
C++, fasta, 8,  16.22, 6.23, 5.99, 0.00, 0.40, 782, 1551, 5, 37.5, , 1
C++, k-nucleotide, 8,  52.99, 20.31, 19.11, 0.00, 4.16, 2588, 8417, 172, 37.5, , 1
C++, k-nucleotide, 8,  52.62, 20.29, 19.10, 0.00, 4.08, 2562, 8303, 167, 37.5, , 1
C++, k-nucleotide, 8,  52.88, 20.30, 19.11, 0.00, 4.11, 2573, 8303, 187, 37.5, , 1
C++, k-nucleotide, 8,  53.28, 20.47, 19.26, 0.00, 4.22, 2595, 8394, 199, 37.8, , 1
C++, k-nucleotide, 8,  53.57, 20.59, 19.38, 0.00, 4.17, 2613, 8404, 168, 37.8, , 1
C++, k-nucleotide, 8,  53.30, 20.37, 19.16, 0.00, 4.15, 2577, 8402, 170, 37.8, , 1
C++, k-nucleotide, 8,  55.45, 20.97, 19.71, 0.00, 4.45, 2669, 8750, 185, 37.8, , 1
C++, k-nucleotide, 8,  53.12, 20.22, 19.01, 0.00, 4.15, 2582, 8401, 172, 37.8, , 1
C++, k-nucleotide, 8,  53.73, 20.45, 19.23, 0.00, 4.22, 2598, 8468, 176, 37.5, , 1
C++, k-nucleotide, 8,  52.74, 20.09, 18.90, 0.00, 4.05, 2563, 8243, 181, 38.5, , 1
C++, k-nucleotide, 8,  53.31, 20.35, 19.16, 0.00, 4.16, 2562, 8319, 169, 38.0, , 1
C++, k-nucleotide, 8,  53.92, 20.52, 19.30, 0.00, 4.24, 2607, 8455, 163, 37.5, , 1
C++, k-nucleotide, 8,  52.98, 20.30, 19.10, 0.00, 4.11, 2571, 8314, 176, 38.0, , 1
C++, k-nucleotide, 8,  55.12, 20.86, 19.61, 0.00, 4.38, 2652, 8621, 182, 37.8, , 1
C++, k-nucleotide, 8,  52.84, 20.06, 18.88, 0.00, 4.05, 2545, 8247, 191, 37.5, , 1
C++, k-nucleotide, 8,  53.69, 20.35, 19.14, 0.00, 4.19, 2603, 8399, 174, 37.8, , 1
C++, k-nucleotide, 8,  56.31, 21.27, 19.98, 0.00, 4.54, 2697, 8874, 191, 37.8, , 1
C++, k-nucleotide, 8,  54.09, 20.48, 19.24, 0.00, 4.27, 2612, 8512, 174, 37.2, , 1
C++, k-nucleotide, 8,  54.43, 20.63, 19.41, 0.00, 4.25, 2611, 8501, 161, 38.0, , 1
C++, k-nucleotide, 8,  54.23, 20.56, 19.33, 0.00, 4.24, 2610, 8483, 184, 38.0, , 1
C++, mandelbrot, 8,  26.90, 10.40, 10.01, 0.00, 0.67, 1305, 5117, 28, 37.8, , 1
C++, mandelbrot, 8,  27.00, 10.43, 10.03, 0.00, 0.67, 1310, 5143, 25, 37.2, , 1
C++, mandelbrot, 8,  26.93, 10.42, 10.03, 0.00, 0.67, 1309, 5141, 18, 37.8, , 1
C++, mandelbrot, 8,  26.84, 10.37, 9.98, 0.00, 0.67, 1304, 5107, 26, 37.8, , 1
C++, mandelbrot, 8,  27.08, 10.38, 9.99, 0.00, 0.67, 1306, 5120, 32, 37.5, , 1
C++, mandelbrot, 8,  27.01, 10.40, 10.01, 0.00, 0.67, 1308, 5135, 18, 37.0, , 1
C++, mandelbrot, 8,  26.96, 10.46, 10.06, 0.00, 0.67, 1312, 5148, 20, 37.8, , 1
C++, mandelbrot, 8,  26.96, 10.44, 10.05, 0.00, 0.67, 1311, 5150, 19, 37.8, , 1
C++, mandelbrot, 8,  27.10, 10.42, 10.03, 0.00, 0.67, 1310, 5139, 23, 37.8, , 1
C++, mandelbrot, 8,  27.10, 10.43, 10.04, 0.00, 0.67, 1309, 5142, 24, 37.2, , 1
C++, mandelbrot, 8,  27.19, 10.48, 10.08, 0.00, 0.67, 1315, 5161, 23, 37.8, , 1
C++, mandelbrot, 8,  27.07, 10.46, 10.06, 0.00, 0.67, 1314, 5167, 15, 37.8, , 1
C++, mandelbrot, 8,  27.19, 10.46, 10.07, 0.00, 0.67, 1312, 5162, 15, 37.5, , 1
C++, mandelbrot, 8,  26.93, 10.42, 10.03, 0.00, 0.67, 1308, 5140, 17, 37.5, , 1
C++, mandelbrot, 8,  27.01, 10.46, 10.06, 0.00, 0.67, 1313, 5156, 19, 37.2, , 1
C++, mandelbrot, 8,  27.03, 10.48, 10.09, 0.00, 0.67, 1318, 5160, 36, 37.8, , 1
C++, mandelbrot, 8,  27.02, 10.46, 10.06, 0.00, 0.67, 1313, 5151, 27, 37.8, , 1
C++, mandelbrot, 8,  27.00, 10.42, 10.03, 0.00, 0.67, 1309, 5134, 23, 37.2, , 1
C++, mandelbrot, 8,  26.88, 10.39, 10.01, 0.00, 0.66, 1306, 5130, 20, 37.8, , 1
C++, mandelbrot, 8,  26.89, 10.43, 10.04, 0.00, 0.67, 1310, 5146, 20, 37.8, , 1
C++, n-body, 8,  35.56, 15.18, 14.60, 0.00, 0.96, 1905, 1904, 1, 37.8, , 1
C++, n-body, 8,  35.50, 15.17, 14.59, 0.00, 0.96, 1903, 1902, 0, 37.2, , 1
C++, n-body, 8,  35.29, 15.19, 14.61, 0.00, 0.96, 1906, 1905, 1, 38.0, , 1
C++, n-body, 8,  35.34, 15.20, 14.63, 0.00, 0.96, 1908, 1908, 1908, 37.8, , 1
C++, n-body, 8,  35.51, 15.19, 14.61, 0.00, 0.96, 1906, 1905, 0, 37.5, , 1
C++, n-body, 8,  35.37, 15.16, 14.58, 0.00, 0.96, 1901, 1901, 1901, 37.8, , 1
C++, n-body, 8,  35.43, 15.15, 14.57, 0.00, 0.96, 1900, 1900, 1900, 38.2, , 1
C++, n-body, 8,  35.47, 15.15, 14.58, 0.00, 0.96, 1901, 1901, 1901, 38.2, , 1
C++, n-body, 8,  35.47, 15.17, 14.60, 0.00, 0.96, 1904, 1902, 1, 38.2, , 1
C++, n-body, 8,  35.44, 15.14, 14.57, 0.00, 0.96, 1901, 1900, 1, 37.2, , 1
C++, n-body, 8,  35.37, 15.12, 14.55, 0.00, 0.96, 1898, 1897, 1, 37.8, , 1
C++, n-body, 8,  35.37, 15.15, 14.58, 0.00, 0.96, 1902, 1902, 1902, 37.2, , 1
C++, n-body, 8,  35.48, 15.14, 14.57, 0.00, 0.96, 1901, 1900, 1, 37.8, , 1
C++, n-body, 8,  35.35, 15.15, 14.57, 0.00, 0.96, 1901, 1900, 1, 37.8, , 1
C++, n-body, 8,  35.85, 15.21, 14.63, 0.00, 0.97, 1910, 1908, 1, 37.2, , 1
C++, n-body, 8,  35.53, 15.15, 14.58, 0.00, 0.96, 1902, 1901, 0, 37.0, , 1
C++, n-body, 8,  35.61, 15.16, 14.58, 0.00, 0.96, 1903, 1903, 1903, 37.8, , 1
C++, n-body, 8,  35.29, 15.16, 14.58, 0.00, 0.96, 1901, 1901, 1901, 38.0, , 1
C++, n-body, 8,  35.36, 15.17, 14.59, 0.00, 0.96, 1903, 1902, 0, 36.5, , 1
C++, n-body, 8,  35.53, 15.15, 14.58, 0.00, 0.96, 1902, 1902, 1902, 37.5, , 1
C++, regex-redux, 8,  26.65, 11.08, 10.65, 0.00, 1.01, 1391, 3002, 212, 37.8, , 1
C++, regex-redux, 8,  26.45, 11.01, 10.57, 0.00, 1.01, 1383, 3059, 233, 38.2, , 1
C++, regex-redux, 8,  26.66, 11.17, 10.73, 0.00, 1.01, 1404, 3069, 220, 37.5, , 1
C++, regex-redux, 8,  27.16, 11.40, 10.95, 0.00, 1.03, 1430, 2995, 226, 37.5, , 1
C++, regex-redux, 8,  26.14, 10.96, 10.53, 0.00, 1.00, 1376, 3035, 226, 38.0, , 1
C++, regex-redux, 8,  26.24, 11.01, 10.58, 0.00, 1.01, 1383, 3067, 203, 37.5, , 1
C++, regex-redux, 8,  26.74, 11.18, 10.74, 0.00, 1.01, 1402, 3009, 210, 37.5, , 1
C++, regex-redux, 8,  27.02, 11.33, 10.88, 0.00, 1.03, 1423, 2987, 224, 38.0, , 1
C++, regex-redux, 8,  26.13, 10.96, 10.53, 0.00, 1.00, 1376, 3051, 229, 38.2, , 1
C++, regex-redux, 8,  27.21, 11.37, 10.92, 0.00, 1.03, 1427, 3001, 218, 38.0, , 1
C++, regex-redux, 8,  26.99, 11.31, 10.86, 0.00, 1.03, 1420, 2978, 230, 37.8, , 1
C++, regex-redux, 8,  26.67, 11.16, 10.71, 0.00, 1.00, 1400, 3054, 215, 37.5, , 1
C++, regex-redux, 8,  26.74, 11.23, 10.79, 0.00, 1.01, 1411, 3008, 248, 36.8, , 1
C++, regex-redux, 8,  27.08, 11.41, 10.96, 0.00, 1.03, 1432, 3014, 229, 38.0, , 1
C++, regex-redux, 8,  27.05, 11.35, 10.90, 0.00, 1.03, 1424, 2993, 218, 37.8, , 1
C++, regex-redux, 8,  26.97, 11.36, 10.91, 0.00, 1.03, 1429, 2991, 226, 37.5, , 1
C++, regex-redux, 8,  26.51, 11.13, 10.69, 0.00, 1.02, 1396, 3059, 216, 37.5, , 1
C++, regex-redux, 8,  26.80, 11.23, 10.79, 0.00, 1.02, 1409, 3035, 235, 37.5, , 1
C++, regex-redux, 8,  26.44, 11.12, 10.68, 0.00, 1.01, 1396, 3071, 209, 38.0, , 1
C++, regex-redux, 8,  26.37, 11.03, 10.60, 0.00, 1.00, 1387, 3083, 205, 37.5, , 1
C++, reverse-complement, 8,  3.52, 1.36, 1.28, 0.00, 0.22, 180, 85, 94, 37.2, , 1
C++, reverse-complement, 8,  3.49, 1.34, 1.28, 0.00, 0.22, 179, 82, 97, 37.2, , 1
C++, reverse-complement, 8,  3.48, 1.39, 1.32, 0.00, 0.22, 174, 82, 92, 37.2, , 1
C++, reverse-complement, 8,  3.48, 1.39, 1.32, 0.00, 0.21, 174, 77, 97, 37.2, , 1
C++, reverse-complement, 8,  3.51, 1.40, 1.33, 0.00, 0.22, 175, 84, 91, 38.0, , 1
C++, reverse-complement, 8,  3.59, 1.40, 1.32, 0.00, 0.22, 174, 75, 97, 38.0, , 1
C++, reverse-complement, 8,  3.48, 1.39, 1.32, 0.00, 0.22, 174, 75, 99, 38.0, , 1
C++, reverse-complement, 8,  3.47, 1.39, 1.32, 0.00, 0.21, 174, 74, 99, 38.0, , 1
C++, reverse-complement, 8,  3.47, 1.39, 1.32, 0.00, 0.22, 174, 86, 88, 38.0, , 1
C++, reverse-complement, 8,  3.51, 1.40, 1.32, 0.00, 0.22, 174, 78, 95, 37.2, , 1
C++, reverse-complement, 8,  3.51, 1.35, 1.28, 0.00, 0.22, 179, 75, 104, 37.2, , 1
C++, reverse-complement, 8,  3.48, 1.38, 1.32, 0.00, 0.22, 174, 76, 98, 37.2, , 1
C++, reverse-complement, 8,  3.50, 1.40, 1.32, 0.00, 0.22, 174, 83, 90, 37.2, , 1
C++, reverse-complement, 8,  3.49, 1.39, 1.32, 0.00, 0.22, 174, 78, 96, 37.2, , 1
C++, reverse-complement, 8,  3.50, 1.39, 1.32, 0.00, 0.22, 174, 81, 92, 37.8, , 1
C++, reverse-complement, 8,  3.47, 1.39, 1.32, 0.00, 0.21, 174, 80, 94, 37.8, , 1
C++, reverse-complement, 8,  3.48, 1.39, 1.32, 0.00, 0.22, 174, 81, 93, 37.8, , 1
C++, reverse-complement, 8,  3.49, 1.40, 1.32, 0.00, 0.21, 174, 73, 100, 37.8, , 1
C++, reverse-complement, 8,  3.50, 1.39, 1.32, 0.00, 0.21, 174, 81, 93, 37.8, , 1
C++, reverse-complement, 8,  3.49, 1.39, 1.32, 0.00, 0.22, 174, 84, 89, 38.0, , 1
C++, spectral-norm, 8,  10.87, 4.70, 4.53, 0.00, 0.30, 588, 2347, 0, 37.0, , 1
C++, spectral-norm, 8,  10.91, 4.70, 4.52, 0.00, 0.30, 588, 2343, 1, 37.0, , 1
C++, spectral-norm, 8,  10.87, 4.67, 4.49, 0.00, 0.30, 583, 2326, 1, 36.8, , 1
C++, spectral-norm, 8,  10.87, 4.66, 4.49, 0.00, 0.30, 584, 2330, 0, 36.8, , 1
C++, spectral-norm, 8,  10.84, 4.65, 4.47, 0.00, 0.29, 581, 2319, 0, 37.0, , 1
C++, spectral-norm, 8,  10.84, 4.66, 4.49, 0.00, 0.30, 584, 2330, 1, 37.0, , 1
C++, spectral-norm, 8,  10.84, 4.66, 4.49, 0.00, 0.30, 584, 2329, 1, 37.5, , 1
C++, spectral-norm, 8,  10.87, 4.66, 4.49, 0.00, 0.30, 583, 2326, 1, 37.5, , 1
C++, spectral-norm, 8,  10.88, 4.67, 4.49, 0.00, 0.30, 583, 2327, 1, 37.0, , 1
C++, spectral-norm, 8,  10.83, 4.66, 4.49, 0.00, 0.30, 583, 2328, 2, 37.0, , 1
C++, spectral-norm, 8,  10.94, 4.68, 4.50, 0.00, 0.30, 586, 2338, 1, 37.2, , 1
C++, spectral-norm, 8,  10.88, 4.67, 4.49, 0.00, 0.30, 585, 2335, 2335, 37.2, , 1
C++, spectral-norm, 8,  10.98, 4.69, 4.52, 0.00, 0.30, 588, 2346, 0, 37.0, , 1
C++, spectral-norm, 8,  11.12, 4.75, 4.57, 0.00, 0.30, 595, 2357, 1, 37.0, , 1
C++, spectral-norm, 8,  11.02, 4.70, 4.52, 0.00, 0.30, 588, 2342, 0, 37.5, , 1
C++, spectral-norm, 8,  10.96, 4.65, 4.48, 0.00, 0.30, 582, 2323, 0, 37.5, , 1
C++, spectral-norm, 8,  10.96, 4.66, 4.49, 0.00, 0.30, 584, 2332, 1, 37.0, , 1
C++, spectral-norm, 8,  10.86, 4.69, 4.52, 0.00, 0.30, 587, 2341, 1, 37.0, , 1
C++, spectral-norm, 8,  10.93, 4.68, 4.50, 0.00, 0.30, 585, 2336, 0, 37.0, , 1
C++, spectral-norm, 8,  10.88, 4.67, 4.50, 0.00, 0.30, 585, 2334, 0, 37.0, , 1
Java, binary-trees, 8,  69.96, 26.34, 24.65, 0.00, 5.90, 3327, 10403, 946, 38.0, , 1
Java, binary-trees, 8,  70.67, 26.54, 24.84, 0.00, 5.94, 3354, 10349, 862, 37.8, , 1
Java, binary-trees, 8,  69.55, 25.82, 24.14, 0.00, 5.90, 3293, 10273, 878, 37.5, , 1
Java, binary-trees, 8,  69.59, 26.30, 24.62, 0.00, 5.84, 3328, 10115, 1071, 37.8, , 1
Java, binary-trees, 8,  70.41, 26.40, 24.71, 0.00, 5.93, 3335, 10321, 908, 37.5, , 1
Java, binary-trees, 8,  71.42, 26.93, 25.22, 0.00, 5.98, 3389, 10484, 974, 37.8, , 1
Java, binary-trees, 8,  70.70, 26.68, 24.98, 0.00, 5.90, 3361, 10207, 939, 38.0, , 1
Java, binary-trees, 8,  69.12, 26.01, 24.34, 0.00, 5.83, 3292, 10048, 916, 37.5, , 1
Java, binary-trees, 8,  71.22, 26.91, 25.20, 0.00, 5.91, 3412, 10285, 1148, 38.2, , 1
Java, binary-trees, 8,  68.68, 25.82, 24.14, 0.00, 5.79, 3297, 9924, 1089, 37.8, , 1
Java, binary-trees, 8,  71.30, 26.95, 25.25, 0.00, 5.94, 3405, 10351, 919, 37.8, , 1
Java, binary-trees, 8,  70.75, 26.69, 24.99, 0.00, 5.96, 3368, 10455, 940, 37.8, , 1
Java, binary-trees, 8,  70.99, 26.58, 24.87, 0.00, 5.92, 3381, 10285, 870, 38.2, , 1
Java, binary-trees, 8,  71.10, 26.75, 25.04, 0.00, 5.96, 3377, 10491, 939, 38.0, , 1
Java, binary-trees, 8,  71.09, 26.64, 24.94, 0.00, 5.96, 3360, 10480, 922, 37.8, , 1
Java, binary-trees, 8,  71.45, 26.83, 25.12, 0.00, 5.95, 3392, 10369, 851, 38.2, , 1
Java, binary-trees, 8,  70.97, 26.62, 24.91, 0.00, 5.93, 3359, 10261, 890, 37.5, , 1
Java, binary-trees, 8,  70.40, 26.48, 24.79, 0.00, 5.90, 3342, 10200, 898, 37.8, , 1
Java, binary-trees, 8,  70.82, 26.59, 24.90, 0.00, 5.91, 3364, 10289, 914, 38.0, , 1
Java, binary-trees, 8,  68.53, 25.70, 24.05, 0.00, 5.80, 3241, 10010, 878, 38.5, , 1
Java, fannkuch-redux, 8,  306.64, 131.87, 126.91, 0.00, 8.35, 16565, 65616, 37, 37.5, , 1
Java, fannkuch-redux, 8,  306.97, 132.03, 127.07, 0.00, 8.38, 16609, 65710, 18, 36.5, , 1
Java, fannkuch-redux, 8,  308.82, 132.40, 127.44, 0.00, 8.40, 16652, 65942, 31, 37.2, , 1
Java, fannkuch-redux, 8,  306.99, 131.91, 126.97, 0.00, 8.36, 16572, 65709, 20, 37.2, , 1
Java, fannkuch-redux, 8,  299.17, 128.16, 123.36, 0.00, 8.13, 16114, 63796, 34, 37.8, , 1
Java, fannkuch-redux, 8,  316.99, 135.52, 130.44, 0.00, 8.59, 17030, 67373, 28, 37.5, , 1
Java, fannkuch-redux, 8,  309.57, 132.06, 127.10, 0.00, 8.38, 16595, 65679, 36, 38.0, , 1
Java, fannkuch-redux, 8,  298.31, 126.34, 121.58, 0.00, 8.01, 15879, 62881, 25, 37.8, , 1
Java, fannkuch-redux, 8,  318.12, 135.66, 130.56, 0.00, 8.61, 17068, 67529, 24, 37.0, , 1
Java, fannkuch-redux, 8,  307.88, 131.97, 127.01, 0.00, 8.37, 16582, 65696, 27, 38.0, , 1
Java, fannkuch-redux, 8,  316.00, 135.94, 130.83, 0.00, 8.61, 17075, 67615, 33, 37.5, , 1
Java, fannkuch-redux, 8,  307.78, 132.03, 127.07, 0.00, 8.37, 16593, 65692, 25, 37.8, , 1
Java, fannkuch-redux, 8,  306.69, 132.19, 127.23, 0.00, 8.38, 16609, 65803, 30, 38.2, , 1
Java, fannkuch-redux, 8,  307.51, 131.90, 126.94, 0.00, 8.37, 16566, 65635, 21, 37.8, , 1
Java, fannkuch-redux, 8,  311.39, 133.96, 128.91, 0.00, 8.49, 16836, 66654, 27, 37.5, , 1
Java, fannkuch-redux, 8,  297.66, 128.10, 123.28, 0.00, 8.12, 16099, 63771, 33, 37.2, , 1
Java, fannkuch-redux, 8,  310.26, 133.26, 128.25, 0.00, 8.45, 16747, 66341, 25, 37.0, , 1
Java, fannkuch-redux, 8,  293.71, 126.14, 121.41, 0.00, 8.00, 15849, 62759, 29, 38.0, , 1
Java, fannkuch-redux, 8,  298.62, 127.70, 122.90, 0.00, 8.09, 16036, 63494, 28, 38.2, , 1
Java, fannkuch-redux, 8,  307.86, 132.05, 127.08, 0.00, 8.37, 16588, 65695, 28, 37.2, , 1
Java, fasta, 8,  30.29, 12.26, 11.78, 0.00, 0.84, 1570, 5021, 61, 37.8, , 1
Java, fasta, 8,  30.37, 12.30, 11.83, 0.00, 0.84, 1565, 5032, 46, 38.0, , 1
Java, fasta, 8,  30.12, 12.23, 11.76, 0.00, 0.82, 1551, 4935, 55, 37.8, , 1
Java, fasta, 8,  30.04, 12.20, 11.74, 0.00, 0.82, 1547, 4942, 64, 37.8, , 1
Java, fasta, 8,  30.52, 12.36, 11.88, 0.00, 0.84, 1574, 5003, 54, 38.0, , 1
Java, fasta, 8,  30.13, 12.24, 11.77, 0.00, 0.82, 1551, 4943, 67, 38.0, , 1
Java, fasta, 8,  30.24, 12.26, 11.79, 0.00, 0.83, 1550, 4976, 59, 37.5, , 1
Java, fasta, 8,  30.36, 12.19, 11.72, 0.00, 0.83, 1555, 4968, 52, 37.8, , 1
Java, fasta, 8,  30.20, 12.19, 11.73, 0.00, 0.82, 1548, 4940, 58, 38.2, , 1
Java, fasta, 8,  30.35, 12.24, 11.78, 0.00, 0.84, 1562, 4986, 54, 37.5, , 1
Java, fasta, 8,  30.20, 12.20, 11.74, 0.00, 0.83, 1552, 4969, 64, 37.8, , 1
Java, fasta, 8,  30.52, 12.42, 11.94, 0.00, 0.83, 1570, 5041, 57, 37.8, , 1
Java, fasta, 8,  30.09, 12.19, 11.72, 0.00, 0.82, 1545, 4983, 49, 37.8, , 1
Java, fasta, 8,  30.48, 12.34, 11.87, 0.00, 0.84, 1566, 5033, 46, 37.8, , 1
Java, fasta, 8,  30.19, 12.16, 11.69, 0.00, 0.82, 1541, 4911, 53, 37.2, , 1
Java, fasta, 8,  30.12, 12.20, 11.73, 0.00, 0.82, 1547, 4938, 63, 38.0, , 1
Java, fasta, 8,  30.44, 12.19, 11.72, 0.00, 0.83, 1563, 5048, 54, 38.2, , 1
Java, fasta, 8,  30.33, 12.18, 11.71, 0.00, 0.82, 1546, 4932, 66, 38.0, , 1
Java, fasta, 8,  30.44, 12.28, 11.81, 0.00, 0.83, 1564, 5007, 60, 38.2, , 1
Java, fasta, 8,  30.50, 12.38, 11.91, 0.00, 0.84, 1573, 5041, 66, 37.8, , 1
Java, k-nucleotide, 8,  129.86, 53.48, 51.45, 0.00, 5.08, 6768, 23788, 239, 37.0, , 1
Java, k-nucleotide, 8,  129.84, 53.81, 51.77, 0.00, 5.07, 6799, 23850, 243, 37.2, , 1
Java, k-nucleotide, 8,  129.48, 53.72, 51.68, 0.00, 5.10, 6796, 23741, 265, 37.2, , 1
Java, k-nucleotide, 8,  127.58, 53.26, 51.24, 0.00, 5.06, 6711, 23480, 246, 38.2, , 1
Java, k-nucleotide, 8,  127.51, 52.70, 50.69, 0.00, 5.01, 6673, 23339, 275, 37.0, , 1
Java, k-nucleotide, 8,  130.32, 54.06, 52.00, 0.00, 5.15, 6851, 23989, 265, 36.8, , 1
Java, k-nucleotide, 8,  127.90, 53.13, 51.11, 0.00, 5.03, 6712, 23452, 231, 38.5, , 1
Java, k-nucleotide, 8,  127.82, 52.71, 50.70, 0.00, 5.04, 6658, 23229, 253, 37.0, , 1
Java, k-nucleotide, 8,  129.75, 53.54, 51.50, 0.00, 5.10, 6776, 23823, 249, 37.5, , 1
Java, k-nucleotide, 8,  129.58, 53.74, 51.69, 0.00, 5.13, 6813, 23761, 255, 37.0, , 1
Java, k-nucleotide, 8,  130.04, 54.12, 52.06, 0.00, 5.14, 6831, 23961, 247, 37.0, , 1
Java, k-nucleotide, 8,  127.58, 52.94, 50.93, 0.00, 5.05, 6689, 23518, 242, 37.2, , 1
Java, k-nucleotide, 8,  129.35, 53.52, 51.47, 0.00, 5.12, 6815, 23874, 253, 37.0, , 1
Java, k-nucleotide, 8,  123.63, 50.78, 48.84, 0.00, 4.90, 6432, 22316, 247, 37.5, , 1
Java, k-nucleotide, 8,  117.73, 48.70, 46.83, 0.00, 4.76, 6166, 21330, 265, 37.5, , 1
Java, k-nucleotide, 8,  127.70, 53.07, 51.05, 0.00, 5.07, 6702, 23623, 234, 37.5, , 1
Java, k-nucleotide, 8,  124.27, 51.68, 49.71, 0.00, 4.96, 6551, 22856, 258, 37.0, , 1
Java, k-nucleotide, 8,  124.36, 51.71, 49.74, 0.00, 4.92, 6505, 22850, 250, 38.0, , 1
Java, k-nucleotide, 8,  131.08, 54.08, 52.02, 0.00, 5.12, 6824, 24053, 219, 37.5, , 1
Java, k-nucleotide, 8,  127.52, 52.85, 50.82, 0.00, 5.03, 6707, 23542, 256, 37.0, , 1
Java, mandelbrot, 8,  106.70, 45.28, 43.56, 0.00, 2.94, 5709, 22445, 78, 38.0, , 1
Java, mandelbrot, 8,  105.24, 44.77, 43.07, 0.00, 2.90, 5639, 22169, 64, 37.5, , 1
Java, mandelbrot, 8,  105.28, 44.66, 42.95, 0.00, 2.94, 5694, 22253, 110, 38.0, , 1
Java, mandelbrot, 8,  106.53, 45.29, 43.56, 0.00, 2.95, 5722, 22527, 88, 38.5, , 1
Java, mandelbrot, 8,  105.59, 44.97, 43.26, 0.00, 2.92, 5682, 22353, 66, 38.2, , 1
Java, mandelbrot, 8,  105.52, 44.56, 42.85, 0.00, 2.92, 5659, 22205, 108, 38.2, , 1
Java, mandelbrot, 8,  103.26, 43.53, 41.87, 0.00, 2.83, 5479, 21565, 74, 38.0, , 1
Java, mandelbrot, 8,  102.83, 43.37, 41.72, 0.00, 2.82, 5472, 21489, 80, 37.8, , 1
Java, mandelbrot, 8,  103.06, 43.30, 41.66, 0.00, 2.82, 5459, 21509, 73, 38.2, , 1
Java, mandelbrot, 8,  105.74, 44.46, 42.77, 0.00, 2.88, 5596, 22042, 82, 37.8, , 1
Java, mandelbrot, 8,  106.30, 45.05, 43.33, 0.00, 2.92, 5672, 22354, 84, 38.5, , 1
Java, mandelbrot, 8,  105.07, 44.53, 42.84, 0.00, 2.89, 5610, 22092, 70, 38.0, , 1
Java, mandelbrot, 8,  107.44, 45.30, 43.58, 0.00, 2.94, 5694, 22423, 79, 38.8, , 1
Java, mandelbrot, 8,  103.11, 43.32, 41.67, 0.00, 2.82, 5467, 21464, 84, 38.0, , 1
Java, mandelbrot, 8,  103.88, 43.38, 41.72, 0.00, 2.85, 5522, 21529, 107, 37.8, , 1
Java, mandelbrot, 8,  105.25, 44.68, 42.98, 0.00, 2.90, 5630, 22151, 77, 38.0, , 1
Java, mandelbrot, 8,  105.19, 44.49, 42.80, 0.00, 2.89, 5612, 22049, 94, 38.0, , 1
Java, mandelbrot, 8,  105.18, 44.64, 42.95, 0.00, 2.90, 5629, 22151, 57, 37.8, , 1
Java, mandelbrot, 8,  105.47, 44.56, 42.86, 0.00, 2.91, 5644, 22217, 86, 38.5, , 1
Java, mandelbrot, 8,  105.06, 44.32, 42.64, 0.00, 2.88, 5581, 21994, 74, 38.5, , 1
Java, n-body, 8,  79.91, 34.34, 33.04, 0.00, 2.19, 4310, 4322, 20, 38.2, , 1
Java, n-body, 8,  80.81, 34.65, 33.33, 0.00, 2.21, 4350, 4364, 18, 38.5, , 1
Java, n-body, 8,  80.62, 34.69, 33.38, 0.00, 2.21, 4354, 4371, 15, 38.8, , 1
Java, n-body, 8,  79.55, 34.41, 33.11, 0.00, 2.19, 4319, 4333, 18, 38.2, , 1
Java, n-body, 8,  80.06, 34.44, 33.14, 0.00, 2.20, 4323, 4337, 18, 39.2, , 1
Java, n-body, 8,  80.36, 34.82, 33.51, 0.00, 2.22, 4371, 4382, 21, 38.0, , 1
Java, n-body, 8,  79.54, 34.26, 32.95, 0.00, 2.18, 4300, 4313, 19, 38.0, , 1
Java, n-body, 8,  79.97, 34.19, 32.89, 0.00, 2.18, 4291, 4304, 19, 38.2, , 1
Java, n-body, 8,  80.36, 34.46, 33.15, 0.00, 2.20, 4326, 4333, 26, 38.2, , 1
Java, n-body, 8,  81.06, 34.70, 33.38, 0.00, 2.21, 4355, 4368, 18, 38.8, , 1
Java, n-body, 8,  81.01, 34.83, 33.52, 0.00, 2.22, 4373, 4383, 21, 38.5, , 1
Java, n-body, 8,  80.89, 34.72, 33.41, 0.00, 2.21, 4359, 4368, 21, 38.8, , 1
Java, n-body, 8,  80.01, 34.44, 33.14, 0.00, 2.20, 4325, 4341, 17, 38.2, , 1
Java, n-body, 8,  80.76, 34.39, 33.09, 0.00, 2.19, 4320, 4332, 18, 38.5, , 1
Java, n-body, 8,  80.25, 34.51, 33.20, 0.00, 2.20, 4331, 4339, 23, 38.8, , 1
Java, n-body, 8,  79.97, 34.23, 32.92, 0.00, 2.18, 4296, 4307, 22, 38.2, , 1
Java, n-body, 8,  80.43, 34.50, 33.20, 0.00, 2.20, 4332, 4346, 18, 38.8, , 1
Java, n-body, 8,  79.58, 34.27, 32.97, 0.00, 2.19, 4302, 4315, 19, 38.5, , 1
Java, n-body, 8,  81.55, 34.55, 33.23, 0.00, 2.22, 4378, 4339, 22, 37.5, , 1
Java, n-body, 8,  81.20, 34.70, 33.39, 0.00, 2.21, 4361, 4376, 17, 38.2, , 1
Java, regex-redux, 8,  137.64, 57.30, 55.04, 0.00, 4.67, 7256, 24200, 363, 38.2, , 1
Java, regex-redux, 8,  139.46, 58.36, 56.08, 0.00, 4.69, 7352, 24281, 388, 38.5, , 1
Java, regex-redux, 8,  138.43, 57.78, 55.51, 0.00, 4.67, 7287, 24091, 390, 38.5, , 1
Java, regex-redux, 8,  137.57, 57.48, 55.21, 0.00, 4.66, 7282, 24003, 394, 38.5, , 1
Java, regex-redux, 8,  135.91, 56.77, 54.53, 0.00, 4.62, 7168, 23436, 378, 39.0, , 1
Java, regex-redux, 8,  136.14, 57.00, 54.75, 0.00, 4.64, 7201, 23997, 375, 39.0, , 1
Java, regex-redux, 8,  136.22, 57.11, 54.87, 0.00, 4.62, 7189, 23907, 367, 39.0, , 1
Java, regex-redux, 8,  138.96, 58.48, 56.19, 0.00, 4.70, 7364, 24169, 372, 38.8, , 1
Java, regex-redux, 8,  136.15, 57.18, 54.93, 0.00, 4.64, 7209, 23763, 367, 38.5, , 1
Java, regex-redux, 8,  142.83, 59.85, 57.50, 0.00, 4.80, 7557, 25061, 363, 38.2, , 1
Java, regex-redux, 8,  136.40, 57.63, 55.37, 0.00, 4.66, 7259, 23675, 379, 38.8, , 1
Java, regex-redux, 8,  136.67, 57.63, 55.36, 0.00, 4.67, 7267, 23958, 383, 38.5, , 1
Java, regex-redux, 8,  137.61, 57.91, 55.62, 0.00, 4.70, 7324, 23933, 367, 38.5, , 1
Java, regex-redux, 8,  137.88, 57.44, 55.17, 0.00, 4.68, 7301, 24026, 366, 39.0, , 1
Java, regex-redux, 8,  138.30, 57.89, 55.62, 0.00, 4.69, 7308, 23907, 372, 39.2, , 1
Java, regex-redux, 8,  138.64, 57.97, 55.70, 0.00, 4.69, 7292, 23798, 399, 38.8, , 1
Java, regex-redux, 8,  136.71, 57.44, 55.17, 0.00, 4.65, 7248, 23769, 383, 39.2, , 1
Java, regex-redux, 8,  136.46, 57.32, 55.06, 0.00, 4.65, 7242, 23639, 410, 38.8, , 1
Java, regex-redux, 8,  136.47, 57.09, 54.82, 0.00, 4.63, 7200, 23545, 402, 38.5, , 1
Java, regex-redux, 8,  136.97, 57.72, 55.45, 0.00, 4.67, 7276, 24115, 391, 38.5, , 1
Java, reverse-complement, 8,  16.82, 6.88, 6.57, 0.00, 0.85, 865, 685, 365, 36.2, , 1
Java, reverse-complement, 8,  16.93, 6.85, 6.53, 0.00, 0.85, 868, 687, 367, 38.5, , 1
Java, reverse-complement, 8,  16.77, 6.85, 6.54, 0.00, 0.84, 860, 692, 354, 38.5, , 1
Java, reverse-complement, 8,  16.96, 6.80, 6.48, 0.00, 0.85, 877, 705, 356, 38.0, , 1
Java, reverse-complement, 8,  16.82, 6.88, 6.56, 0.00, 0.84, 865, 700, 351, 38.0, , 1
Java, reverse-complement, 8,  16.87, 6.86, 6.55, 0.00, 0.85, 883, 711, 350, 38.5, , 1
Java, reverse-complement, 8,  17.12, 7.02, 6.70, 0.00, 0.85, 894, 698, 382, 38.5, , 1
Java, reverse-complement, 8,  17.24, 6.99, 6.67, 0.00, 0.86, 901, 696, 390, 38.8, , 1
Java, reverse-complement, 8,  16.78, 6.84, 6.52, 0.00, 0.84, 865, 685, 366, 38.8, , 1
Java, reverse-complement, 8,  16.78, 6.83, 6.52, 0.00, 0.84, 862, 684, 360, 38.5, , 1
Java, reverse-complement, 8,  16.82, 6.88, 6.57, 0.00, 0.84, 865, 700, 351, 38.5, , 1
Java, reverse-complement, 8,  16.94, 6.86, 6.55, 0.00, 0.85, 876, 686, 369, 38.5, , 1
Java, reverse-complement, 8,  16.78, 6.80, 6.49, 0.00, 0.85, 871, 718, 334, 38.5, , 1
Java, reverse-complement, 8,  16.82, 6.85, 6.54, 0.00, 0.84, 863, 697, 349, 38.5, , 1
Java, reverse-complement, 8,  16.81, 6.85, 6.53, 0.00, 0.84, 865, 710, 338, 38.5, , 1
Java, reverse-complement, 8,  16.83, 6.82, 6.51, 0.00, 0.84, 868, 700, 353, 39.0, , 1
Java, reverse-complement, 8,  16.85, 6.86, 6.55, 0.00, 0.84, 866, 681, 361, 36.2, , 1
Java, reverse-complement, 8,  16.84, 6.88, 6.57, 0.00, 0.84, 864, 720, 329, 38.2, , 1
Java, reverse-complement, 8,  16.70, 6.84, 6.53, 0.00, 0.84, 866, 697, 354, 38.2, , 1
Java, reverse-complement, 8,  16.78, 6.91, 6.60, 0.00, 0.84, 867, 698, 353, 38.5, , 1
Java, spectral-norm, 8,  18.30, 7.55, 7.25, 0.00, 0.52, 990, 3527, 40, 38.0, , 1
Java, spectral-norm, 8,  17.89, 7.50, 7.21, 0.00, 0.51, 968, 3528, 46, 38.0, , 1
Java, spectral-norm, 8,  17.83, 7.51, 7.22, 0.00, 0.51, 968, 3557, 49, 38.5, , 1
Java, spectral-norm, 8,  17.95, 7.53, 7.24, 0.00, 0.51, 961, 3486, 45, 38.5, , 1
Java, spectral-norm, 8,  18.12, 7.55, 7.26, 0.00, 0.51, 970, 3529, 59, 38.0, , 1
Java, spectral-norm, 8,  18.16, 7.51, 7.22, 0.00, 0.52, 984, 3472, 43, 37.8, , 1
Java, spectral-norm, 8,  17.84, 7.43, 7.14, 0.00, 0.51, 966, 3508, 48, 38.2, , 1
Java, spectral-norm, 8,  17.69, 7.42, 7.13, 0.00, 0.50, 955, 3493, 46, 38.2, , 1
Java, spectral-norm, 8,  17.86, 7.46, 7.18, 0.00, 0.50, 952, 3486, 46, 38.5, , 1
Java, spectral-norm, 8,  16.92, 6.99, 6.72, 0.00, 0.49, 917, 3321, 50, 38.5, , 1
Java, spectral-norm, 8,  18.00, 7.36, 7.07, 0.00, 0.51, 973, 3456, 59, 38.2, , 1
Java, spectral-norm, 8,  17.81, 7.45, 7.17, 0.00, 0.50, 954, 3489, 50, 38.2, , 1
Java, spectral-norm, 8,  18.00, 7.51, 7.22, 0.00, 0.51, 956, 3467, 47, 38.2, , 1
Java, spectral-norm, 8,  17.91, 7.48, 7.20, 0.00, 0.51, 958, 3506, 51, 38.2, , 1
Java, spectral-norm, 8,  17.84, 7.42, 7.14, 0.00, 0.50, 946, 3444, 44, 38.0, , 1
Java, spectral-norm, 8,  18.07, 7.30, 7.01, 0.00, 0.52, 976, 3442, 57, 38.2, , 1
Java, spectral-norm, 8,  18.04, 7.37, 7.09, 0.00, 0.50, 944, 3458, 46, 38.2, , 1
Java, spectral-norm, 8,  17.88, 7.38, 7.09, 0.00, 0.51, 958, 3488, 42, 38.5, , 1
Java, spectral-norm, 8,  17.85, 7.47, 7.18, 0.00, 0.51, 957, 3498, 38, 38.5, , 1
Java, spectral-norm, 8,  17.95, 7.49, 7.20, 0.00, 0.51, 962, 3493, 53, 37.8, , 1
Python, binary-trees, 8,  1042.35, 426.61, 408.41, 0.00, 45.13, 53917, 193309, 4161, 39.5, , 1
Python, binary-trees, 8,  1041.37, 427.07, 408.86, 0.00, 45.33, 53895, 193569, 3944, 39.2, , 1
Python, binary-trees, 8,  1039.44, 425.74, 407.51, 0.00, 45.16, 53954, 193891, 4101, 39.2, , 1
Python, binary-trees, 8,  1039.22, 427.25, 409.02, 0.00, 45.23, 54009, 193675, 3995, 39.0, , 1
Python, binary-trees, 8,  1047.94, 428.32, 410.08, 0.00, 45.30, 54085, 193863, 4034, 38.5, , 1
Python, binary-trees, 8,  1038.92, 425.89, 407.68, 0.00, 45.17, 53864, 193238, 4041, 38.8, , 1
Python, binary-trees, 8,  1041.27, 426.92, 408.69, 0.00, 45.24, 53889, 193435, 4044, 38.8, , 1
Python, binary-trees, 8,  1040.92, 426.38, 408.20, 0.00, 45.24, 53822, 193113, 4008, 39.0, , 1
Python, binary-trees, 8,  1038.04, 424.99, 406.81, 0.00, 45.09, 53705, 192726, 4027, 39.2, , 1
Python, binary-trees, 8,  1044.92, 428.26, 409.94, 0.00, 45.32, 54188, 194230, 4043, 39.8, , 1
Python, binary-trees, 8,  1039.50, 423.92, 405.79, 0.00, 45.03, 53657, 192311, 3935, 39.2, , 1
Python, binary-trees, 8,  1048.35, 427.07, 408.79, 0.00, 45.26, 54063, 194365, 3925, 39.0, , 1
Python, binary-trees, 8,  1048.54, 425.51, 407.31, 0.00, 45.02, 53906, 193168, 4067, 39.2, , 1
Python, binary-trees, 8,  1046.87, 425.18, 406.97, 0.00, 45.06, 53809, 192535, 4045, 40.0, , 1
Python, binary-trees, 8,  1043.48, 424.58, 406.35, 0.00, 45.17, 53831, 193162, 4011, 39.2, , 1
Python, binary-trees, 8,  1035.81, 421.43, 403.36, 0.00, 44.82, 53320, 191300, 3892, 39.8, , 1
Python, binary-trees, 8,  1044.71, 425.34, 407.12, 0.00, 45.06, 53815, 193164, 3862, 39.5, , 1
Python, binary-trees, 8,  1041.78, 423.72, 405.61, 0.00, 45.12, 53660, 192426, 4046, 39.8, , 1
Python, binary-trees, 8,  1044.63, 425.46, 407.23, 0.00, 45.09, 53900, 193588, 3933, 40.0, , 1
Python, binary-trees, 8,  1031.70, 422.99, 404.85, 0.00, 45.09, 53502, 191916, 4064, 40.0, , 1
Python, fannkuch-redux, 8,  9135.08, 3902.79, 3755.08, 0.00, 246.60, 490032, 1939132, 40, 39.5, , 1
Python, fannkuch-redux, 8,  8935.43, 3829.48, 3684.50, 0.00, 241.90, 480841, 1903225, 35, 39.2, , 1
Python, fannkuch-redux, 8,  8999.16, 3856.73, 3710.87, 0.00, 243.64, 484288, 1917703, 38, 39.2, , 1
Python, fannkuch-redux, 8,  8929.35, 3843.20, 3697.53, 0.00, 242.80, 482548, 1909856, 25, 39.0, , 1
Python, fannkuch-redux, 8,  8948.94, 3860.88, 3714.65, 0.00, 243.89, 484779, 1920470, 25, 39.0, , 1
Python, fannkuch-redux, 8,  9040.11, 3899.78, 3752.41, 0.00, 246.41, 489688, 1938995, 39, 39.2, , 1
Python, fannkuch-redux, 8,  8947.49, 3856.65, 3710.47, 0.00, 243.65, 484226, 1914248, 30, 39.0, , 1
Python, fannkuch-redux, 8,  8898.46, 3845.99, 3700.22, 0.00, 243.00, 482893, 1912242, 25, 39.2, , 1
Python, fannkuch-redux, 8,  8942.88, 3867.66, 3721.12, 0.00, 244.35, 485639, 1922152, 37, 38.8, , 1
Python, fannkuch-redux, 8,  9011.33, 3900.15, 3752.62, 0.00, 246.47, 489809, 1934803, 34, 39.2, , 1
Python, fannkuch-redux, 8,  8982.93, 3893.66, 3746.38, 0.00, 246.27, 488904, 1933735, 26, 39.2, , 1
Python, fannkuch-redux, 8,  9022.85, 3906.18, 3758.34, 0.00, 246.83, 490490, 1942545, 31, 40.2, , 1
Python, fannkuch-redux, 8,  8902.06, 3867.81, 3721.32, 0.00, 244.39, 485622, 1923559, 37, 39.0, , 1
Python, fannkuch-redux, 8,  9094.20, 3897.90, 3750.58, 0.00, 246.43, 489443, 1937821, 38, 39.5, , 1
Python, fannkuch-redux, 8,  8987.68, 3860.06, 3713.85, 0.00, 243.91, 484665, 1917518, 30, 40.2, , 1
Python, fannkuch-redux, 8,  8975.91, 3855.74, 3709.35, 0.00, 243.60, 484099, 1916208, 41, 39.5, , 1
Python, fannkuch-redux, 8,  8906.51, 3838.72, 3693.14, 0.00, 242.53, 481993, 1907714, 37, 39.8, , 1
Python, fannkuch-redux, 8,  8976.43, 3865.07, 3718.62, 0.00, 244.20, 485300, 1916420, 36, 40.2, , 1
Python, fannkuch-redux, 8,  8893.55, 3839.76, 3694.09, 0.00, 242.58, 482080, 1910771, 35, 39.2, , 1
Python, fannkuch-redux, 8,  8955.98, 3847.26, 3701.61, 0.00, 243.09, 483087, 1912467, 31, 39.8, , 1
Python, fasta, 8,  876.59, 378.24, 364.00, 0.00, 23.89, 47487, 47448, 37, 40.2, , 1
Python, fasta, 8,  867.73, 374.16, 360.05, 0.00, 23.63, 46972, 46937, 33, 40.5, , 1
Python, fasta, 8,  870.55, 375.84, 361.68, 0.00, 23.74, 47184, 47150, 33, 41.0, , 1
Python, fasta, 8,  940.47, 404.25, 389.00, 0.00, 25.53, 50750, 50719, 30, 40.0, , 1
Python, fasta, 8,  896.83, 385.72, 371.17, 0.00, 24.36, 48426, 48400, 22, 40.2, , 1
Python, fasta, 8,  872.23, 374.99, 360.84, 0.00, 23.69, 47078, 47051, 22, 40.5, , 1
Python, fasta, 8,  871.48, 374.80, 360.67, 0.00, 23.68, 47055, 47030, 21, 39.5, , 1
Python, fasta, 8,  870.09, 375.15, 361.01, 0.00, 23.70, 47100, 47076, 21, 40.0, , 1
Python, fasta, 8,  866.76, 372.48, 358.47, 0.00, 23.53, 46767, 46741, 23, 39.8, , 1
Python, fasta, 8,  872.92, 378.49, 364.26, 0.00, 23.91, 47523, 47499, 21, 39.8, , 1
Python, fasta, 8,  873.95, 377.65, 363.44, 0.00, 23.86, 47418, 47394, 21, 39.8, , 1
Python, fasta, 8,  872.01, 376.36, 362.18, 0.00, 23.78, 47250, 47223, 25, 40.2, , 1
Python, fasta, 8,  873.92, 378.63, 364.42, 0.00, 23.92, 47545, 47516, 26, 39.2, , 1
Python, fasta, 8,  870.82, 376.84, 362.67, 0.00, 23.81, 47316, 47281, 33, 39.0, , 1
Python, fasta, 8,  871.60, 377.45, 363.28, 0.00, 23.85, 47394, 47369, 23, 39.5, , 1
Python, fasta, 8,  890.87, 385.44, 370.94, 0.00, 24.35, 48394, 48361, 30, 39.5, , 1
Python, fasta, 8,  864.14, 373.62, 359.56, 0.00, 23.61, 46908, 46875, 31, 39.8, , 1
Python, fasta, 8,  874.01, 375.48, 361.35, 0.00, 23.74, 47144, 47119, 23, 40.0, , 1
Python, fasta, 8,  867.71, 375.37, 361.25, 0.00, 23.71, 47127, 47093, 32, 39.8, , 1
Python, fasta, 8,  870.66, 377.09, 362.89, 0.00, 23.82, 47342, 47308, 32, 39.8, , 1
Python, k-nucleotide, 8,  1293.21, 528.64, 507.74, 0.00, 61.81, 66359, 261506, 797, 39.5, , 1
Python, k-nucleotide, 8,  1298.97, 531.84, 510.81, 0.00, 62.26, 66759, 262125, 767, 40.0, , 1
Python, k-nucleotide, 8,  1293.71, 528.25, 507.40, 0.00, 61.85, 66313, 261109, 788, 40.2, , 1
Python, k-nucleotide, 8,  1325.01, 542.41, 521.02, 0.00, 62.90, 68084, 266598, 801, 40.5, , 1
Python, k-nucleotide, 8,  1295.52, 526.68, 505.86, 0.00, 61.75, 66112, 260186, 764, 40.2, , 1
Python, k-nucleotide, 8,  1304.59, 529.83, 508.92, 0.00, 61.88, 66511, 261990, 820, 40.2, , 1
Python, k-nucleotide, 8,  1304.68, 529.69, 508.78, 0.00, 61.96, 66495, 261893, 772, 40.2, , 1
Python, k-nucleotide, 8,  1300.21, 527.51, 506.69, 0.00, 61.75, 66225, 261058, 788, 39.2, , 1
Python, k-nucleotide, 8,  1296.24, 529.41, 508.51, 0.00, 62.01, 66463, 262066, 790, 39.5, , 1
Python, k-nucleotide, 8,  1299.17, 529.12, 508.23, 0.00, 61.88, 66428, 261743, 809, 39.8, , 1
Python, k-nucleotide, 8,  1305.01, 530.80, 509.81, 0.00, 62.26, 66634, 262459, 763, 40.0, , 1
Python, k-nucleotide, 8,  1312.44, 534.50, 513.41, 0.00, 62.19, 67092, 264191, 800, 40.2, , 1
Python, k-nucleotide, 8,  1302.89, 531.48, 510.48, 0.00, 62.21, 66719, 262393, 773, 40.5, , 1
Python, k-nucleotide, 8,  1310.80, 534.36, 513.29, 0.00, 62.27, 67081, 264199, 778, 40.8, , 1
Python, k-nucleotide, 8,  1307.12, 533.46, 512.42, 0.00, 62.18, 66969, 263639, 876, 40.8, , 1
Python, k-nucleotide, 8,  1303.66, 532.95, 511.92, 0.00, 62.08, 66901, 263376, 774, 40.8, , 1
Python, k-nucleotide, 8,  1304.75, 532.40, 511.37, 0.00, 62.16, 66833, 263580, 807, 40.2, , 1
Python, k-nucleotide, 8,  1301.42, 529.06, 508.17, 0.00, 61.86, 66418, 261517, 754, 40.5, , 1
Python, k-nucleotide, 8,  1297.53, 526.96, 506.14, 0.00, 61.48, 66144, 260462, 774, 40.5, , 1
Python, k-nucleotide, 8,  1312.59, 534.44, 513.29, 0.00, 62.63, 67090, 264421, 821, 40.2, , 1
Python, mandelbrot, 8,  4706.97, 2009.05, 1933.08, 0.00, 127.00, 252210, 1005627, 1955, 39.8, , 1
Python, mandelbrot, 8,  4755.71, 2035.76, 1958.76, 0.00, 128.67, 255556, 1019058, 1963, 39.2, , 1
Python, mandelbrot, 8,  4749.43, 2034.73, 1957.68, 0.00, 128.60, 255414, 1018446, 1905, 39.2, , 1
Python, mandelbrot, 8,  4727.27, 2018.11, 1941.62, 0.00, 127.55, 253333, 1010277, 1853, 39.5, , 1
Python, mandelbrot, 8,  4726.82, 2019.09, 1942.80, 0.00, 127.62, 253475, 1010707, 1935, 39.0, , 1
Python, mandelbrot, 8,  4725.81, 2018.10, 1941.74, 0.00, 127.57, 253337, 1010348, 1891, 39.8, , 1
Python, mandelbrot, 8,  4855.13, 2072.64, 1994.28, 0.00, 131.02, 260184, 1037696, 1899, 39.8, , 1
Python, mandelbrot, 8,  4731.26, 2025.31, 1948.63, 0.00, 128.01, 254231, 1013816, 1923, 39.5, , 1
Python, mandelbrot, 8,  4735.27, 2023.79, 1947.14, 0.00, 127.93, 254033, 1012987, 1940, 39.5, , 1
Python, mandelbrot, 8,  4716.75, 2018.79, 1942.40, 0.00, 127.60, 253414, 1010438, 1955, 39.2, , 1
Python, mandelbrot, 8,  4712.85, 2016.60, 1940.29, 0.00, 127.46, 253144, 1009565, 1890, 39.8, , 1
Python, mandelbrot, 8,  4704.75, 2018.38, 1942.00, 0.00, 127.58, 253363, 1010208, 1946, 39.8, , 1
Python, mandelbrot, 8,  4695.23, 2003.18, 1927.46, 0.00, 126.62, 251466, 1002594, 2043, 39.8, , 1
Python, mandelbrot, 8,  4700.73, 2007.97, 1932.06, 0.00, 126.92, 252065, 1005066, 1959, 39.8, , 1
Python, mandelbrot, 8,  4751.26, 2026.17, 1949.52, 0.00, 128.07, 254361, 1014106, 2017, 40.0, , 1
Python, mandelbrot, 8,  4698.40, 2002.68, 1927.00, 0.00, 126.59, 251425, 1002439, 2001, 40.2, , 1
Python, mandelbrot, 8,  4712.50, 2005.04, 1929.25, 0.00, 126.75, 251716, 1003545, 1932, 39.8, , 1
Python, mandelbrot, 8,  4716.53, 2006.83, 1930.99, 0.00, 126.87, 251947, 1004582, 1957, 40.2, , 1
Python, mandelbrot, 8,  4708.40, 2006.08, 1930.23, 0.00, 126.81, 251835, 1004141, 1907, 40.0, , 1
Python, mandelbrot, 8,  4718.64, 2011.08, 1934.99, 0.00, 127.12, 252460, 1006759, 1950, 40.8, , 1
Python, n-body, 8,  5092.41, 2181.67, 2099.22, 0.00, 137.80, 273936, 273926, 2, 42.2, , 1
Python, n-body, 8,  5139.55, 2193.70, 2110.62, 0.00, 138.51, 275429, 275416, 5, 42.0, , 1
Python, n-body, 8,  5214.21, 2236.85, 2152.01, 0.00, 141.19, 280835, 280829, 1, 41.8, , 1
Python, n-body, 8,  5070.83, 2157.51, 2075.63, 0.00, 136.16, 270880, 270869, 3, 42.8, , 1
Python, n-body, 8,  5062.94, 2159.45, 2077.37, 0.00, 136.25, 271090, 271079, 3, 42.8, , 1
Python, n-body, 8,  5085.32, 2172.78, 2090.69, 0.00, 137.10, 272815, 272809, 1, 42.2, , 1
Python, n-body, 8,  5625.44, 2402.78, 2311.93, 0.00, 151.63, 301703, 301696, 2, 42.8, , 1
Python, n-body, 8,  5052.89, 2154.39, 2073.02, 0.00, 135.94, 270502, 270497, 1, 42.8, , 1
Python, n-body, 8,  5075.07, 2175.42, 2093.25, 0.00, 137.28, 273128, 273142, 3, 43.5, , 1
Python, n-body, 8,  5137.84, 2197.74, 2114.76, 0.00, 138.68, 275962, 275967, 4, 44.0, , 1
Python, n-body, 8,  5244.62, 2251.23, 2166.03, 0.00, 142.05, 282663, 282665, 3, 43.8, , 1
Python, n-body, 8,  5142.08, 2203.54, 2120.21, 0.00, 139.04, 276671, 276668, 5, 43.0, , 1
Python, n-body, 8,  5063.80, 2171.01, 2088.52, 0.00, 136.96, 272547, 272544, 1, 43.8, , 1
Python, n-body, 8,  5059.01, 2168.79, 2086.33, 0.00, 136.83, 272259, 272252, 4, 44.0, , 1
Python, n-body, 8,  5125.72, 2195.12, 2111.57, 0.00, 138.48, 275558, 275549, 4, 43.8, , 1
Python, n-body, 8,  5111.79, 2186.23, 2103.57, 0.00, 137.95, 274491, 274488, 1, 43.2, , 1
Python, n-body, 8,  5098.99, 2180.34, 2097.84, 0.00, 137.58, 273753, 273747, 4, 43.5, , 1
Python, n-body, 8,  5106.56, 2182.76, 2100.20, 0.00, 137.73, 274069, 274066, 1, 43.8, , 1
Python, n-body, 8,  5106.32, 2189.08, 2106.38, 0.00, 138.14, 274864, 274862, 2, 43.2, , 1
Python, n-body, 8,  5281.08, 2254.61, 2169.44, 0.00, 142.28, 283111, 283107, 2, 44.5, , 1
Python, regex-redux, 8,  184.21, 78.38, 75.36, 0.00, 5.78, 9844, 20971, 534, 41.8, , 1
Python, regex-redux, 8,  184.36, 78.12, 75.11, 0.00, 5.76, 9809, 20936, 468, 41.8, , 1
Python, regex-redux, 8,  184.76, 78.32, 75.30, 0.00, 5.78, 9833, 20937, 533, 42.2, , 1
Python, regex-redux, 8,  184.52, 78.29, 75.27, 0.00, 5.77, 9830, 20961, 522, 41.8, , 1
Python, regex-redux, 8,  183.48, 78.28, 75.27, 0.00, 5.77, 9829, 20904, 529, 42.5, , 1
Python, regex-redux, 8,  184.01, 78.62, 75.58, 0.00, 5.78, 9870, 21016, 544, 41.5, , 1
Python, regex-redux, 8,  184.56, 78.69, 75.66, 0.00, 5.79, 9882, 21003, 533, 42.0, , 1
Python, regex-redux, 8,  185.15, 78.69, 75.66, 0.00, 5.80, 9880, 21052, 509, 41.8, , 1
Python, regex-redux, 8,  184.55, 78.20, 75.19, 0.00, 5.78, 9818, 20866, 498, 42.0, , 1
Python, regex-redux, 8,  184.07, 78.47, 75.45, 0.00, 5.80, 9853, 20943, 519, 42.0, , 1
Python, regex-redux, 8,  184.72, 78.31, 75.29, 0.00, 5.78, 9832, 20953, 494, 42.5, , 1
Python, regex-redux, 8,  184.45, 78.60, 75.57, 0.00, 5.80, 9868, 20917, 566, 41.8, , 1
Python, regex-redux, 8,  183.69, 78.70, 75.67, 0.00, 5.80, 9880, 21005, 547, 41.8, , 1
Python, regex-redux, 8,  184.01, 78.47, 75.44, 0.00, 5.79, 9852, 20965, 545, 41.5, , 1
Python, regex-redux, 8,  184.50, 78.76, 75.73, 0.00, 5.81, 9889, 21019, 538, 42.2, , 1
Python, regex-redux, 8,  184.53, 78.33, 75.31, 0.00, 5.78, 9833, 20929, 526, 42.0, , 1
Python, regex-redux, 8,  184.00, 78.47, 75.45, 0.00, 5.80, 9852, 20941, 519, 41.5, , 1
Python, regex-redux, 8,  184.07, 78.65, 75.61, 0.00, 5.80, 9878, 20961, 507, 41.2, , 1
Python, regex-redux, 8,  183.99, 78.67, 75.63, 0.00, 5.80, 9876, 20961, 556, 41.5, , 1
Python, regex-redux, 8,  183.83, 78.43, 75.41, 0.00, 5.79, 9848, 20884, 555, 41.8, , 1
Python, reverse-complement, 8,  34.12, 14.30, 13.73, 0.00, 1.32, 1795, 2417, 635, 41.0, , 1
Python, reverse-complement, 8,  34.21, 14.28, 13.71, 0.00, 1.32, 1793, 2434, 618, 41.8, , 1
Python, reverse-complement, 8,  34.42, 14.29, 13.72, 0.00, 1.32, 1793, 2399, 646, 42.0, , 1
Python, reverse-complement, 8,  34.02, 14.26, 13.70, 0.00, 1.32, 1791, 2437, 606, 41.5, , 1
Python, reverse-complement, 8,  34.39, 14.41, 13.84, 0.00, 1.32, 1811, 2473, 610, 41.8, , 1
Python, reverse-complement, 8,  34.02, 14.26, 13.69, 0.00, 1.31, 1789, 2433, 610, 41.5, , 1
Python, reverse-complement, 8,  34.03, 14.34, 13.77, 0.00, 1.32, 1800, 2452, 612, 41.8, , 1
Python, reverse-complement, 8,  33.97, 14.31, 13.73, 0.00, 1.32, 1795, 2431, 618, 41.2, , 1
Python, reverse-complement, 8,  34.27, 14.32, 13.74, 0.00, 1.32, 1796, 2411, 637, 41.2, , 1
Python, reverse-complement, 8,  34.29, 14.28, 13.71, 0.00, 1.32, 1792, 2394, 651, 41.5, , 1
Python, reverse-complement, 8,  33.96, 14.29, 13.72, 0.00, 1.32, 1794, 2430, 619, 41.0, , 1
Python, reverse-complement, 8,  34.26, 14.32, 13.74, 0.00, 1.32, 1796, 2452, 602, 41.5, , 1
Python, reverse-complement, 8,  34.53, 14.39, 13.82, 0.00, 1.32, 1806, 2427, 639, 41.2, , 1
Python, reverse-complement, 8,  34.00, 14.27, 13.70, 0.00, 1.31, 1791, 2412, 631, 41.8, , 1
Python, reverse-complement, 8,  34.16, 14.34, 13.76, 0.00, 1.32, 1799, 2483, 578, 41.2, , 1
Python, reverse-complement, 8,  34.00, 14.24, 13.67, 0.00, 1.31, 1787, 2416, 621, 41.2, , 1
Python, reverse-complement, 8,  34.21, 14.36, 13.79, 0.00, 1.32, 1803, 2422, 643, 41.0, , 1
Python, reverse-complement, 8,  34.59, 14.33, 13.76, 0.00, 1.32, 1805, 2409, 658, 41.0, , 1
Python, reverse-complement, 8,  34.31, 14.33, 13.75, 0.00, 1.32, 1798, 2399, 657, 41.5, , 1
Python, reverse-complement, 8,  33.78, 14.25, 13.68, 0.00, 1.32, 1789, 2418, 622, 41.0, , 1
Python, spectral-norm, 8,  3207.27, 1356.29, 1305.01, 0.00, 85.79, 170282, 679349, 146, 42.8, , 1
Python, spectral-norm, 8,  3197.05, 1351.54, 1300.44, 0.00, 85.48, 169681, 676947, 169, 43.2, , 1
Python, spectral-norm, 8,  3236.24, 1366.28, 1314.62, 0.00, 86.48, 171565, 683567, 146, 43.2, , 1
Python, spectral-norm, 8,  3204.72, 1350.58, 1299.55, 0.00, 85.43, 169569, 676481, 164, 43.0, , 1
Python, spectral-norm, 8,  3246.91, 1369.27, 1317.52, 0.00, 86.61, 171923, 685584, 128, 43.8, , 1
Python, spectral-norm, 8,  3214.64, 1353.88, 1302.72, 0.00, 85.64, 169974, 678115, 149, 43.2, , 1
Python, spectral-norm, 8,  3186.53, 1336.50, 1286.02, 0.00, 84.54, 167788, 669454, 138, 43.2, , 1
Python, spectral-norm, 8,  3201.32, 1345.73, 1294.87, 0.00, 85.12, 168951, 673885, 141, 43.2, , 1
Python, spectral-norm, 8,  3217.50, 1355.24, 1304.01, 0.00, 85.73, 170163, 678592, 137, 42.8, , 1
Python, spectral-norm, 8,  3260.16, 1375.69, 1323.67, 0.00, 87.03, 172715, 688571, 159, 43.0, , 1
Python, spectral-norm, 8,  3226.61, 1364.59, 1313.02, 0.00, 86.31, 171327, 683446, 137, 43.5, , 1
Python, spectral-norm, 8,  3202.13, 1348.16, 1297.20, 0.00, 85.27, 169261, 675193, 137, 43.2, , 1
Python, spectral-norm, 8,  3430.13, 1450.45, 1395.69, 0.00, 91.72, 182113, 716511, 137, 43.5, , 1
Python, spectral-norm, 8,  3272.90, 1382.45, 1330.19, 0.00, 87.45, 173578, 686755, 154, 44.0, , 1
Python, spectral-norm, 8,  3213.03, 1355.37, 1304.12, 0.00, 85.73, 170170, 678541, 138, 43.8, , 1
Python, spectral-norm, 8,  3213.79, 1355.36, 1304.11, 0.00, 85.73, 170165, 678919, 122, 43.2, , 1
Python, spectral-norm, 8,  3221.60, 1358.82, 1307.45, 0.00, 85.98, 170595, 680306, 145, 43.2, , 1
Python, spectral-norm, 8,  3209.89, 1353.73, 1302.56, 0.00, 85.62, 169968, 677767, 153, 43.5, , 1
Python, spectral-norm, 8,  3299.58, 1398.86, 1345.99, 0.00, 88.48, 175629, 695091, 169, 43.8, , 1
Python, spectral-norm, 8,  3211.12, 1354.39, 1303.18, 0.00, 85.68, 170066, 678169, 155, 43.0, , 1
C, binary-trees, 10,  32.30, 14.94, 14.42, 0.00, 1.42, 1500, 4570, 240, 42.2, , 1
C, binary-trees, 10,  32.39, 14.84, 14.32, 0.00, 1.42, 1492, 4559, 223, 42.2, , 1
C, binary-trees, 10,  32.20, 14.93, 14.41, 0.00, 1.41, 1502, 4580, 231, 42.0, , 1
C, binary-trees, 10,  32.34, 14.85, 14.32, 0.00, 1.42, 1499, 4554, 244, 42.2, , 1
C, binary-trees, 10,  32.40, 14.87, 14.36, 0.00, 1.41, 1508, 4585, 246, 43.0, , 1
C, binary-trees, 10,  35.07, 16.28, 15.72, 0.00, 1.47, 1636, 4685, 245, 42.5, , 1
C, binary-trees, 10,  33.04, 15.23, 14.70, 0.00, 1.43, 1533, 4630, 225, 41.8, , 1
C, binary-trees, 10,  32.44, 15.00, 14.48, 0.00, 1.41, 1508, 4596, 225, 42.2, , 1
C, binary-trees, 10,  32.11, 14.93, 14.41, 0.00, 1.40, 1500, 4588, 235, 42.5, , 1
C, binary-trees, 10,  32.36, 14.88, 14.36, 0.00, 1.40, 1496, 4580, 228, 42.5, , 1
C, binary-trees, 10,  32.62, 14.91, 14.39, 0.00, 1.41, 1501, 4592, 217, 42.2, , 1
C, binary-trees, 10,  32.37, 14.83, 14.32, 0.00, 1.40, 1492, 4549, 227, 42.8, , 1
C, binary-trees, 10,  32.36, 14.85, 14.33, 0.00, 1.41, 1504, 4584, 227, 41.5, , 1
C, binary-trees, 10,  32.28, 14.87, 14.35, 0.00, 1.40, 1497, 4561, 238, 41.8, , 1
C, binary-trees, 10,  32.07, 14.81, 14.29, 0.00, 1.40, 1490, 4544, 234, 42.5, , 1
C, binary-trees, 10,  32.39, 14.76, 14.24, 0.00, 1.41, 1486, 4536, 236, 41.5, , 1
C, binary-trees, 10,  32.29, 14.80, 14.28, 0.00, 1.40, 1488, 4530, 239, 42.8, , 1
C, binary-trees, 10,  32.23, 14.83, 14.32, 0.00, 1.40, 1494, 4550, 225, 42.2, , 1
C, binary-trees, 10,  32.32, 14.81, 14.30, 0.00, 1.40, 1491, 4544, 230, 42.5, , 1
C, binary-trees, 10,  32.16, 14.81, 14.30, 0.00, 1.40, 1491, 4558, 229, 42.2, , 1
C, fannkuch-redux, 10,  64.63, 31.13, 30.19, 0.00, 1.57, 3125, 12419, 2, 42.5, , 1
C, fannkuch-redux, 10,  64.40, 31.15, 30.20, 0.00, 1.57, 3125, 12425, 1, 42.0, , 1
C, fannkuch-redux, 10,  64.52, 31.10, 30.15, 0.00, 1.57, 3120, 12407, 0, 42.5, , 1
C, fannkuch-redux, 10,  64.29, 30.93, 29.99, 0.00, 1.57, 3104, 12342, 1, 42.8, , 1
C, fannkuch-redux, 10,  64.50, 30.99, 30.05, 0.00, 1.57, 3109, 12364, 1, 42.0, , 1
C, fannkuch-redux, 10,  64.30, 30.88, 29.94, 0.00, 1.56, 3098, 12322, 1, 42.2, , 1
C, fannkuch-redux, 10,  64.61, 30.98, 30.04, 0.00, 1.57, 3113, 12372, 2, 42.2, , 1
C, fannkuch-redux, 10,  64.47, 31.11, 30.17, 0.00, 1.57, 3123, 12419, 0, 42.2, , 1
C, fannkuch-redux, 10,  64.24, 31.04, 30.10, 0.00, 1.57, 3114, 12383, 2, 42.5, , 1
C, fannkuch-redux, 10,  64.41, 30.94, 30.00, 0.00, 1.56, 3104, 12342, 1, 42.5, , 1
C, fannkuch-redux, 10,  64.51, 30.98, 30.04, 0.00, 1.57, 3108, 12357, 12357, 42.2, , 1
C, fannkuch-redux, 10,  64.46, 30.99, 30.05, 0.00, 1.56, 3110, 12362, 2, 42.5, , 1
C, fannkuch-redux, 10,  64.61, 30.98, 30.04, 0.00, 1.57, 3109, 12366, 12366, 42.0, , 1
C, fannkuch-redux, 10,  64.81, 31.08, 30.13, 0.00, 1.57, 3118, 12388, 1, 42.0, , 1
C, fannkuch-redux, 10,  64.13, 31.08, 30.13, 0.00, 1.57, 3118, 12398, 0, 42.2, , 1
C, fannkuch-redux, 10,  64.31, 31.05, 30.11, 0.00, 1.57, 3115, 12388, 0, 42.0, , 1
C, fannkuch-redux, 10,  64.82, 31.06, 30.11, 0.00, 1.57, 3116, 12390, 4, 42.8, , 1
C, fannkuch-redux, 10,  64.36, 31.09, 30.15, 0.00, 1.57, 3121, 12411, 1, 42.5, , 1
C, fannkuch-redux, 10,  64.11, 31.01, 30.07, 0.00, 1.57, 3113, 12376, 1, 42.8, , 1
C, fannkuch-redux, 10,  64.15, 31.07, 30.13, 0.00, 1.57, 3119, 12399, 1, 42.8, , 1
C, fasta, 10,  12.31, 5.37, 5.17, 0.00, 0.34, 664, 652, 12, 38.8, , 1
C, fasta, 10,  12.33, 5.48, 5.28, 0.00, 0.33, 663, 651, 12, 41.8, , 1
C, fasta, 10,  12.20, 5.41, 5.21, 0.00, 0.34, 663, 652, 11, 38.8, , 1
C, fasta, 10,  12.25, 5.39, 5.19, 0.00, 0.34, 663, 654, 9, 41.2, , 1
C, fasta, 10,  12.30, 5.42, 5.22, 0.00, 0.34, 663, 643, 19, 38.8, , 1
C, fasta, 10,  12.43, 5.50, 5.30, 0.00, 0.34, 663, 650, 13, 41.5, , 1
C, fasta, 10,  12.28, 5.41, 5.21, 0.00, 0.34, 665, 653, 12, 38.8, , 1
C, fasta, 10,  12.31, 5.38, 5.18, 0.00, 0.34, 663, 650, 13, 40.8, , 1
C, fasta, 10,  12.51, 5.52, 5.32, 0.00, 0.34, 665, 650, 14, 38.8, , 1
C, fasta, 10,  12.57, 5.55, 5.35, 0.00, 0.34, 664, 652, 12, 41.5, , 1
C, fasta, 10,  12.46, 5.55, 5.35, 0.00, 0.34, 664, 655, 9, 38.8, , 1
C, fasta, 10,  12.42, 5.44, 5.24, 0.00, 0.34, 663, 649, 13, 41.0, , 1
C, fasta, 10,  12.35, 5.55, 5.35, 0.00, 0.34, 665, 647, 18, 38.5, , 1
C, fasta, 10,  12.34, 5.48, 5.27, 0.00, 0.34, 664, 645, 18, 41.2, , 1
C, fasta, 10,  12.27, 5.37, 5.17, 0.00, 0.33, 663, 649, 12, 38.8, , 1
C, fasta, 10,  12.41, 5.49, 5.29, 0.00, 0.34, 664, 652, 12, 41.2, , 1
C, fasta, 10,  12.33, 5.35, 5.15, 0.00, 0.34, 665, 650, 15, 38.8, , 1
C, fasta, 10,  12.36, 5.37, 5.17, 0.00, 0.34, 664, 654, 10, 41.2, , 1
C, fasta, 10,  12.30, 5.33, 5.13, 0.00, 0.34, 663, 648, 14, 38.8, , 1
C, fasta, 10,  12.53, 5.33, 5.13, 0.00, 0.34, 663, 648, 14, 41.2, , 1
C, k-nucleotide, 10,  93.17, 42.43, 41.08, 0.00, 4.36, 4257, 14805, 90, 42.2, , 1
C, k-nucleotide, 10,  92.34, 42.35, 41.03, 0.00, 4.11, 4249, 14817, 97, 42.5, , 1
C, k-nucleotide, 10,  95.25, 43.23, 41.82, 0.00, 4.65, 4339, 14966, 104, 42.5, , 1
C, k-nucleotide, 10,  97.03, 43.86, 42.38, 0.00, 5.03, 4400, 15103, 105, 42.2, , 1
C, k-nucleotide, 10,  97.38, 43.91, 42.41, 0.00, 5.13, 4405, 15103, 98, 42.2, , 1
C, k-nucleotide, 10,  97.01, 44.00, 42.51, 0.00, 5.04, 4414, 15089, 108, 42.8, , 1
C, k-nucleotide, 10,  94.46, 43.13, 41.71, 0.00, 4.70, 4327, 14938, 106, 42.2, , 1
C, k-nucleotide, 10,  93.98, 42.75, 41.36, 0.00, 4.47, 4288, 14788, 123, 41.8, , 1
C, k-nucleotide, 10,  97.45, 44.15, 42.67, 0.00, 4.96, 4430, 15081, 104, 42.5, , 1
C, k-nucleotide, 10,  95.26, 43.32, 41.90, 0.00, 4.68, 4346, 14941, 111, 42.0, , 1
C, k-nucleotide, 10,  95.66, 43.28, 41.86, 0.00, 4.59, 4341, 14869, 101, 42.5, , 1
C, k-nucleotide, 10,  94.74, 43.15, 41.73, 0.00, 4.60, 4328, 14851, 114, 42.0, , 1
C, k-nucleotide, 10,  93.63, 42.85, 41.48, 0.00, 4.43, 4299, 14891, 98, 42.5, , 1
C, k-nucleotide, 10,  92.70, 42.24, 40.92, 0.00, 4.20, 4239, 14709, 103, 42.5, , 1
C, k-nucleotide, 10,  96.64, 43.72, 42.26, 0.00, 4.92, 4386, 15036, 104, 42.5, , 1
C, k-nucleotide, 10,  94.32, 42.85, 41.45, 0.00, 4.56, 4298, 14855, 113, 42.8, , 1
C, k-nucleotide, 10,  95.39, 43.28, 41.85, 0.00, 4.74, 4342, 14892, 86, 42.2, , 1
C, k-nucleotide, 10,  93.51, 42.65, 41.31, 0.00, 4.23, 4279, 14780, 105, 42.0, , 1
C, k-nucleotide, 10,  96.04, 43.39, 41.95, 0.00, 4.79, 4353, 14921, 89, 42.8, , 1
C, k-nucleotide, 10,  95.38, 43.20, 41.78, 0.00, 4.69, 4336, 14970, 94, 42.2, , 1
C, mandelbrot, 10,  32.21, 14.24, 13.81, 0.00, 0.73, 1428, 5689, 17, 42.0, , 1
C, mandelbrot, 10,  32.35, 14.27, 13.84, 0.00, 0.73, 1431, 5690, 27, 42.0, , 1
C, mandelbrot, 10,  32.26, 14.30, 13.87, 0.00, 0.73, 1434, 5716, 14, 42.0, , 1
C, mandelbrot, 10,  32.34, 14.25, 13.82, 0.00, 0.73, 1428, 5685, 23, 41.8, , 1
C, mandelbrot, 10,  32.41, 14.26, 13.83, 0.00, 0.73, 1430, 5692, 21, 41.5, , 1
C, mandelbrot, 10,  32.33, 14.23, 13.79, 0.00, 0.73, 1426, 5670, 28, 42.0, , 1
C, mandelbrot, 10,  32.21, 14.20, 13.78, 0.00, 0.73, 1424, 5665, 25, 42.0, , 1
C, mandelbrot, 10,  32.21, 14.20, 13.77, 0.00, 0.72, 1423, 5664, 23, 42.0, , 1
C, mandelbrot, 10,  32.35, 14.32, 13.88, 0.00, 0.73, 1435, 5694, 24, 42.0, , 1
C, mandelbrot, 10,  32.29, 14.33, 13.90, 0.00, 0.73, 1436, 5710, 20, 41.8, , 1
C, mandelbrot, 10,  32.26, 14.27, 13.84, 0.00, 0.73, 1430, 5698, 19, 42.2, , 1
C, mandelbrot, 10,  32.37, 14.24, 13.81, 0.00, 0.73, 1428, 5684, 20, 41.8, , 1
C, mandelbrot, 10,  32.34, 14.22, 13.79, 0.00, 0.73, 1426, 5677, 22, 42.2, , 1
C, mandelbrot, 10,  32.42, 14.24, 13.81, 0.00, 0.73, 1428, 5682, 17, 41.8, , 1
C, mandelbrot, 10,  32.34, 14.20, 13.77, 0.00, 0.72, 1423, 5672, 16, 42.0, , 1
C, mandelbrot, 10,  32.26, 14.18, 13.75, 0.00, 0.72, 1422, 5653, 28, 42.2, , 1
C, mandelbrot, 10,  32.29, 14.18, 13.76, 0.00, 0.72, 1422, 5657, 28, 41.8, , 1
C, mandelbrot, 10,  32.28, 14.21, 13.78, 0.00, 0.72, 1425, 5676, 17, 41.8, , 1
C, mandelbrot, 10,  32.29, 14.16, 13.74, 0.00, 0.72, 1420, 5658, 15, 41.8, , 1
C, mandelbrot, 10,  32.79, 14.13, 13.70, 0.00, 0.72, 1417, 5646, 14, 42.0, , 1
C, n-body, 10,  34.51, 16.20, 15.69, 0.00, 0.87, 1723, 1722, 0, 42.5, , 1
C, n-body, 10,  35.27, 16.66, 16.14, 0.00, 0.87, 1724, 1723, 0, 41.5, , 1
C, n-body, 10,  34.76, 16.61, 16.10, 0.00, 0.87, 1723, 1723, 1723, 41.5, , 1
C, n-body, 10,  34.84, 16.60, 16.09, 0.00, 0.87, 1723, 1722, 1, 41.5, , 1
C, n-body, 10,  34.68, 16.65, 16.13, 0.00, 0.87, 1724, 1723, 0, 42.8, , 1
C, n-body, 10,  34.65, 16.61, 16.10, 0.00, 0.87, 1723, 1723, 1723, 41.8, , 1
C, n-body, 10,  34.71, 16.59, 16.07, 0.00, 0.87, 1724, 1724, 1724, 42.8, , 1
C, n-body, 10,  35.23, 16.67, 16.15, 0.00, 0.87, 1727, 1727, 1727, 41.2, , 1
C, n-body, 10,  34.59, 16.57, 16.05, 0.00, 0.87, 1723, 1722, 1, 42.0, , 1
C, n-body, 10,  34.71, 16.45, 15.94, 0.00, 0.87, 1722, 1721, 0, 42.5, , 1
C, n-body, 10,  34.49, 16.54, 16.02, 0.00, 0.87, 1722, 1721, 0, 42.2, , 1
C, n-body, 10,  34.69, 16.58, 16.06, 0.00, 0.87, 1722, 1721, 0, 42.2, , 1
C, n-body, 10,  34.69, 16.47, 15.95, 0.00, 0.87, 1723, 1722, 0, 42.2, , 1
C, n-body, 10,  34.48, 16.50, 15.98, 0.00, 0.87, 1722, 1721, 0, 42.2, , 1
C, n-body, 10,  34.34, 16.59, 16.07, 0.00, 0.87, 1722, 1721, 0, 41.8, , 1
C, n-body, 10,  34.67, 16.66, 16.15, 0.00, 0.87, 1723, 1722, 0, 42.8, , 1
C, n-body, 10,  34.89, 16.61, 16.10, 0.00, 0.87, 1723, 1723, 1723, 42.2, , 1
C, n-body, 10,  34.60, 16.52, 16.01, 0.00, 0.87, 1723, 1722, 0, 42.8, , 1
C, n-body, 10,  34.35, 16.63, 16.11, 0.00, 0.87, 1722, 1721, 0, 42.5, , 1
C, n-body, 10,  34.49, 16.64, 16.13, 0.00, 0.87, 1722, 1721, 0, 43.0, , 1
C, regex-redux, 10,  20.82, 9.56, 9.27, 0.00, 0.72, 960, 2754, 102, 38.8, , 1
C, regex-redux, 10,  20.67, 9.56, 9.25, 0.00, 0.72, 959, 2743, 110, 42.2, , 1
C, regex-redux, 10,  20.80, 9.55, 9.26, 0.00, 0.72, 960, 2738, 115, 38.8, , 1
C, regex-redux, 10,  20.90, 9.61, 9.31, 0.00, 0.73, 964, 2751, 119, 42.0, , 1
C, regex-redux, 10,  20.74, 9.62, 9.32, 0.00, 0.73, 965, 2764, 106, 38.8, , 1
C, regex-redux, 10,  21.09, 9.63, 9.32, 0.00, 0.73, 967, 2775, 98, 38.5, , 1
C, regex-redux, 10,  20.80, 9.61, 9.31, 0.00, 0.73, 965, 2763, 109, 38.5, , 1
C, regex-redux, 10,  20.82, 9.61, 9.32, 0.00, 0.73, 966, 2763, 111, 42.0, , 1
C, regex-redux, 10,  20.99, 9.66, 9.36, 0.00, 0.73, 968, 2767, 114, 40.8, , 1
C, regex-redux, 10,  20.82, 9.60, 9.30, 0.00, 0.73, 963, 2759, 107, 41.8, , 1
C, regex-redux, 10,  20.73, 9.59, 9.30, 0.00, 0.73, 963, 2758, 108, 38.8, , 1
C, regex-redux, 10,  20.92, 9.59, 9.29, 0.00, 0.73, 962, 2752, 108, 41.8, , 1
C, regex-redux, 10,  20.69, 9.59, 9.29, 0.00, 0.73, 962, 2751, 109, 38.8, , 1
C, regex-redux, 10,  20.94, 9.63, 9.33, 0.00, 0.73, 967, 2763, 107, 42.5, , 1
C, regex-redux, 10,  20.77, 9.64, 9.34, 0.00, 0.73, 967, 2766, 100, 38.8, , 1
C, regex-redux, 10,  20.60, 9.61, 9.31, 0.00, 0.73, 964, 2777, 101, 38.8, , 1
C, regex-redux, 10,  20.75, 9.56, 9.26, 0.00, 0.73, 961, 2753, 108, 42.8, , 1
C, regex-redux, 10,  20.78, 9.55, 9.24, 0.00, 0.72, 958, 2746, 107, 38.8, , 1
C, regex-redux, 10,  21.08, 9.77, 9.47, 0.00, 0.74, 986, 2787, 108, 42.0, , 1
C, regex-redux, 10,  20.83, 9.57, 9.27, 0.00, 0.72, 961, 2756, 106, 42.2, , 1
C, reverse-complement, 10,  2.48, 1.07, 1.02, 0.00, 0.16, 109, 72, 88, 38.8, , 1
C, reverse-complement, 10,  2.43, 0.97, 0.92, 0.00, 0.16, 114, 73, 93, 38.8, , 1
C, reverse-complement, 10,  2.48, 0.96, 0.91, 0.00, 0.16, 118, 76, 94, 38.8, , 1
C, reverse-complement, 10,  2.46, 0.96, 0.91, 0.00, 0.16, 114, 68, 98, 38.8, , 1
C, reverse-complement, 10,  2.45, 0.94, 0.90, 0.00, 0.16, 116, 70, 98, 38.8, , 1
C, reverse-complement, 10,  2.52, 1.02, 0.96, 0.00, 0.16, 114, 72, 94, 38.8, , 1
C, reverse-complement, 10,  2.48, 0.97, 0.92, 0.00, 0.17, 117, 73, 96, 41.2, , 1
C, reverse-complement, 10,  2.52, 1.07, 1.03, 0.00, 0.16, 109, 72, 90, 38.8, , 1
C, reverse-complement, 10,  2.43, 0.94, 0.89, 0.00, 0.16, 116, 77, 91, 38.8, , 1
C, reverse-complement, 10,  2.42, 0.98, 0.93, 0.00, 0.16, 111, 73, 91, 38.8, , 1
C, reverse-complement, 10,  2.46, 0.98, 0.93, 0.00, 0.16, 114, 76, 90, 38.8, , 1
C, reverse-complement, 10,  2.42, 0.96, 0.91, 0.00, 0.16, 114, 78, 88, 38.8, , 1
C, reverse-complement, 10,  2.42, 0.96, 0.91, 0.00, 0.16, 114, 74, 93, 38.8, , 1
C, reverse-complement, 10,  2.42, 0.98, 0.93, 0.00, 0.16, 113, 70, 96, 40.8, , 1
C, reverse-complement, 10,  2.53, 1.04, 0.99, 0.00, 0.16, 110, 71, 92, 38.8, , 1
C, reverse-complement, 10,  2.47, 0.99, 0.94, 0.00, 0.16, 113, 74, 92, 38.8, , 1
C, reverse-complement, 10,  2.45, 0.98, 0.93, 0.00, 0.16, 113, 79, 86, 38.8, , 1
C, reverse-complement, 10,  2.45, 0.98, 0.93, 0.00, 0.16, 114, 71, 96, 38.8, , 1
C, reverse-complement, 10,  2.42, 0.98, 0.93, 0.00, 0.16, 113, 74, 92, 38.8, , 1
C, reverse-complement, 10,  2.47, 1.02, 0.97, 0.00, 0.16, 112, 65, 98, 38.8, , 1
C, spectral-norm, 10,  11.32, 4.93, 4.78, 0.00, 0.25, 493, 1964, 4, 38.8, , 1
C, spectral-norm, 10,  11.37, 4.93, 4.79, 0.00, 0.25, 494, 1971, 0, 41.2, , 1
C, spectral-norm, 10,  11.29, 4.95, 4.80, 0.00, 0.25, 495, 1977, 1977, 38.8, , 1
C, spectral-norm, 10,  11.44, 5.01, 4.86, 0.00, 0.26, 501, 1990, 1, 41.5, , 1
C, spectral-norm, 10,  11.30, 4.97, 4.82, 0.00, 0.25, 497, 1985, 1, 38.8, , 1
C, spectral-norm, 10,  11.21, 4.93, 4.78, 0.00, 0.25, 496, 1980, 1, 41.8, , 1
C, spectral-norm, 10,  11.22, 4.96, 4.81, 0.00, 0.25, 496, 1980, 1, 38.8, , 1
C, spectral-norm, 10,  11.20, 4.96, 4.81, 0.00, 0.25, 496, 1978, 1, 41.2, , 1
C, spectral-norm, 10,  11.16, 4.93, 4.79, 0.00, 0.25, 493, 1968, 2, 38.8, , 1
C, spectral-norm, 10,  11.26, 4.96, 4.81, 0.00, 0.25, 495, 1978, 1978, 41.5, , 1
C, spectral-norm, 10,  11.21, 4.95, 4.80, 0.00, 0.25, 495, 1977, 1, 38.8, , 1
C, spectral-norm, 10,  11.33, 4.95, 4.80, 0.00, 0.25, 495, 1975, 1, 41.5, , 1
C, spectral-norm, 10,  11.23, 4.95, 4.80, 0.00, 0.25, 495, 1973, 2, 38.8, , 1
C, spectral-norm, 10,  11.26, 4.96, 4.81, 0.00, 0.25, 495, 1977, 0, 41.2, , 1
C, spectral-norm, 10,  11.26, 4.97, 4.82, 0.00, 0.25, 496, 1980, 2, 38.8, , 1
C, spectral-norm, 10,  11.26, 4.95, 4.80, 0.00, 0.25, 495, 1976, 1976, 41.8, , 1
C, spectral-norm, 10,  11.26, 4.96, 4.82, 0.00, 0.25, 496, 1980, 1, 38.8, , 1
C, spectral-norm, 10,  11.24, 4.95, 4.80, 0.00, 0.25, 494, 1973, 1, 41.5, , 1
C, spectral-norm, 10,  11.44, 5.08, 4.93, 0.00, 0.26, 508, 2015, 0, 38.8, , 1
C, spectral-norm, 10,  11.22, 4.95, 4.80, 0.00, 0.25, 495, 1977, 0, 41.5, , 1
C++, binary-trees, 10,  29.44, 13.36, 12.86, 0.00, 1.38, 1357, 4753, 141, 41.8, , 1
C++, binary-trees, 10,  29.38, 13.32, 12.83, 0.00, 1.38, 1364, 4749, 160, 41.8, , 1
C++, binary-trees, 10,  27.57, 12.67, 12.21, 0.00, 1.31, 1277, 4515, 132, 42.0, , 1
C++, binary-trees, 10,  28.30, 12.86, 12.39, 0.00, 1.28, 1310, 4537, 176, 42.2, , 1
C++, binary-trees, 10,  27.96, 12.75, 12.28, 0.00, 1.32, 1285, 4541, 133, 41.8, , 1
C++, binary-trees, 10,  29.05, 13.02, 12.53, 0.00, 1.30, 1357, 4651, 190, 42.0, , 1
C++, binary-trees, 10,  29.54, 13.35, 12.85, 0.00, 1.43, 1365, 4666, 226, 42.0, , 1
C++, binary-trees, 10,  28.78, 12.99, 12.50, 0.00, 1.33, 1319, 4606, 181, 41.8, , 1
C++, binary-trees, 10,  29.12, 12.99, 12.48, 0.00, 1.41, 1342, 4602, 202, 41.8, , 1
C++, binary-trees, 10,  29.39, 13.24, 12.71, 0.00, 1.43, 1364, 4693, 233, 42.5, , 1
C++, binary-trees, 10,  28.43, 12.75, 12.27, 0.00, 1.33, 1322, 4577, 183, 42.0, , 1
C++, binary-trees, 10,  27.78, 12.50, 12.05, 0.00, 1.30, 1278, 4477, 142, 42.0, , 1
C++, binary-trees, 10,  29.79, 13.27, 12.76, 0.00, 1.42, 1373, 4658, 241, 42.0, , 1
C++, binary-trees, 10,  27.78, 12.66, 12.18, 0.00, 1.28, 1271, 4507, 116, 42.0, , 1
C++, binary-trees, 10,  29.27, 13.16, 12.67, 0.00, 1.30, 1369, 4679, 215, 42.0, , 1
C++, binary-trees, 10,  29.46, 13.28, 12.76, 0.00, 1.39, 1360, 4692, 234, 42.5, , 1
C++, binary-trees, 10,  28.52, 13.00, 12.52, 0.00, 1.33, 1312, 4584, 191, 42.0, , 1
C++, binary-trees, 10,  29.37, 13.46, 12.97, 0.00, 1.38, 1359, 4708, 195, 42.0, , 1
C++, binary-trees, 10,  29.72, 13.54, 13.03, 0.00, 1.38, 1392, 4784, 260, 42.0, , 1
C++, binary-trees, 10,  27.71, 12.43, 11.96, 0.00, 1.32, 1293, 4502, 133, 42.0, , 1
C++, fannkuch-redux, 10,  113.69, 51.01, 49.47, 0.00, 2.58, 5118, 20308, 4, 42.8, , 1
C++, fannkuch-redux, 10,  113.97, 50.63, 49.10, 0.00, 2.56, 5080, 20174, 1, 42.5, , 1
C++, fannkuch-redux, 10,  114.53, 50.50, 48.98, 0.00, 2.55, 5067, 20118, 0, 42.5, , 1
C++, fannkuch-redux, 10,  111.54, 51.49, 49.93, 0.00, 2.60, 5166, 20520, 1, 42.2, , 1
C++, fannkuch-redux, 10,  113.21, 51.03, 49.50, 0.00, 2.58, 5121, 20324, 6, 42.2, , 1
C++, fannkuch-redux, 10,  112.81, 50.99, 49.44, 0.00, 2.57, 5116, 20314, 6, 42.8, , 1
C++, fannkuch-redux, 10,  112.10, 51.32, 49.77, 0.00, 2.59, 5148, 20446, 3, 42.8, , 1
C++, fannkuch-redux, 10,  113.05, 50.89, 49.35, 0.00, 2.57, 5106, 20276, 2, 42.5, , 1
C++, fannkuch-redux, 10,  113.91, 50.53, 49.00, 0.00, 2.55, 5069, 20125, 0, 43.0, , 1
C++, fannkuch-redux, 10,  113.90, 50.62, 49.10, 0.00, 2.56, 5079, 20165, 1, 43.0, , 1
C++, fannkuch-redux, 10,  114.64, 50.38, 48.86, 0.00, 2.54, 5054, 20075, 1, 42.8, , 1
C++, fannkuch-redux, 10,  114.72, 50.33, 48.81, 0.00, 2.54, 5050, 20058, 2, 42.8, , 1
C++, fannkuch-redux, 10,  113.86, 50.69, 49.15, 0.00, 2.56, 5085, 20196, 1, 42.2, , 1
C++, fannkuch-redux, 10,  114.58, 50.63, 49.10, 0.00, 2.56, 5080, 20152, 3, 42.8, , 1
C++, fannkuch-redux, 10,  114.61, 50.33, 48.81, 0.00, 2.54, 5049, 20047, 1, 42.2, , 1
C++, fannkuch-redux, 10,  114.89, 50.30, 48.78, 0.00, 2.54, 5047, 20038, 1, 43.2, , 1
C++, fannkuch-redux, 10,  115.00, 50.56, 49.04, 0.00, 2.55, 5076, 20149, 6, 42.8, , 1
C++, fannkuch-redux, 10,  114.76, 50.36, 48.84, 0.00, 2.54, 5053, 20063, 2, 43.0, , 1
C++, fannkuch-redux, 10,  114.47, 50.52, 49.00, 0.00, 2.55, 5069, 20126, 2, 43.0, , 1
C++, fannkuch-redux, 10,  113.03, 50.92, 49.39, 0.00, 2.57, 5110, 20288, 4, 43.0, , 1
C++, fasta, 10,  15.99, 7.07, 6.87, 0.00, 0.36, 710, 1409, 5, 38.8, , 1
C++, fasta, 10,  16.11, 7.06, 6.85, 0.00, 0.36, 708, 1403, 7, 42.5, , 1
C++, fasta, 10,  15.92, 7.04, 6.83, 0.00, 0.36, 707, 1402, 7, 38.8, , 1
C++, fasta, 10,  16.03, 7.07, 6.85, 0.00, 0.36, 709, 1400, 12, 43.0, , 1
C++, fasta, 10,  15.98, 7.07, 6.85, 0.00, 0.36, 709, 1402, 10, 38.8, , 1
C++, fasta, 10,  16.00, 7.07, 6.86, 0.00, 0.36, 710, 1406, 9, 42.2, , 1
C++, fasta, 10,  16.06, 7.07, 6.86, 0.00, 0.36, 710, 1407, 8, 38.8, , 1
C++, fasta, 10,  16.02, 7.07, 6.86, 0.00, 0.36, 710, 1411, 2, 42.2, , 1
C++, fasta, 10,  16.05, 7.05, 6.84, 0.00, 0.36, 707, 1406, 2, 38.8, , 1
C++, fasta, 10,  16.11, 7.05, 6.84, 0.00, 0.36, 708, 1401, 9, 43.2, , 1
C++, fasta, 10,  16.24, 7.07, 6.86, 0.00, 0.36, 710, 1410, 4, 38.8, , 1
C++, fasta, 10,  16.02, 7.08, 6.87, 0.00, 0.36, 710, 1404, 10, 42.8, , 1
C++, fasta, 10,  16.01, 7.09, 6.88, 0.00, 0.36, 711, 1406, 10, 38.8, , 1
C++, fasta, 10,  16.15, 7.07, 6.85, 0.00, 0.36, 709, 1407, 5, 42.0, , 1
C++, fasta, 10,  16.01, 7.08, 6.87, 0.00, 0.36, 711, 1412, 4, 38.5, , 1
C++, fasta, 10,  16.02, 7.11, 6.89, 0.00, 0.36, 713, 1412, 8, 42.2, , 1
C++, fasta, 10,  16.07, 7.06, 6.85, 0.00, 0.36, 709, 1408, 4, 38.8, , 1
C++, fasta, 10,  16.12, 7.07, 6.85, 0.00, 0.36, 709, 1404, 6, 43.2, , 1
C++, fasta, 10,  15.98, 7.06, 6.85, 0.00, 0.36, 709, 1403, 8, 38.8, , 1
C++, fasta, 10,  16.04, 7.04, 6.83, 0.00, 0.36, 707, 1401, 7, 42.8, , 1
C++, k-nucleotide, 10,  56.07, 23.26, 22.13, 0.00, 3.92, 2344, 7613, 159, 42.2, , 1
C++, k-nucleotide, 10,  56.93, 23.60, 22.44, 0.00, 4.04, 2381, 7782, 167, 42.0, , 1
C++, k-nucleotide, 10,  59.31, 24.54, 23.32, 0.00, 4.29, 2472, 8158, 161, 42.2, , 1
C++, k-nucleotide, 10,  57.09, 23.72, 22.57, 0.00, 4.04, 2394, 7807, 157, 42.8, , 1
C++, k-nucleotide, 10,  58.21, 24.07, 22.88, 0.00, 4.17, 2428, 7941, 160, 42.5, , 1
C++, k-nucleotide, 10,  57.04, 23.58, 22.43, 0.00, 4.04, 2388, 7769, 155, 42.5, , 1
C++, k-nucleotide, 10,  57.09, 23.55, 22.39, 0.00, 4.04, 2378, 7772, 146, 42.8, , 1
C++, k-nucleotide, 10,  56.84, 23.44, 22.28, 0.00, 4.02, 2382, 7774, 153, 41.8, , 1
C++, k-nucleotide, 10,  57.95, 23.81, 22.63, 0.00, 4.12, 2418, 7873, 160, 42.5, , 1
C++, k-nucleotide, 10,  59.82, 24.68, 23.46, 0.00, 4.34, 2493, 8203, 156, 42.0, , 1
C++, k-nucleotide, 10,  56.19, 23.31, 22.18, 0.00, 3.94, 2353, 7608, 159, 42.8, , 1
C++, k-nucleotide, 10,  56.48, 23.57, 22.42, 0.00, 4.02, 2381, 7742, 161, 42.5, , 1
C++, k-nucleotide, 10,  56.67, 23.61, 22.46, 0.00, 4.01, 2381, 7732, 169, 42.5, , 1
C++, k-nucleotide, 10,  57.87, 24.06, 22.88, 0.00, 4.13, 2423, 7897, 165, 42.5, , 1
C++, k-nucleotide, 10,  56.74, 23.66, 22.51, 0.00, 4.08, 2384, 7784, 168, 42.8, , 1
C++, k-nucleotide, 10,  55.94, 23.24, 22.12, 0.00, 3.92, 2345, 7594, 153, 42.8, , 1
C++, k-nucleotide, 10,  55.85, 23.38, 22.25, 0.00, 3.93, 2359, 7611, 171, 42.8, , 1
C++, k-nucleotide, 10,  56.14, 23.30, 22.15, 0.00, 3.99, 2360, 7706, 153, 42.0, , 1
C++, k-nucleotide, 10,  56.05, 23.44, 22.31, 0.00, 3.93, 2361, 7617, 155, 42.2, , 1
C++, k-nucleotide, 10,  57.02, 23.59, 22.43, 0.00, 4.04, 2389, 7787, 147, 42.5, , 1
C++, mandelbrot, 10,  25.81, 11.36, 11.02, 0.00, 0.58, 1143, 4488, 17, 42.0, , 1
C++, mandelbrot, 10,  25.86, 11.43, 11.07, 0.00, 0.59, 1147, 4474, 20, 41.8, , 1
C++, mandelbrot, 10,  25.80, 11.40, 11.06, 0.00, 0.58, 1144, 4488, 24, 41.8, , 1
C++, mandelbrot, 10,  25.78, 11.37, 11.03, 0.00, 0.59, 1142, 4477, 19, 42.2, , 1
C++, mandelbrot, 10,  25.68, 11.40, 11.05, 0.00, 0.58, 1144, 4496, 15, 41.8, , 1
C++, mandelbrot, 10,  25.75, 11.37, 11.03, 0.00, 0.58, 1142, 4483, 22, 42.5, , 1
C++, mandelbrot, 10,  25.88, 11.39, 11.05, 0.00, 0.58, 1144, 4489, 19, 42.0, , 1
C++, mandelbrot, 10,  25.78, 11.39, 11.05, 0.00, 0.58, 1144, 4485, 23, 41.8, , 1
C++, mandelbrot, 10,  25.75, 11.43, 11.09, 0.00, 0.59, 1147, 4497, 25, 41.8, , 1
C++, mandelbrot, 10,  25.78, 11.42, 11.08, 0.00, 0.59, 1147, 4502, 18, 42.5, , 1
C++, mandelbrot, 10,  25.70, 11.36, 11.01, 0.00, 0.58, 1140, 4475, 21, 41.8, , 1
C++, mandelbrot, 10,  25.78, 11.39, 11.05, 0.00, 0.58, 1143, 4491, 19, 42.0, , 1
C++, mandelbrot, 10,  25.86, 11.44, 11.09, 0.00, 0.59, 1148, 4499, 26, 41.8, , 1
C++, mandelbrot, 10,  25.88, 11.40, 11.05, 0.00, 0.59, 1147, 4498, 18, 41.5, , 1
C++, mandelbrot, 10,  25.92, 11.43, 11.08, 0.00, 0.58, 1147, 4504, 18, 41.5, , 1
C++, mandelbrot, 10,  25.72, 11.38, 11.04, 0.00, 0.58, 1142, 4484, 18, 42.0, , 1
C++, mandelbrot, 10,  25.82, 11.39, 11.05, 0.00, 0.58, 1144, 4488, 22, 42.0, , 1
C++, mandelbrot, 10,  25.86, 11.42, 11.07, 0.00, 0.58, 1146, 4499, 21, 41.5, , 1
C++, mandelbrot, 10,  25.73, 11.39, 11.05, 0.00, 0.58, 1143, 4487, 20, 41.2, , 1
C++, mandelbrot, 10,  25.86, 11.36, 11.02, 0.00, 0.58, 1141, 4480, 19, 41.5, , 1
C++, n-body, 10,  35.35, 17.05, 16.53, 0.00, 0.86, 1713, 1713, 1713, 41.8, , 1
C++, n-body, 10,  35.27, 17.08, 16.56, 0.00, 0.86, 1714, 1714, 1714, 42.0, , 1
C++, n-body, 10,  35.38, 17.02, 16.50, 0.00, 0.86, 1714, 1713, 0, 42.0, , 1
C++, n-body, 10,  35.18, 17.07, 16.55, 0.00, 0.86, 1714, 1713, 0, 42.5, , 1
C++, n-body, 10,  35.20, 17.07, 16.57, 0.00, 0.87, 1715, 1715, 1715, 42.2, , 1
C++, n-body, 10,  35.20, 17.07, 16.56, 0.00, 0.86, 1714, 1713, 0, 42.2, , 1
C++, n-body, 10,  35.34, 17.12, 16.60, 0.00, 0.87, 1718, 1718, 1718, 41.8, , 1
C++, n-body, 10,  35.34, 17.11, 16.60, 0.00, 0.87, 1718, 1717, 0, 42.5, , 1
C++, n-body, 10,  35.54, 17.09, 16.57, 0.00, 0.87, 1716, 1715, 1, 41.5, , 1
C++, n-body, 10,  35.34, 17.08, 16.56, 0.00, 0.87, 1715, 1714, 0, 42.0, , 1
C++, n-body, 10,  35.09, 17.07, 16.56, 0.00, 0.86, 1714, 1713, 0, 41.8, , 1
C++, n-body, 10,  35.44, 17.16, 16.65, 0.00, 0.87, 1723, 1722, 0, 41.8, , 1
C++, n-body, 10,  35.27, 17.08, 16.58, 0.00, 0.86, 1716, 1715, 1, 41.8, , 1
C++, n-body, 10,  35.23, 17.07, 16.55, 0.00, 0.86, 1713, 1713, 1713, 42.2, , 1
C++, n-body, 10,  35.18, 17.09, 16.56, 0.00, 0.86, 1715, 1715, 1715, 42.0, , 1
C++, n-body, 10,  35.22, 17.13, 16.62, 0.00, 0.87, 1720, 1719, 1, 42.5, , 1
C++, n-body, 10,  35.24, 17.12, 16.61, 0.00, 0.87, 1719, 1719, 1719, 42.5, , 1
C++, n-body, 10,  35.70, 17.11, 16.59, 0.00, 0.87, 1722, 1721, 1, 42.5, , 1
C++, n-body, 10,  35.25, 17.10, 16.58, 0.00, 0.87, 1722, 1722, 1722, 42.5, , 1
C++, n-body, 10,  35.28, 17.07, 16.56, 0.00, 0.86, 1714, 1713, 0, 42.2, , 1
C++, regex-redux, 10,  26.96, 12.60, 12.20, 0.00, 0.95, 1274, 2580, 197, 43.0, , 1
C++, regex-redux, 10,  26.37, 12.37, 11.97, 0.00, 0.93, 1250, 2579, 203, 42.0, , 1
C++, regex-redux, 10,  26.73, 12.57, 12.16, 0.00, 0.94, 1271, 2559, 200, 42.0, , 1
C++, regex-redux, 10,  25.90, 12.08, 11.70, 0.00, 0.92, 1223, 2608, 193, 42.0, , 1
C++, regex-redux, 10,  26.46, 12.41, 12.01, 0.00, 0.93, 1255, 2612, 188, 41.8, , 1
C++, regex-redux, 10,  26.15, 12.32, 11.93, 0.00, 0.94, 1246, 2629, 203, 42.0, , 1
C++, regex-redux, 10,  26.57, 12.55, 12.14, 0.00, 0.94, 1268, 2600, 199, 42.8, , 1
C++, regex-redux, 10,  25.40, 11.99, 11.59, 0.00, 0.91, 1211, 2667, 209, 42.2, , 1
C++, regex-redux, 10,  26.44, 12.50, 12.09, 0.00, 0.94, 1272, 2609, 192, 42.0, , 1
C++, regex-redux, 10,  25.89, 12.20, 11.80, 0.00, 0.93, 1234, 2597, 186, 41.8, , 1
C++, regex-redux, 10,  26.39, 12.45, 12.05, 0.00, 0.94, 1257, 2593, 203, 42.8, , 1
C++, regex-redux, 10,  25.98, 12.18, 11.79, 0.00, 0.92, 1231, 2671, 186, 42.5, , 1
C++, regex-redux, 10,  26.42, 12.40, 12.00, 0.00, 0.94, 1251, 2610, 209, 41.5, , 1
C++, regex-redux, 10,  25.85, 12.10, 11.72, 0.00, 0.91, 1224, 2644, 206, 41.8, , 1
C++, regex-redux, 10,  26.37, 12.44, 12.04, 0.00, 0.93, 1264, 2595, 188, 42.0, , 1
C++, regex-redux, 10,  26.02, 12.24, 11.84, 0.00, 0.92, 1237, 2605, 203, 42.8, , 1
C++, regex-redux, 10,  25.75, 12.10, 11.71, 0.00, 0.92, 1222, 2645, 194, 42.5, , 1
C++, regex-redux, 10,  26.71, 12.56, 12.16, 0.00, 0.95, 1268, 2595, 201, 42.0, , 1
C++, regex-redux, 10,  26.35, 12.43, 12.03, 0.00, 0.93, 1257, 2620, 206, 42.0, , 1
C++, regex-redux, 10,  26.45, 12.40, 12.00, 0.00, 0.93, 1253, 2589, 202, 42.0, , 1
C++, reverse-complement, 10,  3.54, 1.58, 1.51, 0.00, 0.21, 162, 69, 93, 38.8, , 1
C++, reverse-complement, 10,  3.55, 1.58, 1.52, 0.00, 0.21, 162, 74, 87, 38.8, , 1
C++, reverse-complement, 10,  3.57, 1.59, 1.52, 0.00, 0.21, 163, 72, 91, 38.8, , 1
C++, reverse-complement, 10,  3.55, 1.57, 1.50, 0.00, 0.21, 163, 83, 80, 38.8, , 1
C++, reverse-complement, 10,  3.56, 1.59, 1.52, 0.00, 0.21, 162, 72, 89, 38.8, , 1
C++, reverse-complement, 10,  3.57, 1.59, 1.52, 0.00, 0.21, 162, 70, 92, 42.5, , 1
C++, reverse-complement, 10,  3.55, 1.59, 1.52, 0.00, 0.21, 163, 75, 88, 38.8, , 1
C++, reverse-complement, 10,  3.59, 1.60, 1.52, 0.00, 0.21, 163, 76, 87, 38.8, , 1
C++, reverse-complement, 10,  3.61, 1.60, 1.53, 0.00, 0.21, 163, 79, 83, 38.8, , 1
C++, reverse-complement, 10,  3.59, 1.59, 1.52, 0.00, 0.21, 163, 75, 88, 38.8, , 1
C++, reverse-complement, 10,  3.56, 1.57, 1.50, 0.00, 0.21, 162, 77, 84, 38.8, , 1
C++, reverse-complement, 10,  3.59, 1.58, 1.51, 0.00, 0.21, 162, 77, 84, 42.5, , 1
C++, reverse-complement, 10,  3.54, 1.60, 1.53, 0.00, 0.21, 163, 76, 87, 38.8, , 1
C++, reverse-complement, 10,  3.59, 1.61, 1.54, 0.00, 0.21, 163, 80, 82, 38.8, , 1
C++, reverse-complement, 10,  3.55, 1.54, 1.47, 0.00, 0.21, 167, 73, 94, 38.8, , 1
C++, reverse-complement, 10,  3.57, 1.59, 1.52, 0.00, 0.21, 163, 75, 86, 38.8, , 1
C++, reverse-complement, 10,  3.53, 1.55, 1.49, 0.00, 0.21, 163, 75, 88, 38.8, , 1
C++, reverse-complement, 10,  3.55, 1.58, 1.51, 0.00, 0.21, 163, 77, 86, 41.5, , 1
C++, reverse-complement, 10,  3.54, 1.59, 1.52, 0.00, 0.21, 163, 65, 98, 38.5, , 1
C++, reverse-complement, 10,  3.57, 1.60, 1.54, 0.00, 0.21, 163, 71, 92, 38.5, , 1
C++, spectral-norm, 10,  11.19, 4.90, 4.76, 0.00, 0.25, 490, 1957, 1, 38.8, , 1
C++, spectral-norm, 10,  11.11, 4.90, 4.76, 0.00, 0.25, 491, 1960, 1960, 42.0, , 1
C++, spectral-norm, 10,  11.04, 4.90, 4.76, 0.00, 0.25, 491, 1959, 0, 38.8, , 1
C++, spectral-norm, 10,  11.11, 4.91, 4.76, 0.00, 0.25, 492, 1964, 2, 41.5, , 1
C++, spectral-norm, 10,  11.12, 4.90, 4.75, 0.00, 0.25, 490, 1956, 0, 38.8, , 1
C++, spectral-norm, 10,  11.15, 4.92, 4.77, 0.00, 0.25, 492, 1963, 1, 41.2, , 1
C++, spectral-norm, 10,  11.07, 4.92, 4.77, 0.00, 0.25, 492, 1965, 0, 38.8, , 1
C++, spectral-norm, 10,  11.11, 4.92, 4.77, 0.00, 0.25, 492, 1962, 0, 41.2, , 1
C++, spectral-norm, 10,  11.07, 4.93, 4.77, 0.00, 0.25, 492, 1966, 0, 38.8, , 1
C++, spectral-norm, 10,  11.09, 4.92, 4.78, 0.00, 0.25, 492, 1966, 0, 41.5, , 1
C++, spectral-norm, 10,  11.06, 4.90, 4.75, 0.00, 0.25, 490, 1956, 1, 38.8, , 1
C++, spectral-norm, 10,  11.10, 4.90, 4.76, 0.00, 0.25, 490, 1958, 0, 41.8, , 1
C++, spectral-norm, 10,  11.13, 4.93, 4.77, 0.00, 0.25, 492, 1965, 0, 38.8, , 1
C++, spectral-norm, 10,  11.15, 4.91, 4.77, 0.00, 0.25, 492, 1964, 0, 41.5, , 1
C++, spectral-norm, 10,  11.14, 4.92, 4.76, 0.00, 0.25, 491, 1959, 2, 38.5, , 1
C++, spectral-norm, 10,  11.10, 4.91, 4.76, 0.00, 0.25, 490, 1958, 0, 41.2, , 1
C++, spectral-norm, 10,  11.10, 4.90, 4.76, 0.00, 0.25, 491, 1961, 1961, 38.8, , 1
C++, spectral-norm, 10,  11.10, 4.88, 4.74, 0.00, 0.25, 489, 1951, 1, 41.0, , 1
C++, spectral-norm, 10,  11.09, 4.89, 4.75, 0.00, 0.25, 490, 1956, 0, 38.5, , 1
C++, spectral-norm, 10,  11.13, 4.91, 4.75, 0.00, 0.25, 490, 1957, 1957, 41.5, , 1
Java, binary-trees, 10,  75.50, 30.21, 28.59, 0.00, 5.74, 3057, 9675, 744, 43.0, , 1
Java, binary-trees, 10,  78.33, 31.31, 29.65, 0.00, 5.84, 3163, 9883, 703, 42.0, , 1
Java, binary-trees, 10,  77.99, 31.16, 29.51, 0.00, 5.80, 3149, 9799, 939, 42.2, , 1
Java, binary-trees, 10,  79.82, 32.16, 30.48, 0.00, 5.91, 3252, 10068, 953, 42.8, , 1
Java, binary-trees, 10,  78.33, 31.60, 29.94, 0.00, 5.84, 3191, 9904, 945, 42.5, , 1
Java, binary-trees, 10,  76.05, 30.40, 28.76, 0.00, 5.79, 3104, 9752, 776, 42.2, , 1
Java, binary-trees, 10,  80.82, 32.50, 30.80, 0.00, 5.96, 3292, 10156, 998, 42.2, , 1
Java, binary-trees, 10,  77.64, 30.86, 29.22, 0.00, 5.77, 3115, 9780, 903, 42.8, , 1
Java, binary-trees, 10,  76.71, 30.63, 29.00, 0.00, 5.81, 3092, 9798, 770, 42.8, , 1
Java, binary-trees, 10,  78.79, 31.66, 29.99, 0.00, 5.88, 3195, 9982, 968, 42.8, , 1
Java, binary-trees, 10,  76.73, 30.66, 29.02, 0.00, 5.84, 3103, 9973, 701, 42.2, , 1
Java, binary-trees, 10,  77.65, 31.13, 29.48, 0.00, 5.79, 3142, 9755, 912, 43.0, , 1
Java, binary-trees, 10,  78.02, 31.26, 29.60, 0.00, 5.82, 3150, 9931, 896, 42.2, , 1
Java, binary-trees, 10,  79.03, 31.83, 30.14, 0.00, 5.94, 3241, 10122, 850, 42.5, , 1
Java, binary-trees, 10,  77.01, 30.92, 29.28, 0.00, 5.78, 3132, 9774, 900, 43.0, , 1
Java, binary-trees, 10,  76.74, 30.72, 29.08, 0.00, 5.77, 3110, 9741, 895, 43.0, , 1
Java, binary-trees, 10,  74.42, 30.02, 28.40, 0.00, 5.72, 3048, 9659, 679, 42.0, , 1
Java, binary-trees, 10,  75.82, 30.53, 28.90, 0.00, 5.76, 3076, 9693, 765, 42.2, , 1
Java, binary-trees, 10,  78.41, 31.40, 29.73, 0.00, 5.87, 3175, 9995, 911, 42.5, , 1
Java, binary-trees, 10,  79.13, 31.86, 30.19, 0.00, 5.87, 3220, 10036, 910, 42.8, , 1
Java, fannkuch-redux, 10,  296.10, 130.47, 126.53, 0.00, 6.60, 13094, 51880, 23, 42.5, , 1
Java, fannkuch-redux, 10,  301.79, 132.60, 128.59, 0.00, 6.71, 13316, 52725, 25, 42.5, , 1
Java, fannkuch-redux, 10,  319.74, 140.95, 136.68, 0.00, 7.13, 14153, 56049, 26, 42.8, , 1
Java, fannkuch-redux, 10,  310.78, 136.18, 132.06, 0.00, 6.90, 13682, 54127, 27, 42.2, , 1
Java, fannkuch-redux, 10,  318.19, 139.46, 135.25, 0.00, 7.06, 14008, 55395, 28, 42.8, , 1
Java, fannkuch-redux, 10,  307.93, 135.93, 131.82, 0.00, 6.88, 13651, 54027, 32, 42.5, , 1
Java, fannkuch-redux, 10,  310.18, 136.59, 132.45, 0.00, 6.91, 13707, 54303, 29, 43.5, , 1
Java, fannkuch-redux, 10,  301.64, 132.69, 128.68, 0.00, 6.72, 13319, 52661, 23, 42.2, , 1
Java, fannkuch-redux, 10,  295.09, 129.95, 126.03, 0.00, 6.58, 13047, 51703, 23, 42.5, , 1
Java, fannkuch-redux, 10,  311.43, 137.00, 132.86, 0.00, 6.93, 13757, 54458, 19, 42.2, , 1
Java, fannkuch-redux, 10,  296.05, 129.72, 125.80, 0.00, 6.57, 13019, 51651, 22, 43.0, , 1
Java, fannkuch-redux, 10,  297.72, 129.88, 125.96, 0.00, 6.57, 13037, 51597, 23, 42.5, , 1
Java, fannkuch-redux, 10,  313.01, 136.50, 132.38, 0.00, 6.91, 13716, 54236, 23, 42.5, , 1
Java, fannkuch-redux, 10,  321.45, 140.80, 136.54, 0.00, 7.12, 14130, 55988, 17, 42.8, , 1
Java, fannkuch-redux, 10,  302.87, 132.50, 128.49, 0.00, 6.71, 13305, 52673, 28, 42.2, , 1
Java, fannkuch-redux, 10,  302.60, 132.58, 128.56, 0.00, 6.71, 13313, 52697, 27, 42.5, , 1
Java, fannkuch-redux, 10,  312.84, 136.93, 132.79, 0.00, 6.93, 13752, 54454, 31, 42.5, , 1
Java, fannkuch-redux, 10,  300.35, 132.41, 128.41, 0.00, 6.70, 13291, 52647, 28, 42.5, , 1
Java, fannkuch-redux, 10,  301.75, 132.19, 128.20, 0.00, 6.69, 13270, 52573, 25, 42.8, , 1
Java, fannkuch-redux, 10,  312.15, 136.58, 132.45, 0.00, 6.91, 13710, 54313, 25, 42.5, , 1
Java, fasta, 10,  30.30, 13.40, 12.98, 0.00, 0.72, 1349, 4328, 52, 42.5, , 1
Java, fasta, 10,  30.10, 13.31, 12.90, 0.00, 0.72, 1338, 4272, 42, 42.5, , 1
Java, fasta, 10,  30.34, 13.38, 12.97, 0.00, 0.72, 1346, 4293, 48, 41.8, , 1
Java, fasta, 10,  30.01, 13.23, 12.83, 0.00, 0.71, 1331, 4286, 33, 42.0, , 1
Java, fasta, 10,  30.09, 13.39, 12.98, 0.00, 0.72, 1345, 4314, 39, 41.5, , 1
Java, fasta, 10,  30.05, 13.37, 12.96, 0.00, 0.72, 1346, 4281, 46, 42.2, , 1
Java, fasta, 10,  30.22, 13.26, 12.86, 0.00, 0.72, 1344, 4248, 44, 41.5, , 1
Java, fasta, 10,  30.34, 13.33, 12.92, 0.00, 0.72, 1338, 4289, 43, 42.0, , 1
Java, fasta, 10,  30.37, 13.45, 13.03, 0.00, 0.73, 1361, 4320, 42, 42.0, , 1
Java, fasta, 10,  30.75, 13.39, 12.98, 0.00, 0.74, 1379, 4366, 51, 42.2, , 1
Java, fasta, 10,  30.17, 13.39, 12.98, 0.00, 0.72, 1344, 4321, 45, 42.0, , 1
Java, fasta, 10,  30.54, 13.44, 13.03, 0.00, 0.72, 1357, 4347, 41, 41.5, , 1
Java, fasta, 10,  30.15, 13.28, 12.87, 0.00, 0.72, 1344, 4272, 48, 42.0, , 1
Java, fasta, 10,  30.24, 13.36, 12.96, 0.00, 0.72, 1350, 4292, 47, 41.8, , 1
Java, fasta, 10,  30.54, 13.48, 13.06, 0.00, 0.73, 1365, 4386, 40, 42.2, , 1
Java, fasta, 10,  30.12, 13.29, 12.89, 0.00, 0.72, 1344, 4264, 59, 42.2, , 1
Java, fasta, 10,  30.50, 13.34, 12.93, 0.00, 0.72, 1350, 4253, 47, 41.2, , 1
Java, fasta, 10,  29.95, 13.18, 12.78, 0.00, 0.71, 1333, 4260, 43, 41.2, , 1
Java, fasta, 10,  30.35, 13.37, 12.96, 0.00, 0.73, 1346, 4320, 47, 42.0, , 1
Java, fasta, 10,  30.03, 13.20, 12.79, 0.00, 0.73, 1361, 4326, 48, 40.8, , 1
Java, k-nucleotide, 10,  117.79, 53.20, 51.57, 0.00, 4.29, 5365, 18542, 220, 42.5, , 1
Java, k-nucleotide, 10,  125.75, 57.01, 55.25, 0.00, 4.53, 5755, 20086, 224, 41.5, , 1
Java, k-nucleotide, 10,  126.73, 57.93, 56.15, 0.00, 4.60, 5862, 20359, 236, 41.2, , 1
Java, k-nucleotide, 10,  126.71, 57.12, 55.35, 0.00, 4.57, 5796, 20160, 256, 40.5, , 1
Java, k-nucleotide, 10,  126.35, 57.40, 55.63, 0.00, 4.57, 5800, 20142, 218, 41.2, , 1
Java, k-nucleotide, 10,  124.88, 57.37, 55.60, 0.00, 4.55, 5797, 20334, 216, 41.5, , 1
Java, k-nucleotide, 10,  122.62, 56.20, 54.47, 0.00, 4.45, 5682, 19794, 210, 41.0, , 1
Java, k-nucleotide, 10,  123.70, 55.85, 54.13, 0.00, 4.43, 5643, 19671, 208, 42.5, , 1
Java, k-nucleotide, 10,  124.26, 56.22, 54.49, 0.00, 4.47, 5687, 19741, 218, 41.0, , 1
Java, k-nucleotide, 10,  126.18, 57.75, 55.98, 0.00, 4.59, 5824, 20318, 200, 41.5, , 1
Java, k-nucleotide, 10,  126.06, 57.11, 55.35, 0.00, 4.56, 5767, 20113, 227, 41.5, , 1
Java, k-nucleotide, 10,  125.82, 57.02, 55.26, 0.00, 4.53, 5759, 20004, 224, 42.0, , 1
Java, k-nucleotide, 10,  125.27, 57.33, 55.57, 0.00, 4.56, 5793, 20107, 236, 41.8, , 1
Java, k-nucleotide, 10,  125.08, 57.18, 55.43, 0.00, 4.55, 5773, 20130, 224, 41.0, , 1
Java, k-nucleotide, 10,  123.87, 56.15, 54.42, 0.00, 4.47, 5682, 19813, 223, 41.2, , 1
Java, k-nucleotide, 10,  122.42, 56.09, 54.36, 0.00, 4.46, 5669, 19759, 216, 41.5, , 1
Java, k-nucleotide, 10,  124.76, 56.92, 55.16, 0.00, 4.50, 5747, 19984, 240, 41.8, , 1
Java, k-nucleotide, 10,  124.57, 56.91, 55.16, 0.00, 4.51, 5749, 20006, 223, 41.8, , 1
Java, k-nucleotide, 10,  124.64, 56.82, 55.08, 0.00, 4.52, 5746, 19938, 226, 41.2, , 1
Java, k-nucleotide, 10,  119.13, 53.67, 52.00, 0.00, 4.34, 5469, 18692, 222, 40.5, , 1
Java, mandelbrot, 10,  105.49, 47.10, 45.68, 0.00, 2.44, 4733, 18644, 66, 42.5, , 1
Java, mandelbrot, 10,  105.31, 47.90, 46.43, 0.00, 2.49, 4818, 18982, 67, 42.5, , 1
Java, mandelbrot, 10,  104.88, 48.12, 46.66, 0.00, 2.50, 4835, 19051, 63, 41.8, , 1
Java, mandelbrot, 10,  106.43, 46.73, 45.30, 0.00, 2.43, 4705, 18526, 65, 42.8, , 1
Java, mandelbrot, 10,  104.40, 48.12, 46.66, 0.00, 2.50, 4850, 19062, 60, 42.0, , 1
Java, mandelbrot, 10,  104.33, 47.74, 46.28, 0.00, 2.48, 4804, 18931, 65, 42.2, , 1
Java, mandelbrot, 10,  102.51, 46.95, 45.53, 0.00, 2.43, 4713, 18570, 61, 42.8, , 1
Java, mandelbrot, 10,  105.16, 48.39, 46.93, 0.00, 2.51, 4857, 19137, 68, 42.5, , 1
Java, mandelbrot, 10,  103.96, 48.20, 46.74, 0.00, 2.50, 4843, 19089, 64, 42.0, , 1
Java, mandelbrot, 10,  105.49, 47.47, 46.02, 0.00, 2.46, 4770, 18801, 61, 43.2, , 1
Java, mandelbrot, 10,  105.73, 47.59, 46.15, 0.00, 2.47, 4791, 18846, 65, 41.5, , 1
Java, mandelbrot, 10,  102.01, 46.26, 44.86, 0.00, 2.40, 4647, 18295, 61, 42.0, , 1
Java, mandelbrot, 10,  100.85, 46.60, 45.18, 0.00, 2.42, 4680, 18427, 69, 42.2, , 1
Java, mandelbrot, 10,  106.35, 47.19, 45.76, 0.00, 2.45, 4740, 18666, 66, 42.5, , 1
Java, mandelbrot, 10,  105.04, 47.21, 45.77, 0.00, 2.45, 4740, 18674, 65, 42.8, , 1
Java, mandelbrot, 10,  103.18, 45.98, 44.59, 0.00, 2.39, 4623, 18160, 74, 42.5, , 1
Java, mandelbrot, 10,  105.99, 47.41, 45.97, 0.00, 2.47, 4768, 18734, 74, 42.2, , 1
Java, mandelbrot, 10,  104.00, 48.26, 46.80, 0.00, 2.50, 4849, 19119, 58, 42.5, , 1
Java, mandelbrot, 10,  106.05, 46.97, 45.54, 0.00, 2.44, 4716, 18580, 70, 42.5, , 1
Java, mandelbrot, 10,  103.19, 47.24, 45.80, 0.00, 2.45, 4748, 18705, 65, 42.8, , 1
Java, n-body, 10,  79.90, 37.55, 36.34, 0.00, 2.05, 4039, 4044, 23, 42.2, , 1
Java, n-body, 10,  80.27, 37.04, 35.83, 0.00, 2.05, 4040, 4055, 14, 42.2, , 1
Java, n-body, 10,  80.28, 37.40, 36.18, 0.00, 2.06, 4051, 4051, 18, 41.5, , 1
Java, n-body, 10,  80.42, 37.72, 36.50, 0.00, 2.06, 4063, 4074, 16, 41.8, , 1
Java, n-body, 10,  80.42, 37.53, 36.32, 0.00, 2.06, 4051, 4049, 20, 41.5, , 1
Java, n-body, 10,  80.13, 37.34, 36.13, 0.00, 2.05, 4042, 4050, 17, 42.5, , 1
Java, n-body, 10,  80.99, 37.63, 36.40, 0.00, 2.08, 4085, 4080, 11, 41.2, , 1
Java, n-body, 10,  81.08, 37.81, 36.59, 0.00, 2.07, 4075, 4082, 20, 42.0, , 1
Java, n-body, 10,  80.73, 37.79, 36.57, 0.00, 2.06, 4066, 4075, 19, 41.8, , 1
Java, n-body, 10,  79.89, 37.30, 36.09, 0.00, 2.05, 4040, 4052, 15, 42.2, , 1
Java, n-body, 10,  80.53, 37.56, 36.34, 0.00, 2.06, 4063, 4073, 17, 42.5, , 1
Java, n-body, 10,  80.20, 37.27, 36.05, 0.00, 2.05, 4043, 4051, 21, 42.2, , 1
Java, n-body, 10,  80.98, 37.70, 36.47, 0.00, 2.07, 4081, 4077, 18, 41.5, , 1
Java, n-body, 10,  81.07, 37.88, 36.66, 0.00, 2.06, 4062, 4074, 16, 41.5, , 1
Java, n-body, 10,  80.48, 37.15, 35.94, 0.00, 2.05, 4041, 4044, 24, 41.2, , 1
Java, n-body, 10,  80.00, 37.36, 36.14, 0.00, 2.05, 4039, 4049, 19, 42.2, , 1
Java, n-body, 10,  80.38, 37.68, 36.46, 0.00, 2.06, 4054, 4056, 14, 41.5, , 1
Java, n-body, 10,  80.28, 37.56, 36.35, 0.00, 2.05, 4042, 4052, 18, 41.0, , 1
Java, n-body, 10,  80.36, 37.56, 36.34, 0.00, 2.05, 4040, 4045, 24, 41.8, , 1
Java, n-body, 10,  80.59, 37.84, 36.61, 0.00, 2.06, 4065, 4073, 19, 42.8, , 1
Java, regex-redux, 10,  138.63, 62.93, 60.93, 0.00, 4.19, 6360, 20645, 309, 42.8, , 1
Java, regex-redux, 10,  138.69, 62.72, 60.73, 0.00, 4.19, 6342, 20700, 349, 42.5, , 1
Java, regex-redux, 10,  137.95, 61.79, 59.82, 0.00, 4.14, 6248, 20144, 338, 42.2, , 1
Java, regex-redux, 10,  137.94, 62.39, 60.41, 0.00, 4.15, 6309, 20611, 333, 42.5, , 1
Java, regex-redux, 10,  136.40, 60.91, 58.96, 0.00, 4.12, 6207, 20121, 339, 42.2, , 1
Java, regex-redux, 10,  135.06, 61.88, 59.91, 0.00, 4.14, 6255, 20097, 355, 42.2, , 1
Java, regex-redux, 10,  135.82, 61.49, 59.53, 0.00, 4.13, 6223, 20406, 364, 42.2, , 1
Java, regex-redux, 10,  137.40, 61.79, 59.82, 0.00, 4.14, 6254, 20484, 339, 42.5, , 1
Java, regex-redux, 10,  139.10, 62.40, 60.41, 0.00, 4.19, 6334, 20219, 340, 42.0, , 1
Java, regex-redux, 10,  136.50, 61.76, 59.79, 0.00, 4.15, 6259, 20274, 354, 42.8, , 1
Java, regex-redux, 10,  136.83, 61.70, 59.73, 0.00, 4.15, 6250, 20218, 346, 42.2, , 1
Java, regex-redux, 10,  135.81, 60.91, 58.97, 0.00, 4.11, 6182, 20224, 336, 43.2, , 1
Java, regex-redux, 10,  136.22, 61.29, 59.34, 0.00, 4.11, 6199, 20361, 353, 42.0, , 1
Java, regex-redux, 10,  135.53, 60.96, 59.01, 0.00, 4.11, 6202, 19959, 346, 42.5, , 1
Java, regex-redux, 10,  134.04, 60.55, 58.61, 0.00, 4.10, 6165, 19799, 352, 43.0, , 1
Java, regex-redux, 10,  137.90, 62.57, 60.58, 0.00, 4.17, 6331, 20300, 301, 42.5, , 1
Java, regex-redux, 10,  138.55, 62.27, 60.29, 0.00, 4.16, 6303, 20342, 349, 42.8, , 1
Java, regex-redux, 10,  135.83, 60.97, 59.03, 0.00, 4.10, 6187, 20063, 360, 42.2, , 1
Java, regex-redux, 10,  137.53, 61.66, 59.69, 0.00, 4.15, 6279, 20101, 351, 42.5, , 1
Java, regex-redux, 10,  134.86, 60.42, 58.49, 0.00, 4.07, 6111, 19756, 326, 42.8, , 1
Java, reverse-complement, 10,  16.96, 7.62, 7.33, 0.00, 0.81, 796, 624, 336, 38.8, , 1
Java, reverse-complement, 10,  16.95, 7.59, 7.29, 0.00, 0.80, 794, 630, 328, 42.8, , 1
Java, reverse-complement, 10,  16.92, 7.50, 7.21, 0.00, 0.80, 802, 635, 330, 38.8, , 1
Java, reverse-complement, 10,  16.90, 7.52, 7.23, 0.00, 0.81, 802, 622, 342, 42.2, , 1
Java, reverse-complement, 10,  16.87, 7.57, 7.28, 0.00, 0.80, 796, 629, 330, 38.8, , 1
Java, reverse-complement, 10,  17.06, 7.57, 7.28, 0.00, 0.81, 811, 635, 329, 42.0, , 1
Java, reverse-complement, 10,  16.85, 7.57, 7.28, 0.00, 0.80, 792, 626, 328, 38.8, , 1
Java, reverse-complement, 10,  17.02, 7.57, 7.28, 0.00, 0.80, 799, 622, 341, 42.2, , 1
Java, reverse-complement, 10,  17.18, 7.61, 7.31, 0.00, 0.81, 797, 639, 322, 38.8, , 1
Java, reverse-complement, 10,  16.99, 7.56, 7.26, 0.00, 0.80, 796, 614, 345, 42.0, , 1
Java, reverse-complement, 10,  16.85, 7.56, 7.26, 0.00, 0.80, 795, 618, 341, 38.8, , 1
Java, reverse-complement, 10,  16.96, 7.55, 7.25, 0.00, 0.80, 795, 624, 331, 42.8, , 1
Java, reverse-complement, 10,  17.15, 7.59, 7.30, 0.00, 0.80, 794, 622, 336, 38.8, , 1
Java, reverse-complement, 10,  16.99, 7.46, 7.16, 0.00, 0.80, 800, 622, 339, 42.5, , 1
Java, reverse-complement, 10,  17.05, 7.52, 7.23, 0.00, 0.80, 790, 620, 330, 38.8, , 1
Java, reverse-complement, 10,  16.96, 7.47, 7.18, 0.00, 0.80, 794, 619, 337, 41.8, , 1
Java, reverse-complement, 10,  16.94, 7.59, 7.29, 0.00, 0.80, 794, 630, 328, 38.5, , 1
Java, reverse-complement, 10,  16.92, 7.56, 7.28, 0.00, 0.80, 795, 625, 332, 42.5, , 1
Java, reverse-complement, 10,  16.76, 7.59, 7.29, 0.00, 0.80, 793, 626, 331, 38.8, , 1
Java, reverse-complement, 10,  16.90, 7.61, 7.31, 0.00, 0.80, 792, 613, 342, 42.0, , 1
Java, spectral-norm, 10,  17.92, 8.14, 7.89, 0.00, 0.44, 820, 2982, 37, 38.8, , 1
Java, spectral-norm, 10,  17.78, 8.00, 7.75, 0.00, 0.44, 821, 2986, 40, 41.5, , 1
Java, spectral-norm, 10,  17.61, 7.98, 7.73, 0.00, 0.44, 818, 2985, 54, 38.8, , 1
Java, spectral-norm, 10,  17.87, 8.02, 7.77, 0.00, 0.44, 824, 2999, 41, 41.5, , 1
Java, spectral-norm, 10,  17.91, 7.99, 7.74, 0.00, 0.44, 825, 3003, 43, 38.8, , 1
Java, spectral-norm, 10,  17.58, 7.88, 7.63, 0.00, 0.43, 809, 2951, 33, 41.2, , 1
Java, spectral-norm, 10,  17.67, 7.89, 7.64, 0.00, 0.44, 820, 2982, 47, 38.5, , 1
Java, spectral-norm, 10,  17.94, 7.95, 7.70, 0.00, 0.44, 821, 2987, 33, 41.2, , 1
Java, spectral-norm, 10,  17.92, 8.08, 7.83, 0.00, 0.43, 817, 2961, 41, 38.5, , 1
Java, spectral-norm, 10,  17.63, 7.89, 7.65, 0.00, 0.43, 814, 2992, 49, 41.8, , 1
Java, spectral-norm, 10,  17.50, 7.91, 7.66, 0.00, 0.43, 811, 2955, 42, 38.8, , 1
Java, spectral-norm, 10,  17.62, 7.92, 7.67, 0.00, 0.44, 820, 2949, 42, 41.5, , 1
Java, spectral-norm, 10,  18.03, 8.00, 7.75, 0.00, 0.44, 822, 2981, 34, 38.8, , 1
Java, spectral-norm, 10,  16.61, 7.67, 7.42, 0.00, 0.43, 795, 2857, 41, 41.5, , 1
Java, spectral-norm, 10,  17.62, 7.98, 7.73, 0.00, 0.43, 817, 2958, 41, 38.8, , 1
Java, spectral-norm, 10,  17.97, 7.97, 7.71, 0.00, 0.44, 830, 2966, 42, 41.2, , 1
Java, spectral-norm, 10,  17.80, 8.03, 7.79, 0.00, 0.43, 814, 2967, 41, 38.8, , 1
Java, spectral-norm, 10,  17.81, 7.95, 7.69, 0.00, 0.44, 829, 2997, 38, 41.8, , 1
Java, spectral-norm, 10,  17.89, 8.03, 7.78, 0.00, 0.44, 819, 2976, 41, 38.8, , 1
Java, spectral-norm, 10,  17.79, 7.97, 7.72, 0.00, 0.43, 815, 2954, 38, 41.8, , 1
Python, binary-trees, 10,  1057.13, 448.93, 433.05, 0.00, 40.48, 45728, 162311, 3215, 44.2, , 1
Python, binary-trees, 10,  1043.07, 445.53, 429.85, 0.00, 40.08, 45213, 160403, 3406, 44.0, , 1
Python, binary-trees, 10,  1056.29, 449.45, 433.58, 0.00, 40.51, 45842, 162799, 3424, 44.0, , 1
Python, binary-trees, 10,  1044.27, 446.10, 430.36, 0.00, 40.31, 45376, 161205, 3353, 44.0, , 1
Python, binary-trees, 10,  1041.07, 441.19, 425.53, 0.00, 40.20, 45165, 159859, 3446, 44.8, , 1
Python, binary-trees, 10,  1042.60, 444.95, 429.22, 0.00, 40.38, 45274, 161073, 3360, 44.5, , 1
Python, binary-trees, 10,  1051.18, 448.19, 432.30, 0.00, 40.54, 45750, 162012, 3385, 44.5, , 1
Python, binary-trees, 10,  1043.21, 444.99, 429.21, 0.00, 40.54, 45507, 161429, 3311, 44.5, , 1
Python, binary-trees, 10,  1051.37, 445.06, 429.36, 0.00, 40.32, 45254, 160319, 3410, 44.2, , 1
Python, binary-trees, 10,  1055.28, 447.77, 431.95, 0.00, 40.40, 45575, 161646, 3272, 43.8, , 1
Python, binary-trees, 10,  1056.50, 449.93, 433.99, 0.00, 40.66, 45817, 162517, 3379, 44.2, , 1
Python, binary-trees, 10,  1057.77, 451.16, 435.23, 0.00, 40.74, 45948, 163038, 3441, 44.0, , 1
Python, binary-trees, 10,  1045.25, 446.01, 430.23, 0.00, 40.41, 45471, 161054, 3620, 43.5, , 1
Python, binary-trees, 10,  1040.00, 444.64, 428.88, 0.00, 40.35, 45475, 160893, 3423, 45.0, , 1
Python, binary-trees, 10,  1049.37, 447.34, 431.47, 0.00, 40.72, 45682, 162136, 3389, 44.2, , 1
Python, binary-trees, 10,  1052.33, 446.63, 430.83, 0.00, 40.49, 45510, 161723, 3262, 44.5, , 1
Python, binary-trees, 10,  1045.85, 447.62, 431.79, 0.00, 40.42, 45675, 161834, 3298, 43.2, , 1
Python, binary-trees, 10,  1079.26, 458.78, 442.55, 0.00, 41.12, 46918, 165058, 3323, 43.8, , 1
Python, binary-trees, 10,  1057.05, 451.14, 435.20, 0.00, 40.72, 45879, 162097, 3317, 44.8, , 1
Python, binary-trees, 10,  1041.56, 444.96, 429.25, 0.00, 40.38, 45303, 160577, 3403, 44.2, , 1
Python, fannkuch-redux, 10,  8555.96, 4028.96, 3906.92, 0.00, 203.28, 404461, 1601221, 71, 47.8, , 1
Python, fannkuch-redux, 10,  8640.59, 4089.77, 3965.90, 0.00, 206.35, 410561, 1620935, 39, 46.8, , 1
Python, fannkuch-redux, 10,  8571.47, 4051.34, 3928.63, 0.00, 204.40, 406693, 1612513, 69, 47.8, , 1
Python, fannkuch-redux, 10,  8536.62, 4008.53, 3887.11, 0.00, 202.24, 402357, 1592456, 46, 46.8, , 1
Python, fannkuch-redux, 10,  8585.58, 4052.44, 3929.78, 0.00, 204.49, 406808, 1608752, 208, 47.8, , 1
Python, fannkuch-redux, 10,  8619.41, 4076.54, 3953.07, 0.00, 205.69, 409222, 1618837, 50, 47.2, , 1
Python, fannkuch-redux, 10,  8510.54, 4016.41, 3894.69, 0.00, 202.65, 403181, 1596103, 227, 47.0, , 1
Python, fannkuch-redux, 10,  8575.34, 4047.77, 3925.18, 0.00, 204.24, 406350, 1608394, 153, 47.2, , 1
Python, fannkuch-redux, 10,  8660.12, 4086.93, 3963.09, 0.00, 206.19, 410254, 1623996, 52, 46.8, , 1
Python, fannkuch-redux, 10,  8625.88, 4072.44, 3949.08, 0.00, 205.46, 408808, 1618755, 108, 46.5, , 1
Python, fannkuch-redux, 10,  8553.16, 4035.15, 3912.86, 0.00, 203.59, 405078, 1604151, 84, 47.2, , 1
Python, fannkuch-redux, 10,  8937.05, 4205.58, 4078.16, 0.00, 212.19, 422181, 1671909, 31, 48.2, , 1
Python, fannkuch-redux, 10,  8588.46, 4053.47, 3930.74, 0.00, 204.52, 406915, 1609444, 88, 47.5, , 1
Python, fannkuch-redux, 10,  8550.46, 4041.33, 3918.94, 0.00, 203.91, 405677, 1606257, 41, 47.5, , 1
Python, fannkuch-redux, 10,  8514.04, 4026.15, 3904.25, 0.00, 203.15, 404175, 1600460, 137, 46.8, , 1
Python, fannkuch-redux, 10,  8609.58, 4070.73, 3947.36, 0.00, 205.38, 408639, 1618311, 70, 47.0, , 1
Python, fannkuch-redux, 10,  8575.79, 4043.34, 3920.84, 0.00, 204.66, 405890, 1602239, 58, 48.0, , 1
Python, fannkuch-redux, 10,  8565.25, 4036.53, 3914.29, 0.00, 203.66, 405216, 1604321, 152, 47.5, , 1
Python, fannkuch-redux, 10,  8640.24, 4066.77, 3943.61, 0.00, 205.20, 408244, 1614876, 139, 47.8, , 1
Python, fannkuch-redux, 10,  8638.44, 4080.05, 3956.39, 0.00, 205.87, 409591, 1620115, 82, 47.5, , 1
Python, fasta, 10,  874.36, 421.98, 409.23, 0.00, 21.29, 42353, 42329, 21, 43.8, , 1
Python, fasta, 10,  878.57, 423.84, 411.04, 0.00, 21.37, 42538, 42519, 17, 44.5, , 1
Python, fasta, 10,  871.83, 422.36, 409.58, 0.00, 21.30, 42386, 42354, 30, 44.8, , 1
Python, fasta, 10,  878.87, 424.00, 411.18, 0.00, 21.39, 42554, 42529, 23, 44.5, , 1
Python, fasta, 10,  874.13, 422.25, 409.47, 0.00, 21.30, 42379, 42342, 35, 43.8, , 1
Python, fasta, 10,  869.01, 419.93, 407.23, 0.00, 21.18, 42143, 42111, 30, 44.2, , 1
Python, fasta, 10,  882.50, 426.63, 413.72, 0.00, 21.52, 42815, 42784, 30, 44.0, , 1
Python, fasta, 10,  874.85, 424.47, 411.65, 0.00, 21.42, 42600, 42573, 25, 44.0, , 1
Python, fasta, 10,  878.43, 423.69, 410.86, 0.00, 21.37, 42519, 42492, 25, 44.5, , 1
Python, fasta, 10,  940.65, 453.88, 440.14, 0.00, 22.89, 45548, 45523, 23, 43.8, , 1
Python, fasta, 10,  892.43, 428.55, 415.60, 0.00, 21.62, 43009, 42983, 25, 43.8, , 1
Python, fasta, 10,  896.64, 430.92, 417.89, 0.00, 21.74, 43249, 43210, 37, 43.8, , 1
Python, fasta, 10,  881.41, 425.82, 412.91, 0.00, 21.48, 42732, 42696, 35, 44.2, , 1
Python, fasta, 10,  886.54, 426.13, 413.23, 0.00, 21.49, 42758, 42728, 33, 43.0, , 1
Python, fasta, 10,  888.61, 427.42, 414.48, 0.00, 21.56, 42889, 42860, 31, 43.8, , 1
Python, fasta, 10,  872.97, 422.05, 409.28, 0.00, 21.29, 42353, 42327, 27, 44.0, , 1
Python, fasta, 10,  875.91, 423.49, 410.67, 0.00, 21.36, 42497, 42472, 27, 44.0, , 1
Python, fasta, 10,  882.03, 424.56, 411.71, 0.00, 21.42, 42605, 42580, 27, 43.5, , 1
Python, fasta, 10,  876.69, 423.87, 411.06, 0.00, 21.38, 42536, 42511, 26, 43.8, , 1
Python, fasta, 10,  871.22, 421.32, 408.59, 0.00, 21.25, 42283, 42255, 29, 43.8, , 1
Python, k-nucleotide, 10,  1316.27, 552.89, 534.94, 0.00, 55.86, 55484, 217983, 654, 44.5, , 1
Python, k-nucleotide, 10,  1313.75, 553.00, 535.04, 0.00, 55.80, 55498, 218154, 702, 44.0, , 1
Python, k-nucleotide, 10,  1308.29, 552.37, 534.45, 0.00, 55.64, 55437, 218564, 698, 44.0, , 1
Python, k-nucleotide, 10,  1328.94, 558.58, 540.49, 0.00, 55.98, 56068, 220661, 759, 43.8, , 1
Python, k-nucleotide, 10,  1310.89, 551.34, 533.45, 0.00, 55.47, 55332, 218131, 672, 44.5, , 1
Python, k-nucleotide, 10,  1316.69, 553.54, 535.61, 0.00, 55.56, 55554, 218581, 681, 44.2, , 1
Python, k-nucleotide, 10,  1310.94, 551.36, 533.47, 0.00, 55.62, 55337, 217659, 684, 43.2, , 1
Python, k-nucleotide, 10,  1311.44, 553.75, 535.83, 0.00, 55.56, 55581, 218981, 653, 42.8, , 1
Python, k-nucleotide, 10,  1322.59, 557.83, 539.80, 0.00, 55.68, 55986, 220412, 713, 44.2, , 1
Python, k-nucleotide, 10,  1308.60, 552.94, 535.03, 0.00, 55.50, 55498, 218368, 654, 43.2, , 1
Python, k-nucleotide, 10,  1334.06, 560.82, 542.68, 0.00, 56.05, 56286, 221699, 656, 44.0, , 1
Python, k-nucleotide, 10,  1312.34, 551.12, 533.24, 0.00, 55.53, 55314, 217369, 731, 43.8, , 1
Python, k-nucleotide, 10,  1316.75, 550.82, 532.95, 0.00, 55.50, 55281, 217087, 704, 44.5, , 1
Python, k-nucleotide, 10,  1306.35, 547.23, 529.50, 0.00, 55.05, 54921, 216206, 703, 44.2, , 1
Python, k-nucleotide, 10,  1328.45, 556.68, 538.66, 0.00, 55.73, 55872, 219971, 683, 43.8, , 1
Python, k-nucleotide, 10,  1312.34, 550.89, 533.03, 0.00, 55.44, 55294, 217757, 669, 44.2, , 1
Python, k-nucleotide, 10,  1323.05, 556.18, 538.16, 0.00, 55.79, 55818, 219571, 685, 44.5, , 1
Python, k-nucleotide, 10,  1313.64, 552.25, 534.32, 0.00, 55.71, 55426, 218123, 730, 44.0, , 1
Python, k-nucleotide, 10,  1308.24, 549.35, 531.52, 0.00, 55.25, 55136, 217204, 705, 44.2, , 1
Python, k-nucleotide, 10,  1311.64, 550.46, 532.62, 0.00, 55.28, 55243, 217573, 667, 43.8, , 1
Python, mandelbrot, 10,  4473.69, 2112.26, 2048.36, 0.00, 106.61, 211989, 845080, 1796, 46.0, , 1
Python, mandelbrot, 10,  4490.95, 2121.51, 2057.32, 0.00, 107.09, 212911, 848857, 1747, 45.8, , 1
Python, mandelbrot, 10,  4499.39, 2114.78, 2050.72, 0.00, 106.76, 212233, 846215, 1727, 46.0, , 1
Python, mandelbrot, 10,  4550.07, 2140.98, 2076.19, 0.00, 108.06, 214863, 856623, 1708, 46.2, , 1
Python, mandelbrot, 10,  4473.08, 2118.92, 2054.81, 0.00, 106.95, 212643, 847896, 1752, 45.5, , 1
Python, mandelbrot, 10,  4527.04, 2142.87, 2078.07, 0.00, 108.17, 215050, 857435, 1732, 44.2, , 1
Python, mandelbrot, 10,  4510.90, 2123.90, 2059.67, 0.00, 107.21, 213148, 849896, 1727, 44.0, , 1
Python, mandelbrot, 10,  4485.83, 2116.73, 2052.74, 0.00, 106.86, 212427, 846971, 1697, 43.5, , 1
Python, mandelbrot, 10,  4531.29, 2119.36, 2055.28, 0.00, 106.96, 212694, 848145, 1688, 43.5, , 1
Python, mandelbrot, 10,  4518.92, 2119.89, 2055.80, 0.00, 107.00, 212744, 848188, 1776, 43.2, , 1
Python, mandelbrot, 10,  4527.82, 2118.38, 2054.36, 0.00, 106.92, 212592, 847655, 1763, 43.2, , 1
Python, mandelbrot, 10,  4510.45, 2125.47, 2061.23, 0.00, 107.29, 213302, 850419, 1642, 42.8, , 1
Python, mandelbrot, 10,  4531.26, 2133.80, 2069.29, 0.00, 107.70, 214139, 853821, 1768, 43.5, , 1
Python, mandelbrot, 10,  4529.73, 2130.08, 2065.68, 0.00, 107.51, 213769, 852412, 1669, 43.0, , 1
Python, mandelbrot, 10,  4540.86, 2143.44, 2078.65, 0.00, 108.19, 215091, 857670, 1718, 43.0, , 1
Python, mandelbrot, 10,  4485.51, 2122.45, 2058.13, 0.00, 107.13, 212990, 849423, 1614, 42.5, , 1
Python, mandelbrot, 10,  4497.27, 2124.46, 2060.27, 0.00, 107.24, 213191, 850055, 1644, 42.5, , 1
Python, mandelbrot, 10,  4502.22, 2125.19, 2060.97, 0.00, 107.28, 213267, 850432, 1634, 42.8, , 1
Python, mandelbrot, 10,  4505.48, 2121.03, 2056.96, 0.00, 107.06, 212855, 848835, 1627, 42.5, , 1
Python, mandelbrot, 10,  4535.92, 2138.41, 2073.70, 0.00, 107.96, 214592, 855639, 1677, 42.5, , 1
Python, n-body, 10,  5114.17, 2446.47, 2372.66, 0.00, 123.45, 245601, 245599, 3, 42.8, , 1
Python, n-body, 10,  5303.01, 2539.43, 2462.50, 0.00, 128.13, 254900, 254903, 5, 42.8, , 1
Python, n-body, 10,  5202.50, 2499.27, 2423.61, 0.00, 126.14, 250868, 250868, 6, 43.0, , 1
Python, n-body, 10,  5173.79, 2487.00, 2411.79, 0.00, 125.50, 249640, 249642, 4, 43.0, , 1
Python, n-body, 10,  5128.31, 2456.90, 2382.62, 0.00, 123.96, 246610, 246612, 2, 43.0, , 1
Python, n-body, 10,  5140.90, 2463.21, 2388.72, 0.00, 124.32, 247246, 247245, 4, 43.5, , 1
Python, n-body, 10,  5132.93, 2452.27, 2378.06, 0.00, 123.75, 246122, 246120, 4, 42.2, , 1
Python, n-body, 10,  5347.82, 2564.71, 2487.19, 0.00, 129.43, 257433, 257431, 4, 43.0, , 1
Python, n-body, 10,  5164.37, 2474.69, 2399.71, 0.00, 124.88, 248373, 248374, 1, 42.0, , 1
Python, n-body, 10,  5110.59, 2447.37, 2373.38, 0.00, 123.51, 245660, 245656, 0, 43.0, , 1
Python, n-body, 10,  5143.31, 2451.42, 2377.27, 0.00, 123.72, 246069, 246065, 1, 43.0, , 1
Python, n-body, 10,  5165.39, 2470.40, 2395.24, 0.00, 124.66, 247944, 247937, 0, 42.5, , 1
Python, n-body, 10,  5122.70, 2445.93, 2371.93, 0.00, 123.43, 245496, 245494, 0, 41.8, , 1
Python, n-body, 10,  5109.41, 2448.23, 2373.71, 0.00, 123.54, 245706, 245695, 5, 42.5, , 1
Python, n-body, 10,  5122.82, 2463.49, 2388.96, 0.00, 124.36, 247280, 247278, 2, 43.8, , 1
Python, n-body, 10,  5132.85, 2453.11, 2379.09, 0.00, 123.78, 246256, 246255, 2, 43.5, , 1
Python, n-body, 10,  5136.79, 2458.46, 2384.36, 0.00, 124.03, 246804, 246802, 2, 43.8, , 1
Python, n-body, 10,  5132.80, 2471.65, 2396.99, 0.00, 124.69, 248125, 248110, 4, 45.0, , 1
Python, n-body, 10,  5099.89, 2445.44, 2371.64, 0.00, 123.37, 245513, 245497, 5, 44.8, , 1
Python, n-body, 10,  5091.67, 2444.51, 2370.77, 0.00, 123.33, 245420, 245410, 1, 45.0, , 1
Python, regex-redux, 10,  182.06, 86.52, 83.82, 0.00, 5.21, 8713, 18242, 450, 42.2, , 1
Python, regex-redux, 10,  182.96, 86.55, 83.86, 0.00, 5.21, 8720, 18147, 511, 43.0, , 1
Python, regex-redux, 10,  182.40, 86.15, 83.47, 0.00, 5.19, 8683, 18092, 513, 42.8, , 1
Python, regex-redux, 10,  183.66, 86.97, 84.25, 0.00, 5.24, 8757, 18238, 500, 42.8, , 1
Python, regex-redux, 10,  181.57, 86.28, 83.59, 0.00, 5.20, 8693, 18114, 484, 42.8, , 1
Python, regex-redux, 10,  182.56, 86.56, 83.87, 0.00, 5.21, 8721, 18172, 499, 42.5, , 1
Python, regex-redux, 10,  182.58, 86.24, 83.55, 0.00, 5.19, 8693, 18080, 504, 42.5, , 1
Python, regex-redux, 10,  182.77, 86.41, 83.72, 0.00, 5.22, 8707, 18184, 461, 42.2, , 1
Python, regex-redux, 10,  181.95, 86.52, 83.83, 0.00, 5.21, 8715, 18209, 474, 42.5, , 1
Python, regex-redux, 10,  182.29, 86.62, 83.92, 0.00, 5.22, 8732, 18258, 454, 42.2, , 1
Python, regex-redux, 10,  182.26, 86.89, 84.18, 0.00, 5.22, 8745, 18278, 485, 42.0, , 1
Python, regex-redux, 10,  183.21, 87.09, 84.39, 0.00, 5.24, 8771, 18420, 492, 42.8, , 1
Python, regex-redux, 10,  183.34, 87.07, 84.37, 0.00, 5.24, 8769, 18276, 489, 42.2, , 1
Python, regex-redux, 10,  182.80, 87.22, 84.51, 0.00, 5.24, 8784, 18302, 504, 42.5, , 1
Python, regex-redux, 10,  184.10, 87.37, 84.66, 0.00, 5.25, 8795, 18300, 487, 42.8, , 1
Python, regex-redux, 10,  184.86, 87.32, 84.60, 0.00, 5.26, 8793, 18384, 425, 42.2, , 1
Python, regex-redux, 10,  182.60, 86.43, 83.74, 0.00, 5.20, 8705, 18203, 480, 42.5, , 1
Python, regex-redux, 10,  182.66, 86.58, 83.89, 0.00, 5.21, 8721, 18189, 496, 42.8, , 1
Python, regex-redux, 10,  183.41, 86.85, 84.15, 0.00, 5.23, 8746, 18261, 491, 42.8, , 1
Python, regex-redux, 10,  183.30, 87.04, 84.33, 0.00, 5.24, 8763, 18279, 503, 42.5, , 1
Python, reverse-complement, 10,  34.42, 15.82, 15.30, 0.00, 1.21, 1588, 2105, 554, 41.8, , 1
Python, reverse-complement, 10,  34.19, 15.89, 15.38, 0.00, 1.21, 1595, 2128, 545, 42.2, , 1
Python, reverse-complement, 10,  34.30, 15.81, 15.30, 0.00, 1.20, 1588, 2097, 565, 42.0, , 1
Python, reverse-complement, 10,  34.69, 15.91, 15.40, 0.00, 1.22, 1598, 2095, 579, 42.0, , 1
Python, reverse-complement, 10,  34.60, 15.95, 15.44, 0.00, 1.21, 1602, 2106, 581, 42.2, , 1
Python, reverse-complement, 10,  34.41, 15.84, 15.33, 0.00, 1.21, 1590, 2123, 536, 42.0, , 1
Python, reverse-complement, 10,  34.30, 15.77, 15.27, 0.00, 1.20, 1585, 2110, 541, 41.8, , 1
Python, reverse-complement, 10,  34.55, 15.91, 15.39, 0.00, 1.21, 1596, 2126, 549, 42.0, , 1
Python, reverse-complement, 10,  34.42, 15.82, 15.30, 0.00, 1.21, 1588, 2114, 547, 41.8, , 1
Python, reverse-complement, 10,  34.55, 16.02, 15.50, 0.00, 1.21, 1609, 2123, 578, 41.8, , 1
Python, reverse-complement, 10,  34.14, 15.88, 15.37, 0.00, 1.21, 1594, 2099, 571, 42.0, , 1
Python, reverse-complement, 10,  34.42, 15.84, 15.32, 0.00, 1.21, 1590, 2090, 573, 42.0, , 1
Python, reverse-complement, 10,  35.50, 16.34, 15.81, 0.00, 1.23, 1641, 2150, 562, 41.8, , 1
Python, reverse-complement, 10,  34.42, 15.88, 15.37, 0.00, 1.21, 1595, 2121, 549, 41.5, , 1
Python, reverse-complement, 10,  34.42, 15.79, 15.28, 0.00, 1.20, 1587, 2086, 568, 41.8, , 1
Python, reverse-complement, 10,  34.20, 15.76, 15.26, 0.00, 1.20, 1584, 2155, 502, 42.0, , 1
Python, reverse-complement, 10,  34.60, 15.90, 15.38, 0.00, 1.21, 1597, 2074, 594, 42.2, , 1
Python, reverse-complement, 10,  34.40, 15.84, 15.34, 0.00, 1.21, 1591, 2130, 532, 41.2, , 1
Python, reverse-complement, 10,  34.23, 15.79, 15.28, 0.00, 1.20, 1586, 2112, 538, 42.0, , 1
Python, reverse-complement, 10,  34.24, 15.79, 15.28, 0.00, 1.20, 1586, 2118, 536, 41.8, , 1
Python, spectral-norm, 10,  3162.42, 1476.20, 1431.57, 0.00, 74.66, 148188, 591143, 115, 44.2, , 1
Python, spectral-norm, 10,  3094.81, 1445.90, 1402.06, 0.00, 73.15, 145143, 578753, 147, 44.0, , 1
Python, spectral-norm, 10,  3103.93, 1455.05, 1411.05, 0.00, 73.60, 146058, 582505, 157, 43.8, , 1
Python, spectral-norm, 10,  3083.03, 1443.55, 1399.88, 0.00, 73.01, 144886, 578065, 135, 44.2, , 1
Python, spectral-norm, 10,  3076.25, 1440.05, 1396.50, 0.00, 72.84, 144550, 576587, 130, 44.8, , 1
Python, spectral-norm, 10,  3054.86, 1430.56, 1387.28, 0.00, 72.36, 143589, 572799, 125, 44.5, , 1
Python, spectral-norm, 10,  3078.21, 1439.40, 1395.84, 0.00, 72.87, 144514, 575049, 301, 44.5, , 1
Python, spectral-norm, 10,  3064.43, 1441.13, 1397.55, 0.00, 72.90, 144667, 576366, 204, 45.0, , 1
Python, spectral-norm, 10,  3084.89, 1447.44, 1403.63, 0.00, 73.22, 145315, 578772, 218, 44.5, , 1
Python, spectral-norm, 10,  3080.50, 1444.86, 1401.13, 0.00, 73.09, 145055, 578319, 128, 44.5, , 1
Python, spectral-norm, 10,  3076.78, 1440.27, 1396.67, 0.00, 72.87, 144604, 576456, 159, 44.5, , 1
Python, spectral-norm, 10,  3095.35, 1448.99, 1405.15, 0.00, 73.40, 145497, 577099, 264, 44.8, , 1
Python, spectral-norm, 10,  3085.61, 1448.66, 1404.82, 0.00, 73.30, 145459, 578979, 229, 45.0, , 1
Python, spectral-norm, 10,  3097.09, 1456.75, 1412.69, 0.00, 73.67, 146210, 583336, 121, 45.0, , 1
Python, spectral-norm, 10,  3070.06, 1438.61, 1395.06, 0.00, 72.85, 144451, 574705, 156, 45.0, , 1
Python, spectral-norm, 10,  3102.35, 1458.42, 1414.30, 0.00, 73.79, 146418, 583552, 164, 44.8, , 1
Python, spectral-norm, 10,  3089.22, 1451.88, 1407.95, 0.00, 73.46, 145750, 580643, 215, 45.5, , 1
Python, spectral-norm, 10,  3089.57, 1443.91, 1400.21, 0.00, 73.03, 144945, 578155, 128, 45.0, , 1
Python, spectral-norm, 10,  3092.49, 1454.27, 1410.28, 0.00, 73.56, 145975, 582106, 129, 45.2, , 1
Python, spectral-norm, 10,  3094.38, 1456.30, 1412.22, 0.00, 73.66, 146197, 583063, 127, 44.8, , 1
C, binary-trees, 15,  32.82, 16.85, 16.42, 0.00, 1.23, 1210, 3527, 210, 43.0, , 1
C, binary-trees, 15,  32.74, 16.79, 16.36, 0.00, 1.22, 1207, 3528, 206, 42.5, , 1
C, binary-trees, 15,  32.70, 16.84, 16.40, 0.00, 1.23, 1208, 3519, 210, 43.5, , 1
C, binary-trees, 15,  32.82, 16.86, 16.42, 0.00, 1.23, 1211, 3520, 217, 43.8, , 1
C, binary-trees, 15,  32.83, 16.77, 16.34, 0.00, 1.23, 1206, 3507, 217, 42.8, , 1
C, binary-trees, 15,  32.97, 16.96, 16.52, 0.00, 1.24, 1220, 3549, 207, 43.0, , 1
C, binary-trees, 15,  32.77, 16.78, 16.35, 0.00, 1.23, 1204, 3496, 222, 43.2, , 1
C, binary-trees, 15,  32.68, 16.88, 16.44, 0.00, 1.23, 1211, 3504, 232, 43.2, , 1
C, binary-trees, 15,  32.74, 16.79, 16.36, 0.00, 1.23, 1206, 3497, 228, 43.2, , 1
C, binary-trees, 15,  32.93, 16.78, 16.35, 0.00, 1.23, 1208, 3516, 215, 43.2, , 1
C, binary-trees, 15,  32.83, 16.66, 16.23, 0.00, 1.22, 1198, 3505, 200, 43.0, , 1
C, binary-trees, 15,  32.81, 16.78, 16.35, 0.00, 1.23, 1206, 3515, 207, 43.8, , 1
C, binary-trees, 15,  33.03, 16.76, 16.32, 0.00, 1.24, 1205, 3508, 212, 43.0, , 1
C, binary-trees, 15,  32.79, 16.73, 16.30, 0.00, 1.23, 1204, 3489, 224, 43.0, , 1
C, binary-trees, 15,  32.71, 16.74, 16.31, 0.00, 1.24, 1204, 3495, 225, 42.8, , 1
C, binary-trees, 15,  32.75, 16.71, 16.27, 0.00, 1.22, 1205, 3508, 207, 43.0, , 1
C, binary-trees, 15,  32.71, 16.75, 16.32, 0.00, 1.23, 1206, 3518, 219, 42.5, , 1
C, binary-trees, 15,  32.86, 16.72, 16.29, 0.00, 1.23, 1206, 3497, 226, 43.0, , 1
C, binary-trees, 15,  32.86, 16.81, 16.37, 0.00, 1.23, 1211, 3517, 220, 43.5, , 1
C, binary-trees, 15,  32.95, 16.88, 16.44, 0.00, 1.25, 1212, 3526, 214, 43.5, , 1
C, fannkuch-redux, 15,  68.27, 36.69, 35.95, 0.00, 1.24, 2456, 9758, 0, 43.2, , 1
C, fannkuch-redux, 15,  67.93, 36.66, 35.92, 0.00, 1.23, 2453, 9749, 1, 43.5, , 1
C, fannkuch-redux, 15,  67.65, 36.54, 35.80, 0.00, 1.23, 2445, 9717, 0, 43.8, , 1
C, fannkuch-redux, 15,  67.91, 36.75, 36.01, 0.00, 1.24, 2460, 9775, 9775, 44.0, , 1
C, fannkuch-redux, 15,  67.79, 36.58, 35.83, 0.00, 1.23, 2447, 9726, 9726, 43.8, , 1
C, fannkuch-redux, 15,  67.86, 36.79, 36.06, 0.00, 1.24, 2463, 9787, 1, 43.0, , 1
C, fannkuch-redux, 15,  67.95, 36.62, 35.89, 0.00, 1.23, 2451, 9740, 0, 43.8, , 1
C, fannkuch-redux, 15,  68.26, 36.78, 36.04, 0.00, 1.24, 2462, 9784, 0, 43.8, , 1
C, fannkuch-redux, 15,  68.17, 36.65, 35.91, 0.00, 1.24, 2453, 9745, 2, 43.8, , 1
C, fannkuch-redux, 15,  68.53, 36.51, 35.77, 0.00, 1.23, 2443, 9710, 9710, 43.8, , 1
C, fannkuch-redux, 15,  68.35, 36.44, 35.70, 0.00, 1.23, 2439, 9687, 2, 44.2, , 1
C, fannkuch-redux, 15,  68.12, 36.48, 35.72, 0.00, 1.23, 2440, 9694, 1, 44.2, , 1
C, fannkuch-redux, 15,  68.33, 36.48, 35.73, 0.00, 1.23, 2441, 9701, 9701, 43.5, , 1
C, fannkuch-redux, 15,  68.44, 36.58, 35.83, 0.00, 1.24, 2454, 9732, 1, 43.2, , 1
C, fannkuch-redux, 15,  68.01, 36.76, 36.02, 0.00, 1.24, 2460, 9775, 0, 43.5, , 1
C, fannkuch-redux, 15,  68.04, 36.60, 35.86, 0.00, 1.23, 2449, 9734, 1, 43.2, , 1
C, fannkuch-redux, 15,  68.62, 36.52, 35.77, 0.00, 1.23, 2442, 9699, 0, 43.5, , 1
C, fannkuch-redux, 15,  68.45, 36.45, 35.70, 0.00, 1.23, 2439, 9690, 0, 43.5, , 1
C, fannkuch-redux, 15,  68.45, 36.50, 35.75, 0.00, 1.23, 2442, 9701, 2, 44.0, , 1
C, fannkuch-redux, 15,  68.66, 36.53, 35.79, 0.00, 1.23, 2445, 9714, 0, 44.0, , 1
C, fasta, 15,  12.45, 5.42, 5.22, 0.00, 0.34, 666, 658, 7, 38.8, , 1
C, fasta, 15,  12.29, 5.32, 5.12, 0.00, 0.34, 663, 649, 14, 42.0, , 1
C, fasta, 15,  12.29, 5.33, 5.13, 0.00, 0.34, 663, 642, 20, 38.8, , 1
C, fasta, 15,  12.23, 5.40, 5.21, 0.00, 0.34, 663, 648, 14, 41.8, , 1
C, fasta, 15,  12.30, 5.44, 5.24, 0.00, 0.34, 663, 642, 21, 38.8, , 1
C, fasta, 15,  12.31, 5.39, 5.19, 0.00, 0.33, 663, 647, 16, 42.0, , 1
C, fasta, 15,  12.19, 5.35, 5.15, 0.00, 0.34, 663, 649, 14, 38.8, , 1
C, fasta, 15,  12.36, 5.42, 5.21, 0.00, 0.34, 663, 649, 13, 42.0, , 1
C, fasta, 15,  12.27, 5.37, 5.16, 0.00, 0.34, 663, 634, 28, 38.8, , 1
C, fasta, 15,  12.29, 5.35, 5.14, 0.00, 0.34, 664, 646, 17, 42.0, , 1
C, fasta, 15,  12.21, 5.33, 5.13, 0.00, 0.34, 663, 648, 14, 38.8, , 1
C, fasta, 15,  12.28, 5.45, 5.25, 0.00, 0.34, 663, 652, 11, 41.8, , 1
C, fasta, 15,  12.17, 5.31, 5.11, 0.00, 0.34, 662, 652, 9, 38.8, , 1
C, fasta, 15,  12.24, 5.37, 5.17, 0.00, 0.34, 663, 652, 10, 41.5, , 1
C, fasta, 15,  12.32, 5.39, 5.19, 0.00, 0.33, 663, 639, 23, 38.8, , 1
C, fasta, 15,  12.29, 5.34, 5.14, 0.00, 0.34, 664, 650, 14, 41.5, , 1
C, fasta, 15,  12.43, 5.40, 5.20, 0.00, 0.34, 663, 646, 16, 38.8, , 1
C, fasta, 15,  12.42, 5.39, 5.19, 0.00, 0.34, 664, 646, 17, 41.5, , 1
C, fasta, 15,  12.23, 5.32, 5.12, 0.00, 0.34, 663, 648, 14, 38.8, , 1
C, fasta, 15,  12.30, 5.33, 5.13, 0.00, 0.34, 663, 648, 15, 41.5, , 1
C, k-nucleotide, 15,  102.06, 51.56, 50.33, 0.00, 4.25, 3540, 11788, 97, 44.0, , 1
C, k-nucleotide, 15,  106.21, 53.17, 51.82, 0.00, 4.79, 3661, 11952, 101, 43.8, , 1
C, k-nucleotide, 15,  101.60, 51.35, 50.14, 0.00, 4.13, 3529, 11743, 97, 44.2, , 1
C, k-nucleotide, 15,  105.02, 52.77, 51.47, 0.00, 4.56, 3645, 11891, 86, 44.2, , 1
C, k-nucleotide, 15,  103.71, 52.33, 51.06, 0.00, 4.42, 3598, 11873, 108, 44.8, , 1
C, k-nucleotide, 15,  100.19, 50.63, 49.46, 0.00, 3.99, 3482, 11659, 89, 44.2, , 1
C, k-nucleotide, 15,  103.60, 52.15, 50.88, 0.00, 4.52, 3585, 11813, 91, 45.0, , 1
C, k-nucleotide, 15,  99.62, 50.23, 49.06, 0.00, 3.98, 3455, 11563, 94, 44.8, , 1
C, k-nucleotide, 15,  99.72, 50.34, 49.18, 0.00, 3.88, 3470, 11600, 91, 44.5, , 1
C, k-nucleotide, 15,  104.38, 52.40, 51.14, 0.00, 4.43, 3614, 11866, 93, 44.0, , 1
C, k-nucleotide, 15,  100.76, 50.98, 49.78, 0.00, 4.13, 3508, 11687, 97, 44.2, , 1
C, k-nucleotide, 15,  103.96, 52.65, 51.37, 0.00, 4.52, 3620, 11884, 108, 44.0, , 1
C, k-nucleotide, 15,  103.50, 52.10, 50.83, 0.00, 4.46, 3582, 11838, 94, 44.2, , 1
C, k-nucleotide, 15,  99.88, 50.65, 49.47, 0.00, 3.94, 3515, 11564, 116, 44.0, , 1
C, k-nucleotide, 15,  105.38, 53.08, 51.77, 0.00, 4.63, 3655, 11941, 97, 44.2, , 1
C, k-nucleotide, 15,  104.77, 52.42, 51.14, 0.00, 4.50, 3627, 11766, 117, 42.0, , 1
C, k-nucleotide, 15,  103.21, 52.13, 50.86, 0.00, 4.44, 3581, 11801, 101, 44.0, , 1
C, k-nucleotide, 15,  103.99, 52.47, 51.18, 0.00, 4.56, 3613, 11859, 106, 44.2, , 1
C, k-nucleotide, 15,  101.34, 51.42, 50.21, 0.00, 4.16, 3560, 11698, 103, 43.8, , 1
C, k-nucleotide, 15,  100.92, 51.08, 49.88, 0.00, 4.08, 3553, 11606, 98, 43.5, , 1
C, mandelbrot, 15,  32.56, 17.51, 17.15, 0.00, 0.60, 1170, 4659, 14, 44.0, , 1
C, mandelbrot, 15,  32.59, 17.51, 17.17, 0.00, 0.60, 1171, 4660, 18, 43.5, , 1
C, mandelbrot, 15,  32.71, 17.52, 17.17, 0.00, 0.60, 1170, 4655, 17, 44.0, , 1
C, mandelbrot, 15,  32.47, 17.55, 17.20, 0.00, 0.60, 1172, 4666, 19, 43.8, , 1
C, mandelbrot, 15,  32.47, 17.56, 17.21, 0.00, 0.60, 1173, 4672, 16, 43.5, , 1
C, mandelbrot, 15,  32.64, 17.54, 17.18, 0.00, 0.60, 1173, 4667, 18, 43.8, , 1
C, mandelbrot, 15,  32.59, 17.57, 17.22, 0.00, 0.60, 1174, 4663, 17, 42.8, , 1
C, mandelbrot, 15,  32.60, 17.56, 17.21, 0.00, 0.60, 1174, 4653, 19, 43.5, , 1
C, mandelbrot, 15,  32.73, 17.21, 16.83, 0.00, 0.62, 1218, 4851, 15, 43.2, , 1
C, mandelbrot, 15,  32.52, 17.53, 17.17, 0.00, 0.60, 1171, 4665, 13, 43.0, , 1
C, mandelbrot, 15,  32.70, 17.52, 17.17, 0.00, 0.60, 1171, 4662, 17, 43.5, , 1
C, mandelbrot, 15,  32.70, 17.52, 17.17, 0.00, 0.60, 1170, 4662, 14, 43.0, , 1
C, mandelbrot, 15,  32.71, 17.49, 17.13, 0.00, 0.60, 1168, 4649, 16, 43.2, , 1
C, mandelbrot, 15,  32.63, 17.47, 17.12, 0.00, 0.60, 1167, 4656, 9, 43.2, , 1
C, mandelbrot, 15,  32.64, 17.52, 17.17, 0.00, 0.60, 1170, 4660, 18, 43.0, , 1
C, mandelbrot, 15,  32.71, 17.51, 17.16, 0.00, 0.60, 1170, 4661, 10, 43.5, , 1
C, mandelbrot, 15,  32.50, 17.49, 17.15, 0.00, 0.59, 1169, 4661, 11, 43.8, , 1
C, mandelbrot, 15,  32.63, 17.49, 17.14, 0.00, 0.60, 1168, 4654, 15, 43.5, , 1
C, mandelbrot, 15,  32.60, 17.49, 17.14, 0.00, 0.60, 1169, 4654, 16, 43.5, , 1
C, mandelbrot, 15,  32.48, 17.54, 17.20, 0.00, 0.60, 1173, 4667, 18, 43.2, , 1
C, n-body, 15,  34.27, 16.20, 15.69, 0.00, 0.87, 1722, 1722, 1722, 42.2, , 1
C, n-body, 15,  34.23, 16.17, 15.66, 0.00, 0.87, 1722, 1721, 0, 42.0, , 1
C, n-body, 15,  34.28, 16.27, 15.76, 0.00, 0.87, 1723, 1721, 1, 42.2, , 1
C, n-body, 15,  34.30, 16.13, 15.61, 0.00, 0.87, 1722, 1721, 0, 42.2, , 1
C, n-body, 15,  34.41, 16.31, 15.79, 0.00, 0.87, 1722, 1721, 0, 41.8, , 1
C, n-body, 15,  34.62, 16.33, 15.82, 0.00, 0.87, 1723, 1722, 1, 41.5, , 1
C, n-body, 15,  34.59, 16.41, 15.89, 0.00, 0.87, 1722, 1721, 0, 41.2, , 1
C, n-body, 15,  34.49, 16.42, 15.90, 0.00, 0.87, 1723, 1722, 0, 42.0, , 1
C, n-body, 15,  34.21, 16.29, 15.78, 0.00, 0.87, 1724, 1724, 1724, 41.8, , 1
C, n-body, 15,  34.66, 16.41, 15.89, 0.00, 0.87, 1723, 1722, 1722, 42.8, , 1
C, n-body, 15,  34.33, 16.52, 16.00, 0.00, 0.87, 1723, 1723, 1723, 42.5, , 1
C, n-body, 15,  34.49, 16.35, 15.84, 0.00, 0.87, 1723, 1722, 1, 41.8, , 1
C, n-body, 15,  34.65, 16.47, 15.95, 0.00, 0.87, 1724, 1723, 0, 42.2, , 1
C, n-body, 15,  34.45, 16.29, 15.77, 0.00, 0.87, 1724, 1724, 1724, 41.5, , 1
C, n-body, 15,  34.99, 16.37, 15.85, 0.00, 0.87, 1735, 1733, 1, 41.8, , 1
C, n-body, 15,  34.65, 16.21, 15.69, 0.00, 0.87, 1723, 1723, 1723, 41.8, , 1
C, n-body, 15,  34.39, 16.16, 15.64, 0.00, 0.87, 1723, 1722, 0, 42.5, , 1
C, n-body, 15,  34.14, 16.27, 15.75, 0.00, 0.87, 1722, 1722, 1722, 42.2, , 1
C, n-body, 15,  34.71, 16.52, 16.01, 0.00, 0.87, 1724, 1724, 1724, 41.5, , 1
C, n-body, 15,  34.61, 16.52, 15.99, 0.00, 0.87, 1723, 1721, 1, 41.5, , 1
C, regex-redux, 15,  21.12, 10.78, 10.52, 0.00, 0.64, 812, 2196, 99, 38.8, , 1
C, regex-redux, 15,  21.22, 10.85, 10.59, 0.00, 0.64, 814, 2198, 104, 42.5, , 1
C, regex-redux, 15,  21.29, 10.81, 10.56, 0.00, 0.64, 814, 2206, 92, 38.8, , 1
C, regex-redux, 15,  21.20, 10.76, 10.52, 0.00, 0.64, 812, 2191, 99, 42.5, , 1
C, regex-redux, 15,  21.10, 10.79, 10.54, 0.00, 0.64, 812, 2212, 89, 38.5, , 1
C, regex-redux, 15,  21.10, 10.77, 10.52, 0.00, 0.64, 811, 2197, 97, 43.0, , 1
C, regex-redux, 15,  21.08, 10.77, 10.51, 0.00, 0.64, 811, 2206, 91, 38.8, , 1
C, regex-redux, 15,  21.06, 10.77, 10.53, 0.00, 0.64, 811, 2207, 90, 42.8, , 1
C, regex-redux, 15,  21.16, 10.74, 10.49, 0.00, 0.64, 811, 2210, 86, 38.8, , 1
C, regex-redux, 15,  21.13, 10.79, 10.54, 0.00, 0.64, 811, 2219, 79, 43.0, , 1
C, regex-redux, 15,  21.12, 10.83, 10.58, 0.00, 0.65, 814, 2209, 95, 38.8, , 1
C, regex-redux, 15,  21.14, 10.81, 10.55, 0.00, 0.64, 813, 2204, 99, 42.5, , 1
C, regex-redux, 15,  21.17, 10.77, 10.52, 0.00, 0.65, 812, 2199, 96, 38.8, , 1
C, regex-redux, 15,  21.18, 10.76, 10.52, 0.00, 0.64, 812, 2201, 95, 43.2, , 1
C, regex-redux, 15,  21.00, 10.76, 10.50, 0.00, 0.64, 810, 2195, 97, 38.8, , 1
C, regex-redux, 15,  21.21, 10.81, 10.55, 0.00, 0.64, 812, 2208, 89, 42.8, , 1
C, regex-redux, 15,  21.14, 10.81, 10.56, 0.00, 0.64, 814, 2201, 91, 38.8, , 1
C, regex-redux, 15,  21.24, 10.80, 10.55, 0.00, 0.64, 813, 2193, 100, 43.2, , 1
C, regex-redux, 15,  21.22, 10.76, 10.51, 0.00, 0.64, 812, 2203, 97, 38.8, , 1
C, regex-redux, 15,  21.24, 10.78, 10.52, 0.00, 0.64, 812, 2199, 96, 43.0, , 1
C, reverse-complement, 15,  2.58, 1.17, 1.12, 0.00, 0.16, 106, 71, 85, 38.8, , 1
C, reverse-complement, 15,  2.57, 1.17, 1.13, 0.00, 0.16, 106, 75, 80, 38.8, , 1
C, reverse-complement, 15,  2.58, 1.16, 1.12, 0.00, 0.16, 106, 63, 92, 38.8, , 1
C, reverse-complement, 15,  2.54, 1.13, 1.09, 0.00, 0.16, 107, 70, 86, 38.8, , 1
C, reverse-complement, 15,  2.65, 1.21, 1.16, 0.00, 0.16, 109, 72, 85, 38.8, , 1
C, reverse-complement, 15,  2.58, 1.15, 1.10, 0.00, 0.16, 109, 72, 87, 38.8, , 1
C, reverse-complement, 15,  2.58, 1.15, 1.11, 0.00, 0.16, 108, 71, 86, 38.8, , 1
C, reverse-complement, 15,  2.60, 1.17, 1.12, 0.00, 0.16, 109, 70, 89, 42.2, , 1
C, reverse-complement, 15,  2.56, 1.16, 1.12, 0.00, 0.16, 109, 70, 87, 38.8, , 1
C, reverse-complement, 15,  2.61, 1.19, 1.14, 0.00, 0.16, 109, 72, 86, 38.8, , 1
C, reverse-complement, 15,  2.64, 1.17, 1.12, 0.00, 0.16, 110, 67, 92, 38.8, , 1
C, reverse-complement, 15,  2.58, 1.16, 1.11, 0.00, 0.16, 108, 69, 87, 38.8, , 1
C, reverse-complement, 15,  2.56, 1.14, 1.09, 0.00, 0.16, 108, 77, 80, 38.8, , 1
C, reverse-complement, 15,  2.60, 1.18, 1.13, 0.00, 0.16, 109, 60, 96, 38.8, , 1
C, reverse-complement, 15,  2.60, 1.17, 1.12, 0.00, 0.16, 109, 71, 86, 38.8, , 1
C, reverse-complement, 15,  2.60, 1.18, 1.13, 0.00, 0.16, 107, 68, 89, 42.5, , 1
C, reverse-complement, 15,  2.65, 1.18, 1.13, 0.00, 0.16, 108, 68, 89, 38.8, , 1
C, reverse-complement, 15,  2.63, 1.19, 1.14, 0.00, 0.16, 108, 72, 85, 38.8, , 1
C, reverse-complement, 15,  2.61, 1.16, 1.11, 0.00, 0.16, 110, 66, 92, 38.8, , 1
C, reverse-complement, 15,  2.56, 1.15, 1.10, 0.00, 0.16, 108, 65, 92, 38.8, , 1
C, spectral-norm, 15,  11.07, 5.96, 5.84, 0.00, 0.20, 397, 1587, 0, 38.8, , 1
C, spectral-norm, 15,  11.20, 5.98, 5.86, 0.00, 0.20, 398, 1589, 0, 38.8, , 1
C, spectral-norm, 15,  11.10, 5.95, 5.83, 0.00, 0.20, 396, 1583, 0, 42.8, , 1
C, spectral-norm, 15,  11.06, 5.96, 5.85, 0.00, 0.20, 398, 1587, 0, 38.8, , 1
C, spectral-norm, 15,  11.09, 5.96, 5.85, 0.00, 0.20, 398, 1589, 0, 38.8, , 1
C, spectral-norm, 15,  11.21, 5.96, 5.85, 0.00, 0.20, 398, 1589, 0, 43.5, , 1
C, spectral-norm, 15,  11.13, 5.96, 5.84, 0.00, 0.20, 397, 1587, 1587, 38.8, , 1
C, spectral-norm, 15,  11.17, 5.99, 5.87, 0.00, 0.20, 399, 1593, 1593, 38.8, , 1
C, spectral-norm, 15,  11.09, 5.95, 5.83, 0.00, 0.20, 396, 1582, 0, 43.0, , 1
C, spectral-norm, 15,  11.05, 5.98, 5.86, 0.00, 0.20, 398, 1591, 1591, 38.8, , 1
C, spectral-norm, 15,  11.09, 5.94, 5.83, 0.00, 0.20, 398, 1588, 1588, 38.8, , 1
C, spectral-norm, 15,  11.17, 5.98, 5.86, 0.00, 0.20, 398, 1590, 0, 42.5, , 1
C, spectral-norm, 15,  11.08, 5.98, 5.86, 0.00, 0.20, 398, 1590, 0, 38.5, , 1
C, spectral-norm, 15,  11.10, 5.96, 5.85, 0.00, 0.20, 398, 1589, 1589, 38.5, , 1
C, spectral-norm, 15,  11.14, 5.98, 5.85, 0.00, 0.20, 398, 1590, 1590, 43.0, , 1
C, spectral-norm, 15,  11.06, 5.98, 5.86, 0.00, 0.20, 398, 1591, 1591, 38.5, , 1
C, spectral-norm, 15,  11.10, 5.97, 5.86, 0.00, 0.20, 398, 1589, 2, 38.5, , 1
C, spectral-norm, 15,  11.15, 5.99, 5.86, 0.00, 0.20, 399, 1592, 1, 42.8, , 1
C, spectral-norm, 15,  11.05, 5.96, 5.85, 0.00, 0.20, 398, 1584, 3, 38.8, , 1
C, spectral-norm, 15,  11.11, 5.96, 5.84, 0.00, 0.20, 397, 1587, 0, 38.8, , 1
C++, binary-trees, 15,  30.64, 15.56, 15.14, 0.00, 1.15, 1100, 3680, 206, 42.8, , 1
C++, binary-trees, 15,  31.05, 15.88, 15.45, 0.00, 1.25, 1116, 3775, 180, 43.2, , 1
C++, binary-trees, 15,  31.73, 16.18, 15.72, 0.00, 1.33, 1142, 3879, 168, 42.8, , 1
C++, binary-trees, 15,  30.07, 15.36, 14.95, 0.00, 1.16, 1080, 3655, 159, 43.0, , 1
C++, binary-trees, 15,  31.65, 16.11, 15.66, 0.00, 1.31, 1129, 3818, 225, 43.2, , 1
C++, binary-trees, 15,  27.62, 14.01, 13.64, 0.00, 1.11, 991, 3407, 95, 43.0, , 1
C++, binary-trees, 15,  31.31, 15.73, 15.28, 0.00, 1.27, 1140, 3818, 169, 43.0, , 1
C++, binary-trees, 15,  29.70, 15.09, 14.69, 0.00, 1.14, 1064, 3577, 169, 43.0, , 1
C++, binary-trees, 15,  31.51, 15.86, 15.41, 0.00, 1.28, 1123, 3810, 193, 43.2, , 1
C++, binary-trees, 15,  30.33, 15.39, 14.97, 0.00, 1.15, 1095, 3644, 204, 43.0, , 1
C++, binary-trees, 15,  29.65, 14.99, 14.58, 0.00, 1.14, 1068, 3589, 159, 42.8, , 1
C++, binary-trees, 15,  29.73, 14.89, 14.48, 0.00, 1.15, 1078, 3583, 164, 42.8, , 1
C++, binary-trees, 15,  31.14, 15.58, 15.14, 0.00, 1.25, 1112, 3744, 168, 43.0, , 1
C++, binary-trees, 15,  30.50, 15.53, 15.11, 0.00, 1.15, 1098, 3670, 207, 43.5, , 1
C++, binary-trees, 15,  30.30, 15.39, 14.97, 0.00, 1.15, 1099, 3670, 195, 43.2, , 1
C++, binary-trees, 15,  31.22, 15.82, 15.37, 0.00, 1.27, 1119, 3782, 181, 43.0, , 1
C++, binary-trees, 15,  30.62, 15.43, 14.99, 0.00, 1.27, 1102, 3744, 157, 42.8, , 1
C++, binary-trees, 15,  29.50, 14.91, 14.51, 0.00, 1.17, 1061, 3570, 192, 42.8, , 1
C++, binary-trees, 15,  29.73, 15.13, 14.72, 0.00, 1.14, 1077, 3599, 188, 43.2, , 1
C++, binary-trees, 15,  29.29, 14.79, 14.39, 0.00, 1.14, 1054, 3547, 144, 43.0, , 1
C++, fannkuch-redux, 15,  117.17, 62.89, 61.63, 0.00, 2.12, 4204, 16680, 3, 44.2, , 1
C++, fannkuch-redux, 15,  117.17, 62.69, 61.43, 0.00, 2.11, 4191, 16634, 2, 44.5, , 1
C++, fannkuch-redux, 15,  116.93, 62.76, 61.50, 0.00, 2.11, 4196, 16661, 0, 43.5, , 1
C++, fannkuch-redux, 15,  117.06, 62.58, 61.32, 0.00, 2.10, 4183, 16615, 1, 44.8, , 1
C++, fannkuch-redux, 15,  116.96, 62.60, 61.34, 0.00, 2.11, 4184, 16615, 0, 44.0, , 1
C++, fannkuch-redux, 15,  116.99, 62.72, 61.45, 0.00, 2.11, 4192, 16642, 1, 44.5, , 1
C++, fannkuch-redux, 15,  116.91, 62.73, 61.47, 0.00, 2.11, 4193, 16654, 0, 44.8, , 1
C++, fannkuch-redux, 15,  117.20, 62.67, 61.41, 0.00, 2.11, 4188, 16638, 0, 44.2, , 1
C++, fannkuch-redux, 15,  117.29, 62.70, 61.43, 0.00, 2.11, 4190, 16634, 1, 44.2, , 1
C++, fannkuch-redux, 15,  117.00, 62.66, 61.39, 0.00, 2.11, 4188, 16624, 1, 44.8, , 1
C++, fannkuch-redux, 15,  116.94, 62.77, 61.50, 0.00, 2.11, 4195, 16660, 1, 44.5, , 1
C++, fannkuch-redux, 15,  117.04, 62.66, 61.40, 0.00, 2.11, 4188, 16628, 1, 44.2, , 1
C++, fannkuch-redux, 15,  117.67, 62.84, 61.57, 0.00, 2.12, 4201, 16665, 1, 43.5, , 1
C++, fannkuch-redux, 15,  116.75, 62.71, 61.44, 0.00, 2.11, 4191, 16645, 0, 44.5, , 1
C++, fannkuch-redux, 15,  117.01, 62.66, 61.40, 0.00, 2.11, 4188, 16630, 2, 44.0, , 1
C++, fannkuch-redux, 15,  116.98, 62.85, 61.59, 0.00, 2.11, 4202, 16677, 6, 44.0, , 1
C++, fannkuch-redux, 15,  117.39, 62.77, 61.51, 0.00, 2.11, 4196, 16662, 0, 44.5, , 1
C++, fannkuch-redux, 15,  117.28, 62.78, 61.52, 0.00, 2.11, 4196, 16667, 16667, 44.5, , 1
C++, fannkuch-redux, 15,  116.81, 62.88, 61.61, 0.00, 2.12, 4202, 16688, 16688, 44.5, , 1
C++, fannkuch-redux, 15,  117.12, 62.90, 61.63, 0.00, 2.12, 4204, 16699, 1, 44.0, , 1
C++, fasta, 15,  16.08, 7.79, 7.59, 0.00, 0.33, 659, 1308, 4, 38.8, , 1
C++, fasta, 15,  16.17, 7.75, 7.55, 0.00, 0.33, 658, 1303, 7, 42.2, , 1
C++, fasta, 15,  16.21, 7.77, 7.57, 0.00, 0.33, 658, 1305, 5, 38.8, , 1
C++, fasta, 15,  16.15, 7.75, 7.55, 0.00, 0.33, 659, 1302, 8, 43.2, , 1
C++, fasta, 15,  16.22, 7.73, 7.53, 0.00, 0.33, 659, 1303, 9, 38.8, , 1
C++, fasta, 15,  16.44, 7.82, 7.63, 0.00, 0.33, 660, 1306, 7, 43.0, , 1
C++, fasta, 15,  16.19, 7.73, 7.53, 0.00, 0.33, 659, 1307, 4, 38.8, , 1
C++, fasta, 15,  16.30, 7.74, 7.53, 0.00, 0.33, 659, 1308, 4, 43.5, , 1
C++, fasta, 15,  16.13, 7.74, 7.54, 0.00, 0.33, 658, 1307, 4, 38.8, , 1
C++, fasta, 15,  16.16, 7.71, 7.51, 0.00, 0.33, 659, 1305, 7, 43.2, , 1
C++, fasta, 15,  16.11, 7.82, 7.61, 0.00, 0.33, 659, 1306, 6, 38.8, , 1
C++, fasta, 15,  16.14, 7.70, 7.51, 0.00, 0.33, 659, 1304, 6, 43.0, , 1
C++, fasta, 15,  16.10, 7.71, 7.52, 0.00, 0.33, 659, 1306, 6, 38.8, , 1
C++, fasta, 15,  16.19, 7.70, 7.50, 0.00, 0.33, 659, 1302, 8, 43.0, , 1
C++, fasta, 15,  16.05, 7.71, 7.51, 0.00, 0.33, 659, 1307, 5, 38.8, , 1
C++, fasta, 15,  16.16, 7.69, 7.50, 0.00, 0.33, 659, 1302, 10, 43.2, , 1
C++, fasta, 15,  16.10, 7.77, 7.57, 0.00, 0.33, 659, 1310, 1, 38.8, , 1
C++, fasta, 15,  16.18, 7.78, 7.58, 0.00, 0.33, 659, 1304, 8, 43.2, , 1
C++, fasta, 15,  16.09, 7.74, 7.54, 0.00, 0.33, 659, 1304, 7, 38.8, , 1
C++, fasta, 15,  16.10, 7.75, 7.56, 0.00, 0.33, 659, 1306, 6, 43.0, , 1
C++, k-nucleotide, 15,  63.16, 30.35, 29.25, 0.00, 3.89, 2209, 7029, 182, 43.8, , 1
C++, k-nucleotide, 15,  62.18, 30.03, 28.95, 0.00, 3.78, 2179, 6957, 158, 44.0, , 1
C++, k-nucleotide, 15,  63.39, 30.46, 29.36, 0.00, 3.85, 2221, 7009, 155, 43.2, , 1
C++, k-nucleotide, 15,  65.10, 31.26, 30.13, 0.00, 3.98, 2300, 7235, 145, 42.8, , 1
C++, k-nucleotide, 15,  62.39, 30.07, 28.99, 0.00, 3.81, 2185, 6986, 164, 43.0, , 1
C++, k-nucleotide, 15,  62.00, 29.81, 28.74, 0.00, 3.75, 2159, 6928, 163, 43.2, , 1
C++, k-nucleotide, 15,  61.81, 29.76, 28.69, 0.00, 3.74, 2157, 6888, 161, 43.2, , 1
C++, k-nucleotide, 15,  61.89, 30.03, 28.94, 0.00, 3.79, 2172, 6960, 165, 43.5, , 1
C++, k-nucleotide, 15,  62.92, 30.36, 29.24, 0.00, 3.83, 2229, 6973, 174, 43.5, , 1
C++, k-nucleotide, 15,  61.20, 29.74, 28.67, 0.00, 3.72, 2159, 6888, 153, 43.0, , 1
C++, k-nucleotide, 15,  61.09, 29.75, 28.69, 0.00, 3.77, 2158, 6930, 159, 43.2, , 1
C++, k-nucleotide, 15,  62.01, 30.07, 28.99, 0.00, 3.80, 2188, 6935, 174, 43.0, , 1
C++, k-nucleotide, 15,  62.82, 30.61, 29.51, 0.00, 3.88, 2214, 7099, 146, 42.8, , 1
C++, k-nucleotide, 15,  62.82, 30.41, 29.32, 0.00, 3.89, 2204, 7078, 163, 43.2, , 1
C++, k-nucleotide, 15,  61.81, 30.13, 29.04, 0.00, 3.82, 2176, 6999, 156, 43.5, , 1
C++, k-nucleotide, 15,  61.77, 30.07, 28.99, 0.00, 3.78, 2178, 6984, 147, 43.5, , 1
C++, k-nucleotide, 15,  63.28, 30.69, 29.58, 0.00, 3.95, 2229, 7168, 167, 42.2, , 1
C++, k-nucleotide, 15,  63.96, 31.08, 29.97, 0.00, 3.93, 2257, 7113, 163, 43.5, , 1
C++, k-nucleotide, 15,  63.15, 30.65, 29.55, 0.00, 3.93, 2228, 7146, 172, 42.8, , 1
C++, k-nucleotide, 15,  61.55, 29.99, 28.91, 0.00, 3.79, 2172, 6925, 168, 43.2, , 1
C++, mandelbrot, 15,  25.83, 13.90, 13.63, 0.00, 0.48, 937, 3664, 19, 38.8, , 1
C++, mandelbrot, 15,  25.87, 13.88, 13.60, 0.00, 0.48, 936, 3659, 22, 43.2, , 1
C++, mandelbrot, 15,  25.76, 13.90, 13.62, 0.00, 0.48, 936, 3663, 20, 38.8, , 1
C++, mandelbrot, 15,  25.94, 13.85, 13.56, 0.00, 0.48, 937, 3671, 12, 42.5, , 1
C++, mandelbrot, 15,  25.89, 13.94, 13.65, 0.00, 0.48, 939, 3671, 19, 38.5, , 1
C++, mandelbrot, 15,  25.91, 13.89, 13.62, 0.00, 0.48, 937, 3667, 17, 43.2, , 1
C++, mandelbrot, 15,  25.81, 13.92, 13.64, 0.00, 0.48, 937, 3671, 14, 38.8, , 1
C++, mandelbrot, 15,  26.10, 14.02, 13.74, 0.00, 0.49, 950, 3661, 20, 43.5, , 1
C++, mandelbrot, 15,  25.83, 13.92, 13.63, 0.00, 0.48, 937, 3675, 11, 38.8, , 1
C++, mandelbrot, 15,  25.97, 13.90, 13.62, 0.00, 0.48, 936, 3666, 14, 43.0, , 1
C++, mandelbrot, 15,  25.84, 13.92, 13.65, 0.00, 0.48, 938, 3675, 14, 38.8, , 1
C++, mandelbrot, 15,  25.96, 13.92, 13.63, 0.00, 0.48, 937, 3673, 13, 43.2, , 1
C++, mandelbrot, 15,  25.80, 13.89, 13.61, 0.00, 0.48, 936, 3665, 14, 38.8, , 1
C++, mandelbrot, 15,  25.95, 13.86, 13.58, 0.00, 0.48, 935, 3665, 11, 43.2, , 1
C++, mandelbrot, 15,  26.05, 13.87, 13.60, 0.00, 0.48, 935, 3655, 20, 38.8, , 1
C++, mandelbrot, 15,  26.03, 13.88, 13.59, 0.00, 0.48, 935, 3657, 18, 42.8, , 1
C++, mandelbrot, 15,  26.09, 13.90, 13.62, 0.00, 0.48, 937, 3661, 20, 38.8, , 1
C++, mandelbrot, 15,  25.90, 13.87, 13.59, 0.00, 0.48, 935, 3663, 14, 43.0, , 1
C++, mandelbrot, 15,  25.82, 13.89, 13.60, 0.00, 0.48, 935, 3661, 13, 38.8, , 1
C++, mandelbrot, 15,  25.97, 13.88, 13.59, 0.00, 0.48, 935, 3662, 16, 42.8, , 1
C++, n-body, 15,  35.14, 17.10, 16.59, 0.00, 0.86, 1711, 1711, 1711, 42.0, , 1
C++, n-body, 15,  35.20, 17.01, 16.49, 0.00, 0.86, 1710, 1710, 1, 42.5, , 1
C++, n-body, 15,  35.03, 17.07, 16.55, 0.00, 0.86, 1711, 1710, 0, 42.8, , 1
C++, n-body, 15,  35.22, 17.16, 16.64, 0.00, 0.86, 1713, 1712, 0, 42.2, , 1
C++, n-body, 15,  35.50, 17.17, 16.65, 0.00, 0.86, 1712, 1711, 0, 42.2, , 1
C++, n-body, 15,  35.26, 17.10, 16.59, 0.00, 0.86, 1711, 1710, 0, 41.8, , 1
C++, n-body, 15,  35.31, 17.11, 16.60, 0.00, 0.86, 1712, 1711, 1, 41.8, , 1
C++, n-body, 15,  35.35, 17.14, 16.63, 0.00, 0.86, 1711, 1711, 1, 41.8, , 1
C++, n-body, 15,  35.45, 17.07, 16.56, 0.00, 0.86, 1712, 1711, 0, 42.2, , 1
C++, n-body, 15,  35.25, 17.13, 16.61, 0.00, 0.86, 1711, 1711, 1711, 42.0, , 1
C++, n-body, 15,  35.24, 17.10, 16.59, 0.00, 0.86, 1712, 1711, 1, 42.2, , 1
C++, n-body, 15,  35.24, 17.11, 16.60, 0.00, 0.86, 1712, 1711, 1, 43.0, , 1
C++, n-body, 15,  35.16, 17.14, 16.63, 0.00, 0.86, 1711, 1712, 1712, 42.5, , 1
C++, n-body, 15,  35.24, 17.06, 16.55, 0.00, 0.86, 1712, 1711, 0, 42.5, , 1
C++, n-body, 15,  35.54, 17.08, 16.57, 0.00, 0.86, 1712, 1711, 0, 42.5, , 1
C++, n-body, 15,  35.23, 17.06, 16.55, 0.00, 0.86, 1712, 1711, 1, 42.8, , 1
C++, n-body, 15,  35.28, 17.12, 16.62, 0.00, 0.86, 1711, 1711, 1711, 42.5, , 1
C++, n-body, 15,  35.46, 17.05, 16.53, 0.00, 0.86, 1711, 1710, 1, 42.2, , 1
C++, n-body, 15,  35.15, 17.03, 16.52, 0.00, 0.86, 1711, 1710, 0, 42.0, , 1
C++, n-body, 15,  35.26, 17.11, 16.60, 0.00, 0.86, 1711, 1711, 1, 42.0, , 1
C++, regex-redux, 15,  27.00, 13.49, 13.13, 0.00, 0.86, 1127, 2114, 180, 42.8, , 1
C++, regex-redux, 15,  27.26, 13.39, 13.03, 0.00, 0.86, 1117, 2096, 192, 42.0, , 1
C++, regex-redux, 15,  26.27, 13.06, 12.71, 0.00, 0.83, 1081, 2132, 182, 41.8, , 1
C++, regex-redux, 15,  27.37, 13.59, 13.23, 0.00, 0.88, 1125, 2132, 179, 42.5, , 1
C++, regex-redux, 15,  26.00, 12.92, 12.58, 0.00, 0.83, 1064, 2180, 174, 42.2, , 1
C++, regex-redux, 15,  26.87, 13.42, 13.06, 0.00, 0.85, 1110, 2115, 187, 42.2, , 1
C++, regex-redux, 15,  26.72, 13.41, 13.05, 0.00, 0.85, 1105, 2138, 188, 42.5, , 1
C++, regex-redux, 15,  27.35, 13.65, 13.29, 0.00, 0.87, 1134, 2116, 186, 41.8, , 1
C++, regex-redux, 15,  26.50, 13.26, 12.92, 0.00, 0.85, 1083, 2142, 210, 42.0, , 1
C++, regex-redux, 15,  27.43, 13.58, 13.23, 0.00, 0.87, 1131, 2119, 189, 41.8, , 1
C++, regex-redux, 15,  27.21, 13.46, 13.10, 0.00, 0.86, 1113, 2128, 184, 42.0, , 1
C++, regex-redux, 15,  26.88, 13.16, 12.82, 0.00, 0.86, 1078, 2153, 186, 41.8, , 1
C++, regex-redux, 15,  27.48, 13.67, 13.26, 0.00, 0.87, 1133, 2112, 190, 42.5, , 1
C++, regex-redux, 15,  27.14, 13.51, 13.15, 0.00, 0.86, 1124, 2115, 189, 43.5, , 1
C++, regex-redux, 15,  27.27, 13.58, 13.22, 0.00, 0.87, 1130, 2130, 176, 41.8, , 1
C++, regex-redux, 15,  26.85, 13.55, 13.19, 0.00, 0.86, 1118, 2130, 178, 41.8, , 1
C++, regex-redux, 15,  26.39, 13.29, 12.94, 0.00, 0.85, 1085, 2135, 179, 42.5, , 1
C++, regex-redux, 15,  27.13, 13.50, 13.14, 0.00, 0.86, 1121, 2131, 168, 42.5, , 1
C++, regex-redux, 15,  26.31, 13.21, 12.85, 0.00, 0.85, 1084, 2146, 188, 42.2, , 1
C++, regex-redux, 15,  26.97, 13.63, 13.28, 0.00, 0.87, 1117, 2140, 184, 43.2, , 1
C++, reverse-complement, 15,  3.55, 1.61, 1.54, 0.00, 0.21, 160, 71, 88, 38.8, , 1
C++, reverse-complement, 15,  3.57, 1.63, 1.56, 0.00, 0.21, 161, 69, 90, 38.8, , 1
C++, reverse-complement, 15,  3.57, 1.63, 1.57, 0.00, 0.21, 161, 72, 88, 38.8, , 1
C++, reverse-complement, 15,  3.55, 1.60, 1.54, 0.00, 0.21, 160, 70, 90, 38.8, , 1
C++, reverse-complement, 15,  3.56, 1.61, 1.54, 0.00, 0.21, 160, 72, 88, 38.8, , 1
C++, reverse-complement, 15,  3.57, 1.62, 1.55, 0.00, 0.21, 160, 71, 89, 42.2, , 1
C++, reverse-complement, 15,  3.58, 1.63, 1.56, 0.00, 0.21, 161, 68, 92, 38.5, , 1
C++, reverse-complement, 15,  3.65, 1.63, 1.56, 0.00, 0.21, 161, 61, 100, 38.5, , 1
C++, reverse-complement, 15,  3.58, 1.63, 1.56, 0.00, 0.21, 161, 63, 98, 38.5, , 1
C++, reverse-complement, 15,  3.59, 1.64, 1.58, 0.00, 0.21, 161, 73, 88, 38.5, , 1
C++, reverse-complement, 15,  3.57, 1.64, 1.57, 0.00, 0.21, 160, 62, 97, 38.5, , 1
C++, reverse-complement, 15,  3.59, 1.62, 1.55, 0.00, 0.21, 162, 71, 91, 41.2, , 1
C++, reverse-complement, 15,  3.65, 1.61, 1.54, 0.00, 0.21, 161, 75, 86, 38.8, , 1
C++, reverse-complement, 15,  3.57, 1.61, 1.54, 0.00, 0.21, 161, 72, 89, 38.8, , 1
C++, reverse-complement, 15,  3.62, 1.62, 1.55, 0.00, 0.21, 161, 67, 94, 38.8, , 1
C++, reverse-complement, 15,  3.58, 1.61, 1.54, 0.00, 0.21, 161, 83, 77, 38.8, , 1
C++, reverse-complement, 15,  3.64, 1.62, 1.56, 0.00, 0.21, 163, 85, 78, 38.8, , 1
C++, reverse-complement, 15,  3.65, 1.62, 1.56, 0.00, 0.21, 164, 75, 89, 42.0, , 1
C++, reverse-complement, 15,  3.60, 1.61, 1.54, 0.00, 0.21, 162, 78, 83, 38.8, , 1
C++, reverse-complement, 15,  3.65, 1.62, 1.55, 0.00, 0.21, 163, 67, 95, 38.8, , 1
C++, spectral-norm, 15,  11.55, 6.09, 5.97, 0.00, 0.21, 406, 1623, 1623, 38.8, , 1
C++, spectral-norm, 15,  11.43, 6.07, 5.96, 0.00, 0.21, 405, 1617, 2, 38.8, , 1
C++, spectral-norm, 15,  11.56, 6.14, 6.02, 0.00, 0.21, 410, 1631, 0, 43.0, , 1
C++, spectral-norm, 15,  11.49, 6.09, 5.97, 0.00, 0.21, 406, 1621, 0, 38.8, , 1
C++, spectral-norm, 15,  11.47, 6.09, 5.97, 0.00, 0.21, 407, 1623, 0, 38.8, , 1
C++, spectral-norm, 15,  11.52, 6.12, 6.00, 0.00, 0.21, 408, 1629, 0, 43.2, , 1
C++, spectral-norm, 15,  11.47, 6.09, 5.97, 0.00, 0.21, 406, 1620, 2, 38.8, , 1
C++, spectral-norm, 15,  11.40, 6.10, 5.98, 0.00, 0.21, 407, 1627, 1627, 38.8, , 1
C++, spectral-norm, 15,  11.46, 6.10, 5.98, 0.00, 0.21, 407, 1626, 1626, 43.0, , 1
C++, spectral-norm, 15,  11.39, 6.13, 6.00, 0.00, 0.21, 409, 1631, 0, 38.5, , 1
C++, spectral-norm, 15,  11.37, 6.09, 5.98, 0.00, 0.21, 407, 1625, 0, 38.5, , 1
C++, spectral-norm, 15,  11.40, 6.09, 5.98, 0.00, 0.21, 407, 1626, 1626, 43.0, , 1
C++, spectral-norm, 15,  11.47, 6.10, 5.99, 0.00, 0.21, 408, 1627, 0, 38.8, , 1
C++, spectral-norm, 15,  11.49, 6.11, 5.99, 0.00, 0.21, 408, 1627, 0, 38.8, , 1
C++, spectral-norm, 15,  11.42, 6.09, 5.98, 0.00, 0.21, 407, 1624, 1, 43.5, , 1
C++, spectral-norm, 15,  11.45, 6.11, 5.98, 0.00, 0.21, 407, 1623, 1, 38.8, , 1
C++, spectral-norm, 15,  11.41, 6.11, 5.99, 0.00, 0.21, 408, 1628, 1, 38.8, , 1
C++, spectral-norm, 15,  11.43, 6.10, 5.98, 0.00, 0.21, 407, 1627, 1627, 43.2, , 1
C++, spectral-norm, 15,  11.56, 6.12, 5.99, 0.00, 0.21, 408, 1628, 0, 38.8, , 1
C++, spectral-norm, 15,  11.50, 6.13, 6.00, 0.00, 0.21, 409, 1632, 1632, 38.8, , 1
Java, binary-trees, 15,  87.22, 41.59, 40.00, 0.00, 5.67, 2887, 9284, 581, 43.0, , 1
Java, binary-trees, 15,  87.65, 41.92, 40.34, 0.00, 5.67, 2899, 9334, 649, 43.2, , 1
Java, binary-trees, 15,  86.96, 41.57, 39.99, 0.00, 5.67, 2882, 9359, 558, 43.0, , 1
Java, binary-trees, 15,  88.27, 42.35, 40.75, 0.00, 5.74, 2949, 9484, 645, 43.0, , 1
Java, binary-trees, 15,  86.79, 41.82, 40.24, 0.00, 5.65, 2888, 9303, 619, 43.0, , 1
Java, binary-trees, 15,  89.75, 42.95, 41.33, 0.00, 5.78, 2973, 9546, 692, 43.8, , 1
Java, binary-trees, 15,  89.95, 43.40, 41.77, 0.00, 5.79, 3032, 9564, 690, 43.2, , 1
Java, binary-trees, 15,  87.40, 42.13, 40.54, 0.00, 5.70, 2906, 9409, 615, 43.5, , 1
Java, binary-trees, 15,  87.95, 42.40, 40.81, 0.00, 5.69, 2938, 9324, 668, 43.2, , 1
Java, binary-trees, 15,  88.67, 42.40, 40.78, 0.00, 5.77, 2966, 9539, 624, 43.0, , 1
Java, binary-trees, 15,  87.74, 42.43, 40.84, 0.00, 5.72, 2925, 9442, 621, 43.5, , 1
Java, binary-trees, 15,  86.75, 41.79, 40.21, 0.00, 5.66, 2893, 9255, 637, 42.8, , 1
Java, binary-trees, 15,  90.34, 43.55, 41.92, 0.00, 5.82, 3048, 9649, 659, 43.2, , 1
Java, binary-trees, 15,  87.03, 41.88, 40.30, 0.00, 5.68, 2887, 9329, 594, 43.2, , 1
Java, binary-trees, 15,  89.64, 43.02, 41.40, 0.00, 5.76, 2998, 9475, 633, 42.5, , 1
Java, binary-trees, 15,  87.74, 42.41, 40.80, 0.00, 5.74, 2949, 9446, 670, 42.5, , 1
Java, binary-trees, 15,  88.53, 42.72, 41.12, 0.00, 5.77, 2950, 9563, 629, 43.0, , 1
Java, binary-trees, 15,  87.66, 42.27, 40.68, 0.00, 5.72, 2924, 9487, 604, 42.5, , 1
Java, binary-trees, 15,  86.03, 41.73, 40.16, 0.00, 5.65, 2879, 9267, 635, 42.5, , 1
Java, binary-trees, 15,  88.50, 42.31, 40.71, 0.00, 5.70, 2950, 9361, 634, 43.2, , 1
Java, fannkuch-redux, 15,  304.51, 161.20, 157.95, 0.00, 5.45, 10801, 42700, 24, 42.5, , 1
Java, fannkuch-redux, 15,  292.21, 154.95, 151.82, 0.00, 5.24, 10380, 41046, 19, 43.2, , 1
Java, fannkuch-redux, 15,  303.05, 161.17, 157.92, 0.00, 5.44, 10787, 42689, 31, 44.0, , 1
Java, fannkuch-redux, 15,  305.79, 162.55, 159.28, 0.00, 5.49, 10875, 43011, 17, 44.2, , 1
Java, fannkuch-redux, 15,  297.73, 158.14, 154.94, 0.00, 5.34, 10578, 41845, 27, 44.2, , 1
Java, fannkuch-redux, 15,  292.01, 155.04, 151.92, 0.00, 5.23, 10372, 41039, 18, 44.0, , 1
Java, fannkuch-redux, 15,  291.12, 154.82, 151.69, 0.00, 5.23, 10368, 40958, 23, 43.5, , 1
Java, fannkuch-redux, 15,  296.62, 157.97, 154.78, 0.00, 5.34, 10584, 41813, 20, 43.2, , 1
Java, fannkuch-redux, 15,  304.51, 161.96, 158.69, 0.00, 5.47, 10837, 42837, 27, 43.8, , 1
Java, fannkuch-redux, 15,  290.85, 154.81, 151.69, 0.00, 5.22, 10359, 40960, 28, 44.5, , 1
Java, fannkuch-redux, 15,  291.74, 154.99, 151.86, 0.00, 5.23, 10370, 41016, 20, 44.0, , 1
Java, fannkuch-redux, 15,  306.03, 162.29, 159.01, 0.00, 5.48, 10860, 42947, 28, 44.0, , 1
Java, fannkuch-redux, 15,  310.58, 164.93, 161.59, 0.00, 5.57, 11039, 43685, 26, 44.2, , 1
Java, fannkuch-redux, 15,  296.90, 157.12, 153.95, 0.00, 5.31, 10516, 41623, 17, 43.8, , 1
Java, fannkuch-redux, 15,  306.24, 162.54, 159.26, 0.00, 5.48, 10874, 43059, 24, 44.0, , 1
Java, fannkuch-redux, 15,  297.36, 157.82, 154.64, 0.00, 5.33, 10564, 41820, 26, 42.8, , 1
Java, fannkuch-redux, 15,  292.43, 154.96, 151.83, 0.00, 5.24, 10369, 41045, 28, 44.2, , 1
Java, fannkuch-redux, 15,  309.69, 163.79, 160.47, 0.00, 5.53, 10962, 43369, 34, 44.2, , 1
Java, fannkuch-redux, 15,  291.77, 154.67, 151.55, 0.00, 5.22, 10353, 40992, 14, 44.8, , 1
Java, fannkuch-redux, 15,  306.71, 162.79, 159.50, 0.00, 5.50, 10897, 43125, 15, 44.5, , 1
Java, fasta, 15,  32.37, 16.95, 16.58, 0.00, 0.65, 1189, 3630, 45, 41.5, , 1
Java, fasta, 15,  31.63, 16.88, 16.53, 0.00, 0.61, 1142, 3628, 42, 43.0, , 1
Java, fasta, 15,  31.92, 16.99, 16.64, 0.00, 0.62, 1146, 3634, 58, 43.2, , 1
Java, fasta, 15,  31.43, 16.55, 16.21, 0.00, 0.61, 1132, 3556, 51, 42.8, , 1
Java, fasta, 15,  31.12, 16.43, 16.09, 0.00, 0.60, 1119, 3549, 51, 42.8, , 1
Java, fasta, 15,  31.62, 16.48, 16.13, 0.00, 0.62, 1153, 3631, 40, 43.0, , 1
Java, fasta, 15,  31.22, 16.31, 15.97, 0.00, 0.61, 1132, 3592, 39, 42.8, , 1
Java, fasta, 15,  31.34, 16.49, 16.15, 0.00, 0.61, 1127, 3546, 34, 42.5, , 1
Java, fasta, 15,  31.55, 16.55, 16.20, 0.00, 0.61, 1135, 3531, 48, 42.0, , 1
Java, fasta, 15,  31.72, 16.23, 15.87, 0.00, 0.64, 1181, 3743, 45, 42.5, , 1
Java, fasta, 15,  31.56, 16.71, 16.37, 0.00, 0.61, 1133, 3572, 45, 43.2, , 1
Java, fasta, 15,  31.86, 16.56, 16.22, 0.00, 0.62, 1152, 3655, 37, 43.0, , 1
Java, fasta, 15,  31.62, 16.33, 15.98, 0.00, 0.63, 1163, 3719, 38, 43.0, , 1
Java, fasta, 15,  31.63, 16.27, 15.90, 0.00, 0.64, 1185, 3771, 55, 43.2, , 1
Java, fasta, 15,  31.57, 16.23, 15.87, 0.00, 0.63, 1176, 3720, 35, 42.2, , 1
Java, fasta, 15,  31.34, 16.49, 16.15, 0.00, 0.62, 1141, 3607, 52, 42.8, , 1
Java, fasta, 15,  31.29, 16.59, 16.25, 0.00, 0.60, 1119, 3554, 42, 42.2, , 1
Java, fasta, 15,  31.67, 16.20, 15.84, 0.00, 0.65, 1200, 3818, 45, 42.5, , 1
Java, fasta, 15,  31.02, 15.93, 15.58, 0.00, 0.62, 1148, 3614, 45, 42.8, , 1
Java, fasta, 15,  31.84, 16.51, 16.16, 0.00, 0.62, 1156, 3661, 44, 43.0, , 1
Java, k-nucleotide, 15,  127.77, 65.32, 63.90, 0.00, 3.87, 4614, 15640, 215, 42.2, , 1
Java, k-nucleotide, 15,  127.23, 64.98, 63.57, 0.00, 3.84, 4595, 15532, 198, 42.8, , 1
Java, k-nucleotide, 15,  129.41, 66.16, 64.72, 0.00, 3.92, 4669, 15868, 212, 42.5, , 1
Java, k-nucleotide, 15,  126.52, 64.98, 63.56, 0.00, 3.82, 4573, 15606, 197, 43.0, , 1
Java, k-nucleotide, 15,  125.83, 64.69, 63.28, 0.00, 3.82, 4562, 15473, 180, 43.2, , 1
Java, k-nucleotide, 15,  127.36, 65.56, 64.14, 0.00, 3.85, 4623, 15675, 221, 43.2, , 1
Java, k-nucleotide, 15,  127.57, 65.77, 64.32, 0.00, 3.87, 4660, 15868, 198, 44.0, , 1
Java, k-nucleotide, 15,  129.48, 66.11, 64.67, 0.00, 3.90, 4658, 15864, 226, 43.0, , 1
Java, k-nucleotide, 15,  131.55, 67.40, 65.95, 0.00, 3.96, 4736, 16175, 199, 43.0, , 1
Java, k-nucleotide, 15,  130.95, 66.73, 65.28, 0.00, 3.94, 4692, 15944, 202, 43.0, , 1
Java, k-nucleotide, 15,  128.25, 65.59, 64.16, 0.00, 3.89, 4638, 15691, 213, 42.5, , 1
Java, k-nucleotide, 15,  129.85, 66.26, 64.81, 0.00, 3.88, 4671, 15895, 213, 43.5, , 1
Java, k-nucleotide, 15,  129.19, 65.94, 64.50, 0.00, 3.88, 4655, 15798, 196, 43.5, , 1
Java, k-nucleotide, 15,  130.04, 66.22, 64.77, 0.00, 3.91, 4679, 15893, 218, 42.0, , 1
Java, k-nucleotide, 15,  128.80, 65.80, 64.36, 0.00, 3.85, 4656, 15704, 207, 43.2, , 1
Java, k-nucleotide, 15,  128.24, 65.64, 64.21, 0.00, 3.86, 4615, 15736, 203, 43.5, , 1
Java, k-nucleotide, 15,  129.44, 65.99, 64.55, 0.00, 3.89, 4665, 15798, 223, 43.2, , 1
Java, k-nucleotide, 15,  130.26, 66.64, 65.18, 0.00, 3.94, 4712, 15958, 209, 42.5, , 1
Java, k-nucleotide, 15,  129.13, 66.35, 64.91, 0.00, 3.86, 4680, 15947, 194, 42.2, , 1
Java, k-nucleotide, 15,  127.96, 65.85, 64.41, 0.00, 3.90, 4654, 15769, 200, 42.5, , 1
Java, mandelbrot, 15,  106.23, 56.64, 55.48, 0.00, 1.98, 3814, 14917, 61, 42.5, , 1
Java, mandelbrot, 15,  110.25, 58.72, 57.52, 0.00, 2.05, 3947, 15477, 71, 43.0, , 1
Java, mandelbrot, 15,  110.74, 58.73, 57.53, 0.00, 2.06, 3966, 15505, 64, 41.5, , 1
Java, mandelbrot, 15,  107.07, 56.92, 55.76, 0.00, 1.99, 3819, 15011, 57, 43.2, , 1
Java, mandelbrot, 15,  107.83, 57.26, 56.09, 0.00, 2.01, 3868, 15183, 64, 43.5, , 1
Java, mandelbrot, 15,  106.26, 56.46, 55.30, 0.00, 1.99, 3830, 14974, 69, 42.8, , 1
Java, mandelbrot, 15,  109.55, 57.85, 56.68, 0.00, 2.01, 3880, 15258, 66, 43.5, , 1
Java, mandelbrot, 15,  109.01, 57.92, 56.74, 0.00, 2.02, 3892, 15300, 63, 43.5, , 1
Java, mandelbrot, 15,  108.59, 57.72, 56.54, 0.00, 2.01, 3875, 15233, 55, 43.5, , 1
Java, mandelbrot, 15,  109.70, 58.08, 56.90, 0.00, 2.03, 3916, 15393, 62, 43.5, , 1
Java, mandelbrot, 15,  109.77, 57.94, 56.77, 0.00, 2.02, 3890, 15289, 66, 43.5, , 1
Java, mandelbrot, 15,  110.22, 58.32, 57.13, 0.00, 2.04, 3920, 15406, 55, 43.0, , 1
Java, mandelbrot, 15,  109.15, 58.07, 56.89, 0.00, 2.02, 3898, 15320, 67, 43.5, , 1
Java, mandelbrot, 15,  108.45, 57.52, 56.34, 0.00, 2.01, 3874, 15217, 61, 44.2, , 1
Java, mandelbrot, 15,  109.37, 57.88, 56.70, 0.00, 2.02, 3884, 15264, 67, 43.8, , 1
Java, mandelbrot, 15,  109.47, 58.15, 56.97, 0.00, 2.03, 3911, 15335, 62, 43.0, , 1
Java, mandelbrot, 15,  109.65, 58.39, 57.20, 0.00, 2.04, 3917, 15394, 61, 43.5, , 1
Java, mandelbrot, 15,  116.09, 61.43, 60.14, 0.00, 2.22, 4120, 15330, 64, 43.2, , 1
Java, mandelbrot, 15,  106.20, 56.33, 55.19, 0.00, 1.97, 3785, 14879, 63, 43.2, , 1
Java, mandelbrot, 15,  109.68, 58.26, 57.07, 0.00, 2.04, 3918, 15405, 63, 43.0, , 1
Java, n-body, 15,  80.58, 37.19, 35.96, 0.00, 2.06, 4059, 4062, 22, 42.8, , 1
Java, n-body, 15,  80.57, 37.72, 36.51, 0.00, 2.06, 4059, 4066, 16, 41.5, , 1
Java, n-body, 15,  81.06, 37.62, 36.40, 0.00, 2.06, 4059, 4067, 16, 42.2, , 1
Java, n-body, 15,  80.45, 36.98, 35.77, 0.00, 2.05, 4039, 4044, 18, 42.0, , 1
Java, n-body, 15,  80.04, 36.90, 35.69, 0.00, 2.05, 4035, 4047, 13, 41.5, , 1
Java, n-body, 15,  80.83, 37.80, 36.58, 0.00, 2.07, 4077, 4064, 19, 41.2, , 1
Java, n-body, 15,  80.28, 37.43, 36.22, 0.00, 2.06, 4054, 4040, 19, 41.2, , 1
Java, n-body, 15,  80.46, 37.64, 36.43, 0.00, 2.06, 4051, 4046, 15, 41.0, , 1
Java, n-body, 15,  80.42, 37.34, 36.13, 0.00, 2.05, 4037, 4042, 20, 41.2, , 1
Java, n-body, 15,  81.24, 37.68, 36.46, 0.00, 2.07, 4077, 4073, 10, 41.2, , 1
Java, n-body, 15,  80.57, 37.58, 36.37, 0.00, 2.06, 4060, 4066, 18, 42.0, , 1
Java, n-body, 15,  80.27, 36.90, 35.68, 0.00, 2.06, 4051, 4043, 16, 41.2, , 1
Java, n-body, 15,  79.86, 36.62, 35.40, 0.00, 2.05, 4034, 4043, 15, 41.8, , 1
Java, n-body, 15,  80.63, 37.68, 36.46, 0.00, 2.06, 4059, 4060, 23, 41.8, , 1
Java, n-body, 15,  80.53, 36.63, 35.41, 0.00, 2.05, 4036, 4044, 19, 42.5, , 1
Java, n-body, 15,  80.54, 36.94, 35.73, 0.00, 2.05, 4035, 4040, 19, 41.8, , 1
Java, n-body, 15,  80.40, 37.02, 35.80, 0.00, 2.06, 4050, 4048, 14, 41.5, , 1
Java, n-body, 15,  80.61, 36.78, 35.57, 0.00, 2.06, 4058, 4046, 13, 40.8, , 1
Java, n-body, 15,  80.39, 36.55, 35.34, 0.00, 2.05, 4039, 4043, 20, 40.0, , 1
Java, n-body, 15,  80.89, 37.11, 35.89, 0.00, 2.06, 4059, 4066, 18, 42.0, , 1
Java, regex-redux, 15,  141.44, 71.90, 70.23, 0.00, 3.64, 5265, 16245, 331, 43.0, , 1
Java, regex-redux, 15,  141.39, 72.07, 70.41, 0.00, 3.61, 5236, 16362, 315, 42.8, , 1
Java, regex-redux, 15,  138.06, 70.56, 68.93, 0.00, 3.57, 5120, 15985, 336, 43.2, , 1
Java, regex-redux, 15,  141.82, 72.44, 70.76, 0.00, 3.62, 5278, 16587, 333, 43.2, , 1
Java, regex-redux, 15,  138.86, 71.04, 69.39, 0.00, 3.59, 5162, 16081, 316, 42.2, , 1
Java, regex-redux, 15,  139.08, 71.58, 69.94, 0.00, 3.59, 5176, 16198, 313, 42.2, , 1
Java, regex-redux, 15,  139.41, 71.60, 69.94, 0.00, 3.59, 5196, 16117, 311, 42.8, , 1
Java, regex-redux, 15,  143.53, 73.47, 71.76, 0.00, 3.68, 5354, 16463, 311, 42.5, , 1
Java, regex-redux, 15,  139.80, 71.38, 69.73, 0.00, 3.62, 5225, 16114, 305, 43.0, , 1
Java, regex-redux, 15,  139.00, 71.03, 69.39, 0.00, 3.58, 5153, 16126, 321, 43.5, , 1
Java, regex-redux, 15,  137.53, 70.37, 68.75, 0.00, 3.55, 5100, 15933, 306, 42.8, , 1
Java, regex-redux, 15,  140.93, 72.44, 70.78, 0.00, 3.60, 5207, 16542, 313, 43.0, , 1
Java, regex-redux, 15,  136.28, 70.14, 68.52, 0.00, 3.54, 5093, 15985, 296, 42.8, , 1
Java, regex-redux, 15,  136.86, 70.39, 68.77, 0.00, 3.55, 5088, 15890, 314, 43.0, , 1
Java, regex-redux, 15,  140.66, 72.09, 70.41, 0.00, 3.63, 5255, 16292, 318, 41.8, , 1
Java, regex-redux, 15,  139.67, 71.89, 70.24, 0.00, 3.60, 5201, 16266, 323, 43.0, , 1
Java, regex-redux, 15,  138.98, 71.34, 69.69, 0.00, 3.58, 5159, 16208, 309, 43.0, , 1
Java, regex-redux, 15,  141.14, 72.10, 70.44, 0.00, 3.62, 5234, 16398, 337, 43.0, , 1
Java, regex-redux, 15,  137.77, 70.54, 68.92, 0.00, 3.54, 5103, 16035, 290, 42.8, , 1
Java, regex-redux, 15,  136.94, 70.55, 68.93, 0.00, 3.54, 5079, 16015, 314, 43.0, , 1
Java, reverse-complement, 15,  17.21, 8.07, 7.79, 0.00, 0.78, 762, 575, 321, 38.8, , 1
Java, reverse-complement, 15,  17.22, 8.03, 7.75, 0.00, 0.78, 762, 568, 329, 41.8, , 1
Java, reverse-complement, 15,  17.23, 8.03, 7.75, 0.00, 0.78, 762, 569, 328, 38.8, , 1
Java, reverse-complement, 15,  17.28, 8.03, 7.74, 0.00, 0.78, 763, 564, 334, 42.2, , 1
Java, reverse-complement, 15,  17.12, 8.01, 7.72, 0.00, 0.78, 761, 562, 334, 38.8, , 1
Java, reverse-complement, 15,  17.30, 7.98, 7.69, 0.00, 0.78, 762, 573, 324, 41.8, , 1
Java, reverse-complement, 15,  17.20, 7.95, 7.67, 0.00, 0.78, 761, 566, 327, 38.8, , 1
Java, reverse-complement, 15,  17.21, 7.99, 7.70, 0.00, 0.78, 762, 573, 322, 41.8, , 1
Java, reverse-complement, 15,  17.71, 8.24, 7.95, 0.00, 0.79, 785, 563, 357, 38.8, , 1
Java, reverse-complement, 15,  19.06, 8.15, 7.81, 0.00, 0.86, 915, 573, 324, 40.0, , 1
Java, reverse-complement, 15,  17.29, 8.04, 7.76, 0.00, 0.78, 762, 553, 344, 38.8, , 1
Java, reverse-complement, 15,  17.26, 8.00, 7.71, 0.00, 0.78, 760, 564, 331, 42.2, , 1
Java, reverse-complement, 15,  17.21, 8.01, 7.73, 0.00, 0.78, 763, 570, 328, 38.5, , 1
Java, reverse-complement, 15,  17.26, 7.95, 7.67, 0.00, 0.78, 761, 569, 325, 41.8, , 1
Java, reverse-complement, 15,  17.17, 7.93, 7.65, 0.00, 0.78, 762, 575, 322, 38.5, , 1
Java, reverse-complement, 15,  17.30, 7.96, 7.67, 0.00, 0.78, 761, 568, 327, 41.2, , 1
Java, reverse-complement, 15,  17.61, 8.10, 7.81, 0.00, 0.79, 772, 561, 346, 38.8, , 1
Java, reverse-complement, 15,  17.27, 7.97, 7.69, 0.00, 0.78, 760, 574, 320, 41.8, , 1
Java, reverse-complement, 15,  17.25, 7.96, 7.68, 0.00, 0.78, 760, 570, 324, 38.8, , 1
Java, reverse-complement, 15,  17.38, 8.02, 7.73, 0.00, 0.78, 768, 574, 324, 41.5, , 1
Java, spectral-norm, 15,  18.58, 9.67, 9.47, 0.00, 0.36, 677, 2427, 34, 38.8, , 1
Java, spectral-norm, 15,  17.92, 9.22, 9.03, 0.00, 0.35, 655, 2327, 44, 42.8, , 1
Java, spectral-norm, 15,  18.62, 9.67, 9.46, 0.00, 0.37, 685, 2443, 37, 38.8, , 1
Java, spectral-norm, 15,  18.64, 9.68, 9.48, 0.00, 0.36, 673, 2423, 36, 42.8, , 1
Java, spectral-norm, 15,  18.67, 9.61, 9.40, 0.00, 0.37, 691, 2430, 37, 38.8, , 1
Java, spectral-norm, 15,  18.88, 9.80, 9.59, 0.00, 0.37, 679, 2432, 31, 43.0, , 1
Java, spectral-norm, 15,  18.46, 9.53, 9.31, 0.00, 0.37, 679, 2479, 27, 38.8, , 1
Java, spectral-norm, 15,  18.45, 9.62, 9.41, 0.00, 0.36, 671, 2437, 30, 42.8, , 1
Java, spectral-norm, 15,  18.16, 9.22, 9.01, 0.00, 0.38, 699, 2518, 30, 38.8, , 1
Java, spectral-norm, 15,  18.77, 9.79, 9.58, 0.00, 0.37, 680, 2438, 38, 43.0, , 1
Java, spectral-norm, 15,  18.58, 9.64, 9.43, 0.00, 0.37, 689, 2453, 36, 38.8, , 1
Java, spectral-norm, 15,  18.64, 9.71, 9.50, 0.00, 0.37, 680, 2437, 40, 42.8, , 1
Java, spectral-norm, 15,  18.60, 9.57, 9.36, 0.00, 0.37, 686, 2449, 43, 38.8, , 1
Java, spectral-norm, 15,  18.81, 9.72, 9.51, 0.00, 0.36, 674, 2411, 43, 43.0, , 1
Java, spectral-norm, 15,  18.23, 9.60, 9.40, 0.00, 0.36, 668, 2444, 29, 38.5, , 1
Java, spectral-norm, 15,  18.34, 9.64, 9.44, 0.00, 0.36, 667, 2406, 27, 42.5, , 1
Java, spectral-norm, 15,  18.97, 9.49, 9.27, 0.00, 0.40, 746, 2607, 41, 38.8, , 1
Java, spectral-norm, 15,  18.37, 9.22, 9.01, 0.00, 0.39, 719, 2547, 31, 42.5, , 1
Java, spectral-norm, 15,  18.91, 9.62, 9.40, 0.00, 0.37, 688, 2476, 23, 38.8, , 1
Java, spectral-norm, 15,  18.51, 9.64, 9.44, 0.00, 0.36, 672, 2432, 36, 42.8, , 1
Python, binary-trees, 15,  1069.78, 536.34, 522.69, 0.00, 36.35, 38151, 132434, 2694, 43.8, , 1
Python, binary-trees, 15,  1066.33, 537.13, 523.63, 0.00, 35.99, 37767, 132277, 2873, 44.2, , 1
Python, binary-trees, 15,  1055.64, 532.67, 519.28, 0.00, 35.93, 37355, 131139, 2757, 44.2, , 1
Python, binary-trees, 15,  1057.66, 533.54, 520.11, 0.00, 36.02, 37516, 131388, 2686, 45.5, , 1
Python, binary-trees, 15,  1059.26, 533.32, 519.89, 0.00, 36.12, 37499, 131159, 2721, 45.0, , 1
Python, binary-trees, 15,  1062.50, 534.14, 520.61, 0.00, 36.23, 37729, 132448, 2756, 44.5, , 1
Python, binary-trees, 15,  1059.07, 534.75, 521.29, 0.00, 36.05, 37552, 131237, 2785, 44.8, , 1
Python, binary-trees, 15,  1065.79, 539.25, 525.65, 0.00, 36.14, 37908, 132936, 2701, 45.0, , 1
Python, binary-trees, 15,  1069.84, 537.27, 523.75, 0.00, 36.03, 37718, 132218, 2789, 44.2, , 1
Python, binary-trees, 15,  1070.34, 538.84, 525.28, 0.00, 36.14, 37891, 132547, 2659, 44.8, , 1
Python, binary-trees, 15,  1065.21, 533.55, 520.09, 0.00, 35.96, 37617, 131736, 2774, 44.2, , 1
Python, binary-trees, 15,  1069.96, 533.46, 519.91, 0.00, 36.13, 37786, 132228, 2744, 44.2, , 1
Python, binary-trees, 15,  1058.25, 530.38, 517.03, 0.00, 35.92, 37269, 130539, 2768, 44.2, , 1
Python, binary-trees, 15,  1070.41, 536.40, 522.84, 0.00, 36.02, 37889, 132907, 2744, 44.8, , 1
Python, binary-trees, 15,  1061.69, 535.12, 521.65, 0.00, 35.89, 37669, 131824, 2615, 44.5, , 1
Python, binary-trees, 15,  1051.56, 529.53, 516.16, 0.00, 35.89, 37216, 130253, 2665, 44.5, , 1
Python, binary-trees, 15,  1061.89, 535.35, 521.89, 0.00, 36.04, 37578, 131409, 2805, 44.8, , 1
Python, binary-trees, 15,  1066.58, 536.63, 523.12, 0.00, 36.07, 37716, 132076, 2593, 44.2, , 1
Python, binary-trees, 15,  1072.28, 539.09, 525.49, 0.00, 36.17, 37895, 132768, 2742, 45.0, , 1
Python, binary-trees, 15,  1075.33, 538.18, 524.60, 0.00, 36.14, 37910, 132756, 2774, 44.8, , 1
Python, fannkuch-redux, 15,  8864.06, 4638.79, 4544.94, 0.00, 156.00, 310365, 1228151, 73, 48.5, , 1
Python, fannkuch-redux, 15,  8877.30, 4645.03, 4551.11, 0.00, 156.23, 310819, 1229326, 56, 47.8, , 1
Python, fannkuch-redux, 15,  8803.23, 4605.75, 4512.63, 0.00, 154.91, 308208, 1218795, 61, 48.2, , 1
Python, fannkuch-redux, 15,  8909.77, 4667.82, 4573.32, 0.00, 156.99, 312351, 1235117, 47, 48.0, , 1
Python, fannkuch-redux, 15,  8797.06, 4613.38, 4520.07, 0.00, 155.14, 308654, 1221610, 50, 48.2, , 1
Python, fannkuch-redux, 15,  8836.01, 4615.59, 4522.27, 0.00, 155.24, 308832, 1222712, 123, 48.0, , 1
Python, fannkuch-redux, 15,  8896.43, 4662.82, 4568.62, 0.00, 156.77, 311878, 1234900, 158, 48.0, , 1
Python, fannkuch-redux, 15,  8829.91, 4616.45, 4523.20, 0.00, 155.23, 308821, 1222007, 62, 47.5, , 1
Python, fannkuch-redux, 15,  8812.90, 4609.05, 4515.74, 0.00, 155.00, 308390, 1220050, 62, 47.8, , 1
Python, fannkuch-redux, 15,  8820.96, 4617.18, 4523.98, 0.00, 155.29, 308974, 1221580, 26, 47.0, , 1
Python, fannkuch-redux, 15,  8814.17, 4611.87, 4518.68, 0.00, 155.16, 308706, 1221322, 29, 47.8, , 1
Python, fannkuch-redux, 15,  8923.77, 4671.20, 4577.27, 0.00, 157.19, 312717, 1235542, 48, 48.2, , 1
Python, fannkuch-redux, 15,  8976.37, 4707.86, 4613.11, 0.00, 159.08, 316482, 1237199, 95, 47.5, , 1
Python, fannkuch-redux, 15,  8901.53, 4656.66, 4562.71, 0.00, 156.58, 311543, 1233641, 171, 47.2, , 1
Python, fannkuch-redux, 15,  8877.30, 4639.53, 4545.72, 0.00, 156.26, 310842, 1224875, 36, 47.0, , 1
Python, fannkuch-redux, 15,  8868.40, 4649.59, 4555.92, 0.00, 156.44, 311203, 1232115, 101, 48.2, , 1
Python, fannkuch-redux, 15,  8881.72, 4655.96, 4561.85, 0.00, 156.60, 311565, 1231925, 67, 47.8, , 1
Python, fannkuch-redux, 15,  8855.03, 4643.72, 4550.20, 0.00, 156.15, 310616, 1228612, 53, 47.8, , 1
Python, fannkuch-redux, 15,  8775.30, 4600.11, 4507.35, 0.00, 154.70, 307794, 1217535, 54, 47.5, , 1
Python, fannkuch-redux, 15,  8800.53, 4636.51, 4543.63, 0.00, 155.91, 310164, 1226890, 175, 47.0, , 1
Python, fasta, 15,  888.45, 442.60, 430.16, 0.00, 20.71, 41212, 41183, 23, 43.8, , 1
Python, fasta, 15,  887.08, 438.66, 426.23, 0.00, 20.66, 41094, 41068, 22, 42.8, , 1
Python, fasta, 15,  877.69, 438.78, 426.40, 0.00, 20.63, 41016, 40989, 23, 43.2, , 1
Python, fasta, 15,  884.91, 443.36, 430.98, 0.00, 20.64, 41059, 41036, 19, 43.0, , 1
Python, fasta, 15,  892.00, 445.87, 433.36, 0.00, 20.83, 41418, 41391, 23, 43.5, , 1
Python, fasta, 15,  883.61, 440.14, 427.69, 0.00, 20.68, 41129, 41088, 37, 43.0, , 1
Python, fasta, 15,  881.78, 441.14, 428.75, 0.00, 20.63, 41047, 41014, 30, 42.2, , 1
Python, fasta, 15,  880.60, 438.93, 426.50, 0.00, 20.66, 41068, 41036, 29, 42.5, , 1
Python, fasta, 15,  887.61, 447.95, 435.57, 0.00, 20.69, 41138, 41113, 22, 42.2, , 1
Python, fasta, 15,  885.09, 439.45, 426.95, 0.00, 20.73, 41230, 41203, 24, 42.2, , 1
Python, fasta, 15,  884.95, 443.91, 431.45, 0.00, 20.74, 41247, 41223, 21, 42.2, , 1
Python, fasta, 15,  891.51, 446.64, 434.10, 0.00, 20.88, 41523, 41502, 19, 43.2, , 1
Python, fasta, 15,  891.58, 448.59, 436.15, 0.00, 20.74, 41231, 41203, 26, 43.0, , 1
Python, fasta, 15,  884.87, 441.63, 429.21, 0.00, 20.67, 41101, 41074, 25, 42.5, , 1
Python, fasta, 15,  888.71, 448.53, 436.16, 0.00, 20.70, 41156, 41126, 28, 42.5, , 1
Python, fasta, 15,  878.27, 439.89, 427.44, 0.00, 20.67, 41109, 41086, 23, 42.2, , 1
Python, fasta, 15,  877.57, 438.88, 426.44, 0.00, 20.65, 41066, 41047, 17, 42.0, , 1
Python, fasta, 15,  881.92, 438.99, 426.53, 0.00, 20.68, 41104, 41085, 17, 42.2, , 1
Python, fasta, 15,  893.61, 449.79, 437.41, 0.00, 20.71, 41167, 41136, 29, 42.0, , 1
Python, fasta, 15,  877.77, 438.31, 425.87, 0.00, 20.64, 41051, 41019, 30, 42.2, , 1
Python, k-nucleotide, 15,  1319.94, 667.19, 652.18, 0.00, 48.99, 44810, 175997, 574, 44.5, , 1
Python, k-nucleotide, 15,  1334.35, 672.44, 657.34, 0.00, 49.20, 45167, 177443, 602, 44.8, , 1
Python, k-nucleotide, 15,  1318.55, 667.00, 652.00, 0.00, 48.95, 44807, 175787, 609, 44.8, , 1
Python, k-nucleotide, 15,  1323.02, 669.93, 654.82, 0.00, 49.44, 44992, 176495, 613, 45.2, , 1
Python, k-nucleotide, 15,  1340.92, 680.33, 665.09, 0.00, 49.45, 45675, 179402, 570, 45.0, , 1
Python, k-nucleotide, 15,  1326.12, 671.69, 656.47, 0.00, 50.00, 45095, 176769, 578, 44.8, , 1
Python, k-nucleotide, 15,  1320.49, 668.17, 653.12, 0.00, 49.09, 44909, 176020, 530, 44.0, , 1
Python, k-nucleotide, 15,  1321.28, 670.20, 655.12, 0.00, 49.21, 44991, 176541, 573, 44.8, , 1
Python, k-nucleotide, 15,  1320.08, 668.32, 653.30, 0.00, 48.92, 44924, 176052, 592, 45.0, , 1
Python, k-nucleotide, 15,  1319.97, 668.29, 653.27, 0.00, 49.02, 44890, 176040, 608, 44.0, , 1
Python, k-nucleotide, 15,  1331.09, 675.45, 660.27, 0.00, 49.27, 45395, 177982, 640, 44.0, , 1
Python, k-nucleotide, 15,  1314.59, 670.06, 654.99, 0.00, 49.09, 45022, 176494, 609, 44.2, , 1
Python, k-nucleotide, 15,  1320.56, 670.36, 655.27, 0.00, 49.32, 45006, 176799, 630, 44.0, , 1
Python, k-nucleotide, 15,  1317.83, 668.65, 653.57, 0.00, 49.25, 44889, 176435, 629, 44.2, , 1
Python, k-nucleotide, 15,  1328.56, 673.13, 658.03, 0.00, 49.20, 45195, 177686, 583, 45.2, , 1
Python, k-nucleotide, 15,  1324.88, 668.67, 653.60, 0.00, 49.33, 44892, 176530, 598, 45.0, , 1
Python, k-nucleotide, 15,  1330.15, 672.42, 657.29, 0.00, 49.27, 45134, 177114, 601, 45.2, , 1
Python, k-nucleotide, 15,  1326.46, 671.37, 656.29, 0.00, 49.20, 45080, 177149, 581, 44.8, , 1
Python, k-nucleotide, 15,  1345.38, 681.31, 666.06, 0.00, 49.42, 45784, 179534, 581, 45.2, , 1
Python, k-nucleotide, 15,  1324.79, 669.21, 654.20, 0.00, 48.93, 44936, 176603, 601, 44.5, , 1
Python, mandelbrot, 15,  4602.55, 2423.86, 2375.00, 0.00, 81.49, 162016, 645792, 1433, 46.0, , 1
Python, mandelbrot, 15,  4604.74, 2425.99, 2377.06, 0.00, 81.56, 162154, 646571, 1319, 46.5, , 1
Python, mandelbrot, 15,  4580.52, 2412.67, 2364.00, 0.00, 81.12, 161263, 642687, 1453, 46.8, , 1
Python, mandelbrot, 15,  4606.04, 2422.23, 2373.35, 0.00, 81.42, 161900, 645534, 1340, 46.5, , 1
Python, mandelbrot, 15,  4585.68, 2408.74, 2360.20, 0.00, 80.99, 161003, 641823, 1373, 46.5, , 1
Python, mandelbrot, 15,  4638.82, 2429.66, 2380.64, 0.00, 81.69, 162397, 647376, 1399, 46.2, , 1
Python, mandelbrot, 15,  4627.21, 2422.30, 2373.31, 0.00, 81.43, 161901, 645514, 1345, 47.0, , 1
Python, mandelbrot, 15,  4606.29, 2412.87, 2364.24, 0.00, 81.13, 161277, 643006, 1292, 46.5, , 1
Python, mandelbrot, 15,  4586.83, 2406.77, 2358.24, 0.00, 80.91, 160871, 641340, 1374, 47.2, , 1
Python, mandelbrot, 15,  4704.45, 2474.21, 2424.27, 0.00, 83.18, 165370, 659430, 1304, 46.2, , 1
Python, mandelbrot, 15,  4582.36, 2416.54, 2367.80, 0.00, 81.25, 161518, 643904, 1321, 46.8, , 1
Python, mandelbrot, 15,  4584.26, 2405.04, 2356.56, 0.00, 80.86, 160752, 640763, 1397, 46.2, , 1
Python, mandelbrot, 15,  4598.04, 2414.43, 2365.76, 0.00, 81.18, 161382, 643382, 1337, 47.0, , 1
Python, mandelbrot, 15,  4644.64, 2440.07, 2390.82, 0.00, 82.03, 163090, 650108, 1376, 46.8, , 1
Python, mandelbrot, 15,  4637.25, 2438.79, 2389.44, 0.00, 82.00, 163003, 649851, 1380, 46.5, , 1
Python, mandelbrot, 15,  4588.07, 2414.42, 2365.71, 0.00, 81.18, 161385, 643257, 1395, 47.2, , 1
Python, mandelbrot, 15,  4581.09, 2411.77, 2363.11, 0.00, 81.08, 161206, 642749, 1355, 46.8, , 1
Python, mandelbrot, 15,  4618.25, 2431.46, 2382.27, 0.00, 81.74, 162518, 648036, 1270, 46.5, , 1
Python, mandelbrot, 15,  4597.84, 2426.93, 2377.96, 0.00, 81.60, 162217, 646758, 1306, 46.8, , 1
Python, mandelbrot, 15,  4674.34, 2456.87, 2407.15, 0.00, 82.59, 164216, 654727, 1367, 46.5, , 1
Python, n-body, 15,  5231.88, 2639.87, 2569.67, 0.00, 117.16, 233125, 233117, 3, 43.8, , 1
Python, n-body, 15,  5230.72, 2649.25, 2578.76, 0.00, 117.62, 233957, 233945, 5, 43.8, , 1
Python, n-body, 15,  5252.28, 2661.03, 2590.84, 0.00, 117.34, 233431, 233428, 1, 43.5, , 1
Python, n-body, 15,  5227.67, 2655.40, 2585.09, 0.00, 117.38, 233495, 233492, 4, 44.0, , 1
Python, n-body, 15,  5416.70, 2747.22, 2674.25, 0.00, 121.78, 242279, 242276, 2, 43.8, , 1
Python, n-body, 15,  5378.25, 2734.16, 2661.38, 0.00, 121.41, 241514, 241508, 5, 43.5, , 1
Python, n-body, 15,  5243.29, 2679.17, 2608.65, 0.00, 117.87, 234490, 234485, 6, 43.2, , 1
Python, n-body, 15,  5231.98, 2677.77, 2607.84, 0.00, 117.04, 232847, 232845, 3, 43.2, , 1
Python, n-body, 15,  5211.60, 2645.61, 2575.46, 0.00, 117.03, 232815, 232807, 5, 43.8, , 1
Python, n-body, 15,  5240.75, 2657.13, 2586.82, 0.00, 117.17, 233097, 233094, 4, 45.0, , 1
Python, n-body, 15,  5462.25, 2772.00, 2697.91, 0.00, 123.49, 245687, 245679, 3, 44.5, , 1
Python, n-body, 15,  5186.18, 2641.34, 2571.12, 0.00, 117.00, 232815, 232802, 2, 44.5, , 1
Python, n-body, 15,  5243.89, 2664.55, 2594.41, 0.00, 117.24, 233268, 233259, 4, 44.0, , 1
Python, n-body, 15,  5221.40, 2653.62, 2583.27, 0.00, 117.38, 233569, 233562, 1, 44.8, , 1
Python, n-body, 15,  5270.66, 2668.04, 2597.38, 0.00, 118.09, 234976, 234972, 1, 43.8, , 1
Python, n-body, 15,  5200.99, 2649.11, 2578.94, 0.00, 116.94, 232674, 232661, 5, 45.0, , 1
Python, n-body, 15,  5228.24, 2668.72, 2598.61, 0.00, 117.09, 232988, 232985, 1, 44.5, , 1
Python, n-body, 15,  5250.67, 2645.08, 2574.99, 0.00, 117.01, 232825, 232818, 5, 43.5, , 1
Python, n-body, 15,  5389.94, 2712.66, 2640.24, 0.00, 120.97, 240709, 240704, 5, 44.0, , 1
Python, n-body, 15,  5256.74, 2665.43, 2595.18, 0.00, 117.07, 232955, 232958, 232958, 45.2, , 1
Python, regex-redux, 15,  187.64, 94.42, 92.01, 0.00, 4.73, 7787, 14928, 521, 43.0, , 1
Python, regex-redux, 15,  187.36, 94.40, 91.99, 0.00, 4.73, 7769, 14939, 492, 42.5, , 1
Python, regex-redux, 15,  188.35, 95.13, 92.72, 0.00, 4.73, 7803, 15048, 455, 42.8, , 1
Python, regex-redux, 15,  186.68, 94.54, 92.12, 0.00, 4.72, 7761, 14939, 486, 43.2, , 1
Python, regex-redux, 15,  187.26, 94.36, 91.95, 0.00, 4.73, 7769, 14925, 496, 43.0, , 1
Python, regex-redux, 15,  188.43, 94.58, 92.17, 0.00, 4.74, 7780, 14976, 480, 42.8, , 1
Python, regex-redux, 15,  187.59, 94.69, 92.27, 0.00, 4.75, 7788, 14995, 467, 42.8, , 1
Python, regex-redux, 15,  188.15, 94.11, 91.70, 0.00, 4.74, 7764, 14968, 461, 42.8, , 1
Python, regex-redux, 15,  186.86, 94.30, 91.90, 0.00, 4.72, 7755, 14951, 470, 42.5, , 1
Python, regex-redux, 15,  188.21, 95.34, 92.90, 0.00, 4.77, 7828, 14965, 491, 42.8, , 1
Python, regex-redux, 15,  187.86, 94.64, 92.23, 0.00, 4.74, 7777, 14947, 484, 42.8, , 1
Python, regex-redux, 15,  188.03, 94.41, 91.99, 0.00, 4.74, 7781, 14996, 464, 42.8, , 1
Python, regex-redux, 15,  186.37, 94.19, 91.78, 0.00, 4.72, 7748, 14907, 495, 42.5, , 1
Python, regex-redux, 15,  188.43, 95.37, 92.96, 0.00, 4.74, 7791, 15043, 462, 42.5, , 1
Python, regex-redux, 15,  187.31, 94.59, 92.18, 0.00, 4.73, 7762, 14930, 490, 42.0, , 1
Python, regex-redux, 15,  187.05, 94.76, 92.36, 0.00, 4.73, 7759, 14954, 485, 42.8, , 1
Python, regex-redux, 15,  186.83, 94.40, 91.99, 0.00, 4.73, 7762, 14940, 469, 42.8, , 1
Python, regex-redux, 15,  186.95, 94.28, 91.88, 0.00, 4.73, 7753, 14961, 443, 42.5, , 1
Python, regex-redux, 15,  186.61, 94.48, 92.07, 0.00, 4.73, 7751, 14919, 482, 42.5, , 1
Python, regex-redux, 15,  186.29, 94.43, 92.03, 0.00, 4.73, 7757, 14943, 476, 42.5, , 1
Python, reverse-complement, 15,  35.40, 17.92, 17.46, 0.00, 1.13, 1453, 1821, 514, 42.2, , 1
Python, reverse-complement, 15,  35.36, 17.79, 17.31, 0.00, 1.12, 1443, 1830, 489, 42.2, , 1
Python, reverse-complement, 15,  35.21, 17.80, 17.34, 0.00, 1.12, 1439, 1806, 511, 42.2, , 1
Python, reverse-complement, 15,  35.43, 17.78, 17.31, 0.00, 1.12, 1439, 1817, 499, 42.8, , 1
Python, reverse-complement, 15,  35.43, 17.95, 17.48, 0.00, 1.12, 1443, 1834, 492, 41.8, , 1
Python, reverse-complement, 15,  35.28, 17.84, 17.36, 0.00, 1.12, 1441, 1773, 547, 42.0, , 1
Python, reverse-complement, 15,  35.68, 17.81, 17.34, 0.00, 1.12, 1443, 1826, 497, 42.2, , 1
Python, reverse-complement, 15,  35.42, 17.87, 17.40, 0.00, 1.12, 1444, 1842, 484, 42.2, , 1
Python, reverse-complement, 15,  35.41, 17.82, 17.35, 0.00, 1.12, 1442, 1863, 458, 41.5, , 1
Python, reverse-complement, 15,  35.48, 17.80, 17.33, 0.00, 1.12, 1443, 1839, 484, 42.0, , 1
Python, reverse-complement, 15,  35.43, 17.81, 17.34, 0.00, 1.11, 1439, 1800, 516, 41.8, , 1
Python, reverse-complement, 15,  35.70, 17.82, 17.34, 0.00, 1.12, 1445, 1836, 493, 42.2, , 1
Python, reverse-complement, 15,  35.50, 17.83, 17.35, 0.00, 1.12, 1445, 1809, 517, 42.5, , 1
Python, reverse-complement, 15,  35.27, 17.79, 17.33, 0.00, 1.12, 1443, 1802, 521, 42.2, , 1
Python, reverse-complement, 15,  35.68, 17.89, 17.41, 0.00, 1.13, 1451, 1864, 469, 41.5, , 1
Python, reverse-complement, 15,  35.51, 17.86, 17.39, 0.00, 1.12, 1446, 1847, 483, 42.0, , 1
Python, reverse-complement, 15,  35.50, 17.74, 17.28, 0.00, 1.12, 1443, 1834, 486, 41.8, , 1
Python, reverse-complement, 15,  35.41, 17.85, 17.38, 0.00, 1.12, 1445, 1847, 477, 41.5, , 1
Python, reverse-complement, 15,  35.86, 17.96, 17.49, 0.00, 1.13, 1456, 1855, 485, 42.0, , 1
Python, reverse-complement, 15,  35.69, 17.82, 17.35, 0.00, 1.12, 1447, 1804, 519, 42.2, , 1
Python, spectral-norm, 15,  3150.69, 1661.60, 1628.08, 0.00, 56.01, 111106, 443106, 115, 45.8, , 1
Python, spectral-norm, 15,  3221.02, 1694.46, 1660.27, 0.00, 57.11, 113295, 452018, 93, 46.5, , 1
Python, spectral-norm, 15,  3154.01, 1662.00, 1628.44, 0.00, 56.03, 111149, 443078, 120, 46.8, , 1
Python, spectral-norm, 15,  3155.93, 1659.64, 1626.17, 0.00, 55.93, 110974, 442601, 114, 46.2, , 1
Python, spectral-norm, 15,  3155.28, 1666.05, 1632.39, 0.00, 56.16, 111406, 444417, 79, 46.8, , 1
Python, spectral-norm, 15,  3153.67, 1670.69, 1636.98, 0.00, 56.32, 111720, 445652, 106, 46.8, , 1
Python, spectral-norm, 15,  3160.59, 1668.82, 1635.15, 0.00, 56.28, 111586, 444946, 119, 46.0, , 1
Python, spectral-norm, 15,  3175.34, 1672.92, 1639.17, 0.00, 56.39, 111866, 446176, 107, 46.0, , 1
Python, spectral-norm, 15,  3157.37, 1666.49, 1632.88, 0.00, 56.17, 111428, 444487, 121, 46.2, , 1
Python, spectral-norm, 15,  3139.21, 1659.59, 1626.11, 0.00, 55.95, 110978, 442591, 113, 46.0, , 1
Python, spectral-norm, 15,  3178.19, 1676.95, 1643.12, 0.00, 56.53, 112134, 447207, 113, 45.8, , 1
Python, spectral-norm, 15,  3411.30, 1800.53, 1764.11, 0.00, 60.84, 120698, 474337, 104, 46.5, , 1
Python, spectral-norm, 15,  3170.43, 1671.14, 1637.43, 0.00, 56.33, 111742, 445689, 125, 46.5, , 1
Python, spectral-norm, 15,  3145.63, 1660.88, 1627.34, 0.00, 56.04, 111131, 442493, 110, 46.8, , 1
Python, spectral-norm, 15,  3145.19, 1662.17, 1628.63, 0.00, 56.03, 111147, 443320, 101, 45.2, , 1
Python, spectral-norm, 15,  3149.32, 1666.71, 1633.07, 0.00, 56.19, 111458, 444512, 121, 46.0, , 1
Python, spectral-norm, 15,  3172.59, 1675.41, 1641.59, 0.00, 56.49, 112044, 446621, 122, 45.8, , 1
Python, spectral-norm, 15,  3157.96, 1665.84, 1632.23, 0.00, 56.16, 111396, 444146, 133, 46.2, , 1
Python, spectral-norm, 15,  3128.06, 1656.13, 1622.71, 0.00, 55.83, 110738, 441667, 119, 46.5, , 1
Python, spectral-norm, 15,  3171.54, 1671.35, 1637.62, 0.00, 56.34, 111764, 445776, 114, 46.2, , 1
C, binary-trees, 25,  35.20, 20.82, 20.44, 0.00, 1.11, 1035, 2871, 194, 43.8, , 1
C, binary-trees, 25,  35.48, 20.77, 20.39, 0.00, 1.12, 1033, 2841, 217, 44.2, , 1
C, binary-trees, 25,  35.36, 20.74, 20.36, 0.00, 1.11, 1033, 2836, 219, 43.8, , 1
C, binary-trees, 25,  35.65, 20.94, 20.56, 0.00, 1.13, 1044, 2871, 206, 43.0, , 1
C, binary-trees, 25,  35.41, 20.84, 20.45, 0.00, 1.12, 1040, 2872, 201, 44.0, , 1
C, binary-trees, 25,  35.38, 20.86, 20.47, 0.00, 1.12, 1038, 2858, 206, 43.2, , 1
C, binary-trees, 25,  35.49, 20.90, 20.51, 0.00, 1.14, 1035, 2852, 214, 42.2, , 1
C, binary-trees, 25,  35.34, 20.87, 20.48, 0.00, 1.12, 1036, 2849, 213, 43.5, , 1
C, binary-trees, 25,  35.15, 20.77, 20.39, 0.00, 1.12, 1036, 2855, 208, 43.5, , 1
C, binary-trees, 25,  35.33, 20.85, 20.47, 0.00, 1.13, 1040, 2883, 196, 44.2, , 1
C, binary-trees, 25,  35.16, 20.83, 20.45, 0.00, 1.12, 1036, 2859, 209, 44.0, , 1
C, binary-trees, 25,  35.26, 20.84, 20.46, 0.00, 1.13, 1036, 2869, 202, 44.2, , 1
C, binary-trees, 25,  35.39, 20.93, 20.54, 0.00, 1.13, 1039, 2863, 209, 43.8, , 1
C, binary-trees, 25,  35.28, 20.81, 20.43, 0.00, 1.13, 1038, 2854, 208, 42.2, , 1
C, binary-trees, 25,  35.29, 20.89, 20.51, 0.00, 1.13, 1039, 2845, 227, 44.0, , 1
C, binary-trees, 25,  35.29, 20.88, 20.49, 0.00, 1.13, 1038, 2877, 194, 44.2, , 1
C, binary-trees, 25,  36.24, 21.21, 20.82, 0.00, 1.19, 1056, 2907, 203, 43.5, , 1
C, binary-trees, 25,  35.59, 20.87, 20.48, 0.00, 1.18, 1038, 2859, 218, 43.2, , 1
C, binary-trees, 25,  35.46, 20.80, 20.42, 0.00, 1.13, 1036, 2874, 191, 43.5, , 1
C, binary-trees, 25,  35.46, 20.74, 20.36, 0.00, 1.12, 1037, 2866, 203, 43.5, , 1
C, fannkuch-redux, 25,  75.73, 48.63, 48.04, 0.00, 0.99, 1969, 7815, 7815, 45.0, , 1
C, fannkuch-redux, 25,  75.57, 48.56, 47.97, 0.00, 0.99, 1968, 7813, 0, 45.0, , 1
C, fannkuch-redux, 25,  75.46, 48.66, 48.07, 0.00, 0.99, 1968, 7813, 1, 45.2, , 1
C, fannkuch-redux, 25,  75.53, 48.54, 47.94, 0.00, 0.99, 1968, 7814, 0, 44.8, , 1
C, fannkuch-redux, 25,  75.81, 48.68, 48.08, 0.00, 0.99, 1968, 7814, 7814, 44.8, , 1
C, fannkuch-redux, 25,  75.32, 48.75, 48.14, 0.00, 0.99, 1968, 7815, 7815, 44.8, , 1
C, fannkuch-redux, 25,  75.52, 48.81, 48.21, 0.00, 0.99, 1972, 7818, 0, 44.5, , 1
C, fannkuch-redux, 25,  75.47, 48.85, 48.26, 0.00, 0.99, 1970, 7821, 7821, 45.0, , 1
C, fannkuch-redux, 25,  75.69, 48.69, 48.09, 0.00, 0.99, 1969, 7816, 7816, 44.8, , 1
C, fannkuch-redux, 25,  75.56, 48.61, 48.01, 0.00, 0.99, 1968, 7814, 0, 44.8, , 1
C, fannkuch-redux, 25,  75.80, 48.84, 48.25, 0.00, 0.99, 1971, 7818, 0, 44.8, , 1
C, fannkuch-redux, 25,  75.51, 48.78, 48.19, 0.00, 0.99, 1969, 7814, 1, 44.8, , 1
C, fannkuch-redux, 25,  75.67, 48.60, 48.01, 0.00, 0.99, 1968, 7812, 0, 44.8, , 1
C, fannkuch-redux, 25,  75.51, 48.55, 47.95, 0.00, 0.99, 1969, 7814, 7814, 45.0, , 1
C, fannkuch-redux, 25,  75.61, 48.87, 48.27, 0.00, 0.99, 1970, 7822, 0, 45.0, , 1
C, fannkuch-redux, 25,  75.39, 48.71, 48.12, 0.00, 0.99, 1969, 7815, 0, 45.2, , 1
C, fannkuch-redux, 25,  75.57, 48.87, 48.28, 0.00, 0.99, 1970, 7821, 0, 44.8, , 1
C, fannkuch-redux, 25,  75.83, 48.89, 48.29, 0.00, 1.00, 1975, 7822, 0, 45.0, , 1
C, fannkuch-redux, 25,  75.69, 48.86, 48.27, 0.00, 0.99, 1970, 7822, 7822, 45.0, , 1
C, fannkuch-redux, 25,  75.45, 48.91, 48.31, 0.00, 0.99, 1972, 7830, 7830, 44.5, , 1
C, fasta, 25,  12.28, 5.46, 5.26, 0.00, 0.33, 663, 649, 13, 38.8, , 1
C, fasta, 25,  12.24, 5.39, 5.19, 0.00, 0.34, 663, 644, 18, 41.5, , 1
C, fasta, 25,  12.27, 5.39, 5.19, 0.00, 0.34, 664, 646, 18, 38.5, , 1
C, fasta, 25,  12.24, 5.35, 5.15, 0.00, 0.34, 663, 647, 16, 41.8, , 1
C, fasta, 25,  12.24, 5.52, 5.31, 0.00, 0.34, 663, 646, 16, 38.8, , 1
C, fasta, 25,  12.35, 5.41, 5.21, 0.00, 0.34, 663, 654, 9, 41.8, , 1
C, fasta, 25,  12.27, 5.49, 5.29, 0.00, 0.34, 663, 645, 17, 38.8, , 1
C, fasta, 25,  12.25, 5.43, 5.23, 0.00, 0.33, 663, 651, 12, 41.8, , 1
C, fasta, 25,  12.23, 5.37, 5.17, 0.00, 0.34, 664, 652, 12, 38.5, , 1
C, fasta, 25,  12.31, 5.51, 5.31, 0.00, 0.34, 664, 647, 17, 41.2, , 1
C, fasta, 25,  12.30, 5.50, 5.30, 0.00, 0.34, 664, 654, 10, 38.5, , 1
C, fasta, 25,  12.29, 5.56, 5.36, 0.00, 0.34, 663, 649, 13, 41.5, , 1
C, fasta, 25,  12.30, 5.50, 5.30, 0.00, 0.34, 664, 652, 12, 38.2, , 1
C, fasta, 25,  12.30, 5.49, 5.29, 0.00, 0.34, 664, 648, 15, 41.2, , 1
C, fasta, 25,  12.50, 5.55, 5.35, 0.00, 0.34, 664, 643, 20, 38.2, , 1
C, fasta, 25,  12.46, 5.56, 5.37, 0.00, 0.34, 663, 650, 12, 41.2, , 1
C, fasta, 25,  12.43, 5.55, 5.35, 0.00, 0.34, 664, 656, 8, 38.8, , 1
C, fasta, 25,  12.37, 5.52, 5.32, 0.00, 0.34, 662, 644, 17, 41.0, , 1
C, fasta, 25,  12.28, 5.43, 5.23, 0.00, 0.33, 663, 650, 12, 38.0, , 1
C, fasta, 25,  12.34, 5.50, 5.30, 0.00, 0.34, 664, 650, 13, 41.2, , 1
C, k-nucleotide, 25,  115.96, 68.21, 67.04, 0.00, 4.11, 3164, 9998, 99, 44.0, , 1
C, k-nucleotide, 25,  114.89, 68.06, 66.94, 0.00, 3.96, 3164, 9940, 93, 43.8, , 1
C, k-nucleotide, 25,  113.03, 66.99, 65.90, 0.00, 3.83, 3106, 9807, 101, 43.5, , 1
C, k-nucleotide, 25,  110.81, 66.17, 65.13, 0.00, 3.55, 3042, 9661, 98, 43.8, , 1
C, k-nucleotide, 25,  109.55, 65.65, 64.64, 0.00, 3.44, 2986, 9608, 104, 44.0, , 1
C, k-nucleotide, 25,  111.72, 66.19, 65.12, 0.00, 3.68, 3051, 9706, 110, 44.0, , 1
C, k-nucleotide, 25,  117.80, 68.86, 67.64, 0.00, 4.39, 3242, 10088, 95, 44.5, , 1
C, k-nucleotide, 25,  118.18, 69.20, 67.99, 0.00, 4.36, 3255, 10131, 105, 43.5, , 1
C, k-nucleotide, 25,  115.43, 67.89, 66.71, 0.00, 4.20, 3171, 9988, 79, 44.5, , 1
C, k-nucleotide, 25,  114.69, 67.87, 66.75, 0.00, 3.95, 3158, 9924, 97, 44.0, , 1
C, k-nucleotide, 25,  115.96, 68.18, 67.01, 0.00, 4.11, 3199, 9961, 89, 43.8, , 1
C, k-nucleotide, 25,  117.37, 68.98, 67.78, 0.00, 4.32, 3222, 10099, 107, 43.8, , 1
C, k-nucleotide, 25,  114.51, 67.54, 66.40, 0.00, 3.99, 3140, 9912, 110, 43.2, , 1
C, k-nucleotide, 25,  116.14, 68.11, 66.95, 0.00, 4.12, 3185, 9977, 108, 44.0, , 1
C, k-nucleotide, 25,  115.12, 67.68, 66.52, 0.00, 4.12, 3162, 9925, 103, 44.2, , 1
C, k-nucleotide, 25,  117.69, 68.50, 67.30, 0.00, 4.35, 3217, 10115, 96, 44.0, , 1
C, k-nucleotide, 25,  115.68, 67.72, 66.58, 0.00, 4.00, 3194, 9882, 98, 43.8, , 1
C, k-nucleotide, 25,  115.85, 67.99, 66.83, 0.00, 4.19, 3173, 10002, 96, 44.5, , 1
C, k-nucleotide, 25,  118.27, 68.92, 67.71, 0.00, 4.34, 3276, 10074, 110, 43.8, , 1
C, k-nucleotide, 25,  111.34, 65.81, 64.77, 0.00, 3.58, 3008, 9655, 99, 44.5, , 1
C, mandelbrot, 25,  36.39, 23.39, 23.11, 0.00, 0.48, 945, 3761, 17, 38.8, , 1
C, mandelbrot, 25,  36.60, 23.40, 23.12, 0.00, 0.48, 945, 3761, 14, 46.0, , 1
C, mandelbrot, 25,  36.25, 23.39, 23.11, 0.00, 0.48, 946, 3765, 15, 38.8, , 1
C, mandelbrot, 25,  36.59, 23.44, 23.16, 0.00, 0.48, 945, 3766, 11, 46.2, , 1
C, mandelbrot, 25,  36.27, 23.40, 23.12, 0.00, 0.48, 946, 3768, 12, 38.8, , 1
C, mandelbrot, 25,  36.58, 23.40, 23.12, 0.00, 0.48, 945, 3754, 22, 46.2, , 1
C, mandelbrot, 25,  36.34, 23.41, 23.13, 0.00, 0.48, 945, 3766, 12, 38.8, , 1
C, mandelbrot, 25,  36.46, 23.39, 23.11, 0.00, 0.48, 945, 3760, 15, 46.2, , 1
C, mandelbrot, 25,  36.63, 23.39, 23.11, 0.00, 0.48, 945, 3768, 9, 38.8, , 1
C, mandelbrot, 25,  36.61, 23.36, 23.08, 0.00, 0.48, 945, 3765, 10, 46.5, , 1
C, mandelbrot, 25,  36.28, 23.38, 23.09, 0.00, 0.48, 945, 3759, 19, 38.8, , 1
C, mandelbrot, 25,  36.63, 23.40, 23.11, 0.00, 0.48, 945, 3758, 18, 46.0, , 1
C, mandelbrot, 25,  36.53, 23.40, 23.11, 0.00, 0.48, 945, 3762, 16, 38.8, , 1
C, mandelbrot, 25,  36.46, 23.39, 23.11, 0.00, 0.48, 945, 3761, 15, 45.8, , 1
C, mandelbrot, 25,  36.21, 23.40, 23.13, 0.00, 0.48, 945, 3762, 14, 38.8, , 1
C, mandelbrot, 25,  36.50, 23.42, 23.14, 0.00, 0.48, 945, 3763, 12, 45.8, , 1
C, mandelbrot, 25,  36.33, 23.37, 23.09, 0.00, 0.48, 944, 3761, 13, 38.5, , 1
C, mandelbrot, 25,  36.60, 23.43, 23.14, 0.00, 0.48, 945, 3764, 12, 46.5, , 1
C, mandelbrot, 25,  36.31, 23.40, 23.11, 0.00, 0.48, 945, 3759, 16, 38.5, , 1
C, mandelbrot, 25,  36.59, 23.38, 23.10, 0.00, 0.48, 945, 3759, 17, 45.5, , 1
C, n-body, 25,  34.77, 16.63, 16.11, 0.00, 0.87, 1723, 1722, 0, 41.8, , 1
C, n-body, 25,  34.93, 16.62, 16.11, 0.00, 0.87, 1723, 1723, 1723, 42.2, , 1
C, n-body, 25,  34.59, 16.71, 16.19, 0.00, 0.87, 1723, 1722, 1, 41.0, , 1
C, n-body, 25,  34.97, 16.68, 16.17, 0.00, 0.87, 1722, 1722, 1722, 41.0, , 1
C, n-body, 25,  34.60, 16.65, 16.14, 0.00, 0.87, 1723, 1722, 0, 41.0, , 1
C, n-body, 25,  34.65, 16.64, 16.12, 0.00, 0.87, 1722, 1722, 1722, 41.2, , 1
C, n-body, 25,  34.90, 16.59, 16.08, 0.00, 0.87, 1723, 1722, 1, 41.0, , 1
C, n-body, 25,  34.73, 16.62, 16.11, 0.00, 0.87, 1723, 1722, 0, 42.0, , 1
C, n-body, 25,  34.88, 16.70, 16.18, 0.00, 0.87, 1722, 1721, 0, 41.0, , 1
C, n-body, 25,  34.65, 16.57, 16.06, 0.00, 0.87, 1722, 1721, 0, 41.5, , 1
C, n-body, 25,  35.01, 16.62, 16.10, 0.00, 0.87, 1723, 1723, 1723, 41.2, , 1
C, n-body, 25,  34.87, 16.66, 16.15, 0.00, 0.87, 1723, 1723, 1723, 40.8, , 1
C, n-body, 25,  34.76, 16.63, 16.12, 0.00, 0.87, 1722, 1722, 1722, 41.2, , 1
C, n-body, 25,  35.24, 16.62, 16.10, 0.00, 0.87, 1723, 1722, 0, 40.5, , 1
C, n-body, 25,  34.95, 16.59, 16.07, 0.00, 0.87, 1723, 1722, 0, 41.8, , 1
C, n-body, 25,  35.09, 16.66, 16.14, 0.00, 0.87, 1722, 1721, 0, 41.0, , 1
C, n-body, 25,  34.92, 16.63, 16.11, 0.00, 0.87, 1723, 1722, 0, 40.2, , 1
C, n-body, 25,  35.17, 16.51, 16.00, 0.00, 0.87, 1722, 1721, 0, 40.2, , 1
C, n-body, 25,  34.86, 16.60, 16.08, 0.00, 0.87, 1722, 1721, 0, 40.5, , 1
C, n-body, 25,  35.61, 16.69, 16.17, 0.00, 0.87, 1733, 1732, 0, 41.8, , 1
C, regex-redux, 25,  22.97, 13.30, 13.07, 0.00, 0.59, 721, 1832, 85, 38.0, , 1
C, regex-redux, 25,  23.04, 13.33, 13.10, 0.00, 0.59, 720, 1843, 75, 42.0, , 1
C, regex-redux, 25,  22.97, 13.33, 13.10, 0.00, 0.59, 723, 1836, 91, 38.2, , 1
C, regex-redux, 25,  22.90, 13.35, 13.13, 0.00, 0.59, 721, 1835, 87, 41.8, , 1
C, regex-redux, 25,  22.88, 13.30, 13.07, 0.00, 0.59, 720, 1831, 82, 38.5, , 1
C, regex-redux, 25,  22.85, 13.28, 13.05, 0.00, 0.59, 720, 1827, 87, 42.2, , 1
C, regex-redux, 25,  22.96, 13.31, 13.07, 0.00, 0.59, 720, 1837, 85, 38.0, , 1
C, regex-redux, 25,  22.92, 13.35, 13.12, 0.00, 0.59, 720, 1829, 92, 42.2, , 1
C, regex-redux, 25,  22.86, 13.32, 13.10, 0.00, 0.59, 720, 1838, 83, 38.5, , 1
C, regex-redux, 25,  22.76, 13.19, 12.96, 0.00, 0.59, 716, 1820, 88, 42.5, , 1
C, regex-redux, 25,  22.87, 13.26, 13.04, 0.00, 0.59, 716, 1818, 94, 38.8, , 1
C, regex-redux, 25,  22.82, 13.23, 13.01, 0.00, 0.59, 717, 1831, 78, 42.2, , 1
C, regex-redux, 25,  23.00, 13.34, 13.12, 0.00, 0.59, 719, 1836, 87, 38.5, , 1
C, regex-redux, 25,  22.96, 13.31, 13.09, 0.00, 0.59, 719, 1823, 95, 42.2, , 1
C, regex-redux, 25,  22.80, 13.25, 13.03, 0.00, 0.59, 716, 1828, 84, 38.8, , 1
C, regex-redux, 25,  22.90, 13.31, 13.08, 0.00, 0.59, 717, 1835, 83, 42.5, , 1
C, regex-redux, 25,  22.79, 13.33, 13.10, 0.00, 0.59, 718, 1839, 81, 38.2, , 1
C, regex-redux, 25,  22.84, 13.34, 13.12, 0.00, 0.59, 719, 1831, 89, 42.0, , 1
C, regex-redux, 25,  22.76, 13.23, 13.01, 0.00, 0.59, 717, 1822, 87, 38.8, , 1
C, regex-redux, 25,  22.80, 13.29, 13.07, 0.00, 0.59, 716, 1825, 90, 43.0, , 1
C, reverse-complement, 25,  2.78, 1.34, 1.29, 0.00, 0.16, 106, 65, 88, 38.5, , 1
C, reverse-complement, 25,  2.79, 1.33, 1.29, 0.00, 0.16, 106, 62, 94, 38.5, , 1
C, reverse-complement, 25,  2.80, 1.35, 1.31, 0.00, 0.16, 108, 70, 86, 38.5, , 1
C, reverse-complement, 25,  2.80, 1.35, 1.30, 0.00, 0.16, 107, 72, 85, 38.5, , 1
C, reverse-complement, 25,  2.84, 1.37, 1.32, 0.00, 0.16, 109, 73, 84, 38.5, , 1
C, reverse-complement, 25,  2.78, 1.33, 1.29, 0.00, 0.16, 107, 67, 88, 38.5, , 1
C, reverse-complement, 25,  2.83, 1.36, 1.30, 0.00, 0.16, 108, 71, 85, 38.5, , 1
C, reverse-complement, 25,  2.99, 1.38, 1.33, 0.00, 0.16, 109, 65, 92, 41.5, , 1
C, reverse-complement, 25,  2.79, 1.35, 1.30, 0.00, 0.16, 107, 68, 87, 38.5, , 1
C, reverse-complement, 25,  2.79, 1.34, 1.29, 0.00, 0.16, 107, 67, 88, 38.5, , 1
C, reverse-complement, 25,  2.83, 1.36, 1.31, 0.00, 0.16, 108, 69, 88, 38.5, , 1
C, reverse-complement, 25,  2.84, 1.36, 1.31, 0.00, 0.16, 108, 63, 92, 38.5, , 1
C, reverse-complement, 25,  2.81, 1.35, 1.31, 0.00, 0.16, 108, 63, 93, 38.5, , 1
C, reverse-complement, 25,  2.83, 1.36, 1.31, 0.00, 0.16, 107, 68, 88, 38.5, , 1
C, reverse-complement, 25,  2.81, 1.36, 1.31, 0.00, 0.16, 107, 66, 90, 38.5, , 1
C, reverse-complement, 25,  2.80, 1.35, 1.31, 0.00, 0.16, 108, 67, 89, 42.2, , 1
C, reverse-complement, 25,  2.80, 1.35, 1.30, 0.00, 0.16, 108, 73, 85, 38.5, , 1
C, reverse-complement, 25,  2.85, 1.35, 1.31, 0.00, 0.16, 108, 67, 89, 38.5, , 1
C, reverse-complement, 25,  2.83, 1.34, 1.29, 0.00, 0.16, 106, 70, 85, 38.5, , 1
C, reverse-complement, 25,  2.78, 1.33, 1.28, 0.00, 0.16, 105, 59, 93, 38.5, , 1
C, spectral-norm, 25,  12.48, 7.98, 7.90, 0.00, 0.16, 321, 1279, 1, 38.5, , 1
C, spectral-norm, 25,  12.54, 8.03, 7.93, 0.00, 0.16, 322, 1284, 0, 38.5, , 1
C, spectral-norm, 25,  12.56, 8.01, 7.91, 0.00, 0.16, 321, 1279, 0, 45.2, , 1
C, spectral-norm, 25,  12.61, 8.00, 7.91, 0.00, 0.16, 321, 1278, 2, 38.2, , 1
C, spectral-norm, 25,  12.51, 7.99, 7.89, 0.00, 0.16, 320, 1277, 1277, 38.2, , 1
C, spectral-norm, 25,  12.53, 8.00, 7.93, 0.00, 0.16, 321, 1283, 1283, 45.2, , 1
C, spectral-norm, 25,  12.53, 7.99, 7.89, 0.00, 0.16, 320, 1278, 1278, 38.8, , 1
C, spectral-norm, 25,  12.52, 7.99, 7.89, 0.00, 0.16, 320, 1277, 0, 38.8, , 1
C, spectral-norm, 25,  12.49, 7.99, 7.90, 0.00, 0.16, 320, 1278, 0, 45.5, , 1
C, spectral-norm, 25,  12.46, 8.00, 7.91, 0.00, 0.16, 321, 1279, 0, 38.5, , 1
C, spectral-norm, 25,  12.51, 8.00, 7.92, 0.00, 0.16, 321, 1282, 0, 38.5, , 1
C, spectral-norm, 25,  12.49, 8.00, 7.91, 0.00, 0.16, 321, 1280, 1, 45.8, , 1
C, spectral-norm, 25,  12.66, 8.07, 7.97, 0.00, 0.17, 325, 1290, 0, 38.8, , 1
C, spectral-norm, 25,  12.59, 8.02, 7.94, 0.00, 0.16, 322, 1286, 1286, 38.8, , 1
C, spectral-norm, 25,  12.53, 8.01, 7.93, 0.00, 0.16, 322, 1283, 0, 45.0, , 1
C, spectral-norm, 25,  12.52, 7.99, 7.89, 0.00, 0.16, 320, 1279, 1279, 38.5, , 1
C, spectral-norm, 25,  12.47, 7.98, 7.90, 0.00, 0.16, 320, 1278, 0, 38.5, , 1
C, spectral-norm, 25,  12.54, 7.99, 7.90, 0.00, 0.16, 320, 1278, 0, 44.8, , 1
C, spectral-norm, 25,  12.50, 8.00, 7.92, 0.00, 0.16, 321, 1282, 1282, 38.5, , 1
C, spectral-norm, 25,  12.49, 8.02, 7.94, 0.00, 0.16, 322, 1284, 1, 38.5, , 1
C++, binary-trees, 25,  35.66, 21.35, 20.95, 0.00, 1.21, 983, 3211, 215, 44.0, , 1
C++, binary-trees, 25,  35.77, 21.37, 20.96, 0.00, 1.21, 992, 3233, 187, 43.5, , 1
C++, binary-trees, 25,  33.31, 19.89, 19.53, 0.00, 1.07, 922, 2997, 149, 38.2, , 1
C++, binary-trees, 25,  33.34, 19.86, 19.50, 0.00, 1.10, 911, 2982, 155, 43.8, , 1
C++, binary-trees, 25,  33.27, 19.90, 19.53, 0.00, 1.05, 926, 3005, 163, 38.8, , 1
C++, binary-trees, 25,  33.40, 20.02, 19.65, 0.00, 1.11, 911, 3000, 135, 43.8, , 1
C++, binary-trees, 25,  33.14, 19.78, 19.41, 0.00, 1.07, 917, 2989, 140, 38.5, , 1
C++, binary-trees, 25,  32.91, 19.76, 19.41, 0.00, 1.05, 903, 2960, 151, 43.8, , 1
C++, binary-trees, 25,  37.11, 22.11, 21.69, 0.00, 1.18, 1024, 3312, 237, 44.0, , 1
C++, binary-trees, 25,  34.03, 20.29, 19.92, 0.00, 1.07, 948, 3076, 176, 38.8, , 1
C++, binary-trees, 25,  34.18, 20.43, 20.07, 0.00, 1.06, 937, 3074, 158, 44.2, , 1
C++, binary-trees, 25,  33.98, 20.29, 19.92, 0.00, 1.07, 948, 3093, 165, 40.0, , 1
C++, binary-trees, 25,  34.89, 20.52, 20.13, 0.00, 1.17, 966, 3151, 163, 38.8, , 1
C++, binary-trees, 25,  33.21, 19.71, 19.35, 0.00, 1.08, 923, 2993, 140, 38.8, , 1
C++, binary-trees, 25,  34.70, 20.66, 20.28, 0.00, 1.15, 950, 3116, 181, 44.2, , 1
C++, binary-trees, 25,  35.10, 20.90, 20.50, 0.00, 1.19, 977, 3227, 153, 43.0, , 1
C++, binary-trees, 25,  36.16, 21.60, 21.20, 0.00, 1.20, 993, 3287, 180, 44.0, , 1
C++, binary-trees, 25,  36.77, 21.90, 21.48, 0.00, 1.24, 1013, 3305, 203, 44.0, , 1
C++, binary-trees, 25,  34.05, 20.44, 20.07, 0.00, 1.06, 944, 3072, 190, 38.5, , 1
C++, binary-trees, 25,  32.07, 19.21, 18.85, 0.00, 1.09, 862, 2851, 136, 44.2, , 1
C++, fannkuch-redux, 25,  127.11, 78.71, 77.65, 0.00, 1.77, 3524, 13993, 0, 44.5, , 1
C++, fannkuch-redux, 25,  127.53, 78.79, 77.73, 0.00, 1.78, 3528, 13997, 2, 44.2, , 1
C++, fannkuch-redux, 25,  126.86, 78.89, 77.84, 0.00, 1.77, 3526, 13998, 1, 45.0, , 1
C++, fannkuch-redux, 25,  127.32, 78.97, 77.91, 0.00, 1.78, 3525, 13994, 1, 44.8, , 1
C++, fannkuch-redux, 25,  127.50, 79.20, 78.13, 0.00, 1.78, 3526, 13995, 1, 45.0, , 1
C++, fannkuch-redux, 25,  127.63, 78.99, 77.92, 0.00, 1.78, 3529, 13998, 13998, 45.2, , 1
C++, fannkuch-redux, 25,  126.97, 79.01, 77.94, 0.00, 1.78, 3526, 13986, 1, 45.8, , 1
C++, fannkuch-redux, 25,  127.24, 79.23, 78.16, 0.00, 1.78, 3530, 13998, 13998, 44.8, , 1
C++, fannkuch-redux, 25,  126.92, 78.94, 77.87, 0.00, 1.78, 3527, 13999, 0, 44.8, , 1
C++, fannkuch-redux, 25,  127.21, 78.79, 77.73, 0.00, 1.78, 3527, 13998, 0, 44.8, , 1
C++, fannkuch-redux, 25,  126.62, 78.91, 77.84, 0.00, 1.77, 3526, 13994, 2, 45.2, , 1
C++, fannkuch-redux, 25,  127.01, 79.01, 77.94, 0.00, 1.78, 3527, 13996, 0, 45.2, , 1
C++, fannkuch-redux, 25,  127.17, 78.90, 77.84, 0.00, 1.78, 3526, 13997, 13997, 44.8, , 1
C++, fannkuch-redux, 25,  127.37, 78.90, 77.83, 0.00, 1.78, 3527, 13999, 13999, 45.8, , 1
C++, fannkuch-redux, 25,  127.00, 79.14, 78.08, 0.00, 1.77, 3527, 13996, 0, 45.2, , 1
C++, fannkuch-redux, 25,  126.69, 79.05, 77.99, 0.00, 1.78, 3528, 13998, 0, 45.0, , 1
C++, fannkuch-redux, 25,  126.88, 79.24, 78.17, 0.00, 1.78, 3528, 13998, 2, 44.5, , 1
C++, fannkuch-redux, 25,  127.14, 79.28, 78.21, 0.00, 1.78, 3526, 13997, 13997, 45.8, , 1
C++, fannkuch-redux, 25,  127.44, 78.98, 77.91, 0.00, 1.77, 3526, 13995, 0, 45.2, , 1
C++, fannkuch-redux, 25,  127.32, 79.08, 78.02, 0.00, 1.78, 3527, 13995, 0, 45.0, , 1
C++, fasta, 25,  16.18, 7.76, 7.57, 0.00, 0.33, 659, 1306, 6, 38.8, , 1
C++, fasta, 25,  16.24, 7.80, 7.61, 0.00, 0.33, 659, 1307, 5, 42.8, , 1
C++, fasta, 25,  16.21, 7.81, 7.61, 0.00, 0.33, 659, 1307, 3, 38.5, , 1
C++, fasta, 25,  16.38, 7.83, 7.63, 0.00, 0.33, 659, 1305, 6, 43.5, , 1
C++, fasta, 25,  16.32, 7.81, 7.61, 0.00, 0.33, 658, 1302, 8, 38.5, , 1
C++, fasta, 25,  16.22, 7.81, 7.61, 0.00, 0.33, 659, 1306, 5, 43.0, , 1
C++, fasta, 25,  16.17, 7.80, 7.60, 0.00, 0.33, 659, 1303, 7, 38.8, , 1
C++, fasta, 25,  16.24, 7.79, 7.60, 0.00, 0.33, 658, 1301, 9, 42.0, , 1
C++, fasta, 25,  16.22, 7.80, 7.61, 0.00, 0.33, 658, 1307, 4, 38.8, , 1
C++, fasta, 25,  16.24, 7.76, 7.56, 0.00, 0.33, 659, 1305, 6, 42.5, , 1
C++, fasta, 25,  16.34, 7.84, 7.65, 0.00, 0.34, 659, 1306, 5, 38.8, , 1
C++, fasta, 25,  16.28, 7.87, 7.66, 0.00, 0.33, 659, 1304, 8, 42.5, , 1
C++, fasta, 25,  16.36, 7.78, 7.58, 0.00, 0.33, 658, 1303, 7, 38.8, , 1
C++, fasta, 25,  16.33, 7.83, 7.64, 0.00, 0.33, 659, 1306, 4, 42.8, , 1
C++, fasta, 25,  16.37, 7.87, 7.68, 0.00, 0.34, 659, 1306, 6, 38.8, , 1
C++, fasta, 25,  16.27, 7.82, 7.63, 0.00, 0.33, 659, 1303, 8, 42.2, , 1
C++, fasta, 25,  16.27, 7.75, 7.55, 0.00, 0.33, 659, 1308, 3, 38.5, , 1
C++, fasta, 25,  16.44, 7.78, 7.59, 0.00, 0.33, 659, 1301, 10, 42.2, , 1
C++, fasta, 25,  16.21, 7.83, 7.63, 0.00, 0.33, 659, 1306, 6, 38.8, , 1
C++, fasta, 25,  16.42, 7.85, 7.65, 0.00, 0.33, 659, 1306, 5, 42.0, , 1
C++, k-nucleotide, 25,  69.94, 37.18, 36.10, 0.00, 3.88, 2131, 6721, 159, 43.0, , 1
C++, k-nucleotide, 25,  69.29, 36.89, 35.82, 0.00, 3.84, 2112, 6714, 150, 43.2, , 1
C++, k-nucleotide, 25,  70.31, 36.88, 35.79, 0.00, 3.88, 2134, 6751, 164, 43.5, , 1
C++, k-nucleotide, 25,  68.60, 36.56, 35.51, 0.00, 3.79, 2095, 6605, 153, 43.0, , 1
C++, k-nucleotide, 25,  68.62, 36.81, 35.75, 0.00, 3.79, 2087, 6647, 150, 43.5, , 1
C++, k-nucleotide, 25,  69.25, 36.81, 35.75, 0.00, 3.82, 2112, 6665, 151, 43.5, , 1
C++, k-nucleotide, 25,  65.32, 35.18, 34.19, 0.00, 3.47, 2002, 6133, 152, 43.0, , 1
C++, k-nucleotide, 25,  70.05, 37.11, 36.04, 0.00, 3.87, 2141, 6720, 149, 42.8, , 1
C++, k-nucleotide, 25,  68.42, 36.60, 35.54, 0.00, 3.77, 2100, 6584, 166, 43.0, , 1
C++, k-nucleotide, 25,  67.67, 36.04, 35.01, 0.00, 3.68, 2065, 6478, 152, 43.5, , 1
C++, k-nucleotide, 25,  68.69, 36.57, 35.51, 0.00, 3.80, 2092, 6588, 150, 43.5, , 1
C++, k-nucleotide, 25,  69.64, 37.00, 35.93, 0.00, 3.88, 2125, 6714, 171, 43.2, , 1
C++, k-nucleotide, 25,  68.27, 36.39, 35.34, 0.00, 3.72, 2083, 6528, 172, 43.2, , 1
C++, k-nucleotide, 25,  70.22, 37.25, 36.16, 0.00, 3.92, 2146, 6810, 154, 43.8, , 1
C++, k-nucleotide, 25,  67.12, 35.87, 34.86, 0.00, 3.62, 2047, 6389, 141, 43.8, , 1
C++, k-nucleotide, 25,  68.33, 36.46, 35.41, 0.00, 3.74, 2073, 6542, 163, 43.5, , 1
C++, k-nucleotide, 25,  68.25, 36.54, 35.48, 0.00, 3.75, 2080, 6574, 165, 43.5, , 1
C++, k-nucleotide, 25,  70.29, 37.35, 36.25, 0.00, 3.93, 2141, 6830, 151, 43.2, , 1
C++, k-nucleotide, 25,  67.63, 36.13, 35.10, 0.00, 3.67, 2054, 6430, 169, 43.5, , 1
C++, k-nucleotide, 25,  67.04, 35.72, 34.69, 0.00, 3.62, 2043, 6372, 150, 42.5, , 1
C++, mandelbrot, 25,  29.06, 18.51, 18.29, 0.00, 0.39, 759, 2957, 17, 38.8, , 1
C++, mandelbrot, 25,  29.15, 18.54, 18.31, 0.00, 0.39, 759, 2971, 4, 44.2, , 1
C++, mandelbrot, 25,  29.12, 18.53, 18.31, 0.00, 0.39, 760, 2959, 18, 38.8, , 1
C++, mandelbrot, 25,  29.20, 18.56, 18.32, 0.00, 0.39, 760, 2967, 10, 43.8, , 1
C++, mandelbrot, 25,  29.14, 18.57, 18.34, 0.00, 0.39, 760, 2965, 14, 38.8, , 1
C++, mandelbrot, 25,  29.19, 18.61, 18.38, 0.00, 0.39, 762, 2971, 13, 44.8, , 1
C++, mandelbrot, 25,  28.94, 18.54, 18.32, 0.00, 0.39, 760, 2968, 8, 38.8, , 1
C++, mandelbrot, 25,  29.19, 18.56, 18.33, 0.00, 0.39, 761, 2973, 8, 44.0, , 1
C++, mandelbrot, 25,  29.19, 18.55, 18.32, 0.00, 0.39, 760, 2966, 11, 38.8, , 1
C++, mandelbrot, 25,  29.18, 18.58, 18.34, 0.00, 0.39, 761, 2972, 9, 44.2, , 1
C++, mandelbrot, 25,  28.98, 18.57, 18.34, 0.00, 0.39, 762, 2969, 14, 38.8, , 1
C++, mandelbrot, 25,  29.11, 18.56, 18.33, 0.00, 0.39, 763, 2973, 15, 44.2, , 1
C++, mandelbrot, 25,  28.98, 18.57, 18.35, 0.00, 0.39, 761, 2968, 12, 38.8, , 1
C++, mandelbrot, 25,  29.15, 18.61, 18.38, 0.00, 0.39, 763, 2973, 16, 44.5, , 1
C++, mandelbrot, 25,  29.09, 18.58, 18.36, 0.00, 0.39, 762, 2968, 16, 38.8, , 1
C++, mandelbrot, 25,  29.10, 18.59, 18.37, 0.00, 0.39, 762, 2974, 11, 44.0, , 1
C++, mandelbrot, 25,  29.18, 18.63, 18.41, 0.00, 0.39, 761, 2971, 12, 38.8, , 1
C++, mandelbrot, 25,  29.07, 18.51, 18.28, 0.00, 0.39, 761, 2965, 16, 44.8, , 1
C++, mandelbrot, 25,  29.00, 18.58, 18.34, 0.00, 0.39, 762, 2966, 16, 38.8, , 1
C++, mandelbrot, 25,  29.09, 18.58, 18.36, 0.00, 0.39, 762, 2967, 16, 44.5, , 1
C++, n-body, 25,  35.44, 17.09, 16.58, 0.00, 0.86, 1712, 1711, 1, 41.0, , 1
C++, n-body, 25,  35.77, 17.14, 16.63, 0.00, 0.86, 1712, 1712, 1712, 40.8, , 1
C++, n-body, 25,  35.30, 17.09, 16.58, 0.00, 0.86, 1711, 1710, 0, 42.0, , 1
C++, n-body, 25,  35.46, 17.11, 16.60, 0.00, 0.86, 1711, 1711, 1711, 41.8, , 1
C++, n-body, 25,  35.38, 17.16, 16.65, 0.00, 0.86, 1711, 1711, 1711, 41.8, , 1
C++, n-body, 25,  35.76, 17.20, 16.69, 0.00, 0.86, 1712, 1711, 1, 41.2, , 1
C++, n-body, 25,  35.30, 17.16, 16.64, 0.00, 0.86, 1711, 1710, 0, 41.5, , 1
C++, n-body, 25,  35.49, 17.13, 16.62, 0.00, 0.86, 1712, 1711, 1, 42.0, , 1
C++, n-body, 25,  35.38, 17.11, 16.59, 0.00, 0.86, 1711, 1711, 1711, 41.8, , 1
C++, n-body, 25,  35.62, 17.32, 16.81, 0.00, 0.86, 1712, 1710, 1, 41.8, , 1
C++, n-body, 25,  35.59, 17.15, 16.63, 0.00, 0.86, 1711, 1710, 0, 42.0, , 1
C++, n-body, 25,  35.63, 17.14, 16.64, 0.00, 0.86, 1711, 1711, 1711, 41.8, , 1
C++, n-body, 25,  35.77, 17.13, 16.61, 0.00, 0.87, 1713, 1712, 1, 41.8, , 1
C++, n-body, 25,  35.44, 17.06, 16.55, 0.00, 0.86, 1711, 1710, 1, 41.5, , 1
C++, n-body, 25,  35.53, 17.05, 16.53, 0.00, 0.86, 1711, 1710, 0, 41.2, , 1
C++, n-body, 25,  35.45, 17.09, 16.58, 0.00, 0.86, 1711, 1711, 1711, 41.5, , 1
C++, n-body, 25,  35.45, 17.13, 16.61, 0.00, 0.86, 1711, 1710, 0, 42.0, , 1
C++, n-body, 25,  35.42, 17.08, 16.56, 0.00, 0.86, 1711, 1710, 0, 41.2, , 1
C++, n-body, 25,  35.61, 17.12, 16.61, 0.00, 0.86, 1712, 1712, 1712, 41.8, , 1
C++, n-body, 25,  35.53, 17.20, 16.68, 0.00, 0.87, 1713, 1712, 1712, 41.5, , 1
C++, regex-redux, 25,  28.53, 15.44, 15.12, 0.00, 0.82, 1033, 1823, 162, 41.2, , 1
C++, regex-redux, 25,  28.44, 15.47, 15.13, 0.00, 0.82, 1043, 1814, 174, 41.8, , 1
C++, regex-redux, 25,  28.63, 15.57, 15.24, 0.00, 0.82, 1051, 1820, 164, 41.2, , 1
C++, regex-redux, 25,  28.70, 15.67, 15.34, 0.00, 0.82, 1046, 1835, 166, 40.8, , 1
C++, regex-redux, 25,  28.25, 15.41, 15.08, 0.00, 0.81, 1026, 1828, 165, 42.2, , 1
C++, regex-redux, 25,  28.56, 15.56, 15.23, 0.00, 0.82, 1037, 1812, 174, 41.2, , 1
C++, regex-redux, 25,  28.45, 15.66, 15.33, 0.00, 0.82, 1032, 1843, 171, 42.2, , 1
C++, regex-redux, 25,  27.55, 15.27, 14.96, 0.00, 0.78, 972, 1848, 161, 42.0, , 1
C++, regex-redux, 25,  28.00, 15.56, 15.24, 0.00, 0.79, 1005, 1851, 167, 40.2, , 1
C++, regex-redux, 25,  28.53, 15.65, 15.31, 0.00, 0.82, 1043, 1822, 164, 41.5, , 1
C++, regex-redux, 25,  28.43, 15.52, 15.18, 0.00, 0.82, 1038, 1823, 174, 42.0, , 1
C++, regex-redux, 25,  28.70, 15.66, 15.32, 0.00, 0.84, 1061, 1831, 164, 42.0, , 1
C++, regex-redux, 25,  28.41, 15.55, 15.22, 0.00, 0.82, 1032, 1839, 161, 42.2, , 1
C++, regex-redux, 25,  28.68, 15.69, 15.35, 0.00, 0.82, 1049, 1845, 160, 41.5, , 1
C++, regex-redux, 25,  28.22, 15.62, 15.28, 0.00, 0.82, 1032, 1834, 167, 41.5, , 1
C++, regex-redux, 25,  28.98, 15.76, 15.42, 0.00, 0.84, 1063, 1851, 157, 41.5, , 1
C++, regex-redux, 25,  28.76, 15.72, 15.38, 0.00, 0.83, 1050, 1823, 173, 42.2, , 1
C++, regex-redux, 25,  27.52, 15.22, 14.90, 0.00, 0.80, 979, 1841, 163, 41.5, , 1
C++, regex-redux, 25,  28.37, 15.58, 15.25, 0.00, 0.82, 1045, 1823, 171, 42.8, , 1
C++, regex-redux, 25,  28.71, 15.54, 15.20, 0.00, 0.82, 1052, 1827, 165, 41.8, , 1
C++, reverse-complement, 25,  3.65, 1.61, 1.54, 0.00, 0.21, 160, 70, 90, 38.5, , 1
C++, reverse-complement, 25,  3.57, 1.62, 1.56, 0.00, 0.21, 160, 66, 93, 38.5, , 1
C++, reverse-complement, 25,  3.61, 1.61, 1.54, 0.00, 0.21, 160, 71, 88, 38.5, , 1
C++, reverse-complement, 25,  3.61, 1.61, 1.54, 0.00, 0.21, 160, 81, 79, 38.5, , 1
C++, reverse-complement, 25,  3.56, 1.60, 1.53, 0.00, 0.21, 160, 74, 85, 38.5, , 1
C++, reverse-complement, 25,  3.55, 1.61, 1.55, 0.00, 0.21, 160, 70, 90, 42.0, , 1
C++, reverse-complement, 25,  3.61, 1.63, 1.56, 0.00, 0.21, 161, 70, 91, 38.2, , 1
C++, reverse-complement, 25,  3.59, 1.62, 1.55, 0.00, 0.21, 160, 71, 88, 38.2, , 1
C++, reverse-complement, 25,  3.60, 1.63, 1.57, 0.00, 0.21, 161, 63, 97, 38.2, , 1
C++, reverse-complement, 25,  3.60, 1.63, 1.56, 0.00, 0.21, 160, 73, 86, 38.2, , 1
C++, reverse-complement, 25,  3.59, 1.63, 1.57, 0.00, 0.21, 161, 70, 90, 38.2, , 1
C++, reverse-complement, 25,  3.65, 1.57, 1.51, 0.00, 0.21, 173, 74, 98, 41.2, , 1
C++, reverse-complement, 25,  3.61, 1.62, 1.55, 0.00, 0.21, 161, 70, 91, 38.5, , 1
C++, reverse-complement, 25,  3.59, 1.61, 1.54, 0.00, 0.21, 161, 67, 93, 38.5, , 1
C++, reverse-complement, 25,  3.60, 1.62, 1.56, 0.00, 0.21, 161, 71, 90, 38.5, , 1
C++, reverse-complement, 25,  3.59, 1.62, 1.54, 0.00, 0.21, 160, 68, 91, 38.5, , 1
C++, reverse-complement, 25,  3.60, 1.62, 1.56, 0.00, 0.21, 161, 79, 82, 38.5, , 1
C++, reverse-complement, 25,  3.60, 1.63, 1.57, 0.00, 0.21, 161, 72, 89, 42.0, , 1
C++, reverse-complement, 25,  3.62, 1.62, 1.55, 0.00, 0.21, 161, 59, 101, 38.2, , 1
C++, reverse-complement, 25,  3.62, 1.63, 1.55, 0.00, 0.21, 161, 84, 77, 38.2, , 1
C++, spectral-norm, 25,  12.17, 7.42, 7.32, 0.00, 0.18, 352, 1408, 1408, 38.2, , 1
C++, spectral-norm, 25,  12.25, 7.45, 7.35, 0.00, 0.18, 353, 1408, 1, 38.2, , 1
C++, spectral-norm, 25,  12.24, 7.45, 7.35, 0.00, 0.18, 353, 1407, 0, 44.0, , 1
C++, spectral-norm, 25,  12.09, 7.34, 7.25, 0.00, 0.18, 352, 1405, 1, 38.5, , 1
C++, spectral-norm, 25,  12.30, 7.49, 7.38, 0.00, 0.18, 354, 1410, 0, 38.5, , 1
C++, spectral-norm, 25,  12.14, 7.30, 7.21, 0.00, 0.18, 356, 1420, 1, 44.2, , 1
C++, spectral-norm, 25,  12.24, 7.40, 7.30, 0.00, 0.18, 352, 1408, 1408, 38.8, , 1
C++, spectral-norm, 25,  12.27, 7.45, 7.35, 0.00, 0.18, 352, 1408, 1408, 38.8, , 1
C++, spectral-norm, 25,  12.31, 7.41, 7.30, 0.00, 0.18, 353, 1407, 0, 44.0, , 1
C++, spectral-norm, 25,  12.22, 7.39, 7.30, 0.00, 0.18, 353, 1410, 1410, 38.5, , 1
C++, spectral-norm, 25,  12.21, 7.36, 7.26, 0.00, 0.18, 352, 1404, 0, 38.5, , 1
C++, spectral-norm, 25,  12.19, 7.36, 7.27, 0.00, 0.18, 352, 1405, 0, 44.0, , 1
C++, spectral-norm, 25,  12.20, 7.38, 7.28, 0.00, 0.18, 352, 1407, 1, 38.5, , 1
C++, spectral-norm, 25,  12.20, 7.38, 7.28, 0.00, 0.18, 352, 1404, 0, 38.5, , 1
C++, spectral-norm, 25,  12.25, 7.42, 7.32, 0.00, 0.18, 352, 1407, 1407, 43.8, , 1
C++, spectral-norm, 25,  12.19, 7.43, 7.33, 0.00, 0.18, 353, 1409, 1409, 38.8, , 1
C++, spectral-norm, 25,  12.25, 7.42, 7.32, 0.00, 0.18, 352, 1406, 0, 38.8, , 1
C++, spectral-norm, 25,  12.22, 7.47, 7.36, 0.00, 0.18, 353, 1409, 0, 44.2, , 1
C++, spectral-norm, 25,  12.22, 7.42, 7.32, 0.00, 0.18, 352, 1407, 1407, 38.5, , 1
C++, spectral-norm, 25,  12.30, 7.48, 7.37, 0.00, 0.18, 353, 1410, 1410, 38.5, , 1
Java, binary-trees, 25,  105.67, 59.21, 57.64, 0.00, 5.66, 2811, 9162, 566, 43.5, , 1
Java, binary-trees, 25,  107.20, 60.33, 58.76, 0.00, 5.69, 2827, 9290, 513, 44.0, , 1
Java, binary-trees, 25,  106.33, 60.15, 58.58, 0.00, 5.67, 2824, 9164, 506, 43.0, , 1
Java, binary-trees, 25,  105.90, 59.65, 58.07, 0.00, 5.67, 2820, 9143, 550, 42.8, , 1
Java, binary-trees, 25,  105.16, 59.24, 57.68, 0.00, 5.63, 2774, 9115, 486, 43.2, , 1
Java, binary-trees, 25,  105.24, 59.47, 57.92, 0.00, 5.62, 2779, 9125, 529, 43.5, , 1
Java, binary-trees, 25,  106.11, 60.09, 58.52, 0.00, 5.65, 2840, 9167, 544, 43.2, , 1
Java, binary-trees, 25,  106.62, 60.06, 58.48, 0.00, 5.68, 2836, 9146, 571, 42.8, , 1
Java, binary-trees, 25,  103.40, 58.02, 56.46, 0.00, 5.66, 2787, 9149, 499, 43.5, , 1
Java, binary-trees, 25,  106.88, 60.71, 59.15, 0.00, 5.66, 2805, 9193, 516, 43.8, , 1
Java, binary-trees, 25,  105.09, 59.60, 58.04, 0.00, 5.63, 2795, 9124, 489, 43.2, , 1
Java, binary-trees, 25,  105.91, 60.27, 58.71, 0.00, 5.65, 2800, 9149, 515, 43.2, , 1
Java, binary-trees, 25,  104.32, 58.82, 57.26, 0.00, 5.61, 2771, 9074, 528, 43.0, , 1
Java, binary-trees, 25,  105.06, 59.65, 58.09, 0.00, 5.61, 2779, 9083, 528, 43.0, , 1
Java, binary-trees, 25,  105.77, 60.06, 58.50, 0.00, 5.63, 2796, 9100, 546, 43.2, , 1
Java, binary-trees, 25,  104.87, 59.44, 57.89, 0.00, 5.61, 2786, 9083, 523, 43.5, , 1
Java, binary-trees, 25,  103.64, 58.76, 57.21, 0.00, 5.60, 2766, 9026, 553, 43.0, , 1
Java, binary-trees, 25,  105.88, 60.00, 58.44, 0.00, 5.64, 2795, 9177, 483, 43.0, , 1
Java, binary-trees, 25,  105.43, 59.90, 58.34, 0.00, 5.62, 2785, 9110, 527, 43.0, , 1
Java, binary-trees, 25,  105.65, 59.82, 58.26, 0.00, 5.63, 2799, 9146, 470, 43.2, , 1
Java, fannkuch-redux, 25,  329.72, 211.73, 209.14, 0.00, 4.32, 8554, 33778, 26, 45.2, , 1
Java, fannkuch-redux, 25,  351.52, 225.15, 222.40, 0.00, 4.60, 9104, 35926, 12, 45.2, , 1
Java, fannkuch-redux, 25,  345.83, 221.65, 218.95, 0.00, 4.53, 8970, 35357, 21, 45.0, , 1
Java, fannkuch-redux, 25,  331.12, 212.41, 209.82, 0.00, 4.34, 8594, 33873, 23, 45.2, , 1
Java, fannkuch-redux, 25,  325.13, 208.87, 206.32, 0.00, 4.26, 8432, 33328, 16, 45.5, , 1
Java, fannkuch-redux, 25,  343.02, 219.35, 216.66, 0.00, 4.48, 8875, 34981, 25, 45.2, , 1
Java, fannkuch-redux, 25,  341.79, 218.79, 216.12, 0.00, 4.46, 8829, 34914, 15, 46.2, , 1
Java, fannkuch-redux, 25,  342.91, 220.76, 218.06, 0.00, 4.50, 8918, 35218, 19, 46.0, , 1
Java, fannkuch-redux, 25,  325.72, 208.95, 206.40, 0.00, 4.27, 8453, 33323, 24, 45.0, , 1
Java, fannkuch-redux, 25,  350.73, 224.58, 221.85, 0.00, 4.57, 9064, 35832, 20, 45.5, , 1
Java, fannkuch-redux, 25,  317.53, 203.21, 200.74, 0.00, 4.15, 8213, 32405, 21, 45.5, , 1
Java, fannkuch-redux, 25,  325.75, 208.69, 206.14, 0.00, 4.26, 8437, 33294, 18, 45.0, , 1
Java, fannkuch-redux, 25,  326.13, 208.22, 205.67, 0.00, 4.25, 8419, 33231, 21, 46.2, , 1
Java, fannkuch-redux, 25,  324.71, 208.10, 205.56, 0.00, 4.25, 8413, 33213, 12, 44.8, , 1
Java, fannkuch-redux, 25,  325.96, 208.31, 205.77, 0.00, 4.26, 8430, 33221, 23, 45.0, , 1
Java, fannkuch-redux, 25,  341.15, 218.52, 215.85, 0.00, 4.46, 8829, 34859, 24, 44.8, , 1
Java, fannkuch-redux, 25,  349.93, 224.08, 221.34, 0.00, 4.57, 9047, 35754, 16, 45.5, , 1
Java, fannkuch-redux, 25,  325.12, 208.53, 205.98, 0.00, 4.26, 8433, 33263, 22, 44.8, , 1
Java, fannkuch-redux, 25,  330.10, 211.65, 209.05, 0.00, 4.32, 8559, 33772, 23, 44.0, , 1
Java, fannkuch-redux, 25,  324.70, 208.41, 205.86, 0.00, 4.26, 8430, 33250, 14, 44.2, , 1
Java, fasta, 25,  34.60, 20.35, 20.03, 0.00, 0.58, 1071, 3262, 49, 43.0, , 1
Java, fasta, 25,  34.74, 20.40, 20.07, 0.00, 0.59, 1091, 3291, 47, 41.8, , 1
Java, fasta, 25,  34.22, 20.38, 20.06, 0.00, 0.57, 1054, 3285, 45, 43.8, , 1
Java, fasta, 25,  34.47, 20.49, 20.16, 0.00, 0.58, 1069, 3304, 38, 42.5, , 1
Java, fasta, 25,  33.86, 20.22, 19.91, 0.00, 0.57, 1047, 3291, 35, 43.5, , 1
Java, fasta, 25,  34.54, 20.53, 20.21, 0.00, 0.57, 1058, 3304, 35, 44.2, , 1
Java, fasta, 25,  34.54, 20.46, 20.14, 0.00, 0.58, 1065, 3298, 38, 43.8, , 1
Java, fasta, 25,  34.28, 20.13, 19.80, 0.00, 0.58, 1062, 3309, 47, 43.5, , 1
Java, fasta, 25,  34.26, 19.94, 19.61, 0.00, 0.59, 1078, 3388, 41, 43.8, , 1
Java, fasta, 25,  34.42, 20.36, 20.03, 0.00, 0.58, 1072, 3306, 40, 42.5, , 1
Java, fasta, 25,  34.25, 19.79, 19.46, 0.00, 0.60, 1105, 3386, 54, 43.0, , 1
Java, fasta, 25,  34.16, 20.21, 19.89, 0.00, 0.57, 1060, 3295, 37, 43.5, , 1
Java, fasta, 25,  34.15, 20.13, 19.81, 0.00, 0.57, 1055, 3268, 41, 42.2, , 1
Java, fasta, 25,  34.30, 19.90, 19.56, 0.00, 0.59, 1089, 3416, 41, 43.2, , 1
Java, fasta, 25,  34.23, 20.06, 19.74, 0.00, 0.59, 1089, 3364, 38, 42.2, , 1
Java, fasta, 25,  34.65, 20.43, 20.10, 0.00, 0.58, 1064, 3305, 41, 43.0, , 1
Java, fasta, 25,  34.49, 20.43, 20.11, 0.00, 0.57, 1061, 3342, 36, 43.5, , 1
Java, fasta, 25,  34.25, 20.24, 19.92, 0.00, 0.58, 1061, 3305, 56, 43.8, , 1
Java, fasta, 25,  34.67, 20.39, 20.06, 0.00, 0.59, 1086, 3345, 35, 42.0, , 1
Java, fasta, 25,  34.54, 20.38, 20.06, 0.00, 0.57, 1065, 3322, 54, 43.8, , 1
Java, k-nucleotide, 25,  140.29, 85.40, 84.18, 0.00, 3.43, 3899, 12889, 203, 43.8, , 1
Java, k-nucleotide, 25,  128.14, 77.62, 76.48, 0.00, 3.20, 3623, 11607, 204, 43.0, , 1
Java, k-nucleotide, 25,  141.48, 86.01, 84.77, 0.00, 3.47, 3976, 12987, 183, 43.5, , 1
Java, k-nucleotide, 25,  139.70, 84.72, 83.50, 0.00, 3.40, 3878, 12797, 196, 44.2, , 1
Java, k-nucleotide, 25,  138.50, 84.02, 82.80, 0.00, 3.39, 3858, 12667, 197, 44.2, , 1
Java, k-nucleotide, 25,  141.25, 85.46, 84.23, 0.00, 3.46, 3935, 12853, 213, 42.8, , 1
Java, k-nucleotide, 25,  140.88, 85.54, 84.30, 0.00, 3.47, 3958, 12944, 243, 42.0, , 1
Java, k-nucleotide, 25,  140.43, 85.19, 83.97, 0.00, 3.42, 3903, 12840, 198, 45.0, , 1
Java, k-nucleotide, 25,  138.22, 83.98, 82.77, 0.00, 3.38, 3866, 12672, 188, 43.5, , 1
Java, k-nucleotide, 25,  134.79, 81.86, 80.66, 0.00, 3.35, 3792, 12321, 188, 43.5, , 1
Java, k-nucleotide, 25,  139.46, 85.08, 83.86, 0.00, 3.40, 3888, 12803, 201, 44.8, , 1
Java, k-nucleotide, 25,  138.63, 84.48, 83.26, 0.00, 3.41, 3883, 12757, 190, 43.2, , 1
Java, k-nucleotide, 25,  141.08, 85.97, 84.74, 0.00, 3.39, 3935, 12927, 199, 43.8, , 1
Java, k-nucleotide, 25,  142.02, 86.37, 85.13, 0.00, 3.48, 3961, 12999, 199, 43.8, , 1
Java, k-nucleotide, 25,  141.17, 85.83, 84.60, 0.00, 3.41, 3936, 12918, 194, 44.5, , 1
Java, k-nucleotide, 25,  139.69, 85.00, 83.79, 0.00, 3.41, 3886, 12852, 189, 45.0, , 1
Java, k-nucleotide, 25,  138.17, 84.22, 83.02, 0.00, 3.29, 3849, 12680, 203, 44.5, , 1
Java, k-nucleotide, 25,  138.15, 83.74, 82.52, 0.00, 3.36, 3888, 12593, 245, 41.8, , 1
Java, k-nucleotide, 25,  142.67, 85.98, 84.74, 0.00, 3.48, 3968, 12997, 231, 42.2, , 1
Java, k-nucleotide, 25,  142.23, 86.69, 85.45, 0.00, 3.48, 3958, 13055, 194, 43.5, , 1
Java, mandelbrot, 25,  119.32, 74.94, 73.95, 0.00, 1.71, 3274, 12827, 67, 45.2, , 1
Java, mandelbrot, 25,  118.99, 74.55, 73.56, 0.00, 1.72, 3284, 12787, 62, 43.8, , 1
Java, mandelbrot, 25,  119.41, 74.93, 73.94, 0.00, 1.70, 3262, 12795, 59, 45.0, , 1
Java, mandelbrot, 25,  118.91, 74.92, 73.94, 0.00, 1.70, 3259, 12771, 63, 45.2, , 1
Java, mandelbrot, 25,  119.88, 75.35, 74.35, 0.00, 1.73, 3312, 12891, 57, 44.2, , 1
Java, mandelbrot, 25,  114.63, 72.15, 71.19, 0.00, 1.66, 3161, 12387, 60, 44.5, , 1
Java, mandelbrot, 25,  119.62, 75.12, 74.12, 0.00, 1.70, 3253, 12739, 60, 45.2, , 1
Java, mandelbrot, 25,  118.68, 74.28, 73.29, 0.00, 1.70, 3259, 12779, 51, 45.5, , 1
Java, mandelbrot, 25,  115.92, 72.24, 71.27, 0.00, 1.67, 3194, 12446, 61, 43.8, , 1
Java, mandelbrot, 25,  119.68, 74.80, 73.80, 0.00, 1.71, 3272, 12801, 70, 45.2, , 1
Java, mandelbrot, 25,  114.72, 71.91, 70.96, 0.00, 1.65, 3156, 12366, 56, 44.8, , 1
Java, mandelbrot, 25,  118.52, 74.30, 73.30, 0.00, 1.70, 3261, 12758, 59, 45.2, , 1
Java, mandelbrot, 25,  119.20, 74.28, 73.29, 0.00, 1.71, 3277, 12784, 45, 43.5, , 1
Java, mandelbrot, 25,  116.16, 72.37, 71.40, 0.00, 1.67, 3188, 12463, 66, 43.0, , 1
Java, mandelbrot, 25,  118.44, 74.01, 73.02, 0.00, 1.69, 3244, 12718, 62, 45.0, , 1
Java, mandelbrot, 25,  120.23, 75.32, 74.32, 0.00, 1.71, 3275, 12769, 57, 44.2, , 1
Java, mandelbrot, 25,  118.91, 74.49, 73.50, 0.00, 1.71, 3269, 12767, 55, 44.5, , 1
Java, mandelbrot, 25,  114.48, 71.06, 70.09, 0.00, 1.67, 3196, 12505, 65, 45.8, , 1
Java, mandelbrot, 25,  120.91, 75.95, 74.95, 0.00, 1.72, 3285, 12832, 47, 44.0, , 1
Java, mandelbrot, 25,  120.02, 75.44, 74.45, 0.00, 1.71, 3267, 12797, 64, 45.2, , 1
Java, n-body, 25,  80.50, 37.50, 36.30, 0.00, 2.05, 4035, 4042, 16, 41.5, , 1
Java, n-body, 25,  81.12, 37.59, 36.37, 0.00, 2.07, 4070, 4064, 17, 41.8, , 1
Java, n-body, 25,  80.68, 36.85, 35.62, 0.00, 2.06, 4049, 4035, 21, 41.2, , 1
Java, n-body, 25,  80.10, 36.97, 35.75, 0.00, 2.05, 4036, 4040, 20, 40.8, , 1
Java, n-body, 25,  80.67, 37.15, 35.93, 0.00, 2.06, 4053, 4040, 18, 41.2, , 1
Java, n-body, 25,  80.37, 37.48, 36.26, 0.00, 2.05, 4035, 4042, 16, 42.0, , 1
Java, n-body, 25,  80.25, 36.97, 35.76, 0.00, 2.05, 4045, 4040, 16, 41.0, , 1
Java, n-body, 25,  80.87, 37.67, 36.44, 0.00, 2.07, 4070, 4064, 17, 41.0, , 1
Java, n-body, 25,  81.44, 37.76, 36.54, 0.00, 2.07, 4076, 4064, 17, 41.0, , 1
Java, n-body, 25,  80.96, 37.79, 36.58, 0.00, 2.06, 4061, 4060, 23, 40.2, , 1
Java, n-body, 25,  80.59, 37.22, 36.01, 0.00, 2.05, 4034, 4040, 17, 41.2, , 1
Java, n-body, 25,  81.17, 37.85, 36.64, 0.00, 2.07, 4071, 4064, 17, 40.8, , 1
Java, n-body, 25,  80.61, 37.67, 36.46, 0.00, 2.06, 4049, 4043, 14, 41.2, , 1
Java, n-body, 25,  80.67, 37.88, 36.66, 0.00, 2.06, 4059, 4064, 17, 42.0, , 1
Java, n-body, 25,  81.40, 38.01, 36.78, 0.00, 2.07, 4086, 4058, 23, 41.0, , 1
Java, n-body, 25,  80.36, 37.39, 36.18, 0.00, 2.06, 4049, 4039, 17, 40.5, , 1
Java, n-body, 25,  80.57, 37.56, 36.34, 0.00, 2.06, 4049, 4041, 19, 40.2, , 1
Java, n-body, 25,  80.91, 37.89, 36.67, 0.00, 2.07, 4076, 4067, 16, 40.8, , 1
Java, n-body, 25,  80.35, 37.62, 36.41, 0.00, 2.06, 4050, 4041, 17, 41.0, , 1
Java, n-body, 25,  80.39, 37.56, 36.33, 0.00, 2.06, 4054, 4043, 17, 41.0, , 1
Java, regex-redux, 25,  152.45, 91.77, 90.33, 0.00, 3.22, 4475, 13431, 299, 43.2, , 1
Java, regex-redux, 25,  150.53, 90.14, 88.71, 0.00, 3.21, 4440, 13171, 289, 42.5, , 1
Java, regex-redux, 25,  149.47, 89.87, 88.46, 0.00, 3.17, 4370, 13162, 310, 43.0, , 1
Java, regex-redux, 25,  149.94, 89.99, 88.57, 0.00, 3.20, 4410, 13169, 290, 42.5, , 1
Java, regex-redux, 25,  152.37, 91.63, 90.18, 0.00, 3.23, 4504, 13405, 285, 42.5, , 1
Java, regex-redux, 25,  151.43, 91.16, 89.73, 0.00, 3.20, 4459, 13358, 296, 43.8, , 1
Java, regex-redux, 25,  148.27, 89.28, 87.87, 0.00, 3.18, 4379, 13009, 316, 43.0, , 1
Java, regex-redux, 25,  148.52, 89.07, 87.67, 0.00, 3.17, 4352, 13041, 310, 43.0, , 1
Java, regex-redux, 25,  149.64, 90.25, 88.84, 0.00, 3.18, 4397, 13286, 267, 43.0, , 1
Java, regex-redux, 25,  154.37, 93.22, 91.75, 0.00, 3.27, 4573, 13633, 290, 43.5, , 1
Java, regex-redux, 25,  148.79, 89.89, 88.49, 0.00, 3.17, 4375, 13182, 285, 43.0, , 1
Java, regex-redux, 25,  149.39, 89.50, 88.07, 0.00, 3.22, 4451, 13197, 288, 43.2, , 1
Java, regex-redux, 25,  150.62, 90.73, 89.31, 0.00, 3.21, 4426, 13224, 296, 43.0, , 1
Java, regex-redux, 25,  152.12, 91.36, 89.93, 0.00, 3.23, 4489, 13400, 304, 43.0, , 1
Java, regex-redux, 25,  152.34, 92.01, 90.56, 0.00, 3.25, 4536, 13336, 302, 43.5, , 1
Java, regex-redux, 25,  148.70, 90.39, 88.97, 0.00, 3.17, 4373, 13231, 298, 43.2, , 1
Java, regex-redux, 25,  152.70, 92.54, 91.09, 0.00, 3.24, 4515, 13519, 292, 42.8, , 1
Java, regex-redux, 25,  151.79, 91.31, 89.87, 0.00, 3.23, 4487, 13319, 295, 43.5, , 1
Java, regex-redux, 25,  152.11, 92.41, 90.97, 0.00, 3.21, 4466, 13626, 275, 42.8, , 1
Java, regex-redux, 25,  154.95, 93.42, 91.94, 0.00, 3.29, 4604, 13677, 294, 42.8, , 1
Java, reverse-complement, 25,  17.72, 8.43, 8.13, 0.00, 0.78, 777, 547, 356, 38.8, , 1
Java, reverse-complement, 25,  17.63, 8.30, 8.02, 0.00, 0.78, 769, 546, 347, 42.0, , 1
Java, reverse-complement, 25,  17.45, 8.25, 7.96, 0.00, 0.78, 755, 553, 327, 38.5, , 1
Java, reverse-complement, 25,  17.41, 8.21, 7.93, 0.00, 0.77, 753, 547, 331, 41.5, , 1
Java, reverse-complement, 25,  17.17, 8.18, 7.90, 0.00, 0.78, 754, 548, 330, 38.8, , 1
Java, reverse-complement, 25,  17.29, 8.20, 7.92, 0.00, 0.78, 752, 552, 325, 41.8, , 1
Java, reverse-complement, 25,  17.41, 8.22, 7.94, 0.00, 0.78, 763, 564, 318, 38.8, , 1
Java, reverse-complement, 25,  17.35, 8.23, 7.94, 0.00, 0.77, 753, 529, 349, 41.2, , 1
Java, reverse-complement, 25,  17.42, 8.18, 7.90, 0.00, 0.78, 757, 556, 327, 38.5, , 1
Java, reverse-complement, 25,  17.35, 8.23, 7.94, 0.00, 0.78, 755, 554, 327, 42.2, , 1
Java, reverse-complement, 25,  17.45, 8.15, 7.85, 0.00, 0.79, 770, 553, 342, 38.5, , 1
Java, reverse-complement, 25,  17.32, 8.28, 8.01, 0.00, 0.78, 756, 551, 331, 41.8, , 1
Java, reverse-complement, 25,  17.25, 8.20, 7.92, 0.00, 0.77, 755, 546, 334, 38.8, , 1
Java, reverse-complement, 25,  17.47, 8.31, 8.04, 0.00, 0.78, 757, 553, 330, 41.8, , 1
Java, reverse-complement, 25,  17.35, 8.22, 7.93, 0.00, 0.78, 754, 553, 328, 38.2, , 1
Java, reverse-complement, 25,  17.35, 8.21, 7.92, 0.00, 0.78, 755, 562, 318, 41.8, , 1
Java, reverse-complement, 25,  17.20, 8.19, 7.91, 0.00, 0.77, 753, 559, 320, 38.5, , 1
Java, reverse-complement, 25,  17.34, 8.28, 7.99, 0.00, 0.78, 760, 554, 325, 41.2, , 1
Java, reverse-complement, 25,  17.31, 8.14, 7.86, 0.00, 0.78, 753, 562, 315, 38.8, , 1
Java, reverse-complement, 25,  17.41, 8.18, 7.90, 0.00, 0.77, 753, 558, 320, 41.8, , 1
Java, spectral-norm, 25,  20.29, 12.14, 11.95, 0.00, 0.33, 605, 2038, 32, 38.8, , 1
Java, spectral-norm, 25,  20.06, 12.06, 11.88, 0.00, 0.32, 588, 2086, 27, 44.5, , 1
Java, spectral-norm, 25,  19.82, 12.03, 11.86, 0.00, 0.31, 572, 2036, 27, 38.8, , 1
Java, spectral-norm, 25,  19.82, 12.15, 11.98, 0.00, 0.31, 562, 1999, 33, 44.2, , 1
Java, spectral-norm, 25,  19.94, 11.69, 11.50, 0.00, 0.33, 610, 2148, 34, 38.8, , 1
Java, spectral-norm, 25,  20.24, 12.23, 12.05, 0.00, 0.32, 587, 2009, 29, 43.0, , 1
Java, spectral-norm, 25,  20.03, 12.03, 11.85, 0.00, 0.32, 582, 2053, 32, 38.8, , 1
Java, spectral-norm, 25,  19.06, 11.72, 11.56, 0.00, 0.29, 533, 1852, 32, 44.2, , 1
Java, spectral-norm, 25,  19.54, 11.58, 11.40, 0.00, 0.32, 591, 2127, 30, 38.8, , 1
Java, spectral-norm, 25,  20.22, 12.34, 12.17, 0.00, 0.31, 572, 2032, 35, 44.5, , 1
Java, spectral-norm, 25,  19.79, 12.10, 11.93, 0.00, 0.31, 575, 2036, 31, 38.8, , 1
Java, spectral-norm, 25,  20.17, 12.36, 12.19, 0.00, 0.31, 574, 2038, 30, 44.5, , 1
Java, spectral-norm, 25,  19.86, 11.84, 11.66, 0.00, 0.33, 599, 2132, 32, 38.8, , 1
Java, spectral-norm, 25,  19.30, 11.93, 11.77, 0.00, 0.30, 542, 1893, 27, 44.5, , 1
Java, spectral-norm, 25,  18.90, 11.25, 11.08, 0.00, 0.31, 573, 2010, 28, 38.8, , 1
Java, spectral-norm, 25,  19.34, 12.03, 11.87, 0.00, 0.29, 536, 1895, 38, 45.0, , 1
Java, spectral-norm, 25,  19.55, 11.59, 11.40, 0.00, 0.33, 611, 2150, 42, 38.8, , 1
Java, spectral-norm, 25,  20.23, 11.85, 11.66, 0.00, 0.34, 633, 2152, 47, 45.0, , 1
Java, spectral-norm, 25,  19.75, 11.95, 11.77, 0.00, 0.32, 584, 2089, 28, 38.5, , 1
Java, spectral-norm, 25,  19.47, 12.03, 11.86, 0.00, 0.30, 546, 1900, 30, 44.5, , 1
Python, binary-trees, 25,  1178.15, 702.56, 690.63, 0.00, 33.16, 32164, 111297, 2264, 46.0, , 1
Python, binary-trees, 25,  1172.08, 699.27, 687.43, 0.00, 32.91, 31913, 110183, 2259, 46.0, , 1
Python, binary-trees, 25,  1180.41, 704.71, 692.82, 0.00, 33.00, 32165, 111427, 2223, 45.2, , 1
Python, binary-trees, 25,  1176.10, 701.21, 689.32, 0.00, 33.13, 32090, 110768, 2240, 45.2, , 1
Python, binary-trees, 25,  1194.17, 713.59, 701.53, 0.00, 33.29, 32591, 112661, 2146, 45.5, , 1
Python, binary-trees, 25,  1172.89, 703.32, 691.43, 0.00, 33.05, 32119, 110672, 2324, 45.5, , 1
Python, binary-trees, 25,  1180.93, 709.78, 697.87, 0.00, 33.12, 32151, 111609, 2264, 46.0, , 1
Python, binary-trees, 25,  1185.90, 707.51, 695.62, 0.00, 33.02, 32135, 110953, 2256, 45.0, , 1
Python, binary-trees, 25,  1179.34, 702.23, 690.27, 0.00, 33.18, 32236, 110737, 2350, 46.5, , 1
Python, binary-trees, 25,  1178.94, 704.27, 692.43, 0.00, 32.99, 32026, 110275, 2296, 45.8, , 1
Python, binary-trees, 25,  1177.79, 703.17, 691.30, 0.00, 32.97, 32037, 110280, 2330, 45.5, , 1
Python, binary-trees, 25,  1187.55, 704.87, 692.90, 0.00, 33.14, 32320, 111447, 2238, 45.8, , 1
Python, binary-trees, 25,  1187.89, 706.48, 694.53, 0.00, 33.13, 32271, 111292, 2315, 46.8, , 1
Python, binary-trees, 25,  1182.85, 701.01, 689.07, 0.00, 33.02, 32213, 111704, 2321, 46.2, , 1
Python, binary-trees, 25,  1178.08, 701.59, 689.75, 0.00, 32.98, 31983, 110408, 2254, 46.0, , 1
Python, binary-trees, 25,  1173.51, 701.66, 689.84, 0.00, 32.92, 31898, 110078, 2308, 46.5, , 1
Python, binary-trees, 25,  1186.23, 705.88, 693.99, 0.00, 32.99, 32148, 110844, 2214, 46.5, , 1
Python, binary-trees, 25,  1179.72, 704.09, 692.17, 0.00, 33.02, 32212, 111315, 2256, 46.2, , 1
Python, binary-trees, 25,  1177.51, 704.49, 692.58, 0.00, 33.17, 32120, 110846, 2212, 46.8, , 1
Python, binary-trees, 25,  1184.03, 704.35, 692.40, 0.00, 33.15, 32284, 112036, 2126, 46.8, , 1
Python, fannkuch-redux, 25,  9766.06, 6103.23, 6028.41, 0.00, 123.90, 246516, 968805, 26, 53.5, , 1
Python, fannkuch-redux, 25,  9843.89, 6156.16, 6081.00, 0.00, 124.34, 247389, 978453, 21, 55.0, , 1
Python, fannkuch-redux, 25,  9800.12, 6115.02, 6040.04, 0.00, 123.74, 246192, 971559, 15, 54.8, , 1
Python, fannkuch-redux, 25,  9751.55, 6110.46, 6035.92, 0.00, 123.31, 245319, 971232, 20, 55.0, , 1
Python, fannkuch-redux, 25,  9803.65, 6143.19, 6068.12, 0.00, 124.22, 247106, 976094, 27, 55.2, , 1
Python, fannkuch-redux, 25,  9795.31, 6133.60, 6058.77, 0.00, 123.89, 246497, 974671, 19, 56.0, , 1
Python, fannkuch-redux, 25,  9739.00, 6089.35, 6014.92, 0.00, 123.06, 244839, 967755, 20, 55.2, , 1
Python, fannkuch-redux, 25,  9728.11, 6099.65, 6025.09, 0.00, 123.27, 245270, 969464, 25, 55.5, , 1
Python, fannkuch-redux, 25,  9733.88, 6092.98, 6018.46, 0.00, 123.22, 245161, 968366, 19, 55.2, , 1
Python, fannkuch-redux, 25,  9819.83, 6143.41, 6068.37, 0.00, 124.18, 247067, 976141, 15, 55.5, , 1
Python, fannkuch-redux, 25,  9826.80, 6137.77, 6062.82, 0.00, 123.96, 246624, 975459, 22, 56.8, , 1
Python, fannkuch-redux, 25,  9833.83, 6129.23, 6054.29, 0.00, 123.93, 246517, 975211, 31, 56.2, , 1
Python, fannkuch-redux, 25,  9784.90, 6121.63, 6046.84, 0.00, 123.75, 246200, 972720, 24, 55.2, , 1
Python, fannkuch-redux, 25,  9788.94, 6131.09, 6056.14, 0.00, 123.87, 246448, 975902, 24, 55.2, , 1
Python, fannkuch-redux, 25,  9767.56, 6109.71, 6034.79, 0.00, 123.86, 246446, 971348, 20, 55.8, , 1
Python, fannkuch-redux, 25,  9855.92, 6169.83, 6094.33, 0.00, 124.93, 248548, 979527, 21, 55.2, , 1
Python, fannkuch-redux, 25,  9763.37, 6112.86, 6038.12, 0.00, 123.62, 245963, 971412, 22, 55.5, , 1
Python, fannkuch-redux, 25,  9808.02, 6142.67, 6067.78, 0.00, 123.88, 246493, 977147, 26, 56.8, , 1
Python, fannkuch-redux, 25,  9827.30, 6133.59, 6058.58, 0.00, 123.97, 246669, 974801, 16, 56.0, , 1
Python, fannkuch-redux, 25,  9690.60, 6073.35, 5999.15, 0.00, 122.70, 244127, 965563, 18, 55.5, , 1
Python, fasta, 25,  875.08, 441.62, 429.20, 0.00, 20.64, 41059, 41034, 26, 44.5, , 1
Python, fasta, 25,  872.17, 438.43, 426.02, 0.00, 20.63, 41047, 41027, 20, 45.0, , 1
Python, fasta, 25,  879.07, 445.37, 432.94, 0.00, 20.69, 41166, 41142, 24, 44.2, , 1
Python, fasta, 25,  888.10, 444.53, 431.91, 0.00, 20.98, 41745, 41720, 25, 44.8, , 1
Python, fasta, 25,  880.81, 445.92, 433.46, 0.00, 20.76, 41308, 41282, 26, 44.0, , 1
Python, fasta, 25,  873.78, 438.63, 426.23, 0.00, 20.65, 41094, 41074, 19, 44.5, , 1
Python, fasta, 25,  871.40, 437.66, 425.25, 0.00, 20.64, 41055, 41025, 28, 44.2, , 1
Python, fasta, 25,  877.67, 441.51, 429.04, 0.00, 20.74, 41270, 41253, 17, 44.2, , 1
Python, fasta, 25,  874.42, 436.47, 424.02, 0.00, 20.70, 41190, 41160, 28, 44.2, , 1
Python, fasta, 25,  884.32, 445.78, 433.33, 0.00, 20.74, 41267, 41250, 17, 44.2, , 1
Python, fasta, 25,  880.51, 441.15, 428.72, 0.00, 20.70, 41177, 41153, 23, 44.0, , 1
Python, fasta, 25,  876.22, 443.01, 430.55, 0.00, 20.69, 41169, 41141, 28, 44.5, , 1
Python, fasta, 25,  879.78, 437.77, 425.38, 0.00, 20.63, 41051, 41016, 35, 43.5, , 1
Python, fasta, 25,  880.12, 443.72, 431.23, 0.00, 20.77, 41304, 41279, 25, 44.0, , 1
Python, fasta, 25,  888.97, 444.80, 432.20, 0.00, 20.93, 41623, 41598, 25, 44.8, , 1
Python, fasta, 25,  878.08, 439.74, 427.24, 0.00, 20.78, 41346, 41325, 20, 44.5, , 1
Python, fasta, 25,  893.48, 449.37, 436.87, 0.00, 20.84, 41459, 41425, 33, 43.8, , 1
Python, fasta, 25,  879.11, 442.58, 430.18, 0.00, 20.66, 41105, 41079, 23, 44.0, , 1
Python, fasta, 25,  877.56, 442.53, 430.08, 0.00, 20.72, 41226, 41202, 20, 45.0, , 1
Python, fasta, 25,  877.25, 440.41, 427.94, 0.00, 20.74, 41269, 41240, 25, 44.5, , 1
Python, k-nucleotide, 25,  1516.88, 922.59, 909.42, 0.00, 44.60, 37691, 146405, 511, 47.5, , 1
Python, k-nucleotide, 25,  1519.05, 926.39, 913.22, 0.00, 44.47, 37767, 147320, 511, 48.8, , 1
Python, k-nucleotide, 25,  1493.81, 910.16, 897.17, 0.00, 44.23, 37024, 144990, 524, 48.5, , 1
Python, k-nucleotide, 25,  1487.73, 906.78, 893.86, 0.00, 43.87, 36908, 144269, 532, 47.8, , 1
Python, k-nucleotide, 25,  1498.07, 910.44, 897.45, 0.00, 44.17, 37036, 144964, 560, 49.0, , 1
Python, k-nucleotide, 25,  1515.49, 923.49, 910.41, 0.00, 44.27, 37586, 147093, 542, 48.8, , 1
Python, k-nucleotide, 25,  1501.82, 915.76, 902.75, 0.00, 44.01, 37322, 145625, 510, 48.0, , 1
Python, k-nucleotide, 25,  1505.18, 916.31, 903.24, 0.00, 44.37, 37315, 145998, 557, 48.2, , 1
Python, k-nucleotide, 25,  1506.77, 916.00, 902.98, 0.00, 44.18, 37263, 145927, 540, 48.2, , 1
Python, k-nucleotide, 25,  1496.34, 911.49, 898.50, 0.00, 44.20, 37090, 145149, 546, 48.5, , 1
Python, k-nucleotide, 25,  1493.18, 910.76, 897.79, 0.00, 44.04, 37018, 144909, 556, 49.0, , 1
Python, k-nucleotide, 25,  1493.25, 910.72, 897.74, 0.00, 44.08, 37069, 144909, 514, 49.2, , 1
Python, k-nucleotide, 25,  1512.66, 925.14, 912.03, 0.00, 44.35, 37571, 147396, 531, 49.5, , 1
Python, k-nucleotide, 25,  1495.01, 910.54, 897.53, 0.00, 44.21, 37090, 144827, 538, 47.8, , 1
Python, k-nucleotide, 25,  1505.10, 918.16, 904.98, 0.00, 44.96, 37420, 146029, 534, 48.5, , 1
Python, k-nucleotide, 25,  1503.13, 915.15, 902.11, 0.00, 44.23, 37277, 145603, 536, 48.5, , 1
Python, k-nucleotide, 25,  1490.26, 909.62, 896.66, 0.00, 44.06, 37020, 144837, 508, 48.2, , 1
Python, k-nucleotide, 25,  1490.73, 910.76, 897.74, 0.00, 44.34, 37098, 145017, 509, 48.0, , 1
Python, k-nucleotide, 25,  1513.29, 923.22, 910.01, 0.00, 45.00, 37606, 147037, 508, 48.5, , 1
Python, k-nucleotide, 25,  1497.53, 914.06, 901.00, 0.00, 44.36, 37217, 145403, 533, 48.5, , 1
Python, mandelbrot, 25,  5082.08, 3198.70, 3159.80, 0.00, 64.48, 128200, 510988, 1171, 55.5, , 1
Python, mandelbrot, 25,  5077.60, 3198.31, 3159.46, 0.00, 64.48, 128189, 510856, 1142, 54.5, , 1
Python, mandelbrot, 25,  5067.27, 3184.47, 3145.77, 0.00, 64.20, 127629, 508622, 1235, 55.0, , 1
Python, mandelbrot, 25,  5074.84, 3192.86, 3154.06, 0.00, 64.38, 127966, 509865, 1152, 55.0, , 1
Python, mandelbrot, 25,  5159.09, 3238.84, 3199.47, 0.00, 65.30, 129812, 517399, 1163, 55.2, , 1
Python, mandelbrot, 25,  5071.55, 3199.39, 3160.51, 0.00, 64.51, 128230, 510984, 1141, 54.5, , 1
Python, mandelbrot, 25,  5063.68, 3185.71, 3147.00, 0.00, 64.23, 127686, 508769, 1211, 55.0, , 1
Python, mandelbrot, 25,  5116.53, 3215.91, 3176.83, 0.00, 64.84, 128891, 513722, 1191, 54.8, , 1
Python, mandelbrot, 25,  5082.42, 3194.73, 3155.93, 0.00, 64.41, 128046, 510317, 1180, 55.5, , 1
Python, mandelbrot, 25,  5121.14, 3218.20, 3179.09, 0.00, 64.89, 128985, 514102, 1146, 54.5, , 1
Python, mandelbrot, 25,  5108.51, 3204.65, 3165.68, 0.00, 64.61, 128435, 511958, 1137, 54.8, , 1
Python, mandelbrot, 25,  5060.16, 3177.18, 3138.59, 0.00, 64.05, 127333, 507550, 1171, 55.5, , 1
Python, mandelbrot, 25,  5154.25, 3238.78, 3199.42, 0.00, 65.30, 129811, 517299, 1194, 55.0, , 1
Python, mandelbrot, 25,  5067.01, 3196.97, 3158.13, 0.00, 64.45, 128129, 510570, 1190, 55.5, , 1
Python, mandelbrot, 25,  5124.75, 3213.84, 3174.78, 0.00, 64.80, 128808, 513466, 1132, 55.2, , 1
Python, mandelbrot, 25,  5088.61, 3199.69, 3160.81, 0.00, 64.50, 128240, 511096, 1142, 55.0, , 1
Python, mandelbrot, 25,  5072.35, 3191.23, 3152.45, 0.00, 64.33, 127901, 509772, 1121, 54.8, , 1
Python, mandelbrot, 25,  5100.15, 3203.80, 3164.86, 0.00, 64.60, 128404, 511730, 1196, 55.0, , 1
Python, mandelbrot, 25,  5056.37, 3177.62, 3139.00, 0.00, 64.06, 127359, 507641, 1077, 55.5, , 1
Python, mandelbrot, 25,  5075.99, 3187.69, 3148.94, 0.00, 64.27, 127763, 509191, 1127, 55.0, , 1
Python, n-body, 25,  5284.02, 2702.75, 2631.15, 0.00, 119.52, 237833, 237826, 0, 48.5, , 1
Python, n-body, 25,  5188.24, 2654.03, 2583.54, 0.00, 117.34, 233501, 233490, 4, 47.8, , 1
Python, n-body, 25,  5175.30, 2674.36, 2604.13, 0.00, 117.01, 232824, 232820, 0, 48.0, , 1
Python, n-body, 25,  5294.17, 2739.79, 2668.22, 0.00, 119.46, 237705, 237706, 237706, 47.5, , 1
Python, n-body, 25,  5209.37, 2684.42, 2614.34, 0.00, 117.01, 232825, 232830, 4, 47.0, , 1
Python, n-body, 25,  5187.42, 2674.86, 2604.63, 0.00, 117.01, 232824, 232823, 5, 47.8, , 1
Python, n-body, 25,  5233.25, 2701.17, 2629.94, 0.00, 118.32, 235432, 235431, 3, 47.8, , 1
Python, n-body, 25,  5222.96, 2649.71, 2579.45, 0.00, 116.98, 232781, 232776, 3, 48.0, , 1
Python, n-body, 25,  5279.87, 2722.10, 2651.17, 0.00, 118.50, 235809, 235809, 1, 47.2, , 1
Python, n-body, 25,  5184.37, 2683.71, 2613.43, 0.00, 117.13, 233090, 233085, 3, 47.8, , 1
Python, n-body, 25,  5193.11, 2683.79, 2613.30, 0.00, 117.45, 233698, 233693, 4, 48.5, , 1
Python, n-body, 25,  5353.93, 2778.20, 2705.55, 0.00, 121.00, 240766, 240763, 2, 48.0, , 1
Python, n-body, 25,  5404.21, 2789.17, 2716.42, 0.00, 121.50, 241743, 241741, 3, 47.2, , 1
Python, n-body, 25,  5207.16, 2691.54, 2620.99, 0.00, 117.48, 233764, 233748, 2, 48.0, , 1
Python, n-body, 25,  5218.19, 2694.55, 2624.15, 0.00, 117.20, 233213, 233204, 1, 48.0, , 1
Python, n-body, 25,  5209.74, 2677.70, 2607.31, 0.00, 117.25, 233300, 233292, 1, 48.0, , 1
Python, n-body, 25,  5182.43, 2685.57, 2615.38, 0.00, 116.92, 232569, 232562, 3, 47.8, , 1
Python, n-body, 25,  5185.46, 2694.07, 2623.55, 0.00, 117.45, 233727, 233720, 2, 47.0, , 1
Python, n-body, 25,  5250.44, 2714.11, 2643.21, 0.00, 118.17, 235132, 235138, 4, 47.8, , 1
Python, n-body, 25,  5196.41, 2677.78, 2607.31, 0.00, 117.39, 233583, 233587, 2, 47.5, , 1
Python, regex-redux, 25,  195.11, 107.73, 105.47, 0.00, 4.48, 7299, 13076, 456, 43.5, , 1
Python, regex-redux, 25,  192.99, 107.52, 105.26, 0.00, 4.46, 7258, 13002, 489, 43.0, , 1
Python, regex-redux, 25,  192.83, 107.91, 105.66, 0.00, 4.46, 7249, 13009, 468, 43.2, , 1
Python, regex-redux, 25,  192.74, 107.53, 105.27, 0.00, 4.46, 7251, 13001, 468, 42.8, , 1
Python, regex-redux, 25,  194.33, 108.18, 105.91, 0.00, 4.49, 7295, 13090, 453, 43.0, , 1
Python, regex-redux, 25,  194.44, 107.67, 105.41, 0.00, 4.48, 7257, 12995, 483, 42.8, , 1
Python, regex-redux, 25,  195.72, 108.03, 105.76, 0.00, 4.49, 7310, 13038, 490, 43.2, , 1
Python, regex-redux, 25,  194.11, 107.59, 105.33, 0.00, 4.47, 7272, 13013, 464, 43.8, , 1
Python, regex-redux, 25,  194.24, 107.41, 105.16, 0.00, 4.47, 7245, 12977, 466, 43.2, , 1
Python, regex-redux, 25,  193.95, 107.35, 105.10, 0.00, 4.47, 7258, 12965, 501, 43.5, , 1
Python, regex-redux, 25,  193.81, 107.18, 104.93, 0.00, 4.47, 7251, 13024, 432, 43.8, , 1
Python, regex-redux, 25,  193.17, 107.94, 105.68, 0.00, 4.47, 7255, 13028, 462, 43.0, , 1
Python, regex-redux, 25,  193.50, 108.02, 105.76, 0.00, 4.47, 7263, 13012, 471, 43.8, , 1
Python, regex-redux, 25,  193.90, 106.98, 104.73, 0.00, 4.46, 7240, 12948, 492, 44.0, , 1
Python, regex-redux, 25,  194.71, 108.15, 105.89, 0.00, 4.48, 7282, 13056, 459, 43.5, , 1
Python, regex-redux, 25,  194.05, 106.98, 104.73, 0.00, 4.47, 7254, 12991, 490, 43.5, , 1
Python, regex-redux, 25,  194.81, 107.78, 105.52, 0.00, 4.48, 7268, 13033, 457, 44.0, , 1
Python, regex-redux, 25,  193.98, 107.30, 105.04, 0.00, 4.48, 7267, 13001, 472, 43.5, , 1
Python, regex-redux, 25,  193.75, 107.16, 104.91, 0.00, 4.47, 7251, 12989, 477, 43.5, , 1
Python, regex-redux, 25,  194.82, 107.14, 104.88, 0.00, 4.48, 7260, 13019, 447, 43.5, , 1
Python, reverse-complement, 25,  36.54, 19.97, 19.52, 0.00, 1.08, 1372, 1620, 496, 42.5, , 1
Python, reverse-complement, 25,  36.35, 19.74, 19.29, 0.00, 1.08, 1365, 1647, 456, 42.5, , 1
Python, reverse-complement, 25,  36.55, 19.80, 19.35, 0.00, 1.08, 1370, 1639, 473, 43.0, , 1
Python, reverse-complement, 25,  36.38, 19.80, 19.36, 0.00, 1.07, 1365, 1649, 455, 43.2, , 1
Python, reverse-complement, 25,  36.42, 19.79, 19.35, 0.00, 1.08, 1367, 1629, 476, 43.0, , 1
Python, reverse-complement, 25,  36.46, 19.81, 19.36, 0.00, 1.08, 1369, 1676, 432, 42.8, , 1
Python, reverse-complement, 25,  36.40, 19.79, 19.34, 0.00, 1.08, 1368, 1643, 462, 43.0, , 1
Python, reverse-complement, 25,  36.48, 19.74, 19.28, 0.00, 1.07, 1368, 1661, 448, 42.8, , 1
Python, reverse-complement, 25,  36.33, 19.64, 19.19, 0.00, 1.07, 1366, 1652, 453, 43.2, , 1
Python, reverse-complement, 25,  36.72, 19.89, 19.44, 0.00, 1.09, 1379, 1669, 453, 43.2, , 1
Python, reverse-complement, 25,  36.25, 19.59, 19.14, 0.00, 1.08, 1365, 1650, 453, 42.5, , 1
Python, reverse-complement, 25,  36.32, 19.68, 19.24, 0.00, 1.07, 1367, 1655, 451, 42.5, , 1
Python, reverse-complement, 25,  36.54, 19.71, 19.27, 0.00, 1.08, 1368, 1657, 451, 42.5, , 1
Python, reverse-complement, 25,  36.40, 19.68, 19.24, 0.00, 1.07, 1367, 1649, 454, 42.8, , 1
Python, reverse-complement, 25,  36.54, 19.56, 19.12, 0.00, 1.08, 1368, 1669, 438, 43.0, , 1
Python, reverse-complement, 25,  36.66, 19.80, 19.34, 0.00, 1.08, 1369, 1641, 470, 42.5, , 1
Python, reverse-complement, 25,  36.73, 19.78, 19.33, 0.00, 1.08, 1373, 1617, 495, 42.2, , 1
Python, reverse-complement, 25,  36.46, 19.78, 19.33, 0.00, 1.08, 1366, 1659, 443, 42.8, , 1
Python, reverse-complement, 25,  36.70, 19.91, 19.46, 0.00, 1.08, 1380, 1674, 445, 42.5, , 1
Python, reverse-complement, 25,  36.42, 19.69, 19.24, 0.00, 1.08, 1369, 1615, 491, 42.2, , 1
Python, spectral-norm, 25,  3524.98, 2217.87, 2190.90, 0.00, 44.88, 88984, 354790, 101, 53.0, , 1
Python, spectral-norm, 25,  3522.51, 2214.03, 2187.10, 0.00, 44.81, 88852, 354119, 102, 53.0, , 1
Python, spectral-norm, 25,  3527.70, 2219.41, 2192.43, 0.00, 44.92, 89069, 355002, 107, 52.5, , 1
Python, spectral-norm, 25,  3516.33, 2211.08, 2184.20, 0.00, 44.73, 88708, 353745, 113, 52.8, , 1
Python, spectral-norm, 25,  3534.42, 2226.61, 2199.55, 0.00, 45.06, 89344, 356158, 121, 52.8, , 1
Python, spectral-norm, 25,  3512.73, 2210.18, 2183.30, 0.00, 44.73, 88676, 353598, 115, 53.2, , 1
Python, spectral-norm, 25,  3535.37, 2221.03, 2194.02, 0.00, 44.96, 89160, 355287, 120, 52.8, , 1
Python, spectral-norm, 25,  3517.37, 2213.39, 2186.49, 0.00, 44.79, 88820, 354100, 103, 52.2, , 1
Python, spectral-norm, 25,  3519.82, 2221.01, 2194.01, 0.00, 44.97, 89149, 355191, 122, 52.8, , 1
Python, spectral-norm, 25,  3523.16, 2222.32, 2195.30, 0.00, 44.96, 89156, 355498, 117, 52.5, , 1
Python, spectral-norm, 25,  3503.61, 2205.63, 2178.80, 0.00, 44.64, 88518, 352755, 105, 53.2, , 1
Python, spectral-norm, 25,  3516.63, 2215.92, 2188.97, 0.00, 44.83, 88900, 354515, 100, 52.8, , 1
Python, spectral-norm, 25,  3526.24, 2217.34, 2190.37, 0.00, 44.87, 88978, 354622, 124, 52.8, , 1
Python, spectral-norm, 25,  3545.77, 2233.13, 2205.99, 0.00, 45.18, 89592, 357221, 121, 52.5, , 1
Python, spectral-norm, 25,  3535.78, 2229.68, 2202.57, 0.00, 45.14, 89505, 356535, 112, 52.2, , 1
Python, spectral-norm, 25,  3518.15, 2216.49, 2189.55, 0.00, 44.84, 88930, 354617, 111, 53.0, , 1
Python, spectral-norm, 25,  3512.82, 2214.20, 2187.28, 0.00, 44.82, 88891, 354144, 94, 53.2, , 1
Python, spectral-norm, 25,  3513.90, 2214.43, 2187.53, 0.00, 44.80, 88847, 354209, 124, 53.2, , 1
Python, spectral-norm, 25,  3508.95, 2208.23, 2181.41, 0.00, 44.68, 88602, 353313, 101, 52.8, , 1
Python, spectral-norm, 25,  3543.68, 2233.72, 2206.57, 0.00, 45.21, 89655, 357268, 116, 52.0, , 1
