Language,Program,PowerLimit,Package,Core,GPU,DRAM,Time(ms),Temperature,Memory,Perf
C, binary-trees, -1, 22.924438476562500000, 22.560546875000000000, 0.0, 0.0, 994, 40.2, 134400, 0
C, binary-trees, -1, 22.874206542968750000, 22.509460449218750000, 0.0, 0.0, 977, 40.8, 134400, 0
C, binary-trees, -1, 22.819213867187500000, 22.449890136718750000, 0.0, 0.0, 978, 40.8, 134400, 0
C, binary-trees, -1, 22.768493652343750000, 22.390441894531250000, 0.0, 0.0, 977, 40.8, 134400, 0
C, binary-trees, -1, 22.724487304687500000, 22.362182617187500000, 0.0, 0.0, 981, 41.5, 134400, 0
C, binary-trees, -1, 22.721252441406250000, 22.354309082031250000, 0.0, 0.0, 980, 41.5, 134400, 0
C, binary-trees, -1, 22.776794433593750000, 22.406494140625000000, 0.0, 0.0, 981, 41.0, 134400, 0
C, binary-trees, -1, 22.634826660156250000, 22.267272949218750000, 0.0, 0.0, 980, 41.0, 134272, 0
C, binary-trees, -1, 22.575561523437500000, 22.206237792968750000, 0.0, 0.0, 981, 41.8, 134400, 0
C, binary-trees, -1, 22.634277343750000000, 22.271850585937500000, 0.0, 0.0, 983, 41.8, 134272, 0
C, binary-trees, -1, 22.555847167968750000, 22.192749023437500000, 0.0, 0.0, 979, 41.8, 134400, 0
C, binary-trees, -1, 22.581054687500000000, 22.222595214843750000, 0.0, 0.0, 979, 41.8, 134400, 0
C, binary-trees, -1, 22.570739746093750000, 22.210021972656250000, 0.0, 0.0, 982, 42.2, 134400, 0
C, binary-trees, -1, 22.504699707031250000, 22.134643554687500000, 0.0, 0.0, 982, 42.2, 134400, 0
C, binary-trees, -1, 22.435424804687500000, 22.072021484375000000, 0.0, 0.0, 979, 41.8, 134400, 0
C, binary-trees, -1, 22.427307128906250000, 22.066772460937500000, 0.0, 0.0, 982, 41.8, 134400, 0
C, binary-trees, -1, 22.436767578125000000, 22.076293945312500000, 0.0, 0.0, 980, 42.5, 134400, 0
C, binary-trees, -1, 22.482299804687500000, 22.118041992187500000, 0.0, 0.0, 983, 42.5, 134400, 0
C, binary-trees, -1, 22.424011230468750000, 22.053405761718750000, 0.0, 0.0, 978, 42.5, 134400, 0
C, binary-trees, -1, 22.371093750000000000, 22.012207031250000000, 0.0, 0.0, 980, 42.5, 134400, 0
C, fannkuch-redux, -1, 48.259399414062500000, 47.666687011718750000, 0.0, 0.0, 1972, 43.0, 1664, 0
C, fannkuch-redux, -1, 48.222717285156250000, 47.621215820312500000, 0.0, 0.0, 1980, 43.5, 1664, 0
C, fannkuch-redux, -1, 48.231262207031250000, 47.645263671875000000, 0.0, 0.0, 1970, 44.5, 1664, 0
C, fannkuch-redux, -1, 48.176818847656250000, 47.582336425781250000, 0.0, 0.0, 1970, 44.5, 1664, 0
C, fannkuch-redux, -1, 48.171752929687500000, 47.572021484375000000, 0.0, 0.0, 1974, 44.2, 1664, 0
C, fannkuch-redux, -1, 48.161132812500000000, 47.563415527343750000, 0.0, 0.0, 1971, 43.8, 1664, 0
C, fannkuch-redux, -1, 47.930053710937500000, 47.341003417968750000, 0.0, 0.0, 1970, 45.0, 1664, 0
C, fannkuch-redux, -1, 47.919799804687500000, 47.331909179687500000, 0.0, 0.0, 1970, 44.5, 1664, 0
C, fannkuch-redux, -1, 48.109924316406250000, 47.505920410156250000, 0.0, 0.0, 1973, 45.0, 1664, 0
C, fannkuch-redux, -1, 48.026062011718750000, 47.429382324218750000, 0.0, 0.0, 1970, 44.8, 1664, 0
C, fannkuch-redux, -1, 48.031860351562500000, 47.435119628906250000, 0.0, 0.0, 1970, 45.2, 1664, 0
C, fannkuch-redux, -1, 49.130493164062500000, 48.511718750000000000, 0.0, 0.0, 2025, 44.5, 1664, 0
C, fannkuch-redux, -1, 47.923095703125000000, 47.330139160156250000, 0.0, 0.0, 1970, 46.0, 1664, 0
C, fannkuch-redux, -1, 47.907775878906250000, 47.319824218750000000, 0.0, 0.0, 1970, 45.5, 1664, 0
C, fannkuch-redux, -1, 47.832824707031250000, 47.244689941406250000, 0.0, 0.0, 1974, 45.0, 1664, 0
C, fannkuch-redux, -1, 48.143859863281250000, 47.557312011718750000, 0.0, 0.0, 1971, 45.0, 1664, 0
C, fannkuch-redux, -1, 48.233825683593750000, 47.638732910156250000, 0.0, 0.0, 1971, 46.0, 1664, 0
C, fannkuch-redux, -1, 48.376098632812500000, 47.783996582031250000, 0.0, 0.0, 1970, 45.5, 1664, 0
C, fannkuch-redux, -1, 48.385070800781250000, 47.793945312500000000, 0.0, 0.0, 1975, 46.2, 1664, 0
C, fannkuch-redux, -1, 48.327819824218750000, 47.742858886718750000, 0.0, 0.0, 1970, 46.5, 1664, 0
C, fasta, -1, 5.357910156250000000, 5.151489257812500000, 0.0, 0.0, 666, 39.8, 1408, 0
C, fasta, -1, 5.348449707031250000, 5.155334472656250000, 0.0, 0.0, 665, 42.2, 1408, 0
C, fasta, -1, 5.368774414062500000, 5.171386718750000000, 0.0, 0.0, 665, 42.2, 1408, 0
C, fasta, -1, 5.360290527343750000, 5.156005859375000000, 0.0, 0.0, 665, 42.5, 1408, 0
C, fasta, -1, 5.405822753906250000, 5.196960449218750000, 0.0, 0.0, 668, 42.5, 1408, 0
C, fasta, -1, 5.379760742187500000, 5.179382324218750000, 0.0, 0.0, 667, 42.2, 1408, 0
C, fasta, -1, 5.357238769531250000, 5.156982421875000000, 0.0, 0.0, 665, 42.2, 1408, 0
C, fasta, -1, 5.391296386718750000, 5.187622070312500000, 0.0, 0.0, 666, 42.5, 1408, 0
C, fasta, -1, 5.356506347656250000, 5.163757324218750000, 0.0, 0.0, 665, 42.5, 1408, 0
C, fasta, -1, 5.366149902343750000, 5.170959472656250000, 0.0, 0.0, 666, 41.8, 1408, 0
C, fasta, -1, 5.363342285156250000, 5.168029785156250000, 0.0, 0.0, 665, 41.8, 1408, 0
C, fasta, -1, 5.349121093750000000, 5.149719238281250000, 0.0, 0.0, 666, 41.8, 1408, 0
C, fasta, -1, 5.374267578125000000, 5.176940917968750000, 0.0, 0.0, 667, 41.8, 1408, 0
C, fasta, -1, 5.374023437500000000, 5.178161621093750000, 0.0, 0.0, 666, 42.5, 1408, 0
C, fasta, -1, 5.338073730468750000, 5.136657714843750000, 0.0, 0.0, 665, 42.5, 1408, 0
C, fasta, -1, 5.345642089843750000, 5.152587890625000000, 0.0, 0.0, 665, 41.8, 1408, 0
C, fasta, -1, 5.329284667968750000, 5.137207031250000000, 0.0, 0.0, 665, 41.8, 1408, 0
C, fasta, -1, 5.388549804687500000, 5.192749023437500000, 0.0, 0.0, 666, 42.0, 1408, 0
C, fasta, -1, 5.392150878906250000, 5.192443847656250000, 0.0, 0.0, 665, 42.0, 1408, 0
C, fasta, -1, 5.386230468750000000, 5.189941406250000000, 0.0, 0.0, 667, 42.0, 1408, 0
C, k-nucleotide, -1, 68.243713378906250000, 67.317871093750000000, 0.0, 0.0, 2823, 44.8, 130304, 0
C, k-nucleotide, -1, 69.015258789062500000, 68.022888183593750000, 0.0, 0.0, 2917, 45.2, 130304, 0
C, k-nucleotide, -1, 68.709411621093750000, 67.745117187500000000, 0.0, 0.0, 2876, 45.8, 130304, 0
C, k-nucleotide, -1, 68.150817871093750000, 67.231567382812500000, 0.0, 0.0, 2804, 46.8, 130304, 0
C, k-nucleotide, -1, 70.152404785156250000, 69.077575683593750000, 0.0, 0.0, 3008, 46.0, 130304, 0
C, k-nucleotide, -1, 68.944274902343750000, 67.966308593750000000, 0.0, 0.0, 2865, 46.2, 130304, 0
C, k-nucleotide, -1, 68.054992675781250000, 67.123291015625000000, 0.0, 0.0, 2832, 46.2, 130304, 0
C, k-nucleotide, -1, 69.535400390625000000, 68.511352539062500000, 0.0, 0.0, 2958, 46.2, 130304, 0
C, k-nucleotide, -1, 68.169860839843750000, 67.228759765625000000, 0.0, 0.0, 2820, 46.5, 130304, 0
C, k-nucleotide, -1, 67.960205078125000000, 67.064208984375000000, 0.0, 0.0, 2766, 46.8, 130304, 0
C, k-nucleotide, -1, 68.222900390625000000, 67.279174804687500000, 0.0, 0.0, 2840, 46.5, 130304, 0
C, k-nucleotide, -1, 69.384399414062500000, 68.340332031250000000, 0.0, 0.0, 2984, 46.0, 130304, 0
C, k-nucleotide, -1, 69.294128417968750000, 68.268737792968750000, 0.0, 0.0, 2953, 46.8, 130304, 0
C, k-nucleotide, -1, 70.730407714843750000, 69.592407226562500000, 0.0, 0.0, 3090, 46.8, 130304, 0
C, k-nucleotide, -1, 68.886718750000000000, 67.891784667968750000, 0.0, 0.0, 2910, 46.5, 130304, 0
C, k-nucleotide, -1, 69.470092773437500000, 68.443054199218750000, 0.0, 0.0, 2966, 47.5, 130304, 0
C, k-nucleotide, -1, 71.211975097656250000, 70.021606445312500000, 0.0, 0.0, 3178, 46.5, 130304, 0
C, k-nucleotide, -1, 69.646911621093750000, 68.579162597656250000, 0.0, 0.0, 3039, 46.8, 130304, 0
C, k-nucleotide, -1, 69.134826660156250000, 68.091979980468750000, 0.0, 0.0, 3000, 47.8, 130176, 0
C, k-nucleotide, -1, 67.962829589843750000, 66.995239257812500000, 0.0, 0.0, 2867, 47.8, 130304, 0
C, mandelbrot, -1, 23.084533691406250000, 22.794433593750000000, 0.0, 0.0, 946, 41.8, 33024, 0
C, mandelbrot, -1, 23.156127929687500000, 22.864013671875000000, 0.0, 0.0, 946, 50.8, 33152, 0
C, mandelbrot, -1, 23.092346191406250000, 22.811584472656250000, 0.0, 0.0, 946, 42.2, 33152, 0
C, mandelbrot, -1, 23.136230468750000000, 22.843078613281250000, 0.0, 0.0, 949, 50.2, 33152, 0
C, mandelbrot, -1, 23.036682128906250000, 22.759704589843750000, 0.0, 0.0, 946, 42.0, 33024, 0
C, mandelbrot, -1, 23.052612304687500000, 22.767395019531250000, 0.0, 0.0, 945, 50.2, 33024, 0
C, mandelbrot, -1, 23.073486328125000000, 22.786987304687500000, 0.0, 0.0, 950, 42.5, 33152, 0
C, mandelbrot, -1, 23.103393554687500000, 22.820434570312500000, 0.0, 0.0, 945, 50.5, 33152, 0
C, mandelbrot, -1, 23.051208496093750000, 22.764709472656250000, 0.0, 0.0, 946, 42.0, 33280, 0
C, mandelbrot, -1, 23.177551269531250000, 22.886230468750000000, 0.0, 0.0, 946, 50.5, 33152, 0
C, mandelbrot, -1, 23.117797851562500000, 22.829528808593750000, 0.0, 0.0, 946, 42.2, 33280, 0
C, mandelbrot, -1, 22.940429687500000000, 22.659545898437500000, 0.0, 0.0, 948, 50.2, 33152, 0
C, mandelbrot, -1, 23.012756347656250000, 22.722534179687500000, 0.0, 0.0, 949, 42.5, 33152, 0
C, mandelbrot, -1, 23.073486328125000000, 22.787353515625000000, 0.0, 0.0, 945, 50.8, 33152, 0
C, mandelbrot, -1, 23.097106933593750000, 22.809265136718750000, 0.0, 0.0, 950, 42.2, 33280, 0
C, mandelbrot, -1, 23.202392578125000000, 22.918334960937500000, 0.0, 0.0, 946, 50.5, 33152, 0
C, mandelbrot, -1, 23.099731445312500000, 22.824401855468750000, 0.0, 0.0, 946, 42.5, 33152, 0
C, mandelbrot, -1, 23.124206542968750000, 22.834106445312500000, 0.0, 0.0, 946, 50.8, 33152, 0
C, mandelbrot, -1, 23.183471679687500000, 22.893127441406250000, 0.0, 0.0, 950, 42.2, 33280, 0
C, mandelbrot, -1, 23.118164062500000000, 22.834960937500000000, 0.0, 0.0, 945, 50.5, 33152, 0
C, n-body, -1, 16.100769042968750000, 15.588073730468750000, 0.0, 0.0, 1729, 45.5, 1536, 0
C, n-body, -1, 16.025390625000000000, 15.518737792968750000, 0.0, 0.0, 1730, 45.8, 1536, 0
C, n-body, -1, 16.155883789062500000, 15.637695312500000000, 0.0, 0.0, 1726, 45.8, 1536, 0
C, n-body, -1, 16.074340820312500000, 15.558593750000000000, 0.0, 0.0, 1730, 46.0, 1536, 0
C, n-body, -1, 16.093017578125000000, 15.570434570312500000, 0.0, 0.0, 1730, 44.5, 1536, 0
C, n-body, -1, 16.214172363281250000, 15.700073242187500000, 0.0, 0.0, 1726, 45.5, 1536, 0
C, n-body, -1, 16.286132812500000000, 15.765258789062500000, 0.0, 0.0, 1729, 44.8, 1536, 0
C, n-body, -1, 16.155273437500000000, 15.648986816406250000, 0.0, 0.0, 1725, 45.8, 1536, 0
C, n-body, -1, 16.115173339843750000, 15.601318359375000000, 0.0, 0.0, 1731, 45.2, 1536, 0
C, n-body, -1, 16.308349609375000000, 15.789306640625000000, 0.0, 0.0, 1730, 45.2, 1536, 0
C, n-body, -1, 16.377746582031250000, 15.852661132812500000, 0.0, 0.0, 1724, 45.0, 1536, 0
C, n-body, -1, 16.213684082031250000, 15.699340820312500000, 0.0, 0.0, 1731, 45.5, 1536, 0
C, n-body, -1, 16.287902832031250000, 15.761596679687500000, 0.0, 0.0, 1726, 44.0, 1536, 0
C, n-body, -1, 16.313110351562500000, 15.795349121093750000, 0.0, 0.0, 1725, 44.5, 1536, 0
C, n-body, -1, 16.305175781250000000, 15.782104492187500000, 0.0, 0.0, 1726, 44.8, 1536, 0
C, n-body, -1, 16.197570800781250000, 15.680175781250000000, 0.0, 0.0, 1725, 45.0, 1536, 0
C, n-body, -1, 16.176635742187500000, 15.664245605468750000, 0.0, 0.0, 1730, 45.0, 1536, 0
C, n-body, -1, 16.248779296875000000, 15.734863281250000000, 0.0, 0.0, 1729, 44.5, 1536, 0
C, n-body, -1, 16.307861328125000000, 15.786926269531250000, 0.0, 0.0, 1726, 44.8, 1536, 0
C, n-body, -1, 16.321716308593750000, 15.806640625000000000, 0.0, 0.0, 1727, 44.5, 1536, 0
C, regex-redux, -1, 13.639221191406250000, 13.423522949218750000, 0.0, 0.0, 701, 41.0, 152256, 0
C, regex-redux, -1, 13.668945312500000000, 13.451660156250000000, 0.0, 0.0, 698, 46.5, 152256, 0
C, regex-redux, -1, 13.869384765625000000, 13.650207519531250000, 0.0, 0.0, 701, 41.0, 152256, 0
C, regex-redux, -1, 13.721069335937500000, 13.500061035156250000, 0.0, 0.0, 698, 45.2, 152260, 0
C, regex-redux, -1, 13.687988281250000000, 13.468017578125000000, 0.0, 0.0, 702, 41.2, 152260, 0
C, regex-redux, -1, 13.777282714843750000, 13.554382324218750000, 0.0, 0.0, 699, 45.2, 152256, 0
C, regex-redux, -1, 13.675842285156250000, 13.453735351562500000, 0.0, 0.0, 696, 41.2, 152256, 0
C, regex-redux, -1, 13.755859375000000000, 13.535461425781250000, 0.0, 0.0, 699, 45.8, 152260, 0
C, regex-redux, -1, 13.694885253906250000, 13.478210449218750000, 0.0, 0.0, 700, 41.2, 152260, 0
C, regex-redux, -1, 13.721313476562500000, 13.508117675781250000, 0.0, 0.0, 697, 45.8, 152384, 0
C, regex-redux, -1, 13.729248046875000000, 13.515136718750000000, 0.0, 0.0, 700, 41.2, 152260, 0
C, regex-redux, -1, 13.853515625000000000, 13.632751464843750000, 0.0, 0.0, 702, 46.0, 152256, 0
C, regex-redux, -1, 14.723266601562500000, 14.460998535156250000, 0.0, 0.0, 834, 41.0, 152256, 0
C, regex-redux, -1, 13.733154296875000000, 13.505920410156250000, 0.0, 0.0, 697, 46.0, 152256, 0
C, regex-redux, -1, 13.740600585937500000, 13.524841308593750000, 0.0, 0.0, 697, 41.2, 152256, 0
C, regex-redux, -1, 13.838745117187500000, 13.614562988281250000, 0.0, 0.0, 698, 46.5, 152260, 0
C, regex-redux, -1, 13.692749023437500000, 13.471374511718750000, 0.0, 0.0, 701, 41.0, 152256, 0
C, regex-redux, -1, 13.770629882812500000, 13.548522949218750000, 0.0, 0.0, 698, 46.0, 152260, 0
C, regex-redux, -1, 13.714416503906250000, 13.493896484375000000, 0.0, 0.0, 697, 41.2, 152260, 0
C, regex-redux, -1, 13.729492187500000000, 13.506774902343750000, 0.0, 0.0, 700, 46.0, 152260, 0
C, reverse-complement, -1, 1.278015136718750000, 1.235900878906250000, 0.0, 0.0, 110, 40.8, 127508, 0
C, reverse-complement, -1, 1.349609375000000000, 1.308532714843750000, 0.0, 0.0, 106, 40.8, 127508, 0
C, reverse-complement, -1, 1.341186523437500000, 1.303710937500000000, 0.0, 0.0, 105, 40.8, 127508, 0
C, reverse-complement, -1, 1.330627441406250000, 1.281372070312500000, 0.0, 0.0, 105, 40.8, 127508, 0
C, reverse-complement, -1, 1.350463867187500000, 1.301330566406250000, 0.0, 0.0, 106, 40.8, 127508, 0
C, reverse-complement, -1, 1.365356445312500000, 1.316162109375000000, 0.0, 0.0, 106, 40.8, 127512, 0
C, reverse-complement, -1, 1.228271484375000000, 1.183837890625000000, 0.0, 0.0, 124, 40.8, 127636, 0
C, reverse-complement, -1, 1.356323242187500000, 1.309509277343750000, 0.0, 0.0, 106, 40.8, 127640, 0
C, reverse-complement, -1, 1.340881347656250000, 1.293395996093750000, 0.0, 0.0, 106, 45.8, 127636, 0
C, reverse-complement, -1, 1.330871582031250000, 1.287597656250000000, 0.0, 0.0, 110, 40.8, 127508, 0
C, reverse-complement, -1, 1.323303222656250000, 1.282043457031250000, 0.0, 0.0, 106, 40.8, 127508, 0
C, reverse-complement, -1, 1.320495605468750000, 1.271789550781250000, 0.0, 0.0, 105, 40.8, 127640, 0
C, reverse-complement, -1, 1.379577636718750000, 1.332763671875000000, 0.0, 0.0, 106, 40.8, 127512, 0
C, reverse-complement, -1, 1.203125000000000000, 1.148315429687500000, 0.0, 0.0, 135, 40.8, 127508, 0
C, reverse-complement, -1, 1.352661132812500000, 1.304565429687500000, 0.0, 0.0, 105, 40.8, 127508, 0
C, reverse-complement, -1, 1.357055664062500000, 1.309082031250000000, 0.0, 0.0, 106, 40.8, 127508, 0
C, reverse-complement, -1, 1.351806640625000000, 1.304077148437500000, 0.0, 0.0, 105, 40.8, 127636, 0
C, reverse-complement, -1, 1.345520019531250000, 1.295837402343750000, 0.0, 0.0, 106, 45.8, 127640, 0
C, reverse-complement, -1, 1.325622558593750000, 1.275878906250000000, 0.0, 0.0, 108, 41.0, 127508, 0
C, reverse-complement, -1, 1.361511230468750000, 1.316284179687500000, 0.0, 0.0, 106, 41.0, 127508, 0
C, spectral-norm, -1, 8.455200195312500000, 8.371032714843750000, 0.0, 0.0, 309, 49.5, 2048, 0
C, spectral-norm, -1, 8.383605957031250000, 8.292663574218750000, 0.0, 0.0, 308, 41.2, 2048, 0
C, spectral-norm, -1, 8.422058105468750000, 8.335449218750000000, 0.0, 0.0, 308, 41.2, 2048, 0
C, spectral-norm, -1, 8.463134765625000000, 8.366943359375000000, 0.0, 0.0, 309, 41.2, 2048, 0
C, spectral-norm, -1, 8.421936035156250000, 8.334533691406250000, 0.0, 0.0, 309, 50.0, 2048, 0
C, spectral-norm, -1, 8.402648925781250000, 8.313293457031250000, 0.0, 0.0, 312, 41.2, 2048, 0
C, spectral-norm, -1, 8.486267089843750000, 8.393798828125000000, 0.0, 0.0, 310, 41.2, 2048, 0
C, spectral-norm, -1, 8.437988281250000000, 8.338317871093750000, 0.0, 0.0, 308, 41.2, 2048, 0
C, spectral-norm, -1, 8.625000000000000000, 8.534057617187500000, 0.0, 0.0, 317, 50.0, 2048, 0
C, spectral-norm, -1, 8.437194824218750000, 8.343017578125000000, 0.0, 0.0, 308, 41.2, 2048, 0
C, spectral-norm, -1, 8.471618652343750000, 8.387207031250000000, 0.0, 0.0, 309, 41.2, 2048, 0
C, spectral-norm, -1, 8.480041503906250000, 8.387878417968750000, 0.0, 0.0, 308, 41.2, 2048, 0
C, spectral-norm, -1, 8.465209960937500000, 8.376525878906250000, 0.0, 0.0, 308, 51.0, 2048, 0
C, spectral-norm, -1, 8.398803710937500000, 8.306091308593750000, 0.0, 0.0, 307, 41.5, 2048, 0
C, spectral-norm, -1, 8.491210937500000000, 8.403808593750000000, 0.0, 0.0, 313, 41.5, 2048, 0
C, spectral-norm, -1, 8.425964355468750000, 8.336425781250000000, 0.0, 0.0, 308, 41.5, 2048, 0
C, spectral-norm, -1, 8.465881347656250000, 8.372863769531250000, 0.0, 0.0, 308, 50.5, 2048, 0
C, spectral-norm, -1, 8.399536132812500000, 8.311950683593750000, 0.0, 0.0, 312, 41.5, 2048, 0
C, spectral-norm, -1, 8.424499511718750000, 8.337219238281250000, 0.0, 0.0, 307, 41.5, 2048, 0
C, spectral-norm, -1, 8.552917480468750000, 8.452209472656250000, 0.0, 0.0, 316, 41.5, 2048, 0
C++, binary-trees, -1, 20.867187500000000000, 20.515380859375000000, 0.0, 0.0, 865, 41.5, 134528, 0
C++, binary-trees, -1, 21.917968750000000000, 21.537658691406250000, 0.0, 0.0, 913, 47.0, 176436, 0
C++, binary-trees, -1, 22.297729492187500000, 21.916931152343750000, 0.0, 0.0, 899, 41.5, 145716, 0
C++, binary-trees, -1, 21.867065429687500000, 21.514038085937500000, 0.0, 0.0, 889, 47.5, 168248, 0
C++, binary-trees, -1, 22.710632324218750000, 22.312133789062500000, 0.0, 0.0, 970, 42.0, 145720, 0
C++, binary-trees, -1, 21.965942382812500000, 21.587036132812500000, 0.0, 0.0, 911, 47.2, 176440, 0
C++, binary-trees, -1, 22.408630371093750000, 22.027465820312500000, 0.0, 0.0, 935, 41.8, 170296, 0
C++, binary-trees, -1, 22.228515625000000000, 21.847717285156250000, 0.0, 0.0, 914, 47.8, 176436, 0
C++, binary-trees, -1, 21.695434570312500000, 21.351684570312500000, 0.0, 0.0, 871, 42.0, 168244, 0
C++, binary-trees, -1, 20.460693359375000000, 20.133239746093750000, 0.0, 0.0, 784, 49.0, 134528, 0
C++, binary-trees, -1, 21.731994628906250000, 21.366577148437500000, 0.0, 0.0, 916, 42.0, 168244, 0
C++, binary-trees, -1, 21.980895996093750000, 21.638000488281250000, 0.0, 0.0, 886, 48.2, 168244, 0
C++, binary-trees, -1, 21.595703125000000000, 21.247680664062500000, 0.0, 0.0, 858, 42.0, 168244, 0
C++, binary-trees, -1, 21.635131835937500000, 21.287597656250000000, 0.0, 0.0, 860, 48.5, 168244, 0
C++, binary-trees, -1, 21.686584472656250000, 21.340576171875000000, 0.0, 0.0, 883, 42.2, 168248, 0
C++, binary-trees, -1, 21.573547363281250000, 21.226379394531250000, 0.0, 0.0, 866, 48.2, 168244, 0
C++, binary-trees, -1, 21.557861328125000000, 21.216003417968750000, 0.0, 0.0, 856, 42.2, 168248, 0
C++, binary-trees, -1, 21.924926757812500000, 21.556274414062500000, 0.0, 0.0, 913, 48.2, 176436, 0
C++, binary-trees, -1, 20.321960449218750000, 20.012207031250000000, 0.0, 0.0, 777, 42.0, 134528, 0
C++, binary-trees, -1, 21.519531250000000000, 21.173767089843750000, 0.0, 0.0, 859, 47.8, 168248, 0
C++, fannkuch-redux, -1, 77.820068359375000000, 76.740783691406250000, 0.0, 0.0, 3569, 47.2, 3584, 0
C++, fannkuch-redux, -1, 77.319335937500000000, 76.257019042968750000, 0.0, 0.0, 3530, 49.2, 3712, 0
C++, fannkuch-redux, -1, 77.158813476562500000, 76.095947265625000000, 0.0, 0.0, 3530, 48.5, 3712, 0
C++, fannkuch-redux, -1, 77.358520507812500000, 76.291931152343750000, 0.0, 0.0, 3532, 48.5, 3712, 0
C++, fannkuch-redux, -1, 77.000915527343750000, 75.933288574218750000, 0.0, 0.0, 3528, 49.0, 3712, 0
C++, fannkuch-redux, -1, 77.185668945312500000, 76.123840332031250000, 0.0, 0.0, 3533, 50.0, 3712, 0
C++, fannkuch-redux, -1, 77.195129394531250000, 76.136535644531250000, 0.0, 0.0, 3527, 49.0, 3584, 0
C++, fannkuch-redux, -1, 77.160705566406250000, 76.095581054687500000, 0.0, 0.0, 3530, 50.2, 3584, 0
C++, fannkuch-redux, -1, 77.108764648437500000, 76.046813964843750000, 0.0, 0.0, 3532, 50.2, 3584, 0
C++, fannkuch-redux, -1, 76.839843750000000000, 75.769348144531250000, 0.0, 0.0, 3528, 49.8, 3712, 0
C++, fannkuch-redux, -1, 77.026123046875000000, 75.957458496093750000, 0.0, 0.0, 3528, 50.5, 3584, 0
C++, fannkuch-redux, -1, 76.858581542968750000, 75.796325683593750000, 0.0, 0.0, 3529, 50.0, 3584, 0
C++, fannkuch-redux, -1, 76.941833496093750000, 75.884704589843750000, 0.0, 0.0, 3530, 49.8, 3712, 0
C++, fannkuch-redux, -1, 77.077880859375000000, 76.010620117187500000, 0.0, 0.0, 3532, 50.0, 3712, 0
C++, fannkuch-redux, -1, 77.167053222656250000, 76.102111816406250000, 0.0, 0.0, 3527, 50.2, 3712, 0
C++, fannkuch-redux, -1, 77.054626464843750000, 75.993041992187500000, 0.0, 0.0, 3530, 49.0, 3584, 0
C++, fannkuch-redux, -1, 77.101196289062500000, 76.033630371093750000, 0.0, 0.0, 3532, 50.0, 3584, 0
C++, fannkuch-redux, -1, 77.148010253906250000, 76.088378906250000000, 0.0, 0.0, 3529, 50.5, 3712, 0
C++, fannkuch-redux, -1, 77.171203613281250000, 76.106567382812500000, 0.0, 0.0, 3529, 50.2, 3584, 0
C++, fannkuch-redux, -1, 77.118652343750000000, 76.057800292968750000, 0.0, 0.0, 3528, 50.5, 3584, 0
C++, fasta, -1, 7.642272949218750000, 7.439636230468750000, 0.0, 0.0, 662, 43.8, 3244, 0
C++, fasta, -1, 7.599914550781250000, 7.395385742187500000, 0.0, 0.0, 661, 47.8, 3244, 0
C++, fasta, -1, 7.662475585937500000, 7.470642089843750000, 0.0, 0.0, 662, 43.5, 3372, 0
C++, fasta, -1, 7.700012207031250000, 7.498291015625000000, 0.0, 0.0, 661, 48.5, 3244, 0
C++, fasta, -1, 7.617858886718750000, 7.424255371093750000, 0.0, 0.0, 663, 43.2, 3244, 0
C++, fasta, -1, 7.593994140625000000, 7.398254394531250000, 0.0, 0.0, 661, 48.2, 3372, 0
C++, fasta, -1, 7.652465820312500000, 7.451354980468750000, 0.0, 0.0, 665, 43.2, 3244, 0
C++, fasta, -1, 7.631164550781250000, 7.434509277343750000, 0.0, 0.0, 661, 47.8, 3372, 0
C++, fasta, -1, 7.655151367187500000, 7.455566406250000000, 0.0, 0.0, 661, 42.8, 3372, 0
C++, fasta, -1, 7.651489257812500000, 7.459228515625000000, 0.0, 0.0, 661, 48.0, 3372, 0
C++, fasta, -1, 7.598022460937500000, 7.403564453125000000, 0.0, 0.0, 662, 42.8, 3244, 0
C++, fasta, -1, 7.666809082031250000, 7.473022460937500000, 0.0, 0.0, 661, 48.0, 3244, 0
C++, fasta, -1, 7.637939453125000000, 7.440429687500000000, 0.0, 0.0, 665, 42.5, 3372, 0
C++, fasta, -1, 7.649230957031250000, 7.452087402343750000, 0.0, 0.0, 661, 47.8, 3372, 0
C++, fasta, -1, 7.643981933593750000, 7.448059082031250000, 0.0, 0.0, 662, 42.5, 3244, 0
C++, fasta, -1, 7.655029296875000000, 7.450256347656250000, 0.0, 0.0, 661, 48.2, 3244, 0
C++, fasta, -1, 7.637268066406250000, 7.436828613281250000, 0.0, 0.0, 667, 42.5, 3244, 0
C++, fasta, -1, 7.625549316406250000, 7.431762695312500000, 0.0, 0.0, 660, 47.8, 3244, 0
C++, fasta, -1, 7.610656738281250000, 7.409973144531250000, 0.0, 0.0, 665, 42.5, 3372, 0
C++, fasta, -1, 7.630432128906250000, 7.432067871093750000, 0.0, 0.0, 661, 47.8, 3244, 0
C++, k-nucleotide, -1, 35.937438964843750000, 34.903869628906250000, 0.0, 0.0, 2054, 47.8, 156372, 0
C++, k-nucleotide, -1, 37.002014160156250000, 35.917297363281250000, 0.0, 0.0, 2139, 48.0, 156372, 0
C++, k-nucleotide, -1, 36.282531738281250000, 35.225585937500000000, 0.0, 0.0, 2072, 47.5, 156500, 0
C++, k-nucleotide, -1, 36.108154296875000000, 35.068542480468750000, 0.0, 0.0, 2051, 47.8, 156376, 0
C++, k-nucleotide, -1, 35.642700195312500000, 34.613220214843750000, 0.0, 0.0, 2045, 47.8, 156244, 0
C++, k-nucleotide, -1, 36.299072265625000000, 35.251525878906250000, 0.0, 0.0, 2072, 47.2, 156500, 0
C++, k-nucleotide, -1, 35.915527343750000000, 34.878845214843750000, 0.0, 0.0, 2053, 48.2, 156120, 0
C++, k-nucleotide, -1, 36.181457519531250000, 35.129272460937500000, 0.0, 0.0, 2070, 48.2, 156504, 0
C++, k-nucleotide, -1, 36.044128417968750000, 35.005065917968750000, 0.0, 0.0, 2050, 48.2, 156632, 0
C++, k-nucleotide, -1, 36.283447265625000000, 35.244995117187500000, 0.0, 0.0, 2053, 47.0, 156500, 0
C++, k-nucleotide, -1, 36.881774902343750000, 35.808044433593750000, 0.0, 0.0, 2105, 47.2, 156500, 0
C++, k-nucleotide, -1, 37.242736816406250000, 36.156066894531250000, 0.0, 0.0, 2142, 48.0, 156504, 0
C++, k-nucleotide, -1, 36.343505859375000000, 35.284790039062500000, 0.0, 0.0, 2073, 47.5, 156376, 0
C++, k-nucleotide, -1, 36.005859375000000000, 34.980163574218750000, 0.0, 0.0, 2056, 48.0, 156504, 0
C++, k-nucleotide, -1, 36.333679199218750000, 35.289123535156250000, 0.0, 0.0, 2075, 47.8, 156372, 0
C++, k-nucleotide, -1, 36.126220703125000000, 35.074218750000000000, 0.0, 0.0, 2073, 48.0, 156376, 0
C++, k-nucleotide, -1, 36.218017578125000000, 35.153137207031250000, 0.0, 0.0, 2091, 48.0, 156244, 0
C++, k-nucleotide, -1, 36.114440917968750000, 35.058959960937500000, 0.0, 0.0, 2076, 47.2, 156372, 0
C++, k-nucleotide, -1, 36.493896484375000000, 35.429199218750000000, 0.0, 0.0, 2112, 47.8, 156500, 0
C++, k-nucleotide, -1, 36.229675292968750000, 35.168457031250000000, 0.0, 0.0, 2086, 47.8, 156372, 0
C++, mandelbrot, -1, 18.721984863281250000, 18.501586914062500000, 0.0, 0.0, 744, 43.0, 34176, 0
C++, mandelbrot, -1, 18.815795898437500000, 18.588256835937500000, 0.0, 0.0, 743, 49.0, 34304, 0
C++, mandelbrot, -1, 18.712463378906250000, 18.484375000000000000, 0.0, 0.0, 744, 43.0, 34304, 0
C++, mandelbrot, -1, 18.808898925781250000, 18.584228515625000000, 0.0, 0.0, 744, 50.0, 34304, 0
C++, mandelbrot, -1, 18.778320312500000000, 18.550231933593750000, 0.0, 0.0, 744, 43.0, 34304, 0
C++, mandelbrot, -1, 18.729858398437500000, 18.511779785156250000, 0.0, 0.0, 743, 49.5, 34176, 0
C++, mandelbrot, -1, 18.767333984375000000, 18.542419433593750000, 0.0, 0.0, 744, 43.0, 34432, 0
C++, mandelbrot, -1, 18.862609863281250000, 18.641418457031250000, 0.0, 0.0, 744, 49.8, 34304, 0
C++, mandelbrot, -1, 18.805419921875000000, 18.580688476562500000, 0.0, 0.0, 743, 43.0, 34304, 0
C++, mandelbrot, -1, 18.867858886718750000, 18.642333984375000000, 0.0, 0.0, 743, 49.2, 34304, 0
C++, mandelbrot, -1, 18.746337890625000000, 18.519653320312500000, 0.0, 0.0, 744, 43.2, 34304, 0
C++, mandelbrot, -1, 18.766174316406250000, 18.541870117187500000, 0.0, 0.0, 745, 49.0, 34176, 0
C++, mandelbrot, -1, 18.705993652343750000, 18.482971191406250000, 0.0, 0.0, 743, 43.0, 34176, 0
C++, mandelbrot, -1, 18.817077636718750000, 18.593933105468750000, 0.0, 0.0, 744, 49.2, 34176, 0
C++, mandelbrot, -1, 18.715637207031250000, 18.494689941406250000, 0.0, 0.0, 747, 43.2, 34304, 0
C++, mandelbrot, -1, 18.834777832031250000, 18.610656738281250000, 0.0, 0.0, 744, 49.2, 34176, 0
C++, mandelbrot, -1, 18.811767578125000000, 18.584960937500000000, 0.0, 0.0, 748, 43.2, 34304, 0
C++, mandelbrot, -1, 18.818969726562500000, 18.595520019531250000, 0.0, 0.0, 743, 49.8, 34304, 0
C++, mandelbrot, -1, 18.755920410156250000, 18.533386230468750000, 0.0, 0.0, 744, 43.5, 34304, 0
C++, mandelbrot, -1, 18.801635742187500000, 18.574584960937500000, 0.0, 0.0, 743, 49.8, 34176, 0
C++, n-body, -1, 16.730468750000000000, 16.214599609375000000, 0.0, 0.0, 1716, 46.5, 1536, 0
C++, n-body, -1, 16.641723632812500000, 16.122985839843750000, 0.0, 0.0, 1718, 46.8, 1536, 0
C++, n-body, -1, 16.613586425781250000, 16.097534179687500000, 0.0, 0.0, 1717, 46.5, 1536, 0
C++, n-body, -1, 16.753234863281250000, 16.237426757812500000, 0.0, 0.0, 1717, 46.0, 1536, 0
C++, n-body, -1, 16.893615722656250000, 16.382080078125000000, 0.0, 0.0, 1714, 46.0, 1536, 0
C++, n-body, -1, 16.908813476562500000, 16.401245117187500000, 0.0, 0.0, 1716, 46.5, 1536, 0
C++, n-body, -1, 17.040222167968750000, 16.527587890625000000, 0.0, 0.0, 1714, 45.5, 1536, 0
C++, n-body, -1, 16.950256347656250000, 16.439636230468750000, 0.0, 0.0, 1713, 45.5, 1536, 0
C++, n-body, -1, 16.937011718750000000, 16.427429199218750000, 0.0, 0.0, 1714, 46.0, 1536, 0
C++, n-body, -1, 16.829711914062500000, 16.315429687500000000, 0.0, 0.0, 1714, 46.0, 1536, 0
C++, n-body, -1, 16.734191894531250000, 16.216064453125000000, 0.0, 0.0, 1718, 45.8, 1536, 0
C++, n-body, -1, 17.050903320312500000, 16.539245605468750000, 0.0, 0.0, 1714, 45.0, 1536, 0
C++, n-body, -1, 16.548217773437500000, 16.022033691406250000, 0.0, 0.0, 1744, 46.0, 1536, 0
C++, n-body, -1, 16.697875976562500000, 16.186950683593750000, 0.0, 0.0, 1713, 45.5, 1536, 0
C++, n-body, -1, 16.537231445312500000, 16.027038574218750000, 0.0, 0.0, 1719, 46.5, 1536, 0
C++, n-body, -1, 16.675292968750000000, 16.160583496093750000, 0.0, 0.0, 1717, 46.2, 1536, 0
C++, n-body, -1, 16.994934082031250000, 16.477355957031250000, 0.0, 0.0, 1713, 45.5, 1536, 0
C++, n-body, -1, 16.901550292968750000, 16.392639160156250000, 0.0, 0.0, 1719, 45.8, 1536, 0
C++, n-body, -1, 16.856811523437500000, 16.346008300781250000, 0.0, 0.0, 1719, 45.0, 1536, 0
C++, n-body, -1, 16.708312988281250000, 16.187194824218750000, 0.0, 0.0, 1718, 44.8, 1536, 0
C++, regex-redux, -1, 15.690246582031250000, 15.362182617187500000, 0.0, 0.0, 1033, 46.0, 276008, 0
C++, regex-redux, -1, 15.770996093750000000, 15.441345214843750000, 0.0, 0.0, 1037, 45.5, 276008, 0
C++, regex-redux, -1, 15.797485351562500000, 15.466796875000000000, 0.0, 0.0, 1021, 45.8, 276140, 0
C++, regex-redux, -1, 15.764404296875000000, 15.438232421875000000, 0.0, 0.0, 1026, 44.8, 276008, 0
C++, regex-redux, -1, 15.747985839843750000, 15.427551269531250000, 0.0, 0.0, 1015, 46.0, 276008, 0
C++, regex-redux, -1, 15.766662597656250000, 15.438842773437500000, 0.0, 0.0, 1031, 46.2, 276012, 0
C++, regex-redux, -1, 15.754943847656250000, 15.426574707031250000, 0.0, 0.0, 1020, 46.0, 275880, 0
C++, regex-redux, -1, 15.851806640625000000, 15.515686035156250000, 0.0, 0.0, 1036, 46.0, 276008, 0
C++, regex-redux, -1, 15.801025390625000000, 15.470703125000000000, 0.0, 0.0, 1036, 44.8, 276008, 0
C++, regex-redux, -1, 15.782287597656250000, 15.448730468750000000, 0.0, 0.0, 1023, 45.5, 276008, 0
C++, regex-redux, -1, 15.762756347656250000, 15.431213378906250000, 0.0, 0.0, 1031, 45.5, 276012, 0
C++, regex-redux, -1, 15.817199707031250000, 15.483703613281250000, 0.0, 0.0, 1022, 46.0, 276012, 0
C++, regex-redux, -1, 15.598083496093750000, 15.281677246093750000, 0.0, 0.0, 974, 41.8, 275836, 0
C++, regex-redux, -1, 15.867919921875000000, 15.541320800781250000, 0.0, 0.0, 1033, 46.2, 276008, 0
C++, regex-redux, -1, 15.772399902343750000, 15.448608398437500000, 0.0, 0.0, 1019, 45.2, 276140, 0
C++, regex-redux, -1, 15.888366699218750000, 15.560485839843750000, 0.0, 0.0, 1034, 46.5, 276008, 0
C++, regex-redux, -1, 15.829895019531250000, 15.496337890625000000, 0.0, 0.0, 1031, 45.8, 276144, 0
C++, regex-redux, -1, 15.972045898437500000, 15.640686035156250000, 0.0, 0.0, 1044, 44.8, 275880, 0
C++, regex-redux, -1, 15.687377929687500000, 15.374023437500000000, 0.0, 0.0, 978, 44.8, 275832, 0
C++, regex-redux, -1, 15.832885742187500000, 15.502441406250000000, 0.0, 0.0, 1026, 46.2, 276012, 0
C++, reverse-complement, -1, 1.631896972656250000, 1.563659667968750000, 0.0, 0.0, 161, 44.2, 127360, 0
C++, reverse-complement, -1, 1.620605468750000000, 1.558471679687500000, 0.0, 0.0, 161, 44.2, 127360, 0
C++, reverse-complement, -1, 1.647155761718750000, 1.572387695312500000, 0.0, 0.0, 162, 44.2, 127360, 0
C++, reverse-complement, -1, 1.613769531250000000, 1.554565429687500000, 0.0, 0.0, 161, 44.2, 127360, 0
C++, reverse-complement, -1, 1.630493164062500000, 1.569580078125000000, 0.0, 0.0, 162, 44.2, 127360, 0
C++, reverse-complement, -1, 1.655334472656250000, 1.585632324218750000, 0.0, 0.0, 164, 46.0, 127360, 0
C++, reverse-complement, -1, 1.607177734375000000, 1.546813964843750000, 0.0, 0.0, 164, 41.8, 127360, 0
C++, reverse-complement, -1, 1.640808105468750000, 1.577026367187500000, 0.0, 0.0, 162, 41.8, 127360, 0
C++, reverse-complement, -1, 1.625244140625000000, 1.559509277343750000, 0.0, 0.0, 161, 41.8, 127360, 0
C++, reverse-complement, -1, 1.623352050781250000, 1.560241699218750000, 0.0, 0.0, 161, 41.8, 127360, 0
C++, reverse-complement, -1, 1.623229980468750000, 1.562988281250000000, 0.0, 0.0, 161, 41.8, 127360, 0
C++, reverse-complement, -1, 1.633239746093750000, 1.567504882812500000, 0.0, 0.0, 161, 45.5, 127360, 0
C++, reverse-complement, -1, 1.581420898437500000, 1.512512207031250000, 0.0, 0.0, 168, 41.5, 127360, 0
C++, reverse-complement, -1, 1.663391113281250000, 1.584533691406250000, 0.0, 0.0, 162, 41.5, 127360, 0
C++, reverse-complement, -1, 1.629638671875000000, 1.562438964843750000, 0.0, 0.0, 161, 41.5, 127360, 0
C++, reverse-complement, -1, 1.627685546875000000, 1.565429687500000000, 0.0, 0.0, 161, 41.5, 127360, 0
C++, reverse-complement, -1, 1.630004882812500000, 1.566528320312500000, 0.0, 0.0, 162, 41.5, 127360, 0
C++, reverse-complement, -1, 1.626708984375000000, 1.557861328125000000, 0.0, 0.0, 161, 44.8, 127232, 0
C++, reverse-complement, -1, 1.613342285156250000, 1.548645019531250000, 0.0, 0.0, 161, 44.8, 127360, 0
C++, reverse-complement, -1, 1.619140625000000000, 1.551086425781250000, 0.0, 0.0, 161, 44.8, 127360, 0
C++, spectral-norm, -1, 7.299194335937500000, 7.201538085937500000, 0.0, 0.0, 354, 41.5, 2432, 0
C++, spectral-norm, -1, 7.255310058593750000, 7.149475097656250000, 0.0, 0.0, 354, 41.5, 2432, 0
C++, spectral-norm, -1, 7.272949218750000000, 7.172790527343750000, 0.0, 0.0, 354, 48.8, 2432, 0
C++, spectral-norm, -1, 7.343383789062500000, 7.235900878906250000, 0.0, 0.0, 354, 41.5, 2560, 0
C++, spectral-norm, -1, 7.363952636718750000, 7.260009765625000000, 0.0, 0.0, 354, 41.5, 2432, 0
C++, spectral-norm, -1, 7.244384765625000000, 7.136596679687500000, 0.0, 0.0, 353, 49.0, 2432, 0
C++, spectral-norm, -1, 7.365417480468750000, 7.264099121093750000, 0.0, 0.0, 355, 41.8, 2432, 0
C++, spectral-norm, -1, 7.307006835937500000, 7.195373535156250000, 0.0, 0.0, 354, 41.8, 2432, 0
C++, spectral-norm, -1, 7.336669921875000000, 7.231567382812500000, 0.0, 0.0, 355, 49.2, 2560, 0
C++, spectral-norm, -1, 7.305358886718750000, 7.204467773437500000, 0.0, 0.0, 354, 41.5, 2432, 0
C++, spectral-norm, -1, 7.304443359375000000, 7.202880859375000000, 0.0, 0.0, 354, 41.5, 2560, 0
C++, spectral-norm, -1, 7.326782226562500000, 7.224609375000000000, 0.0, 0.0, 354, 49.2, 2432, 0
C++, spectral-norm, -1, 7.343872070312500000, 7.245666503906250000, 0.0, 0.0, 355, 42.0, 2432, 0
C++, spectral-norm, -1, 7.328735351562500000, 7.230041503906250000, 0.0, 0.0, 354, 42.0, 2432, 0
C++, spectral-norm, -1, 7.353759765625000000, 7.247558593750000000, 0.0, 0.0, 355, 48.8, 2560, 0
C++, spectral-norm, -1, 7.379516601562500000, 7.274841308593750000, 0.0, 0.0, 355, 42.0, 2432, 0
C++, spectral-norm, -1, 7.440856933593750000, 7.329528808593750000, 0.0, 0.0, 356, 42.0, 2432, 0
C++, spectral-norm, -1, 7.331909179687500000, 7.223571777343750000, 0.0, 0.0, 354, 49.0, 2432, 0
C++, spectral-norm, -1, 7.389831542968750000, 7.283325195312500000, 0.0, 0.0, 359, 41.8, 2432, 0
C++, spectral-norm, -1, 7.468750000000000000, 7.361755371093750000, 0.0, 0.0, 357, 41.8, 2432, 0
Java, binary-trees, -1, 58.982971191406250000, 57.430847167968750000, 0.0, 0.0, 2768, 47.0, 1174072, 0
Java, binary-trees, -1, 60.312805175781250000, 58.754882812500000000, 0.0, 0.0, 2769, 47.2, 1190304, 0
Java, binary-trees, -1, 59.533447265625000000, 57.971923828125000000, 0.0, 0.0, 2805, 47.0, 1163444, 0
Java, binary-trees, -1, 59.060302734375000000, 57.511901855468750000, 0.0, 0.0, 2760, 47.8, 1126884, 0
Java, binary-trees, -1, 59.744873046875000000, 58.167602539062500000, 0.0, 0.0, 2810, 47.8, 1214268, 0
Java, binary-trees, -1, 60.061279296875000000, 58.499328613281250000, 0.0, 0.0, 2783, 47.0, 1153204, 0
Java, binary-trees, -1, 59.049621582031250000, 57.499084472656250000, 0.0, 0.0, 2757, 48.2, 1079676, 0
Java, binary-trees, -1, 59.225646972656250000, 57.676879882812500000, 0.0, 0.0, 2777, 47.8, 1188836, 0
Java, binary-trees, -1, 60.323913574218750000, 58.752563476562500000, 0.0, 0.0, 2814, 46.2, 1157276, 0
Java, binary-trees, -1, 58.925354003906250000, 57.368286132812500000, 0.0, 0.0, 2761, 48.2, 1080464, 0
Java, binary-trees, -1, 59.918395996093750000, 58.367248535156250000, 0.0, 0.0, 2783, 48.0, 1193428, 0
Java, binary-trees, -1, 58.914794921875000000, 57.371215820312500000, 0.0, 0.0, 2745, 48.2, 1080352, 0
Java, binary-trees, -1, 59.656433105468750000, 58.092468261718750000, 0.0, 0.0, 2799, 48.0, 1131736, 0
Java, binary-trees, -1, 60.348632812500000000, 58.777404785156250000, 0.0, 0.0, 2803, 48.0, 1151196, 0
Java, binary-trees, -1, 59.625854492187500000, 58.071838378906250000, 0.0, 0.0, 2753, 48.8, 1180756, 0
Java, binary-trees, -1, 59.580993652343750000, 58.029846191406250000, 0.0, 0.0, 2761, 48.2, 1243480, 0
Java, binary-trees, -1, 57.819458007812500000, 56.277587890625000000, 0.0, 0.0, 2738, 48.5, 1165652, 0
Java, binary-trees, -1, 60.125854492187500000, 58.549194335937500000, 0.0, 0.0, 2851, 48.8, 1269504, 0
Java, binary-trees, -1, 58.689819335937500000, 57.144104003906250000, 0.0, 0.0, 2765, 48.5, 1222936, 0
Java, binary-trees, -1, 58.795471191406250000, 57.249511718750000000, 0.0, 0.0, 2753, 48.8, 1080380, 0
Java, fannkuch-redux, -1, 221.573547363281250000, 219.187683105468750000, 0.0, 0.0, 7851, 50.5, 41016, 0
Java, fannkuch-redux, -1, 235.681030273437500000, 233.167480468750000000, 0.0, 0.0, 8242, 51.2, 41176, 0
Java, fannkuch-redux, -1, 236.355346679687500000, 233.837707519531250000, 0.0, 0.0, 8246, 51.8, 41172, 0
Java, fannkuch-redux, -1, 236.847045898437500000, 234.318176269531250000, 0.0, 0.0, 8267, 51.0, 41888, 0
Java, fannkuch-redux, -1, 236.058410644531250000, 233.535644531250000000, 0.0, 0.0, 8255, 49.8, 41252, 0
Java, fannkuch-redux, -1, 222.121765136718750000, 219.724304199218750000, 0.0, 0.0, 7831, 49.8, 42232, 0
Java, fannkuch-redux, -1, 234.544677734375000000, 232.062072753906250000, 0.0, 0.0, 8182, 52.5, 41228, 0
Java, fannkuch-redux, -1, 233.958740234375000000, 231.468811035156250000, 0.0, 0.0, 8207, 51.5, 41396, 0
Java, fannkuch-redux, -1, 223.590270996093750000, 221.207885742187500000, 0.0, 0.0, 7818, 52.0, 41364, 0
Java, fannkuch-redux, -1, 241.095947265625000000, 238.534484863281250000, 0.0, 0.0, 8404, 52.5, 41368, 0
Java, fannkuch-redux, -1, 222.297302246093750000, 219.898376464843750000, 0.0, 0.0, 7819, 52.5, 40944, 0
Java, fannkuch-redux, -1, 234.285583496093750000, 231.770446777343750000, 0.0, 0.0, 8206, 50.2, 42232, 0
Java, fannkuch-redux, -1, 223.737854003906250000, 221.347595214843750000, 0.0, 0.0, 7837, 50.8, 41280, 0
Java, fannkuch-redux, -1, 232.416076660156250000, 229.991882324218750000, 0.0, 0.0, 7990, 52.2, 40920, 0
Java, fannkuch-redux, -1, 230.916015625000000000, 228.408996582031250000, 0.0, 0.0, 8223, 49.8, 42040, 0
Java, fannkuch-redux, -1, 233.924743652343750000, 231.436340332031250000, 0.0, 0.0, 8144, 50.2, 42236, 0
Java, fannkuch-redux, -1, 226.790466308593750000, 224.373901367187500000, 0.0, 0.0, 7928, 52.0, 42176, 0
Java, fannkuch-redux, -1, 234.640197753906250000, 232.139892578125000000, 0.0, 0.0, 8202, 51.5, 41696, 0
Java, fannkuch-redux, -1, 229.611206054687500000, 227.126159667968750000, 0.0, 0.0, 8175, 51.8, 41184, 0
Java, fannkuch-redux, -1, 233.508361816406250000, 231.024475097656250000, 0.0, 0.0, 8177, 52.2, 42000, 0
Java, fasta, -1, 19.838439941406250000, 19.517578125000000000, 0.0, 0.0, 1039, 50.5, 47396, 0
Java, fasta, -1, 18.704650878906250000, 18.367736816406250000, 0.0, 0.0, 1109, 48.8, 47448, 0
Java, fasta, -1, 19.220092773437500000, 18.886291503906250000, 0.0, 0.0, 1111, 50.8, 47996, 0
Java, fasta, -1, 18.958862304687500000, 18.637817382812500000, 0.0, 0.0, 1081, 50.0, 47672, 0
Java, fasta, -1, 19.493041992187500000, 19.164489746093750000, 0.0, 0.0, 1081, 50.5, 47584, 0
Java, fasta, -1, 19.362548828125000000, 19.040100097656250000, 0.0, 0.0, 1062, 50.2, 47584, 0
Java, fasta, -1, 19.534545898437500000, 19.220642089843750000, 0.0, 0.0, 1075, 49.5, 47816, 0
Java, fasta, -1, 19.231323242187500000, 18.899597167968750000, 0.0, 0.0, 1111, 47.8, 47616, 0
Java, fasta, -1, 18.656799316406250000, 18.327636718750000000, 0.0, 0.0, 1110, 49.8, 47564, 0
Java, fasta, -1, 18.977661132812500000, 18.661804199218750000, 0.0, 0.0, 1060, 50.0, 47584, 0
Java, fasta, -1, 19.400756835937500000, 19.077880859375000000, 0.0, 0.0, 1083, 48.8, 47528, 0
Java, fasta, -1, 19.469970703125000000, 19.127929687500000000, 0.0, 0.0, 1112, 47.0, 47448, 0
Java, fasta, -1, 19.562866210937500000, 19.232666015625000000, 0.0, 0.0, 1081, 48.2, 47660, 0
Java, fasta, -1, 19.810180664062500000, 19.489257812500000000, 0.0, 0.0, 1041, 48.0, 47504, 0
Java, fasta, -1, 19.653564453125000000, 19.332946777343750000, 0.0, 0.0, 1054, 48.0, 47508, 0
Java, fasta, -1, 18.870239257812500000, 18.540100097656250000, 0.0, 0.0, 1095, 49.8, 47372, 0
Java, fasta, -1, 19.621948242187500000, 19.299072265625000000, 0.0, 0.0, 1063, 48.0, 47540, 0
Java, fasta, -1, 18.971435546875000000, 18.633605957031250000, 0.0, 0.0, 1105, 50.2, 47768, 0
Java, fasta, -1, 19.045166015625000000, 18.712097167968750000, 0.0, 0.0, 1098, 49.5, 47448, 0
Java, fasta, -1, 18.950195312500000000, 18.632568359375000000, 0.0, 0.0, 1055, 50.0, 47424, 0
Java, k-nucleotide, -1, 88.439819335937500000, 87.237915039062500000, 0.0, 0.0, 3824, 50.2, 368996, 0
Java, k-nucleotide, -1, 87.242675781250000000, 86.054748535156250000, 0.0, 0.0, 3787, 48.5, 370484, 0
Java, k-nucleotide, -1, 87.705017089843750000, 86.520507812500000000, 0.0, 0.0, 3762, 50.5, 368476, 0
Java, k-nucleotide, -1, 86.530334472656250000, 85.350585937500000000, 0.0, 0.0, 3738, 50.5, 368008, 0
Java, k-nucleotide, -1, 86.480895996093750000, 85.317199707031250000, 0.0, 0.0, 3711, 50.8, 367552, 0
Java, k-nucleotide, -1, 86.505798339843750000, 85.323669433593750000, 0.0, 0.0, 3752, 50.2, 368272, 0
Java, k-nucleotide, -1, 90.492126464843750000, 89.269775390625000000, 0.0, 0.0, 3866, 48.8, 367888, 0
Java, k-nucleotide, -1, 88.033020019531250000, 86.857482910156250000, 0.0, 0.0, 3764, 51.5, 369616, 0
Java, k-nucleotide, -1, 87.555419921875000000, 86.366210937500000000, 0.0, 0.0, 3774, 50.0, 368172, 0
Java, k-nucleotide, -1, 89.154235839843750000, 87.968872070312500000, 0.0, 0.0, 3779, 51.2, 367692, 0
Java, k-nucleotide, -1, 87.594787597656250000, 86.401855468750000000, 0.0, 0.0, 3780, 48.8, 367564, 0
Java, k-nucleotide, -1, 89.143859863281250000, 87.961120605468750000, 0.0, 0.0, 3773, 51.0, 370472, 0
Java, k-nucleotide, -1, 87.610229492187500000, 86.419250488281250000, 0.0, 0.0, 3778, 49.0, 370644, 0
Java, k-nucleotide, -1, 86.723999023437500000, 85.531311035156250000, 0.0, 0.0, 3778, 48.8, 368796, 0
Java, k-nucleotide, -1, 87.987609863281250000, 86.802612304687500000, 0.0, 0.0, 3771, 50.5, 367760, 0
Java, k-nucleotide, -1, 87.170471191406250000, 85.973083496093750000, 0.0, 0.0, 3798, 48.5, 369648, 0
Java, k-nucleotide, -1, 88.069946289062500000, 86.879699707031250000, 0.0, 0.0, 3768, 50.2, 367868, 0
Java, k-nucleotide, -1, 80.583496093750000000, 79.444885253906250000, 0.0, 0.0, 3558, 49.8, 368268, 0
Java, k-nucleotide, -1, 89.291931152343750000, 88.095153808593750000, 0.0, 0.0, 3781, 50.2, 368336, 0
Java, k-nucleotide, -1, 89.744079589843750000, 88.548278808593750000, 0.0, 0.0, 3816, 50.2, 367504, 0
Java, mandelbrot, -1, 71.752502441406250000, 70.750488281250000000, 0.0, 0.0, 3269, 51.0, 87964, 0
Java, mandelbrot, -1, 72.864196777343750000, 71.865295410156250000, 0.0, 0.0, 3304, 50.8, 87768, 0
Java, mandelbrot, -1, 72.116333007812500000, 71.130126953125000000, 0.0, 0.0, 3248, 51.5, 88064, 0
Java, mandelbrot, -1, 73.769836425781250000, 72.786804199218750000, 0.0, 0.0, 3253, 51.2, 87940, 0
Java, mandelbrot, -1, 72.393066406250000000, 71.407470703125000000, 0.0, 0.0, 3254, 51.5, 87964, 0
Java, mandelbrot, -1, 71.927124023437500000, 70.937133789062500000, 0.0, 0.0, 3284, 51.0, 88192, 0
Java, mandelbrot, -1, 73.507202148437500000, 72.515075683593750000, 0.0, 0.0, 3255, 50.5, 88476, 0
Java, mandelbrot, -1, 72.466430664062500000, 71.473937988281250000, 0.0, 0.0, 3274, 51.2, 88092, 0
Java, mandelbrot, -1, 69.172424316406250000, 68.207885742187500000, 0.0, 0.0, 3190, 50.8, 87936, 0
Java, mandelbrot, -1, 73.399902343750000000, 72.399658203125000000, 0.0, 0.0, 3274, 48.8, 88080, 0
Java, mandelbrot, -1, 70.270874023437500000, 69.305541992187500000, 0.0, 0.0, 3185, 50.0, 88220, 0
Java, mandelbrot, -1, 72.744689941406250000, 71.756042480468750000, 0.0, 0.0, 3264, 51.2, 88008, 0
Java, mandelbrot, -1, 73.307434082031250000, 72.301696777343750000, 0.0, 0.0, 3296, 49.5, 87836, 0
Java, mandelbrot, -1, 69.856567382812500000, 68.900451660156250000, 0.0, 0.0, 3168, 51.8, 87796, 0
Java, mandelbrot, -1, 72.807922363281250000, 71.814086914062500000, 0.0, 0.0, 3252, 51.2, 88192, 0
Java, mandelbrot, -1, 72.378173828125000000, 71.394470214843750000, 0.0, 0.0, 3269, 51.8, 88320, 0
Java, mandelbrot, -1, 71.669128417968750000, 70.674438476562500000, 0.0, 0.0, 3281, 50.2, 88060, 0
Java, mandelbrot, -1, 72.060913085937500000, 71.071838378906250000, 0.0, 0.0, 3253, 51.2, 88704, 0
Java, mandelbrot, -1, 72.480285644531250000, 71.500061035156250000, 0.0, 0.0, 3254, 51.2, 88168, 0
Java, mandelbrot, -1, 73.071044921875000000, 72.082397460937500000, 0.0, 0.0, 3290, 50.8, 88132, 0
Java, n-body, -1, 36.937133789062500000, 35.716613769531250000, 0.0, 0.0, 4066, 48.2, 41072, 0
Java, n-body, -1, 36.505432128906250000, 35.284973144531250000, 0.0, 0.0, 4044, 47.8, 41088, 0
Java, n-body, -1, 36.986694335937500000, 35.770751953125000000, 0.0, 0.0, 4065, 47.8, 41116, 0
Java, n-body, -1, 36.380065917968750000, 35.168090820312500000, 0.0, 0.0, 4046, 47.0, 41088, 0
Java, n-body, -1, 36.615112304687500000, 35.408630371093750000, 0.0, 0.0, 4042, 47.5, 41076, 0
Java, n-body, -1, 36.634704589843750000, 35.415893554687500000, 0.0, 0.0, 4042, 47.2, 41084, 0
Java, n-body, -1, 36.966064453125000000, 35.757568359375000000, 0.0, 0.0, 4044, 48.0, 40988, 0
Java, n-body, -1, 37.024353027343750000, 35.805969238281250000, 0.0, 0.0, 4045, 47.8, 40960, 0
Java, n-body, -1, 37.547119140625000000, 36.318115234375000000, 0.0, 0.0, 4066, 47.5, 40988, 0
Java, n-body, -1, 37.695068359375000000, 36.467712402343750000, 0.0, 0.0, 4067, 47.0, 40860, 0
Java, n-body, -1, 36.973876953125000000, 35.750244140625000000, 0.0, 0.0, 4041, 47.2, 41116, 0
Java, n-body, -1, 37.709045410156250000, 36.485961914062500000, 0.0, 0.0, 4064, 47.2, 40988, 0
Java, n-body, -1, 37.313842773437500000, 36.093322753906250000, 0.0, 0.0, 4066, 47.5, 40436, 0
Java, n-body, -1, 37.134338378906250000, 35.911376953125000000, 0.0, 0.0, 4070, 46.2, 41088, 0
Java, n-body, -1, 37.161804199218750000, 35.948486328125000000, 0.0, 0.0, 4067, 46.8, 41204, 0
Java, n-body, -1, 36.798583984375000000, 35.582702636718750000, 0.0, 0.0, 4040, 47.2, 40960, 0
Java, n-body, -1, 37.134338378906250000, 35.910522460937500000, 0.0, 0.0, 4066, 47.0, 40948, 0
Java, n-body, -1, 36.775939941406250000, 35.562133789062500000, 0.0, 0.0, 4040, 47.0, 40988, 0
Java, n-body, -1, 37.151489257812500000, 35.927062988281250000, 0.0, 0.0, 4067, 46.8, 40828, 0
Java, n-body, -1, 37.246154785156250000, 36.024902343750000000, 0.0, 0.0, 4068, 46.0, 41244, 0
Java, regex-redux, -1, 92.013610839843750000, 90.655883789062500000, 0.0, 0.0, 4177, 48.5, 621848, 0
Java, regex-redux, -1, 93.587219238281250000, 92.219543457031250000, 0.0, 0.0, 4250, 48.8, 621628, 0
Java, regex-redux, -1, 94.413940429687500000, 93.039672851562500000, 0.0, 0.0, 4264, 49.5, 622792, 0
Java, regex-redux, -1, 91.938110351562500000, 90.585754394531250000, 0.0, 0.0, 4182, 49.2, 623040, 0
Java, regex-redux, -1, 94.238769531250000000, 92.824157714843750000, 0.0, 0.0, 4377, 49.2, 622312, 0
Java, regex-redux, -1, 94.514831542968750000, 93.126647949218750000, 0.0, 0.0, 4297, 48.8, 621708, 0
Java, regex-redux, -1, 94.690979003906250000, 93.293823242187500000, 0.0, 0.0, 4319, 49.0, 622408, 0
Java, regex-redux, -1, 95.533447265625000000, 94.112182617187500000, 0.0, 0.0, 4392, 49.0, 622148, 0
Java, regex-redux, -1, 93.618469238281250000, 92.215820312500000000, 0.0, 0.0, 4328, 49.0, 622168, 0
Java, regex-redux, -1, 93.365478515625000000, 91.988281250000000000, 0.0, 0.0, 4258, 49.5, 622064, 0
Java, regex-redux, -1, 94.558044433593750000, 93.172485351562500000, 0.0, 0.0, 4298, 49.8, 623328, 0
Java, regex-redux, -1, 92.947631835937500000, 91.549621582031250000, 0.0, 0.0, 4295, 49.5, 622328, 0
Java, regex-redux, -1, 95.723815917968750000, 94.323974609375000000, 0.0, 0.0, 4331, 49.8, 621712, 0
Java, regex-redux, -1, 95.510559082031250000, 94.091796875000000000, 0.0, 0.0, 4411, 49.0, 621556, 0
Java, regex-redux, -1, 95.358703613281250000, 93.963867187500000000, 0.0, 0.0, 4309, 49.8, 622460, 0
Java, regex-redux, -1, 94.990722656250000000, 93.584411621093750000, 0.0, 0.0, 4321, 49.2, 622056, 0
Java, regex-redux, -1, 95.044921875000000000, 93.645446777343750000, 0.0, 0.0, 4333, 50.0, 621652, 0
Java, regex-redux, -1, 95.039001464843750000, 93.640808105468750000, 0.0, 0.0, 4331, 49.5, 621936, 0
Java, regex-redux, -1, 94.177246093750000000, 92.791992187500000000, 0.0, 0.0, 4266, 49.2, 621984, 0
Java, regex-redux, -1, 97.177246093750000000, 95.739135742187500000, 0.0, 0.0, 4440, 49.0, 621940, 0
Java, reverse-complement, -1, 8.100830078125000000, 7.816955566406250000, 0.0, 0.0, 751, 44.8, 537828, 0
Java, reverse-complement, -1, 8.069396972656250000, 7.789611816406250000, 0.0, 0.0, 749, 48.8, 537676, 0
Java, reverse-complement, -1, 8.064941406250000000, 7.780761718750000000, 0.0, 0.0, 751, 44.8, 537652, 0
Java, reverse-complement, -1, 8.044860839843750000, 7.763793945312500000, 0.0, 0.0, 747, 48.5, 537868, 0
Java, reverse-complement, -1, 7.897644042968750000, 7.607055664062500000, 0.0, 0.0, 769, 44.8, 537496, 0
Java, reverse-complement, -1, 7.856750488281250000, 7.570007324218750000, 0.0, 0.0, 772, 48.5, 537728, 0
Java, reverse-complement, -1, 8.055297851562500000, 7.775451660156250000, 0.0, 0.0, 750, 44.8, 537632, 0
Java, reverse-complement, -1, 8.164123535156250000, 7.883972167968750000, 0.0, 0.0, 769, 48.2, 537716, 0
Java, reverse-complement, -1, 7.988159179687500000, 7.706176757812500000, 0.0, 0.0, 752, 44.5, 537608, 0
Java, reverse-complement, -1, 8.036376953125000000, 7.750610351562500000, 0.0, 0.0, 751, 49.0, 537520, 0
Java, reverse-complement, -1, 7.940002441406250000, 7.663879394531250000, 0.0, 0.0, 748, 44.8, 537724, 0
Java, reverse-complement, -1, 8.002807617187500000, 7.726928710937500000, 0.0, 0.0, 751, 47.5, 537676, 0
Java, reverse-complement, -1, 7.903442382812500000, 7.629882812500000000, 0.0, 0.0, 756, 44.5, 537680, 0
Java, reverse-complement, -1, 8.006347656250000000, 7.729553222656250000, 0.0, 0.0, 750, 48.5, 537560, 0
Java, reverse-complement, -1, 7.920227050781250000, 7.646972656250000000, 0.0, 0.0, 754, 44.5, 537784, 0
Java, reverse-complement, -1, 7.965270996093750000, 7.692504882812500000, 0.0, 0.0, 750, 48.2, 537744, 0
Java, reverse-complement, -1, 7.849792480468750000, 7.571655273437500000, 0.0, 0.0, 750, 44.5, 537512, 0
Java, reverse-complement, -1, 7.935607910156250000, 7.659545898437500000, 0.0, 0.0, 751, 48.2, 537644, 0
Java, reverse-complement, -1, 7.817687988281250000, 7.533874511718750000, 0.0, 0.0, 766, 44.0, 537544, 0
Java, reverse-complement, -1, 8.005371093750000000, 7.719848632812500000, 0.0, 0.0, 748, 47.5, 537656, 0
Java, spectral-norm, -1, 11.688354492187500000, 11.529235839843750000, 0.0, 0.0, 547, 44.5, 42548, 0
Java, spectral-norm, -1, 12.027221679687500000, 11.853149414062500000, 0.0, 0.0, 578, 50.2, 42464, 0
Java, spectral-norm, -1, 11.855529785156250000, 11.686523437500000000, 0.0, 0.0, 581, 44.8, 42692, 0
Java, spectral-norm, -1, 12.038269042968750000, 11.874145507812500000, 0.0, 0.0, 565, 50.5, 42748, 0
Java, spectral-norm, -1, 12.039245605468750000, 11.858581542968750000, 0.0, 0.0, 580, 44.5, 42776, 0
Java, spectral-norm, -1, 12.113952636718750000, 11.935729980468750000, 0.0, 0.0, 571, 50.0, 42492, 0
Java, spectral-norm, -1, 12.033203125000000000, 11.855285644531250000, 0.0, 0.0, 568, 44.0, 42460, 0
Java, spectral-norm, -1, 12.155578613281250000, 11.971191406250000000, 0.0, 0.0, 594, 48.2, 42580, 0
Java, spectral-norm, -1, 11.271911621093750000, 11.114257812500000000, 0.0, 0.0, 523, 44.5, 42324, 0
Java, spectral-norm, -1, 12.088500976562500000, 11.915771484375000000, 0.0, 0.0, 572, 50.5, 42724, 0
Java, spectral-norm, -1, 10.987426757812500000, 10.812133789062500000, 0.0, 0.0, 563, 44.5, 42564, 0
Java, spectral-norm, -1, 11.574401855468750000, 11.408508300781250000, 0.0, 0.0, 548, 48.5, 42600, 0
Java, spectral-norm, -1, 11.922912597656250000, 11.748535156250000000, 0.0, 0.0, 583, 44.8, 42280, 0
Java, spectral-norm, -1, 12.085632324218750000, 11.914794921875000000, 0.0, 0.0, 567, 50.0, 42640, 0
Java, spectral-norm, -1, 11.837219238281250000, 11.673461914062500000, 0.0, 0.0, 575, 44.2, 42536, 0
Java, spectral-norm, -1, 11.612731933593750000, 11.444702148437500000, 0.0, 0.0, 534, 50.5, 42316, 0
Java, spectral-norm, -1, 11.852172851562500000, 11.677368164062500000, 0.0, 0.0, 585, 44.5, 42628, 0
Java, spectral-norm, -1, 12.158691406250000000, 11.974304199218750000, 0.0, 0.0, 592, 49.0, 42428, 0
Java, spectral-norm, -1, 12.049804687500000000, 11.879516601562500000, 0.0, 0.0, 589, 44.8, 42552, 0
Java, spectral-norm, -1, 12.163696289062500000, 11.990539550781250000, 0.0, 0.0, 574, 50.2, 42676, 0
Python, binary-trees, -1, 773.996459960937500000, 762.654113769531250000, 0.0, 0.0, 30018, 52.2, 277120, 0
Python, binary-trees, -1, 772.792236328125000000, 761.400085449218750000, 0.0, 0.0, 30231, 52.8, 277248, 0
Python, binary-trees, -1, 769.056640625000000000, 757.819030761718750000, 0.0, 0.0, 29750, 52.0, 277120, 0
Python, binary-trees, -1, 773.009155273437500000, 761.691955566406250000, 0.0, 0.0, 29944, 52.5, 277248, 0
Python, binary-trees, -1, 768.669250488281250000, 757.349914550781250000, 0.0, 0.0, 30009, 52.5, 277248, 0
Python, binary-trees, -1, 774.751037597656250000, 763.423950195312500000, 0.0, 0.0, 29943, 52.0, 277120, 0
Python, binary-trees, -1, 771.861389160156250000, 760.539794921875000000, 0.0, 0.0, 30004, 52.5, 277248, 0
Python, binary-trees, -1, 770.043151855468750000, 758.684387207031250000, 0.0, 0.0, 30099, 52.5, 277248, 0
Python, binary-trees, -1, 772.250671386718750000, 760.905456542968750000, 0.0, 0.0, 30050, 52.2, 277248, 0
Python, binary-trees, -1, 773.161071777343750000, 761.829956054687500000, 0.0, 0.0, 30025, 53.0, 277120, 0
Python, binary-trees, -1, 776.502807617187500000, 765.095886230468750000, 0.0, 0.0, 30117, 52.5, 277248, 0
Python, binary-trees, -1, 770.280334472656250000, 758.946899414062500000, 0.0, 0.0, 30037, 52.2, 277120, 0
Python, binary-trees, -1, 768.959533691406250000, 757.727844238281250000, 0.0, 0.0, 29672, 52.0, 277248, 0
Python, binary-trees, -1, 775.298156738281250000, 763.972106933593750000, 0.0, 0.0, 29949, 52.0, 277248, 0
Python, binary-trees, -1, 777.157226562500000000, 765.778442382812500000, 0.0, 0.0, 30172, 52.8, 277248, 0
Python, binary-trees, -1, 774.807739257812500000, 763.420898437500000000, 0.0, 0.0, 30221, 54.8, 277248, 0
Python, binary-trees, -1, 770.561889648437500000, 759.282592773437500000, 0.0, 0.0, 29782, 51.8, 277248, 0
Python, binary-trees, -1, 775.957519531250000000, 764.666503906250000000, 0.0, 0.0, 29855, 52.8, 277120, 0
Python, binary-trees, -1, 778.635314941406250000, 767.223449707031250000, 0.0, 0.0, 30199, 52.2, 277248, 0
Python, binary-trees, -1, 770.028015136718750000, 758.726867675781250000, 0.0, 0.0, 29841, 51.8, 277120, 0
Python, fannkuch-redux, -1, 7028.643920898437500000, 6959.833557128906250000, 0.0, 0.0, 225458, 57.0, 14464, 0
Python, fannkuch-redux, -1, 6804.924011230468750000, 6736.513000488281250000, 0.0, 0.0, 224802, 57.8, 14336, 0
Python, fannkuch-redux, -1, 7107.250549316406250000, 7035.713134765625000000, 0.0, 0.0, 234295, 57.2, 14208, 0
Python, fannkuch-redux, -1, 6820.798889160156250000, 6752.117248535156250000, 0.0, 0.0, 225357, 58.2, 14208, 0
Python, fannkuch-redux, -1, 7022.618774414062500000, 6953.564331054687500000, 0.0, 0.0, 226000, 57.5, 14208, 0
Python, fannkuch-redux, -1, 6912.077636718750000000, 6842.823059082031250000, 0.0, 0.0, 226632, 57.2, 14336, 0
Python, fannkuch-redux, -1, 6766.757141113281250000, 6698.552673339843750000, 0.0, 0.0, 224196, 57.5, 14336, 0
Python, fannkuch-redux, -1, 6969.275939941406250000, 6900.219970703125000000, 0.0, 0.0, 226172, 57.8, 14336, 0
Python, fannkuch-redux, -1, 6796.560119628906250000, 6727.717468261718750000, 0.0, 0.0, 225876, 57.8, 14208, 0
Python, fannkuch-redux, -1, 6796.483398437500000000, 6727.950134277343750000, 0.0, 0.0, 224549, 58.5, 14208, 0
Python, fannkuch-redux, -1, 6812.871643066406250000, 6744.137878417968750000, 0.0, 0.0, 225040, 57.0, 14336, 0
Python, fannkuch-redux, -1, 6835.122131347656250000, 6766.260620117187500000, 0.0, 0.0, 226114, 58.5, 14336, 0
Python, fannkuch-redux, -1, 7097.276550292968750000, 7028.609008789062500000, 0.0, 0.0, 224815, 57.5, 14336, 0
Python, fannkuch-redux, -1, 6952.020629882812500000, 6882.633117675781250000, 0.0, 0.0, 227235, 56.5, 14336, 0
Python, fannkuch-redux, -1, 6805.452636718750000000, 6737.098510742187500000, 0.0, 0.0, 224486, 55.8, 14336, 0
Python, fannkuch-redux, -1, 6933.624084472656250000, 6864.614440917968750000, 0.0, 0.0, 226398, 56.5, 14336, 0
Python, fannkuch-redux, -1, 7060.274291992187500000, 6989.286254882812500000, 0.0, 0.0, 233291, 56.2, 14208, 0
Python, fannkuch-redux, -1, 6817.392700195312500000, 6749.013549804687500000, 0.0, 0.0, 225171, 56.0, 14336, 0
Python, fannkuch-redux, -1, 6837.605407714843750000, 6768.967895507812500000, 0.0, 0.0, 224943, 55.0, 14336, 0
Python, fannkuch-redux, -1, 7007.314270019531250000, 6938.479675292968750000, 0.0, 0.0, 225628, 55.8, 14336, 0
Python, fasta, -1, 437.652832031250000000, 425.126159667968750000, 0.0, 0.0, 41205, 49.8, 9344, 0
Python, fasta, -1, 435.948059082031250000, 423.443725585937500000, 0.0, 0.0, 41034, 49.0, 9216, 0
Python, fasta, -1, 438.255371093750000000, 425.668395996093750000, 0.0, 0.0, 41248, 48.5, 9344, 0
Python, fasta, -1, 438.457336425781250000, 425.911926269531250000, 0.0, 0.0, 41189, 48.8, 9344, 0
Python, fasta, -1, 443.381591796875000000, 430.852722167968750000, 0.0, 0.0, 41344, 48.2, 9216, 0
Python, fasta, -1, 441.108581542968750000, 428.519287109375000000, 0.0, 0.0, 41366, 48.2, 9216, 0
Python, fasta, -1, 435.741394042968750000, 423.221862792968750000, 0.0, 0.0, 41045, 47.5, 9216, 0
Python, fasta, -1, 438.458251953125000000, 425.996215820312500000, 0.0, 0.0, 41079, 46.5, 9344, 0
Python, fasta, -1, 438.306030273437500000, 425.943237304687500000, 0.0, 0.0, 41132, 47.2, 9344, 0
Python, fasta, -1, 438.417846679687500000, 425.920959472656250000, 0.0, 0.0, 41110, 46.5, 9216, 0
Python, fasta, -1, 439.523986816406250000, 427.047729492187500000, 0.0, 0.0, 41086, 46.8, 9216, 0
Python, fasta, -1, 437.682373046875000000, 425.211120605468750000, 0.0, 0.0, 41069, 46.2, 9216, 0
Python, fasta, -1, 440.526062011718750000, 427.973266601562500000, 0.0, 0.0, 41234, 46.8, 9216, 0
Python, fasta, -1, 441.123657226562500000, 428.562255859375000000, 0.0, 0.0, 41188, 46.8, 9344, 0
Python, fasta, -1, 437.151367187500000000, 424.679565429687500000, 0.0, 0.0, 41050, 45.8, 9216, 0
Python, fasta, -1, 435.371826171875000000, 422.940856933593750000, 0.0, 0.0, 41059, 46.0, 9216, 0
Python, fasta, -1, 438.351623535156250000, 425.878784179687500000, 0.0, 0.0, 41081, 45.2, 9216, 0
Python, fasta, -1, 436.304016113281250000, 423.844482421875000000, 0.0, 0.0, 41092, 45.5, 9216, 0
Python, fasta, -1, 440.289306640625000000, 427.810302734375000000, 0.0, 0.0, 41214, 44.8, 9216, 0
Python, fasta, -1, 436.821655273437500000, 424.335510253906250000, 0.0, 0.0, 41111, 45.8, 9216, 0
Python, k-nucleotide, -1, 990.683410644531250000, 978.247436523437500000, 0.0, 0.0, 34954, 52.5, 261880, 0
Python, k-nucleotide, -1, 996.281127929687500000, 983.833007812500000000, 0.0, 0.0, 34985, 52.2, 261756, 0
Python, k-nucleotide, -1, 1003.349975585937500000, 990.854309082031250000, 0.0, 0.0, 35108, 54.5, 261656, 0
Python, k-nucleotide, -1, 998.537963867187500000, 986.083374023437500000, 0.0, 0.0, 34940, 52.8, 261660, 0
Python, k-nucleotide, -1, 1004.890380859375000000, 992.266601562500000000, 0.0, 0.0, 35228, 53.2, 261632, 0
Python, k-nucleotide, -1, 998.597351074218750000, 986.148803710937500000, 0.0, 0.0, 34903, 53.8, 261764, 0
Python, k-nucleotide, -1, 1012.572509765625000000, 999.995483398437500000, 0.0, 0.0, 35444, 53.0, 261792, 0
Python, k-nucleotide, -1, 1000.596740722656250000, 988.068603515625000000, 0.0, 0.0, 35241, 53.0, 261964, 0
Python, k-nucleotide, -1, 1002.995849609375000000, 990.503112792968750000, 0.0, 0.0, 35003, 53.0, 261752, 0
Python, k-nucleotide, -1, 1001.185913085937500000, 988.718139648437500000, 0.0, 0.0, 34884, 54.0, 261636, 0
Python, k-nucleotide, -1, 997.953552246093750000, 985.556640625000000000, 0.0, 0.0, 34850, 54.0, 261756, 0
Python, k-nucleotide, -1, 1007.319702148437500000, 994.768920898437500000, 0.0, 0.0, 35250, 52.8, 261744, 0
Python, k-nucleotide, -1, 1004.065429687500000000, 991.582641601562500000, 0.0, 0.0, 35091, 54.0, 261784, 0
Python, k-nucleotide, -1, 1004.899841308593750000, 992.368286132812500000, 0.0, 0.0, 35271, 52.8, 261656, 0
Python, k-nucleotide, -1, 999.663391113281250000, 987.198547363281250000, 0.0, 0.0, 34981, 53.2, 261752, 0
Python, k-nucleotide, -1, 1013.779663085937500000, 1001.278015136718750000, 0.0, 0.0, 35173, 53.8, 261656, 0
Python, k-nucleotide, -1, 1007.504638671875000000, 995.002746582031250000, 0.0, 0.0, 35183, 54.0, 261756, 0
Python, k-nucleotide, -1, 1004.932006835937500000, 992.389160156250000000, 0.0, 0.0, 35233, 53.0, 261884, 0
Python, k-nucleotide, -1, 1002.501647949218750000, 989.968383789062500000, 0.0, 0.0, 35241, 53.2, 261768, 0
Python, k-nucleotide, -1, 1001.466552734375000000, 988.973449707031250000, 0.0, 0.0, 35031, 52.8, 261824, 0
Python, mandelbrot, -1, 3662.737182617187500000, 3627.844604492187500000, 0.0, 0.0, 114501, 59.2, 14208, 0
Python, mandelbrot, -1, 3692.757141113281250000, 3657.915954589843750000, 0.0, 0.0, 114425, 59.5, 14336, 0
Python, mandelbrot, -1, 3681.062072753906250000, 3646.269042968750000000, 0.0, 0.0, 114306, 59.0, 14336, 0
Python, mandelbrot, -1, 3653.718566894531250000, 3618.978454589843750000, 0.0, 0.0, 114182, 59.8, 14336, 0
Python, mandelbrot, -1, 3675.996704101562500000, 3641.243530273437500000, 0.0, 0.0, 114230, 59.0, 14336, 0
Python, mandelbrot, -1, 3720.026733398437500000, 3685.094543457031250000, 0.0, 0.0, 114892, 59.0, 14336, 0
Python, mandelbrot, -1, 3685.202087402343750000, 3650.302124023437500000, 0.0, 0.0, 114608, 60.0, 14464, 0
Python, mandelbrot, -1, 3684.796752929687500000, 3649.799011230468750000, 0.0, 0.0, 114852, 59.5, 14336, 0
Python, mandelbrot, -1, 3681.248046875000000000, 3646.420898437500000000, 0.0, 0.0, 114419, 59.5, 14208, 0
Python, mandelbrot, -1, 3688.472473144531250000, 3653.635803222656250000, 0.0, 0.0, 114387, 59.8, 14336, 0
Python, mandelbrot, -1, 3651.343627929687500000, 3616.594238281250000000, 0.0, 0.0, 114139, 59.2, 14336, 0
Python, mandelbrot, -1, -258490.371154785156250000, 3618.888244628906250000, 0.0, 0.0, 114096, 59.5, 14336, 0
Python, mandelbrot, -1, 3662.883239746093750000, -258515.921325683593750000, 0.0, 0.0, 114240, 59.5, 14336, 0
Python, mandelbrot, -1, 3701.276916503906250000, 3666.426635742187500000, 0.0, 0.0, 114372, 59.8, 14336, 0
Python, mandelbrot, -1, 3652.308044433593750000, 3617.550476074218750000, 0.0, 0.0, 114136, 59.0, 14336, 0
Python, mandelbrot, -1, 3687.972045898437500000, 3653.086242675781250000, 0.0, 0.0, 114585, 59.5, 14336, 0
Python, mandelbrot, -1, 3679.100708007812500000, 3644.193969726562500000, 0.0, 0.0, 114719, 58.8, 14336, 0
Python, mandelbrot, -1, 3679.040893554687500000, 3644.130310058593750000, 0.0, 0.0, 114668, 58.8, 14336, 0
Python, mandelbrot, -1, 3661.519592285156250000, 3626.785888671875000000, 0.0, 0.0, 114124, 59.0, 14336, 0
Python, mandelbrot, -1, 3675.086364746093750000, 3639.862854003906250000, 0.0, 0.0, 114583, 58.8, 14464, 0
Python, n-body, -1, 2657.437011718750000000, 2587.069580078125000000, 0.0, 0.0, 233696, 47.5, 9344, 0
Python, n-body, -1, 2652.591857910156250000, 2582.079345703125000000, 0.0, 0.0, 233819, 47.2, 9344, 0
Python, n-body, -1, 2676.409423828125000000, 2605.441894531250000000, 0.0, 0.0, 235352, 45.8, 9344, 0
Python, n-body, -1, 2665.732360839843750000, 2595.450805664062500000, 0.0, 0.0, 233306, 45.5, 9344, 0
Python, n-body, -1, 2661.485778808593750000, 2591.320922851562500000, 0.0, 0.0, 233157, 45.5, 9344, 0
Python, n-body, -1, 2690.589050292968750000, 2620.732299804687500000, 0.0, 0.0, 233512, 45.5, 9344, 0
Python, n-body, -1, 2686.825988769531250000, 2616.679504394531250000, 0.0, 0.0, 233979, 45.2, 9344, 0
Python, n-body, -1, 2694.293518066406250000, 2623.030151367187500000, 0.0, 0.0, 236314, 44.8, 9472, 0
Python, n-body, -1, 2697.442932128906250000, 2627.299621582031250000, 0.0, 0.0, 234176, 45.2, 9472, 0
Python, n-body, -1, 2668.921691894531250000, 2598.739868164062500000, 0.0, 0.0, 233124, 46.0, 9344, 0
Python, n-body, -1, 2680.022705078125000000, 2609.931579589843750000, 0.0, 0.0, 233113, 45.2, 9344, 0
Python, n-body, -1, 2693.263305664062500000, 2622.836608886718750000, 0.0, 0.0, 234672, 46.0, 9472, 0
Python, n-body, -1, 2651.556335449218750000, 2581.387451171875000000, 0.0, 0.0, 233179, 45.5, 9344, 0
Python, n-body, -1, 2817.477478027343750000, 2743.772155761718750000, 0.0, 0.0, 245137, 45.8, 9344, 0
Python, n-body, -1, 2698.280334472656250000, 2628.227478027343750000, 0.0, 0.0, 233227, 46.0, 9344, 0
Python, n-body, -1, 2664.203674316406250000, 2593.969482421875000000, 0.0, 0.0, 233179, 46.0, 9344, 0
Python, n-body, -1, 2778.234069824218750000, 2705.431335449218750000, 0.0, 0.0, 242446, 45.2, 9344, 0
Python, n-body, -1, 2682.529174804687500000, 2612.524658203125000000, 0.0, 0.0, 233000, 46.0, 9344, 0
Python, n-body, -1, 2685.001098632812500000, 2614.738037109375000000, 0.0, 0.0, 234095, 46.5, 9344, 0
Python, n-body, -1, 2689.064147949218750000, 2619.224548339843750000, 0.0, 0.0, 233077, 45.5, 9216, 0
Python, regex-redux, -1, 110.148315429687500000, 107.932128906250000000, 0.0, 0.0, 7107, 45.5, 460644, 0
Python, regex-redux, -1, 110.050842285156250000, 107.844543457031250000, 0.0, 0.0, 7084, 46.0, 460612, 0
Python, regex-redux, -1, 110.151550292968750000, 107.936584472656250000, 0.0, 0.0, 7090, 46.2, 460612, 0
Python, regex-redux, -1, 110.647033691406250000, 108.430175781250000000, 0.0, 0.0, 7098, 45.8, 460640, 0
Python, regex-redux, -1, 110.245971679687500000, 108.034362792968750000, 0.0, 0.0, 7096, 45.8, 460616, 0
Python, regex-redux, -1, 110.577880859375000000, 108.358215332031250000, 0.0, 0.0, 7095, 46.2, 460656, 0
Python, regex-redux, -1, 109.562500000000000000, 107.343017578125000000, 0.0, 0.0, 7092, 46.0, 460416, 0
Python, regex-redux, -1, 110.300842285156250000, 108.089660644531250000, 0.0, 0.0, 7092, 46.8, 460656, 0
Python, regex-redux, -1, 109.841857910156250000, 107.621765136718750000, 0.0, 0.0, 7117, 46.2, 460624, 0
Python, regex-redux, -1, 109.464050292968750000, 107.265869140625000000, 0.0, 0.0, 7092, 46.5, 460676, 0
Python, regex-redux, -1, 109.480895996093750000, 107.278686523437500000, 0.0, 0.0, 7091, 46.2, 460636, 0
Python, regex-redux, -1, 109.024536132812500000, 106.818847656250000000, 0.0, 0.0, 7088, 45.8, 460632, 0
Python, regex-redux, -1, 110.021545410156250000, 107.793762207031250000, 0.0, 0.0, 7108, 46.2, 460652, 0
Python, regex-redux, -1, 110.867675781250000000, 108.648193359375000000, 0.0, 0.0, 7109, 46.0, 460552, 0
Python, regex-redux, -1, 110.409179687500000000, 108.189147949218750000, 0.0, 0.0, 7119, 47.0, 460580, 0
Python, regex-redux, -1, 110.645263671875000000, 108.414672851562500000, 0.0, 0.0, 7135, 46.8, 460636, 0
Python, regex-redux, -1, 110.167236328125000000, 107.964477539062500000, 0.0, 0.0, 7086, 46.8, 460756, 0
Python, regex-redux, -1, 110.252502441406250000, 108.046020507812500000, 0.0, 0.0, 7108, 46.8, 460640, 0
Python, regex-redux, -1, 110.051757812500000000, 107.839050292968750000, 0.0, 0.0, 7097, 46.5, 460616, 0
Python, regex-redux, -1, 110.316101074218750000, 108.083435058593750000, 0.0, 0.0, 7135, 46.5, 460628, 0
Python, reverse-complement, -1, 19.741577148437500000, 19.288208007812500000, 0.0, 0.0, 1364, 46.5, 628300, 0
Python, reverse-complement, -1, 19.608459472656250000, 19.164245605468750000, 0.0, 0.0, 1368, 46.0, 628420, 0
Python, reverse-complement, -1, 19.504150390625000000, 19.057617187500000000, 0.0, 0.0, 1367, 47.0, 628292, 0
Python, reverse-complement, -1, 19.736450195312500000, 19.288513183593750000, 0.0, 0.0, 1361, 46.8, 628304, 0
Python, reverse-complement, -1, 19.620300292968750000, 19.180480957031250000, 0.0, 0.0, 1362, 46.8, 628304, 0
Python, reverse-complement, -1, 19.629638671875000000, 19.178894042968750000, 0.0, 0.0, 1365, 46.0, 628196, 0
Python, reverse-complement, -1, 19.706848144531250000, 19.268432617187500000, 0.0, 0.0, 1364, 46.0, 628296, 0
Python, reverse-complement, -1, 19.690734863281250000, 19.247375488281250000, 0.0, 0.0, 1362, 46.5, 628168, 0
Python, reverse-complement, -1, 19.792785644531250000, 19.353210449218750000, 0.0, 0.0, 1376, 46.8, 628192, 0
Python, reverse-complement, -1, 19.863464355468750000, 19.423461914062500000, 0.0, 0.0, 1360, 45.8, 628176, 0
Python, reverse-complement, -1, 19.831909179687500000, 19.393249511718750000, 0.0, 0.0, 1363, 47.0, 628172, 0
Python, reverse-complement, -1, 19.819335937500000000, 19.375915527343750000, 0.0, 0.0, 1362, 46.5, 628292, 0
Python, reverse-complement, -1, 19.764770507812500000, 19.319091796875000000, 0.0, 0.0, 1364, 46.0, 628292, 0
Python, reverse-complement, -1, 19.768554687500000000, 19.321594238281250000, 0.0, 0.0, 1364, 46.5, 628412, 0
Python, reverse-complement, -1, 19.788696289062500000, 19.349975585937500000, 0.0, 0.0, 1377, 46.5, 628208, 0
Python, reverse-complement, -1, 19.820129394531250000, 19.371826171875000000, 0.0, 0.0, 1370, 46.5, 628288, 0
Python, reverse-complement, -1, 19.693908691406250000, 19.246765136718750000, 0.0, 0.0, 1367, 46.2, 628332, 0
Python, reverse-complement, -1, 19.699401855468750000, 19.255615234375000000, 0.0, 0.0, 1357, 45.8, 628296, 0
Python, reverse-complement, -1, 19.583862304687500000, 19.137390136718750000, 0.0, 0.0, 1357, 45.5, 628416, 0
Python, reverse-complement, -1, 19.790832519531250000, 19.344482421875000000, 0.0, 0.0, 1368, 46.0, 628296, 0
Python, spectral-norm, -1, 2547.303283691406250000, 2523.089599609375000000, 0.0, 0.0, 79277, 58.5, 15872, 0
Python, spectral-norm, -1, 2550.385314941406250000, 2526.098449707031250000, 0.0, 0.0, 79705, 59.0, 15872, 0
Python, spectral-norm, -1, 2543.155334472656250000, 2519.010375976562500000, 0.0, 0.0, 79248, 58.8, 15616, 0
Python, spectral-norm, -1, 2562.613281250000000000, 2538.184753417968750000, 0.0, 0.0, 80170, 59.0, 15744, 0
Python, spectral-norm, -1, 2564.251403808593750000, 2539.917785644531250000, 0.0, 0.0, 79865, 58.5, 15616, 0
Python, spectral-norm, -1, 2578.982116699218750000, 2554.764526367187500000, 0.0, 0.0, 79438, 59.2, 15872, 0
Python, spectral-norm, -1, 2577.657592773437500000, 2553.160278320312500000, 0.0, 0.0, 80389, 59.2, 15744, 0
Python, spectral-norm, -1, 2574.558410644531250000, 2550.211486816406250000, 0.0, 0.0, 79832, 59.5, 15872, 0
Python, spectral-norm, -1, 2564.140991210937500000, 2539.901367187500000000, 0.0, 0.0, 79542, 59.2, 15744, 0
Python, spectral-norm, -1, 2559.974609375000000000, 2535.772155761718750000, 0.0, 0.0, 79412, 59.5, 15488, 0
Python, spectral-norm, -1, 2541.442138671875000000, 2517.280822753906250000, 0.0, 0.0, 79286, 59.2, 15744, 0
Python, spectral-norm, -1, 2539.624572753906250000, 2515.351318359375000000, 0.0, 0.0, 79692, 58.8, 15744, 0
Python, spectral-norm, -1, 2540.097717285156250000, 2515.885192871093750000, 0.0, 0.0, 79477, 59.2, 15744, 0
Python, spectral-norm, -1, 2544.579589843750000000, 2520.248352050781250000, 0.0, 0.0, 79873, 59.5, 15744, 0
Python, spectral-norm, -1, 2559.566833496093750000, 2535.247192382812500000, 0.0, 0.0, 79810, 59.5, 15616, 0
Python, spectral-norm, -1, 2547.379150390625000000, 2523.208190917968750000, 0.0, 0.0, 79332, 59.0, 15744, 0
Python, spectral-norm, -1, 2533.210571289062500000, 2508.662658691406250000, 0.0, 0.0, 79726, 59.0, 15744, 0
Python, spectral-norm, -1, 2557.003784179687500000, 2532.708984375000000000, 0.0, 0.0, 79760, 59.0, 15616, 0
Python, spectral-norm, -1, 2545.955383300781250000, 2521.767700195312500000, 0.0, 0.0, 79351, 58.2, 15744, 0
Python, spectral-norm, -1, 2540.005004882812500000, 2515.843017578125000000, 0.0, 0.0, 79317, 59.8, 15744, 0
C, binary-trees, 2, 10.712829589843750000, 9.517822265625000000, 0.0, 0.0, 3793, 45.5, 134400, 0
C, binary-trees, 2, 10.867797851562500000, 9.668090820312500000, 0.0, 0.0, 3811, 45.0, 134272, 0
C, binary-trees, 2, 10.903625488281250000, 9.712463378906250000, 0.0, 0.0, 3805, 44.8, 134400, 0
C, binary-trees, 2, 10.739196777343750000, 9.499328613281250000, 0.0, 0.0, 3960, 45.0, 134400, 0
C, binary-trees, 2, 10.528991699218750000, 9.207458496093750000, 0.0, 0.0, 4254, 44.5, 134400, 0
C, binary-trees, 2, 10.708862304687500000, 9.327148437500000000, 0.0, 0.0, 4447, 44.2, 134272, 0
C, binary-trees, 2, 10.913085937500000000, 9.541259765625000000, 0.0, 0.0, 4429, 43.8, 134400, 0
C, binary-trees, 2, 10.842712402343750000, 9.473815917968750000, 0.0, 0.0, 4406, 44.5, 134400, 0
C, binary-trees, 2, 10.896057128906250000, 9.532226562500000000, 0.0, 0.0, 4394, 43.5, 134400, 0
C, binary-trees, 2, 11.007324218750000000, 9.638610839843750000, 0.0, 0.0, 4405, 43.8, 134400, 0
C, binary-trees, 2, 10.909179687500000000, 9.530456542968750000, 0.0, 0.0, 4444, 43.2, 134400, 0
C, binary-trees, 2, 10.752685546875000000, 9.392517089843750000, 0.0, 0.0, 4402, 43.5, 134400, 0
C, binary-trees, 2, 10.874389648437500000, 9.508605957031250000, 0.0, 0.0, 4412, 43.2, 134400, 0
C, binary-trees, 2, 10.733947753906250000, 9.356750488281250000, 0.0, 0.0, 4450, 43.0, 134400, 0
C, binary-trees, 2, 10.739013671875000000, 9.371337890625000000, 0.0, 0.0, 4421, 42.8, 134400, 0
C, binary-trees, 2, 10.569763183593750000, 9.206481933593750000, 0.0, 0.0, 4422, 42.8, 134400, 0
C, binary-trees, 2, 10.789428710937500000, 9.415344238281250000, 0.0, 0.0, 4411, 42.5, 134400, 0
C, binary-trees, 2, 10.829162597656250000, 9.456237792968750000, 0.0, 0.0, 4427, 42.5, 134400, 0
C, binary-trees, 2, 10.811401367187500000, 9.443481445312500000, 0.0, 0.0, 4412, 42.8, 134272, 0
C, binary-trees, 2, 10.537780761718750000, 9.163879394531250000, 0.0, 0.0, 4449, 42.2, 134400, 0
C, fannkuch-redux, 2, 22.803344726562500000, 20.117858886718750000, 0.0, 0.0, 8922, 42.0, 1664, 0
C, fannkuch-redux, 2, 23.192016601562500000, 20.504089355468750000, 0.0, 0.0, 8929, 41.8, 1664, 0
C, fannkuch-redux, 2, 23.176330566406250000, 20.491088867187500000, 0.0, 0.0, 8942, 41.2, 1664, 0
C, fannkuch-redux, 2, 23.410095214843750000, 20.720886230468750000, 0.0, 0.0, 8935, 41.2, 1664, 0
C, fannkuch-redux, 2, 23.466491699218750000, 20.771118164062500000, 0.0, 0.0, 8948, 41.0, 1664, 0
C, fannkuch-redux, 2, 23.642333984375000000, 20.952148437500000000, 0.0, 0.0, 8931, 41.2, 1664, 0
C, fannkuch-redux, 2, 23.372009277343750000, 20.699523925781250000, 0.0, 0.0, 8924, 41.0, 1664, 0
C, fannkuch-redux, 2, 24.094482421875000000, 21.390625000000000000, 0.0, 0.0, 8929, 40.8, 1664, 0
C, fannkuch-redux, 2, 23.781677246093750000, 21.084106445312500000, 0.0, 0.0, 8929, 40.2, 1664, 0
C, fannkuch-redux, 2, 23.782409667968750000, 21.080810546875000000, 0.0, 0.0, 8944, 40.0, 1536, 0
C, fannkuch-redux, 2, 23.759948730468750000, 21.067138671875000000, 0.0, 0.0, 8922, 40.0, 1664, 0
C, fannkuch-redux, 2, 23.411132812500000000, 20.722839355468750000, 0.0, 0.0, 8948, 39.8, 1664, 0
C, fannkuch-redux, 2, 23.550659179687500000, 20.857543945312500000, 0.0, 0.0, 8948, 39.5, 1664, 0
C, fannkuch-redux, 2, 23.566650390625000000, 20.874877929687500000, 0.0, 0.0, 8927, 39.8, 1664, 0
C, fannkuch-redux, 2, 23.856323242187500000, 21.159790039062500000, 0.0, 0.0, 8925, 39.2, 1664, 0
C, fannkuch-redux, 2, 24.331054687500000000, 21.609436035156250000, 0.0, 0.0, 8957, 39.2, 1664, 0
C, fannkuch-redux, 2, 24.449096679687500000, 21.734680175781250000, 0.0, 0.0, 8927, 39.2, 1664, 0
C, fannkuch-redux, 2, 24.312072753906250000, 21.598876953125000000, 0.0, 0.0, 8945, 38.8, 1536, 0
C, fannkuch-redux, 2, 23.849365234375000000, 21.157348632812500000, 0.0, 0.0, 8927, 39.0, 1664, 0
C, fannkuch-redux, 2, 23.696716308593750000, 21.003906250000000000, 0.0, 0.0, 8942, 39.2, 1664, 0
C, fasta, 2, 2.609619140625000000, 1.935668945312500000, 0.0, 0.0, 2263, 39.2, 1408, 0
C, fasta, 2, 2.885437011718750000, 2.441772460937500000, 0.0, 0.0, 1493, 39.0, 1408, 0
C, fasta, 2, 2.895690917968750000, 2.454589843750000000, 0.0, 0.0, 1485, 39.2, 1408, 0
C, fasta, 2, 2.967041015625000000, 2.520568847656250000, 0.0, 0.0, 1510, 39.5, 1408, 0
C, fasta, 2, 2.871520996093750000, 2.426330566406250000, 0.0, 0.0, 1479, 39.2, 1408, 0
C, fasta, 2, 2.927062988281250000, 2.483337402343750000, 0.0, 0.0, 1498, 39.0, 1408, 0
C, fasta, 2, 2.962097167968750000, 2.514953613281250000, 0.0, 0.0, 1502, 39.2, 1408, 0
C, fasta, 2, 3.026123046875000000, 2.568420410156250000, 0.0, 0.0, 1541, 39.2, 1408, 0
C, fasta, 2, 3.009399414062500000, 2.554870605468750000, 0.0, 0.0, 1534, 39.0, 1408, 0
C, fasta, 2, 2.909790039062500000, 2.466308593750000000, 0.0, 0.0, 1498, 39.0, 1408, 0
C, fasta, 2, 2.990600585937500000, 2.540527343750000000, 0.0, 0.0, 1516, 39.0, 1408, 0
C, fasta, 2, 2.919616699218750000, 2.477355957031250000, 0.0, 0.0, 1497, 38.8, 1408, 0
C, fasta, 2, 2.866455078125000000, 2.424194335937500000, 0.0, 0.0, 1491, 38.8, 1408, 0
C, fasta, 2, 2.869934082031250000, 2.429260253906250000, 0.0, 0.0, 1454, 39.0, 1408, 0
C, fasta, 2, 2.928894042968750000, 2.486511230468750000, 0.0, 0.0, 1494, 38.8, 1408, 0
C, fasta, 2, 2.925659179687500000, 2.481689453125000000, 0.0, 0.0, 1491, 38.8, 1408, 0
C, fasta, 2, 2.943908691406250000, 2.501037597656250000, 0.0, 0.0, 1498, 38.5, 1408, 0
C, fasta, 2, 2.956481933593750000, 2.510620117187500000, 0.0, 0.0, 1509, 38.8, 1408, 0
C, fasta, 2, 2.956848144531250000, 2.508666992187500000, 0.0, 0.0, 1511, 38.8, 1408, 0
C, fasta, 2, 2.871032714843750000, 2.428527832031250000, 0.0, 0.0, 1484, 38.8, 1408, 0
C, k-nucleotide, 2, 31.793457031250000000, 28.544799804687500000, 0.0, 0.0, 11176, 38.5, 130304, 0
C, k-nucleotide, 2, 32.152709960937500000, 28.891662597656250000, 0.0, 0.0, 11173, 38.5, 130304, 0
C, k-nucleotide, 2, 32.777526855468750000, 29.455627441406250000, 0.0, 0.0, 11311, 38.5, 130304, 0
C, k-nucleotide, 2, 32.524291992187500000, 29.240966796875000000, 0.0, 0.0, 11209, 38.2, 130304, 0
C, k-nucleotide, 2, 33.069152832031250000, 29.597778320312500000, 0.0, 0.0, 11281, 38.5, 130304, 0
C, k-nucleotide, 2, 33.249755859375000000, 29.948791503906250000, 0.0, 0.0, 11210, 38.0, 130176, 0
C, k-nucleotide, 2, 32.993286132812500000, 29.662231445312500000, 0.0, 0.0, 11275, 38.2, 130304, 0
C, k-nucleotide, 2, 32.888061523437500000, 29.602172851562500000, 0.0, 0.0, 11201, 37.8, 130304, 0
C, k-nucleotide, 2, 31.974609375000000000, 28.664916992187500000, 0.0, 0.0, 11243, 38.0, 130304, 0
C, k-nucleotide, 2, 32.519836425781250000, 29.219665527343750000, 0.0, 0.0, 11223, 37.5, 130304, 0
C, k-nucleotide, 2, 32.455322265625000000, 29.113220214843750000, 0.0, 0.0, 11354, 37.5, 130432, 0
C, k-nucleotide, 2, 32.810607910156250000, 29.525390625000000000, 0.0, 0.0, 11239, 37.5, 130304, 0
C, k-nucleotide, 2, 33.203613281250000000, 29.941528320312500000, 0.0, 0.0, 11221, 37.5, 130304, 0
C, k-nucleotide, 2, 32.787658691406250000, 29.461242675781250000, 0.0, 0.0, 11205, 37.2, 130304, 0
C, k-nucleotide, 2, 32.781860351562500000, 29.467102050781250000, 0.0, 0.0, 11227, 37.5, 130304, 0
C, k-nucleotide, 2, 32.873474121093750000, 29.538635253906250000, 0.0, 0.0, 11279, 37.5, 130304, 0
C, k-nucleotide, 2, 32.885803222656250000, 29.615295410156250000, 0.0, 0.0, 11326, 37.8, 130304, 0
C, k-nucleotide, 2, 33.115356445312500000, 29.831542968750000000, 0.0, 0.0, 11206, 37.5, 130304, 0
C, k-nucleotide, 2, 33.041625976562500000, 29.758239746093750000, 0.0, 0.0, 11225, 37.5, 130304, 0
C, k-nucleotide, 2, 32.927917480468750000, 29.626037597656250000, 0.0, 0.0, 11254, 37.2, 130304, 0
C, mandelbrot, 2, 11.211059570312500000, 9.904052734375000000, 0.0, 0.0, 4289, 37.0, 33152, 0
C, mandelbrot, 2, 11.325683593750000000, 10.025024414062500000, 0.0, 0.0, 4294, 37.2, 33152, 0
C, mandelbrot, 2, 11.279052734375000000, 9.972412109375000000, 0.0, 0.0, 4315, 37.2, 33152, 0
C, mandelbrot, 2, 11.470703125000000000, 10.177368164062500000, 0.0, 0.0, 4289, 36.8, 33152, 0
C, mandelbrot, 2, 11.415161132812500000, 10.115783691406250000, 0.0, 0.0, 4290, 36.8, 33152, 0
C, mandelbrot, 2, 11.517517089843750000, 10.216552734375000000, 0.0, 0.0, 4298, 36.8, 33280, 0
C, mandelbrot, 2, 11.361450195312500000, 10.060119628906250000, 0.0, 0.0, 4289, 37.0, 33152, 0
C, mandelbrot, 2, 11.281372070312500000, 9.974792480468750000, 0.0, 0.0, 4292, 37.0, 33152, 0
C, mandelbrot, 2, 11.278198242187500000, 9.974853515625000000, 0.0, 0.0, 4295, 36.8, 33280, 0
C, mandelbrot, 2, 11.399475097656250000, 10.100097656250000000, 0.0, 0.0, 4293, 37.0, 33280, 0
C, mandelbrot, 2, 11.296997070312500000, 9.997375488281250000, 0.0, 0.0, 4287, 37.2, 33280, 0
C, mandelbrot, 2, 11.223693847656250000, 9.917602539062500000, 0.0, 0.0, 4287, 37.0, 33152, 0
C, mandelbrot, 2, 11.190429687500000000, 9.879150390625000000, 0.0, 0.0, 4290, 37.0, 33280, 0
C, mandelbrot, 2, 11.216796875000000000, 9.905944824218750000, 0.0, 0.0, 4288, 36.8, 33152, 0
C, mandelbrot, 2, 11.326599121093750000, 10.026550292968750000, 0.0, 0.0, 4288, 37.0, 33152, 0
C, mandelbrot, 2, 11.216308593750000000, 9.904235839843750000, 0.0, 0.0, 4292, 36.8, 33152, 0
C, mandelbrot, 2, 11.284545898437500000, 9.980468750000000000, 0.0, 0.0, 4286, 37.0, 33152, 0
C, mandelbrot, 2, 11.339416503906250000, 10.034912109375000000, 0.0, 0.0, 4295, 36.8, 33152, 0
C, mandelbrot, 2, 11.410217285156250000, 10.116394042968750000, 0.0, 0.0, 4287, 36.8, 33280, 0
C, mandelbrot, 2, 11.554992675781250000, 10.264892578125000000, 0.0, 0.0, 4287, 36.5, 33152, 0
C, n-body, 2, 8.666625976562500000, 7.347717285156250000, 0.0, 0.0, 4391, 37.0, 1536, 0
C, n-body, 2, 8.405395507812500000, 7.114868164062500000, 0.0, 0.0, 4314, 36.5, 1536, 0
C, n-body, 2, 8.559387207031250000, 7.251342773437500000, 0.0, 0.0, 4357, 36.5, 1536, 0
C, n-body, 2, 8.590942382812500000, 7.270324707031250000, 0.0, 0.0, 4360, 37.0, 1536, 0
C, n-body, 2, 8.601013183593750000, 7.274047851562500000, 0.0, 0.0, 4381, 36.8, 1536, 0
C, n-body, 2, 8.586303710937500000, 7.260009765625000000, 0.0, 0.0, 4367, 36.2, 1536, 0
C, n-body, 2, 8.606811523437500000, 7.284301757812500000, 0.0, 0.0, 4376, 36.5, 1536, 0
C, n-body, 2, 8.693664550781250000, 7.355895996093750000, 0.0, 0.0, 4407, 36.5, 1536, 0
C, n-body, 2, 8.659240722656250000, 7.321228027343750000, 0.0, 0.0, 4400, 36.2, 1536, 0
C, n-body, 2, 8.539367675781250000, 7.227722167968750000, 0.0, 0.0, 4357, 36.2, 1536, 0
C, n-body, 2, 8.539489746093750000, 7.233337402343750000, 0.0, 0.0, 4346, 36.5, 1536, 0
C, n-body, 2, 8.392211914062500000, 7.118347167968750000, 0.0, 0.0, 4283, 36.2, 1536, 0
C, n-body, 2, 8.353271484375000000, 7.087341308593750000, 0.0, 0.0, 4250, 36.8, 1536, 0
C, n-body, 2, 8.395202636718750000, 7.116638183593750000, 0.0, 0.0, 4285, 35.8, 1536, 0
C, n-body, 2, 8.371276855468750000, 7.100341796875000000, 0.0, 0.0, 4267, 36.0, 1536, 0
C, n-body, 2, 8.289123535156250000, 7.039672851562500000, 0.0, 0.0, 4224, 36.2, 1536, 0
C, n-body, 2, 8.513671875000000000, 7.210693359375000000, 0.0, 0.0, 4333, 36.5, 1536, 0
C, n-body, 2, 8.459777832031250000, 7.164855957031250000, 0.0, 0.0, 4315, 36.0, 1536, 0
C, n-body, 2, 8.417114257812500000, 7.137817382812500000, 0.0, 0.0, 4279, 36.2, 1536, 0
C, n-body, 2, 8.438232421875000000, 7.148254394531250000, 0.0, 0.0, 4288, 35.8, 1536, 0
C, regex-redux, 2, 6.908325195312500000, 5.967224121093750000, 0.0, 0.0, 3132, 35.8, 152256, 0
C, regex-redux, 2, 6.853698730468750000, 5.911071777343750000, 0.0, 0.0, 3132, 35.8, 152260, 0
C, regex-redux, 2, 6.741821289062500000, 5.805114746093750000, 0.0, 0.0, 3129, 35.8, 152256, 0
C, regex-redux, 2, 6.879028320312500000, 5.936767578125000000, 0.0, 0.0, 3126, 35.5, 152256, 0
C, regex-redux, 2, 6.730895996093750000, 5.792968750000000000, 0.0, 0.0, 3128, 35.8, 152256, 0
C, regex-redux, 2, 6.831665039062500000, 5.888916015625000000, 0.0, 0.0, 3132, 35.5, 152256, 0
C, regex-redux, 2, 7.006835937500000000, 6.039367675781250000, 0.0, 0.0, 3208, 35.5, 152256, 0
C, regex-redux, 2, 6.861572265625000000, 5.921386718750000000, 0.0, 0.0, 3127, 35.5, 152256, 0
C, regex-redux, 2, 6.805664062500000000, 5.869018554687500000, 0.0, 0.0, 3131, 35.8, 152256, 0
C, regex-redux, 2, 6.860717773437500000, 5.920471191406250000, 0.0, 0.0, 3133, 35.8, 152256, 0
C, regex-redux, 2, 6.850463867187500000, 5.910461425781250000, 0.0, 0.0, 3127, 35.8, 152256, 0
C, regex-redux, 2, 6.696594238281250000, 5.761901855468750000, 0.0, 0.0, 3130, 35.5, 152256, 0
C, regex-redux, 2, 6.567993164062500000, 5.633422851562500000, 0.0, 0.0, 3129, 35.5, 152260, 0
C, regex-redux, 2, 6.651855468750000000, 5.717956542968750000, 0.0, 0.0, 3131, 35.5, 152256, 0
C, regex-redux, 2, 6.776794433593750000, 5.834411621093750000, 0.0, 0.0, 3130, 35.5, 152256, 0
C, regex-redux, 2, 6.774291992187500000, 5.836242675781250000, 0.0, 0.0, 3130, 35.5, 152384, 0
C, regex-redux, 2, 6.876403808593750000, 5.938476562500000000, 0.0, 0.0, 3128, 35.8, 152260, 0
C, regex-redux, 2, 6.791503906250000000, 5.851684570312500000, 0.0, 0.0, 3132, 35.5, 152256, 0
C, regex-redux, 2, 6.874023437500000000, 5.932861328125000000, 0.0, 0.0, 3131, 35.2, 152260, 0
C, regex-redux, 2, 6.859008789062500000, 5.921508789062500000, 0.0, 0.0, 3126, 35.8, 152256, 0
C, reverse-complement, 2, 0.520629882812500000, 0.401794433593750000, 0.0, 0.0, 360, 35.5, 127508, 0
C, reverse-complement, 2, 0.532043457031250000, 0.423339843750000000, 0.0, 0.0, 324, 35.5, 127512, 0
C, reverse-complement, 2, 0.532043457031250000, 0.430053710937500000, 0.0, 0.0, 297, 35.8, 127508, 0
C, reverse-complement, 2, 0.544128417968750000, 0.445495605468750000, 0.0, 0.0, 288, 35.8, 127512, 0
C, reverse-complement, 2, 0.534912109375000000, 0.438659667968750000, 0.0, 0.0, 283, 35.8, 127508, 0
C, reverse-complement, 2, 0.543823242187500000, 0.447082519531250000, 0.0, 0.0, 279, 35.8, 127512, 0
C, reverse-complement, 2, 0.537292480468750000, 0.443115234375000000, 0.0, 0.0, 269, 35.5, 127508, 0
C, reverse-complement, 2, 0.545471191406250000, 0.449768066406250000, 0.0, 0.0, 272, 35.5, 127512, 0
C, reverse-complement, 2, 0.540649414062500000, 0.447387695312500000, 0.0, 0.0, 270, 35.5, 127508, 0
C, reverse-complement, 2, 0.548461914062500000, 0.451965332031250000, 0.0, 0.0, 275, 35.5, 127512, 0
C, reverse-complement, 2, 0.538940429687500000, 0.445617675781250000, 0.0, 0.0, 271, 35.5, 127508, 0
C, reverse-complement, 2, 0.541137695312500000, 0.446655273437500000, 0.0, 0.0, 273, 35.5, 127636, 0
C, reverse-complement, 2, 0.545410156250000000, 0.452270507812500000, 0.0, 0.0, 271, 35.5, 127508, 0
C, reverse-complement, 2, 0.547119140625000000, 0.452331542968750000, 0.0, 0.0, 274, 35.5, 127508, 0
C, reverse-complement, 2, 0.553161621093750000, 0.458374023437500000, 0.0, 0.0, 277, 35.5, 127508, 0
C, reverse-complement, 2, 0.539550781250000000, 0.445007324218750000, 0.0, 0.0, 274, 35.5, 127508, 0
C, reverse-complement, 2, 0.550292968750000000, 0.455261230468750000, 0.0, 0.0, 275, 35.5, 127508, 0
C, reverse-complement, 2, 0.542541503906250000, 0.448669433593750000, 0.0, 0.0, 274, 35.5, 127508, 0
C, reverse-complement, 2, 0.559204101562500000, 0.464172363281250000, 0.0, 0.0, 278, 35.5, 127508, 0
C, reverse-complement, 2, 0.567871093750000000, 0.471557617187500000, 0.0, 0.0, 280, 35.5, 127508, 0
C, spectral-norm, 2, 4.130676269531250000, 3.708435058593750000, 0.0, 0.0, 1395, 35.5, 2048, 0
C, spectral-norm, 2, 4.180847167968750000, 3.758728027343750000, 0.0, 0.0, 1394, 35.2, 2048, 0
C, spectral-norm, 2, 4.207946777343750000, 3.779602050781250000, 0.0, 0.0, 1401, 35.5, 2048, 0
C, spectral-norm, 2, 4.235229492187500000, 3.807373046875000000, 0.0, 0.0, 1398, 35.8, 2048, 0
C, spectral-norm, 2, 4.220153808593750000, 3.792541503906250000, 0.0, 0.0, 1400, 35.5, 2048, 0
C, spectral-norm, 2, 4.187866210937500000, 3.763488769531250000, 0.0, 0.0, 1399, 35.8, 2048, 0
C, spectral-norm, 2, 4.193054199218750000, 3.768676757812500000, 0.0, 0.0, 1392, 35.5, 2048, 0
C, spectral-norm, 2, 4.217285156250000000, 3.790893554687500000, 0.0, 0.0, 1395, 35.8, 2048, 0
C, spectral-norm, 2, 4.233154296875000000, 3.806945800781250000, 0.0, 0.0, 1394, 35.5, 2048, 0
C, spectral-norm, 2, 4.250122070312500000, 3.819030761718750000, 0.0, 0.0, 1408, 35.5, 2048, 0
C, spectral-norm, 2, 4.208190917968750000, 3.780334472656250000, 0.0, 0.0, 1407, 35.0, 2048, 0
C, spectral-norm, 2, 4.194396972656250000, 3.769348144531250000, 0.0, 0.0, 1394, 35.5, 2048, 0
C, spectral-norm, 2, 4.229431152343750000, 3.803405761718750000, 0.0, 0.0, 1395, 35.8, 2048, 0
C, spectral-norm, 2, 4.354980468750000000, 3.912109375000000000, 0.0, 0.0, 1450, 35.5, 2048, 0
C, spectral-norm, 2, 4.225708007812500000, 3.798767089843750000, 0.0, 0.0, 1397, 35.5, 2048, 0
C, spectral-norm, 2, 4.268554687500000000, 3.834899902343750000, 0.0, 0.0, 1415, 35.5, 2048, 0
C, spectral-norm, 2, 4.232238769531250000, 3.805114746093750000, 0.0, 0.0, 1398, 35.5, 2048, 0
C, spectral-norm, 2, 4.196777343750000000, 3.772277832031250000, 0.0, 0.0, 1397, 35.5, 2048, 0
C, spectral-norm, 2, 4.156555175781250000, 3.730224609375000000, 0.0, 0.0, 1399, 35.8, 2048, 0
C, spectral-norm, 2, 4.130737304687500000, 3.706054687500000000, 0.0, 0.0, 1405, 35.8, 2048, 0
C++, binary-trees, 2, 10.305114746093750000, 9.187744140625000000, 0.0, 0.0, 3507, 35.5, 168248, 0
C++, binary-trees, 2, 10.701660156250000000, 9.513549804687500000, 0.0, 0.0, 3624, 35.5, 170296, 0
C++, binary-trees, 2, 10.249694824218750000, 9.144287109375000000, 0.0, 0.0, 3401, 35.8, 143672, 0
C++, binary-trees, 2, 10.421691894531250000, 9.308166503906250000, 0.0, 0.0, 3504, 35.5, 168248, 0
C++, binary-trees, 2, 10.441894531250000000, 9.322998046875000000, 0.0, 0.0, 3479, 35.5, 143668, 0
C++, binary-trees, 2, 10.755249023437500000, 9.585937500000000000, 0.0, 0.0, 3608, 35.5, 170292, 0
C++, binary-trees, 2, 10.477172851562500000, 9.331604003906250000, 0.0, 0.0, 3479, 35.2, 145720, 0
C++, binary-trees, 2, 10.315856933593750000, 9.213378906250000000, 0.0, 0.0, 3461, 35.2, 168244, 0
C++, binary-trees, 2, 10.226562500000000000, 9.142028808593750000, 0.0, 0.0, 3393, 35.5, 134528, 0
C++, binary-trees, 2, 10.320556640625000000, 9.220947265625000000, 0.0, 0.0, 3427, 35.8, 168244, 0
C++, binary-trees, 2, 10.175598144531250000, 9.089599609375000000, 0.0, 0.0, 3407, 35.5, 168244, 0
C++, binary-trees, 2, 10.425048828125000000, 9.307617187500000000, 0.0, 0.0, 3505, 35.2, 168244, 0
C++, binary-trees, 2, 10.111450195312500000, 9.039794921875000000, 0.0, 0.0, 3411, 35.5, 134528, 0
C++, binary-trees, 2, 10.435852050781250000, 9.316589355468750000, 0.0, 0.0, 3529, 35.2, 168244, 0
C++, binary-trees, 2, 10.201293945312500000, 9.096252441406250000, 0.0, 0.0, 3384, 35.2, 134528, 0
C++, binary-trees, 2, 10.197631835937500000, 9.097534179687500000, 0.0, 0.0, 3441, 35.2, 168244, 0
C++, binary-trees, 2, 10.279174804687500000, 9.161315917968750000, 0.0, 0.0, 3530, 35.2, 168248, 0
C++, binary-trees, 2, 10.310913085937500000, 9.194458007812500000, 0.0, 0.0, 3512, 35.0, 168244, 0
C++, binary-trees, 2, 10.472900390625000000, 9.341125488281250000, 0.0, 0.0, 3562, 35.5, 168372, 0
C++, binary-trees, 2, 10.157043457031250000, 9.036315917968750000, 0.0, 0.0, 3456, 35.2, 176436, 0
C++, fannkuch-redux, 2, 41.137939453125000000, 36.330627441406250000, 0.0, 0.0, 16026, 35.0, 3712, 0
C++, fannkuch-redux, 2, 41.581787109375000000, 36.634216308593750000, 0.0, 0.0, 16015, 35.0, 3584, 0
C++, fannkuch-redux, 2, 40.691833496093750000, 35.907897949218750000, 0.0, 0.0, 15979, 34.8, 3712, 0
C++, fannkuch-redux, 2, 40.052612304687500000, 35.255249023437500000, 0.0, 0.0, 16005, 35.0, 3712, 0
C++, fannkuch-redux, 2, 40.026855468750000000, 35.200195312500000000, 0.0, 0.0, 16114, 34.8, 3712, 0
C++, fannkuch-redux, 2, 41.049804687500000000, 36.239379882812500000, 0.0, 0.0, 16011, 35.0, 3584, 0
C++, fannkuch-redux, 2, 41.386901855468750000, 36.585510253906250000, 0.0, 0.0, 16039, 34.8, 3712, 0
C++, fannkuch-redux, 2, 41.086120605468750000, 36.290771484375000000, 0.0, 0.0, 15991, 34.5, 3712, 0
C++, fannkuch-redux, 2, 40.447204589843750000, 35.654846191406250000, 0.0, 0.0, 15991, 34.5, 3712, 0
C++, fannkuch-redux, 2, 40.874877929687500000, 36.085083007812500000, 0.0, 0.0, 16006, 34.2, 3584, 0
C++, fannkuch-redux, 2, 41.250732421875000000, 36.467102050781250000, 0.0, 0.0, 16004, 34.2, 3712, 0
C++, fannkuch-redux, 2, 41.472778320312500000, 36.692749023437500000, 0.0, 0.0, 15998, 34.5, 3712, 0
C++, fannkuch-redux, 2, 41.283447265625000000, 36.497131347656250000, 0.0, 0.0, 16004, 34.8, 3584, 0
C++, fannkuch-redux, 2, 41.874023437500000000, 37.079528808593750000, 0.0, 0.0, 16048, 34.5, 3584, 0
C++, fannkuch-redux, 2, 41.819824218750000000, 37.037658691406250000, 0.0, 0.0, 15997, 34.5, 3712, 0
C++, fannkuch-redux, 2, 41.762023925781250000, 36.964172363281250000, 0.0, 0.0, 16043, 34.2, 3584, 0
C++, fannkuch-redux, 2, 41.614318847656250000, 36.828308105468750000, 0.0, 0.0, 16003, 34.2, 3584, 0
C++, fannkuch-redux, 2, 41.091552734375000000, 36.302062988281250000, 0.0, 0.0, 16010, 34.5, 3584, 0
C++, fannkuch-redux, 2, 41.711669921875000000, 36.923889160156250000, 0.0, 0.0, 16009, 34.5, 3584, 0
C++, fannkuch-redux, 2, 42.175598144531250000, 37.380798339843750000, 0.0, 0.0, 16037, 34.2, 3584, 0
C++, fasta, 2, 4.208496093750000000, 3.545104980468750000, 0.0, 0.0, 2184, 34.0, 3244, 0
C++, fasta, 2, 4.218078613281250000, 3.575927734375000000, 0.0, 0.0, 2141, 34.2, 3244, 0
C++, fasta, 2, 4.281982421875000000, 3.629394531250000000, 0.0, 0.0, 2183, 34.0, 3372, 0
C++, fasta, 2, 4.231140136718750000, 3.585632324218750000, 0.0, 0.0, 2153, 34.0, 3372, 0
C++, fasta, 2, 4.195556640625000000, 3.553710937500000000, 0.0, 0.0, 2135, 34.2, 3244, 0
C++, fasta, 2, 4.225341796875000000, 3.583618164062500000, 0.0, 0.0, 2141, 34.5, 3372, 0
C++, fasta, 2, 4.150451660156250000, 3.517456054687500000, 0.0, 0.0, 2115, 34.0, 3244, 0
C++, fasta, 2, 4.175109863281250000, 3.539489746093750000, 0.0, 0.0, 2122, 34.2, 3244, 0
C++, fasta, 2, 4.201538085937500000, 3.562133789062500000, 0.0, 0.0, 2133, 34.0, 3244, 0
C++, fasta, 2, 4.170776367187500000, 3.534729003906250000, 0.0, 0.0, 2124, 34.2, 3372, 0
C++, fasta, 2, 4.192443847656250000, 3.552429199218750000, 0.0, 0.0, 2129, 34.0, 3372, 0
C++, fasta, 2, 4.206115722656250000, 3.563232421875000000, 0.0, 0.0, 2141, 34.0, 3244, 0
C++, fasta, 2, 4.199523925781250000, 3.556884765625000000, 0.0, 0.0, 2143, 34.2, 3372, 0
C++, fasta, 2, 4.112548828125000000, 3.485717773437500000, 0.0, 0.0, 2088, 34.2, 3372, 0
C++, fasta, 2, 4.134460449218750000, 3.507873535156250000, 0.0, 0.0, 2093, 34.5, 3372, 0
C++, fasta, 2, 4.151184082031250000, 3.517883300781250000, 0.0, 0.0, 2107, 34.0, 3372, 0
C++, fasta, 2, 4.162109375000000000, 3.528381347656250000, 0.0, 0.0, 2116, 34.0, 3372, 0
C++, fasta, 2, 4.148193359375000000, 3.514648437500000000, 0.0, 0.0, 2124, 34.5, 3244, 0
C++, fasta, 2, 4.175231933593750000, 3.538818359375000000, 0.0, 0.0, 2123, 34.2, 3244, 0
C++, fasta, 2, 4.223571777343750000, 3.580139160156250000, 0.0, 0.0, 2148, 34.0, 3372, 0
C++, k-nucleotide, 2, 15.301513671875000000, 13.052062988281250000, 0.0, 0.0, 6280, 34.2, 156372, 0
C++, k-nucleotide, 2, 15.486999511718750000, 13.229614257812500000, 0.0, 0.0, 6273, 33.5, 156376, 0
C++, k-nucleotide, 2, 15.318908691406250000, 13.055664062500000000, 0.0, 0.0, 6290, 33.8, 156376, 0
C++, k-nucleotide, 2, 15.351623535156250000, 13.079528808593750000, 0.0, 0.0, 6314, 33.8, 156376, 0
C++, k-nucleotide, 2, 15.525634765625000000, 13.273193359375000000, 0.0, 0.0, 6265, 33.8, 156372, 0
C++, k-nucleotide, 2, 15.610290527343750000, 13.342102050781250000, 0.0, 0.0, 6313, 34.2, 156500, 0
C++, k-nucleotide, 2, 15.376281738281250000, 13.136169433593750000, 0.0, 0.0, 6237, 34.0, 156244, 0
C++, k-nucleotide, 2, 15.596923828125000000, 13.318725585937500000, 0.0, 0.0, 6323, 34.0, 156632, 0
C++, k-nucleotide, 2, 15.612731933593750000, 13.345275878906250000, 0.0, 0.0, 6319, 34.0, 155992, 0
C++, k-nucleotide, 2, 15.749206542968750000, 13.505065917968750000, 0.0, 0.0, 6238, 33.5, 156500, 0
C++, k-nucleotide, 2, 15.445373535156250000, 13.214294433593750000, 0.0, 0.0, 6233, 33.5, 156376, 0
C++, k-nucleotide, 2, 15.626525878906250000, 13.364624023437500000, 0.0, 0.0, 6303, 33.8, 156372, 0
C++, k-nucleotide, 2, 15.381164550781250000, 13.144592285156250000, 0.0, 0.0, 6234, 34.5, 156500, 0
C++, k-nucleotide, 2, 15.840393066406250000, 13.578491210937500000, 0.0, 0.0, 6274, 33.8, 156372, 0
C++, k-nucleotide, 2, 15.686462402343750000, 13.431213378906250000, 0.0, 0.0, 6281, 33.8, 156372, 0
C++, k-nucleotide, 2, 15.425415039062500000, 13.179504394531250000, 0.0, 0.0, 6265, 33.5, 156244, 0
C++, k-nucleotide, 2, 15.686096191406250000, 13.429809570312500000, 0.0, 0.0, 6285, 34.0, 156244, 0
C++, k-nucleotide, 2, 15.557800292968750000, 13.297119140625000000, 0.0, 0.0, 6284, 34.2, 156244, 0
C++, k-nucleotide, 2, 15.628906250000000000, 13.356018066406250000, 0.0, 0.0, 6318, 33.8, 156376, 0
C++, k-nucleotide, 2, 15.607360839843750000, 13.355834960937500000, 0.0, 0.0, 6289, 33.5, 156372, 0
C++, mandelbrot, 2, 9.300170898437500000, 8.290649414062500000, 0.0, 0.0, 3370, 33.8, 34304, 0
C++, mandelbrot, 2, 9.384033203125000000, 8.370849609375000000, 0.0, 0.0, 3369, 33.8, 34304, 0
C++, mandelbrot, 2, 9.441955566406250000, 8.431945800781250000, 0.0, 0.0, 3376, 33.8, 34304, 0
C++, mandelbrot, 2, 9.458618164062500000, 8.446716308593750000, 0.0, 0.0, 3373, 34.0, 34176, 0
C++, mandelbrot, 2, 9.436035156250000000, 8.424926757812500000, 0.0, 0.0, 3374, 33.8, 34176, 0
C++, mandelbrot, 2, 9.402954101562500000, 8.389892578125000000, 0.0, 0.0, 3379, 33.5, 34304, 0
C++, mandelbrot, 2, 9.365356445312500000, 8.351989746093750000, 0.0, 0.0, 3372, 33.8, 34176, 0
C++, mandelbrot, 2, 9.416076660156250000, 8.403076171875000000, 0.0, 0.0, 3371, 33.5, 34304, 0
C++, mandelbrot, 2, 9.390014648437500000, 8.375976562500000000, 0.0, 0.0, 3375, 33.5, 34304, 0
C++, mandelbrot, 2, 9.558410644531250000, 8.546813964843750000, 0.0, 0.0, 3381, 33.5, 34176, 0
C++, mandelbrot, 2, 9.450683593750000000, 8.442810058593750000, 0.0, 0.0, 3371, 33.8, 34304, 0
C++, mandelbrot, 2, 9.548706054687500000, 8.537963867187500000, 0.0, 0.0, 3377, 33.8, 34304, 0
C++, mandelbrot, 2, 9.602416992187500000, 8.591613769531250000, 0.0, 0.0, 3380, 33.5, 34304, 0
C++, mandelbrot, 2, 9.631164550781250000, 8.621093750000000000, 0.0, 0.0, 3373, 33.5, 34304, 0
C++, mandelbrot, 2, 9.506286621093750000, 8.491333007812500000, 0.0, 0.0, 3377, 33.5, 34304, 0
C++, mandelbrot, 2, 9.459716796875000000, 8.443481445312500000, 0.0, 0.0, 3379, 33.8, 34176, 0
C++, mandelbrot, 2, 9.425781250000000000, 8.411682128906250000, 0.0, 0.0, 3373, 33.5, 34304, 0
C++, mandelbrot, 2, 9.393676757812500000, 8.380004882812500000, 0.0, 0.0, 3374, 33.8, 34304, 0
C++, mandelbrot, 2, 9.465759277343750000, 8.450317382812500000, 0.0, 0.0, 3390, 33.5, 34304, 0
C++, mandelbrot, 2, 9.498718261718750000, 8.490234375000000000, 0.0, 0.0, 3371, 34.0, 34304, 0
C++, n-body, 2, 8.922058105468750000, 7.550048828125000000, 0.0, 0.0, 4531, 33.5, 1536, 0
C++, n-body, 2, 8.913879394531250000, 7.536193847656250000, 0.0, 0.0, 4540, 33.8, 1536, 0
C++, n-body, 2, 8.763549804687500000, 7.416748046875000000, 0.0, 0.0, 4443, 33.5, 1536, 0
C++, n-body, 2, 8.823059082031250000, 7.461547851562500000, 0.0, 0.0, 4480, 33.8, 1536, 0
C++, n-body, 2, 8.838439941406250000, 7.476806640625000000, 0.0, 0.0, 4495, 33.5, 1536, 0
C++, n-body, 2, 8.873840332031250000, 7.503417968750000000, 0.0, 0.0, 4508, 33.5, 1536, 0
C++, n-body, 2, 8.844726562500000000, 7.481506347656250000, 0.0, 0.0, 4494, 33.5, 1536, 0
C++, n-body, 2, 8.824829101562500000, 7.478027343750000000, 0.0, 0.0, 4500, 34.0, 1536, 0
C++, n-body, 2, 8.821472167968750000, 7.458740234375000000, 0.0, 0.0, 4489, 33.8, 1536, 0
C++, n-body, 2, 8.897705078125000000, 7.530883789062500000, 0.0, 0.0, 4515, 33.5, 1536, 0
C++, n-body, 2, 8.952575683593750000, 7.581481933593750000, 0.0, 0.0, 4555, 33.5, 1536, 0
C++, n-body, 2, 8.974243164062500000, 7.587890625000000000, 0.0, 0.0, 4558, 33.5, 1536, 0
C++, n-body, 2, 9.001464843750000000, 7.608459472656250000, 0.0, 0.0, 4582, 33.5, 1536, 0
C++, n-body, 2, 8.958618164062500000, 7.578125000000000000, 0.0, 0.0, 4553, 33.5, 1536, 0
C++, n-body, 2, 8.790466308593750000, 7.442199707031250000, 0.0, 0.0, 4478, 33.5, 1536, 0
C++, n-body, 2, 9.065795898437500000, 7.677673339843750000, 0.0, 0.0, 4607, 33.2, 1536, 0
C++, n-body, 2, 8.941528320312500000, 7.564514160156250000, 0.0, 0.0, 4536, 33.2, 1536, 0
C++, n-body, 2, 8.903930664062500000, 7.529296875000000000, 0.0, 0.0, 4535, 33.5, 1536, 0
C++, n-body, 2, 9.042907714843750000, 7.651428222656250000, 0.0, 0.0, 4585, 33.5, 1536, 0
C++, n-body, 2, 8.886352539062500000, 7.517272949218750000, 0.0, 0.0, 4526, 33.5, 1536, 0
C++, regex-redux, 2, 8.285583496093750000, 7.019592285156250000, 0.0, 0.0, 4191, 33.2, 275960, 0
C++, regex-redux, 2, 8.373535156250000000, 7.100341796875000000, 0.0, 0.0, 4215, 33.2, 275964, 0
C++, regex-redux, 2, 8.316406250000000000, 7.025512695312500000, 0.0, 0.0, 4275, 33.2, 276032, 0
C++, regex-redux, 2, 8.449584960937500000, 7.164916992187500000, 0.0, 0.0, 4249, 33.2, 276008, 0
C++, regex-redux, 2, 8.541320800781250000, 7.220825195312500000, 0.0, 0.0, 4363, 33.0, 276120, 0
C++, regex-redux, 2, 8.549255371093750000, 7.238464355468750000, 0.0, 0.0, 4319, 33.2, 275880, 0
C++, regex-redux, 2, 8.368469238281250000, 7.064270019531250000, 0.0, 0.0, 4307, 33.0, 275880, 0
C++, regex-redux, 2, 8.433227539062500000, 7.136840820312500000, 0.0, 0.0, 4293, 33.5, 276016, 0
C++, regex-redux, 2, 8.340148925781250000, 7.064270019531250000, 0.0, 0.0, 4229, 33.2, 276012, 0
C++, regex-redux, 2, 8.276733398437500000, 6.996032714843750000, 0.0, 0.0, 4247, 33.2, 275952, 0
C++, regex-redux, 2, 8.304260253906250000, 7.024169921875000000, 0.0, 0.0, 4231, 33.5, 275880, 0
C++, regex-redux, 2, 8.221984863281250000, 6.965148925781250000, 0.0, 0.0, 4170, 33.8, 276012, 0
C++, regex-redux, 2, 8.140502929687500000, 6.890197753906250000, 0.0, 0.0, 4152, 33.2, 275880, 0
C++, regex-redux, 2, 8.311279296875000000, 7.039672851562500000, 0.0, 0.0, 4208, 33.2, 275880, 0
C++, regex-redux, 2, 8.571472167968750000, 7.263183593750000000, 0.0, 0.0, 4335, 33.2, 276136, 0
C++, regex-redux, 2, 8.395385742187500000, 7.097961425781250000, 0.0, 0.0, 4290, 33.2, 276012, 0
C++, regex-redux, 2, 8.302978515625000000, 7.018981933593750000, 0.0, 0.0, 4246, 33.0, 276012, 0
C++, regex-redux, 2, 8.076843261718750000, 6.834472656250000000, 0.0, 0.0, 4105, 33.2, 276008, 0
C++, regex-redux, 2, 8.024658203125000000, 6.787475585937500000, 0.0, 0.0, 4098, 33.5, 275964, 0
C++, regex-redux, 2, 7.970886230468750000, 6.741271972656250000, 0.0, 0.0, 4079, 33.2, 275880, 0
C++, reverse-complement, 2, 0.759948730468750000, 0.628845214843750000, 0.0, 0.0, 386, 33.2, 127360, 0
C++, reverse-complement, 2, 0.750854492187500000, 0.619689941406250000, 0.0, 0.0, 384, 33.2, 127360, 0
C++, reverse-complement, 2, 0.757568359375000000, 0.625427246093750000, 0.0, 0.0, 383, 33.5, 127360, 0
C++, reverse-complement, 2, 0.754821777343750000, 0.623596191406250000, 0.0, 0.0, 382, 33.5, 127360, 0
C++, reverse-complement, 2, 0.758911132812500000, 0.626098632812500000, 0.0, 0.0, 384, 33.5, 127360, 0
C++, reverse-complement, 2, 0.775573730468750000, 0.639770507812500000, 0.0, 0.0, 394, 33.8, 127360, 0
C++, reverse-complement, 2, 0.760131835937500000, 0.628234863281250000, 0.0, 0.0, 387, 33.8, 127360, 0
C++, reverse-complement, 2, 0.758544921875000000, 0.625976562500000000, 0.0, 0.0, 384, 33.8, 127360, 0
C++, reverse-complement, 2, 0.763732910156250000, 0.630859375000000000, 0.0, 0.0, 387, 33.5, 127360, 0
C++, reverse-complement, 2, 0.758300781250000000, 0.626098632812500000, 0.0, 0.0, 384, 33.5, 127360, 0
C++, reverse-complement, 2, 0.762878417968750000, 0.630371093750000000, 0.0, 0.0, 387, 33.5, 127360, 0
C++, reverse-complement, 2, 0.767028808593750000, 0.634094238281250000, 0.0, 0.0, 389, 33.2, 127360, 0
C++, reverse-complement, 2, 0.768310546875000000, 0.634887695312500000, 0.0, 0.0, 389, 33.2, 127360, 0
C++, reverse-complement, 2, 0.778747558593750000, 0.643188476562500000, 0.0, 0.0, 396, 33.2, 127360, 0
C++, reverse-complement, 2, 0.773254394531250000, 0.638061523437500000, 0.0, 0.0, 391, 33.5, 127360, 0
C++, reverse-complement, 2, 0.777648925781250000, 0.642517089843750000, 0.0, 0.0, 394, 33.5, 127360, 0
C++, reverse-complement, 2, 0.772583007812500000, 0.638793945312500000, 0.0, 0.0, 393, 33.5, 127360, 0
C++, reverse-complement, 2, 0.781921386718750000, 0.647705078125000000, 0.0, 0.0, 397, 33.2, 127360, 0
C++, reverse-complement, 2, 0.798583984375000000, 0.660888671875000000, 0.0, 0.0, 405, 33.2, 127360, 0
C++, reverse-complement, 2, 0.797546386718750000, 0.659179687500000000, 0.0, 0.0, 404, 33.2, 127360, 0
C++, spectral-norm, 2, 3.915710449218750000, 3.435119628906250000, 0.0, 0.0, 1610, 33.2, 2432, 0
C++, spectral-norm, 2, 3.918151855468750000, 3.436523437500000000, 0.0, 0.0, 1608, 33.5, 2432, 0
C++, spectral-norm, 2, 3.931457519531250000, 3.450378417968750000, 0.0, 0.0, 1610, 33.5, 2432, 0
C++, spectral-norm, 2, 3.972900390625000000, 3.492675781250000000, 0.0, 0.0, 1615, 33.2, 2432, 0
C++, spectral-norm, 2, 3.945678710937500000, 3.466308593750000000, 0.0, 0.0, 1606, 33.5, 2432, 0
C++, spectral-norm, 2, 3.955200195312500000, 3.472106933593750000, 0.0, 0.0, 1615, 33.5, 2560, 0
C++, spectral-norm, 2, 4.016601562500000000, 3.532531738281250000, 0.0, 0.0, 1618, 33.2, 2560, 0
C++, spectral-norm, 2, 3.987060546875000000, 3.505737304687500000, 0.0, 0.0, 1610, 33.8, 2432, 0
C++, spectral-norm, 2, 3.902038574218750000, 3.422119140625000000, 0.0, 0.0, 1607, 33.0, 2560, 0
C++, spectral-norm, 2, 3.945068359375000000, 3.464172363281250000, 0.0, 0.0, 1605, 33.5, 2560, 0
C++, spectral-norm, 2, 3.929443359375000000, 3.449645996093750000, 0.0, 0.0, 1606, 33.5, 2560, 0
C++, spectral-norm, 2, 4.047729492187500000, 3.566772460937500000, 0.0, 0.0, 1611, 33.0, 2432, 0
C++, spectral-norm, 2, 3.948242187500000000, 3.468627929687500000, 0.0, 0.0, 1608, 33.0, 2432, 0
C++, spectral-norm, 2, 3.854187011718750000, 3.375061035156250000, 0.0, 0.0, 1605, 33.5, 2560, 0
C++, spectral-norm, 2, 3.916137695312500000, 3.434936523437500000, 0.0, 0.0, 1608, 33.5, 2432, 0
C++, spectral-norm, 2, 3.978698730468750000, 3.500793457031250000, 0.0, 0.0, 1605, 33.5, 2560, 0
C++, spectral-norm, 2, 3.942871093750000000, 3.462097167968750000, 0.0, 0.0, 1609, 33.2, 2560, 0
C++, spectral-norm, 2, 3.949340820312500000, 3.468505859375000000, 0.0, 0.0, 1605, 33.2, 2432, 0
C++, spectral-norm, 2, 3.955200195312500000, 3.468750000000000000, 0.0, 0.0, 1626, 33.0, 2432, 0
C++, spectral-norm, 2, 3.951904296875000000, 3.470642089843750000, 0.0, 0.0, 1610, 33.0, 2560, 0
Java, binary-trees, 2, 19.720947265625000000, 17.078125000000000000, 0.0, 0.0, 6753, 33.2, 1262844, 0
Java, binary-trees, 2, 19.953552246093750000, 17.307006835937500000, 0.0, 0.0, 6773, 33.2, 1263972, 0
Java, binary-trees, 2, 20.442199707031250000, 17.744140625000000000, 0.0, 0.0, 6942, 33.2, 1304960, 0
Java, binary-trees, 2, 20.129089355468750000, 17.478149414062500000, 0.0, 0.0, 6806, 33.2, 1261912, 0
Java, binary-trees, 2, 19.723632812500000000, 17.072937011718750000, 0.0, 0.0, 6798, 33.2, 1264108, 0
Java, binary-trees, 2, 19.630981445312500000, 16.981689453125000000, 0.0, 0.0, 6794, 33.5, 1264064, 0
Java, binary-trees, 2, 19.409240722656250000, 16.764709472656250000, 0.0, 0.0, 6775, 33.0, 1263480, 0
Java, binary-trees, 2, 19.781921386718750000, 17.143676757812500000, 0.0, 0.0, 6758, 33.5, 1267896, 0
Java, binary-trees, 2, 20.311035156250000000, 17.635864257812500000, 0.0, 0.0, 6872, 33.8, 1289416, 0
Java, binary-trees, 2, 19.918518066406250000, 17.284362792968750000, 0.0, 0.0, 6726, 33.5, 1274408, 0
Java, binary-trees, 2, 19.986083984375000000, 17.309326171875000000, 0.0, 0.0, 6891, 33.2, 1296064, 0
Java, binary-trees, 2, 20.000549316406250000, 17.351135253906250000, 0.0, 0.0, 6781, 33.8, 1268396, 0
Java, binary-trees, 2, 20.012817382812500000, 17.358642578125000000, 0.0, 0.0, 6789, 33.2, 1262808, 0
Java, binary-trees, 2, 20.357238769531250000, 17.648498535156250000, 0.0, 0.0, 6964, 33.5, 1372076, 0
Java, binary-trees, 2, 20.335754394531250000, 17.592285156250000000, 0.0, 0.0, 7053, 33.2, 1336800, 0
Java, binary-trees, 2, 20.084472656250000000, 17.423278808593750000, 0.0, 0.0, 6834, 33.0, 1292052, 0
Java, binary-trees, 2, 19.557250976562500000, 16.940246582031250000, 0.0, 0.0, 6663, 33.5, 1268768, 0
Java, binary-trees, 2, 19.716796875000000000, 17.069946289062500000, 0.0, 0.0, 6770, 33.2, 1274864, 0
Java, binary-trees, 2, 19.435852050781250000, 16.806457519531250000, 0.0, 0.0, 6724, 33.5, 1263972, 0
Java, binary-trees, 2, 19.539367675781250000, 16.893188476562500000, 0.0, 0.0, 6760, 33.5, 1267292, 0
Java, fannkuch-redux, 2, 117.466369628906250000, 106.356018066406250000, 0.0, 0.0, 37159, 33.5, 42064, 0
Java, fannkuch-redux, 2, 114.540771484375000000, 103.773376464843750000, 0.0, 0.0, 35970, 33.5, 40800, 0
Java, fannkuch-redux, 2, 119.071289062500000000, 108.036499023437500000, 0.0, 0.0, 37139, 33.2, 42152, 0
Java, fannkuch-redux, 2, 118.740234375000000000, 107.689758300781250000, 0.0, 0.0, 37162, 33.8, 42400, 0
Java, fannkuch-redux, 2, 115.809875488281250000, 105.133300781250000000, 0.0, 0.0, 35940, 33.5, 42148, 0
Java, fannkuch-redux, 2, 120.820312500000000000, 109.725158691406250000, 0.0, 0.0, 37433, 33.5, 42060, 0
Java, fannkuch-redux, 2, 118.441406250000000000, 107.350097656250000000, 0.0, 0.0, 37164, 33.5, 40840, 0
Java, fannkuch-redux, 2, 112.020385742187500000, 101.455139160156250000, 0.0, 0.0, 35387, 33.2, 42184, 0
Java, fannkuch-redux, 2, 117.868286132812500000, 106.787841796875000000, 0.0, 0.0, 37179, 33.5, 42044, 0
Java, fannkuch-redux, 2, 118.260620117187500000, 107.111816406250000000, 0.0, 0.0, 37376, 33.5, 41020, 0
Java, fannkuch-redux, 2, 115.564208984375000000, 104.345581054687500000, 0.0, 0.0, 37365, 33.5, 41892, 0
Java, fannkuch-redux, 2, 109.336975097656250000, 98.701477050781250000, 0.0, 0.0, 35406, 33.2, 41024, 0
Java, fannkuch-redux, 2, 110.795349121093750000, 100.191589355468750000, 0.0, 0.0, 35361, 33.5, 42172, 0
Java, fannkuch-redux, 2, 116.826110839843750000, 105.748779296875000000, 0.0, 0.0, 37043, 33.5, 41272, 0
Java, fannkuch-redux, 2, 110.278442382812500000, 99.469116210937500000, 0.0, 0.0, 35885, 33.8, 41180, 0
Java, fannkuch-redux, 2, 110.073181152343750000, 99.028320312500000000, 0.0, 0.0, 36660, 33.5, 41896, 0
Java, fannkuch-redux, 2, 108.675415039062500000, 98.050720214843750000, 0.0, 0.0, 35309, 33.5, 40992, 0
Java, fannkuch-redux, 2, 113.823974609375000000, 102.642089843750000000, 0.0, 0.0, 37159, 33.5, 40756, 0
Java, fannkuch-redux, 2, 115.959106445312500000, 104.843688964843750000, 0.0, 0.0, 37077, 33.5, 40924, 0
Java, fannkuch-redux, 2, 117.036804199218750000, 105.979797363281250000, 0.0, 0.0, 36991, 33.5, 40992, 0
Java, fasta, 2, 10.158630371093750000, 8.820739746093750000, 0.0, 0.0, 4474, 33.5, 47592, 0
Java, fasta, 2, 9.874755859375000000, 8.545654296875000000, 0.0, 0.0, 4444, 33.8, 47484, 0
Java, fasta, 2, 9.758789062500000000, 8.439880371093750000, 0.0, 0.0, 4411, 33.5, 47668, 0
Java, fasta, 2, 9.872558593750000000, 8.549011230468750000, 0.0, 0.0, 4428, 33.8, 47400, 0
Java, fasta, 2, 9.822998046875000000, 8.491699218750000000, 0.0, 0.0, 4445, 33.5, 47600, 0
Java, fasta, 2, 9.728027343750000000, 8.404724121093750000, 0.0, 0.0, 4424, 33.8, 47416, 0
Java, fasta, 2, 9.841186523437500000, 8.521484375000000000, 0.0, 0.0, 4414, 33.5, 47680, 0
Java, fasta, 2, 9.931579589843750000, 8.606384277343750000, 0.0, 0.0, 4433, 33.8, 47616, 0
Java, fasta, 2, 10.004211425781250000, 8.679748535156250000, 0.0, 0.0, 4431, 33.8, 47976, 0
Java, fasta, 2, 9.968383789062500000, 8.640197753906250000, 0.0, 0.0, 4441, 33.5, 47596, 0
Java, fasta, 2, 9.975341796875000000, 8.646362304687500000, 0.0, 0.0, 4444, 33.5, 47412, 0
Java, fasta, 2, 9.958557128906250000, 8.643005371093750000, 0.0, 0.0, 4410, 33.5, 47708, 0
Java, fasta, 2, 9.777038574218750000, 8.450195312500000000, 0.0, 0.0, 4437, 33.5, 47636, 0
Java, fasta, 2, 9.813781738281250000, 8.497009277343750000, 0.0, 0.0, 4407, 33.2, 47512, 0
Java, fasta, 2, 9.852172851562500000, 8.530883789062500000, 0.0, 0.0, 4424, 33.5, 47496, 0
Java, fasta, 2, 9.784667968750000000, 8.460388183593750000, 0.0, 0.0, 4428, 33.8, 47696, 0
Java, fasta, 2, 9.556274414062500000, 8.234497070312500000, 0.0, 0.0, 4412, 33.5, 47500, 0
Java, fasta, 2, 9.671447753906250000, 8.350402832031250000, 0.0, 0.0, 4419, 33.5, 47492, 0
Java, fasta, 2, 9.605285644531250000, 8.281555175781250000, 0.0, 0.0, 4398, 33.5, 47708, 0
Java, fasta, 2, 9.560791015625000000, 8.248962402343750000, 0.0, 0.0, 4393, 33.2, 47544, 0
Java, k-nucleotide, 2, 43.144653320312500000, 38.197387695312500000, 0.0, 0.0, 16949, 34.0, 366996, 0
Java, k-nucleotide, 2, 44.657836914062500000, 39.655273437500000000, 0.0, 0.0, 17116, 33.5, 364452, 0
Java, k-nucleotide, 2, 44.440368652343750000, 39.446228027343750000, 0.0, 0.0, 17027, 33.2, 363808, 0
Java, k-nucleotide, 2, 43.337646484375000000, 38.427062988281250000, 0.0, 0.0, 16817, 34.0, 363924, 0
Java, k-nucleotide, 2, 43.796569824218750000, 38.850524902343750000, 0.0, 0.0, 16903, 33.5, 364416, 0
Java, k-nucleotide, 2, 43.812927246093750000, 38.847290039062500000, 0.0, 0.0, 16975, 33.8, 364328, 0
Java, k-nucleotide, 2, 39.589965820312500000, 34.980285644531250000, 0.0, 0.0, 15718, 33.0, 364744, 0
Java, k-nucleotide, 2, 44.332397460937500000, 39.346069335937500000, 0.0, 0.0, 17017, 33.2, 364864, 0
Java, k-nucleotide, 2, 44.032287597656250000, 39.112243652343750000, 0.0, 0.0, 16721, 33.2, 366012, 0
Java, k-nucleotide, 2, 45.128845214843750000, 40.141113281250000000, 0.0, 0.0, 16922, 33.2, 365880, 0
Java, k-nucleotide, 2, 46.110168457031250000, 41.102478027343750000, 0.0, 0.0, 17005, 33.8, 367584, 0
Java, k-nucleotide, 2, 46.603942871093750000, 41.591918945312500000, 0.0, 0.0, 17041, 33.2, 365404, 0
Java, k-nucleotide, 2, 44.785400390625000000, 39.873657226562500000, 0.0, 0.0, 16716, 33.5, 365268, 0
Java, k-nucleotide, 2, 45.137145996093750000, 40.178649902343750000, 0.0, 0.0, 16906, 33.2, 364972, 0
Java, k-nucleotide, 2, 43.951354980468750000, 38.981994628906250000, 0.0, 0.0, 16907, 33.2, 364508, 0
Java, k-nucleotide, 2, 45.513061523437500000, 40.518798828125000000, 0.0, 0.0, 16996, 33.2, 365164, 0
Java, k-nucleotide, 2, 45.230957031250000000, 40.220397949218750000, 0.0, 0.0, 17039, 33.2, 364772, 0
Java, k-nucleotide, 2, 44.934326171875000000, 39.958435058593750000, 0.0, 0.0, 17003, 33.0, 364772, 0
Java, k-nucleotide, 2, 45.973632812500000000, 40.990051269531250000, 0.0, 0.0, 16984, 33.0, 365912, 0
Java, k-nucleotide, 2, 44.741821289062500000, 39.782348632812500000, 0.0, 0.0, 16943, 32.8, 364908, 0
Java, mandelbrot, 2, 36.304077148437500000, 32.008789062500000000, 0.0, 0.0, 14349, 33.2, 85876, 0
Java, mandelbrot, 2, 36.663208007812500000, 32.396179199218750000, 0.0, 0.0, 14247, 33.0, 85356, 0
Java, mandelbrot, 2, 36.361450195312500000, 32.090270996093750000, 0.0, 0.0, 14257, 33.2, 85916, 0
Java, mandelbrot, 2, 36.558044433593750000, 32.262390136718750000, 0.0, 0.0, 14317, 33.2, 87152, 0
Java, mandelbrot, 2, 37.853759765625000000, 33.440551757812500000, 0.0, 0.0, 14680, 33.2, 85336, 0
Java, mandelbrot, 2, 36.925048828125000000, 32.629089355468750000, 0.0, 0.0, 14285, 33.0, 85888, 0
Java, mandelbrot, 2, 37.069702148437500000, 32.764953613281250000, 0.0, 0.0, 14333, 33.2, 87288, 0
Java, mandelbrot, 2, 36.945739746093750000, 32.646972656250000000, 0.0, 0.0, 14282, 33.2, 87368, 0
Java, mandelbrot, 2, 36.543579101562500000, 32.246948242187500000, 0.0, 0.0, 14271, 33.0, 85620, 0
Java, mandelbrot, 2, 37.837524414062500000, 33.435668945312500000, 0.0, 0.0, 14663, 33.2, 85020, 0
Java, mandelbrot, 2, 36.604919433593750000, 32.307678222656250000, 0.0, 0.0, 14259, 33.0, 85888, 0
Java, mandelbrot, 2, 37.329223632812500000, 33.050415039062500000, 0.0, 0.0, 14280, 33.0, 85844, 0
Java, mandelbrot, 2, 37.781066894531250000, 33.436462402343750000, 0.0, 0.0, 14494, 33.2, 85612, 0
Java, mandelbrot, 2, 36.998718261718750000, 32.682861328125000000, 0.0, 0.0, 14355, 32.8, 85624, 0
Java, mandelbrot, 2, 37.144958496093750000, 32.837768554687500000, 0.0, 0.0, 14339, 33.0, 87164, 0
Java, mandelbrot, 2, 37.488342285156250000, 33.070434570312500000, 0.0, 0.0, 14685, 33.5, 85396, 0
Java, mandelbrot, 2, 36.801452636718750000, 32.508239746093750000, 0.0, 0.0, 14313, 33.0, 87408, 0
Java, mandelbrot, 2, 36.998718261718750000, 32.704101562500000000, 0.0, 0.0, 14325, 33.5, 85880, 0
Java, mandelbrot, 2, 38.005310058593750000, 33.602294921875000000, 0.0, 0.0, 14658, 33.2, 85148, 0
Java, mandelbrot, 2, 39.087036132812500000, 34.688781738281250000, 0.0, 0.0, 14682, 33.0, 85904, 0
Java, n-body, 2, 20.017639160156250000, 16.947326660156250000, 0.0, 0.0, 10216, 33.0, 41080, 0
Java, n-body, 2, 19.772644042968750000, 16.770324707031250000, 0.0, 0.0, 10071, 33.2, 41116, 0
Java, n-body, 2, 19.655090332031250000, 16.668823242187500000, 0.0, 0.0, 10016, 33.5, 41140, 0
Java, n-body, 2, 19.403564453125000000, 16.469848632812500000, 0.0, 0.0, 9891, 33.2, 40948, 0
Java, n-body, 2, 19.706237792968750000, 16.705993652343750000, 0.0, 0.0, 10030, 33.2, 40960, 0
Java, n-body, 2, 19.434265136718750000, 16.499206542968750000, 0.0, 0.0, 9909, 33.5, 41088, 0
Java, n-body, 2, 20.007629394531250000, 16.930969238281250000, 0.0, 0.0, 10175, 33.5, 41116, 0
Java, n-body, 2, 19.879272460937500000, 16.834228515625000000, 0.0, 0.0, 10093, 33.0, 41136, 0
Java, n-body, 2, 19.658020019531250000, 16.672180175781250000, 0.0, 0.0, 10012, 33.2, 41356, 0
Java, n-body, 2, 19.572021484375000000, 16.608764648437500000, 0.0, 0.0, 9969, 33.2, 41244, 0
Java, n-body, 2, 19.964782714843750000, 16.919677734375000000, 0.0, 0.0, 10156, 33.2, 40860, 0
Java, n-body, 2, 20.140258789062500000, 17.052429199218750000, 0.0, 0.0, 10245, 32.8, 41216, 0
Java, n-body, 2, 19.828186035156250000, 16.804931640625000000, 0.0, 0.0, 10074, 33.0, 40732, 0
Java, n-body, 2, 20.543823242187500000, 17.372497558593750000, 0.0, 0.0, 10420, 33.0, 40988, 0
Java, n-body, 2, 20.594848632812500000, 17.427795410156250000, 0.0, 0.0, 10450, 33.0, 41184, 0
Java, n-body, 2, 20.523437500000000000, 17.360351562500000000, 0.0, 0.0, 10457, 33.2, 41052, 0
Java, n-body, 2, 19.851745605468750000, 16.819702148437500000, 0.0, 0.0, 10108, 33.0, 40992, 0
Java, n-body, 2, 20.013854980468750000, 16.944702148437500000, 0.0, 0.0, 10182, 32.8, 40832, 0
Java, n-body, 2, 20.221801757812500000, 17.124694824218750000, 0.0, 0.0, 10280, 32.8, 41116, 0
Java, n-body, 2, 19.705444335937500000, 16.714660644531250000, 0.0, 0.0, 10031, 32.8, 40952, 0
Java, regex-redux, 2, 48.949951171875000000, 43.315307617187500000, 0.0, 0.0, 18712, 33.0, 623204, 0
Java, regex-redux, 2, 48.520996093750000000, 42.684082031250000000, 0.0, 0.0, 19367, 32.8, 622556, 0
Java, regex-redux, 2, 47.799133300781250000, 42.130432128906250000, 0.0, 0.0, 18804, 32.8, 622460, 0
Java, regex-redux, 2, 46.166381835937500000, 40.534851074218750000, 0.0, 0.0, 18656, 32.5, 595936, 0
Java, regex-redux, 2, 47.148681640625000000, 41.545898437500000000, 0.0, 0.0, 18552, 33.0, 623388, 0
Java, regex-redux, 2, 48.170227050781250000, 42.501708984375000000, 0.0, 0.0, 18802, 32.8, 623116, 0
Java, regex-redux, 2, 48.489562988281250000, 42.681823730468750000, 0.0, 0.0, 19267, 32.8, 622672, 0
Java, regex-redux, 2, 47.543090820312500000, 41.783996582031250000, 0.0, 0.0, 19091, 32.8, 623068, 0
Java, regex-redux, 2, 46.777587890625000000, 41.100585937500000000, 0.0, 0.0, 18822, 32.8, 595800, 0
Java, regex-redux, 2, 46.442321777343750000, 40.884826660156250000, 0.0, 0.0, 18449, 32.8, 623304, 0
Java, regex-redux, 2, 49.077270507812500000, 43.437133789062500000, 0.0, 0.0, 18728, 32.8, 624452, 0
Java, regex-redux, 2, 47.304504394531250000, 41.682983398437500000, 0.0, 0.0, 18653, 32.8, 624144, 0
Java, regex-redux, 2, 48.558166503906250000, 42.756225585937500000, 0.0, 0.0, 19245, 33.0, 622084, 0
Java, regex-redux, 2, 49.245239257812500000, 43.466918945312500000, 0.0, 0.0, 19194, 32.5, 623228, 0
Java, regex-redux, 2, 48.607604980468750000, 42.807189941406250000, 0.0, 0.0, 19241, 32.5, 676396, 0
Java, regex-redux, 2, 48.476562500000000000, 42.850036621093750000, 0.0, 0.0, 18697, 32.8, 623844, 0
Java, regex-redux, 2, 49.574523925781250000, 43.645141601562500000, 0.0, 0.0, 19679, 33.0, 622160, 0
Java, regex-redux, 2, 48.973083496093750000, 43.224182128906250000, 0.0, 0.0, 19039, 32.8, 623584, 0
Java, regex-redux, 2, 48.483581542968750000, 42.890075683593750000, 0.0, 0.0, 18628, 33.5, 622972, 0
Java, regex-redux, 2, 47.908508300781250000, 42.320434570312500000, 0.0, 0.0, 18526, 32.8, 596752, 0
Java, reverse-complement, 2, 4.241760253906250000, 3.357421875000000000, 0.0, 0.0, 2834, 33.2, 537536, 0
Java, reverse-complement, 2, 4.207702636718750000, 3.519531250000000000, 0.0, 0.0, 2170, 33.2, 537940, 0
Java, reverse-complement, 2, 4.205078125000000000, 3.523803710937500000, 0.0, 0.0, 2143, 32.8, 537552, 0
Java, reverse-complement, 2, 4.229370117187500000, 3.542724609375000000, 0.0, 0.0, 2168, 33.2, 537700, 0
Java, reverse-complement, 2, 4.216064453125000000, 3.532653808593750000, 0.0, 0.0, 2152, 32.8, 537760, 0
Java, reverse-complement, 2, 4.217651367187500000, 3.534484863281250000, 0.0, 0.0, 2153, 33.2, 537716, 0
Java, reverse-complement, 2, 4.144836425781250000, 3.466491699218750000, 0.0, 0.0, 2124, 33.5, 537488, 0
Java, reverse-complement, 2, 4.136596679687500000, 3.463500976562500000, 0.0, 0.0, 2103, 33.2, 537656, 0
Java, reverse-complement, 2, 4.227478027343750000, 3.541137695312500000, 0.0, 0.0, 2153, 33.0, 537588, 0
Java, reverse-complement, 2, 4.259887695312500000, 3.567016601562500000, 0.0, 0.0, 2166, 33.5, 537440, 0
Java, reverse-complement, 2, 4.219787597656250000, 3.530700683593750000, 0.0, 0.0, 2155, 33.2, 537828, 0
Java, reverse-complement, 2, 4.164733886718750000, 3.486938476562500000, 0.0, 0.0, 2119, 33.2, 537764, 0
Java, reverse-complement, 2, 4.200683593750000000, 3.518188476562500000, 0.0, 0.0, 2146, 33.2, 537616, 0
Java, reverse-complement, 2, 4.094543457031250000, 3.428894042968750000, 0.0, 0.0, 2086, 33.5, 537560, 0
Java, reverse-complement, 2, 4.160888671875000000, 3.484741210937500000, 0.0, 0.0, 2119, 33.2, 537596, 0
Java, reverse-complement, 2, 4.162170410156250000, 3.483703613281250000, 0.0, 0.0, 2125, 32.8, 537592, 0
Java, reverse-complement, 2, 4.135620117187500000, 3.464233398437500000, 0.0, 0.0, 2108, 33.2, 537636, 0
Java, reverse-complement, 2, 4.118347167968750000, 3.450012207031250000, 0.0, 0.0, 2096, 33.0, 537528, 0
Java, reverse-complement, 2, 4.228393554687500000, 3.540954589843750000, 0.0, 0.0, 2152, 33.5, 537740, 0
Java, reverse-complement, 2, 4.211486816406250000, 3.527404785156250000, 0.0, 0.0, 2144, 33.0, 537764, 0
Java, spectral-norm, 2, 6.564758300781250000, 5.810424804687500000, 0.0, 0.0, 2522, 32.8, 42412, 0
Java, spectral-norm, 2, 6.478088378906250000, 5.722656250000000000, 0.0, 0.0, 2522, 33.0, 42356, 0
Java, spectral-norm, 2, 6.581787109375000000, 5.827087402343750000, 0.0, 0.0, 2517, 32.8, 42476, 0
Java, spectral-norm, 2, 6.583312988281250000, 5.824645996093750000, 0.0, 0.0, 2529, 33.2, 42540, 0
Java, spectral-norm, 2, 6.487731933593750000, 5.730224609375000000, 0.0, 0.0, 2528, 33.2, 42388, 0
Java, spectral-norm, 2, 6.614868164062500000, 5.852539062500000000, 0.0, 0.0, 2535, 33.2, 42484, 0
Java, spectral-norm, 2, 6.615295410156250000, 5.863647460937500000, 0.0, 0.0, 2506, 33.2, 42268, 0
Java, spectral-norm, 2, 6.561340332031250000, 5.803100585937500000, 0.0, 0.0, 2528, 33.2, 42536, 0
Java, spectral-norm, 2, 6.503295898437500000, 5.749267578125000000, 0.0, 0.0, 2516, 33.0, 42568, 0
Java, spectral-norm, 2, 6.474609375000000000, 5.719116210937500000, 0.0, 0.0, 2522, 33.2, 42416, 0
Java, spectral-norm, 2, 6.451416015625000000, 5.694458007812500000, 0.0, 0.0, 2517, 33.0, 42308, 0
Java, spectral-norm, 2, 6.450012207031250000, 5.691589355468750000, 0.0, 0.0, 2534, 33.0, 42336, 0
Java, spectral-norm, 2, 6.475158691406250000, 5.718688964843750000, 0.0, 0.0, 2524, 33.0, 42620, 0
Java, spectral-norm, 2, 6.590332031250000000, 5.835021972656250000, 0.0, 0.0, 2521, 33.2, 42116, 0
Java, spectral-norm, 2, 6.497802734375000000, 5.740722656250000000, 0.0, 0.0, 2523, 33.0, 42164, 0
Java, spectral-norm, 2, 6.582885742187500000, 5.827636718750000000, 0.0, 0.0, 2523, 33.0, 42388, 0
Java, spectral-norm, 2, 6.677734375000000000, 5.921752929687500000, 0.0, 0.0, 2526, 33.0, 42608, 0
Java, spectral-norm, 2, 6.544311523437500000, 5.791381835937500000, 0.0, 0.0, 2512, 33.2, 42468, 0
Java, spectral-norm, 2, 6.503845214843750000, 5.747192382812500000, 0.0, 0.0, 2521, 33.0, 42452, 0
Java, spectral-norm, 2, 6.510559082031250000, 5.740905761718750000, 0.0, 0.0, 2557, 33.0, 43036, 0
Python, binary-trees, 2, 362.148498535156250000, 326.468688964843750000, 0.0, 0.0, 114317, 33.5, 277248, 0
Python, binary-trees, 2, 364.425109863281250000, 328.693054199218750000, 0.0, 0.0, 114167, 33.5, 277248, 0
Python, binary-trees, 2, 374.763305664062500000, 338.275634765625000000, 0.0, 0.0, 116899, 33.2, 277120, 0
Python, binary-trees, 2, 366.927612304687500000, 331.086608886718750000, 0.0, 0.0, 114386, 33.8, 277248, 0
Python, binary-trees, 2, 365.530334472656250000, 329.776550292968750000, 0.0, 0.0, 114239, 33.2, 277120, 0
Python, binary-trees, 2, 369.456359863281250000, 333.638671875000000000, 0.0, 0.0, 114303, 33.5, 277248, 0
Python, binary-trees, 2, 370.725341796875000000, 334.941284179687500000, 0.0, 0.0, 114357, 33.5, 277120, 0
Python, binary-trees, 2, 364.069519042968750000, 328.408203125000000000, 0.0, 0.0, 113983, 34.0, 277248, 0
Python, binary-trees, 2, 367.545593261718750000, 331.902526855468750000, 0.0, 0.0, 114249, 33.2, 277248, 0
Python, binary-trees, 2, 362.453613281250000000, 326.889221191406250000, 0.0, 0.0, 113808, 33.2, 277248, 0
Python, binary-trees, 2, 368.889099121093750000, 333.308837890625000000, 0.0, 0.0, 113932, 33.8, 277248, 0
Python, binary-trees, 2, 369.435119628906250000, 333.607910156250000000, 0.0, 0.0, 114386, 33.8, 277248, 0
Python, binary-trees, 2, 367.169372558593750000, 331.454833984375000000, 0.0, 0.0, 114121, 33.5, 277120, 0
Python, binary-trees, 2, 372.110107421875000000, 336.198608398437500000, 0.0, 0.0, 114714, 33.8, 277120, 0
Python, binary-trees, 2, 369.555603027343750000, 333.729248046875000000, 0.0, 0.0, 114561, 33.8, 277248, 0
Python, binary-trees, 2, 373.679931640625000000, 337.811950683593750000, 0.0, 0.0, 114563, 33.8, 277248, 0
Python, binary-trees, 2, 371.372497558593750000, 335.586364746093750000, 0.0, 0.0, 114349, 33.8, 277248, 0
Python, binary-trees, 2, 373.621643066406250000, 337.690002441406250000, 0.0, 0.0, 114489, 33.5, 277120, 0
Python, binary-trees, 2, 368.866821289062500000, 333.000061035156250000, 0.0, 0.0, 114439, 33.5, 277248, 0
Python, binary-trees, 2, 364.749816894531250000, 328.826965332031250000, 0.0, 0.0, 114789, 34.2, 277120, 0
Python, fannkuch-redux, 2, 3551.562438964843750000, 3241.941345214843750000, 0.0, 0.0, 1.01531E+06, 34.0, 14336, 0
Python, fannkuch-redux, 2, 3576.064331054687500000, 3262.467224121093750000, 0.0, 0.0, 1.026E+06, 34.0, 14336, 0
Python, fannkuch-redux, 2, 3602.212829589843750000, 3294.317016601562500000, 0.0, 0.0, 1.01679E+06, 34.5, 14336, 0
Python, fannkuch-redux, 2, 3638.219848632812500000, 3327.589965820312500000, 0.0, 0.0, 1.02813E+06, 34.5, 14208, 0
Python, fannkuch-redux, 2, 3593.950927734375000000, 3284.408569335937500000, 0.0, 0.0, 1.01928E+06, 33.8, 14336, 0
Python, fannkuch-redux, 2, 3603.935363769531250000, 3294.263366699218750000, 0.0, 0.0, 1.021E+06, 33.8, 14336, 0
Python, fannkuch-redux, 2, 3516.095336914062500000, 3205.508056640625000000, 0.0, 0.0, 1.01747E+06, 34.2, 14336, 0
Python, fannkuch-redux, 2, 3581.607360839843750000, 3266.980773925781250000, 0.0, 0.0, 1.03202E+06, 34.2, 14208, 0
Python, fannkuch-redux, 2, 3560.591186523437500000, 3249.604553222656250000, 0.0, 0.0, 1.01934E+06, 34.2, 14336, 0
Python, fannkuch-redux, 2, 3554.640380859375000000, 3240.602966308593750000, 0.0, 0.0, 1.02611E+06, 34.2, 14208, 0
Python, fannkuch-redux, 2, 3651.957885742187500000, 3342.241943359375000000, 0.0, 0.0, 1.02521E+06, 34.0, 14336, 0
Python, fannkuch-redux, 2, 3630.030334472656250000, 3322.109069824218750000, 0.0, 0.0, 1.01905E+06, 33.8, 14336, 0
Python, fannkuch-redux, 2, 3581.806030273437500000, 3270.817382812500000000, 0.0, 0.0, 1.02254E+06, 34.5, 14208, 0
Python, fannkuch-redux, 2, 3605.889892578125000000, 3299.037231445312500000, 0.0, 0.0, 1.01948E+06, 34.0, 14336, 0
Python, fannkuch-redux, 2, 3568.504699707031250000, 3256.162841796875000000, 0.0, 0.0, 1.02291E+06, 35.0, 14336, 0
Python, fannkuch-redux, 2, 3545.490417480468750000, 3232.712036132812500000, 0.0, 0.0, 1.02102E+06, 34.2, 14208, 0
Python, fannkuch-redux, 2, 3578.051940917968750000, 3266.450378417968750000, 0.0, 0.0, 1.02198E+06, 35.0, 14208, 0
Python, fannkuch-redux, 2, 3610.842651367187500000, 3298.376953125000000000, 0.0, 0.0, 1.02864E+06, 35.0, 14336, 0
Python, fannkuch-redux, 2, 3479.099914550781250000, 3174.669494628906250000, 0.0, 0.0, 1.02182E+06, 36.0, 14336, 0
Python, fannkuch-redux, 2, 3485.055541992187500000, 3183.903869628906250000, 0.0, 0.0, 1.02022E+06, 36.8, 14336, 0
Python, fasta, 2, 215.904785156250000000, 182.755065917968750000, 0.0, 0.0, 109790, 37.0, 9344, 0
Python, fasta, 2, 218.975097656250000000, 185.342224121093750000, 0.0, 0.0, 111320, 36.5, 9216, 0
Python, fasta, 2, 221.791320800781250000, 187.750793457031250000, 0.0, 0.0, 112799, 36.8, 9216, 0
Python, fasta, 2, 217.755737304687500000, 184.399108886718750000, 0.0, 0.0, 110793, 36.8, 9344, 0
Python, fasta, 2, 215.202331542968750000, 182.163574218750000000, 0.0, 0.0, 109413, 36.5, 9344, 0
Python, fasta, 2, 219.343566894531250000, 185.417907714843750000, 0.0, 0.0, 111368, 36.2, 9344, 0
Python, fasta, 2, 221.461547851562500000, 187.259338378906250000, 0.0, 0.0, 112498, 36.5, 9344, 0
Python, fasta, 2, 217.580261230468750000, 184.320373535156250000, 0.0, 0.0, 110768, 36.5, 9344, 0
Python, fasta, 2, 212.451110839843750000, 179.865783691406250000, 0.0, 0.0, 108047, 36.5, 9216, 0
Python, fasta, 2, 219.561584472656250000, 185.822631835937500000, 0.0, 0.0, 111597, 36.8, 9216, 0
Python, fasta, 2, 219.916748046875000000, 186.324951171875000000, 0.0, 0.0, 111910, 36.8, 9344, 0
Python, fasta, 2, 216.335571289062500000, 183.077697753906250000, 0.0, 0.0, 110036, 37.0, 9216, 0
Python, fasta, 2, 219.276855468750000000, 185.702941894531250000, 0.0, 0.0, 111551, 36.8, 9216, 0
Python, fasta, 2, 216.475341796875000000, 183.289489746093750000, 0.0, 0.0, 110095, 36.8, 9344, 0
Python, fasta, 2, 212.206848144531250000, 179.677551269531250000, 0.0, 0.0, 107928, 36.8, 9344, 0
Python, fasta, 2, 211.363464355468750000, 178.946472167968750000, 0.0, 0.0, 107488, 36.8, 9216, 0
Python, fasta, 2, 218.161926269531250000, 184.636230468750000000, 0.0, 0.0, 110915, 37.0, 9344, 0
Python, fasta, 2, 214.740234375000000000, 181.787475585937500000, 0.0, 0.0, 109209, 36.8, 9344, 0
Python, fasta, 2, 217.225891113281250000, 183.869262695312500000, 0.0, 0.0, 110437, 37.0, 9344, 0
Python, fasta, 2, 215.600891113281250000, 182.582031250000000000, 0.0, 0.0, 109638, 37.0, 9216, 0
Python, k-nucleotide, 2, 456.777954101562500000, 415.291442871093750000, 0.0, 0.0, 140005, 37.2, 261760, 0
Python, k-nucleotide, 2, 450.550659179687500000, 410.187622070312500000, 0.0, 0.0, 136902, 38.0, 261780, 0
Python, k-nucleotide, 2, 451.769287109375000000, 410.702148437500000000, 0.0, 0.0, 138651, 38.2, 261884, 0
Python, k-nucleotide, 2, 450.272583007812500000, 409.627624511718750000, 0.0, 0.0, 137417, 38.0, 261652, 0
Python, k-nucleotide, 2, 447.497436523437500000, 406.813415527343750000, 0.0, 0.0, 137317, 38.2, 261788, 0
Python, k-nucleotide, 2, 452.734008789062500000, 412.310852050781250000, 0.0, 0.0, 136868, 38.0, 261764, 0
Python, k-nucleotide, 2, 453.389465332031250000, 412.769653320312500000, 0.0, 0.0, 137490, 38.5, 261876, 0
Python, k-nucleotide, 2, 451.890380859375000000, 411.375122070312500000, 0.0, 0.0, 136976, 38.2, 261756, 0
Python, k-nucleotide, 2, 448.232849121093750000, 407.888122558593750000, 0.0, 0.0, 136555, 38.2, 261896, 0
Python, k-nucleotide, 2, 446.507141113281250000, 405.802307128906250000, 0.0, 0.0, 137285, 38.5, 261884, 0
Python, k-nucleotide, 2, 446.802673339843750000, 405.634887695312500000, 0.0, 0.0, 138554, 38.5, 261756, 0
Python, k-nucleotide, 2, 448.900695800781250000, 408.355529785156250000, 0.0, 0.0, 136921, 38.5, 261880, 0
Python, k-nucleotide, 2, 453.184875488281250000, 412.719543457031250000, 0.0, 0.0, 136788, 38.5, 261856, 0
Python, k-nucleotide, 2, 454.123840332031250000, 413.394897460937500000, 0.0, 0.0, 137228, 39.0, 261772, 0
Python, k-nucleotide, 2, 450.784790039062500000, 410.018005371093750000, 0.0, 0.0, 137571, 38.8, 261880, 0
Python, k-nucleotide, 2, 451.656005859375000000, 410.889404296875000000, 0.0, 0.0, 137786, 38.8, 261884, 0
Python, k-nucleotide, 2, 451.776611328125000000, 411.088806152343750000, 0.0, 0.0, 138019, 38.8, 261756, 0
Python, k-nucleotide, 2, 447.820678710937500000, 407.056518554687500000, 0.0, 0.0, 137346, 38.5, 261768, 0
Python, k-nucleotide, 2, 450.995666503906250000, 409.623657226562500000, 0.0, 0.0, 139498, 38.5, 261928, 0
Python, k-nucleotide, 2, 439.583129882812500000, 398.543212890625000000, 0.0, 0.0, 137968, 38.8, 261756, 0
Python, mandelbrot, 2, 1762.390380859375000000, 1609.034912109375000000, 0.0, 0.0, 513743, 38.8, 14336, 0
Python, mandelbrot, 2, 1796.593017578125000000, 1642.145568847656250000, 0.0, 0.0, 516371, 38.8, 14208, 0
Python, mandelbrot, 2, 1795.230407714843750000, 1640.404052734375000000, 0.0, 0.0, 518177, 39.2, 14464, 0
Python, mandelbrot, 2, 1775.577575683593750000, 1621.791442871093750000, 0.0, 0.0, 514920, 39.0, 14336, 0
Python, mandelbrot, 2, -260338.299133300781250000, 1651.507507324218750000, 0.0, 0.0, 514563, 39.2, 14464, 0
Python, mandelbrot, 2, 1851.024414062500000000, 1695.249877929687500000, 0.0, 0.0, 516507, 38.8, 14336, 0
Python, mandelbrot, 2, 1839.049133300781250000, 1683.618286132812500000, 0.0, 0.0, 516862, 38.8, 14336, 0
Python, mandelbrot, 2, 1807.914978027343750000, 1653.055786132812500000, 0.0, 0.0, 517645, 39.0, 14336, 0
Python, mandelbrot, 2, 1815.161743164062500000, 1660.740051269531250000, 0.0, 0.0, 514386, 39.0, 14336, 0
Python, mandelbrot, 2, 1781.170837402343750000, 1627.410156250000000000, 0.0, 0.0, 514666, 39.2, 14336, 0
Python, mandelbrot, 2, 1776.923400878906250000, 1623.317993164062500000, 0.0, 0.0, 514674, 39.2, 14464, 0
Python, mandelbrot, 2, 1768.652160644531250000, 1615.269653320312500000, 0.0, 0.0, 514250, 39.2, 14336, 0
Python, mandelbrot, 2, 1817.597717285156250000, 1657.519042968750000000, 0.0, 0.0, 528581, 39.2, 14336, 0
Python, mandelbrot, 2, 1802.959533691406250000, 1647.839294433593750000, 0.0, 0.0, 519248, 39.0, 14336, 0
Python, mandelbrot, 2, 1760.334655761718750000, 1606.479858398437500000, 0.0, 0.0, 515409, 39.0, 14336, 0
Python, mandelbrot, 2, 1820.084167480468750000, -260480.972351074218750000, 0.0, 0.0, 526387, 39.2, 14336, 0
Python, mandelbrot, 2, 1759.565612792968750000, 1605.497070312500000000, 0.0, 0.0, 515664, 39.2, 14336, 0
Python, mandelbrot, 2, 1745.376220703125000000, 1591.365295410156250000, 0.0, 0.0, 514932, 39.5, 14336, 0
Python, mandelbrot, 2, 1761.233520507812500000, 1606.941162109375000000, 0.0, 0.0, 516123, 39.2, 14336, 0
Python, mandelbrot, 2, 1781.838439941406250000, 1627.981994628906250000, 0.0, 0.0, 515251, 39.5, 14336, 0
Python, n-body, 2, 1366.950439453125000000, 1161.032226562500000000, 0.0, 0.0, 697684, 37.8, 9472, 0
Python, n-body, 2, 1322.987304687500000000, 1123.924682617187500000, 0.0, 0.0, 675332, 38.0, 9472, 0
Python, n-body, 2, 1314.179504394531250000, 1115.700317382812500000, 0.0, 0.0, 670334, 38.0, 9344, 0
Python, n-body, 2, 1295.715393066406250000, 1099.928466796875000000, 0.0, 0.0, 660976, 38.0, 9344, 0
Python, n-body, 2, 1290.734191894531250000, 1095.642456054687500000, 0.0, 0.0, 658268, 38.0, 9344, 0
Python, n-body, 2, 1306.628540039062500000, 1109.787353515625000000, 0.0, 0.0, 666769, 38.2, 9472, 0
Python, n-body, 2, 1292.018920898437500000, 1096.613464355468750000, 0.0, 0.0, 658847, 37.8, 9344, 0
Python, n-body, 2, 1285.569091796875000000, 1091.061523437500000000, 0.0, 0.0, 655529, 38.2, 9344, 0
Python, n-body, 2, 1290.199951171875000000, 1094.971008300781250000, 0.0, 0.0, 658048, 37.8, 9344, 0
Python, n-body, 2, 1326.859130859375000000, 1127.059936523437500000, 0.0, 0.0, 677336, 38.2, 9344, 0
Python, n-body, 2, 1340.958679199218750000, 1139.166870117187500000, 0.0, 0.0, 684404, 37.2, 9344, 0
Python, n-body, 2, 1321.362304687500000000, 1122.068359375000000000, 0.0, 0.0, 674342, 38.0, 9344, 0
Python, n-body, 2, 1311.131652832031250000, 1113.556457519531250000, 0.0, 0.0, 669055, 37.8, 9344, 0
Python, n-body, 2, 1490.675781250000000000, 1263.515258789062500000, 0.0, 0.0, 759985, 38.2, 9216, 0
Python, n-body, 2, 1424.205627441406250000, 1206.756958007812500000, 0.0, 0.0, 725994, 38.0, 9344, 0
Python, n-body, 2, 1296.009704589843750000, 1100.425476074218750000, 0.0, 0.0, 661198, 38.2, 9344, 0
Python, n-body, 2, 1333.675354003906250000, 1132.592041015625000000, 0.0, 0.0, 680522, 37.8, 9344, 0
Python, n-body, 2, 1314.551086425781250000, 1116.483947753906250000, 0.0, 0.0, 670868, 38.0, 9344, 0
Python, n-body, 2, 1306.251220703125000000, 1109.654174804687500000, 0.0, 0.0, 666761, 38.2, 9344, 0
Python, n-body, 2, 1314.166442871093750000, 1116.105224609375000000, 0.0, 0.0, 670697, 37.5, 9472, 0
Python, regex-redux, 2, 54.695434570312500000, 47.028076171875000000, 0.0, 0.0, 25221, 37.8, 460396, 0
Python, regex-redux, 2, 55.565124511718750000, 47.767517089843750000, 0.0, 0.0, 25583, 38.5, 460504, 0
Python, regex-redux, 2, 55.810058593750000000, 48.010009765625000000, 0.0, 0.0, 25649, 38.5, 460628, 0
Python, regex-redux, 2, 56.211547851562500000, 48.387451171875000000, 0.0, 0.0, 25742, 38.0, 460628, 0
Python, regex-redux, 2, 56.094482421875000000, 48.277770996093750000, 0.0, 0.0, 25751, 38.0, 460524, 0
Python, regex-redux, 2, 55.804931640625000000, 48.023132324218750000, 0.0, 0.0, 25559, 38.2, 460632, 0
Python, regex-redux, 2, 55.982482910156250000, 48.134216308593750000, 0.0, 0.0, 25678, 38.0, 460680, 0
Python, regex-redux, 2, 55.281799316406250000, 47.563842773437500000, 0.0, 0.0, 25417, 38.5, 460652, 0
Python, regex-redux, 2, 54.533935546875000000, 46.838562011718750000, 0.0, 0.0, 25286, 38.2, 460476, 0
Python, regex-redux, 2, 55.493591308593750000, 47.701965332031250000, 0.0, 0.0, 25575, 37.8, 460624, 0
Python, regex-redux, 2, 55.032653808593750000, 47.310913085937500000, 0.0, 0.0, 25327, 38.2, 460500, 0
Python, regex-redux, 2, 55.098571777343750000, 47.381225585937500000, 0.0, 0.0, 25387, 38.5, 460516, 0
Python, regex-redux, 2, 56.095947265625000000, 48.244079589843750000, 0.0, 0.0, 25755, 38.0, 460656, 0
Python, regex-redux, 2, 54.575927734375000000, 46.911560058593750000, 0.0, 0.0, 25254, 38.5, 460616, 0
Python, regex-redux, 2, 54.442382812500000000, 46.806518554687500000, 0.0, 0.0, 25232, 38.2, 460504, 0
Python, regex-redux, 2, 54.601806640625000000, 46.976989746093750000, 0.0, 0.0, 25149, 38.8, 460532, 0
Python, regex-redux, 2, 54.944824218750000000, 47.237182617187500000, 0.0, 0.0, 25336, 38.5, 460644, 0
Python, regex-redux, 2, 55.137756347656250000, 47.416198730468750000, 0.0, 0.0, 25387, 38.5, 460432, 0
Python, regex-redux, 2, 55.182556152343750000, 47.454467773437500000, 0.0, 0.0, 25397, 38.5, 460600, 0
Python, regex-redux, 2, 55.852355957031250000, 48.034240722656250000, 0.0, 0.0, 25641, 38.2, 460668, 0
Python, reverse-complement, 2, 9.447021484375000000, 7.964904785156250000, 0.0, 0.0, 4892, 38.0, 628188, 0
Python, reverse-complement, 2, 9.728027343750000000, 8.228637695312500000, 0.0, 0.0, 4928, 38.2, 628424, 0
Python, reverse-complement, 2, 9.969543457031250000, 8.447265625000000000, 0.0, 0.0, 5038, 38.2, 628420, 0
Python, reverse-complement, 2, 10.128906250000000000, 8.580505371093750000, 0.0, 0.0, 5116, 38.2, 628296, 0
Python, reverse-complement, 2, 10.131286621093750000, 8.571594238281250000, 0.0, 0.0, 5179, 38.2, 628424, 0
Python, reverse-complement, 2, 9.864624023437500000, 8.340393066406250000, 0.0, 0.0, 5045, 38.0, 628296, 0
Python, reverse-complement, 2, 9.611633300781250000, 8.121032714843750000, 0.0, 0.0, 4915, 38.2, 628300, 0
Python, reverse-complement, 2, 9.680847167968750000, 8.185729980468750000, 0.0, 0.0, 4915, 38.2, 628296, 0
Python, reverse-complement, 2, 9.827514648437500000, 8.319641113281250000, 0.0, 0.0, 4995, 38.2, 628292, 0
Python, reverse-complement, 2, 9.765991210937500000, 8.260498046875000000, 0.0, 0.0, 4978, 38.2, 628292, 0
Python, reverse-complement, 2, 9.666137695312500000, 8.170349121093750000, 0.0, 0.0, 4923, 38.0, 628172, 0
Python, reverse-complement, 2, 9.577758789062500000, 8.093566894531250000, 0.0, 0.0, 4879, 38.0, 628424, 0
Python, reverse-complement, 2, 9.612426757812500000, 8.129272460937500000, 0.0, 0.0, 4879, 38.2, 628168, 0
Python, reverse-complement, 2, 9.679077148437500000, 8.185363769531250000, 0.0, 0.0, 4923, 38.0, 628424, 0
Python, reverse-complement, 2, 9.627136230468750000, 8.140625000000000000, 0.0, 0.0, 4902, 38.5, 628172, 0
Python, reverse-complement, 2, 9.531250000000000000, 8.057189941406250000, 0.0, 0.0, 4861, 38.0, 628292, 0
Python, reverse-complement, 2, 9.422180175781250000, 7.960998535156250000, 0.0, 0.0, 4796, 38.5, 628292, 0
Python, reverse-complement, 2, 9.643310546875000000, 8.160644531250000000, 0.0, 0.0, 4886, 37.8, 628292, 0
Python, reverse-complement, 2, 9.485107421875000000, 8.017883300781250000, 0.0, 0.0, 4839, 38.2, 628424, 0
Python, reverse-complement, 2, 9.567565917968750000, 8.095275878906250000, 0.0, 0.0, 4857, 38.2, 628304, 0
Python, spectral-norm, 2, 1202.264892578125000000, 1093.927124023437500000, 0.0, 0.0, 360632, 39.2, 15744, 0
Python, spectral-norm, 2, 1221.872924804687500000, 1113.711242675781250000, 0.0, 0.0, 360912, 39.5, 16000, 0
Python, spectral-norm, 2, 1200.990295410156250000, 1093.279418945312500000, 0.0, 0.0, 358657, 39.2, 15744, 0
Python, spectral-norm, 2, 1215.878906250000000000, 1107.292602539062500000, 0.0, 0.0, 361926, 39.8, 16000, 0
Python, spectral-norm, 2, 1218.540771484375000000, 1110.427062988281250000, 0.0, 0.0, 360819, 39.2, 15872, 0
Python, spectral-norm, 2, 1214.294250488281250000, 1106.859069824218750000, 0.0, 0.0, 358599, 39.5, 15872, 0
Python, spectral-norm, 2, 1222.630065917968750000, 1115.255310058593750000, 0.0, 0.0, 359108, 39.8, 15872, 0
Python, spectral-norm, 2, 1222.856872558593750000, 1114.769592285156250000, 0.0, 0.0, 360887, 39.2, 15744, 0
Python, spectral-norm, 2, 1234.988220214843750000, 1126.866943359375000000, 0.0, 0.0, 361599, 39.8, 16000, 0
Python, spectral-norm, 2, 1225.485229492187500000, 1117.446594238281250000, 0.0, 0.0, 361152, 39.5, 15872, 0
Python, spectral-norm, 2, 1188.504516601562500000, 1079.344909667968750000, 0.0, 0.0, 361533, 39.5, 15744, 0
Python, spectral-norm, 2, 1165.442504882812500000, 1056.715942382812500000, 0.0, 0.0, 358669, 39.8, 15872, 0
Python, spectral-norm, 2, 1192.185546875000000000, 1084.153991699218750000, 0.0, 0.0, 358947, 39.5, 15744, 0
Python, spectral-norm, 2, 1178.462158203125000000, 1070.294189453125000000, 0.0, 0.0, 358532, 39.5, 15872, 0
Python, spectral-norm, 2, 1190.348632812500000000, 1082.394897460937500000, 0.0, 0.0, 358560, 39.5, 15616, 0
Python, spectral-norm, 2, 1207.690795898437500000, 1099.570129394531250000, 0.0, 0.0, 360267, 39.8, 16000, 0
Python, spectral-norm, 2, 1213.286254882812500000, 1105.640563964843750000, 0.0, 0.0, 358527, 39.8, 15872, 0
Python, spectral-norm, 2, 1214.656188964843750000, 1107.242004394531250000, 0.0, 0.0, 358677, 39.5, 15872, 0
Python, spectral-norm, 2, 1236.803161621093750000, 1128.590515136718750000, 0.0, 0.0, 362127, 39.5, 15744, 0
Python, spectral-norm, 2, 1217.718627929687500000, 1109.817993164062500000, 0.0, 0.0, 360229, 39.8, 15872, 0
C, binary-trees, 10, 14.589721679687500000, 14.064819335937500000, 0.0, 0.0, 1517, 42.8, 134400, 0
C, binary-trees, 10, 14.743408203125000000, 14.227416992187500000, 0.0, 0.0, 1489, 43.5, 134400, 0
C, binary-trees, 10, 14.801635742187500000, 14.287231445312500000, 0.0, 0.0, 1493, 43.5, 134400, 0
C, binary-trees, 10, 14.879638671875000000, 14.368652343750000000, 0.0, 0.0, 1497, 43.5, 134400, 0
C, binary-trees, 10, 14.747131347656250000, 14.227661132812500000, 0.0, 0.0, 1495, 43.5, 134400, 0
C, binary-trees, 10, 14.788330078125000000, 14.270202636718750000, 0.0, 0.0, 1492, 43.5, 134400, 0
C, binary-trees, 10, 14.820190429687500000, 14.313354492187500000, 0.0, 0.0, 1491, 42.8, 134400, 0
C, binary-trees, 10, 14.959411621093750000, 14.444946289062500000, 0.0, 0.0, 1505, 43.2, 134400, 0
C, binary-trees, 10, 14.747131347656250000, 14.229797363281250000, 0.0, 0.0, 1489, 43.5, 134400, 0
C, binary-trees, 10, 14.580444335937500000, 14.072204589843750000, 0.0, 0.0, 1483, 43.5, 134400, 0
C, binary-trees, 10, 14.666931152343750000, 14.158386230468750000, 0.0, 0.0, 1478, 43.5, 134400, 0
C, binary-trees, 10, 14.737609863281250000, 14.230468750000000000, 0.0, 0.0, 1486, 42.8, 134400, 0
C, binary-trees, 10, 14.602783203125000000, 14.089782714843750000, 0.0, 0.0, 1480, 42.8, 134400, 0
C, binary-trees, 10, 14.720703125000000000, 14.201354980468750000, 0.0, 0.0, 1488, 44.0, 134272, 0
C, binary-trees, 10, 14.689086914062500000, 14.181823730468750000, 0.0, 0.0, 1488, 43.8, 134400, 0
C, binary-trees, 10, 14.718872070312500000, 14.202758789062500000, 0.0, 0.0, 1480, 44.2, 134400, 0
C, binary-trees, 10, 14.629455566406250000, 14.124938964843750000, 0.0, 0.0, 1478, 43.8, 134400, 0
C, binary-trees, 10, 14.670471191406250000, 14.154907226562500000, 0.0, 0.0, 1480, 43.8, 134400, 0
C, binary-trees, 10, 14.687194824218750000, 14.172790527343750000, 0.0, 0.0, 1480, 43.8, 134400, 0
C, binary-trees, 10, 14.769714355468750000, 14.261108398437500000, 0.0, 0.0, 1492, 43.2, 134272, 0
C, fannkuch-redux, 10, 30.648742675781250000, 29.719848632812500000, 0.0, 0.0, 3076, 43.8, 1664, 0
C, fannkuch-redux, 10, 30.733520507812500000, 29.801696777343750000, 0.0, 0.0, 3085, 44.0, 1664, 0
C, fannkuch-redux, 10, 30.775268554687500000, 29.848327636718750000, 0.0, 0.0, 3089, 43.8, 1664, 0
C, fannkuch-redux, 10, 30.784667968750000000, 29.847595214843750000, 0.0, 0.0, 3089, 43.8, 1664, 0
C, fannkuch-redux, 10, 30.667724609375000000, 29.742553710937500000, 0.0, 0.0, 3079, 44.0, 1664, 0
C, fannkuch-redux, 10, 30.654174804687500000, 29.726074218750000000, 0.0, 0.0, 3078, 44.5, 1664, 0
C, fannkuch-redux, 10, 30.628295898437500000, 29.700073242187500000, 0.0, 0.0, 3074, 44.8, 1664, 0
C, fannkuch-redux, 10, 30.583068847656250000, 29.648559570312500000, 0.0, 0.0, 3069, 44.5, 1664, 0
C, fannkuch-redux, 10, 30.673156738281250000, 29.737854003906250000, 0.0, 0.0, 3080, 43.8, 1536, 0
C, fannkuch-redux, 10, 30.634033203125000000, 29.707214355468750000, 0.0, 0.0, 3074, 44.5, 1664, 0
C, fannkuch-redux, 10, 30.631652832031250000, 29.706787109375000000, 0.0, 0.0, 3076, 44.0, 1536, 0
C, fannkuch-redux, 10, 30.862731933593750000, 29.924377441406250000, 0.0, 0.0, 3099, 44.5, 1664, 0
C, fannkuch-redux, 10, 30.899597167968750000, 29.965698242187500000, 0.0, 0.0, 3101, 44.2, 1664, 0
C, fannkuch-redux, 10, 30.677856445312500000, 29.747497558593750000, 0.0, 0.0, 3079, 44.2, 1664, 0
C, fannkuch-redux, 10, 30.647888183593750000, 29.718933105468750000, 0.0, 0.0, 3076, 44.8, 1664, 0
C, fannkuch-redux, 10, 30.641967773437500000, 29.714477539062500000, 0.0, 0.0, 3076, 45.0, 1664, 0
C, fannkuch-redux, 10, 30.688293457031250000, 29.763305664062500000, 0.0, 0.0, 3083, 44.2, 1664, 0
C, fannkuch-redux, 10, 30.717407226562500000, 29.789733886718750000, 0.0, 0.0, 3084, 45.0, 1664, 0
C, fannkuch-redux, 10, 30.617553710937500000, 29.694458007812500000, 0.0, 0.0, 3076, 44.5, 1664, 0
C, fannkuch-redux, 10, 30.575195312500000000, 29.638366699218750000, 0.0, 0.0, 3068, 45.0, 1536, 0
C, fasta, 10, 5.374389648437500000, 5.177429199218750000, 0.0, 0.0, 666, 41.5, 1408, 0
C, fasta, 10, 5.388793945312500000, 5.195129394531250000, 0.0, 0.0, 666, 44.8, 1408, 0
C, fasta, 10, 5.380615234375000000, 5.188903808593750000, 0.0, 0.0, 667, 44.8, 1408, 0
C, fasta, 10, 5.394470214843750000, 5.194458007812500000, 0.0, 0.0, 667, 44.0, 1408, 0
C, fasta, 10, 5.370056152343750000, 5.165405273437500000, 0.0, 0.0, 667, 44.0, 1408, 0
C, fasta, 10, 5.413085937500000000, 5.212768554687500000, 0.0, 0.0, 674, 44.5, 1408, 0
C, fasta, 10, 5.376159667968750000, 5.171630859375000000, 0.0, 0.0, 666, 44.5, 1408, 0
C, fasta, 10, 5.431335449218750000, 5.234436035156250000, 0.0, 0.0, 666, 44.5, 1408, 0
C, fasta, 10, 5.461425781250000000, 5.259033203125000000, 0.0, 0.0, 667, 44.5, 1408, 0
C, fasta, 10, 5.365783691406250000, 5.163513183593750000, 0.0, 0.0, 666, 44.2, 1408, 0
C, fasta, 10, 5.363891601562500000, 5.164550781250000000, 0.0, 0.0, 666, 44.2, 1408, 0
C, fasta, 10, 5.387390136718750000, 5.193847656250000000, 0.0, 0.0, 667, 43.5, 1408, 0
C, fasta, 10, 5.412170410156250000, 5.209472656250000000, 0.0, 0.0, 667, 43.5, 1408, 0
C, fasta, 10, 5.447448730468750000, 5.247619628906250000, 0.0, 0.0, 666, 44.8, 1408, 0
C, fasta, 10, 5.458312988281250000, 5.255798339843750000, 0.0, 0.0, 666, 44.8, 1408, 0
C, fasta, 10, 5.409729003906250000, 5.203918457031250000, 0.0, 0.0, 667, 44.0, 1408, 0
C, fasta, 10, 5.383422851562500000, 5.186035156250000000, 0.0, 0.0, 668, 44.0, 1408, 0
C, fasta, 10, 5.358093261718750000, 5.161682128906250000, 0.0, 0.0, 666, 43.8, 1408, 0
C, fasta, 10, 5.402893066406250000, 5.212158203125000000, 0.0, 0.0, 667, 43.8, 1408, 0
C, fasta, 10, 5.389526367187500000, 5.187744140625000000, 0.0, 0.0, 666, 44.0, 1408, 0
C, k-nucleotide, 10, 43.315185546875000000, 41.871826171875000000, 0.0, 0.0, 4346, 45.5, 130304, 0
C, k-nucleotide, 10, 43.450866699218750000, 41.977905273437500000, 0.0, 0.0, 4363, 44.8, 130304, 0
C, k-nucleotide, 10, 43.157775878906250000, 41.734924316406250000, 0.0, 0.0, 4330, 45.0, 130304, 0
C, k-nucleotide, 10, 42.353942871093750000, 40.971557617187500000, 0.0, 0.0, 4253, 45.2, 130304, 0
C, k-nucleotide, 10, 42.768798828125000000, 41.370971679687500000, 0.0, 0.0, 4299, 44.5, 130304, 0
C, k-nucleotide, 10, 42.518859863281250000, 41.118896484375000000, 0.0, 0.0, 4276, 45.0, 130304, 0
C, k-nucleotide, 10, 42.813720703125000000, 41.395629882812500000, 0.0, 0.0, 4295, 45.8, 130304, 0
C, k-nucleotide, 10, 42.789245605468750000, 41.382385253906250000, 0.0, 0.0, 4297, 45.2, 130304, 0
C, k-nucleotide, 10, 42.188415527343750000, 40.809082031250000000, 0.0, 0.0, 4233, 45.8, 130304, 0
C, k-nucleotide, 10, 42.503417968750000000, 41.124816894531250000, 0.0, 0.0, 4269, 45.2, 130304, 0
C, k-nucleotide, 10, 42.987243652343750000, 41.560058593750000000, 0.0, 0.0, 4316, 45.8, 130304, 0
C, k-nucleotide, 10, 42.254028320312500000, 40.901855468750000000, 0.0, 0.0, 4243, 45.8, 130304, 0
C, k-nucleotide, 10, 42.672241210937500000, 41.284057617187500000, 0.0, 0.0, 4288, 45.0, 130304, 0
C, k-nucleotide, 10, 43.121948242187500000, 41.673156738281250000, 0.0, 0.0, 4327, 45.5, 130304, 0
C, k-nucleotide, 10, 42.129211425781250000, 40.755432128906250000, 0.0, 0.0, 4227, 45.5, 130304, 0
C, k-nucleotide, 10, 42.329040527343750000, 40.969848632812500000, 0.0, 0.0, 4252, 45.8, 130304, 0
C, k-nucleotide, 10, 43.384765625000000000, 41.937622070312500000, 0.0, 0.0, 4356, 45.5, 130304, 0
C, k-nucleotide, 10, 42.978271484375000000, 41.539367675781250000, 0.0, 0.0, 4321, 46.0, 130304, 0
C, k-nucleotide, 10, 42.954040527343750000, 41.525085449218750000, 0.0, 0.0, 4315, 46.0, 130304, 0
C, k-nucleotide, 10, 43.745910644531250000, 42.243164062500000000, 0.0, 0.0, 4405, 46.0, 130304, 0
C, mandelbrot, 10, 14.085815429687500000, 13.657714843750000000, 0.0, 0.0, 1416, 45.0, 33280, 0
C, mandelbrot, 10, 14.084472656250000000, 13.657592773437500000, 0.0, 0.0, 1416, 45.0, 33152, 0
C, mandelbrot, 10, 14.079650878906250000, 13.653503417968750000, 0.0, 0.0, 1412, 45.2, 33152, 0
C, mandelbrot, 10, 14.129699707031250000, 13.701599121093750000, 0.0, 0.0, 1416, 45.0, 33024, 0
C, mandelbrot, 10, 14.085571289062500000, 13.663146972656250000, 0.0, 0.0, 1417, 45.2, 33024, 0
C, mandelbrot, 10, 14.155090332031250000, 13.723022460937500000, 0.0, 0.0, 1423, 45.5, 33152, 0
C, mandelbrot, 10, 14.172302246093750000, 13.744262695312500000, 0.0, 0.0, 1421, 44.8, 33152, 0
C, mandelbrot, 10, 14.147216796875000000, 13.723327636718750000, 0.0, 0.0, 1419, 45.0, 33152, 0
C, mandelbrot, 10, 14.130554199218750000, 13.706909179687500000, 0.0, 0.0, 1417, 45.5, 33152, 0
C, mandelbrot, 10, 14.140686035156250000, 13.711425781250000000, 0.0, 0.0, 1417, 45.2, 33152, 0
C, mandelbrot, 10, 14.146545410156250000, 13.720642089843750000, 0.0, 0.0, 1418, 44.8, 33152, 0
C, mandelbrot, 10, 14.160766601562500000, 13.734436035156250000, 0.0, 0.0, 1421, 44.8, 33152, 0
C, mandelbrot, 10, 14.134948730468750000, 13.710327148437500000, 0.0, 0.0, 1418, 45.2, 33152, 0
C, mandelbrot, 10, 14.140808105468750000, 13.710998535156250000, 0.0, 0.0, 1417, 45.2, 33152, 0
C, mandelbrot, 10, 14.149963378906250000, 13.721618652343750000, 0.0, 0.0, 1419, 45.5, 33152, 0
C, mandelbrot, 10, 14.172363281250000000, 13.745239257812500000, 0.0, 0.0, 1421, 45.0, 33152, 0
C, mandelbrot, 10, 14.171691894531250000, 13.742858886718750000, 0.0, 0.0, 1421, 45.2, 33152, 0
C, mandelbrot, 10, 14.187316894531250000, 13.752441406250000000, 0.0, 0.0, 1422, 45.5, 33152, 0
C, mandelbrot, 10, 14.141967773437500000, 13.716247558593750000, 0.0, 0.0, 1418, 44.8, 33152, 0
C, mandelbrot, 10, 14.180297851562500000, 13.747314453125000000, 0.0, 0.0, 1422, 45.2, 33152, 0
C, n-body, 10, 16.598449707031250000, 16.074279785156250000, 0.0, 0.0, 1730, 45.5, 1536, 0
C, n-body, 10, 16.737426757812500000, 16.220520019531250000, 0.0, 0.0, 1729, 45.2, 1536, 0
C, n-body, 10, 16.689453125000000000, 16.167968750000000000, 0.0, 0.0, 1726, 44.8, 1536, 0
C, n-body, 10, 16.667907714843750000, 16.151245117187500000, 0.0, 0.0, 1726, 45.2, 1536, 0
C, n-body, 10, 16.577148437500000000, 16.063110351562500000, 0.0, 0.0, 1725, 45.2, 1536, 0
C, n-body, 10, 16.456176757812500000, 15.928527832031250000, 0.0, 0.0, 1774, 45.2, 1536, 0
C, n-body, 10, 16.542846679687500000, 16.028930664062500000, 0.0, 0.0, 1725, 45.2, 1536, 0
C, n-body, 10, 16.649780273437500000, 16.127563476562500000, 0.0, 0.0, 1726, 45.2, 1536, 0
C, n-body, 10, 16.671142578125000000, 16.150146484375000000, 0.0, 0.0, 1730, 45.2, 1536, 0
C, n-body, 10, 16.643737792968750000, 16.132202148437500000, 0.0, 0.0, 1726, 45.2, 1536, 0
C, n-body, 10, 16.644592285156250000, 16.137084960937500000, 0.0, 0.0, 1730, 45.5, 1536, 0
C, n-body, 10, 16.576782226562500000, 16.058105468750000000, 0.0, 0.0, 1739, 45.8, 1536, 0
C, n-body, 10, 16.666198730468750000, 16.144165039062500000, 0.0, 0.0, 1728, 45.8, 1536, 0
C, n-body, 10, 16.679809570312500000, 16.164916992187500000, 0.0, 0.0, 1729, 46.2, 1536, 0
C, n-body, 10, 16.710693359375000000, 16.189147949218750000, 0.0, 0.0, 1728, 45.0, 1536, 0
C, n-body, 10, 16.654724121093750000, 16.137512207031250000, 0.0, 0.0, 1729, 45.2, 1536, 0
C, n-body, 10, 16.548950195312500000, 16.030883789062500000, 0.0, 0.0, 1728, 45.8, 1536, 0
C, n-body, 10, 16.620605468750000000, 16.108093261718750000, 0.0, 0.0, 1729, 45.8, 1536, 0
C, n-body, 10, 16.627136230468750000, 16.122619628906250000, 0.0, 0.0, 1731, 45.5, 1536, 0
C, n-body, 10, 16.683227539062500000, 16.172851562500000000, 0.0, 0.0, 1726, 45.0, 1536, 0
C, regex-redux, 10, 9.486450195312500000, 9.188598632812500000, 0.0, 0.0, 957, 41.8, 152260, 0
C, regex-redux, 10, 9.481994628906250000, 9.180480957031250000, 0.0, 0.0, 952, 46.0, 152256, 0
C, regex-redux, 10, 9.474060058593750000, 9.179138183593750000, 0.0, 0.0, 956, 41.5, 152256, 0
C, regex-redux, 10, 9.481140136718750000, 9.180969238281250000, 0.0, 0.0, 953, 45.0, 152252, 0
C, regex-redux, 10, 9.443664550781250000, 9.150451660156250000, 0.0, 0.0, 948, 42.0, 152256, 0
C, regex-redux, 10, 9.452575683593750000, 9.154968261718750000, 0.0, 0.0, 954, 45.5, 152260, 0
C, regex-redux, 10, 9.430175781250000000, 9.136230468750000000, 0.0, 0.0, 950, 41.8, 152256, 0
C, regex-redux, 10, 9.474609375000000000, 9.176635742187500000, 0.0, 0.0, 951, 45.5, 152256, 0
C, regex-redux, 10, 9.484558105468750000, 9.184570312500000000, 0.0, 0.0, 952, 42.0, 152256, 0
C, regex-redux, 10, 9.507324218750000000, 9.205383300781250000, 0.0, 0.0, 954, 45.2, 152260, 0
C, regex-redux, 10, 9.502990722656250000, 9.209777832031250000, 0.0, 0.0, 959, 41.5, 152256, 0
C, regex-redux, 10, 9.545166015625000000, 9.243835449218750000, 0.0, 0.0, 957, 44.8, 152260, 0
C, regex-redux, 10, 9.538635253906250000, 9.242797851562500000, 0.0, 0.0, 958, 44.8, 152256, 0
C, regex-redux, 10, 9.509277343750000000, 9.216003417968750000, 0.0, 0.0, 955, 46.0, 152256, 0
C, regex-redux, 10, 9.502563476562500000, 9.212585449218750000, 0.0, 0.0, 954, 41.8, 152256, 0
C, regex-redux, 10, 9.444213867187500000, 9.143676757812500000, 0.0, 0.0, 948, 45.8, 152256, 0
C, regex-redux, 10, 9.502380371093750000, 9.206420898437500000, 0.0, 0.0, 959, 42.2, 152256, 0
C, regex-redux, 10, 9.445373535156250000, 9.158142089843750000, 0.0, 0.0, 948, 45.8, 152256, 0
C, regex-redux, 10, 9.524169921875000000, 9.229919433593750000, 0.0, 0.0, 956, 41.5, 152260, 0
C, regex-redux, 10, 9.518676757812500000, 9.222351074218750000, 0.0, 0.0, 956, 44.8, 152256, 0
C, reverse-complement, 10, 1.029174804687500000, 0.979431152343750000, 0.0, 0.0, 112, 44.8, 127508, 0
C, reverse-complement, 10, 1.003723144531250000, 0.956848144531250000, 0.0, 0.0, 114, 44.8, 127508, 0
C, reverse-complement, 10, 1.010192871093750000, 0.958129882812500000, 0.0, 0.0, 116, 45.0, 127512, 0
C, reverse-complement, 10, 1.054565429687500000, 1.006164550781250000, 0.0, 0.0, 116, 41.5, 127512, 0
C, reverse-complement, 10, 0.991271972656250000, 0.938110351562500000, 0.0, 0.0, 118, 41.5, 127512, 0
C, reverse-complement, 10, 1.092956542968750000, 1.040588378906250000, 0.0, 0.0, 129, 41.5, 127636, 0
C, reverse-complement, 10, 1.026977539062500000, 0.976074218750000000, 0.0, 0.0, 113, 41.5, 127508, 0
C, reverse-complement, 10, 0.933410644531250000, 0.884277343750000000, 0.0, 0.0, 121, 41.5, 127508, 0
C, reverse-complement, 10, 1.039611816406250000, 0.987243652343750000, 0.0, 0.0, 114, 41.5, 127508, 0
C, reverse-complement, 10, 1.036804199218750000, 0.987792968750000000, 0.0, 0.0, 112, 41.5, 127512, 0
C, reverse-complement, 10, 0.966857910156250000, 0.922363281250000000, 0.0, 0.0, 118, 44.2, 127508, 0
C, reverse-complement, 10, 0.946289062500000000, 0.900024414062500000, 0.0, 0.0, 122, 44.2, 127508, 0
C, reverse-complement, 10, 0.953063964843750000, 0.906250000000000000, 0.0, 0.0, 120, 44.2, 127508, 0
C, reverse-complement, 10, 0.942260742187500000, 0.893249511718750000, 0.0, 0.0, 118, 44.2, 127508, 0
C, reverse-complement, 10, 1.040161132812500000, 0.992187500000000000, 0.0, 0.0, 111, 44.2, 127636, 0
C, reverse-complement, 10, 0.980895996093750000, 0.933959960937500000, 0.0, 0.0, 115, 44.2, 127512, 0
C, reverse-complement, 10, 1.008728027343750000, 0.957397460937500000, 0.0, 0.0, 115, 44.2, 127508, 0
C, reverse-complement, 10, 1.016723632812500000, 0.965942382812500000, 0.0, 0.0, 113, 44.2, 127636, 0
C, reverse-complement, 10, 1.019592285156250000, 0.969970703125000000, 0.0, 0.0, 114, 44.2, 127508, 0
C, reverse-complement, 10, 0.992553710937500000, 0.946411132812500000, 0.0, 0.0, 116, 44.5, 127508, 0
C, spectral-norm, 10, 4.971374511718750000, 4.817810058593750000, 0.0, 0.0, 497, 44.8, 2048, 0
C, spectral-norm, 10, 4.944458007812500000, 4.796447753906250000, 0.0, 0.0, 495, 44.8, 2048, 0
C, spectral-norm, 10, 4.939819335937500000, 4.788940429687500000, 0.0, 0.0, 494, 45.2, 2048, 0
C, spectral-norm, 10, 4.952453613281250000, 4.798034667968750000, 0.0, 0.0, 495, 41.8, 2048, 0
C, spectral-norm, 10, 5.041687011718750000, 4.887207031250000000, 0.0, 0.0, 504, 45.0, 2048, 0
C, spectral-norm, 10, 4.951660156250000000, 4.795837402343750000, 0.0, 0.0, 510, 41.8, 2048, 0
C, spectral-norm, 10, 4.943603515625000000, 4.791687011718750000, 0.0, 0.0, 494, 45.0, 2048, 0
C, spectral-norm, 10, 4.948974609375000000, 4.801635742187500000, 0.0, 0.0, 495, 41.8, 2048, 0
C, spectral-norm, 10, 4.955139160156250000, 4.805664062500000000, 0.0, 0.0, 496, 44.2, 2048, 0
C, spectral-norm, 10, 4.952880859375000000, 4.797424316406250000, 0.0, 0.0, 495, 44.2, 2048, 0
C, spectral-norm, 10, 4.943115234375000000, 4.797668457031250000, 0.0, 0.0, 495, 45.5, 2048, 0
C, spectral-norm, 10, 4.934326171875000000, 4.786560058593750000, 0.0, 0.0, 494, 42.0, 2048, 0
C, spectral-norm, 10, 4.952087402343750000, 4.799743652343750000, 0.0, 0.0, 495, 44.8, 2048, 0
C, spectral-norm, 10, 4.951782226562500000, 4.798583984375000000, 0.0, 0.0, 495, 44.8, 2048, 0
C, spectral-norm, 10, 4.934020996093750000, 4.784545898437500000, 0.0, 0.0, 494, 45.2, 2048, 0
C, spectral-norm, 10, 4.944580078125000000, 4.795776367187500000, 0.0, 0.0, 494, 41.8, 2048, 0
C, spectral-norm, 10, 4.935485839843750000, 4.786437988281250000, 0.0, 0.0, 494, 45.0, 2048, 0
C, spectral-norm, 10, 4.951538085937500000, 4.800109863281250000, 0.0, 0.0, 499, 41.5, 2048, 0
C, spectral-norm, 10, 4.949401855468750000, 4.795471191406250000, 0.0, 0.0, 495, 44.8, 2048, 0
C, spectral-norm, 10, 4.933715820312500000, 4.785278320312500000, 0.0, 0.0, 494, 44.8, 2048, 0
C++, binary-trees, 10, 13.338562011718750000, 12.836120605468750000, 0.0, 0.0, 1344, 45.5, 176436, 0
C++, binary-trees, 10, 13.395690917968750000, 12.897399902343750000, 0.0, 0.0, 1345, 45.2, 176436, 0
C++, binary-trees, 10, 12.402832031250000000, 11.951599121093750000, 0.0, 0.0, 1246, 45.8, 134528, 0
C++, binary-trees, 10, 13.217834472656250000, 12.731079101562500000, 0.0, 0.0, 1329, 45.5, 176436, 0
C++, binary-trees, 10, 13.291137695312500000, 12.809692382812500000, 0.0, 0.0, 1333, 45.5, 168248, 0
C++, binary-trees, 10, 12.780456542968750000, 12.314758300781250000, 0.0, 0.0, 1292, 46.0, 168376, 0
C++, binary-trees, 10, 13.509033203125000000, 12.989501953125000000, 0.0, 0.0, 1356, 45.2, 170296, 0
C++, binary-trees, 10, 12.128540039062500000, 11.648925781250000000, 0.0, 0.0, 1315, 44.2, 134528, 0
C++, binary-trees, 10, 12.673400878906250000, 12.207336425781250000, 0.0, 0.0, 1295, 45.2, 168244, 0
C++, binary-trees, 10, 12.456115722656250000, 11.994689941406250000, 0.0, 0.0, 1256, 45.5, 134528, 0
C++, binary-trees, 10, 13.132446289062500000, 12.622863769531250000, 0.0, 0.0, 1324, 45.0, 145720, 0
C++, binary-trees, 10, 13.194213867187500000, 12.717834472656250000, 0.0, 0.0, 1330, 45.5, 168248, 0
C++, binary-trees, 10, 12.992614746093750000, 12.500610351562500000, 0.0, 0.0, 1310, 46.0, 170296, 0
C++, binary-trees, 10, 12.703247070312500000, 12.221069335937500000, 0.0, 0.0, 1334, 46.0, 168244, 0
C++, binary-trees, 10, 12.862670898437500000, 12.349182128906250000, 0.0, 0.0, 1354, 46.0, 145716, 0
C++, binary-trees, 10, 12.832458496093750000, 12.352539062500000000, 0.0, 0.0, 1289, 45.5, 134528, 0
C++, binary-trees, 10, 12.264404296875000000, 11.794982910156250000, 0.0, 0.0, 1295, 45.5, 134528, 0
C++, binary-trees, 10, 12.309204101562500000, 11.821960449218750000, 0.0, 0.0, 1337, 45.5, 134528, 0
C++, binary-trees, 10, 13.047851562500000000, 12.569946289062500000, 0.0, 0.0, 1315, 45.8, 168248, 0
C++, binary-trees, 10, 13.282165527343750000, 12.782531738281250000, 0.0, 0.0, 1335, 45.8, 170292, 0
C++, fannkuch-redux, 10, 50.404541015625000000, 48.881591796875000000, 0.0, 0.0, 5065, 45.8, 3712, 0
C++, fannkuch-redux, 10, 50.249511718750000000, 48.715332031250000000, 0.0, 0.0, 5041, 46.2, 3584, 0
C++, fannkuch-redux, 10, 50.220520019531250000, 48.706726074218750000, 0.0, 0.0, 5045, 45.8, 3712, 0
C++, fannkuch-redux, 10, 50.286743164062500000, 48.760131835937500000, 0.0, 0.0, 5044, 46.2, 3584, 0
C++, fannkuch-redux, 10, 50.206970214843750000, 48.687194824218750000, 0.0, 0.0, 5037, 46.2, 3584, 0
C++, fannkuch-redux, 10, 50.264282226562500000, 48.739379882812500000, 0.0, 0.0, 5047, 46.5, 3584, 0
C++, fannkuch-redux, 10, 50.418151855468750000, 48.889770507812500000, 0.0, 0.0, 5066, 46.0, 3584, 0
C++, fannkuch-redux, 10, 50.162780761718750000, 48.647644042968750000, 0.0, 0.0, 5038, 46.0, 3584, 0
C++, fannkuch-redux, 10, 50.341064453125000000, 48.823059082031250000, 0.0, 0.0, 5051, 46.5, 3712, 0
C++, fannkuch-redux, 10, 50.249389648437500000, 48.734558105468750000, 0.0, 0.0, 5042, 46.2, 3584, 0
C++, fannkuch-redux, 10, 50.202453613281250000, 48.684936523437500000, 0.0, 0.0, 5037, 46.2, 3584, 0
C++, fannkuch-redux, 10, 50.146362304687500000, 48.627197265625000000, 0.0, 0.0, 5031, 46.5, 3584, 0
C++, fannkuch-redux, 10, 50.239990234375000000, 48.725341796875000000, 0.0, 0.0, 5041, 46.2, 3712, 0
C++, fannkuch-redux, 10, 50.208740234375000000, 48.691345214843750000, 0.0, 0.0, 5041, 46.2, 3584, 0
C++, fannkuch-redux, 10, 50.008544921875000000, 48.497619628906250000, 0.0, 0.0, 5017, 46.2, 3712, 0
C++, fannkuch-redux, 10, 50.078552246093750000, 48.566101074218750000, 0.0, 0.0, 5031, 47.2, 3712, 0
C++, fannkuch-redux, 10, 50.071716308593750000, 48.556762695312500000, 0.0, 0.0, 5024, 46.8, 3584, 0
C++, fannkuch-redux, 10, 50.009643554687500000, 48.505737304687500000, 0.0, 0.0, 5018, 46.2, 3712, 0
C++, fannkuch-redux, 10, 49.983886718750000000, 48.471557617187500000, 0.0, 0.0, 5015, 46.5, 3584, 0
C++, fannkuch-redux, 10, 50.081115722656250000, 48.569030761718750000, 0.0, 0.0, 5025, 47.0, 3584, 0
C++, fasta, 10, 7.023986816406250000, 6.818725585937500000, 0.0, 0.0, 705, 43.0, 3244, 0
C++, fasta, 10, 7.023315429687500000, 6.809692382812500000, 0.0, 0.0, 703, 46.8, 3244, 0
C++, fasta, 10, 7.043151855468750000, 6.825195312500000000, 0.0, 0.0, 706, 42.5, 3372, 0
C++, fasta, 10, 7.036621093750000000, 6.829833984375000000, 0.0, 0.0, 706, 46.5, 3372, 0
C++, fasta, 10, 7.021606445312500000, 6.810668945312500000, 0.0, 0.0, 706, 42.5, 3372, 0
C++, fasta, 10, 7.095397949218750000, 6.883911132812500000, 0.0, 0.0, 719, 46.0, 3500, 0
C++, fasta, 10, 7.051879882812500000, 6.838867187500000000, 0.0, 0.0, 708, 42.8, 3372, 0
C++, fasta, 10, 7.053649902343750000, 6.838439941406250000, 0.0, 0.0, 708, 45.8, 3372, 0
C++, fasta, 10, 7.030334472656250000, 6.822326660156250000, 0.0, 0.0, 709, 42.8, 3372, 0
C++, fasta, 10, 7.060241699218750000, 6.846008300781250000, 0.0, 0.0, 708, 45.8, 3244, 0
C++, fasta, 10, 7.059753417968750000, 6.840209960937500000, 0.0, 0.0, 708, 43.0, 3244, 0
C++, fasta, 10, 7.055175781250000000, 6.840393066406250000, 0.0, 0.0, 707, 46.2, 3244, 0
C++, fasta, 10, 7.040832519531250000, 6.828491210937500000, 0.0, 0.0, 710, 42.5, 3372, 0
C++, fasta, 10, 7.066406250000000000, 6.853637695312500000, 0.0, 0.0, 708, 46.5, 3244, 0
C++, fasta, 10, 7.075927734375000000, 6.861938476562500000, 0.0, 0.0, 712, 42.5, 3244, 0
C++, fasta, 10, 7.073791503906250000, 6.864196777343750000, 0.0, 0.0, 710, 46.2, 3472, 0
C++, fasta, 10, 7.064880371093750000, 6.844482421875000000, 0.0, 0.0, 713, 42.5, 3372, 0
C++, fasta, 10, 7.086547851562500000, 6.873046875000000000, 0.0, 0.0, 711, 46.5, 3244, 0
C++, fasta, 10, 7.056213378906250000, 6.843933105468750000, 0.0, 0.0, 711, 42.8, 3372, 0
C++, fasta, 10, 7.104125976562500000, 6.883728027343750000, 0.0, 0.0, 712, 46.8, 3244, 0
C++, k-nucleotide, 10, 23.057373046875000000, 21.918579101562500000, 0.0, 0.0, 2355, 47.2, 156372, 0
C++, k-nucleotide, 10, 23.786254882812500000, 22.607177734375000000, 0.0, 0.0, 2406, 46.0, 156244, 0
C++, k-nucleotide, 10, 23.801879882812500000, 22.640747070312500000, 0.0, 0.0, 2402, 46.5, 156372, 0
C++, k-nucleotide, 10, 23.110961914062500000, 21.994812011718750000, 0.0, 0.0, 2329, 46.8, 156504, 0
C++, k-nucleotide, 10, 23.679138183593750000, 22.529296875000000000, 0.0, 0.0, 2387, 46.5, 156372, 0
C++, k-nucleotide, 10, 23.723999023437500000, 22.560729980468750000, 0.0, 0.0, 2402, 47.0, 156372, 0
C++, k-nucleotide, 10, 23.395080566406250000, 22.258239746093750000, 0.0, 0.0, 2359, 46.5, 156372, 0
C++, k-nucleotide, 10, 23.448181152343750000, 22.305236816406250000, 0.0, 0.0, 2368, 46.5, 156372, 0
C++, k-nucleotide, 10, 23.591613769531250000, 22.441833496093750000, 0.0, 0.0, 2382, 46.8, 156372, 0
C++, k-nucleotide, 10, 23.379577636718750000, 22.240966796875000000, 0.0, 0.0, 2366, 46.8, 156500, 0
C++, k-nucleotide, 10, 23.872924804687500000, 22.704589843750000000, 0.0, 0.0, 2414, 46.8, 156248, 0
C++, k-nucleotide, 10, 23.396728515625000000, 22.265686035156250000, 0.0, 0.0, 2360, 47.2, 156504, 0
C++, k-nucleotide, 10, 23.303161621093750000, 22.155761718750000000, 0.0, 0.0, 2352, 46.8, 155988, 0
C++, k-nucleotide, 10, 23.721740722656250000, 22.560302734375000000, 0.0, 0.0, 2390, 46.8, 156372, 0
C++, k-nucleotide, 10, 23.641479492187500000, 22.494079589843750000, 0.0, 0.0, 2381, 46.5, 156244, 0
C++, k-nucleotide, 10, 23.847656250000000000, 22.694641113281250000, 0.0, 0.0, 2403, 46.2, 156248, 0
C++, k-nucleotide, 10, 23.601257324218750000, 22.460998535156250000, 0.0, 0.0, 2390, 46.8, 156372, 0
C++, k-nucleotide, 10, 23.115417480468750000, 21.971984863281250000, 0.0, 0.0, 2366, 46.8, 156120, 0
C++, k-nucleotide, 10, 23.354919433593750000, 22.180908203125000000, 0.0, 0.0, 2417, 46.2, 156244, 0
C++, k-nucleotide, 10, 23.578857421875000000, 22.408569335937500000, 0.0, 0.0, 2430, 47.0, 156504, 0
C++, mandelbrot, 10, 11.254638671875000000, 10.912170410156250000, 0.0, 0.0, 1130, 46.2, 34304, 0
C++, mandelbrot, 10, 11.189086914062500000, 10.855407714843750000, 0.0, 0.0, 1128, 45.8, 34304, 0
C++, mandelbrot, 10, 11.220825195312500000, 10.880554199218750000, 0.0, 0.0, 1126, 46.2, 34304, 0
C++, mandelbrot, 10, 11.211242675781250000, 10.870788574218750000, 0.0, 0.0, 1125, 46.5, 34304, 0
C++, mandelbrot, 10, 11.283813476562500000, 10.940856933593750000, 0.0, 0.0, 1137, 45.5, 34304, 0
C++, mandelbrot, 10, 11.310119628906250000, 10.966857910156250000, 0.0, 0.0, 1140, 45.8, 34176, 0
C++, mandelbrot, 10, 11.311584472656250000, 10.964538574218750000, 0.0, 0.0, 1135, 45.5, 34304, 0
C++, mandelbrot, 10, 11.287841796875000000, 10.944458007812500000, 0.0, 0.0, 1137, 46.0, 34176, 0
C++, mandelbrot, 10, 11.305664062500000000, 10.962463378906250000, 0.0, 0.0, 1141, 46.0, 34304, 0
C++, mandelbrot, 10, 11.284729003906250000, 10.948547363281250000, 0.0, 0.0, 1134, 45.8, 34304, 0
C++, mandelbrot, 10, 11.262512207031250000, 10.925903320312500000, 0.0, 0.0, 1131, 45.8, 34432, 0
C++, mandelbrot, 10, 11.228759765625000000, 10.889465332031250000, 0.0, 0.0, 1127, 46.0, 34432, 0
C++, mandelbrot, 10, 11.253417968750000000, 10.910949707031250000, 0.0, 0.0, 1129, 46.0, 34304, 0
C++, mandelbrot, 10, 11.245849609375000000, 10.910217285156250000, 0.0, 0.0, 1134, 45.5, 34304, 0
C++, mandelbrot, 10, 11.283935546875000000, 10.943359375000000000, 0.0, 0.0, 1133, 45.5, 34304, 0
C++, mandelbrot, 10, 11.255371093750000000, 10.919189453125000000, 0.0, 0.0, 1130, 46.0, 34304, 0
C++, mandelbrot, 10, 11.252014160156250000, 10.907653808593750000, 0.0, 0.0, 1135, 46.0, 34176, 0
C++, mandelbrot, 10, 11.290893554687500000, 10.943359375000000000, 0.0, 0.0, 1133, 46.0, 34304, 0
C++, mandelbrot, 10, 11.229858398437500000, 10.892639160156250000, 0.0, 0.0, 1127, 46.2, 34304, 0
C++, mandelbrot, 10, 11.281005859375000000, 10.943481445312500000, 0.0, 0.0, 1137, 46.0, 34304, 0
C++, n-body, 10, 17.106750488281250000, 16.588989257812500000, 0.0, 0.0, 1720, 46.5, 1536, 0
C++, n-body, 10, 17.081665039062500000, 16.571044921875000000, 0.0, 0.0, 1717, 46.5, 1536, 0
C++, n-body, 10, 17.088867187500000000, 16.575500488281250000, 0.0, 0.0, 1716, 46.0, 1536, 0
C++, n-body, 10, 17.108947753906250000, 16.589355468750000000, 0.0, 0.0, 1720, 46.0, 1536, 0
C++, n-body, 10, 17.032470703125000000, 16.508728027343750000, 0.0, 0.0, 1723, 46.5, 1536, 0
C++, n-body, 10, 17.116577148437500000, 16.586791992187500000, 0.0, 0.0, 1728, 46.5, 1536, 0
C++, n-body, 10, 17.095764160156250000, 16.581237792968750000, 0.0, 0.0, 1716, 46.5, 1536, 0
C++, n-body, 10, 17.077026367187500000, 16.559631347656250000, 0.0, 0.0, 1721, 46.0, 1536, 0
C++, n-body, 10, 16.979370117187500000, 16.466064453125000000, 0.0, 0.0, 1717, 46.2, 1536, 0
C++, n-body, 10, 17.102111816406250000, 16.583068847656250000, 0.0, 0.0, 1716, 46.5, 1536, 0
C++, n-body, 10, 17.016601562500000000, 16.499389648437500000, 0.0, 0.0, 1715, 46.2, 1536, 0
C++, n-body, 10, 16.892333984375000000, 16.376647949218750000, 0.0, 0.0, 1718, 46.0, 1536, 0
C++, n-body, 10, 17.087768554687500000, 16.570434570312500000, 0.0, 0.0, 1718, 45.5, 1536, 0
C++, n-body, 10, 17.085693359375000000, 16.573120117187500000, 0.0, 0.0, 1715, 45.5, 1536, 0
C++, n-body, 10, 17.030883789062500000, 16.513488769531250000, 0.0, 0.0, 1720, 45.5, 1536, 0
C++, n-body, 10, 17.008239746093750000, 16.494628906250000000, 0.0, 0.0, 1719, 46.0, 1536, 0
C++, n-body, 10, 17.000000000000000000, 16.479492187500000000, 0.0, 0.0, 1721, 46.5, 1536, 0
C++, n-body, 10, 17.065185546875000000, 16.545776367187500000, 0.0, 0.0, 1725, 46.2, 1536, 0
C++, n-body, 10, 17.112548828125000000, 16.600097656250000000, 0.0, 0.0, 1721, 45.8, 1536, 0
C++, n-body, 10, 17.099975585937500000, 16.582763671875000000, 0.0, 0.0, 1723, 46.2, 1536, 0
C++, regex-redux, 10, 12.324951171875000000, 11.934265136718750000, 0.0, 0.0, 1252, 46.8, 276012, 0
C++, regex-redux, 10, 12.265075683593750000, 11.874572753906250000, 0.0, 0.0, 1242, 46.5, 276012, 0
C++, regex-redux, 10, 12.357177734375000000, 11.963867187500000000, 0.0, 0.0, 1250, 45.8, 276140, 0
C++, regex-redux, 10, 12.364318847656250000, 11.969787597656250000, 0.0, 0.0, 1259, 46.2, 275952, 0
C++, regex-redux, 10, 12.358398437500000000, 11.971862792968750000, 0.0, 0.0, 1253, 46.0, 275988, 0
C++, regex-redux, 10, 12.118469238281250000, 11.729919433593750000, 0.0, 0.0, 1232, 46.0, 275960, 0
C++, regex-redux, 10, 12.367065429687500000, 11.969543457031250000, 0.0, 0.0, 1253, 47.0, 276008, 0
C++, regex-redux, 10, 12.250610351562500000, 11.867797851562500000, 0.0, 0.0, 1240, 46.0, 275960, 0
C++, regex-redux, 10, 12.434692382812500000, 12.038513183593750000, 0.0, 0.0, 1262, 46.5, 276136, 0
C++, regex-redux, 10, 12.388061523437500000, 11.993041992187500000, 0.0, 0.0, 1253, 46.2, 276144, 0
C++, regex-redux, 10, 12.261962890625000000, 11.861633300781250000, 0.0, 0.0, 1258, 46.8, 276008, 0
C++, regex-redux, 10, 12.378112792968750000, 11.979431152343750000, 0.0, 0.0, 1258, 46.5, 276008, 0
C++, regex-redux, 10, 12.303955078125000000, 11.910034179687500000, 0.0, 0.0, 1245, 46.2, 276008, 0
C++, regex-redux, 10, 12.274230957031250000, 11.879882812500000000, 0.0, 0.0, 1249, 46.2, 276008, 0
C++, regex-redux, 10, 11.999084472656250000, 11.613586425781250000, 0.0, 0.0, 1218, 45.2, 275960, 0
C++, regex-redux, 10, 12.332031250000000000, 11.936523437500000000, 0.0, 0.0, 1249, 46.0, 276012, 0
C++, regex-redux, 10, 12.017761230468750000, 11.629577636718750000, 0.0, 0.0, 1225, 46.5, 275960, 0
C++, regex-redux, 10, 12.268188476562500000, 11.870971679687500000, 0.0, 0.0, 1247, 46.0, 276008, 0
C++, regex-redux, 10, 12.428039550781250000, 12.023254394531250000, 0.0, 0.0, 1256, 46.5, 276012, 0
C++, regex-redux, 10, 12.429992675781250000, 12.033264160156250000, 0.0, 0.0, 1258, 46.5, 276020, 0
C++, reverse-complement, 10, 1.592285156250000000, 1.527709960937500000, 0.0, 0.0, 164, 42.0, 127360, 0
C++, reverse-complement, 10, 1.604064941406250000, 1.536926269531250000, 0.0, 0.0, 164, 42.0, 127360, 0
C++, reverse-complement, 10, 1.606567382812500000, 1.539550781250000000, 0.0, 0.0, 164, 42.0, 127360, 0
C++, reverse-complement, 10, 1.625610351562500000, 1.553283691406250000, 0.0, 0.0, 165, 42.0, 127360, 0
C++, reverse-complement, 10, 1.603149414062500000, 1.538208007812500000, 0.0, 0.0, 164, 42.0, 127360, 0
C++, reverse-complement, 10, 1.598693847656250000, 1.534973144531250000, 0.0, 0.0, 173, 46.0, 127360, 0
C++, reverse-complement, 10, 1.592346191406250000, 1.525085449218750000, 0.0, 0.0, 165, 42.0, 127360, 0
C++, reverse-complement, 10, 1.597778320312500000, 1.529174804687500000, 0.0, 0.0, 164, 42.0, 127360, 0
C++, reverse-complement, 10, 1.581848144531250000, 1.520507812500000000, 0.0, 0.0, 163, 42.0, 127360, 0
C++, reverse-complement, 10, 1.578674316406250000, 1.509277343750000000, 0.0, 0.0, 164, 42.0, 127360, 0
C++, reverse-complement, 10, 1.594116210937500000, 1.521911621093750000, 0.0, 0.0, 164, 42.0, 127360, 0
C++, reverse-complement, 10, 1.547912597656250000, 1.485473632812500000, 0.0, 0.0, 164, 45.8, 127360, 0
C++, reverse-complement, 10, 1.533630371093750000, 1.467163085937500000, 0.0, 0.0, 167, 42.2, 127360, 0
C++, reverse-complement, 10, 1.584655761718750000, 1.518554687500000000, 0.0, 0.0, 163, 42.2, 127360, 0
C++, reverse-complement, 10, 1.588806152343750000, 1.528076171875000000, 0.0, 0.0, 163, 42.2, 127360, 0
C++, reverse-complement, 10, 1.590209960937500000, 1.521118164062500000, 0.0, 0.0, 163, 42.2, 127360, 0
C++, reverse-complement, 10, 1.597290039062500000, 1.525268554687500000, 0.0, 0.0, 164, 42.2, 127360, 0
C++, reverse-complement, 10, 1.619995117187500000, 1.551025390625000000, 0.0, 0.0, 164, 45.0, 127360, 0
C++, reverse-complement, 10, 1.602783203125000000, 1.539916992187500000, 0.0, 0.0, 164, 42.0, 127360, 0
C++, reverse-complement, 10, 1.610046386718750000, 1.545959472656250000, 0.0, 0.0, 164, 42.0, 127360, 0
C++, spectral-norm, 10, 4.879699707031250000, 4.731079101562500000, 0.0, 0.0, 488, 42.0, 2560, 0
C++, spectral-norm, 10, 4.962768554687500000, 4.816955566406250000, 0.0, 0.0, 497, 42.0, 2432, 0
C++, spectral-norm, 10, 4.883972167968750000, 4.739562988281250000, 0.0, 0.0, 489, 42.2, 2432, 0
C++, spectral-norm, 10, 4.880859375000000000, 4.732971191406250000, 0.0, 0.0, 488, 42.2, 2560, 0
C++, spectral-norm, 10, 4.902770996093750000, 4.756835937500000000, 0.0, 0.0, 491, 45.8, 2560, 0
C++, spectral-norm, 10, 4.929870605468750000, 4.778320312500000000, 0.0, 0.0, 497, 42.2, 2432, 0
C++, spectral-norm, 10, 4.876159667968750000, 4.722717285156250000, 0.0, 0.0, 488, 42.2, 2432, 0
C++, spectral-norm, 10, 4.872863769531250000, 4.725341796875000000, 0.0, 0.0, 487, 42.0, 2432, 0
C++, spectral-norm, 10, 4.895996093750000000, 4.743774414062500000, 0.0, 0.0, 490, 42.0, 2432, 0
C++, spectral-norm, 10, 4.858276367187500000, 4.715881347656250000, 0.0, 0.0, 487, 45.5, 2432, 0
C++, spectral-norm, 10, 4.873718261718750000, 4.726379394531250000, 0.0, 0.0, 487, 42.0, 2432, 0
C++, spectral-norm, 10, 4.860961914062500000, 4.716430664062500000, 0.0, 0.0, 486, 42.0, 2560, 0
C++, spectral-norm, 10, 4.868408203125000000, 4.719482421875000000, 0.0, 0.0, 487, 45.5, 2432, 0
C++, spectral-norm, 10, 4.869567871093750000, 4.728149414062500000, 0.0, 0.0, 491, 42.2, 2432, 0
C++, spectral-norm, 10, 4.866638183593750000, 4.716247558593750000, 0.0, 0.0, 487, 42.2, 2432, 0
C++, spectral-norm, 10, 4.854187011718750000, 4.711669921875000000, 0.0, 0.0, 486, 45.5, 2432, 0
C++, spectral-norm, 10, 4.882507324218750000, 4.732788085937500000, 0.0, 0.0, 488, 42.0, 2432, 0
C++, spectral-norm, 10, 4.866577148437500000, 4.718872070312500000, 0.0, 0.0, 487, 42.0, 2432, 0
C++, spectral-norm, 10, 4.859069824218750000, 4.713073730468750000, 0.0, 0.0, 486, 45.8, 2432, 0
C++, spectral-norm, 10, 5.013244628906250000, 4.866088867187500000, 0.0, 0.0, 502, 42.2, 2432, 0
Java, binary-trees, 10, 31.285400390625000000, 29.619934082031250000, 0.0, 0.0, 3172, 46.2, 1429496, 0
Java, binary-trees, 10, 31.138488769531250000, 29.481506347656250000, 0.0, 0.0, 3185, 45.8, 1438740, 0
Java, binary-trees, 10, 32.180419921875000000, 30.491943359375000000, 0.0, 0.0, 3263, 46.2, 1561420, 0
Java, binary-trees, 10, 30.815734863281250000, 29.177734375000000000, 0.0, 0.0, 3120, 46.5, 1461568, 0
Java, binary-trees, 10, 30.796203613281250000, 29.157714843750000000, 0.0, 0.0, 3129, 46.2, 1440112, 0
Java, binary-trees, 10, 31.706542968750000000, 30.036987304687500000, 0.0, 0.0, 3222, 46.2, 1528720, 0
Java, binary-trees, 10, 30.707885742187500000, 29.080139160156250000, 0.0, 0.0, 3107, 47.0, 1433712, 0
Java, binary-trees, 10, 31.249084472656250000, 29.587829589843750000, 0.0, 0.0, 3176, 46.0, 1440408, 0
Java, binary-trees, 10, 31.165222167968750000, 29.521667480468750000, 0.0, 0.0, 3147, 46.0, 1402112, 0
Java, binary-trees, 10, 30.340942382812500000, 28.724914550781250000, 0.0, 0.0, 3065, 47.0, 1189848, 0
Java, binary-trees, 10, 30.964782714843750000, 29.322204589843750000, 0.0, 0.0, 3140, 46.5, 1438252, 0
Java, binary-trees, 10, 31.837585449218750000, 30.156555175781250000, 0.0, 0.0, 3217, 46.5, 1575444, 0
Java, binary-trees, 10, 31.069396972656250000, 29.427368164062500000, 0.0, 0.0, 3138, 46.5, 1469620, 0
Java, binary-trees, 10, 31.563293457031250000, 29.888122558593750000, 0.0, 0.0, 3194, 46.8, 1445996, 0
Java, binary-trees, 10, 31.697814941406250000, 30.023559570312500000, 0.0, 0.0, 3217, 46.2, 1485500, 0
Java, binary-trees, 10, 30.676269531250000000, 29.044677734375000000, 0.0, 0.0, 3105, 46.2, 1225308, 0
Java, binary-trees, 10, 30.960388183593750000, 29.313659667968750000, 0.0, 0.0, 3136, 46.8, 1408568, 0
Java, binary-trees, 10, 31.854553222656250000, 30.176391601562500000, 0.0, 0.0, 3234, 45.8, 1564164, 0
Java, binary-trees, 10, 31.311157226562500000, 29.657653808593750000, 0.0, 0.0, 3166, 46.8, 1559784, 0
Java, binary-trees, 10, 30.080688476562500000, 28.470031738281250000, 0.0, 0.0, 3044, 46.2, 1233548, 0
Java, fannkuch-redux, 10, 127.803588867187500000, 123.933349609375000000, 0.0, 0.0, 12830, 46.5, 41920, 0
Java, fannkuch-redux, 10, 133.878295898437500000, 129.804321289062500000, 0.0, 0.0, 13480, 45.2, 41744, 0
Java, fannkuch-redux, 10, 129.654357910156250000, 125.720092773437500000, 0.0, 0.0, 13026, 45.8, 42164, 0
Java, fannkuch-redux, 10, 137.986816406250000000, 133.796875000000000000, 0.0, 0.0, 13855, 47.2, 41840, 0
Java, fannkuch-redux, 10, 131.395874023437500000, 127.400939941406250000, 0.0, 0.0, 13217, 45.8, 41776, 0
Java, fannkuch-redux, 10, 130.327453613281250000, 126.372192382812500000, 0.0, 0.0, 13100, 48.0, 42264, 0
Java, fannkuch-redux, 10, 137.474975585937500000, 133.298461914062500000, 0.0, 0.0, 13812, 47.0, 41704, 0
Java, fannkuch-redux, 10, 137.894531250000000000, 133.699340820312500000, 0.0, 0.0, 13850, 46.5, 41688, 0
Java, fannkuch-redux, 10, 127.066040039062500000, 123.204101562500000000, 0.0, 0.0, 12763, 46.8, 41628, 0
Java, fannkuch-redux, 10, 129.970886230468750000, 126.021606445312500000, 0.0, 0.0, 13046, 47.5, 42044, 0
Java, fannkuch-redux, 10, 133.479675292968750000, 129.437194824218750000, 0.0, 0.0, 13403, 48.0, 41204, 0
Java, fannkuch-redux, 10, 129.196289062500000000, 125.265136718750000000, 0.0, 0.0, 12968, 47.0, 41308, 0
Java, fannkuch-redux, 10, 129.338745117187500000, 125.402099609375000000, 0.0, 0.0, 12995, 47.0, 41620, 0
Java, fannkuch-redux, 10, 127.318786621093750000, 123.460449218750000000, 0.0, 0.0, 12786, 47.8, 40956, 0
Java, fannkuch-redux, 10, 130.743347167968750000, 126.754333496093750000, 0.0, 0.0, 13131, 47.2, 41540, 0
Java, fannkuch-redux, 10, 135.447387695312500000, 131.316528320312500000, 0.0, 0.0, 13609, 47.0, 41596, 0
Java, fannkuch-redux, 10, 127.224731445312500000, 123.373046875000000000, 0.0, 0.0, 12776, 48.5, 41032, 0
Java, fannkuch-redux, 10, 129.104064941406250000, 125.193847656250000000, 0.0, 0.0, 12967, 48.0, 42204, 0
Java, fannkuch-redux, 10, 133.510437011718750000, 129.474670410156250000, 0.0, 0.0, 13415, 47.5, 41704, 0
Java, fannkuch-redux, 10, 124.414978027343750000, 120.621643066406250000, 0.0, 0.0, 12502, 47.2, 41884, 0
Java, fasta, 10, 13.086364746093750000, 12.692810058593750000, 0.0, 0.0, 1320, 48.2, 47776, 0
Java, fasta, 10, 12.858093261718750000, 12.431762695312500000, 0.0, 0.0, 1407, 46.5, 47588, 0
Java, fasta, 10, 13.121765136718750000, 12.710876464843750000, 0.0, 0.0, 1348, 47.5, 47932, 0
Java, fasta, 10, 13.040832519531250000, 12.635559082031250000, 0.0, 0.0, 1338, 48.0, 47880, 0
Java, fasta, 10, 13.080017089843750000, 12.667785644531250000, 0.0, 0.0, 1374, 47.5, 47496, 0
Java, fasta, 10, 12.916809082031250000, 12.501708984375000000, 0.0, 0.0, 1359, 47.5, 47660, 0
Java, fasta, 10, 13.018005371093750000, 12.610900878906250000, 0.0, 0.0, 1357, 47.8, 47592, 0
Java, fasta, 10, 13.062011718750000000, 12.648498535156250000, 0.0, 0.0, 1362, 47.2, 47576, 0
Java, fasta, 10, 12.837341308593750000, 12.432617187500000000, 0.0, 0.0, 1348, 47.5, 47548, 0
Java, fasta, 10, 12.936523437500000000, 12.531494140625000000, 0.0, 0.0, 1355, 47.0, 47532, 0
Java, fasta, 10, 12.941772460937500000, 12.533386230468750000, 0.0, 0.0, 1355, 47.2, 47888, 0
Java, fasta, 10, 13.123840332031250000, 12.724182128906250000, 0.0, 0.0, 1332, 47.2, 47596, 0
Java, fasta, 10, 12.931457519531250000, 12.520996093750000000, 0.0, 0.0, 1350, 47.0, 47400, 0
Java, fasta, 10, 12.918640136718750000, 12.514465332031250000, 0.0, 0.0, 1367, 47.5, 47384, 0
Java, fasta, 10, 13.443237304687500000, 13.030639648437500000, 0.0, 0.0, 1369, 47.5, 47452, 0
Java, fasta, 10, 13.007690429687500000, 12.597778320312500000, 0.0, 0.0, 1366, 47.2, 48096, 0
Java, fasta, 10, 12.961425781250000000, 12.544433593750000000, 0.0, 0.0, 1367, 47.2, 47652, 0
Java, fasta, 10, 12.977172851562500000, 12.552429199218750000, 0.0, 0.0, 1396, 47.5, 47864, 0
Java, fasta, 10, 13.350524902343750000, 12.938476562500000000, 0.0, 0.0, 1358, 47.2, 47416, 0
Java, fasta, 10, 13.110290527343750000, 12.704895019531250000, 0.0, 0.0, 1339, 47.8, 47664, 0
Java, k-nucleotide, 10, 55.836914062500000000, 54.120910644531250000, 0.0, 0.0, 5646, 46.8, 366824, 0
Java, k-nucleotide, 10, 54.899414062500000000, 53.205444335937500000, 0.0, 0.0, 5558, 46.8, 367256, 0
Java, k-nucleotide, 10, 56.007873535156250000, 54.265747070312500000, 0.0, 0.0, 5698, 46.0, 365968, 0
Java, k-nucleotide, 10, 56.756896972656250000, 54.991882324218750000, 0.0, 0.0, 5775, 45.8, 365772, 0
Java, k-nucleotide, 10, 55.417968750000000000, 53.692810058593750000, 0.0, 0.0, 5647, 45.2, 366348, 0
Java, k-nucleotide, 10, 57.717529296875000000, 55.940429687500000000, 0.0, 0.0, 5844, 47.2, 366724, 0
Java, k-nucleotide, 10, 56.400573730468750000, 54.657592773437500000, 0.0, 0.0, 5717, 46.5, 366840, 0
Java, k-nucleotide, 10, 56.182739257812500000, 54.448852539062500000, 0.0, 0.0, 5677, 46.8, 366680, 0
Java, k-nucleotide, 10, 56.484191894531250000, 54.745483398437500000, 0.0, 0.0, 5706, 47.2, 368180, 0
Java, k-nucleotide, 10, 56.419494628906250000, 54.669189453125000000, 0.0, 0.0, 5709, 46.2, 367208, 0
Java, k-nucleotide, 10, 55.663757324218750000, 53.942932128906250000, 0.0, 0.0, 5635, 46.5, 365852, 0
Java, k-nucleotide, 10, 54.731201171875000000, 53.035827636718750000, 0.0, 0.0, 5544, 46.8, 369164, 0
Java, k-nucleotide, 10, 55.473083496093750000, 53.758483886718750000, 0.0, 0.0, 5636, 47.0, 365604, 0
Java, k-nucleotide, 10, 56.712707519531250000, 54.966735839843750000, 0.0, 0.0, 5740, 47.2, 364044, 0
Java, k-nucleotide, 10, 56.720214843750000000, 54.974731445312500000, 0.0, 0.0, 5729, 47.0, 367028, 0
Java, k-nucleotide, 10, 56.356506347656250000, 54.608154296875000000, 0.0, 0.0, 5722, 46.8, 366792, 0
Java, k-nucleotide, 10, 53.899047851562500000, 52.235839843750000000, 0.0, 0.0, 5441, 47.8, 365492, 0
Java, k-nucleotide, 10, 55.802429199218750000, 54.082153320312500000, 0.0, 0.0, 5639, 46.2, 365696, 0
Java, k-nucleotide, 10, 51.673156738281250000, 50.067565917968750000, 0.0, 0.0, 5226, 47.0, 365644, 0
Java, k-nucleotide, 10, 56.243957519531250000, 54.512695312500000000, 0.0, 0.0, 5687, 47.8, 366000, 0
Java, mandelbrot, 10, 46.168518066406250000, 44.751831054687500000, 0.0, 0.0, 4664, 47.2, 87784, 0
Java, mandelbrot, 10, 46.053894042968750000, 44.646972656250000000, 0.0, 0.0, 4637, 47.2, 87836, 0
Java, mandelbrot, 10, 46.594665527343750000, 45.180908203125000000, 0.0, 0.0, 4684, 47.5, 87668, 0
Java, mandelbrot, 10, 46.499694824218750000, 45.085266113281250000, 0.0, 0.0, 4679, 47.8, 87804, 0
Java, mandelbrot, 10, 46.528930664062500000, 45.107177734375000000, 0.0, 0.0, 4703, 47.0, 88220, 0
Java, mandelbrot, 10, 44.918151855468750000, 43.546691894531250000, 0.0, 0.0, 4527, 47.5, 88264, 0
Java, mandelbrot, 10, 44.822265625000000000, 43.459777832031250000, 0.0, 0.0, 4513, 47.5, 88448, 0
Java, mandelbrot, 10, 46.418273925781250000, 45.010375976562500000, 0.0, 0.0, 4661, 48.0, 88444, 0
Java, mandelbrot, 10, 46.501403808593750000, 45.079345703125000000, 0.0, 0.0, 4689, 48.0, 88220, 0
Java, mandelbrot, 10, 46.138916015625000000, 44.725341796875000000, 0.0, 0.0, 4647, 47.0, 88260, 0
Java, mandelbrot, 10, 46.011657714843750000, 44.594787597656250000, 0.0, 0.0, 4682, 47.0, 87796, 0
Java, mandelbrot, 10, 46.044250488281250000, 44.649047851562500000, 0.0, 0.0, 4633, 48.5, 87936, 0
Java, mandelbrot, 10, 46.017333984375000000, 44.617309570312500000, 0.0, 0.0, 4646, 48.0, 88092, 0
Java, mandelbrot, 10, 46.568603515625000000, 45.150939941406250000, 0.0, 0.0, 4721, 47.0, 88020, 0
Java, mandelbrot, 10, 46.385070800781250000, 44.970458984375000000, 0.0, 0.0, 4692, 47.8, 88060, 0
Java, mandelbrot, 10, 46.017211914062500000, 44.624084472656250000, 0.0, 0.0, 4639, 48.0, 88604, 0
Java, mandelbrot, 10, 45.900268554687500000, 44.499938964843750000, 0.0, 0.0, 4624, 47.8, 89472, 0
Java, mandelbrot, 10, 46.481933593750000000, 45.058959960937500000, 0.0, 0.0, 4680, 48.2, 87920, 0
Java, mandelbrot, 10, 46.689453125000000000, 45.267395019531250000, 0.0, 0.0, 4695, 47.2, 87864, 0
Java, mandelbrot, 10, 46.233398437500000000, 44.814453125000000000, 0.0, 0.0, 4669, 47.0, 89576, 0
Java, n-body, 10, 37.650329589843750000, 36.420410156250000000, 0.0, 0.0, 4093, 46.8, 41084, 0
Java, n-body, 10, 37.510559082031250000, 36.295654296875000000, 0.0, 0.0, 4050, 47.8, 41204, 0
Java, n-body, 10, 37.792419433593750000, 36.561767578125000000, 0.0, 0.0, 4077, 46.2, 41336, 0
Java, n-body, 10, 37.732360839843750000, 36.509216308593750000, 0.0, 0.0, 4074, 47.0, 41116, 0
Java, n-body, 10, 37.165710449218750000, 35.937011718750000000, 0.0, 0.0, 4060, 47.5, 41216, 0
Java, n-body, 10, 37.071960449218750000, 35.848571777343750000, 0.0, 0.0, 4060, 47.5, 40988, 0
Java, n-body, 10, 37.730957031250000000, 36.514160156250000000, 0.0, 0.0, 4074, 47.0, 40988, 0
Java, n-body, 10, 37.106567382812500000, 35.888427734375000000, 0.0, 0.0, 4046, 47.2, 41116, 0
Java, n-body, 10, 37.669494628906250000, 36.450866699218750000, 0.0, 0.0, 4070, 47.2, 40348, 0
Java, n-body, 10, 37.222778320312500000, 36.006958007812500000, 0.0, 0.0, 4050, 47.5, 41088, 0
Java, n-body, 10, 37.701354980468750000, 36.472412109375000000, 0.0, 0.0, 4076, 46.8, 41336, 0
Java, n-body, 10, 37.802185058593750000, 36.578186035156250000, 0.0, 0.0, 4072, 47.5, 40704, 0
Java, n-body, 10, 37.510742187500000000, 36.301696777343750000, 0.0, 0.0, 4048, 47.0, 41116, 0
Java, n-body, 10, 37.502075195312500000, 36.290466308593750000, 0.0, 0.0, 4049, 47.2, 41216, 0
Java, n-body, 10, 37.576721191406250000, 36.355224609375000000, 0.0, 0.0, 4048, 46.8, 41344, 0
Java, n-body, 10, 37.819519042968750000, 36.585815429687500000, 0.0, 0.0, 4073, 46.8, 41244, 0
Java, n-body, 10, 37.211914062500000000, 35.993225097656250000, 0.0, 0.0, 4050, 47.2, 41116, 0
Java, n-body, 10, 37.762390136718750000, 36.539062500000000000, 0.0, 0.0, 4071, 47.2, 41088, 0
Java, n-body, 10, 37.754455566406250000, 36.531799316406250000, 0.0, 0.0, 4073, 46.8, 40860, 0
Java, n-body, 10, 37.776489257812500000, 36.553466796875000000, 0.0, 0.0, 4067, 47.2, 41088, 0
Java, regex-redux, 10, 60.621032714843750000, 58.507263183593750000, 0.0, 0.0, 6139, 47.5, 623084, 0
Java, regex-redux, 10, 60.837158203125000000, 58.892272949218750000, 0.0, 0.0, 6171, 47.2, 623056, 0
Java, regex-redux, 10, 60.453063964843750000, 58.515441894531250000, 0.0, 0.0, 6156, 48.0, 624256, 0
Java, regex-redux, 10, 61.768981933593750000, 59.796020507812500000, 0.0, 0.0, 6272, 48.2, 622520, 0
Java, regex-redux, 10, 60.191101074218750000, 58.257751464843750000, 0.0, 0.0, 6103, 47.2, 622640, 0
Java, regex-redux, 10, 61.644531250000000000, 59.675964355468750000, 0.0, 0.0, 6245, 47.2, 623792, 0
Java, regex-redux, 10, 60.429199218750000000, 58.498291015625000000, 0.0, 0.0, 6125, 47.8, 624076, 0
Java, regex-redux, 10, 61.290283203125000000, 59.332885742187500000, 0.0, 0.0, 6218, 47.8, 622404, 0
Java, regex-redux, 10, 59.751647949218750000, 57.842651367187500000, 0.0, 0.0, 6069, 47.8, 623212, 0
Java, regex-redux, 10, 60.460266113281250000, 58.535400390625000000, 0.0, 0.0, 6126, 47.2, 622656, 0
Java, regex-redux, 10, 61.952941894531250000, 59.955749511718750000, 0.0, 0.0, 6336, 45.5, 622372, 0
Java, regex-redux, 10, 59.697570800781250000, 57.786437988281250000, 0.0, 0.0, 6075, 48.0, 624124, 0
Java, regex-redux, 10, 60.347045898437500000, 58.416687011718750000, 0.0, 0.0, 6120, 48.0, 623464, 0
Java, regex-redux, 10, 61.196411132812500000, 59.242614746093750000, 0.0, 0.0, 6185, 47.8, 623496, 0
Java, regex-redux, 10, 59.635498046875000000, 57.707824707031250000, 0.0, 0.0, 6088, 48.2, 623636, 0
Java, regex-redux, 10, 61.817993164062500000, 59.827575683593750000, 0.0, 0.0, 6310, 46.2, 622924, 0
Java, regex-redux, 10, 61.025207519531250000, 59.060485839843750000, 0.0, 0.0, 6214, 48.0, 622088, 0
Java, regex-redux, 10, 61.853332519531250000, 59.870605468750000000, 0.0, 0.0, 6295, 48.2, 623156, 0
Java, regex-redux, 10, 60.694396972656250000, 58.756225585937500000, 0.0, 0.0, 6145, 47.8, 623160, 0
Java, regex-redux, 10, 59.838928222656250000, 57.922546386718750000, 0.0, 0.0, 6089, 48.2, 623424, 0
Java, reverse-complement, 10, 7.598510742187500000, 7.305603027343750000, 0.0, 0.0, 796, 44.5, 537504, 0
Java, reverse-complement, 10, 7.611633300781250000, 7.324829101562500000, 0.0, 0.0, 793, 47.2, 537704, 0
Java, reverse-complement, 10, 7.547973632812500000, 7.256958007812500000, 0.0, 0.0, 793, 44.5, 537516, 0
Java, reverse-complement, 10, 7.570495605468750000, 7.281921386718750000, 0.0, 0.0, 788, 47.5, 537568, 0
Java, reverse-complement, 10, 7.555114746093750000, 7.259765625000000000, 0.0, 0.0, 813, 44.5, 537728, 0
Java, reverse-complement, 10, 7.597534179687500000, 7.300476074218750000, 0.0, 0.0, 797, 47.5, 537644, 0
Java, reverse-complement, 10, 7.589904785156250000, 7.292724609375000000, 0.0, 0.0, 793, 44.2, 537544, 0
Java, reverse-complement, 10, 7.834045410156250000, 7.542602539062500000, 0.0, 0.0, 811, 47.8, 537628, 0
Java, reverse-complement, 10, 7.556091308593750000, 7.262756347656250000, 0.0, 0.0, 790, 44.5, 537616, 0
Java, reverse-complement, 10, 7.477478027343750000, 7.189636230468750000, 0.0, 0.0, 798, 48.0, 537772, 0
Java, reverse-complement, 10, 7.523498535156250000, 7.234252929687500000, 0.0, 0.0, 792, 44.2, 537784, 0
Java, reverse-complement, 10, 7.524353027343750000, 7.240417480468750000, 0.0, 0.0, 794, 47.8, 537628, 0
Java, reverse-complement, 10, 7.700195312500000000, 7.406188964843750000, 0.0, 0.0, 812, 43.8, 537576, 0
Java, reverse-complement, 10, 7.463073730468750000, 7.169494628906250000, 0.0, 0.0, 791, 48.0, 537928, 0
Java, reverse-complement, 10, 7.503723144531250000, 7.209533691406250000, 0.0, 0.0, 795, 44.0, 537676, 0
Java, reverse-complement, 10, 7.525024414062500000, 7.238159179687500000, 0.0, 0.0, 790, 47.8, 537516, 0
Java, reverse-complement, 10, 7.469482421875000000, 7.174194335937500000, 0.0, 0.0, 796, 44.2, 537516, 0
Java, reverse-complement, 10, 7.521301269531250000, 7.227966308593750000, 0.0, 0.0, 787, 47.5, 537636, 0
Java, reverse-complement, 10, 7.498962402343750000, 7.209960937500000000, 0.0, 0.0, 790, 44.0, 537772, 0
Java, reverse-complement, 10, 7.551025390625000000, 7.258300781250000000, 0.0, 0.0, 789, 47.2, 537824, 0
Java, spectral-norm, 10, 7.974975585937500000, 7.731445312500000000, 0.0, 0.0, 811, 43.8, 42572, 0
Java, spectral-norm, 10, 7.911071777343750000, 7.658813476562500000, 0.0, 0.0, 828, 46.2, 42376, 0
Java, spectral-norm, 10, 7.996093750000000000, 7.747680664062500000, 0.0, 0.0, 817, 43.5, 42428, 0
Java, spectral-norm, 10, 7.953674316406250000, 7.709594726562500000, 0.0, 0.0, 813, 47.0, 42480, 0
Java, spectral-norm, 10, 7.958923339843750000, 7.705749511718750000, 0.0, 0.0, 836, 44.2, 42472, 0
Java, spectral-norm, 10, 7.756408691406250000, 7.493347167968750000, 0.0, 0.0, 880, 46.5, 42724, 0
Java, spectral-norm, 10, 7.958007812500000000, 7.705932617187500000, 0.0, 0.0, 833, 43.8, 42612, 0
Java, spectral-norm, 10, 7.978271484375000000, 7.729858398437500000, 0.0, 0.0, 822, 46.5, 42420, 0
Java, spectral-norm, 10, 7.892089843750000000, 7.648437500000000000, 0.0, 0.0, 806, 43.8, 42628, 0
Java, spectral-norm, 10, 8.030456542968750000, 7.774841308593750000, 0.0, 0.0, 833, 46.0, 41984, 0
Java, spectral-norm, 10, 8.010925292968750000, 7.764953613281250000, 0.0, 0.0, 822, 43.8, 42556, 0
Java, spectral-norm, 10, 7.950073242187500000, 7.708435058593750000, 0.0, 0.0, 805, 47.0, 42568, 0
Java, spectral-norm, 10, 7.966857910156250000, 7.720458984375000000, 0.0, 0.0, 821, 43.8, 42484, 0
Java, spectral-norm, 10, 7.970397949218750000, 7.721130371093750000, 0.0, 0.0, 819, 45.8, 42608, 0
Java, spectral-norm, 10, 7.901794433593750000, 7.651062011718750000, 0.0, 0.0, 822, 43.8, 42488, 0
Java, spectral-norm, 10, 7.979980468750000000, 7.734863281250000000, 0.0, 0.0, 823, 47.0, 42396, 0
Java, spectral-norm, 10, 7.922973632812500000, 7.675292968750000000, 0.0, 0.0, 823, 43.8, 42400, 0
Java, spectral-norm, 10, 7.969848632812500000, 7.721557617187500000, 0.0, 0.0, 813, 46.8, 42556, 0
Java, spectral-norm, 10, 7.917419433593750000, 7.667663574218750000, 0.0, 0.0, 820, 43.5, 42436, 0
Java, spectral-norm, 10, 7.864318847656250000, 7.626892089843750000, 0.0, 0.0, 804, 46.8, 42196, 0
Python, binary-trees, 10, 439.953674316406250000, 424.335327148437500000, 0.0, 0.0, 44760, 48.8, 277248, 0
Python, binary-trees, 10, 438.937011718750000000, 423.350769042968750000, 0.0, 0.0, 44697, 49.2, 277248, 0
Python, binary-trees, 10, 446.711975097656250000, 430.877319335937500000, 0.0, 0.0, 45423, 49.5, 277248, 0
Python, binary-trees, 10, 445.270263671875000000, 429.458679199218750000, 0.0, 0.0, 45322, 49.2, 277120, 0
Python, binary-trees, 10, 437.965698242187500000, 422.391723632812500000, 0.0, 0.0, 44648, 49.5, 277248, 0
Python, binary-trees, 10, 438.654357910156250000, 423.075622558593750000, 0.0, 0.0, 44635, 49.0, 277248, 0
Python, binary-trees, 10, 439.837280273437500000, 424.203796386718750000, 0.0, 0.0, 44723, 48.5, 277248, 0
Python, binary-trees, 10, 439.349975585937500000, 423.725402832031250000, 0.0, 0.0, 44788, 49.5, 277248, 0
Python, binary-trees, 10, 439.448242187500000000, 423.763122558593750000, 0.0, 0.0, 44955, 49.2, 277120, 0
Python, binary-trees, 10, 437.486145019531250000, 421.916687011718750000, 0.0, 0.0, 44553, 48.8, 277120, 0
Python, binary-trees, 10, 450.851013183593750000, 434.894653320312500000, 0.0, 0.0, 45916, 49.8, 277248, 0
Python, binary-trees, 10, 443.456726074218750000, 427.654174804687500000, 0.0, 0.0, 45221, 48.8, 277248, 0
Python, binary-trees, 10, 441.213012695312500000, 425.493041992187500000, 0.0, 0.0, 44909, 49.2, 277248, 0
Python, binary-trees, 10, 439.345886230468750000, 423.675415039062500000, 0.0, 0.0, 44875, 49.2, 277248, 0
Python, binary-trees, 10, 438.938659667968750000, 423.327087402343750000, 0.0, 0.0, 44684, 49.2, 277248, 0
Python, binary-trees, 10, 444.052001953125000000, 428.240783691406250000, 0.0, 0.0, 45201, 48.8, 277120, 0
Python, binary-trees, 10, 439.611206054687500000, 423.939331054687500000, 0.0, 0.0, 44761, 49.8, 277248, 0
Python, binary-trees, 10, 439.869445800781250000, 424.209960937500000000, 0.0, 0.0, 44827, 49.2, 277248, 0
Python, binary-trees, 10, 438.575134277343750000, 422.922058105468750000, 0.0, 0.0, 44721, 49.5, 277376, 0
Python, binary-trees, 10, 441.434020996093750000, 425.656860351562500000, 0.0, 0.0, 45141, 49.5, 277248, 0
Python, fannkuch-redux, 10, 3992.556396484375000000, 3871.804504394531250000, 0.0, 0.0, 400850, 49.2, 14336, 0
Python, fannkuch-redux, 10, 3990.334228515625000000, 3869.208557128906250000, 0.0, 0.0, 400572, 49.5, 14336, 0
Python, fannkuch-redux, 10, 4006.245788574218750000, 3884.809448242187500000, 0.0, 0.0, 402212, 49.0, 14336, 0
Python, fannkuch-redux, 10, 3990.027893066406250000, 3869.074157714843750000, 0.0, 0.0, 400561, 49.0, 14336, 0
Python, fannkuch-redux, 10, 3991.797424316406250000, 3870.939697265625000000, 0.0, 0.0, 400752, 49.8, 14336, 0
Python, fannkuch-redux, 10, 4029.140319824218750000, 3907.336181640625000000, 0.0, 0.0, 404558, 49.8, 14336, 0
Python, fannkuch-redux, 10, 4036.006347656250000000, 3914.172668457031250000, 0.0, 0.0, 405237, 50.0, 14208, 0
Python, fannkuch-redux, 10, 4001.731201171875000000, 3880.601135253906250000, 0.0, 0.0, 401746, 50.2, 14208, 0
Python, fannkuch-redux, 10, 4024.838684082031250000, 3903.271606445312500000, 0.0, 0.0, 404132, 49.5, 14336, 0
Python, fannkuch-redux, 10, 4004.441284179687500000, 3883.647949218750000000, 0.0, 0.0, 402083, 49.5, 14336, 0
Python, fannkuch-redux, 10, 4004.075988769531250000, 3882.944641113281250000, 0.0, 0.0, 402034, 49.5, 14336, 0
Python, fannkuch-redux, 10, 4001.820068359375000000, 3880.737304687500000000, 0.0, 0.0, 401775, 50.0, 14336, 0
Python, fannkuch-redux, 10, 4005.654296875000000000, 3884.832824707031250000, 0.0, 0.0, 402203, 50.0, 14336, 0
Python, fannkuch-redux, 10, 4073.949584960937500000, 3950.848205566406250000, 0.0, 0.0, 409036, 50.5, 14336, 0
Python, fannkuch-redux, 10, 4036.265441894531250000, 3914.564636230468750000, 0.0, 0.0, 405242, 49.2, 14336, 0
Python, fannkuch-redux, 10, 4043.789855957031250000, 3921.888061523437500000, 0.0, 0.0, 406039, 50.0, 14464, 0
Python, fannkuch-redux, 10, 4003.074584960937500000, 3882.114135742187500000, 0.0, 0.0, 401953, 49.8, 14336, 0
Python, fannkuch-redux, 10, 4017.001281738281250000, 3895.411987304687500000, 0.0, 0.0, 403298, 50.5, 14208, 0
Python, fannkuch-redux, 10, 4004.671447753906250000, 3883.664794921875000000, 0.0, 0.0, 402082, 49.5, 14336, 0
Python, fannkuch-redux, 10, 4033.034790039062500000, 3911.293457031250000000, 0.0, 0.0, 404971, 50.0, 14208, 0
Python, fasta, 10, 423.753967285156250000, 410.866149902343750000, 0.0, 0.0, 42525, 49.2, 9344, 0
Python, fasta, 10, 424.760437011718750000, 411.809387207031250000, 0.0, 0.0, 42623, 49.2, 9216, 0
Python, fasta, 10, 424.468566894531250000, 411.551635742187500000, 0.0, 0.0, 42594, 49.2, 9344, 0
Python, fasta, 10, 423.750976562500000000, 410.846496582031250000, 0.0, 0.0, 42520, 49.2, 9216, 0
Python, fasta, 10, 424.209167480468750000, 411.335571289062500000, 0.0, 0.0, 42568, 49.2, 9216, 0
Python, fasta, 10, 424.400817871093750000, 411.503112792968750000, 0.0, 0.0, 42600, 49.5, 9216, 0
Python, fasta, 10, 423.315734863281250000, 410.449890136718750000, 0.0, 0.0, 42482, 49.8, 9344, 0
Python, fasta, 10, 423.321655273437500000, 410.438354492187500000, 0.0, 0.0, 42489, 49.5, 9216, 0
Python, fasta, 10, 423.856201171875000000, 410.971862792968750000, 0.0, 0.0, 42536, 49.0, 9344, 0
Python, fasta, 10, 425.111755371093750000, 412.207702636718750000, 0.0, 0.0, 42659, 48.5, 9216, 0
Python, fasta, 10, 424.327270507812500000, 411.411560058593750000, 0.0, 0.0, 42581, 49.8, 9216, 0
Python, fasta, 10, 424.394592285156250000, 411.518310546875000000, 0.0, 0.0, 42587, 48.8, 9216, 0
Python, fasta, 10, 422.549987792968750000, 409.714782714843750000, 0.0, 0.0, 42400, 48.5, 9216, 0
Python, fasta, 10, 423.779602050781250000, 410.965026855468750000, 0.0, 0.0, 42550, 49.2, 9344, 0
Python, fasta, 10, 423.134582519531250000, 410.396118164062500000, 0.0, 0.0, 42472, 49.8, 9216, 0
Python, fasta, 10, 425.397338867187500000, 412.464660644531250000, 0.0, 0.0, 42691, 49.0, 9216, 0
Python, fasta, 10, 424.974914550781250000, 412.035217285156250000, 0.0, 0.0, 42643, 49.8, 9088, 0
Python, fasta, 10, 428.386413574218750000, 415.364440917968750000, 0.0, 0.0, 42985, 48.5, 9216, 0
Python, fasta, 10, 424.163940429687500000, 411.236694335937500000, 0.0, 0.0, 42583, 49.2, 9344, 0
Python, fasta, 10, 425.882507324218750000, 412.941894531250000000, 0.0, 0.0, 42750, 49.5, 9216, 0
Python, k-nucleotide, 10, 545.311340332031250000, 527.570678710937500000, 0.0, 0.0, 54729, 48.8, 261884, 0
Python, k-nucleotide, 10, 548.282409667968750000, 530.429748535156250000, 0.0, 0.0, 55026, 48.8, 261660, 0
Python, k-nucleotide, 10, 545.151184082031250000, 527.395996093750000000, 0.0, 0.0, 54717, 49.8, 261884, 0
Python, k-nucleotide, 10, 544.547729492187500000, 526.769165039062500000, 0.0, 0.0, 54663, 48.2, 261884, 0
Python, k-nucleotide, 10, 548.972473144531250000, 531.119262695312500000, 0.0, 0.0, 55096, 49.5, 261652, 0
Python, k-nucleotide, 10, 559.201721191406250000, 540.471923828125000000, 0.0, 0.0, 56170, 49.8, 261884, 0
Python, k-nucleotide, 10, 556.898986816406250000, 538.819946289062500000, 0.0, 0.0, 55899, 49.2, 261656, 0
Python, k-nucleotide, 10, 543.153381347656250000, 525.463989257812500000, 0.0, 0.0, 54519, 48.2, 261776, 0
Python, k-nucleotide, 10, 550.256347656250000000, 532.343688964843750000, 0.0, 0.0, 55223, 49.2, 261836, 0
Python, k-nucleotide, 10, 547.178466796875000000, 529.370117187500000000, 0.0, 0.0, 54916, 49.8, 261652, 0
Python, k-nucleotide, 10, 545.980285644531250000, 528.214660644531250000, 0.0, 0.0, 54810, 48.8, 261884, 0
Python, k-nucleotide, 10, 547.604675292968750000, 529.769531250000000000, 0.0, 0.0, 54965, 49.2, 261880, 0
Python, k-nucleotide, 10, 548.956054687500000000, 531.110351562500000000, 0.0, 0.0, 55094, 49.5, 261880, 0
Python, k-nucleotide, 10, 546.324645996093750000, 528.549316406250000000, 0.0, 0.0, 54835, 49.2, 261888, 0
Python, k-nucleotide, 10, 545.323242187500000000, 527.562438964843750000, 0.0, 0.0, 54735, 49.0, 261768, 0
Python, k-nucleotide, 10, 546.145690917968750000, 528.381225585937500000, 0.0, 0.0, 54819, 49.0, 261652, 0
Python, k-nucleotide, 10, 553.285339355468750000, 535.260192871093750000, 0.0, 0.0, 55529, 48.8, 261744, 0
Python, k-nucleotide, 10, 547.102539062500000000, 529.301452636718750000, 0.0, 0.0, 54912, 48.8, 261756, 0
Python, k-nucleotide, 10, 553.781494140625000000, 535.799011230468750000, 0.0, 0.0, 55582, 49.2, 261928, 0
Python, k-nucleotide, 10, 545.955261230468750000, 528.181335449218750000, 0.0, 0.0, 54806, 48.2, 261884, 0
Python, mandelbrot, 10, 2096.565490722656250000, 2032.891418457031250000, 0.0, 0.0, 210403, 49.5, 14336, 0
Python, mandelbrot, 10, 2119.575805664062500000, 2055.181457519531250000, 0.0, 0.0, 212707, 49.0, 14336, 0
Python, mandelbrot, 10, 2098.694885253906250000, 2035.003234863281250000, 0.0, 0.0, 210619, 49.2, 14336, 0
Python, mandelbrot, 10, 2109.097473144531250000, 2045.071166992187500000, 0.0, 0.0, 211659, 49.2, 14336, 0
Python, mandelbrot, 10, 2113.515869140625000000, 2049.346923828125000000, 0.0, 0.0, 212099, 49.0, 14336, 0
Python, mandelbrot, 10, 2111.536926269531250000, 2047.416320800781250000, 0.0, 0.0, 211945, 49.5, 14336, 0
Python, mandelbrot, 10, 2116.392028808593750000, 2052.153137207031250000, 0.0, 0.0, 212381, 49.2, 14464, 0
Python, mandelbrot, 10, 2108.501892089843750000, 2044.477050781250000000, 0.0, 0.0, 211610, 49.2, 14336, 0
Python, mandelbrot, 10, 2122.523010253906250000, 2058.108825683593750000, 0.0, 0.0, 213001, 49.2, 14208, 0
Python, mandelbrot, 10, 2101.271301269531250000, 2037.428649902343750000, 0.0, 0.0, 210872, 49.2, 14336, 0
Python, mandelbrot, 10, 2098.789306640625000000, 2035.071655273437500000, 0.0, 0.0, 210624, 49.5, 14336, 0
Python, mandelbrot, 10, 2100.589233398437500000, 2036.815368652343750000, 0.0, 0.0, 210797, 49.2, 14464, 0
Python, mandelbrot, 10, 2089.290100097656250000, 2025.905456542968750000, 0.0, 0.0, 209679, 49.2, 14336, 0
Python, mandelbrot, 10, 2095.240173339843750000, 2031.620971679687500000, 0.0, 0.0, 210269, 49.0, 14336, 0
Python, mandelbrot, 10, 2107.963195800781250000, 2043.948486328125000000, 0.0, 0.0, 211537, 49.5, 14336, 0
Python, mandelbrot, 10, 2084.869995117187500000, 2021.614379882812500000, 0.0, 0.0, 209220, 49.0, 14336, 0
Python, mandelbrot, 10, 2095.907836914062500000, 2032.294677734375000000, 0.0, 0.0, 210329, 49.0, 14336, 0
Python, mandelbrot, 10, 2094.489379882812500000, 2030.932373046875000000, 0.0, 0.0, 210185, 49.5, 14336, 0
Python, mandelbrot, 10, 2082.194946289062500000, 2019.072204589843750000, 0.0, 0.0, 208974, 49.0, 14336, 0
Python, mandelbrot, 10, 2088.606018066406250000, 2025.200622558593750000, 0.0, 0.0, 209600, 49.2, 14336, 0
Python, n-body, 10, 2448.264160156250000000, 2374.152160644531250000, 0.0, 0.0, 245827, 50.2, 9344, 0
Python, n-body, 10, -259532.298767089843750000, 2532.841003417968750000, 0.0, 0.0, 262206, 51.0, 9344, 0
Python, n-body, 10, 2520.962219238281250000, 2445.059387207031250000, 0.0, 0.0, 253142, 50.0, 9472, 0
Python, n-body, 10, 2450.585693359375000000, 2376.784118652343750000, 0.0, 0.0, 246060, 50.2, 9344, 0
Python, n-body, 10, 2518.755432128906250000, 2443.088928222656250000, 0.0, 0.0, 252948, 49.2, 9344, 0
Python, n-body, 10, 2446.847534179687500000, 2373.235534667968750000, 0.0, 0.0, 245687, 48.5, 9344, 0
Python, n-body, 10, 2449.325683593750000000, 2375.381408691406250000, 0.0, 0.0, 245905, 48.0, 9344, 0
Python, n-body, 10, 2469.509033203125000000, 2395.129394531250000000, 0.0, 0.0, 247976, 48.0, 9472, 0
Python, n-body, 10, 2466.342285156250000000, 2392.182922363281250000, 0.0, 0.0, 247632, 47.2, 9344, 0
Python, n-body, 10, 2456.223693847656250000, 2382.110778808593750000, 0.0, 0.0, 246611, 47.0, 9344, 0
Python, n-body, 10, 2506.875671386718750000, 2431.286193847656250000, 0.0, 0.0, 251670, 46.0, 9344, 0
Python, n-body, 10, 2488.071044921875000000, 2413.103332519531250000, 0.0, 0.0, 249781, 45.5, 9344, 0
Python, n-body, 10, 2489.498046875000000000, 2414.203125000000000000, 0.0, 0.0, 249910, 46.2, 9344, 0
Python, n-body, 10, 2461.751892089843750000, 2387.509338378906250000, 0.0, 0.0, 247140, 45.2, 9216, 0
Python, n-body, 10, 2522.880065917968750000, 2446.813537597656250000, 0.0, 0.0, 253278, 46.0, 9344, 0
Python, n-body, 10, 2468.526550292968750000, -259750.048645019531250000, 0.0, 0.0, 247828, 45.0, 9344, 0
Python, n-body, 10, 2483.394714355468750000, 2408.324768066406250000, 0.0, 0.0, 249309, 44.5, 9344, 0
Python, n-body, 10, 2503.719116210937500000, 2428.030090332031250000, 0.0, 0.0, 251372, 45.0, 9472, 0
Python, n-body, 10, 2467.885375976562500000, 2392.962829589843750000, 0.0, 0.0, 247691, 45.0, 9344, 0
Python, n-body, 10, 2462.690063476562500000, 2388.547302246093750000, 0.0, 0.0, 247227, 43.8, 9344, 0
Python, regex-redux, 10, 85.757751464843750000, 83.092651367187500000, 0.0, 0.0, 8638, 44.2, 460424, 0
Python, regex-redux, 10, 86.146850585937500000, 83.461303710937500000, 0.0, 0.0, 8678, 44.2, 460504, 0
Python, regex-redux, 10, 86.175048828125000000, 83.490295410156250000, 0.0, 0.0, 8676, 44.5, 460680, 0
Python, regex-redux, 10, 86.519165039062500000, 83.817504882812500000, 0.0, 0.0, 8712, 44.8, 460592, 0
Python, regex-redux, 10, 86.089965820312500000, 83.409423828125000000, 0.0, 0.0, 8675, 44.2, 460648, 0
Python, regex-redux, 10, 85.813598632812500000, 83.142761230468750000, 0.0, 0.0, 8648, 44.2, 460504, 0
Python, regex-redux, 10, 86.009155273437500000, 83.330322265625000000, 0.0, 0.0, 8670, 45.0, 460524, 0
Python, regex-redux, 10, 86.603088378906250000, 83.908508300781250000, 0.0, 0.0, 8726, 44.8, 460660, 0
Python, regex-redux, 10, 85.927612304687500000, 83.250610351562500000, 0.0, 0.0, 8667, 44.5, 460652, 0
Python, regex-redux, 10, 86.172729492187500000, 83.491943359375000000, 0.0, 0.0, 8675, 44.5, 460660, 0
Python, regex-redux, 10, 86.081787109375000000, 83.399780273437500000, 0.0, 0.0, 8674, 44.5, 460612, 0
Python, regex-redux, 10, 85.874267578125000000, 83.193054199218750000, 0.0, 0.0, 8653, 43.8, 460544, 0
Python, regex-redux, 10, 85.844604492187500000, 83.168029785156250000, 0.0, 0.0, 8651, 44.2, 460660, 0
Python, regex-redux, 10, 86.208007812500000000, 83.523315429687500000, 0.0, 0.0, 8685, 44.5, 460616, 0
Python, regex-redux, 10, 85.916198730468750000, 83.243347167968750000, 0.0, 0.0, 8655, 44.2, 460396, 0
Python, regex-redux, 10, 85.955017089843750000, 83.274414062500000000, 0.0, 0.0, 8668, 43.8, 460636, 0
Python, regex-redux, 10, 86.184020996093750000, 83.496765136718750000, 0.0, 0.0, 8678, 44.2, 460556, 0
Python, regex-redux, 10, 86.394348144531250000, 83.705322265625000000, 0.0, 0.0, 8698, 44.0, 460504, 0
Python, regex-redux, 10, 86.029663085937500000, 83.345031738281250000, 0.0, 0.0, 8668, 44.2, 460628, 0
Python, regex-redux, 10, 86.540832519531250000, 83.859069824218750000, 0.0, 0.0, 8711, 44.0, 460648, 0
Python, reverse-complement, 10, 15.816467285156250000, 15.302246093750000000, 0.0, 0.0, 1587, 44.5, 628320, 0
Python, reverse-complement, 10, 15.789428710937500000, 15.269531250000000000, 0.0, 0.0, 1596, 43.8, 628292, 0
Python, reverse-complement, 10, 15.860168457031250000, 15.343933105468750000, 0.0, 0.0, 1591, 44.5, 628300, 0
Python, reverse-complement, 10, 15.796081542968750000, 15.286682128906250000, 0.0, 0.0, 1586, 44.5, 628416, 0
Python, reverse-complement, 10, 15.750915527343750000, 15.240173339843750000, 0.0, 0.0, 1582, 44.2, 628212, 0
Python, reverse-complement, 10, 15.745788574218750000, 15.236083984375000000, 0.0, 0.0, 1598, 44.2, 628420, 0
Python, reverse-complement, 10, 15.747680664062500000, 15.239440917968750000, 0.0, 0.0, 1585, 45.2, 628320, 0
Python, reverse-complement, 10, 15.700256347656250000, 15.195129394531250000, 0.0, 0.0, 1584, 44.2, 628292, 0
Python, reverse-complement, 10, 15.673095703125000000, 15.162841796875000000, 0.0, 0.0, 1578, 44.2, 628424, 0
Python, reverse-complement, 10, 15.740661621093750000, 15.229125976562500000, 0.0, 0.0, 1580, 44.2, 628292, 0
Python, reverse-complement, 10, 15.809387207031250000, 15.302673339843750000, 0.0, 0.0, 1586, 43.8, 628168, 0
Python, reverse-complement, 10, 15.734741210937500000, 15.228149414062500000, 0.0, 0.0, 1599, 44.5, 628296, 0
Python, reverse-complement, 10, 15.744934082031250000, 15.231628417968750000, 0.0, 0.0, 1582, 44.0, 628292, 0
Python, reverse-complement, 10, 15.783691406250000000, 15.269836425781250000, 0.0, 0.0, 1585, 44.2, 628192, 0
Python, reverse-complement, 10, 15.689086914062500000, 15.187988281250000000, 0.0, 0.0, 1586, 45.0, 628168, 0
Python, reverse-complement, 10, 15.646301269531250000, 15.139831542968750000, 0.0, 0.0, 1576, 44.2, 628420, 0
Python, reverse-complement, 10, 15.772705078125000000, 15.262207031250000000, 0.0, 0.0, 1587, 44.5, 628416, 0
Python, reverse-complement, 10, 15.774597167968750000, 15.261474609375000000, 0.0, 0.0, 1584, 44.2, 628188, 0
Python, reverse-complement, 10, 15.770996093750000000, 15.267333984375000000, 0.0, 0.0, 1585, 44.2, 628296, 0
Python, reverse-complement, 10, 15.756774902343750000, 15.251403808593750000, 0.0, 0.0, 1583, 44.8, 628320, 0
Python, spectral-norm, 10, 1468.814086914062500000, 1424.380187988281250000, 0.0, 0.0, 147485, 44.0, 15616, 0
Python, spectral-norm, 10, 1447.148376464843750000, 1403.367858886718750000, 0.0, 0.0, 145258, 43.5, 15744, 0
Python, spectral-norm, 10, 1457.983032226562500000, 1413.889831542968750000, 0.0, 0.0, 146351, 43.8, 15744, 0
Python, spectral-norm, 10, 1457.609863281250000000, 1413.535339355468750000, 0.0, 0.0, 146326, 43.2, 15744, 0
Python, spectral-norm, 10, 1451.070800781250000000, 1407.194274902343750000, 0.0, 0.0, 145651, 43.0, 15872, 0
Python, spectral-norm, 10, 1471.380004882812500000, 1426.857666015625000000, 0.0, 0.0, 147755, 43.0, 15616, 0
Python, spectral-norm, 10, 1466.667968750000000000, 1422.333557128906250000, 0.0, 0.0, 147225, 42.5, 15744, 0
Python, spectral-norm, 10, 1454.430053710937500000, 1410.456115722656250000, 0.0, 0.0, 145997, 43.2, 15616, 0
Python, spectral-norm, 10, 1450.037414550781250000, 1406.198547363281250000, 0.0, 0.0, 145556, 43.2, 15744, 0
Python, spectral-norm, 10, 1450.457580566406250000, 1406.591552734375000000, 0.0, 0.0, 145618, 43.0, 15848, 0
Python, spectral-norm, 10, 1460.119812011718750000, 1415.994934082031250000, 0.0, 0.0, 146579, 42.5, 15872, 0
Python, spectral-norm, 10, 1452.988891601562500000, 1409.059265136718750000, 0.0, 0.0, 145860, 43.0, 15744, 0
Python, spectral-norm, 10, 1459.063598632812500000, 1414.964599609375000000, 0.0, 0.0, 146480, 43.0, 15744, 0
Python, spectral-norm, 10, 1470.320373535156250000, 1425.844543457031250000, 0.0, 0.0, 147745, 42.8, 15744, 0
Python, spectral-norm, 10, 1485.304260253906250000, 1440.418334960937500000, 0.0, 0.0, 149103, 43.0, 16000, 0
Python, spectral-norm, 10, 1457.487915039062500000, 1413.417480468750000000, 0.0, 0.0, 146343, 43.0, 15872, 0
Python, spectral-norm, 10, 1486.048278808593750000, 1441.122802734375000000, 0.0, 0.0, 149169, 44.0, 15872, 0
Python, spectral-norm, 10, 1465.275390625000000000, 1420.929626464843750000, 0.0, 0.0, 147088, 43.5, 15744, 0
Python, spectral-norm, 10, 1479.477172851562500000, 1434.680236816406250000, 0.0, 0.0, 148716, 43.8, 15872, 0
Python, spectral-norm, 10, 1458.573425292968750000, 1414.338989257812500000, 0.0, 0.0, 146398, 42.8, 15744, 0
C, binary-trees, 15, 16.519531250000000000, 16.093688964843750000, 0.0, 0.0, 1189, 44.5, 134272, 0
C, binary-trees, 15, 16.682006835937500000, 16.249694824218750000, 0.0, 0.0, 1201, 45.0, 134272, 0
C, binary-trees, 15, 16.598937988281250000, 16.169616699218750000, 0.0, 0.0, 1200, 44.2, 134400, 0
C, binary-trees, 15, 16.620605468750000000, 16.188049316406250000, 0.0, 0.0, 1197, 45.2, 134400, 0
C, binary-trees, 15, 16.645385742187500000, 16.212219238281250000, 0.0, 0.0, 1199, 45.0, 134400, 0
C, binary-trees, 15, 16.626342773437500000, 16.202941894531250000, 0.0, 0.0, 1203, 45.5, 134272, 0
C, binary-trees, 15, 16.557739257812500000, 16.134826660156250000, 0.0, 0.0, 1204, 44.8, 134400, 0
C, binary-trees, 15, 16.674865722656250000, 16.249145507812500000, 0.0, 0.0, 1196, 44.5, 134272, 0
C, binary-trees, 15, 16.602661132812500000, 16.168029785156250000, 0.0, 0.0, 1193, 45.0, 134272, 0
C, binary-trees, 15, 16.560180664062500000, 16.133056640625000000, 0.0, 0.0, 1194, 45.8, 134400, 0
C, binary-trees, 15, 16.616760253906250000, 16.182678222656250000, 0.0, 0.0, 1195, 45.5, 134400, 0
C, binary-trees, 15, 16.604614257812500000, 16.174987792968750000, 0.0, 0.0, 1200, 45.0, 134400, 0
C, binary-trees, 15, 17.554321289062500000, 17.105041503906250000, 0.0, 0.0, 1272, 44.8, 134400, 0
C, binary-trees, 15, 16.781982421875000000, 16.353210449218750000, 0.0, 0.0, 1207, 45.0, 134400, 0
C, binary-trees, 15, 16.575866699218750000, 16.154235839843750000, 0.0, 0.0, 1193, 45.0, 134400, 0
C, binary-trees, 15, 16.868835449218750000, 16.431884765625000000, 0.0, 0.0, 1216, 44.2, 134400, 0
C, binary-trees, 15, 16.670959472656250000, 16.240051269531250000, 0.0, 0.0, 1197, 44.8, 134400, 0
C, binary-trees, 15, 16.600952148437500000, 16.169799804687500000, 0.0, 0.0, 1194, 45.2, 134400, 0
C, binary-trees, 15, 16.566833496093750000, 16.145080566406250000, 0.0, 0.0, 1199, 44.8, 134400, 0
C, binary-trees, 15, 17.217346191406250000, 16.777404785156250000, 0.0, 0.0, 1250, 44.8, 134400, 0
C, fannkuch-redux, 15, 36.335876464843750000, 35.601013183593750000, 0.0, 0.0, 2431, 44.8, 1664, 0
C, fannkuch-redux, 15, 36.345642089843750000, 35.613220214843750000, 0.0, 0.0, 2432, 45.2, 1664, 0
C, fannkuch-redux, 15, 36.394287109375000000, 35.654663085937500000, 0.0, 0.0, 2435, 45.5, 1664, 0
C, fannkuch-redux, 15, 36.402282714843750000, 35.667846679687500000, 0.0, 0.0, 2440, 45.0, 1664, 0
C, fannkuch-redux, 15, 36.389221191406250000, 35.656982421875000000, 0.0, 0.0, 2439, 45.2, 1664, 0
C, fannkuch-redux, 15, 36.404418945312500000, 35.663024902343750000, 0.0, 0.0, 2447, 45.5, 1664, 0
C, fannkuch-redux, 15, 36.439208984375000000, 35.713562011718750000, 0.0, 0.0, 2439, 45.8, 1664, 0
C, fannkuch-redux, 15, 36.440490722656250000, 35.707519531250000000, 0.0, 0.0, 2443, 45.0, 1664, 0
C, fannkuch-redux, 15, 36.432739257812500000, 35.696594238281250000, 0.0, 0.0, 2438, 45.8, 1664, 0
C, fannkuch-redux, 15, 36.453735351562500000, 35.720764160156250000, 0.0, 0.0, 2440, 45.5, 1664, 0
C, fannkuch-redux, 15, 36.415039062500000000, 35.678649902343750000, 0.0, 0.0, 2437, 45.2, 1664, 0
C, fannkuch-redux, 15, 36.381530761718750000, 35.654296875000000000, 0.0, 0.0, 2435, 45.0, 1664, 0
C, fannkuch-redux, 15, 36.349365234375000000, 35.617431640625000000, 0.0, 0.0, 2433, 45.8, 1664, 0
C, fannkuch-redux, 15, 36.385742187500000000, 35.652954101562500000, 0.0, 0.0, 2439, 46.0, 1664, 0
C, fannkuch-redux, 15, 36.369079589843750000, 35.638305664062500000, 0.0, 0.0, 2434, 45.2, 1664, 0
C, fannkuch-redux, 15, 36.403381347656250000, 35.671875000000000000, 0.0, 0.0, 2436, 45.5, 1664, 0
C, fannkuch-redux, 15, 36.365600585937500000, 35.634338378906250000, 0.0, 0.0, 2439, 45.2, 1664, 0
C, fannkuch-redux, 15, 36.361999511718750000, 35.621459960937500000, 0.0, 0.0, 2433, 45.8, 1664, 0
C, fannkuch-redux, 15, 36.409362792968750000, 35.674987792968750000, 0.0, 0.0, 2435, 45.5, 1664, 0
C, fannkuch-redux, 15, 36.402099609375000000, 35.668579101562500000, 0.0, 0.0, 2437, 45.0, 1664, 0
C, fasta, 15, 5.351318359375000000, 5.150573730468750000, 0.0, 0.0, 670, 40.2, 1408, 0
C, fasta, 15, 5.595214843750000000, 5.391540527343750000, 0.0, 0.0, 668, 43.2, 1408, 0
C, fasta, 15, 5.348266601562500000, 5.159851074218750000, 0.0, 0.0, 668, 43.2, 1408, 0
C, fasta, 15, 5.480834960937500000, 5.280700683593750000, 0.0, 0.0, 666, 43.5, 1408, 0
C, fasta, 15, 5.383544921875000000, 5.188110351562500000, 0.0, 0.0, 666, 43.5, 1408, 0
C, fasta, 15, 5.529602050781250000, 5.325317382812500000, 0.0, 0.0, 676, 43.5, 1408, 0
C, fasta, 15, 5.442687988281250000, 5.248474121093750000, 0.0, 0.0, 665, 43.5, 1408, 0
C, fasta, 15, 5.362426757812500000, 5.166870117187500000, 0.0, 0.0, 666, 42.8, 1408, 0
C, fasta, 15, 5.472839355468750000, 5.271545410156250000, 0.0, 0.0, 666, 42.8, 1408, 0
C, fasta, 15, 5.361816406250000000, 5.165283203125000000, 0.0, 0.0, 665, 43.2, 1408, 0
C, fasta, 15, 5.356933593750000000, 5.163940429687500000, 0.0, 0.0, 665, 43.2, 1408, 0
C, fasta, 15, 5.348937988281250000, 5.162475585937500000, 0.0, 0.0, 665, 42.8, 1408, 0
C, fasta, 15, 5.402343750000000000, 5.210876464843750000, 0.0, 0.0, 666, 42.8, 1408, 0
C, fasta, 15, 5.428222656250000000, 5.234924316406250000, 0.0, 0.0, 667, 43.5, 1408, 0
C, fasta, 15, 5.362609863281250000, 5.159179687500000000, 0.0, 0.0, 666, 43.5, 1408, 0
C, fasta, 15, 5.419067382812500000, 5.220031738281250000, 0.0, 0.0, 665, 43.8, 1408, 0
C, fasta, 15, 5.362121582031250000, 5.163024902343750000, 0.0, 0.0, 666, 43.8, 1408, 0
C, fasta, 15, 5.345825195312500000, 5.151245117187500000, 0.0, 0.0, 666, 43.5, 1408, 0
C, fasta, 15, 5.341857910156250000, 5.153198242187500000, 0.0, 0.0, 669, 43.5, 1408, 0
C, fasta, 15, 5.394836425781250000, 5.195739746093750000, 0.0, 0.0, 667, 43.2, 1408, 0
C, k-nucleotide, 15, 51.500427246093750000, 50.280212402343750000, 0.0, 0.0, 3551, 46.2, 130432, 0
C, k-nucleotide, 15, 51.851501464843750000, 50.614929199218750000, 0.0, 0.0, 3579, 46.0, 130304, 0
C, k-nucleotide, 15, 51.508056640625000000, 50.281921386718750000, 0.0, 0.0, 3546, 45.8, 130304, 0
C, k-nucleotide, 15, 51.561279296875000000, 50.332824707031250000, 0.0, 0.0, 3543, 46.2, 130304, 0
C, k-nucleotide, 15, 49.354309082031250000, 48.257690429687500000, 0.0, 0.0, 3408, 46.0, 130304, 0
C, k-nucleotide, 15, 52.092956542968750000, 50.827575683593750000, 0.0, 0.0, 3605, 46.0, 130304, 0
C, k-nucleotide, 15, 51.471008300781250000, 50.227661132812500000, 0.0, 0.0, 3548, 46.5, 130304, 0
C, k-nucleotide, 15, 52.069946289062500000, 50.813171386718750000, 0.0, 0.0, 3585, 46.0, 130304, 0
C, k-nucleotide, 15, 53.329101562500000000, 51.982421875000000000, 0.0, 0.0, 3677, 46.2, 130304, 0
C, k-nucleotide, 15, 52.109619140625000000, 50.821533203125000000, 0.0, 0.0, 3600, 46.0, 130304, 0
C, k-nucleotide, 15, 51.932189941406250000, 50.669616699218750000, 0.0, 0.0, 3584, 46.0, 130304, 0
C, k-nucleotide, 15, 51.391601562500000000, 50.171020507812500000, 0.0, 0.0, 3534, 46.5, 130304, 0
C, k-nucleotide, 15, 50.337341308593750000, 49.160583496093750000, 0.0, 0.0, 3469, 46.2, 130304, 0
C, k-nucleotide, 15, 50.833984375000000000, 49.624145507812500000, 0.0, 0.0, 3525, 45.5, 130304, 0
C, k-nucleotide, 15, 51.713745117187500000, 50.443969726562500000, 0.0, 0.0, 3563, 46.2, 130304, 0
C, k-nucleotide, 15, 52.120849609375000000, 50.852111816406250000, 0.0, 0.0, 3602, 46.2, 130304, 0
C, k-nucleotide, 15, 51.303283691406250000, 50.089477539062500000, 0.0, 0.0, 3549, 46.2, 130304, 0
C, k-nucleotide, 15, 51.544372558593750000, 50.306518554687500000, 0.0, 0.0, 3559, 46.8, 130304, 0
C, k-nucleotide, 15, 49.811218261718750000, 48.670166015625000000, 0.0, 0.0, 3443, 47.0, 130304, 0
C, k-nucleotide, 15, 50.069702148437500000, 48.921508789062500000, 0.0, 0.0, 3459, 46.5, 130304, 0
C, mandelbrot, 15, 17.416137695312500000, 17.069641113281250000, 0.0, 0.0, 1170, 46.2, 33280, 0
C, mandelbrot, 15, 17.479553222656250000, 17.129821777343750000, 0.0, 0.0, 1168, 45.5, 33152, 0
C, mandelbrot, 15, 17.541503906250000000, 17.182067871093750000, 0.0, 0.0, 1172, 46.0, 33152, 0
C, mandelbrot, 15, 17.500366210937500000, 17.147155761718750000, 0.0, 0.0, 1169, 45.8, 33280, 0
C, mandelbrot, 15, 17.552429199218750000, 17.193359375000000000, 0.0, 0.0, 1172, 45.8, 33152, 0
C, mandelbrot, 15, 17.570373535156250000, 17.206359863281250000, 0.0, 0.0, 1182, 45.8, 33280, 0
C, mandelbrot, 15, 17.525085449218750000, 17.177307128906250000, 0.0, 0.0, 1171, 45.8, 33280, 0
C, mandelbrot, 15, 17.525207519531250000, 17.176818847656250000, 0.0, 0.0, 1171, 46.5, 33280, 0
C, mandelbrot, 15, 17.549926757812500000, 17.194152832031250000, 0.0, 0.0, 1172, 46.0, 33024, 0
C, mandelbrot, 15, 17.568298339843750000, 17.206970214843750000, 0.0, 0.0, 1174, 45.2, 33152, 0
C, mandelbrot, 15, 17.547973632812500000, 17.187988281250000000, 0.0, 0.0, 1172, 45.5, 33280, 0
C, mandelbrot, 15, 17.524963378906250000, 17.175659179687500000, 0.0, 0.0, 1171, 46.0, 33280, 0
C, mandelbrot, 15, 17.513488769531250000, 17.169067382812500000, 0.0, 0.0, 1170, 45.5, 33280, 0
C, mandelbrot, 15, 17.533813476562500000, 17.178710937500000000, 0.0, 0.0, 1171, 45.8, 33152, 0
C, mandelbrot, 15, 17.523925781250000000, 17.177795410156250000, 0.0, 0.0, 1171, 45.5, 33024, 0
C, mandelbrot, 15, 17.570373535156250000, 17.216491699218750000, 0.0, 0.0, 1174, 45.0, 33280, 0
C, mandelbrot, 15, 17.525085449218750000, 17.174743652343750000, 0.0, 0.0, 1171, 45.8, 33280, 0
C, mandelbrot, 15, 17.522766113281250000, 17.173522949218750000, 0.0, 0.0, 1175, 45.5, 33024, 0
C, mandelbrot, 15, 17.605102539062500000, 17.243286132812500000, 0.0, 0.0, 1176, 45.2, 33152, 0
C, mandelbrot, 15, 17.567260742187500000, 17.215698242187500000, 0.0, 0.0, 1174, 45.2, 33152, 0
C, n-body, 15, 16.681579589843750000, 16.167968750000000000, 0.0, 0.0, 1727, 44.0, 1536, 0
C, n-body, 15, 16.964660644531250000, 16.438354492187500000, 0.0, 0.0, 1728, 44.8, 1536, 0
C, n-body, 15, 16.596252441406250000, 16.073059082031250000, 0.0, 0.0, 1726, 44.5, 1536, 0
C, n-body, 15, 16.618041992187500000, 16.093994140625000000, 0.0, 0.0, 1725, 43.8, 1536, 0
C, n-body, 15, 16.704223632812500000, 16.184753417968750000, 0.0, 0.0, 1726, 44.5, 1536, 0
C, n-body, 15, 16.545104980468750000, 16.022338867187500000, 0.0, 0.0, 1732, 44.2, 1536, 0
C, n-body, 15, 16.562011718750000000, 16.051330566406250000, 0.0, 0.0, 1726, 44.0, 1536, 0
C, n-body, 15, 16.431396484375000000, 15.914489746093750000, 0.0, 0.0, 1725, 44.5, 1536, 0
C, n-body, 15, 16.635986328125000000, 16.118347167968750000, 0.0, 0.0, 1725, 43.5, 1536, 0
C, n-body, 15, 16.493286132812500000, 15.973144531250000000, 0.0, 0.0, 1725, 44.5, 1536, 0
C, n-body, 15, 16.534667968750000000, 16.024291992187500000, 0.0, 0.0, 1725, 44.0, 1536, 0
C, n-body, 15, 16.551391601562500000, 16.028808593750000000, 0.0, 0.0, 1726, 43.8, 1536, 0
C, n-body, 15, 16.326354980468750000, 15.812622070312500000, 0.0, 0.0, 1725, 44.5, 1536, 0
C, n-body, 15, 16.469787597656250000, 15.946899414062500000, 0.0, 0.0, 1726, 44.2, 1536, 0
C, n-body, 15, 16.655883789062500000, 16.145263671875000000, 0.0, 0.0, 1726, 44.2, 1536, 0
C, n-body, 15, 16.594909667968750000, 16.070251464843750000, 0.0, 0.0, 1725, 44.2, 1536, 0
C, n-body, 15, 16.630798339843750000, 16.106506347656250000, 0.0, 0.0, 1736, 44.2, 1536, 0
C, n-body, 15, 16.640686035156250000, 16.130493164062500000, 0.0, 0.0, 1725, 43.2, 1536, 0
C, n-body, 15, 16.508911132812500000, 15.991699218750000000, 0.0, 0.0, 1726, 44.2, 1536, 0
C, n-body, 15, 16.540710449218750000, 16.028747558593750000, 0.0, 0.0, 1726, 44.5, 1536, 0
C, regex-redux, 15, 10.810852050781250000, 10.554931640625000000, 0.0, 0.0, 808, 44.2, 152260, 0
C, regex-redux, 15, 10.806152343750000000, 10.555847167968750000, 0.0, 0.0, 808, 44.2, 152256, 0
C, regex-redux, 15, 10.818237304687500000, 10.567871093750000000, 0.0, 0.0, 809, 45.2, 152256, 0
C, regex-redux, 15, 10.781799316406250000, 10.530761718750000000, 0.0, 0.0, 812, 41.2, 152256, 0
C, regex-redux, 15, 10.756958007812500000, 10.498229980468750000, 0.0, 0.0, 809, 45.5, 152256, 0
C, regex-redux, 15, 10.709838867187500000, 10.451049804687500000, 0.0, 0.0, 826, 40.5, 152260, 0
C, regex-redux, 15, 10.815673828125000000, 10.567382812500000000, 0.0, 0.0, 810, 45.2, 152260, 0
C, regex-redux, 15, 10.812011718750000000, 10.557556152343750000, 0.0, 0.0, 811, 41.0, 152256, 0
C, regex-redux, 15, 10.741821289062500000, 10.487182617187500000, 0.0, 0.0, 807, 45.5, 152256, 0
C, regex-redux, 15, 11.033569335937500000, 10.781494140625000000, 0.0, 0.0, 828, 40.8, 152388, 0
C, regex-redux, 15, 10.809020996093750000, 10.557128906250000000, 0.0, 0.0, 809, 44.5, 152256, 0
C, regex-redux, 15, 10.805236816406250000, 10.549560546875000000, 0.0, 0.0, 810, 44.5, 152260, 0
C, regex-redux, 15, 10.791320800781250000, 10.536682128906250000, 0.0, 0.0, 809, 45.2, 152260, 0
C, regex-redux, 15, 10.765808105468750000, 10.521789550781250000, 0.0, 0.0, 813, 41.0, 152256, 0
C, regex-redux, 15, 10.857421875000000000, 10.602661132812500000, 0.0, 0.0, 810, 44.8, 152260, 0
C, regex-redux, 15, 10.805725097656250000, 10.550720214843750000, 0.0, 0.0, 808, 44.8, 152256, 0
C, regex-redux, 15, 10.847778320312500000, 10.593383789062500000, 0.0, 0.0, 809, 44.8, 152260, 0
C, regex-redux, 15, 10.811340332031250000, 10.556579589843750000, 0.0, 0.0, 809, 44.8, 152260, 0
C, regex-redux, 15, 10.828613281250000000, 10.580566406250000000, 0.0, 0.0, 809, 46.0, 152256, 0
C, regex-redux, 15, 10.802307128906250000, 10.554626464843750000, 0.0, 0.0, 815, 40.8, 152256, 0
C, reverse-complement, 15, 1.185363769531250000, 1.139648437500000000, 0.0, 0.0, 108, 41.0, 127640, 0
C, reverse-complement, 15, 1.125793457031250000, 1.076232910156250000, 0.0, 0.0, 109, 41.0, 127508, 0
C, reverse-complement, 15, 1.117675781250000000, 1.071411132812500000, 0.0, 0.0, 109, 41.0, 127508, 0
C, reverse-complement, 15, 1.202453613281250000, 1.158630371093750000, 0.0, 0.0, 107, 41.0, 127508, 0
C, reverse-complement, 15, 1.231994628906250000, 1.182861328125000000, 0.0, 0.0, 108, 41.0, 127508, 0
C, reverse-complement, 15, 1.142639160156250000, 1.101440429687500000, 0.0, 0.0, 116, 41.0, 127508, 0
C, reverse-complement, 15, 1.184387207031250000, 1.130371093750000000, 0.0, 0.0, 108, 41.0, 127508, 0
C, reverse-complement, 15, 1.192504882812500000, 1.143554687500000000, 0.0, 0.0, 108, 41.0, 127508, 0
C, reverse-complement, 15, 1.153381347656250000, 1.103698730468750000, 0.0, 0.0, 108, 44.2, 127508, 0
C, reverse-complement, 15, 1.195068359375000000, 1.143737792968750000, 0.0, 0.0, 107, 44.2, 127512, 0
C, reverse-complement, 15, 1.073425292968750000, 1.028015136718750000, 0.0, 0.0, 122, 44.2, 127512, 0
C, reverse-complement, 15, 1.194824218750000000, 1.149414062500000000, 0.0, 0.0, 108, 44.2, 127512, 0
C, reverse-complement, 15, 1.110961914062500000, 1.062866210937500000, 0.0, 0.0, 110, 44.2, 127640, 0
C, reverse-complement, 15, 1.212036132812500000, 1.171508789062500000, 0.0, 0.0, 108, 44.2, 127508, 0
C, reverse-complement, 15, 1.103759765625000000, 1.054016113281250000, 0.0, 0.0, 110, 44.2, 127512, 0
C, reverse-complement, 15, 1.127075195312500000, 1.079650878906250000, 0.0, 0.0, 110, 44.2, 127508, 0
C, reverse-complement, 15, 1.057250976562500000, 1.014709472656250000, 0.0, 0.0, 129, 44.2, 127508, 0
C, reverse-complement, 15, 1.208374023437500000, 1.167358398437500000, 0.0, 0.0, 108, 44.5, 127508, 0
C, reverse-complement, 15, 1.160339355468750000, 1.110046386718750000, 0.0, 0.0, 108, 44.5, 127508, 0
C, reverse-complement, 15, 1.156433105468750000, 1.113098144531250000, 0.0, 0.0, 107, 44.5, 127512, 0
C, spectral-norm, 15, 5.987060546875000000, 5.861328125000000000, 0.0, 0.0, 399, 45.5, 2048, 0
C, spectral-norm, 15, 5.959716796875000000, 5.842163085937500000, 0.0, 0.0, 398, 40.8, 2048, 0
C, spectral-norm, 15, 5.960815429687500000, 5.845336914062500000, 0.0, 0.0, 398, 40.8, 2048, 0
C, spectral-norm, 15, 5.976196289062500000, 5.856140136718750000, 0.0, 0.0, 399, 45.5, 2048, 0
C, spectral-norm, 15, 5.945007324218750000, 5.828063964843750000, 0.0, 0.0, 397, 40.5, 2048, 0
C, spectral-norm, 15, 5.986206054687500000, 5.867980957031250000, 0.0, 0.0, 405, 40.5, 2048, 0
C, spectral-norm, 15, 6.000183105468750000, 5.878173828125000000, 0.0, 0.0, 400, 45.5, 2048, 0
C, spectral-norm, 15, 6.019348144531250000, 5.900695800781250000, 0.0, 0.0, 402, 41.0, 2048, 0
C, spectral-norm, 15, 6.046020507812500000, 5.927062988281250000, 0.0, 0.0, 403, 41.0, 2048, 0
C, spectral-norm, 15, 5.988525390625000000, 5.871337890625000000, 0.0, 0.0, 400, 45.0, 2048, 0
C, spectral-norm, 15, 5.987182617187500000, 5.867797851562500000, 0.0, 0.0, 400, 41.0, 2048, 0
C, spectral-norm, 15, 5.988525390625000000, 5.870239257812500000, 0.0, 0.0, 400, 41.0, 2048, 0
C, spectral-norm, 15, 6.035705566406250000, 5.920227050781250000, 0.0, 0.0, 403, 45.0, 2048, 0
C, spectral-norm, 15, 5.956726074218750000, 5.843261718750000000, 0.0, 0.0, 398, 40.8, 2048, 0
C, spectral-norm, 15, 6.016540527343750000, 5.894653320312500000, 0.0, 0.0, 401, 40.8, 2048, 0
C, spectral-norm, 15, 6.031066894531250000, 5.906921386718750000, 0.0, 0.0, 402, 44.8, 2048, 0
C, spectral-norm, 15, 5.978149414062500000, 5.863220214843750000, 0.0, 0.0, 399, 44.8, 2048, 0
C, spectral-norm, 15, 5.987365722656250000, 5.869384765625000000, 0.0, 0.0, 399, 44.8, 2048, 0
C, spectral-norm, 15, 5.990295410156250000, 5.875061035156250000, 0.0, 0.0, 400, 45.2, 2048, 0
C, spectral-norm, 15, 5.980224609375000000, 5.858215332031250000, 0.0, 0.0, 399, 40.5, 2048, 0
C++, binary-trees, 15, 15.830383300781250000, 15.399536132812500000, 0.0, 0.0, 1110, 45.0, 170292, 0
C++, binary-trees, 15, 15.606445312500000000, 15.169921875000000000, 0.0, 0.0, 1097, 45.2, 176436, 0
C++, binary-trees, 15, 15.119140625000000000, 14.723144531250000000, 0.0, 0.0, 1066, 44.8, 168248, 0
C++, binary-trees, 15, 14.895812988281250000, 14.495178222656250000, 0.0, 0.0, 1055, 45.5, 168248, 0
C++, binary-trees, 15, 15.325378417968750000, 14.922424316406250000, 0.0, 0.0, 1083, 45.5, 168376, 0
C++, binary-trees, 15, 15.254150390625000000, 14.808898925781250000, 0.0, 0.0, 1141, 45.0, 145716, 0
C++, binary-trees, 15, 15.602783203125000000, 15.196472167968750000, 0.0, 0.0, 1094, 45.2, 168244, 0
C++, binary-trees, 15, 15.498413085937500000, 15.063537597656250000, 0.0, 0.0, 1091, 45.5, 145720, 0
C++, binary-trees, 15, 15.656433105468750000, 15.245422363281250000, 0.0, 0.0, 1097, 45.2, 168244, 0
C++, binary-trees, 15, 14.237670898437500000, 13.853820800781250000, 0.0, 0.0, 1001, 44.5, 134528, 0
C++, binary-trees, 15, 15.559936523437500000, 15.151977539062500000, 0.0, 0.0, 1095, 45.0, 168244, 0
C++, binary-trees, 15, 15.216613769531250000, 14.818115234375000000, 0.0, 0.0, 1072, 45.2, 168244, 0
C++, binary-trees, 15, 15.306152343750000000, 14.882995605468750000, 0.0, 0.0, 1131, 45.0, 168248, 0
C++, binary-trees, 15, 14.549072265625000000, 14.155151367187500000, 0.0, 0.0, 1028, 45.5, 143668, 0
C++, binary-trees, 15, 15.544067382812500000, 15.121520996093750000, 0.0, 0.0, 1092, 45.8, 170292, 0
C++, binary-trees, 15, 15.291381835937500000, 14.876647949218750000, 0.0, 0.0, 1127, 45.2, 168248, 0
C++, binary-trees, 15, 15.882934570312500000, 15.420776367187500000, 0.0, 0.0, 1167, 45.2, 145716, 0
C++, binary-trees, 15, 15.190856933593750000, 14.791931152343750000, 0.0, 0.0, 1076, 44.8, 168248, 0
C++, binary-trees, 15, 15.094482421875000000, 14.677185058593750000, 0.0, 0.0, 1063, 45.0, 143668, 0
C++, binary-trees, 15, 15.278320312500000000, 14.863769531250000000, 0.0, 0.0, 1133, 45.5, 168244, 0
C++, fannkuch-redux, 15, 62.710998535156250000, 61.452636718750000000, 0.0, 0.0, 4191, 46.8, 3712, 0
C++, fannkuch-redux, 15, 62.569519042968750000, 61.311889648437500000, 0.0, 0.0, 4182, 46.2, 3712, 0
C++, fannkuch-redux, 15, 62.616577148437500000, 61.363159179687500000, 0.0, 0.0, 4193, 45.0, 3584, 0
C++, fannkuch-redux, 15, 62.638549804687500000, 61.380432128906250000, 0.0, 0.0, 4187, 46.0, 3584, 0
C++, fannkuch-redux, 15, 62.783630371093750000, 61.517822265625000000, 0.0, 0.0, 4197, 46.5, 3584, 0
C++, fannkuch-redux, 15, 62.635803222656250000, 61.378601074218750000, 0.0, 0.0, 4192, 46.0, 3584, 0
C++, fannkuch-redux, 15, 62.544677734375000000, 61.281860351562500000, 0.0, 0.0, 4180, 46.2, 3712, 0
C++, fannkuch-redux, 15, 62.451477050781250000, 61.192077636718750000, 0.0, 0.0, 4174, 46.5, 3712, 0
C++, fannkuch-redux, 15, 62.440673828125000000, 61.189270019531250000, 0.0, 0.0, 4174, 45.8, 3584, 0
C++, fannkuch-redux, 15, 62.488891601562500000, 61.231689453125000000, 0.0, 0.0, 4176, 47.0, 3584, 0
C++, fannkuch-redux, 15, 62.373107910156250000, 61.116088867187500000, 0.0, 0.0, 4169, 46.8, 3712, 0
C++, fannkuch-redux, 15, 62.590393066406250000, 61.326721191406250000, 0.0, 0.0, 4182, 47.5, 3584, 0
C++, fannkuch-redux, 15, 62.496643066406250000, 61.246154785156250000, 0.0, 0.0, 4181, 46.2, 3712, 0
C++, fannkuch-redux, 15, 62.543579101562500000, 61.282531738281250000, 0.0, 0.0, 4185, 46.2, 3584, 0
C++, fannkuch-redux, 15, 62.595520019531250000, 61.331237792968750000, 0.0, 0.0, 4183, 46.8, 3584, 0
C++, fannkuch-redux, 15, 62.596435546875000000, 61.334533691406250000, 0.0, 0.0, 4183, 46.5, 3584, 0
C++, fannkuch-redux, 15, 62.563537597656250000, 61.299072265625000000, 0.0, 0.0, 4181, 46.5, 3712, 0
C++, fannkuch-redux, 15, 62.714172363281250000, 61.450195312500000000, 0.0, 0.0, 4192, 46.8, 3584, 0
C++, fannkuch-redux, 15, 62.595458984375000000, 61.338623046875000000, 0.0, 0.0, 4190, 46.2, 3584, 0
C++, fannkuch-redux, 15, 62.607910156250000000, 61.343688964843750000, 0.0, 0.0, 4185, 47.0, 3584, 0
C++, fasta, 15, 7.744201660156250000, 7.541137695312500000, 0.0, 0.0, 662, 41.5, 3244, 0
C++, fasta, 15, 7.714782714843750000, 7.521667480468750000, 0.0, 0.0, 661, 46.5, 3244, 0
C++, fasta, 15, 7.703613281250000000, 7.507385253906250000, 0.0, 0.0, 664, 41.5, 3372, 0
C++, fasta, 15, 7.758178710937500000, 7.565002441406250000, 0.0, 0.0, 661, 45.8, 3372, 0
C++, fasta, 15, 7.698242187500000000, 7.506530761718750000, 0.0, 0.0, 662, 41.2, 3372, 0
C++, fasta, 15, 7.744750976562500000, 7.538757324218750000, 0.0, 0.0, 672, 45.2, 3244, 0
C++, fasta, 15, 7.755615234375000000, 7.557495117187500000, 0.0, 0.0, 663, 41.2, 3372, 0
C++, fasta, 15, 7.767150878906250000, 7.561706542968750000, 0.0, 0.0, 661, 45.8, 3376, 0
C++, fasta, 15, 7.751220703125000000, 7.548522949218750000, 0.0, 0.0, 666, 41.0, 3372, 0
C++, fasta, 15, 7.778320312500000000, 7.577453613281250000, 0.0, 0.0, 661, 45.2, 3372, 0
C++, fasta, 15, 7.741821289062500000, 7.542846679687500000, 0.0, 0.0, 661, 41.2, 3244, 0
C++, fasta, 15, 7.773803710937500000, 7.572937011718750000, 0.0, 0.0, 661, 44.8, 3244, 0
C++, fasta, 15, 7.763244628906250000, 7.561157226562500000, 0.0, 0.0, 661, 44.8, 3244, 0
C++, fasta, 15, 7.744140625000000000, 7.551696777343750000, 0.0, 0.0, 661, 45.8, 3244, 0
C++, fasta, 15, 7.736022949218750000, 7.547729492187500000, 0.0, 0.0, 661, 41.2, 3372, 0
C++, fasta, 15, 7.805847167968750000, 7.606140136718750000, 0.0, 0.0, 661, 46.0, 3372, 0
C++, fasta, 15, 7.723022460937500000, 7.524047851562500000, 0.0, 0.0, 664, 41.2, 3244, 0
C++, fasta, 15, 7.698242187500000000, 7.497497558593750000, 0.0, 0.0, 661, 45.0, 3372, 0
C++, fasta, 15, 7.724487304687500000, 7.533081054687500000, 0.0, 0.0, 664, 40.8, 3372, 0
C++, fasta, 15, 7.764709472656250000, 7.563415527343750000, 0.0, 0.0, 661, 45.2, 3244, 0
C++, k-nucleotide, 15, 30.625915527343750000, 29.528076171875000000, 0.0, 0.0, 2225, 45.5, 156372, 0
C++, k-nucleotide, 15, 30.407897949218750000, 29.299377441406250000, 0.0, 0.0, 2242, 45.8, 156500, 0
C++, k-nucleotide, 15, 29.717163085937500000, 28.648132324218750000, 0.0, 0.0, 2161, 45.5, 156376, 0
C++, k-nucleotide, 15, 29.918090820312500000, 28.837341308593750000, 0.0, 0.0, 2183, 46.0, 156500, 0
C++, k-nucleotide, 15, 30.458435058593750000, 29.362731933593750000, 0.0, 0.0, 2223, 46.2, 156500, 0
C++, k-nucleotide, 15, 29.977966308593750000, 28.895874023437500000, 0.0, 0.0, 2180, 45.5, 156372, 0
C++, k-nucleotide, 15, 29.911743164062500000, 28.838745117187500000, 0.0, 0.0, 2182, 45.8, 156248, 0
C++, k-nucleotide, 15, 30.635253906250000000, 29.542541503906250000, 0.0, 0.0, 2233, 45.5, 156372, 0
C++, k-nucleotide, 15, 30.455444335937500000, 29.350341796875000000, 0.0, 0.0, 2235, 44.8, 156244, 0
C++, k-nucleotide, 15, 30.594177246093750000, 29.497924804687500000, 0.0, 0.0, 2223, 46.5, 156628, 0
C++, k-nucleotide, 15, 30.192199707031250000, 29.096618652343750000, 0.0, 0.0, 2223, 46.0, 156372, 0
C++, k-nucleotide, 15, 30.103271484375000000, 29.022399902343750000, 0.0, 0.0, 2200, 45.5, 156504, 0
C++, k-nucleotide, 15, 30.022033691406250000, 28.940429687500000000, 0.0, 0.0, 2181, 45.8, 156248, 0
C++, k-nucleotide, 15, 30.913696289062500000, 29.810424804687500000, 0.0, 0.0, 2254, 45.0, 156376, 0
C++, k-nucleotide, 15, 30.455749511718750000, 29.354614257812500000, 0.0, 0.0, 2211, 46.0, 156372, 0
C++, k-nucleotide, 15, 30.058959960937500000, 28.986206054687500000, 0.0, 0.0, 2189, 45.2, 156372, 0
C++, k-nucleotide, 15, 30.704711914062500000, 29.599792480468750000, 0.0, 0.0, 2225, 45.2, 156500, 0
C++, k-nucleotide, 15, 30.247192382812500000, 29.167663574218750000, 0.0, 0.0, 2205, 45.5, 156372, 0
C++, k-nucleotide, 15, 30.645812988281250000, 29.536132812500000000, 0.0, 0.0, 2221, 45.0, 156500, 0
C++, k-nucleotide, 15, 30.121337890625000000, 29.038330078125000000, 0.0, 0.0, 2196, 44.8, 156504, 0
C++, mandelbrot, 15, 13.830078125000000000, 13.547973632812500000, 0.0, 0.0, 937, 41.0, 34432, 0
C++, mandelbrot, 15, 13.876953125000000000, 13.591247558593750000, 0.0, 0.0, 935, 45.8, 34304, 0
C++, mandelbrot, 15, 13.849121093750000000, 13.563720703125000000, 0.0, 0.0, 933, 41.0, 34176, 0
C++, mandelbrot, 15, 13.883300781250000000, 13.602050781250000000, 0.0, 0.0, 936, 45.2, 34176, 0
C++, mandelbrot, 15, 13.850830078125000000, 13.569946289062500000, 0.0, 0.0, 939, 41.2, 34304, 0
C++, mandelbrot, 15, 13.793395996093750000, 13.503601074218750000, 0.0, 0.0, 946, 45.2, 34176, 0
C++, mandelbrot, 15, 13.842407226562500000, 13.560302734375000000, 0.0, 0.0, 933, 41.2, 34176, 0
C++, mandelbrot, 15, 13.825073242187500000, 13.551269531250000000, 0.0, 0.0, 932, 45.8, 34304, 0
C++, mandelbrot, 15, 13.859680175781250000, 13.574584960937500000, 0.0, 0.0, 938, 41.0, 34432, 0
C++, mandelbrot, 15, 13.867370605468750000, 13.592163085937500000, 0.0, 0.0, 935, 44.8, 34304, 0
C++, mandelbrot, 15, 13.876281738281250000, 13.600341796875000000, 0.0, 0.0, 935, 44.8, 34304, 0
C++, mandelbrot, 15, 13.910461425781250000, 13.618835449218750000, 0.0, 0.0, 937, 46.2, 34304, 0
C++, mandelbrot, 15, 13.828247070312500000, 13.554138183593750000, 0.0, 0.0, 932, 41.0, 34176, 0
C++, mandelbrot, 15, 13.852478027343750000, 13.577636718750000000, 0.0, 0.0, 934, 45.2, 34176, 0
C++, mandelbrot, 15, 13.863952636718750000, 13.584960937500000000, 0.0, 0.0, 934, 41.2, 34304, 0
C++, mandelbrot, 15, 13.827697753906250000, 13.556518554687500000, 0.0, 0.0, 932, 45.8, 34304, 0
C++, mandelbrot, 15, 13.846374511718750000, 13.564758300781250000, 0.0, 0.0, 937, 41.2, 34176, 0
C++, mandelbrot, 15, 13.883911132812500000, 13.604003906250000000, 0.0, 0.0, 935, 45.5, 34304, 0
C++, mandelbrot, 15, 13.886230468750000000, 13.607727050781250000, 0.0, 0.0, 935, 40.8, 34432, 0
C++, mandelbrot, 15, 13.920227050781250000, 13.630859375000000000, 0.0, 0.0, 937, 46.0, 34304, 0
C++, n-body, 15, 17.110778808593750000, 16.601379394531250000, 0.0, 0.0, 1714, 45.0, 1536, 0
C++, n-body, 15, 17.083984375000000000, 16.569030761718750000, 0.0, 0.0, 1717, 44.2, 1536, 0
C++, n-body, 15, 17.113891601562500000, 16.602661132812500000, 0.0, 0.0, 1713, 44.8, 1536, 0
C++, n-body, 15, 17.185241699218750000, 16.679809570312500000, 0.0, 0.0, 1714, 43.8, 1536, 0
C++, n-body, 15, 17.116699218750000000, 16.598266601562500000, 0.0, 0.0, 1713, 44.8, 1536, 0
C++, n-body, 15, 17.194519042968750000, 16.675292968750000000, 0.0, 0.0, 1726, 44.8, 1536, 0
C++, n-body, 15, 17.171936035156250000, 16.664306640625000000, 0.0, 0.0, 1713, 45.2, 1536, 0
C++, n-body, 15, 17.176208496093750000, 16.672424316406250000, 0.0, 0.0, 1719, 44.8, 1536, 0
C++, n-body, 15, 17.138793945312500000, 16.630310058593750000, 0.0, 0.0, 1713, 43.8, 1536, 0
C++, n-body, 15, 17.138000488281250000, 16.634338378906250000, 0.0, 0.0, 1713, 44.5, 1536, 0
C++, n-body, 15, 17.212158203125000000, 16.693786621093750000, 0.0, 0.0, 1713, 43.8, 1536, 0
C++, n-body, 15, 17.217834472656250000, 16.706054687500000000, 0.0, 0.0, 1714, 44.2, 1536, 0
C++, n-body, 15, 17.163452148437500000, 16.660034179687500000, 0.0, 0.0, 1713, 44.8, 1536, 0
C++, n-body, 15, 17.121093750000000000, 16.602294921875000000, 0.0, 0.0, 1713, 44.2, 1536, 0
C++, n-body, 15, 17.146667480468750000, 16.634765625000000000, 0.0, 0.0, 1713, 44.2, 1536, 0
C++, n-body, 15, 17.130004882812500000, 16.614807128906250000, 0.0, 0.0, 1714, 44.5, 1536, 0
C++, n-body, 15, 17.160522460937500000, 16.644226074218750000, 0.0, 0.0, 1713, 43.8, 1536, 0
C++, n-body, 15, 17.129699707031250000, 16.614135742187500000, 0.0, 0.0, 1714, 44.0, 1536, 0
C++, n-body, 15, 17.125366210937500000, 16.617614746093750000, 0.0, 0.0, 1713, 44.2, 1536, 0
C++, n-body, 15, 17.133666992187500000, 16.624877929687500000, 0.0, 0.0, 1714, 44.8, 1536, 0
C++, regex-redux, 15, 13.601806640625000000, 13.239929199218750000, 0.0, 0.0, 1131, 44.2, 275916, 0
C++, regex-redux, 15, 13.509277343750000000, 13.152709960937500000, 0.0, 0.0, 1121, 43.8, 275960, 0
C++, regex-redux, 15, 13.544921875000000000, 13.190612792968750000, 0.0, 0.0, 1125, 44.8, 276140, 0
C++, regex-redux, 15, 13.543273925781250000, 13.188171386718750000, 0.0, 0.0, 1123, 45.0, 275884, 0
C++, regex-redux, 15, 13.547973632812500000, 13.187255859375000000, 0.0, 0.0, 1134, 44.8, 276008, 0
C++, regex-redux, 15, 13.458801269531250000, 13.095581054687500000, 0.0, 0.0, 1109, 45.2, 276012, 0
C++, regex-redux, 15, 13.559570312500000000, 13.211547851562500000, 0.0, 0.0, 1123, 44.5, 276008, 0
C++, regex-redux, 15, 13.388305664062500000, 13.042724609375000000, 0.0, 0.0, 1100, 43.8, 276008, 0
C++, regex-redux, 15, 13.512878417968750000, 13.155822753906250000, 0.0, 0.0, 1119, 44.8, 275832, 0
C++, regex-redux, 15, 13.273193359375000000, 12.926879882812500000, 0.0, 0.0, 1109, 45.2, 275956, 0
C++, regex-redux, 15, 13.380432128906250000, 13.028686523437500000, 0.0, 0.0, 1115, 44.8, 276008, 0
C++, regex-redux, 15, 13.469970703125000000, 13.110656738281250000, 0.0, 0.0, 1113, 44.5, 276008, 0
C++, regex-redux, 15, 13.487915039062500000, 13.126403808593750000, 0.0, 0.0, 1111, 44.5, 275956, 0
C++, regex-redux, 15, 13.563476562500000000, 13.202087402343750000, 0.0, 0.0, 1118, 44.2, 276008, 0
C++, regex-redux, 15, 13.507812500000000000, 13.146484375000000000, 0.0, 0.0, 1115, 45.8, 276012, 0
C++, regex-redux, 15, 13.446716308593750000, 13.090881347656250000, 0.0, 0.0, 1112, 44.8, 276008, 0
C++, regex-redux, 15, 13.436584472656250000, 13.082092285156250000, 0.0, 0.0, 1107, 45.0, 276008, 0
C++, regex-redux, 15, 13.721069335937500000, 13.359375000000000000, 0.0, 0.0, 1130, 45.0, 276012, 0
C++, regex-redux, 15, 13.552795410156250000, 13.201232910156250000, 0.0, 0.0, 1131, 45.0, 276012, 0
C++, regex-redux, 15, 13.483764648437500000, 13.125793457031250000, 0.0, 0.0, 1117, 44.5, 276012, 0
C++, reverse-complement, 15, 1.589965820312500000, 1.521850585937500000, 0.0, 0.0, 163, 40.8, 127360, 0
C++, reverse-complement, 15, 1.620910644531250000, 1.562072753906250000, 0.0, 0.0, 161, 40.8, 127360, 0
C++, reverse-complement, 15, 1.633117675781250000, 1.564758300781250000, 0.0, 0.0, 161, 40.8, 127360, 0
C++, reverse-complement, 15, 1.584106445312500000, 1.520629882812500000, 0.0, 0.0, 167, 40.8, 127360, 0
C++, reverse-complement, 15, 1.655334472656250000, 1.591857910156250000, 0.0, 0.0, 163, 40.8, 127360, 0
C++, reverse-complement, 15, 1.670288085937500000, 1.600830078125000000, 0.0, 0.0, 169, 45.0, 127360, 0
C++, reverse-complement, 15, 1.652343750000000000, 1.581237792968750000, 0.0, 0.0, 162, 40.5, 127360, 0
C++, reverse-complement, 15, 1.647277832031250000, 1.585388183593750000, 0.0, 0.0, 161, 40.5, 127360, 0
C++, reverse-complement, 15, 1.655334472656250000, 1.583007812500000000, 0.0, 0.0, 162, 40.5, 127360, 0
C++, reverse-complement, 15, 1.662719726562500000, 1.596008300781250000, 0.0, 0.0, 162, 40.5, 127360, 0
C++, reverse-complement, 15, 1.664978027343750000, 1.595825195312500000, 0.0, 0.0, 162, 40.5, 127360, 0
C++, reverse-complement, 15, 1.665466308593750000, 1.593505859375000000, 0.0, 0.0, 162, 45.0, 127360, 0
C++, reverse-complement, 15, 1.643249511718750000, 1.573486328125000000, 0.0, 0.0, 162, 40.5, 127360, 0
C++, reverse-complement, 15, 1.651489257812500000, 1.579284667968750000, 0.0, 0.0, 162, 40.5, 127360, 0
C++, reverse-complement, 15, 1.668151855468750000, 1.595947265625000000, 0.0, 0.0, 163, 40.5, 127360, 0
C++, reverse-complement, 15, 1.660400390625000000, 1.588195800781250000, 0.0, 0.0, 162, 40.5, 127360, 0
C++, reverse-complement, 15, 1.658264160156250000, 1.589843750000000000, 0.0, 0.0, 161, 40.5, 127360, 0
C++, reverse-complement, 15, 1.662597656250000000, 1.586914062500000000, 0.0, 0.0, 162, 44.5, 127360, 0
C++, reverse-complement, 15, 1.634582519531250000, 1.564636230468750000, 0.0, 0.0, 161, 44.5, 127360, 0
C++, reverse-complement, 15, 1.650451660156250000, 1.588378906250000000, 0.0, 0.0, 162, 44.5, 127360, 0
C++, spectral-norm, 15, 6.127319335937500000, 6.010864257812500000, 0.0, 0.0, 413, 40.8, 2432, 0
C++, spectral-norm, 15, 6.135986328125000000, 6.016723632812500000, 0.0, 0.0, 410, 40.8, 2432, 0
C++, spectral-norm, 15, 6.166381835937500000, 6.041442871093750000, 0.0, 0.0, 411, 45.5, 2560, 0
C++, spectral-norm, 15, 6.139770507812500000, 6.016723632812500000, 0.0, 0.0, 414, 40.5, 2432, 0
C++, spectral-norm, 15, 6.135803222656250000, 6.016113281250000000, 0.0, 0.0, 409, 40.5, 2560, 0
C++, spectral-norm, 15, 6.152282714843750000, 6.029907226562500000, 0.0, 0.0, 415, 45.2, 2432, 0
C++, spectral-norm, 15, 6.137451171875000000, 6.016967773437500000, 0.0, 0.0, 410, 40.5, 2560, 0
C++, spectral-norm, 15, 6.162292480468750000, 6.033752441406250000, 0.0, 0.0, 411, 40.5, 2432, 0
C++, spectral-norm, 15, 6.133544921875000000, 6.009094238281250000, 0.0, 0.0, 409, 45.2, 2432, 0
C++, spectral-norm, 15, 6.196289062500000000, 6.075439453125000000, 0.0, 0.0, 414, 41.0, 2432, 0
C++, spectral-norm, 15, 6.149841308593750000, 6.027160644531250000, 0.0, 0.0, 410, 41.0, 2432, 0
C++, spectral-norm, 15, 6.165588378906250000, 6.040283203125000000, 0.0, 0.0, 411, 45.8, 2432, 0
C++, spectral-norm, 15, 6.131774902343750000, 6.015502929687500000, 0.0, 0.0, 409, 40.8, 2432, 0
C++, spectral-norm, 15, 6.154357910156250000, 6.038574218750000000, 0.0, 0.0, 411, 40.8, 2432, 0
C++, spectral-norm, 15, 6.179260253906250000, 6.052368164062500000, 0.0, 0.0, 412, 45.2, 2432, 0
C++, spectral-norm, 15, 6.118591308593750000, 5.997253417968750000, 0.0, 0.0, 408, 40.8, 2432, 0
C++, spectral-norm, 15, 6.152587890625000000, 6.033508300781250000, 0.0, 0.0, 411, 40.8, 2432, 0
C++, spectral-norm, 15, 6.133850097656250000, 6.010742187500000000, 0.0, 0.0, 409, 45.8, 2432, 0
C++, spectral-norm, 15, 6.146606445312500000, 6.018615722656250000, 0.0, 0.0, 410, 40.5, 2432, 0
C++, spectral-norm, 15, 6.147277832031250000, 6.022460937500000000, 0.0, 0.0, 410, 40.5, 2432, 0
Java, binary-trees, 15, 42.236206054687500000, 40.643249511718750000, 0.0, 0.0, 2931, 45.0, 1203512, 0
Java, binary-trees, 15, 43.086425781250000000, 41.477661132812500000, 0.0, 0.0, 2980, 44.8, 1381504, 0
Java, binary-trees, 15, 41.547058105468750000, 39.969482421875000000, 0.0, 0.0, 2886, 44.0, 1115412, 0
Java, binary-trees, 15, 41.768005371093750000, 40.179199218750000000, 0.0, 0.0, 2927, 44.2, 1218312, 0
Java, binary-trees, 15, 42.680603027343750000, 41.073181152343750000, 0.0, 0.0, 2975, 44.8, 1278180, 0
Java, binary-trees, 15, 42.605529785156250000, 40.998657226562500000, 0.0, 0.0, 2950, 45.5, 1266200, 0
Java, binary-trees, 15, 42.049743652343750000, 40.458679199218750000, 0.0, 0.0, 2920, 45.2, 1272892, 0
Java, binary-trees, 15, 42.089233398437500000, 40.495605468750000000, 0.0, 0.0, 2920, 45.8, 1223104, 0
Java, binary-trees, 15, 43.645385742187500000, 42.012634277343750000, 0.0, 0.0, 3047, 45.0, 1355828, 0
Java, binary-trees, 15, 43.202697753906250000, 41.582397460937500000, 0.0, 0.0, 3020, 44.8, 1389928, 0
Java, binary-trees, 15, 41.840820312500000000, 40.261291503906250000, 0.0, 0.0, 2897, 45.5, 1157396, 0
Java, binary-trees, 15, 42.119567871093750000, 40.532470703125000000, 0.0, 0.0, 2911, 45.5, 1223924, 0
Java, binary-trees, 15, 41.839843750000000000, 40.259521484375000000, 0.0, 0.0, 2914, 45.5, 1191324, 0
Java, binary-trees, 15, 41.837280273437500000, 40.262634277343750000, 0.0, 0.0, 2895, 45.2, 1076620, 0
Java, binary-trees, 15, 43.365112304687500000, 41.740295410156250000, 0.0, 0.0, 3028, 45.8, 1378784, 0
Java, binary-trees, 15, 42.467041015625000000, 40.863647460937500000, 0.0, 0.0, 2938, 46.2, 1219740, 0
Java, binary-trees, 15, 43.102050781250000000, 41.494323730468750000, 0.0, 0.0, 2976, 45.2, 1268164, 0
Java, binary-trees, 15, 42.528320312500000000, 40.928649902343750000, 0.0, 0.0, 2934, 45.8, 1268952, 0
Java, binary-trees, 15, 43.762145996093750000, 42.126037597656250000, 0.0, 0.0, 3047, 45.8, 1373952, 0
Java, binary-trees, 15, 42.261169433593750000, 40.669799804687500000, 0.0, 0.0, 2929, 46.2, 1264436, 0
Java, fannkuch-redux, 15, 162.027832031250000000, 158.746398925781250000, 0.0, 0.0, 10848, 46.5, 40916, 0
Java, fannkuch-redux, 15, 166.744689941406250000, 163.388793945312500000, 0.0, 0.0, 11161, 46.2, 42344, 0
Java, fannkuch-redux, 15, 161.377685546875000000, 158.091796875000000000, 0.0, 0.0, 10814, 45.0, 41444, 0
Java, fannkuch-redux, 15, 167.237060546875000000, 163.831054687500000000, 0.0, 0.0, 11202, 46.8, 41440, 0
Java, fannkuch-redux, 15, 154.673400878906250000, 151.545043945312500000, 0.0, 0.0, 10369, 46.0, 41028, 0
Java, fannkuch-redux, 15, 163.707092285156250000, 160.364013671875000000, 0.0, 0.0, 10969, 47.0, 42060, 0
Java, fannkuch-redux, 15, 157.438598632812500000, 154.253051757812500000, 0.0, 0.0, 10541, 46.8, 41336, 0
Java, fannkuch-redux, 15, 156.925842285156250000, 153.744445800781250000, 0.0, 0.0, 10506, 46.5, 42088, 0
Java, fannkuch-redux, 15, 158.741210937500000000, 155.515502929687500000, 0.0, 0.0, 10628, 45.2, 41304, 0
Java, fannkuch-redux, 15, 161.025268554687500000, 157.758300781250000000, 0.0, 0.0, 10781, 47.2, 42276, 0
Java, fannkuch-redux, 15, 162.474975585937500000, 159.179931640625000000, 0.0, 0.0, 10888, 47.0, 41240, 0
Java, fannkuch-redux, 15, 162.470947265625000000, 159.181518554687500000, 0.0, 0.0, 10886, 46.5, 42228, 0
Java, fannkuch-redux, 15, 161.398376464843750000, 158.126220703125000000, 0.0, 0.0, 10813, 46.5, 41640, 0
Java, fannkuch-redux, 15, 163.287902832031250000, 159.992553710937500000, 0.0, 0.0, 10944, 47.0, 41112, 0
Java, fannkuch-redux, 15, 162.235595703125000000, 158.959167480468750000, 0.0, 0.0, 10862, 48.0, 42252, 0
Java, fannkuch-redux, 15, 161.934570312500000000, 158.663757324218750000, 0.0, 0.0, 10851, 47.0, 41788, 0
Java, fannkuch-redux, 15, 162.085510253906250000, 158.801330566406250000, 0.0, 0.0, 10861, 47.0, 41180, 0
Java, fannkuch-redux, 15, 163.340820312500000000, 160.027770996093750000, 0.0, 0.0, 10936, 47.5, 41984, 0
Java, fannkuch-redux, 15, 162.760192871093750000, 159.470520019531250000, 0.0, 0.0, 10904, 47.5, 42152, 0
Java, fannkuch-redux, 15, 163.393615722656250000, 160.079162597656250000, 0.0, 0.0, 10951, 46.0, 41216, 0
Java, fasta, 15, 16.575561523437500000, 16.236022949218750000, 0.0, 0.0, 1135, 48.0, 48012, 0
Java, fasta, 15, 16.075927734375000000, 15.730163574218750000, 0.0, 0.0, 1161, 48.0, 47696, 0
Java, fasta, 15, 15.889282226562500000, 15.537536621093750000, 0.0, 0.0, 1157, 47.8, 47668, 0
Java, fasta, 15, 15.911071777343750000, 15.555114746093750000, 0.0, 0.0, 1175, 47.8, 47580, 0
Java, fasta, 15, 16.128601074218750000, 15.779785156250000000, 0.0, 0.0, 1151, 47.8, 47476, 0
Java, fasta, 15, 16.449157714843750000, 16.103027343750000000, 0.0, 0.0, 1144, 47.5, 47524, 0
Java, fasta, 15, 16.267211914062500000, 15.924682617187500000, 0.0, 0.0, 1124, 47.5, 47520, 0
Java, fasta, 15, 16.264770507812500000, 15.925964355468750000, 0.0, 0.0, 1121, 47.0, 47768, 0
Java, fasta, 15, 16.142211914062500000, 15.780029296875000000, 0.0, 0.0, 1230, 46.2, 47712, 0
Java, fasta, 15, 16.342224121093750000, 15.996459960937500000, 0.0, 0.0, 1168, 47.2, 47488, 0
Java, fasta, 15, 16.306213378906250000, 15.948120117187500000, 0.0, 0.0, 1187, 47.2, 47680, 0
Java, fasta, 15, 16.042358398437500000, 15.689880371093750000, 0.0, 0.0, 1157, 45.5, 47584, 0
Java, fasta, 15, 16.138549804687500000, 15.793457031250000000, 0.0, 0.0, 1139, 46.8, 47660, 0
Java, fasta, 15, 16.070434570312500000, 15.720642089843750000, 0.0, 0.0, 1187, 46.0, 47380, 0
Java, fasta, 15, 16.098510742187500000, 15.755737304687500000, 0.0, 0.0, 1136, 47.2, 47644, 0
Java, fasta, 15, 16.124938964843750000, 15.778503417968750000, 0.0, 0.0, 1171, 47.0, 48172, 0
Java, fasta, 15, 16.190063476562500000, 15.856445312500000000, 0.0, 0.0, 1125, 47.2, 47572, 0
Java, fasta, 15, 16.244140625000000000, 15.906250000000000000, 0.0, 0.0, 1136, 47.0, 48100, 0
Java, fasta, 15, 16.211608886718750000, 15.857116699218750000, 0.0, 0.0, 1171, 45.0, 47672, 0
Java, fasta, 15, 16.469482421875000000, 16.132812500000000000, 0.0, 0.0, 1128, 46.5, 47504, 0
Java, k-nucleotide, 15, 65.551574707031250000, 64.117187500000000000, 0.0, 0.0, 4657, 46.2, 367812, 0
Java, k-nucleotide, 15, 65.509033203125000000, 64.079406738281250000, 0.0, 0.0, 4636, 46.8, 368944, 0
Java, k-nucleotide, 15, 65.045227050781250000, 63.619140625000000000, 0.0, 0.0, 4604, 46.8, 367492, 0
Java, k-nucleotide, 15, 66.536926269531250000, 65.090576171875000000, 0.0, 0.0, 4693, 46.5, 368204, 0
Java, k-nucleotide, 15, 64.693420410156250000, 63.258300781250000000, 0.0, 0.0, 4648, 44.8, 368008, 0
Java, k-nucleotide, 15, 65.121582031250000000, 63.682312011718750000, 0.0, 0.0, 4659, 46.0, 369064, 0
Java, k-nucleotide, 15, 65.284729003906250000, 63.860412597656250000, 0.0, 0.0, 4625, 46.5, 369712, 0
Java, k-nucleotide, 15, 65.482421875000000000, 64.063598632812500000, 0.0, 0.0, 4606, 47.0, 368884, 0
Java, k-nucleotide, 15, 65.828186035156250000, 64.375366210937500000, 0.0, 0.0, 4705, 45.0, 368276, 0
Java, k-nucleotide, 15, 65.880126953125000000, 64.441772460937500000, 0.0, 0.0, 4642, 47.0, 368940, 0
Java, k-nucleotide, 15, 65.841247558593750000, 64.404296875000000000, 0.0, 0.0, 4662, 46.5, 367752, 0
Java, k-nucleotide, 15, 62.792236328125000000, 61.416259765625000000, 0.0, 0.0, 4448, 47.5, 368000, 0
Java, k-nucleotide, 15, 65.580322265625000000, 64.131408691406250000, 0.0, 0.0, 4686, 44.8, 367516, 0
Java, k-nucleotide, 15, 65.692626953125000000, 64.245666503906250000, 0.0, 0.0, 4684, 47.2, 368652, 0
Java, k-nucleotide, 15, 65.831970214843750000, 64.389465332031250000, 0.0, 0.0, 4648, 47.2, 367852, 0
Java, k-nucleotide, 15, 65.999938964843750000, 64.559692382812500000, 0.0, 0.0, 4664, 46.5, 367900, 0
Java, k-nucleotide, 15, 65.604003906250000000, 64.161376953125000000, 0.0, 0.0, 4662, 46.5, 368028, 0
Java, k-nucleotide, 15, 65.599304199218750000, 64.164672851562500000, 0.0, 0.0, 4647, 46.2, 369676, 0
Java, k-nucleotide, 15, 65.472229003906250000, 64.031066894531250000, 0.0, 0.0, 4654, 46.5, 368116, 0
Java, k-nucleotide, 15, 66.092529296875000000, 64.641113281250000000, 0.0, 0.0, 4715, 44.8, 368116, 0
Java, mandelbrot, 15, 57.140930175781250000, 55.971740722656250000, 0.0, 0.0, 3859, 47.0, 88020, 0
Java, mandelbrot, 15, 57.362060546875000000, 56.194946289062500000, 0.0, 0.0, 3857, 47.8, 88192, 0
Java, mandelbrot, 15, 57.283996582031250000, 56.115661621093750000, 0.0, 0.0, 3850, 48.0, 88092, 0
Java, mandelbrot, 15, 57.682189941406250000, 56.498901367187500000, 0.0, 0.0, 3905, 45.5, 87832, 0
Java, mandelbrot, 15, 57.573852539062500000, 56.405944824218750000, 0.0, 0.0, 3881, 47.5, 87964, 0
Java, mandelbrot, 15, 57.482971191406250000, 56.307067871093750000, 0.0, 0.0, 3888, 47.8, 88576, 0
Java, mandelbrot, 15, 57.417175292968750000, 56.236755371093750000, 0.0, 0.0, 3904, 47.2, 88064, 0
Java, mandelbrot, 15, 58.221496582031250000, 57.028869628906250000, 0.0, 0.0, 3919, 47.8, 88220, 0
Java, mandelbrot, 15, 57.788513183593750000, 56.604492187500000000, 0.0, 0.0, 3905, 47.2, 88056, 0
Java, mandelbrot, 15, 57.792175292968750000, 56.610046386718750000, 0.0, 0.0, 3910, 45.2, 88812, 0
Java, mandelbrot, 15, 57.609497070312500000, 56.435180664062500000, 0.0, 0.0, 3890, 46.5, 88476, 0
Java, mandelbrot, 15, 57.349975585937500000, 56.184204101562500000, 0.0, 0.0, 3862, 47.5, 87776, 0
Java, mandelbrot, 15, 57.350158691406250000, 56.185424804687500000, 0.0, 0.0, 3872, 47.2, 88136, 0
Java, mandelbrot, 15, 57.128967285156250000, 55.958435058593750000, 0.0, 0.0, 3859, 47.5, 89488, 0
Java, mandelbrot, 15, 58.199218750000000000, 57.013732910156250000, 0.0, 0.0, 3907, 48.0, 88220, 0
Java, mandelbrot, 15, 57.608642578125000000, 56.425354003906250000, 0.0, 0.0, 3882, 47.8, 87932, 0
Java, mandelbrot, 15, 57.836486816406250000, 56.668579101562500000, 0.0, 0.0, 3890, 47.5, 88136, 0
Java, mandelbrot, 15, 55.654663085937500000, 54.509521484375000000, 0.0, 0.0, 3792, 47.5, 88180, 0
Java, mandelbrot, 15, 57.944763183593750000, 56.764526367187500000, 0.0, 0.0, 3893, 47.2, 88092, 0
Java, mandelbrot, 15, 57.735534667968750000, 56.563659667968750000, 0.0, 0.0, 3887, 47.2, 87816, 0
Java, n-body, 15, 36.846313476562500000, 35.640014648437500000, 0.0, 0.0, 4047, 45.2, 41080, 0
Java, n-body, 15, 37.441955566406250000, 36.225036621093750000, 0.0, 0.0, 4067, 46.0, 41344, 0
Java, n-body, 15, 37.491882324218750000, 36.270874023437500000, 0.0, 0.0, 4071, 44.8, 41088, 0
Java, n-body, 15, 37.244506835937500000, 36.030273437500000000, 0.0, 0.0, 4065, 45.8, 40576, 0
Java, n-body, 15, 37.495544433593750000, 36.270629882812500000, 0.0, 0.0, 4075, 45.5, 41208, 0
Java, n-body, 15, 37.350769042968750000, 36.123046875000000000, 0.0, 0.0, 4083, 44.2, 41240, 0
Java, n-body, 15, 37.687927246093750000, 36.479492187500000000, 0.0, 0.0, 4069, 45.0, 40988, 0
Java, n-body, 15, 37.656372070312500000, 36.444091796875000000, 0.0, 0.0, 4079, 45.0, 40860, 0
Java, n-body, 15, 37.065917968750000000, 35.843750000000000000, 0.0, 0.0, 4061, 44.8, 41116, 0
Java, n-body, 15, 37.548889160156250000, 36.342102050781250000, 0.0, 0.0, 4039, 45.2, 40972, 0
Java, n-body, 15, 37.312805175781250000, 36.108276367187500000, 0.0, 0.0, 4043, 44.2, 41216, 0
Java, n-body, 15, 37.555847167968750000, 36.329223632812500000, 0.0, 0.0, 4062, 45.5, 41244, 0
Java, n-body, 15, 37.443847656250000000, 36.223815917968750000, 0.0, 0.0, 4079, 44.2, 41216, 0
Java, n-body, 15, 36.884765625000000000, 35.658081054687500000, 0.0, 0.0, 4039, 44.8, 41088, 0
Java, n-body, 15, 36.740356445312500000, 35.514099121093750000, 0.0, 0.0, 4038, 45.5, 40988, 0
Java, n-body, 15, 37.678894042968750000, 36.466613769531250000, 0.0, 0.0, 4081, 44.0, 41088, 0
Java, n-body, 15, 37.440856933593750000, 36.219055175781250000, 0.0, 0.0, 4063, 45.0, 41244, 0
Java, n-body, 15, 37.048461914062500000, 35.829589843750000000, 0.0, 0.0, 4045, 44.8, 40988, 0
Java, n-body, 15, 37.462097167968750000, 36.238647460937500000, 0.0, 0.0, 4065, 43.8, 40696, 0
Java, n-body, 15, 37.005126953125000000, 35.787475585937500000, 0.0, 0.0, 4062, 44.8, 41208, 0
Java, regex-redux, 15, 72.425903320312500000, 70.751098632812500000, 0.0, 0.0, 5281, 45.8, 622052, 0
Java, regex-redux, 15, 71.917541503906250000, 70.255737304687500000, 0.0, 0.0, 5254, 45.2, 622404, 0
Java, regex-redux, 15, 70.706359863281250000, 69.068054199218750000, 0.0, 0.0, 5136, 45.8, 622256, 0
Java, regex-redux, 15, 69.937194824218750000, 68.316284179687500000, 0.0, 0.0, 5083, 46.5, 621952, 0
Java, regex-redux, 15, 70.231567382812500000, 68.584472656250000000, 0.0, 0.0, 5160, 45.2, 622048, 0
Java, regex-redux, 15, 71.309936523437500000, 69.647521972656250000, 0.0, 0.0, 5222, 45.5, 621816, 0
Java, regex-redux, 15, 72.020324707031250000, 70.367797851562500000, 0.0, 0.0, 5215, 45.2, 622220, 0
Java, regex-redux, 15, 70.961730957031250000, 69.325988769531250000, 0.0, 0.0, 5160, 45.5, 621536, 0
Java, regex-redux, 15, 70.821594238281250000, 69.184448242187500000, 0.0, 0.0, 5146, 45.8, 622360, 0
Java, regex-redux, 15, 70.221740722656250000, 68.595458984375000000, 0.0, 0.0, 5109, 45.0, 622172, 0
Java, regex-redux, 15, 70.876037597656250000, 69.239196777343750000, 0.0, 0.0, 5161, 45.0, 622412, 0
Java, regex-redux, 15, 69.597961425781250000, 67.994323730468750000, 0.0, 0.0, 5057, 46.0, 622152, 0
Java, regex-redux, 15, 71.443481445312500000, 69.794128417968750000, 0.0, 0.0, 5177, 45.8, 621796, 0
Java, regex-redux, 15, 72.013977050781250000, 70.351379394531250000, 0.0, 0.0, 5248, 46.5, 622056, 0
Java, regex-redux, 15, 70.863952636718750000, 69.221679687500000000, 0.0, 0.0, 5152, 45.8, 621424, 0
Java, regex-redux, 15, 70.716735839843750000, 69.077209472656250000, 0.0, 0.0, 5153, 46.0, 621668, 0
Java, regex-redux, 15, 70.125976562500000000, 68.510070800781250000, 0.0, 0.0, 5062, 45.2, 593036, 0
Java, regex-redux, 15, 71.477661132812500000, 69.807312011718750000, 0.0, 0.0, 5245, 45.8, 621948, 0
Java, regex-redux, 15, 71.376464843750000000, 69.722473144531250000, 0.0, 0.0, 5185, 46.8, 621996, 0
Java, regex-redux, 15, 70.387512207031250000, 68.767700195312500000, 0.0, 0.0, 5114, 46.0, 622468, 0
Java, reverse-complement, 15, 7.920654296875000000, 7.639221191406250000, 0.0, 0.0, 758, 42.0, 537616, 0
Java, reverse-complement, 15, 7.973876953125000000, 7.697998046875000000, 0.0, 0.0, 758, 45.5, 537672, 0
Java, reverse-complement, 15, 7.906005859375000000, 7.625183105468750000, 0.0, 0.0, 761, 42.2, 537636, 0
Java, reverse-complement, 15, 7.959716796875000000, 7.677062988281250000, 0.0, 0.0, 756, 45.2, 537652, 0
Java, reverse-complement, 15, 7.895690917968750000, 7.607299804687500000, 0.0, 0.0, 770, 41.8, 537608, 0
Java, reverse-complement, 15, 7.906188964843750000, 7.627136230468750000, 0.0, 0.0, 770, 45.8, 537704, 0
Java, reverse-complement, 15, 7.942871093750000000, 7.661315917968750000, 0.0, 0.0, 762, 42.0, 537564, 0
Java, reverse-complement, 15, 7.984985351562500000, 7.708435058593750000, 0.0, 0.0, 755, 45.8, 537696, 0
Java, reverse-complement, 15, 7.990356445312500000, 7.708374023437500000, 0.0, 0.0, 759, 41.5, 537648, 0
Java, reverse-complement, 15, 7.974670410156250000, 7.693603515625000000, 0.0, 0.0, 758, 45.2, 537664, 0
Java, reverse-complement, 15, 8.004760742187500000, 7.722167968750000000, 0.0, 0.0, 760, 41.8, 537796, 0
Java, reverse-complement, 15, 8.018920898437500000, 7.733398437500000000, 0.0, 0.0, 756, 45.0, 537564, 0
Java, reverse-complement, 15, 7.953063964843750000, 7.671997070312500000, 0.0, 0.0, 760, 41.8, 537664, 0
Java, reverse-complement, 15, 7.975952148437500000, 7.691955566406250000, 0.0, 0.0, 758, 45.0, 537732, 0
Java, reverse-complement, 15, 7.892395019531250000, 7.612487792968750000, 0.0, 0.0, 761, 41.0, 537572, 0
Java, reverse-complement, 15, 8.027587890625000000, 7.752807617187500000, 0.0, 0.0, 758, 44.8, 537836, 0
Java, reverse-complement, 15, 7.967895507812500000, 7.696228027343750000, 0.0, 0.0, 755, 44.8, 537676, 0
Java, reverse-complement, 15, 8.011840820312500000, 7.730285644531250000, 0.0, 0.0, 758, 45.5, 537920, 0
Java, reverse-complement, 15, 7.859191894531250000, 7.568359375000000000, 0.0, 0.0, 776, 41.8, 537624, 0
Java, reverse-complement, 15, 7.969177246093750000, 7.683959960937500000, 0.0, 0.0, 764, 44.5, 537576, 0
Java, spectral-norm, 15, 9.684448242187500000, 9.475341796875000000, 0.0, 0.0, 671, 41.5, 42764, 0
Java, spectral-norm, 15, 9.151306152343750000, 8.955993652343750000, 0.0, 0.0, 632, 45.8, 42180, 0
Java, spectral-norm, 15, 9.680053710937500000, 9.471862792968750000, 0.0, 0.0, 712, 41.8, 42692, 0
Java, spectral-norm, 15, 9.042968750000000000, 8.848205566406250000, 0.0, 0.0, 645, 46.0, 42300, 0
Java, spectral-norm, 15, 9.512390136718750000, 9.298645019531250000, 0.0, 0.0, 720, 41.5, 42372, 0
Java, spectral-norm, 15, 9.817077636718750000, 9.612792968750000000, 0.0, 0.0, 682, 45.5, 42568, 0
Java, spectral-norm, 15, 9.750366210937500000, 9.542602539062500000, 0.0, 0.0, 684, 41.8, 42516, 0
Java, spectral-norm, 15, 9.746948242187500000, 9.539672851562500000, 0.0, 0.0, 692, 44.8, 42564, 0
Java, spectral-norm, 15, 9.573303222656250000, 9.375793457031250000, 0.0, 0.0, 669, 44.8, 42500, 0
Java, spectral-norm, 15, 9.326110839843750000, 9.131774902343750000, 0.0, 0.0, 641, 46.2, 41848, 0
Java, spectral-norm, 15, 9.721984863281250000, 9.512939453125000000, 0.0, 0.0, 684, 41.2, 42556, 0
Java, spectral-norm, 15, 9.475830078125000000, 9.263610839843750000, 0.0, 0.0, 729, 45.8, 42496, 0
Java, spectral-norm, 15, 9.295837402343750000, 9.101440429687500000, 0.0, 0.0, 657, 41.8, 42548, 0
Java, spectral-norm, 15, 9.717773437500000000, 9.518066406250000000, 0.0, 0.0, 674, 45.5, 42488, 0
Java, spectral-norm, 15, 9.643432617187500000, 9.438781738281250000, 0.0, 0.0, 672, 41.5, 42416, 0
Java, spectral-norm, 15, 9.750061035156250000, 9.551635742187500000, 0.0, 0.0, 670, 45.8, 41956, 0
Java, spectral-norm, 15, 9.500061035156250000, 9.294616699218750000, 0.0, 0.0, 677, 41.2, 42540, 0
Java, spectral-norm, 15, 9.747314453125000000, 9.540588378906250000, 0.0, 0.0, 687, 44.8, 42636, 0
Java, spectral-norm, 15, 9.722656250000000000, 9.515502929687500000, 0.0, 0.0, 676, 44.8, 42500, 0
Java, spectral-norm, 15, 9.881286621093750000, 9.672668457031250000, 0.0, 0.0, 678, 46.0, 42512, 0
Python, binary-trees, 15, 532.548522949218750000, 519.123352050781250000, 0.0, 0.0, 37419, 46.5, 277248, 0
Python, binary-trees, 15, 534.063720703125000000, 520.628234863281250000, 0.0, 0.0, 37357, 47.2, 277120, 0
Python, binary-trees, 15, 532.311279296875000000, 518.873901367187500000, 0.0, 0.0, 37396, 47.5, 277248, 0
Python, binary-trees, 15, 536.971923828125000000, 523.423645019531250000, 0.0, 0.0, 37654, 47.8, 277248, 0
Python, binary-trees, 15, 534.016296386718750000, 520.547119140625000000, 0.0, 0.0, 37486, 47.0, 277248, 0
Python, binary-trees, 15, 627.676513671875000000, 611.251220703125000000, 0.0, 0.0, 43521, 48.2, 277248, 0
Python, binary-trees, 15, 529.981628417968750000, 516.161865234375000000, 0.0, 0.0, 37186, 47.8, 277248, 0
Python, binary-trees, 15, 530.393310546875000000, 516.992004394531250000, 0.0, 0.0, 37195, 48.5, 277248, 0
Python, binary-trees, 15, 532.331909179687500000, 518.878051757812500000, 0.0, 0.0, 37371, 48.8, 277248, 0
Python, binary-trees, 15, 530.546752929687500000, 517.122558593750000000, 0.0, 0.0, 37215, 48.2, 277248, 0
Python, binary-trees, 15, 545.836547851562500000, 532.074707031250000000, 0.0, 0.0, 38323, 48.8, 277248, 0
Python, binary-trees, 15, 528.899414062500000000, 515.529418945312500000, 0.0, 0.0, 37168, 49.0, 277120, 0
Python, binary-trees, 15, 530.221252441406250000, 516.820312500000000000, 0.0, 0.0, 37147, 49.5, 277248, 0
Python, binary-trees, 15, 537.210205078125000000, 523.629760742187500000, 0.0, 0.0, 37720, 48.8, 277120, 0
Python, binary-trees, 15, 533.553222656250000000, 520.058837890625000000, 0.0, 0.0, 37422, 49.5, 277248, 0
Python, binary-trees, 15, 532.269531250000000000, 518.768249511718750000, 0.0, 0.0, 37434, 49.2, 277248, 0
Python, binary-trees, 15, 533.450988769531250000, 519.962890625000000000, 0.0, 0.0, 37472, 48.2, 277248, 0
Python, binary-trees, 15, 532.066040039062500000, 518.627136230468750000, 0.0, 0.0, 37283, 49.5, 277248, 0
Python, binary-trees, 15, 530.178649902343750000, 516.807983398437500000, 0.0, 0.0, 37072, 49.8, 277120, 0
Python, binary-trees, 15, 528.622802734375000000, 515.189575195312500000, 0.0, 0.0, 37256, 49.2, 277248, 0
Python, fannkuch-redux, 15, 4586.554748535156250000, 4493.815429687500000000, 0.0, 0.0, 306760, 50.2, 14336, 0
Python, fannkuch-redux, 15, 4596.463256835937500000, 4503.479370117187500000, 0.0, 0.0, 307354, 50.8, 14336, 0
Python, fannkuch-redux, 15, 4602.943664550781250000, 4509.732360839843750000, 0.0, 0.0, 308021, 50.5, 14336, 0
Python, fannkuch-redux, 15, 4592.612609863281250000, 4499.412475585937500000, 0.0, 0.0, 307413, 51.2, 14208, 0
Python, fannkuch-redux, 15, 4604.620910644531250000, 4511.446105957031250000, 0.0, 0.0, 308006, 50.8, 14208, 0
Python, fannkuch-redux, 15, 4616.055236816406250000, 4522.695190429687500000, 0.0, 0.0, 308903, 50.5, 14336, 0
Python, fannkuch-redux, 15, 4581.328552246093750000, 4488.563354492187500000, 0.0, 0.0, 306481, 50.2, 14336, 0
Python, fannkuch-redux, 15, 4555.166809082031250000, 4462.906677246093750000, 0.0, 0.0, 304732, 50.2, 14208, 0
Python, fannkuch-redux, 15, 4588.874328613281250000, 4496.085876464843750000, 0.0, 0.0, 307095, 51.2, 14336, 0
Python, fannkuch-redux, 15, 4651.725219726562500000, 4557.599426269531250000, 0.0, 0.0, 311210, 51.0, 14208, 0
Python, fannkuch-redux, 15, 4584.651367187500000000, 4491.965026855468750000, 0.0, 0.0, 306657, 50.5, 14336, 0
Python, fannkuch-redux, 15, 4599.608215332031250000, 4506.564758300781250000, 0.0, 0.0, 307664, 51.2, 14336, 0
Python, fannkuch-redux, 15, 4597.226257324218750000, 4504.074645996093750000, 0.0, 0.0, 307608, 50.8, 14336, 0
Python, fannkuch-redux, 15, 4632.961059570312500000, 4539.393737792968750000, 0.0, 0.0, 309814, 51.0, 14336, 0
Python, fannkuch-redux, 15, 4600.186401367187500000, 4507.267639160156250000, 0.0, 0.0, 307721, 51.0, 14336, 0
Python, fannkuch-redux, 15, 4611.430053710937500000, 4518.051879882812500000, 0.0, 0.0, 308627, 51.0, 14336, 0
Python, fannkuch-redux, 15, 4612.749877929687500000, 4519.334472656250000000, 0.0, 0.0, 308742, 50.8, 14336, 0
Python, fannkuch-redux, 15, 4625.683898925781250000, 4532.057434082031250000, 0.0, 0.0, 309568, 50.5, 14336, 0
Python, fannkuch-redux, 15, 4584.072204589843750000, 4491.354064941406250000, 0.0, 0.0, 306591, 50.5, 14336, 0
Python, fannkuch-redux, 15, 4600.666748046875000000, 4507.514465332031250000, 0.0, 0.0, 307832, 50.5, 14336, 0
Python, fasta, 15, 437.512695312500000000, 424.961608886718750000, 0.0, 0.0, 41322, 49.2, 9216, 0
Python, fasta, 15, 444.060974121093750000, 431.397155761718750000, 0.0, 0.0, 41726, 48.8, 9216, 0
Python, fasta, 15, 436.929565429687500000, 424.377868652343750000, 0.0, 0.0, 41208, 48.2, 9216, 0
Python, fasta, 15, 435.031555175781250000, 422.539123535156250000, 0.0, 0.0, 41042, 47.5, 9216, 0
Python, fasta, 15, 439.605712890625000000, 426.988769531250000000, 0.0, 0.0, 41259, 47.0, 9216, 0
Python, fasta, 15, 436.437927246093750000, 423.679565429687500000, 0.0, 0.0, 41248, 47.8, 9344, 0
Python, fasta, 15, 437.560913085937500000, 425.092712402343750000, 0.0, 0.0, 41122, 47.8, 9344, 0
Python, fasta, 15, 440.791870117187500000, 428.290527343750000000, 0.0, 0.0, 41301, 47.2, 9344, 0
Python, fasta, 15, 434.751525878906250000, 422.285095214843750000, 0.0, 0.0, 41118, 47.2, 9216, 0
Python, fasta, 15, 442.671020507812500000, 430.118103027343750000, 0.0, 0.0, 41257, 46.0, 9344, 0
Python, fasta, 15, 438.506896972656250000, 426.007873535156250000, 0.0, 0.0, 41079, 45.8, 9216, 0
Python, fasta, 15, 438.365173339843750000, 425.908569335937500000, 0.0, 0.0, 41074, 46.8, 9216, 0
Python, fasta, 15, 438.809814453125000000, 426.218200683593750000, 0.0, 0.0, 41326, 46.5, 9344, 0
Python, fasta, 15, 434.540466308593750000, 422.127441406250000000, 0.0, 0.0, 41021, 45.8, 9216, 0
Python, fasta, 15, 439.679321289062500000, 427.199584960937500000, 0.0, 0.0, 41258, 46.2, 9216, 0
Python, fasta, 15, 435.076171875000000000, 422.628356933593750000, 0.0, 0.0, 41061, 47.0, 9216, 0
Python, fasta, 15, 433.786010742187500000, 421.350158691406250000, 0.0, 0.0, 41082, 46.0, 9344, 0
Python, fasta, 15, 433.592224121093750000, 421.082214355468750000, 0.0, 0.0, 41196, 46.8, 9344, 0
Python, fasta, 15, 443.853088378906250000, 431.329101562500000000, 0.0, 0.0, 41259, 46.8, 9216, 0
Python, fasta, 15, 437.060058593750000000, 424.295349121093750000, 0.0, 0.0, 41061, 46.2, 9216, 0
Python, k-nucleotide, 15, 664.083190917968750000, 649.095336914062500000, 0.0, 0.0, 44609, 48.5, 261888, 0
Python, k-nucleotide, 15, 664.354431152343750000, 649.379577636718750000, 0.0, 0.0, 44626, 48.5, 261636, 0
Python, k-nucleotide, 15, 663.416259765625000000, 648.431152343750000000, 0.0, 0.0, 44560, 49.2, 261884, 0
Python, k-nucleotide, 15, 662.716735839843750000, 647.715393066406250000, 0.0, 0.0, 44500, 49.0, 261880, 0
Python, k-nucleotide, 15, 663.419250488281250000, 648.420349121093750000, 0.0, 0.0, 44591, 49.8, 261780, 0
Python, k-nucleotide, 15, 658.401733398437500000, 643.480651855468750000, 0.0, 0.0, 44264, 49.8, 261792, 0
Python, k-nucleotide, 15, 669.433837890625000000, 654.317810058593750000, 0.0, 0.0, 44984, 50.0, 261884, 0
Python, k-nucleotide, 15, 667.929260253906250000, 652.856811523437500000, 0.0, 0.0, 44861, 50.5, 261760, 0
Python, k-nucleotide, 15, 668.093994140625000000, 652.993164062500000000, 0.0, 0.0, 44862, 50.0, 261884, 0
Python, k-nucleotide, 15, 660.307067871093750000, 645.356750488281250000, 0.0, 0.0, 44350, 50.2, 261756, 0
Python, k-nucleotide, 15, 659.767211914062500000, 644.848510742187500000, 0.0, 0.0, 44313, 49.5, 261656, 0
Python, k-nucleotide, 15, 663.956970214843750000, 648.897460937500000000, 0.0, 0.0, 44588, 49.5, 261756, 0
Python, k-nucleotide, 15, 667.114624023437500000, 652.030273437500000000, 0.0, 0.0, 44830, 49.8, 261648, 0
Python, k-nucleotide, 15, 668.677917480468750000, 653.578308105468750000, 0.0, 0.0, 44918, 50.2, 261756, 0
Python, k-nucleotide, 15, 665.737365722656250000, 650.697631835937500000, 0.0, 0.0, 44730, 50.2, 261748, 0
Python, k-nucleotide, 15, 656.500488281250000000, 641.641235351562500000, 0.0, 0.0, 44106, 50.0, 261880, 0
Python, k-nucleotide, 15, 663.269470214843750000, 648.271972656250000000, 0.0, 0.0, 44569, 50.0, 261876, 0
Python, k-nucleotide, 15, 661.021301269531250000, 646.058776855468750000, 0.0, 0.0, 44409, 49.5, 261756, 0
Python, k-nucleotide, 15, 659.733398437500000000, 644.769592285156250000, 0.0, 0.0, 44349, 50.5, 261764, 0
Python, k-nucleotide, 15, 659.694519042968750000, 644.758239746093750000, 0.0, 0.0, 44336, 50.0, 261756, 0
Python, mandelbrot, 15, 2410.020263671875000000, 2361.213378906250000000, 0.0, 0.0, 161093, 50.8, 14336, 0
Python, mandelbrot, 15, 2387.168090820312500000, 2338.799377441406250000, 0.0, 0.0, 159555, 50.8, 14336, 0
Python, mandelbrot, 15, 2382.358947753906250000, 2334.086120605468750000, 0.0, 0.0, 159238, 51.5, 14336, 0
Python, mandelbrot, 15, 2379.472351074218750000, 2331.205200195312500000, 0.0, 0.0, 159045, 51.0, 14336, 0
Python, mandelbrot, 15, 2419.863708496093750000, 2370.867736816406250000, 0.0, 0.0, 161750, 51.2, 14336, 0
Python, mandelbrot, 15, 2381.962463378906250000, 2333.703918457031250000, 0.0, 0.0, 159218, 51.0, 14208, 0
Python, mandelbrot, 15, 2397.382141113281250000, 2348.810119628906250000, 0.0, 0.0, 160244, 50.8, 14464, 0
Python, mandelbrot, 15, 2383.084777832031250000, 2334.805175781250000000, 0.0, 0.0, 159294, 50.5, 14336, 0
Python, mandelbrot, 15, 2373.887084960937500000, 2325.748779296875000000, 0.0, 0.0, 158673, 51.0, 14208, 0
Python, mandelbrot, 15, 2422.416687011718750000, 2373.338317871093750000, 0.0, 0.0, 161918, 50.5, 14464, 0
Python, mandelbrot, 15, 2391.763366699218750000, 2343.304138183593750000, 0.0, 0.0, 159869, 50.8, 14464, 0
Python, mandelbrot, 15, 2382.304992675781250000, 2334.001586914062500000, 0.0, 0.0, 159238, 51.2, 14336, 0
Python, mandelbrot, 15, 2396.298645019531250000, 2347.786499023437500000, 0.0, 0.0, 160169, 50.8, 14336, 0
Python, mandelbrot, 15, -259740.579162597656250000, 2354.715759277343750000, 0.0, 0.0, 160645, 51.2, 14336, 0
Python, mandelbrot, 15, 2401.757019042968750000, 2353.120056152343750000, 0.0, 0.0, 160533, 51.0, 14336, 0
Python, mandelbrot, 15, 2377.597473144531250000, 2329.177917480468750000, 0.0, 0.0, 158916, 51.0, 14336, 0
Python, mandelbrot, 15, 2406.882934570312500000, 2358.121398925781250000, 0.0, 0.0, 160874, 50.5, 14464, 0
Python, mandelbrot, 15, 2382.761596679687500000, 2334.489746093750000000, 0.0, 0.0, 159262, 51.5, 14336, 0
Python, mandelbrot, 15, 2380.818359375000000000, 2332.577392578125000000, 0.0, 0.0, 159140, 50.5, 14336, 0
Python, mandelbrot, 15, 2409.293273925781250000, 2360.494018554687500000, 0.0, 0.0, 161048, 51.0, 14336, 0
Python, n-body, 15, 2667.315917968750000000, 2596.152893066406250000, 0.0, 0.0, 236717, 48.5, 9344, 0
Python, n-body, 15, 2639.515136718750000000, 2569.375854492187500000, 0.0, 0.0, 233211, 47.2, 9472, 0
Python, n-body, 15, 2675.952880859375000000, 2605.178222656250000000, 0.0, 0.0, 235069, 48.0, 9344, 0
Python, n-body, 15, 2654.890014648437500000, 2584.522521972656250000, 0.0, 0.0, 233864, 47.5, 9344, 0
Python, n-body, 15, 2683.967956542968750000, 2612.670593261718750000, 0.0, 0.0, 238002, 46.8, 9472, 0
Python, n-body, 15, 2938.008789062500000000, 2859.378479003906250000, 0.0, 0.0, 262221, 46.5, 9472, 0
Python, n-body, 15, 2632.261474609375000000, 2562.213623046875000000, 0.0, 0.0, 233822, 46.5, 9472, 0
Python, n-body, 15, 2643.556701660156250000, 2573.518310546875000000, 0.0, 0.0, 233649, 47.0, 9344, 0
Python, n-body, 15, 2636.770385742187500000, -259577.360046386718750000, 0.0, 0.0, 233078, 46.8, 9344, 0
Python, n-body, 15, 2683.274353027343750000, 2612.504577636718750000, 0.0, 0.0, 235124, 47.2, 9344, 0
Python, n-body, 15, 2650.932373046875000000, 2580.928588867187500000, 0.0, 0.0, 233121, 46.0, 9472, 0
Python, n-body, 15, 2665.568115234375000000, 2595.442443847656250000, 0.0, 0.0, 232960, 47.0, 9344, 0
Python, n-body, 15, 2683.414672851562500000, 2613.286987304687500000, 0.0, 0.0, 233358, 47.0, 9472, 0
Python, n-body, 15, 2676.709045410156250000, 2606.621643066406250000, 0.0, 0.0, 233400, 46.5, 9344, 0
Python, n-body, 15, 2649.714965820312500000, 2579.390747070312500000, 0.0, 0.0, 233682, 48.2, 9472, 0
Python, n-body, 15, 2679.139343261718750000, 2608.922363281250000000, 0.0, 0.0, 233258, 47.0, 9472, 0
Python, n-body, 15, 2684.793395996093750000, 2614.540405273437500000, 0.0, 0.0, 233783, 46.8, 9344, 0
Python, n-body, 15, 2712.261108398437500000, 2640.613342285156250000, 0.0, 0.0, 237969, 47.8, 9344, 0
Python, n-body, 15, 2699.016296386718750000, 2627.073974609375000000, 0.0, 0.0, 238752, 46.8, 9344, 0
Python, n-body, 15, 2669.555969238281250000, 2599.426147460937500000, 0.0, 0.0, 233266, 46.2, 9344, 0
Python, regex-redux, 15, 93.582092285156250000, 91.191345214843750000, 0.0, 0.0, 7721, 47.2, 460524, 0
Python, regex-redux, 15, 94.119689941406250000, 91.721313476562500000, 0.0, 0.0, 7751, 47.0, 460412, 0
Python, regex-redux, 15, 92.958435058593750000, 90.559020996093750000, 0.0, 0.0, 7729, 47.5, 460660, 0
Python, regex-redux, 15, 93.181945800781250000, 90.779479980468750000, 0.0, 0.0, 7721, 46.8, 460572, 0
Python, regex-redux, 15, 93.295837402343750000, 90.898742675781250000, 0.0, 0.0, 7711, 47.8, 460500, 0
Python, regex-redux, 15, 93.210876464843750000, 90.814270019531250000, 0.0, 0.0, 7727, 47.5, 460656, 0
Python, regex-redux, 15, 93.362731933593750000, 90.968322753906250000, 0.0, 0.0, 7712, 46.5, 460564, 0
Python, regex-redux, 15, 93.888916015625000000, 91.487365722656250000, 0.0, 0.0, 7723, 46.8, 460584, 0
Python, regex-redux, 15, 93.175231933593750000, 90.784362792968750000, 0.0, 0.0, 7719, 47.0, 460652, 0
Python, regex-redux, 15, 92.823486328125000000, 90.434570312500000000, 0.0, 0.0, 7714, 46.8, 460624, 0
Python, regex-redux, 15, 94.021423339843750000, 91.603576660156250000, 0.0, 0.0, 7790, 46.2, 460568, 0
Python, regex-redux, 15, 93.421264648437500000, 91.007568359375000000, 0.0, 0.0, 7765, 47.0, 460632, 0
Python, regex-redux, 15, 93.325561523437500000, 90.918457031250000000, 0.0, 0.0, 7726, 47.0, 460648, 0
Python, regex-redux, 15, 93.616577148437500000, 91.225280761718750000, 0.0, 0.0, 7715, 47.5, 460560, 0
Python, regex-redux, 15, 94.956481933593750000, 92.513000488281250000, 0.0, 0.0, 7865, 46.8, 460632, 0
Python, regex-redux, 15, 93.605346679687500000, 91.195129394531250000, 0.0, 0.0, 7737, 46.8, 460624, 0
Python, regex-redux, 15, 92.933837890625000000, 90.538146972656250000, 0.0, 0.0, 7708, 46.8, 460608, 0
Python, regex-redux, 15, 93.520935058593750000, 91.111450195312500000, 0.0, 0.0, 7742, 46.8, 460532, 0
Python, regex-redux, 15, 93.540527343750000000, 91.132629394531250000, 0.0, 0.0, 7750, 47.2, 460516, 0
Python, regex-redux, 15, 92.970520019531250000, 90.566162109375000000, 0.0, 0.0, 7716, 46.8, 460292, 0
Python, reverse-complement, 15, 17.392395019531250000, 16.922119140625000000, 0.0, 0.0, 1440, 46.0, 628180, 0
Python, reverse-complement, 15, 17.638549804687500000, 17.161010742187500000, 0.0, 0.0, 1443, 46.5, 628208, 0
Python, reverse-complement, 15, 17.670898437500000000, 17.198608398437500000, 0.0, 0.0, 1440, 46.5, 628292, 0
Python, reverse-complement, 15, 17.757141113281250000, 17.286193847656250000, 0.0, 0.0, 1448, 46.2, 628292, 0
Python, reverse-complement, 15, 17.726074218750000000, 17.262329101562500000, 0.0, 0.0, 1443, 46.5, 628296, 0
Python, reverse-complement, 15, 17.489196777343750000, 17.016662597656250000, 0.0, 0.0, 1443, 45.8, 628204, 0
Python, reverse-complement, 15, 17.560668945312500000, 17.095458984375000000, 0.0, 0.0, 1437, 45.2, 628292, 0
Python, reverse-complement, 15, 17.515869140625000000, 17.053771972656250000, 0.0, 0.0, 1438, 45.8, 628296, 0
Python, reverse-complement, 15, 17.644470214843750000, 17.179809570312500000, 0.0, 0.0, 1443, 45.8, 628296, 0
Python, reverse-complement, 15, 17.525695800781250000, 17.053344726562500000, 0.0, 0.0, 1439, 46.2, 628176, 0
Python, reverse-complement, 15, 17.525512695312500000, 17.056823730468750000, 0.0, 0.0, 1438, 45.8, 628292, 0
Python, reverse-complement, 15, 17.450805664062500000, 16.987670898437500000, 0.0, 0.0, 1440, 45.8, 628192, 0
Python, reverse-complement, 15, 17.520019531250000000, 17.056579589843750000, 0.0, 0.0, 1442, 46.5, 628332, 0
Python, reverse-complement, 15, 17.822998046875000000, 17.353271484375000000, 0.0, 0.0, 1439, 47.5, 628180, 0
Python, reverse-complement, 15, 17.445068359375000000, 16.983032226562500000, 0.0, 0.0, 1430, 45.2, 628304, 0
Python, reverse-complement, 15, 17.544494628906250000, 17.076354980468750000, 0.0, 0.0, 1433, 46.2, 628296, 0
Python, reverse-complement, 15, 17.721740722656250000, 17.252868652343750000, 0.0, 0.0, 1444, 45.5, 628172, 0
Python, reverse-complement, 15, 17.732971191406250000, 17.264160156250000000, 0.0, 0.0, 1448, 45.8, 628304, 0
Python, reverse-complement, 15, 17.706542968750000000, 17.237487792968750000, 0.0, 0.0, 1444, 46.2, 628336, 0
Python, reverse-complement, 15, 17.539794921875000000, 17.068603515625000000, 0.0, 0.0, 1443, 45.5, 628424, 0
Python, spectral-norm, 15, 1643.565734863281250000, 1610.336853027343750000, 0.0, 0.0, 109903, 49.2, 15872, 0
Python, spectral-norm, 15, 1660.777526855468750000, 1627.188293457031250000, 0.0, 0.0, 111044, 49.8, 15744, 0
Python, spectral-norm, 15, 1677.802490234375000000, 1643.844970703125000000, 0.0, 0.0, 112200, 51.0, 15744, 0
Python, spectral-norm, 15, 1655.626770019531250000, 1622.072082519531250000, 0.0, 0.0, 110794, 50.2, 15872, 0
Python, spectral-norm, 15, 1652.814697265625000000, 1619.336425781250000000, 0.0, 0.0, 110531, 50.5, 15744, 0
Python, spectral-norm, 15, 1701.538513183593750000, 1667.078979492187500000, 0.0, 0.0, 113805, 50.8, 15744, 0
Python, spectral-norm, 15, 1647.520385742187500000, 1614.140625000000000000, 0.0, 0.0, 110189, 50.8, 15744, 0
Python, spectral-norm, 15, 1642.429199218750000000, 1609.161010742187500000, 0.0, 0.0, 109831, 50.8, 15744, 0
Python, spectral-norm, 15, 1659.491882324218750000, 1625.864318847656250000, 0.0, 0.0, 110990, 51.0, 15616, 0
Python, spectral-norm, 15, 1650.827636718750000000, 1617.396179199218750000, 0.0, 0.0, 110399, 50.8, 15744, 0
Python, spectral-norm, 15, 1647.161804199218750000, 1613.809570312500000000, 0.0, 0.0, 110145, 51.2, 15872, 0
Python, spectral-norm, 15, 1644.525756835937500000, 1611.211364746093750000, 0.0, 0.0, 109978, 51.5, 15744, 0
Python, spectral-norm, 15, 1653.040527343750000000, 1619.547790527343750000, 0.0, 0.0, 110561, 51.5, 15740, 0
Python, spectral-norm, 15, 1738.639770507812500000, 1703.351684570312500000, 0.0, 0.0, 116476, 51.0, 15872, 0
Python, spectral-norm, 15, 1652.584472656250000000, 1619.096557617187500000, 0.0, 0.0, 110539, 51.8, 15744, 0
Python, spectral-norm, 15, 1641.607360839843750000, 1608.342163085937500000, 0.0, 0.0, 109772, 51.5, 15872, 0
Python, spectral-norm, 15, 1640.614013671875000000, 1607.373046875000000000, 0.0, 0.0, 109702, 51.2, 15744, 0
Python, spectral-norm, 15, 1639.828613281250000000, 1606.593139648437500000, 0.0, 0.0, 109665, 51.8, 15872, 0
Python, spectral-norm, 15, 1639.061950683593750000, 1605.850097656250000000, 0.0, 0.0, 109607, 51.5, 15744, 0
Python, spectral-norm, 15, 1650.582946777343750000, 1617.137084960937500000, 0.0, 0.0, 110376, 51.2, 15872, 0
C, binary-trees, 25, 20.668212890625000000, 20.286621093750000000, 0.0, 0.0, 1033, 50.5, 134272, 0
C, binary-trees, 25, 20.505249023437500000, 20.131408691406250000, 0.0, 0.0, 1029, 50.2, 134400, 0
C, binary-trees, 25, 20.586059570312500000, 20.203613281250000000, 0.0, 0.0, 1032, 51.0, 134400, 0
C, binary-trees, 25, 21.471008300781250000, 21.066833496093750000, 0.0, 0.0, 1111, 49.0, 134400, 0
C, binary-trees, 25, 20.462524414062500000, 20.081115722656250000, 0.0, 0.0, 1032, 49.5, 134400, 0
C, binary-trees, 25, 20.511535644531250000, 20.131408691406250000, 0.0, 0.0, 1044, 49.2, 134400, 0
C, binary-trees, 25, 20.504455566406250000, 20.120971679687500000, 0.0, 0.0, 1028, 50.2, 134400, 0
C, binary-trees, 25, 20.518188476562500000, 20.130371093750000000, 0.0, 0.0, 1035, 49.2, 134400, 0
C, binary-trees, 25, 20.518615722656250000, 20.140808105468750000, 0.0, 0.0, 1044, 50.0, 134400, 0
C, binary-trees, 25, 20.490478515625000000, 20.111694335937500000, 0.0, 0.0, 1027, 50.2, 134400, 0
C, binary-trees, 25, 20.556030273437500000, 20.178588867187500000, 0.0, 0.0, 1033, 50.0, 134400, 0
C, binary-trees, 25, 21.160827636718750000, 20.766601562500000000, 0.0, 0.0, 1090, 50.5, 134400, 0
C, binary-trees, 25, 20.430847167968750000, 20.047973632812500000, 0.0, 0.0, 1025, 50.2, 134400, 0
C, binary-trees, 25, 20.428283691406250000, 20.047546386718750000, 0.0, 0.0, 1026, 49.8, 134400, 0
C, binary-trees, 25, 20.570068359375000000, 20.190673828125000000, 0.0, 0.0, 1036, 50.2, 134400, 0
C, binary-trees, 25, 20.575134277343750000, 20.190979003906250000, 0.0, 0.0, 1035, 50.0, 134400, 0
C, binary-trees, 25, 20.533691406250000000, 20.138916015625000000, 0.0, 0.0, 1044, 49.8, 134400, 0
C, binary-trees, 25, 20.533569335937500000, 20.161865234375000000, 0.0, 0.0, 1035, 50.0, 134400, 0
C, binary-trees, 25, 20.627258300781250000, 20.243957519531250000, 0.0, 0.0, 1036, 49.8, 134400, 0
C, binary-trees, 25, 20.614318847656250000, 20.231506347656250000, 0.0, 0.0, 1032, 50.2, 134400, 0
C, fannkuch-redux, 25, 47.426452636718750000, 46.828796386718750000, 0.0, 0.0, 1971, 51.2, 1664, 0
C, fannkuch-redux, 25, 47.479736328125000000, 46.879333496093750000, 0.0, 0.0, 1971, 51.2, 1664, 0
C, fannkuch-redux, 25, 47.440917968750000000, 46.848144531250000000, 0.0, 0.0, 1970, 51.0, 1664, 0
C, fannkuch-redux, 25, 47.509094238281250000, 46.908874511718750000, 0.0, 0.0, 1971, 51.5, 1664, 0
C, fannkuch-redux, 25, 47.523986816406250000, 46.920776367187500000, 0.0, 0.0, 1971, 51.2, 1664, 0
C, fannkuch-redux, 25, 47.488830566406250000, 46.888549804687500000, 0.0, 0.0, 1977, 51.5, 1664, 0
C, fannkuch-redux, 25, 47.530944824218750000, 46.929138183593750000, 0.0, 0.0, 1971, 51.5, 1664, 0
C, fannkuch-redux, 25, 47.419006347656250000, 46.823791503906250000, 0.0, 0.0, 1974, 51.0, 1664, 0
C, fannkuch-redux, 25, 47.630310058593750000, 47.024719238281250000, 0.0, 0.0, 1971, 51.2, 1664, 0
C, fannkuch-redux, 25, 47.587646484375000000, 46.995056152343750000, 0.0, 0.0, 1970, 51.5, 1664, 0
C, fannkuch-redux, 25, 47.469116210937500000, 46.865295410156250000, 0.0, 0.0, 1974, 51.0, 1664, 0
C, fannkuch-redux, 25, 47.352661132812500000, 46.760803222656250000, 0.0, 0.0, 1976, 50.8, 1664, 0
C, fannkuch-redux, 25, 47.356811523437500000, 46.764465332031250000, 0.0, 0.0, 1975, 51.8, 1664, 0
C, fannkuch-redux, 25, 47.362609863281250000, 46.771057128906250000, 0.0, 0.0, 1970, 51.2, 1664, 0
C, fannkuch-redux, 25, 47.419738769531250000, 46.816101074218750000, 0.0, 0.0, 1970, 51.8, 1664, 0
C, fannkuch-redux, 25, 47.548889160156250000, 46.950805664062500000, 0.0, 0.0, 1970, 51.5, 1664, 0
C, fannkuch-redux, 25, 47.570983886718750000, 46.971923828125000000, 0.0, 0.0, 1971, 50.8, 1664, 0
C, fannkuch-redux, 25, 47.504699707031250000, 46.902893066406250000, 0.0, 0.0, 1972, 51.2, 1664, 0
C, fannkuch-redux, 25, 47.527099609375000000, 46.927062988281250000, 0.0, 0.0, 1971, 51.0, 1664, 0
C, fannkuch-redux, 25, 47.526855468750000000, 46.930541992187500000, 0.0, 0.0, 1970, 51.2, 1664, 0
C, fasta, 25, 5.485778808593750000, 5.286193847656250000, 0.0, 0.0, 667, 44.8, 1408, 0
C, fasta, 25, 5.370239257812500000, 5.174865722656250000, 0.0, 0.0, 666, 48.2, 1408, 0
C, fasta, 25, 5.348571777343750000, 5.154479980468750000, 0.0, 0.0, 666, 44.8, 1408, 0
C, fasta, 25, 5.368347167968750000, 5.177429199218750000, 0.0, 0.0, 666, 47.2, 1408, 0
C, fasta, 25, 5.343872070312500000, 5.151367187500000000, 0.0, 0.0, 669, 44.5, 1408, 0
C, fasta, 25, 5.399658203125000000, 5.195190429687500000, 0.0, 0.0, 676, 48.0, 1408, 0
C, fasta, 25, 5.338623046875000000, 5.144042968750000000, 0.0, 0.0, 666, 44.2, 1408, 0
C, fasta, 25, 5.358215332031250000, 5.152526855468750000, 0.0, 0.0, 666, 48.0, 1408, 0
C, fasta, 25, 5.357910156250000000, 5.158569335937500000, 0.0, 0.0, 669, 44.8, 1408, 0
C, fasta, 25, 5.366638183593750000, 5.167053222656250000, 0.0, 0.0, 666, 47.8, 1408, 0
C, fasta, 25, 5.385437011718750000, 5.186340332031250000, 0.0, 0.0, 671, 44.5, 1408, 0
C, fasta, 25, 5.394348144531250000, 5.189208984375000000, 0.0, 0.0, 667, 47.8, 1408, 0
C, fasta, 25, 5.294067382812500000, 5.089477539062500000, 0.0, 0.0, 667, 44.5, 1408, 0
C, fasta, 25, 5.420898437500000000, 5.225219726562500000, 0.0, 0.0, 666, 48.0, 1408, 0
C, fasta, 25, 5.340759277343750000, 5.148376464843750000, 0.0, 0.0, 669, 44.0, 1408, 0
C, fasta, 25, 5.323547363281250000, 5.125122070312500000, 0.0, 0.0, 665, 47.8, 1408, 0
C, fasta, 25, 5.279235839843750000, 5.089477539062500000, 0.0, 0.0, 671, 44.0, 1408, 0
C, fasta, 25, 5.371459960937500000, 5.175170898437500000, 0.0, 0.0, 666, 46.8, 1408, 0
C, fasta, 25, 5.318237304687500000, 5.115722656250000000, 0.0, 0.0, 670, 44.0, 1408, 0
C, fasta, 25, 5.361511230468750000, 5.157470703125000000, 0.0, 0.0, 666, 47.0, 1408, 0
C, k-nucleotide, 25, 67.316650390625000000, 66.151184082031250000, 0.0, 0.0, 3166, 50.5, 130304, 0
C, k-nucleotide, 25, 67.371520996093750000, 66.209228515625000000, 0.0, 0.0, 3185, 50.5, 130304, 0
C, k-nucleotide, 25, 66.297607421875000000, 65.204467773437500000, 0.0, 0.0, 3095, 49.8, 130304, 0
C, k-nucleotide, 25, 67.522827148437500000, 66.345458984375000000, 0.0, 0.0, 3200, 50.0, 130304, 0
C, k-nucleotide, 25, 66.767517089843750000, 65.630615234375000000, 0.0, 0.0, 3134, 50.2, 130304, 0
C, k-nucleotide, 25, 67.407287597656250000, 66.229980468750000000, 0.0, 0.0, 3205, 50.5, 130304, 0
C, k-nucleotide, 25, 66.505737304687500000, 65.390686035156250000, 0.0, 0.0, 3104, 50.8, 130304, 0
C, k-nucleotide, 25, 67.135375976562500000, 65.980041503906250000, 0.0, 0.0, 3147, 51.0, 130304, 0
C, k-nucleotide, 25, 65.534912109375000000, 64.467224121093750000, 0.0, 0.0, 3035, 51.0, 130304, 0
C, k-nucleotide, 25, 66.052429199218750000, 64.969299316406250000, 0.0, 0.0, 3059, 50.8, 130304, 0
C, k-nucleotide, 25, 67.814086914062500000, 66.626586914062500000, 0.0, 0.0, 3210, 51.5, 130304, 0
C, k-nucleotide, 25, 67.075256347656250000, 65.938049316406250000, 0.0, 0.0, 3147, 50.8, 130304, 0
C, k-nucleotide, 25, 67.336914062500000000, 66.168334960937500000, 0.0, 0.0, 3170, 50.5, 130304, 0
C, k-nucleotide, 25, 64.963073730468750000, 63.946533203125000000, 0.0, 0.0, 2963, 51.0, 130304, 0
C, k-nucleotide, 25, 65.144165039062500000, 64.107666015625000000, 0.0, 0.0, 2999, 51.0, 130304, 0
C, k-nucleotide, 25, 66.008666992187500000, 64.920837402343750000, 0.0, 0.0, 3055, 51.2, 130304, 0
C, k-nucleotide, 25, 66.743347167968750000, 65.613525390625000000, 0.0, 0.0, 3142, 50.0, 130304, 0
C, k-nucleotide, 25, 67.002563476562500000, 65.856384277343750000, 0.0, 0.0, 3136, 50.8, 130304, 0
C, k-nucleotide, 25, 67.307189941406250000, 66.145263671875000000, 0.0, 0.0, 3169, 50.8, 130304, 0
C, k-nucleotide, 25, 66.922485351562500000, 65.779479980468750000, 0.0, 0.0, 3125, 51.0, 130304, 0
C, mandelbrot, 25, 23.150939941406250000, 22.868957519531250000, 0.0, 0.0, 947, 44.8, 33280, 0
C, mandelbrot, 25, 23.126220703125000000, 22.841491699218750000, 0.0, 0.0, 947, 53.2, 33152, 0
C, mandelbrot, 25, 23.211364746093750000, 22.927307128906250000, 0.0, 0.0, 947, 44.5, 33152, 0
C, mandelbrot, 25, 23.170532226562500000, 22.876586914062500000, 0.0, 0.0, 947, 52.5, 33152, 0
C, mandelbrot, 25, 23.126525878906250000, 22.849426269531250000, 0.0, 0.0, 947, 44.8, 33152, 0
C, mandelbrot, 25, 23.217468261718750000, 22.930114746093750000, 0.0, 0.0, 958, 52.5, 33280, 0
C, mandelbrot, 25, 23.156127929687500000, 22.877685546875000000, 0.0, 0.0, 947, 44.8, 33280, 0
C, mandelbrot, 25, 23.172119140625000000, 22.889404296875000000, 0.0, 0.0, 947, 52.8, 33280, 0
C, mandelbrot, 25, 23.110107421875000000, 22.834228515625000000, 0.0, 0.0, 947, 44.2, 33024, 0
C, mandelbrot, 25, 23.123657226562500000, 22.833923339843750000, 0.0, 0.0, 947, 53.0, 33152, 0
C, mandelbrot, 25, 23.133605957031250000, 22.854431152343750000, 0.0, 0.0, 947, 44.5, 33280, 0
C, mandelbrot, 25, 23.208007812500000000, 22.924011230468750000, 0.0, 0.0, 947, 53.0, 33152, 0
C, mandelbrot, 25, 23.187133789062500000, 22.896240234375000000, 0.0, 0.0, 947, 44.5, 33152, 0
C, mandelbrot, 25, 23.319885253906250000, 23.029479980468750000, 0.0, 0.0, 948, 52.8, 33152, 0
C, mandelbrot, 25, 23.265563964843750000, 22.977172851562500000, 0.0, 0.0, 947, 44.2, 33280, 0
C, mandelbrot, 25, 23.278747558593750000, 22.984436035156250000, 0.0, 0.0, 947, 52.8, 33280, 0
C, mandelbrot, 25, 23.156005859375000000, 22.878479003906250000, 0.0, 0.0, 954, 44.5, 33152, 0
C, mandelbrot, 25, 23.185058593750000000, 22.905883789062500000, 0.0, 0.0, 947, 52.8, 33152, 0
C, mandelbrot, 25, 23.160644531250000000, 22.872741699218750000, 0.0, 0.0, 947, 44.8, 33280, 0
C, mandelbrot, 25, 23.128173828125000000, 22.845520019531250000, 0.0, 0.0, 946, 53.0, 33152, 0
C, n-body, 25, 16.455078125000000000, 15.932983398437500000, 0.0, 0.0, 1727, 48.2, 1536, 0
C, n-body, 25, 16.288391113281250000, 15.774658203125000000, 0.0, 0.0, 1725, 48.2, 1536, 0
C, n-body, 25, 16.452636718750000000, 15.938232421875000000, 0.0, 0.0, 1729, 47.2, 1536, 0
C, n-body, 25, 16.470031738281250000, 15.956604003906250000, 0.0, 0.0, 1731, 48.5, 1536, 0
C, n-body, 25, 16.583679199218750000, 16.067382812500000000, 0.0, 0.0, 1726, 48.0, 1536, 0
C, n-body, 25, 16.593994140625000000, 16.073669433593750000, 0.0, 0.0, 1740, 48.8, 1536, 0
C, n-body, 25, 16.228027343750000000, 15.716247558593750000, 0.0, 0.0, 1731, 47.5, 1536, 0
C, n-body, 25, 16.434509277343750000, 15.919799804687500000, 0.0, 0.0, 1729, 48.8, 1536, 0
C, n-body, 25, 16.337280273437500000, 15.819396972656250000, 0.0, 0.0, 1730, 48.5, 1536, 0
C, n-body, 25, 16.519287109375000000, 16.005615234375000000, 0.0, 0.0, 1726, 47.5, 1536, 0
C, n-body, 25, 16.530273437500000000, 16.011352539062500000, 0.0, 0.0, 1725, 47.5, 1536, 0
C, n-body, 25, 16.252075195312500000, 15.728637695312500000, 0.0, 0.0, 1725, 47.2, 1536, 0
C, n-body, 25, 16.164855957031250000, 15.650207519531250000, 0.0, 0.0, 1732, 47.5, 1536, 0
C, n-body, 25, 16.182189941406250000, 15.668945312500000000, 0.0, 0.0, 1728, 47.5, 1536, 0
C, n-body, 25, 16.353698730468750000, 15.838623046875000000, 0.0, 0.0, 1726, 48.0, 1536, 0
C, n-body, 25, 16.226135253906250000, 15.702575683593750000, 0.0, 0.0, 1726, 47.2, 1536, 0
C, n-body, 25, 16.430786132812500000, 15.912658691406250000, 0.0, 0.0, 1725, 47.2, 1536, 0
C, n-body, 25, 16.665710449218750000, 16.146240234375000000, 0.0, 0.0, 1730, 47.2, 1536, 0
C, n-body, 25, 16.521118164062500000, 16.003906250000000000, 0.0, 0.0, 1726, 48.2, 1536, 0
C, n-body, 25, 16.653991699218750000, 16.131835937500000000, 0.0, 0.0, 1731, 47.8, 1536, 0
C, regex-redux, 25, 13.292785644531250000, 13.071044921875000000, 0.0, 0.0, 722, 44.0, 152256, 0
C, regex-redux, 25, 13.327758789062500000, 13.100219726562500000, 0.0, 0.0, 719, 48.8, 152260, 0
C, regex-redux, 25, 13.251464843750000000, 13.032470703125000000, 0.0, 0.0, 721, 44.2, 152260, 0
C, regex-redux, 25, 13.285766601562500000, 13.060729980468750000, 0.0, 0.0, 716, 48.8, 152260, 0
C, regex-redux, 25, 13.158813476562500000, 12.942016601562500000, 0.0, 0.0, 714, 44.5, 152384, 0
C, regex-redux, 25, 13.302368164062500000, 13.076232910156250000, 0.0, 0.0, 726, 48.0, 152256, 0
C, regex-redux, 25, 13.117187500000000000, 12.896667480468750000, 0.0, 0.0, 715, 44.2, 152256, 0
C, regex-redux, 25, 13.229003906250000000, 13.000549316406250000, 0.0, 0.0, 714, 48.8, 152256, 0
C, regex-redux, 25, 13.128295898437500000, 12.899841308593750000, 0.0, 0.0, 714, 43.8, 152256, 0
C, regex-redux, 25, 13.218505859375000000, 12.988159179687500000, 0.0, 0.0, 715, 49.2, 152256, 0
C, regex-redux, 25, 13.183227539062500000, 12.952148437500000000, 0.0, 0.0, 714, 44.2, 152256, 0
C, regex-redux, 25, 13.174072265625000000, 12.948974609375000000, 0.0, 0.0, 716, 48.2, 152256, 0
C, regex-redux, 25, 13.205322265625000000, 12.981262207031250000, 0.0, 0.0, 719, 44.2, 152256, 0
C, regex-redux, 25, 13.211120605468750000, 12.986145019531250000, 0.0, 0.0, 715, 48.2, 152256, 0
C, regex-redux, 25, 13.208374023437500000, 12.986145019531250000, 0.0, 0.0, 720, 44.2, 152256, 0
C, regex-redux, 25, 13.139221191406250000, 12.919494628906250000, 0.0, 0.0, 714, 49.0, 152256, 0
C, regex-redux, 25, 13.165039062500000000, 12.943298339843750000, 0.0, 0.0, 720, 44.2, 152256, 0
C, regex-redux, 25, 13.303588867187500000, 13.069458007812500000, 0.0, 0.0, 716, 49.5, 152256, 0
C, regex-redux, 25, 13.212036132812500000, 12.987365722656250000, 0.0, 0.0, 719, 44.0, 152256, 0
C, regex-redux, 25, 13.272888183593750000, 13.044860839843750000, 0.0, 0.0, 715, 48.8, 152256, 0
C, reverse-complement, 25, 1.305786132812500000, 1.254760742187500000, 0.0, 0.0, 107, 44.2, 127508, 0
C, reverse-complement, 25, 1.334716796875000000, 1.288208007812500000, 0.0, 0.0, 106, 44.2, 127508, 0
C, reverse-complement, 25, 1.347045898437500000, 1.304260253906250000, 0.0, 0.0, 107, 44.2, 127640, 0
C, reverse-complement, 25, 1.335754394531250000, 1.290222167968750000, 0.0, 0.0, 105, 44.2, 127508, 0
C, reverse-complement, 25, 1.352050781250000000, 1.309753417968750000, 0.0, 0.0, 106, 44.2, 127508, 0
C, reverse-complement, 25, 1.354431152343750000, 1.313232421875000000, 0.0, 0.0, 110, 44.2, 127508, 0
C, reverse-complement, 25, 1.340270996093750000, 1.292846679687500000, 0.0, 0.0, 105, 44.2, 127640, 0
C, reverse-complement, 25, 1.334899902343750000, 1.290405273437500000, 0.0, 0.0, 105, 44.2, 127508, 0
C, reverse-complement, 25, 1.362609863281250000, 1.314208984375000000, 0.0, 0.0, 107, 49.0, 127508, 0
C, reverse-complement, 25, 1.326354980468750000, 1.279785156250000000, 0.0, 0.0, 110, 44.0, 127636, 0
C, reverse-complement, 25, 1.334594726562500000, 1.293457031250000000, 0.0, 0.0, 106, 44.0, 127508, 0
C, reverse-complement, 25, 1.349670410156250000, 1.311096191406250000, 0.0, 0.0, 107, 44.0, 127512, 0
C, reverse-complement, 25, 1.356933593750000000, 1.307922363281250000, 0.0, 0.0, 106, 44.0, 127508, 0
C, reverse-complement, 25, 1.336486816406250000, 1.284301757812500000, 0.0, 0.0, 107, 44.0, 127508, 0
C, reverse-complement, 25, 1.335510253906250000, 1.293762207031250000, 0.0, 0.0, 105, 44.0, 127508, 0
C, reverse-complement, 25, 1.335815429687500000, 1.287231445312500000, 0.0, 0.0, 106, 44.0, 127640, 0
C, reverse-complement, 25, 1.346862792968750000, 1.306152343750000000, 0.0, 0.0, 107, 44.0, 127636, 0
C, reverse-complement, 25, 1.331420898437500000, 1.292663574218750000, 0.0, 0.0, 106, 48.5, 127512, 0
C, reverse-complement, 25, 1.283020019531250000, 1.236083984375000000, 0.0, 0.0, 109, 44.5, 127636, 0
C, reverse-complement, 25, 1.331909179687500000, 1.289489746093750000, 0.0, 0.0, 105, 44.5, 127512, 0
C, spectral-norm, 25, 8.019836425781250000, 7.931030273437500000, 0.0, 0.0, 323, 52.0, 1920, 0
C, spectral-norm, 25, 7.960205078125000000, 7.872863769531250000, 0.0, 0.0, 320, 44.5, 2048, 0
C, spectral-norm, 25, 7.948852539062500000, 7.860229492187500000, 0.0, 0.0, 319, 44.5, 2048, 0
C, spectral-norm, 25, 8.081542968750000000, 7.980346679687500000, 0.0, 0.0, 325, 44.5, 1920, 0
C, spectral-norm, 25, 8.004089355468750000, 7.906860351562500000, 0.0, 0.0, 321, 52.5, 2048, 0
C, spectral-norm, 25, 7.994079589843750000, 7.894104003906250000, 0.0, 0.0, 331, 44.5, 2048, 0
C, spectral-norm, 25, 8.055603027343750000, 7.950073242187500000, 0.0, 0.0, 325, 44.5, 2048, 0
C, spectral-norm, 25, 7.978759765625000000, 7.876892089843750000, 0.0, 0.0, 320, 44.5, 2048, 0
C, spectral-norm, 25, 7.973510742187500000, 7.876464843750000000, 0.0, 0.0, 320, 52.5, 2048, 0
C, spectral-norm, 25, 7.972412109375000000, 7.879028320312500000, 0.0, 0.0, 320, 44.8, 2048, 0
C, spectral-norm, 25, 7.962524414062500000, 7.872009277343750000, 0.0, 0.0, 320, 44.8, 2048, 0
C, spectral-norm, 25, 8.016540527343750000, 7.907958984375000000, 0.0, 0.0, 321, 44.8, 2048, 0
C, spectral-norm, 25, 8.027648925781250000, 7.929321289062500000, 0.0, 0.0, 322, 52.2, 2048, 0
C, spectral-norm, 25, 7.961486816406250000, 7.868103027343750000, 0.0, 0.0, 320, 44.8, 2048, 0
C, spectral-norm, 25, 7.992431640625000000, 7.897583007812500000, 0.0, 0.0, 321, 44.8, 2048, 0
C, spectral-norm, 25, 8.069030761718750000, 7.970275878906250000, 0.0, 0.0, 325, 44.8, 2048, 0
C, spectral-norm, 25, 7.979797363281250000, 7.882995605468750000, 0.0, 0.0, 320, 53.0, 2048, 0
C, spectral-norm, 25, 7.997924804687500000, 7.911621093750000000, 0.0, 0.0, 321, 44.8, 2048, 0
C, spectral-norm, 25, 7.969299316406250000, 7.878601074218750000, 0.0, 0.0, 320, 44.8, 2048, 0
C, spectral-norm, 25, 7.967041015625000000, 7.876953125000000000, 0.0, 0.0, 320, 44.8, 2048, 0
C++, binary-trees, 25, 20.053588867187500000, 19.681701660156250000, 0.0, 0.0, 937, 44.8, 201016, 0
C++, binary-trees, 25, 20.354614257812500000, 19.984436035156250000, 0.0, 0.0, 938, 50.2, 168248, 0
C++, binary-trees, 25, 21.027465820312500000, 20.612060546875000000, 0.0, 0.0, 1006, 50.5, 170292, 0
C++, binary-trees, 25, 18.071594238281250000, 17.742858886718750000, 0.0, 0.0, 815, 44.8, 134528, 0
C++, binary-trees, 25, 20.984008789062500000, 20.586120605468750000, 0.0, 0.0, 958, 50.5, 170292, 0
C++, binary-trees, 25, 18.847534179687500000, 18.502319335937500000, 0.0, 0.0, 855, 44.8, 135988, 0
C++, binary-trees, 25, 20.868164062500000000, 20.485168457031250000, 0.0, 0.0, 955, 51.0, 170296, 0
C++, binary-trees, 25, 20.194824218750000000, 19.814208984375000000, 0.0, 0.0, 943, 44.8, 134528, 0
C++, binary-trees, 25, 19.881713867187500000, 19.527343750000000000, 0.0, 0.0, 913, 50.8, 168244, 0
C++, binary-trees, 25, 19.675170898437500000, 19.319213867187500000, 0.0, 0.0, 921, 44.8, 168248, 0
C++, binary-trees, 25, 20.930969238281250000, 20.533508300781250000, 0.0, 0.0, 951, 50.5, 145716, 0
C++, binary-trees, 25, 20.485168457031250000, 20.121826171875000000, 0.0, 0.0, 945, 44.5, 168244, 0
C++, binary-trees, 25, 21.893493652343750000, 21.484741210937500000, 0.0, 0.0, 992, 51.0, 145716, 0
C++, binary-trees, 25, 19.968505859375000000, 19.609924316406250000, 0.0, 0.0, 914, 44.8, 168248, 0
C++, binary-trees, 25, 20.321838378906250000, 19.952270507812500000, 0.0, 0.0, 936, 50.2, 168244, 0
C++, binary-trees, 25, 21.388610839843750000, 20.967224121093750000, 0.0, 0.0, 1027, 50.2, 145720, 0
C++, binary-trees, 25, 20.705200195312500000, 20.310119628906250000, 0.0, 0.0, 949, 44.8, 145716, 0
C++, binary-trees, 25, 19.934448242187500000, 19.557128906250000000, 0.0, 0.0, 914, 51.2, 168244, 0
C++, binary-trees, 25, 22.036193847656250000, 21.618164062500000000, 0.0, 0.0, 1008, 50.2, 145716, 0
C++, binary-trees, 25, 18.312194824218750000, 17.979309082031250000, 0.0, 0.0, 825, 44.5, 135604, 0
C++, fannkuch-redux, 25, 77.158813476562500000, 76.095458984375000000, 0.0, 0.0, 3529, 51.2, 3712, 0
C++, fannkuch-redux, 25, 77.243286132812500000, 76.176818847656250000, 0.0, 0.0, 3529, 51.5, 3584, 0
C++, fannkuch-redux, 25, 77.262634277343750000, 76.198852539062500000, 0.0, 0.0, 3528, 51.8, 3584, 0
C++, fannkuch-redux, 25, 77.185424804687500000, 76.120849609375000000, 0.0, 0.0, 3528, 52.0, 3584, 0
C++, fannkuch-redux, 25, 77.305419921875000000, 76.234436035156250000, 0.0, 0.0, 3531, 51.5, 3584, 0
C++, fannkuch-redux, 25, 77.285095214843750000, 76.212707519531250000, 0.0, 0.0, 3542, 52.0, 3712, 0
C++, fannkuch-redux, 25, 77.185913085937500000, 76.115539550781250000, 0.0, 0.0, 3528, 52.0, 3584, 0
C++, fannkuch-redux, 25, 77.143737792968750000, 76.078186035156250000, 0.0, 0.0, 3529, 52.2, 3584, 0
C++, fannkuch-redux, 25, 77.158691406250000000, 76.091918945312500000, 0.0, 0.0, 3529, 51.8, 3584, 0
C++, fannkuch-redux, 25, 77.159179687500000000, 76.097900390625000000, 0.0, 0.0, 3534, 51.2, 3584, 0
C++, fannkuch-redux, 25, 77.391357421875000000, 76.322875976562500000, 0.0, 0.0, 3529, 51.2, 3584, 0
C++, fannkuch-redux, 25, 77.480529785156250000, 76.416564941406250000, 0.0, 0.0, 3530, 51.0, 3712, 0
C++, fannkuch-redux, 25, 77.474121093750000000, 76.400817871093750000, 0.0, 0.0, 3528, 51.5, 3584, 0
C++, fannkuch-redux, 25, 77.201721191406250000, 76.130371093750000000, 0.0, 0.0, 3528, 51.5, 3584, 0
C++, fannkuch-redux, 25, 77.244445800781250000, 76.182006835937500000, 0.0, 0.0, 3526, 51.8, 3584, 0
C++, fannkuch-redux, 25, 77.150573730468750000, 76.082214355468750000, 0.0, 0.0, 3528, 51.8, 3584, 0
C++, fannkuch-redux, 25, 77.102966308593750000, 76.043640136718750000, 0.0, 0.0, 3534, 51.2, 3712, 0
C++, fannkuch-redux, 25, 77.479858398437500000, 76.411987304687500000, 0.0, 0.0, 3528, 51.5, 3712, 0
C++, fannkuch-redux, 25, 77.171020507812500000, 76.099853515625000000, 0.0, 0.0, 3527, 51.5, 3584, 0
C++, fannkuch-redux, 25, 77.187927246093750000, 76.121643066406250000, 0.0, 0.0, 3528, 50.8, 3712, 0
C++, fasta, 25, 7.658447265625000000, 7.457336425781250000, 0.0, 0.0, 665, 44.8, 3244, 0
C++, fasta, 25, 7.666015625000000000, 7.471557617187500000, 0.0, 0.0, 661, 49.0, 3244, 0
C++, fasta, 25, 7.619079589843750000, 7.416198730468750000, 0.0, 0.0, 662, 44.8, 3372, 0
C++, fasta, 25, 7.631225585937500000, 7.428161621093750000, 0.0, 0.0, 661, 49.0, 3244, 0
C++, fasta, 25, 7.646118164062500000, 7.449768066406250000, 0.0, 0.0, 666, 44.8, 3244, 0
C++, fasta, 25, 7.716247558593750000, 7.513000488281250000, 0.0, 0.0, 668, 48.8, 3244, 0
C++, fasta, 25, 7.604797363281250000, 7.405578613281250000, 0.0, 0.0, 665, 44.8, 3244, 0
C++, fasta, 25, 7.719726562500000000, 7.526733398437500000, 0.0, 0.0, 661, 49.0, 3372, 0
C++, fasta, 25, 7.693237304687500000, 7.500122070312500000, 0.0, 0.0, 665, 44.8, 3372, 0
C++, fasta, 25, 7.749511718750000000, 7.548217773437500000, 0.0, 0.0, 661, 49.5, 3372, 0
C++, fasta, 25, 7.638732910156250000, 7.444885253906250000, 0.0, 0.0, 661, 44.5, 3244, 0
C++, fasta, 25, 7.679687500000000000, 7.480651855468750000, 0.0, 0.0, 662, 49.8, 3244, 0
C++, fasta, 25, 7.680419921875000000, 7.483398437500000000, 0.0, 0.0, 662, 44.8, 3372, 0
C++, fasta, 25, 7.724060058593750000, 7.519714355468750000, 0.0, 0.0, 661, 49.2, 3244, 0
C++, fasta, 25, 7.703002929687500000, 7.509582519531250000, 0.0, 0.0, 662, 44.8, 3244, 0
C++, fasta, 25, 7.718627929687500000, 7.525268554687500000, 0.0, 0.0, 661, 49.5, 3244, 0
C++, fasta, 25, 7.668090820312500000, 7.469421386718750000, 0.0, 0.0, 662, 44.5, 3244, 0
C++, fasta, 25, 7.716735839843750000, 7.521545410156250000, 0.0, 0.0, 661, 48.2, 3372, 0
C++, fasta, 25, 7.672302246093750000, 7.474121093750000000, 0.0, 0.0, 662, 44.2, 3372, 0
C++, fasta, 25, 7.732177734375000000, 7.530395507812500000, 0.0, 0.0, 661, 49.5, 3244, 0
C++, k-nucleotide, 25, 36.050903320312500000, 35.004821777343750000, 0.0, 0.0, 2081, 49.5, 156372, 0
C++, k-nucleotide, 25, 36.892333984375000000, 35.797546386718750000, 0.0, 0.0, 2148, 49.2, 156244, 0
C++, k-nucleotide, 25, 36.446533203125000000, 35.377868652343750000, 0.0, 0.0, 2119, 48.5, 156500, 0
C++, k-nucleotide, 25, 36.191162109375000000, 35.125488281250000000, 0.0, 0.0, 2090, 49.5, 156248, 0
C++, k-nucleotide, 25, 36.141113281250000000, 35.078857421875000000, 0.0, 0.0, 2093, 50.0, 156500, 0
C++, k-nucleotide, 25, 36.825622558593750000, 35.742431640625000000, 0.0, 0.0, 2150, 50.0, 156372, 0
C++, k-nucleotide, 25, 37.016174316406250000, 35.924072265625000000, 0.0, 0.0, 2153, 49.5, 156244, 0
C++, k-nucleotide, 25, 36.319213867187500000, 35.268493652343750000, 0.0, 0.0, 2091, 49.5, 156632, 0
C++, k-nucleotide, 25, 36.674743652343750000, 35.598999023437500000, 0.0, 0.0, 2129, 49.2, 156372, 0
C++, k-nucleotide, 25, 36.314147949218750000, 35.237304687500000000, 0.0, 0.0, 2148, 48.8, 156376, 0
C++, k-nucleotide, 25, 36.515380859375000000, 35.449279785156250000, 0.0, 0.0, 2113, 49.8, 156504, 0
C++, k-nucleotide, 25, 36.581726074218750000, 35.496582031250000000, 0.0, 0.0, 2160, 50.0, 155860, 0
C++, k-nucleotide, 25, 36.922058105468750000, 35.826904296875000000, 0.0, 0.0, 2159, 50.0, 156500, 0
C++, k-nucleotide, 25, 35.575622558593750000, 34.547424316406250000, 0.0, 0.0, 2059, 49.8, 156244, 0
C++, k-nucleotide, 25, 36.265686035156250000, 35.209716796875000000, 0.0, 0.0, 2097, 49.5, 156372, 0
C++, k-nucleotide, 25, 36.069824218750000000, 35.018737792968750000, 0.0, 0.0, 2074, 48.8, 156372, 0
C++, k-nucleotide, 25, 36.052368164062500000, 34.982666015625000000, 0.0, 0.0, 2115, 49.8, 156372, 0
C++, k-nucleotide, 25, 36.633483886718750000, 35.555053710937500000, 0.0, 0.0, 2149, 48.8, 156504, 0
C++, k-nucleotide, 25, 35.832275390625000000, 34.792053222656250000, 0.0, 0.0, 2088, 49.2, 156116, 0
C++, k-nucleotide, 25, 36.110778808593750000, 35.052124023437500000, 0.0, 0.0, 2088, 49.2, 156500, 0
C++, mandelbrot, 25, 18.470886230468750000, 18.247131347656250000, 0.0, 0.0, 763, 44.5, 34176, 0
C++, mandelbrot, 25, 18.483825683593750000, 18.255187988281250000, 0.0, 0.0, 759, 50.8, 34304, 0
C++, mandelbrot, 25, 18.470031738281250000, 18.248962402343750000, 0.0, 0.0, 763, 44.2, 34304, 0
C++, mandelbrot, 25, 18.503112792968750000, 18.274841308593750000, 0.0, 0.0, 759, 50.2, 34304, 0
C++, mandelbrot, 25, 18.504943847656250000, 18.269836425781250000, 0.0, 0.0, 759, 44.2, 34176, 0
C++, mandelbrot, 25, 18.536437988281250000, 18.295532226562500000, 0.0, 0.0, 773, 50.2, 34176, 0
C++, mandelbrot, 25, 18.468322753906250000, 18.245971679687500000, 0.0, 0.0, 763, 44.8, 34304, 0
C++, mandelbrot, 25, 18.497924804687500000, 18.272460937500000000, 0.0, 0.0, 759, 50.8, 34304, 0
C++, mandelbrot, 25, 18.481750488281250000, 18.251037597656250000, 0.0, 0.0, 758, 44.2, 34304, 0
C++, mandelbrot, 25, 18.505554199218750000, 18.279052734375000000, 0.0, 0.0, 759, 50.5, 34176, 0
C++, mandelbrot, 25, 18.534362792968750000, 18.310974121093750000, 0.0, 0.0, 760, 44.2, 34304, 0
C++, mandelbrot, 25, 18.516723632812500000, 18.296630859375000000, 0.0, 0.0, 759, 50.2, 34176, 0
C++, mandelbrot, 25, 18.495727539062500000, 18.270141601562500000, 0.0, 0.0, 759, 44.2, 34176, 0
C++, mandelbrot, 25, 18.511657714843750000, 18.276306152343750000, 0.0, 0.0, 759, 50.2, 34176, 0
C++, mandelbrot, 25, 18.459106445312500000, 18.239013671875000000, 0.0, 0.0, 758, 44.8, 34304, 0
C++, mandelbrot, 25, 18.494384765625000000, 18.267517089843750000, 0.0, 0.0, 759, 50.5, 34304, 0
C++, mandelbrot, 25, 18.475463867187500000, 18.248718261718750000, 0.0, 0.0, 759, 44.8, 34176, 0
C++, mandelbrot, 25, 18.484558105468750000, 18.263061523437500000, 0.0, 0.0, 758, 50.8, 34304, 0
C++, mandelbrot, 25, 18.472229003906250000, 18.249816894531250000, 0.0, 0.0, 758, 44.8, 34176, 0
C++, mandelbrot, 25, 18.502929687500000000, 18.272521972656250000, 0.0, 0.0, 759, 50.0, 34304, 0
C++, n-body, 25, 17.141479492187500000, 16.627197265625000000, 0.0, 0.0, 1716, 49.2, 1536, 0
C++, n-body, 25, 17.105163574218750000, 16.581481933593750000, 0.0, 0.0, 1719, 47.5, 1536, 0
C++, n-body, 25, 17.135925292968750000, 16.621337890625000000, 0.0, 0.0, 1715, 47.5, 1536, 0
C++, n-body, 25, 17.081787109375000000, 16.567382812500000000, 0.0, 0.0, 1714, 48.2, 1536, 0
C++, n-body, 25, 16.892089843750000000, 16.374267578125000000, 0.0, 0.0, 1718, 48.0, 1536, 0
C++, n-body, 25, 17.063720703125000000, 16.547363281250000000, 0.0, 0.0, 1723, 48.2, 1536, 0
C++, n-body, 25, 16.792724609375000000, 16.285827636718750000, 0.0, 0.0, 1719, 48.2, 1536, 0
C++, n-body, 25, 16.960693359375000000, 16.449645996093750000, 0.0, 0.0, 1719, 47.2, 1536, 0
C++, n-body, 25, 16.677368164062500000, 16.163391113281250000, 0.0, 0.0, 1719, 47.8, 1536, 0
C++, n-body, 25, 17.016784667968750000, 16.499694824218750000, 0.0, 0.0, 1718, 47.2, 1536, 0
C++, n-body, 25, 16.754089355468750000, 16.237243652343750000, 0.0, 0.0, 1719, 47.8, 1536, 0
C++, n-body, 25, 16.717956542968750000, 16.206420898437500000, 0.0, 0.0, 1717, 48.5, 1536, 0
C++, n-body, 25, 16.975952148437500000, 16.458557128906250000, 0.0, 0.0, 1718, 47.0, 1536, 0
C++, n-body, 25, 16.743408203125000000, 16.225646972656250000, 0.0, 0.0, 1719, 47.8, 1536, 0
C++, n-body, 25, 16.773315429687500000, 16.259643554687500000, 0.0, 0.0, 1715, 48.0, 1536, 0
C++, n-body, 25, 16.915649414062500000, 16.404235839843750000, 0.0, 0.0, 1717, 46.5, 1536, 0
C++, n-body, 25, 17.013427734375000000, 16.490844726562500000, 0.0, 0.0, 1716, 47.2, 1536, 0
C++, n-body, 25, 17.042175292968750000, 16.533935546875000000, 0.0, 0.0, 1719, 47.0, 1536, 0
C++, n-body, 25, 16.963867187500000000, 16.457458496093750000, 0.0, 0.0, 1718, 47.2, 1536, 0
C++, n-body, 25, 16.806640625000000000, 16.299072265625000000, 0.0, 0.0, 1718, 46.8, 1536, 0
C++, regex-redux, 25, 15.348632812500000000, 15.018981933593750000, 0.0, 0.0, 1031, 47.5, 275880, 0
C++, regex-redux, 25, 15.352783203125000000, 15.020202636718750000, 0.0, 0.0, 1031, 48.0, 276012, 0
C++, regex-redux, 25, 15.392639160156250000, 15.054382324218750000, 0.0, 0.0, 1038, 47.0, 275960, 0
C++, regex-redux, 25, 15.432434082031250000, 15.103759765625000000, 0.0, 0.0, 1047, 47.5, 276008, 0
C++, regex-redux, 25, 15.342041015625000000, 15.001831054687500000, 0.0, 0.0, 1057, 47.5, 276008, 0
C++, regex-redux, 25, 15.432556152343750000, 15.092773437500000000, 0.0, 0.0, 1042, 47.8, 276008, 0
C++, regex-redux, 25, 15.420288085937500000, 15.086853027343750000, 0.0, 0.0, 1045, 47.8, 276008, 0
C++, regex-redux, 25, 15.360107421875000000, 15.025878906250000000, 0.0, 0.0, 1047, 47.5, 276136, 0
C++, regex-redux, 25, 15.376892089843750000, 15.049987792968750000, 0.0, 0.0, 1038, 47.8, 276008, 0
C++, regex-redux, 25, 15.415405273437500000, 15.072265625000000000, 0.0, 0.0, 1061, 47.8, 276008, 0
C++, regex-redux, 25, 15.303039550781250000, 14.974609375000000000, 0.0, 0.0, 1038, 48.0, 276008, 0
C++, regex-redux, 25, 15.351684570312500000, 15.021118164062500000, 0.0, 0.0, 1034, 47.8, 276008, 0
C++, regex-redux, 25, 15.331787109375000000, 15.006103515625000000, 0.0, 0.0, 1036, 47.8, 275832, 0
C++, regex-redux, 25, 15.321777343750000000, 14.985107421875000000, 0.0, 0.0, 1036, 47.2, 276008, 0
C++, regex-redux, 25, 15.542053222656250000, 15.204833984375000000, 0.0, 0.0, 1069, 47.8, 276136, 0
C++, regex-redux, 25, 14.911987304687500000, 14.597900390625000000, 0.0, 0.0, 959, 43.2, 276088, 0
C++, regex-redux, 25, 15.362365722656250000, 15.024047851562500000, 0.0, 0.0, 1029, 47.2, 276012, 0
C++, regex-redux, 25, 15.624938964843750000, 15.296875000000000000, 0.0, 0.0, 1041, 47.5, 276012, 0
C++, regex-redux, 25, 15.279113769531250000, 14.951660156250000000, 0.0, 0.0, 1038, 47.5, 276012, 0
C++, regex-redux, 25, 15.308715820312500000, 14.978759765625000000, 0.0, 0.0, 1048, 47.5, 276012, 0
C++, reverse-complement, 25, 1.599365234375000000, 1.536926269531250000, 0.0, 0.0, 165, 43.5, 127360, 0
C++, reverse-complement, 25, 1.622192382812500000, 1.558227539062500000, 0.0, 0.0, 162, 43.5, 127360, 0
C++, reverse-complement, 25, 1.614440917968750000, 1.551269531250000000, 0.0, 0.0, 161, 43.5, 127360, 0
C++, reverse-complement, 25, 1.602294921875000000, 1.534545898437500000, 0.0, 0.0, 161, 43.5, 127360, 0
C++, reverse-complement, 25, 1.611816406250000000, 1.550354003906250000, 0.0, 0.0, 161, 43.5, 127360, 0
C++, reverse-complement, 25, 1.637939453125000000, 1.573608398437500000, 0.0, 0.0, 171, 47.8, 127360, 0
C++, reverse-complement, 25, 1.463317871093750000, 1.391784667968750000, 0.0, 0.0, 179, 44.0, 127360, 0
C++, reverse-complement, 25, 1.602355957031250000, 1.537841796875000000, 0.0, 0.0, 161, 44.0, 127360, 0
C++, reverse-complement, 25, 1.620605468750000000, 1.557922363281250000, 0.0, 0.0, 162, 44.0, 127360, 0
C++, reverse-complement, 25, 1.612121582031250000, 1.550476074218750000, 0.0, 0.0, 162, 44.0, 127360, 0
C++, reverse-complement, 25, 1.625549316406250000, 1.554504394531250000, 0.0, 0.0, 162, 44.0, 127360, 0
C++, reverse-complement, 25, 1.614501953125000000, 1.543518066406250000, 0.0, 0.0, 161, 47.5, 127360, 0
C++, reverse-complement, 25, 1.594604492187500000, 1.526733398437500000, 0.0, 0.0, 163, 43.2, 127360, 0
C++, reverse-complement, 25, 1.607543945312500000, 1.542419433593750000, 0.0, 0.0, 162, 43.2, 127360, 0
C++, reverse-complement, 25, 1.611999511718750000, 1.544006347656250000, 0.0, 0.0, 162, 43.2, 127360, 0
C++, reverse-complement, 25, 1.593933105468750000, 1.532348632812500000, 0.0, 0.0, 162, 43.2, 127360, 0
C++, reverse-complement, 25, 1.607360839843750000, 1.541992187500000000, 0.0, 0.0, 161, 43.2, 127360, 0
C++, reverse-complement, 25, 1.602050781250000000, 1.533996582031250000, 0.0, 0.0, 161, 47.2, 127232, 0
C++, reverse-complement, 25, 1.562133789062500000, 1.499511718750000000, 0.0, 0.0, 165, 43.2, 127360, 0
C++, reverse-complement, 25, 1.594848632812500000, 1.528930664062500000, 0.0, 0.0, 161, 43.2, 127360, 0
C++, spectral-norm, 25, 7.269348144531250000, 7.158935546875000000, 0.0, 0.0, 355, 50.2, 2560, 0
C++, spectral-norm, 25, 7.419250488281250000, 7.313659667968750000, 0.0, 0.0, 362, 43.8, 2560, 0
C++, spectral-norm, 25, 7.319519042968750000, 7.218933105468750000, 0.0, 0.0, 354, 43.8, 2432, 0
C++, spectral-norm, 25, 7.290771484375000000, 7.189208984375000000, 0.0, 0.0, 355, 50.5, 2432, 0
C++, spectral-norm, 25, 7.252319335937500000, 7.148376464843750000, 0.0, 0.0, 355, 43.5, 2560, 0
C++, spectral-norm, 25, 7.302429199218750000, 7.196350097656250000, 0.0, 0.0, 361, 43.5, 2432, 0
C++, spectral-norm, 25, 7.302490234375000000, 7.201049804687500000, 0.0, 0.0, 356, 50.8, 2432, 0
C++, spectral-norm, 25, 7.302734375000000000, 7.203735351562500000, 0.0, 0.0, 355, 43.8, 2432, 0
C++, spectral-norm, 25, 7.320922851562500000, 7.216369628906250000, 0.0, 0.0, 356, 43.8, 2432, 0
C++, spectral-norm, 25, 7.335815429687500000, 7.231201171875000000, 0.0, 0.0, 356, 50.8, 2432, 0
C++, spectral-norm, 25, 7.296325683593750000, 7.191772460937500000, 0.0, 0.0, 355, 44.0, 2432, 0
C++, spectral-norm, 25, 7.346008300781250000, 7.235229492187500000, 0.0, 0.0, 356, 44.0, 2432, 0
C++, spectral-norm, 25, 7.324951171875000000, 7.222229003906250000, 0.0, 0.0, 354, 50.8, 2432, 0
C++, spectral-norm, 25, 7.317077636718750000, 7.209716796875000000, 0.0, 0.0, 355, 43.8, 2432, 0
C++, spectral-norm, 25, 7.279113769531250000, 7.171813964843750000, 0.0, 0.0, 355, 43.8, 2432, 0
C++, spectral-norm, 25, 7.295654296875000000, 7.195495605468750000, 0.0, 0.0, 354, 50.2, 2432, 0
C++, spectral-norm, 25, 7.254882812500000000, 7.149230957031250000, 0.0, 0.0, 355, 43.8, 2432, 0
C++, spectral-norm, 25, 7.297119140625000000, 7.181396484375000000, 0.0, 0.0, 356, 43.8, 2432, 0
C++, spectral-norm, 25, 7.333129882812500000, 7.225280761718750000, 0.0, 0.0, 359, 50.5, 2560, 0
C++, spectral-norm, 25, 7.273437500000000000, 7.172180175781250000, 0.0, 0.0, 359, 43.5, 2432, 0
Java, binary-trees, 25, 59.732299804687500000, 58.147216796875000000, 0.0, 0.0, 2869, 49.0, 1266208, 0
Java, binary-trees, 25, 58.876342773437500000, 57.303771972656250000, 0.0, 0.0, 2818, 49.2, 1223592, 0
Java, binary-trees, 25, 58.203063964843750000, 56.627929687500000000, 0.0, 0.0, 2804, 49.5, 1235600, 0
Java, binary-trees, 25, 58.521667480468750000, 56.961730957031250000, 0.0, 0.0, 2791, 49.5, 1224620, 0
Java, binary-trees, 25, 58.083496093750000000, 56.505615234375000000, 0.0, 0.0, 2830, 49.5, 1156976, 0
Java, binary-trees, 25, 58.537780761718750000, 56.951416015625000000, 0.0, 0.0, 2846, 49.8, 1231372, 0
Java, binary-trees, 25, 58.044799804687500000, 56.496093750000000000, 0.0, 0.0, 2769, 49.5, 1193064, 0
Java, binary-trees, 25, 58.253051757812500000, 56.685607910156250000, 0.0, 0.0, 2809, 50.2, 1226492, 0
Java, binary-trees, 25, 59.302795410156250000, 57.735717773437500000, 0.0, 0.0, 2821, 50.0, 1248436, 0
Java, binary-trees, 25, 59.667602539062500000, 58.092407226562500000, 0.0, 0.0, 2827, 49.5, 1264324, 0
Java, binary-trees, 25, 58.593139648437500000, 57.024475097656250000, 0.0, 0.0, 2822, 49.5, 1218716, 0
Java, binary-trees, 25, 59.556762695312500000, 57.979675292968750000, 0.0, 0.0, 2812, 49.8, 1216552, 0
Java, binary-trees, 25, 59.117797851562500000, 57.552246093750000000, 0.0, 0.0, 2797, 49.5, 1236684, 0
Java, binary-trees, 25, 58.767822265625000000, 57.214111328125000000, 0.0, 0.0, 2790, 50.2, 1203004, 0
Java, binary-trees, 25, 58.494201660156250000, 56.929504394531250000, 0.0, 0.0, 2799, 49.8, 1198440, 0
Java, binary-trees, 25, 59.659484863281250000, 58.076416015625000000, 0.0, 0.0, 2868, 49.0, 1274864, 0
Java, binary-trees, 25, 59.095581054687500000, 57.521240234375000000, 0.0, 0.0, 2820, 49.8, 1219628, 0
Java, binary-trees, 25, 58.338134765625000000, 56.790222167968750000, 0.0, 0.0, 2769, 49.5, 1178720, 0
Java, binary-trees, 25, 59.399353027343750000, 57.843627929687500000, 0.0, 0.0, 2783, 49.2, 1240284, 0
Java, binary-trees, 25, 60.043945312500000000, 58.448730468750000000, 0.0, 0.0, 2862, 50.0, 1218828, 0
Java, fannkuch-redux, 25, 215.361267089843750000, 212.714538574218750000, 0.0, 0.0, 8708, 51.2, 42352, 0
Java, fannkuch-redux, 25, 222.025146484375000000, 219.300354003906250000, 0.0, 0.0, 8968, 52.0, 40824, 0
Java, fannkuch-redux, 25, 209.392517089843750000, 206.818847656250000000, 0.0, 0.0, 8463, 52.0, 41252, 0
Java, fannkuch-redux, 25, 222.655944824218750000, 219.916198730468750000, 0.0, 0.0, 9013, 51.8, 41452, 0
Java, fannkuch-redux, 25, 218.692504882812500000, 215.991333007812500000, 0.0, 0.0, 8875, 49.5, 42136, 0
Java, fannkuch-redux, 25, 222.088256835937500000, 219.365173339843750000, 0.0, 0.0, 8984, 52.2, 41256, 0
Java, fannkuch-redux, 25, 217.184570312500000000, 214.520080566406250000, 0.0, 0.0, 8796, 50.5, 42120, 0
Java, fannkuch-redux, 25, 221.650756835937500000, 218.935791015625000000, 0.0, 0.0, 8955, 52.0, 42272, 0
Java, fannkuch-redux, 25, 222.001647949218750000, 219.284423828125000000, 0.0, 0.0, 8967, 51.8, 42376, 0
Java, fannkuch-redux, 25, 204.076477050781250000, 201.569641113281250000, 0.0, 0.0, 8249, 51.8, 41712, 0
Java, fannkuch-redux, 25, 209.839477539062500000, 207.271484375000000000, 0.0, 0.0, 8481, 51.8, 42052, 0
Java, fannkuch-redux, 25, 218.400085449218750000, 215.718750000000000000, 0.0, 0.0, 8830, 52.0, 41988, 0
Java, fannkuch-redux, 25, 218.785644531250000000, 216.094909667968750000, 0.0, 0.0, 8840, 51.8, 41876, 0
Java, fannkuch-redux, 25, 222.410339355468750000, 219.689697265625000000, 0.0, 0.0, 8992, 50.8, 41720, 0
Java, fannkuch-redux, 25, 218.663330078125000000, 215.970825195312500000, 0.0, 0.0, 8847, 51.2, 41564, 0
Java, fannkuch-redux, 25, 217.654663085937500000, 214.979187011718750000, 0.0, 0.0, 8809, 51.2, 42180, 0
Java, fannkuch-redux, 25, 222.810302734375000000, 220.072387695312500000, 0.0, 0.0, 9010, 51.2, 41344, 0
Java, fannkuch-redux, 25, 202.744201660156250000, 200.256164550781250000, 0.0, 0.0, 8198, 51.8, 41896, 0
Java, fannkuch-redux, 25, 216.421875000000000000, 213.764099121093750000, 0.0, 0.0, 8752, 51.2, 42120, 0
Java, fannkuch-redux, 25, 222.804138183593750000, 220.062866210937500000, 0.0, 0.0, 9013, 51.2, 41960, 0
Java, fasta, 25, 19.742919921875000000, 19.430786132812500000, 0.0, 0.0, 1052, 49.8, 47336, 0
Java, fasta, 25, 19.837585449218750000, 19.511169433593750000, 0.0, 0.0, 1060, 48.8, 47880, 0
Java, fasta, 25, 18.886657714843750000, 18.564819335937500000, 0.0, 0.0, 1076, 50.0, 47700, 0
Java, fasta, 25, 19.702209472656250000, 19.384033203125000000, 0.0, 0.0, 1061, 49.8, 48144, 0
Java, fasta, 25, 18.990844726562500000, 18.656250000000000000, 0.0, 0.0, 1092, 49.8, 47460, 0
Java, fasta, 25, 19.756286621093750000, 19.435729980468750000, 0.0, 0.0, 1046, 49.8, 47556, 0
Java, fasta, 25, 19.498657226562500000, 19.181396484375000000, 0.0, 0.0, 1060, 50.0, 47588, 0
Java, fasta, 25, 18.808471679687500000, 18.478332519531250000, 0.0, 0.0, 1083, 50.0, 47616, 0
Java, fasta, 25, 19.870300292968750000, 19.552185058593750000, 0.0, 0.0, 1037, 49.8, 47572, 0
Java, fasta, 25, 19.028381347656250000, 18.696105957031250000, 0.0, 0.0, 1086, 49.8, 47476, 0
Java, fasta, 25, 19.489135742187500000, 19.172546386718750000, 0.0, 0.0, 1040, 49.5, 47672, 0
Java, fasta, 25, 19.225769042968750000, 18.910400390625000000, 0.0, 0.0, 1045, 50.0, 47412, 0
Java, fasta, 25, 18.539306640625000000, 18.206542968750000000, 0.0, 0.0, 1096, 49.2, 47424, 0
Java, fasta, 25, 19.235778808593750000, 18.902343750000000000, 0.0, 0.0, 1106, 48.5, 47516, 0
Java, fasta, 25, 19.194274902343750000, 18.884277343750000000, 0.0, 0.0, 1057, 49.5, 47696, 0
Java, fasta, 25, 19.080383300781250000, 18.741088867187500000, 0.0, 0.0, 1120, 48.8, 47436, 0
Java, fasta, 25, 19.155456542968750000, 18.834594726562500000, 0.0, 0.0, 1081, 49.2, 47692, 0
Java, fasta, 25, 19.444824218750000000, 19.113098144531250000, 0.0, 0.0, 1080, 48.5, 47684, 0
Java, fasta, 25, 19.440124511718750000, 19.118103027343750000, 0.0, 0.0, 1080, 48.0, 47616, 0
Java, fasta, 25, 18.751159667968750000, 18.412292480468750000, 0.0, 0.0, 1113, 48.2, 47552, 0
Java, k-nucleotide, 25, 83.113952636718750000, 81.906188964843750000, 0.0, 0.0, 3843, 50.0, 368176, 0
Java, k-nucleotide, 25, 85.587280273437500000, 84.356079101562500000, 0.0, 0.0, 3937, 50.0, 367752, 0
Java, k-nucleotide, 25, 84.677368164062500000, 83.435180664062500000, 0.0, 0.0, 3941, 48.0, 369504, 0
Java, k-nucleotide, 25, 85.419799804687500000, 84.183349609375000000, 0.0, 0.0, 3917, 50.5, 368948, 0
Java, k-nucleotide, 25, 84.476135253906250000, 83.262512207031250000, 0.0, 0.0, 3890, 50.5, 368012, 0
Java, k-nucleotide, 25, 83.612731933593750000, 82.388000488281250000, 0.0, 0.0, 3888, 50.0, 367780, 0
Java, k-nucleotide, 25, 83.549133300781250000, 82.348693847656250000, 0.0, 0.0, 3836, 51.2, 368168, 0
Java, k-nucleotide, 25, 87.453063964843750000, 86.199340820312500000, 0.0, 0.0, 4003, 50.8, 369120, 0
Java, k-nucleotide, 25, 84.743957519531250000, 83.515625000000000000, 0.0, 0.0, 3918, 50.0, 369996, 0
Java, k-nucleotide, 25, 85.338928222656250000, 84.126403808593750000, 0.0, 0.0, 3897, 51.0, 368012, 0
Java, k-nucleotide, 25, 82.854431152343750000, 81.649780273437500000, 0.0, 0.0, 3818, 50.2, 369116, 0
Java, k-nucleotide, 25, 84.611816406250000000, 83.399536132812500000, 0.0, 0.0, 3873, 50.5, 368780, 0
Java, k-nucleotide, 25, 85.118774414062500000, 83.875000000000000000, 0.0, 0.0, 3940, 48.8, 368856, 0
Java, k-nucleotide, 25, 83.789001464843750000, 82.573547363281250000, 0.0, 0.0, 3859, 51.0, 368392, 0
Java, k-nucleotide, 25, 84.005004882812500000, 82.775695800781250000, 0.0, 0.0, 3907, 48.2, 368336, 0
Java, k-nucleotide, 25, 84.908630371093750000, 83.669555664062500000, 0.0, 0.0, 3940, 48.5, 369040, 0
Java, k-nucleotide, 25, 84.838439941406250000, 83.623962402343750000, 0.0, 0.0, 3895, 50.2, 368140, 0
Java, k-nucleotide, 25, 85.504333496093750000, 84.268432617187500000, 0.0, 0.0, 3932, 50.8, 368132, 0
Java, k-nucleotide, 25, 85.104125976562500000, 83.885131835937500000, 0.0, 0.0, 3903, 51.0, 367888, 0
Java, k-nucleotide, 25, 85.047119140625000000, 83.801879882812500000, 0.0, 0.0, 3960, 48.0, 368552, 0
Java, mandelbrot, 25, 71.853698730468750000, 70.862121582031250000, 0.0, 0.0, 3263, 51.5, 88064, 0
Java, mandelbrot, 25, 69.609191894531250000, 68.648498535156250000, 0.0, 0.0, 3172, 51.5, 88180, 0
Java, mandelbrot, 25, 69.750000000000000000, 68.780944824218750000, 0.0, 0.0, 3201, 51.2, 88732, 0
Java, mandelbrot, 25, 73.336669921875000000, 72.350769042968750000, 0.0, 0.0, 3263, 51.8, 88064, 0
Java, mandelbrot, 25, 73.529113769531250000, 72.527221679687500000, 0.0, 0.0, 3273, 51.8, 87892, 0
Java, mandelbrot, 25, 72.832031250000000000, 71.838500976562500000, 0.0, 0.0, 3292, 52.0, 88184, 0
Java, mandelbrot, 25, 70.373657226562500000, 69.413696289062500000, 0.0, 0.0, 3174, 51.2, 90752, 0
Java, mandelbrot, 25, 69.570251464843750000, 68.610778808593750000, 0.0, 0.0, 3177, 51.5, 88076, 0
Java, mandelbrot, 25, 73.493774414062500000, 72.506347656250000000, 0.0, 0.0, 3264, 51.0, 88312, 0
Java, mandelbrot, 25, 71.557983398437500000, 70.576721191406250000, 0.0, 0.0, 3251, 51.2, 88012, 0
Java, mandelbrot, 25, 72.460021972656250000, 71.470520019531250000, 0.0, 0.0, 3277, 50.0, 88156, 0
Java, mandelbrot, 25, 73.353149414062500000, 72.348815917968750000, 0.0, 0.0, 3279, 50.5, 88220, 0
Java, mandelbrot, 25, 72.479248046875000000, 71.485656738281250000, 0.0, 0.0, 3247, 51.0, 88832, 0
Java, mandelbrot, 25, 70.904418945312500000, 69.939086914062500000, 0.0, 0.0, 3192, 50.2, 88348, 0
Java, mandelbrot, 25, 73.621948242187500000, 72.632812500000000000, 0.0, 0.0, 3246, 51.5, 88300, 0
Java, mandelbrot, 25, 73.179565429687500000, 72.186462402343750000, 0.0, 0.0, 3276, 50.0, 88192, 0
Java, mandelbrot, 25, 72.371765136718750000, 71.380126953125000000, 0.0, 0.0, 3263, 50.2, 88092, 0
Java, mandelbrot, 25, 72.409118652343750000, 71.406860351562500000, 0.0, 0.0, 3274, 51.2, 88316, 0
Java, mandelbrot, 25, 72.778869628906250000, 71.781555175781250000, 0.0, 0.0, 3285, 51.0, 88220, 0
Java, mandelbrot, 25, 72.796142578125000000, 71.803588867187500000, 0.0, 0.0, 3276, 51.2, 87928, 0
Java, n-body, 25, 37.553588867187500000, 36.333251953125000000, 0.0, 0.0, 4062, 48.2, 41216, 0
Java, n-body, 25, 37.523986816406250000, 36.292053222656250000, 0.0, 0.0, 4065, 47.2, 41216, 0
Java, n-body, 25, 36.737792968750000000, 35.521972656250000000, 0.0, 0.0, 4065, 47.2, 41244, 0
Java, n-body, 25, 37.310424804687500000, 36.092834472656250000, 0.0, 0.0, 4056, 46.8, 41244, 0
Java, n-body, 25, 37.257385253906250000, 36.025634765625000000, 0.0, 0.0, 4090, 47.0, 41088, 0
Java, n-body, 25, 36.994750976562500000, 35.756896972656250000, 0.0, 0.0, 4101, 46.8, 41080, 0
Java, n-body, 25, 37.246459960937500000, 36.016113281250000000, 0.0, 0.0, 4082, 47.0, 41244, 0
Java, n-body, 25, 36.554260253906250000, 35.349182128906250000, 0.0, 0.0, 4056, 47.2, 41344, 0
Java, n-body, 25, 37.327575683593750000, 36.107604980468750000, 0.0, 0.0, 4074, 46.8, 40976, 0
Java, n-body, 25, 37.195800781250000000, 35.964172363281250000, 0.0, 0.0, 4081, 47.0, 41216, 0
Java, n-body, 25, 37.443359375000000000, 36.209716796875000000, 0.0, 0.0, 4082, 47.2, 40988, 0
Java, n-body, 25, 37.383300781250000000, 36.155822753906250000, 0.0, 0.0, 4081, 47.0, 40932, 0
Java, n-body, 25, 36.518676757812500000, 35.306213378906250000, 0.0, 0.0, 4057, 47.0, 41076, 0
Java, n-body, 25, 37.409423828125000000, 36.184387207031250000, 0.0, 0.0, 4081, 46.8, 40860, 0
Java, n-body, 25, 36.984008789062500000, 35.766052246093750000, 0.0, 0.0, 4077, 47.5, 40988, 0
Java, n-body, 25, 36.473876953125000000, 35.254211425781250000, 0.0, 0.0, 4056, 46.8, 41116, 0
Java, n-body, 25, 36.774169921875000000, 35.548095703125000000, 0.0, 0.0, 4082, 46.8, 41088, 0
Java, n-body, 25, 37.239379882812500000, 36.013793945312500000, 0.0, 0.0, 4079, 46.5, 41212, 0
Java, n-body, 25, 36.645019531250000000, 35.431884765625000000, 0.0, 0.0, 4057, 47.0, 41084, 0
Java, n-body, 25, 36.748779296875000000, 35.527404785156250000, 0.0, 0.0, 4083, 46.2, 41216, 0
Java, regex-redux, 25, 90.012023925781250000, 88.586791992187500000, 0.0, 0.0, 4397, 49.2, 622104, 0
Java, regex-redux, 25, 91.702636718750000000, 90.255554199218750000, 0.0, 0.0, 4509, 49.5, 622632, 0
Java, regex-redux, 25, 88.436157226562500000, 87.040527343750000000, 0.0, 0.0, 4336, 48.5, 622268, 0
Java, regex-redux, 25, 89.662292480468750000, 88.246582031250000000, 0.0, 0.0, 4398, 49.2, 622784, 0
Java, regex-redux, 25, 90.324707031250000000, 88.896301269531250000, 0.0, 0.0, 4434, 49.2, 595216, 0
Java, regex-redux, 25, 90.661560058593750000, 89.224975585937500000, 0.0, 0.0, 4458, 49.5, 621968, 0
Java, regex-redux, 25, 89.785461425781250000, 88.366516113281250000, 0.0, 0.0, 4398, 49.2, 621200, 0
Java, regex-redux, 25, 89.702148437500000000, 88.285522460937500000, 0.0, 0.0, 4399, 49.2, 622564, 0
Java, regex-redux, 25, 90.248962402343750000, 88.805053710937500000, 0.0, 0.0, 4471, 48.5, 622696, 0
Java, regex-redux, 25, 91.697082519531250000, 90.212341308593750000, 0.0, 0.0, 4613, 49.8, 621704, 0
Java, regex-redux, 25, 90.692626953125000000, 89.265014648437500000, 0.0, 0.0, 4443, 49.0, 622396, 0
Java, regex-redux, 25, 92.734130859375000000, 91.267089843750000000, 0.0, 0.0, 4574, 49.0, 622604, 0
Java, regex-redux, 25, 91.219970703125000000, 89.782226562500000000, 0.0, 0.0, 4491, 49.2, 622700, 0
Java, regex-redux, 25, 89.846740722656250000, 88.421142578125000000, 0.0, 0.0, 4436, 49.2, 621748, 0
Java, regex-redux, 25, 89.425903320312500000, 88.004089355468750000, 0.0, 0.0, 4408, 49.2, 622252, 0
Java, regex-redux, 25, 91.468200683593750000, 90.020324707031250000, 0.0, 0.0, 4493, 49.5, 621456, 0
Java, regex-redux, 25, 90.416076660156250000, 88.976501464843750000, 0.0, 0.0, 4457, 49.2, 621736, 0
Java, regex-redux, 25, 91.342407226562500000, 89.884033203125000000, 0.0, 0.0, 4503, 47.5, 622040, 0
Java, regex-redux, 25, 90.945373535156250000, 89.490356445312500000, 0.0, 0.0, 4502, 49.5, 622160, 0
Java, regex-redux, 25, 90.559265136718750000, 89.125183105468750000, 0.0, 0.0, 4445, 49.5, 621940, 0
Java, reverse-complement, 25, 8.098205566406250000, 7.813110351562500000, 0.0, 0.0, 758, 44.8, 537700, 0
Java, reverse-complement, 25, 8.000061035156250000, 7.717163085937500000, 0.0, 0.0, 778, 49.0, 537740, 0
Java, reverse-complement, 25, 8.068054199218750000, 7.790771484375000000, 0.0, 0.0, 751, 44.8, 537544, 0
Java, reverse-complement, 25, 8.117004394531250000, 7.837036132812500000, 0.0, 0.0, 752, 48.5, 537556, 0
Java, reverse-complement, 25, 8.026794433593750000, 7.747558593750000000, 0.0, 0.0, 763, 44.5, 537596, 0
Java, reverse-complement, 25, 8.021850585937500000, 7.741088867187500000, 0.0, 0.0, 769, 48.2, 537864, 0
Java, reverse-complement, 25, 8.075683593750000000, 7.792907714843750000, 0.0, 0.0, 753, 44.5, 537516, 0
Java, reverse-complement, 25, 8.081054687500000000, 7.802062988281250000, 0.0, 0.0, 754, 47.8, 537668, 0
Java, reverse-complement, 25, 8.056030273437500000, 7.775207519531250000, 0.0, 0.0, 753, 44.8, 537596, 0
Java, reverse-complement, 25, 8.087524414062500000, 7.810974121093750000, 0.0, 0.0, 751, 48.8, 537788, 0
Java, reverse-complement, 25, 8.022094726562500000, 7.741088867187500000, 0.0, 0.0, 758, 44.5, 537788, 0
Java, reverse-complement, 25, 8.145568847656250000, 7.863708496093750000, 0.0, 0.0, 752, 48.2, 537744, 0
Java, reverse-complement, 25, 8.013671875000000000, 7.730834960937500000, 0.0, 0.0, 753, 44.5, 537600, 0
Java, reverse-complement, 25, 8.069885253906250000, 7.784729003906250000, 0.0, 0.0, 748, 48.0, 537752, 0
Java, reverse-complement, 25, 8.105834960937500000, 7.822692871093750000, 0.0, 0.0, 755, 44.8, 537668, 0
Java, reverse-complement, 25, 8.128295898437500000, 7.840087890625000000, 0.0, 0.0, 754, 48.0, 537620, 0
Java, reverse-complement, 25, 8.142883300781250000, 7.860229492187500000, 0.0, 0.0, 753, 44.5, 537480, 0
Java, reverse-complement, 25, 8.135192871093750000, 7.856750488281250000, 0.0, 0.0, 749, 47.8, 537700, 0
Java, reverse-complement, 25, 8.104736328125000000, 7.830322265625000000, 0.0, 0.0, 751, 44.5, 537700, 0
Java, reverse-complement, 25, 8.122680664062500000, 7.846069335937500000, 0.0, 0.0, 754, 48.0, 537580, 0
Java, spectral-norm, 25, 11.797241210937500000, 11.621215820312500000, 0.0, 0.0, 566, 44.5, 42696, 0
Java, spectral-norm, 25, 11.980468750000000000, 11.809631347656250000, 0.0, 0.0, 566, 50.2, 42600, 0
Java, spectral-norm, 25, 11.914245605468750000, 11.751342773437500000, 0.0, 0.0, 565, 44.5, 42460, 0
Java, spectral-norm, 25, 12.088989257812500000, 11.910583496093750000, 0.0, 0.0, 570, 51.0, 42672, 0
Java, spectral-norm, 25, 12.059631347656250000, 11.888916015625000000, 0.0, 0.0, 586, 44.8, 42428, 0
Java, spectral-norm, 25, 12.112548828125000000, 11.933593750000000000, 0.0, 0.0, 594, 49.2, 42456, 0
Java, spectral-norm, 25, 12.019836425781250000, 11.845214843750000000, 0.0, 0.0, 579, 44.8, 42552, 0
Java, spectral-norm, 25, 12.084777832031250000, 11.919860839843750000, 0.0, 0.0, 565, 50.8, 42752, 0
Java, spectral-norm, 25, 11.948181152343750000, 11.766113281250000000, 0.0, 0.0, 580, 44.8, 42476, 0
Java, spectral-norm, 25, 12.086914062500000000, 11.907836914062500000, 0.0, 0.0, 570, 50.8, 42336, 0
Java, spectral-norm, 25, 11.983581542968750000, 11.810241699218750000, 0.0, 0.0, 578, 44.5, 42520, 0
Java, spectral-norm, 25, 12.124816894531250000, 11.950866699218750000, 0.0, 0.0, 575, 50.8, 42332, 0
Java, spectral-norm, 25, 12.015502929687500000, 11.838500976562500000, 0.0, 0.0, 582, 44.5, 42444, 0
Java, spectral-norm, 25, 12.038879394531250000, 11.869934082031250000, 0.0, 0.0, 567, 50.5, 42592, 0
Java, spectral-norm, 25, 11.422424316406250000, 11.250366210937500000, 0.0, 0.0, 587, 44.5, 42744, 0
Java, spectral-norm, 25, 11.925598144531250000, 11.755798339843750000, 0.0, 0.0, 559, 51.0, 42500, 0
Java, spectral-norm, 25, 11.552429199218750000, 11.385009765625000000, 0.0, 0.0, 539, 44.8, 42708, 0
Java, spectral-norm, 25, 12.089965820312500000, 11.911987304687500000, 0.0, 0.0, 569, 51.0, 42304, 0
Java, spectral-norm, 25, 11.834777832031250000, 11.660156250000000000, 0.0, 0.0, 581, 44.8, 42140, 0
Java, spectral-norm, 25, 12.097290039062500000, 11.920288085937500000, 0.0, 0.0, 567, 51.0, 42692, 0
Python, binary-trees, 25, 702.484680175781250000, 690.523315429687500000, 0.0, 0.0, 32102, 51.8, 277376, 0
Python, binary-trees, 25, 694.508666992187500000, 682.610046386718750000, 0.0, 0.0, 31972, 52.0, 277248, 0
Python, binary-trees, 25, 703.233520507812500000, 691.194152832031250000, 0.0, 0.0, 32371, 51.8, 277248, 0
Python, binary-trees, 25, 701.815795898437500000, 689.808471679687500000, 0.0, 0.0, 32263, 52.2, 277248, 0
Python, binary-trees, 25, 698.976989746093750000, 687.140380859375000000, 0.0, 0.0, 31719, 51.5, 277120, 0
Python, binary-trees, 25, 699.624877929687500000, 687.684875488281250000, 0.0, 0.0, 32024, 52.0, 277248, 0
Python, binary-trees, 25, 700.672912597656250000, 688.721374511718750000, 0.0, 0.0, 32049, 51.8, 277120, 0
Python, binary-trees, 25, 699.995483398437500000, 688.129638671875000000, 0.0, 0.0, 31800, 51.8, 277120, 0
Python, binary-trees, 25, 699.659851074218750000, 687.665771484375000000, 0.0, 0.0, 32185, 51.5, 277248, 0
Python, binary-trees, 25, 699.622924804687500000, 687.622558593750000000, 0.0, 0.0, 32243, 51.8, 277120, 0
Python, binary-trees, 25, 698.626953125000000000, 686.579895019531250000, 0.0, 0.0, 32355, 52.0, 277248, 0
Python, binary-trees, 25, 700.553039550781250000, 688.731323242187500000, 0.0, 0.0, 31708, 51.8, 277248, 0
Python, binary-trees, 25, 700.909667968750000000, 688.923156738281250000, 0.0, 0.0, 32194, 52.2, 277248, 0
Python, binary-trees, 25, 700.103942871093750000, 688.171508789062500000, 0.0, 0.0, 32110, 51.8, 277248, 0
Python, binary-trees, 25, 702.961425781250000000, 690.974243164062500000, 0.0, 0.0, 32234, 51.8, 277248, 0
Python, binary-trees, 25, 699.040771484375000000, 687.045166015625000000, 0.0, 0.0, 32167, 51.8, 277248, 0
Python, binary-trees, 25, 701.706787109375000000, 689.669982910156250000, 0.0, 0.0, 32308, 51.2, 277120, 0
Python, binary-trees, 25, 699.929504394531250000, 688.037658691406250000, 0.0, 0.0, 31943, 52.2, 277248, 0
Python, binary-trees, 25, 697.078613281250000000, 685.339660644531250000, 0.0, 0.0, 31479, 51.8, 277248, 0
Python, binary-trees, 25, 698.726623535156250000, 686.782104492187500000, 0.0, 0.0, 32007, 51.8, 277120, 0
Python, fannkuch-redux, 25, 6084.756225585937500000, 6010.193176269531250000, 0.0, 0.0, 244725, 58.0, 14336, 0
Python, fannkuch-redux, 25, 6098.289184570312500000, 6023.251953125000000000, 0.0, 0.0, 246119, 57.2, 14336, 0
Python, fannkuch-redux, 25, 6138.747985839843750000, 6063.511413574218750000, 0.0, 0.0, 246874, 57.2, 14336, 0
Python, fannkuch-redux, 25, 6181.960754394531250000, 6106.235168457031250000, 0.0, 0.0, 248411, 57.8, 14336, 0
Python, fannkuch-redux, 25, 6131.708435058593750000, 6056.570922851562500000, 0.0, 0.0, 246073, 58.8, 14208, 0
Python, fannkuch-redux, 25, 6109.975585937500000000, 6035.037353515625000000, 0.0, 0.0, 245914, 57.5, 14208, 0
Python, fannkuch-redux, 25, 6129.674743652343750000, 6054.225769042968750000, 0.0, 0.0, 247228, 57.5, 14336, 0
Python, fannkuch-redux, 25, 6134.830993652343750000, 6059.458618164062500000, 0.0, 0.0, 247151, 57.5, 14336, 0
Python, fannkuch-redux, 25, 6105.350769042968750000, 6030.358154296875000000, 0.0, 0.0, 245556, 57.8, 14336, 0
Python, fannkuch-redux, 25, 6114.159057617187500000, 6039.128845214843750000, 0.0, 0.0, 246155, 58.0, 14336, 0
Python, fannkuch-redux, 25, 6061.818542480468750000, 5987.619567871093750000, 0.0, 0.0, 243737, 58.5, 14336, 0
Python, fannkuch-redux, 25, 6113.160522460937500000, 6038.234924316406250000, 0.0, 0.0, 245718, 58.2, 14336, 0
Python, fannkuch-redux, 25, 6113.012695312500000000, 6038.208618164062500000, 0.0, 0.0, 245402, 58.2, 14336, 0
Python, fannkuch-redux, 25, 6095.001403808593750000, 6020.410400390625000000, 0.0, 0.0, 244719, 57.8, 14208, 0
Python, fannkuch-redux, 25, 6099.314208984375000000, 6024.505004882812500000, 0.0, 0.0, 245315, 58.0, 14336, 0
Python, fannkuch-redux, 25, 6112.427978515625000000, 6037.363159179687500000, 0.0, 0.0, 245840, 57.8, 14208, 0
Python, fannkuch-redux, 25, 6088.576416015625000000, 6013.944824218750000000, 0.0, 0.0, 244764, 57.8, 14336, 0
Python, fannkuch-redux, 25, -256048.240783691406250000, 6021.189575195312500000, 0.0, 0.0, 244594, 59.0, 14208, 0
Python, fannkuch-redux, 25, 6165.293090820312500000, 6089.659362792968750000, 0.0, 0.0, 247966, 58.0, 14336, 0
Python, fannkuch-redux, 25, 6181.083251953125000000, 6105.313659667968750000, 0.0, 0.0, 248488, 58.2, 14336, 0
Python, fasta, 25, 430.764892578125000000, 418.310729980468750000, 0.0, 0.0, 41073, 49.8, 9216, 0
Python, fasta, 25, 430.498168945312500000, 418.091918945312500000, 0.0, 0.0, 40977, 49.5, 9216, 0
Python, fasta, 25, 432.740783691406250000, 420.325866699218750000, 0.0, 0.0, 41125, 50.2, 9216, 0
Python, fasta, 25, 434.275207519531250000, 421.739257812500000000, 0.0, 0.0, 41253, 49.8, 9344, 0
Python, fasta, 25, 435.622131347656250000, 423.203613281250000000, 0.0, 0.0, 41027, 49.2, 9216, 0
Python, fasta, 25, 444.151855468750000000, 431.344665527343750000, 0.0, 0.0, 42135, 49.8, 9344, 0
Python, fasta, 25, 435.666137695312500000, 423.224060058593750000, 0.0, 0.0, 41038, 49.2, 9216, 0
Python, fasta, 25, 438.363464355468750000, 425.807312011718750000, 0.0, 0.0, 41269, 49.5, 9216, 0
Python, fasta, 25, 435.868103027343750000, 423.362060546875000000, 0.0, 0.0, 41120, 49.8, 9344, 0
Python, fasta, 25, 437.846923828125000000, 425.290161132812500000, 0.0, 0.0, 41216, 49.8, 9216, 0
Python, fasta, 25, 434.786010742187500000, 422.311706542968750000, 0.0, 0.0, 41066, 49.8, 9344, 0
Python, fasta, 25, 436.183288574218750000, 423.704650878906250000, 0.0, 0.0, 41048, 49.8, 9344, 0
Python, fasta, 25, 442.116882324218750000, 429.567260742187500000, 0.0, 0.0, 41367, 48.2, 9216, 0
Python, fasta, 25, 437.901000976562500000, 425.397888183593750000, 0.0, 0.0, 41196, 49.8, 9216, 0
Python, fasta, 25, 435.078430175781250000, 422.522766113281250000, 0.0, 0.0, 41356, 50.2, 9344, 0
Python, fasta, 25, 436.305908203125000000, 423.782714843750000000, 0.0, 0.0, 41229, 49.5, 9344, 0
Python, fasta, 25, 433.718566894531250000, 421.344665527343750000, 0.0, 0.0, 40979, 50.0, 9216, 0
Python, fasta, 25, 431.197631835937500000, 418.806884765625000000, 0.0, 0.0, 40956, 49.2, 9216, 0
Python, fasta, 25, 433.033508300781250000, 420.636779785156250000, 0.0, 0.0, 41086, 50.0, 9216, 0
Python, fasta, 25, 436.625854492187500000, 424.197937011718750000, 0.0, 0.0, 41242, 50.0, 9216, 0
Python, k-nucleotide, 25, 912.837768554687500000, 899.793212890625000000, 0.0, 0.0, 37186, 53.8, 261668, 0
Python, k-nucleotide, 25, 916.136108398437500000, 903.069763183593750000, 0.0, 0.0, 37297, 54.5, 261780, 0
Python, k-nucleotide, 25, 909.041198730468750000, 896.007080078125000000, 0.0, 0.0, 37077, 53.2, 261880, 0
Python, k-nucleotide, 25, 907.158630371093750000, 894.165649414062500000, 0.0, 0.0, 36978, 53.5, 261884, 0
Python, k-nucleotide, 25, 908.425292968750000000, 895.406677246093750000, 0.0, 0.0, 36975, 54.2, 261752, 0
Python, k-nucleotide, 25, 904.380981445312500000, 891.427246093750000000, 0.0, 0.0, 36834, 53.8, 261884, 0
Python, k-nucleotide, 25, 920.215270996093750000, 907.081787109375000000, 0.0, 0.0, 37511, 53.8, 261756, 0
Python, k-nucleotide, 25, 928.942810058593750000, 915.662780761718750000, 0.0, 0.0, 37922, 53.5, 261880, 0
Python, k-nucleotide, 25, 935.029541015625000000, 921.741516113281250000, 0.0, 0.0, 38091, 53.2, 261888, 0
Python, k-nucleotide, 25, 905.558898925781250000, 892.585754394531250000, 0.0, 0.0, 36906, 54.8, 261776, 0
Python, k-nucleotide, 25, 919.279724121093750000, 906.127563476562500000, 0.0, 0.0, 37417, 54.5, 261792, 0
Python, k-nucleotide, 25, 903.626892089843750000, 890.663208007812500000, 0.0, 0.0, 36831, 54.2, 261756, 0
Python, k-nucleotide, 25, 905.155456542968750000, 892.208801269531250000, 0.0, 0.0, 36838, 55.0, 261756, 0
Python, k-nucleotide, 25, 908.358215332031250000, 895.201293945312500000, 0.0, 0.0, 37052, 53.5, 261840, 0
Python, k-nucleotide, 25, 907.735656738281250000, 894.671875000000000000, 0.0, 0.0, 36967, 54.8, 261628, 0
Python, k-nucleotide, 25, 911.518859863281250000, 898.445312500000000000, 0.0, 0.0, 37162, 53.2, 261648, 0
Python, k-nucleotide, 25, 905.436340332031250000, 892.484497070312500000, 0.0, 0.0, 36833, 54.5, 261660, 0
Python, k-nucleotide, 25, 919.444152832031250000, 906.304748535156250000, 0.0, 0.0, 37451, 54.0, 261752, 0
Python, k-nucleotide, 25, 906.988159179687500000, 894.023498535156250000, 0.0, 0.0, 36918, 55.0, 261776, 0
Python, k-nucleotide, 25, 911.159973144531250000, 898.122253417968750000, 0.0, 0.0, 37161, 53.0, 261756, 0
Python, mandelbrot, 25, 3175.331054687500000000, -259007.412231445312500000, 0.0, 0.0, 127278, 59.0, 14464, 0
Python, mandelbrot, 25, 3173.338012695312500000, 3134.635681152343750000, 0.0, 0.0, 127205, 59.8, 14336, 0
Python, mandelbrot, 25, 3188.853881835937500000, 3149.966308593750000000, 0.0, 0.0, 127818, 58.8, 14336, 0
Python, mandelbrot, 25, 3204.419860839843750000, 3165.345764160156250000, 0.0, 0.0, 128450, 59.5, 14336, 0
Python, mandelbrot, 25, 3174.955505371093750000, 3136.234436035156250000, 0.0, 0.0, 127264, 59.2, 14336, 0
Python, mandelbrot, 25, 3175.802185058593750000, 3137.060546875000000000, 0.0, 0.0, 127299, 59.5, 14336, 0
Python, mandelbrot, 25, 3185.776184082031250000, 3146.914978027343750000, 0.0, 0.0, 127693, 59.0, 14336, 0
Python, mandelbrot, 25, 3180.371948242187500000, 3141.572998046875000000, 0.0, 0.0, 127476, 59.8, 14336, 0
Python, mandelbrot, 25, 3174.070800781250000000, 3135.359130859375000000, 0.0, 0.0, 127219, 59.2, 14208, 0
Python, mandelbrot, 25, 3187.567687988281250000, 3148.684448242187500000, 0.0, 0.0, 127760, 59.5, 14336, 0
Python, mandelbrot, 25, 3201.613708496093750000, 3162.598999023437500000, 0.0, 0.0, 128335, 58.8, 14336, 0
Python, mandelbrot, 25, 3205.713623046875000000, 3166.617797851562500000, 0.0, 0.0, 128496, 59.5, 14336, 0
Python, mandelbrot, 25, 3190.012145996093750000, 3151.097961425781250000, 0.0, 0.0, 127865, 59.0, 14336, 0
Python, mandelbrot, 25, 3195.880249023437500000, 3156.883422851562500000, 0.0, 0.0, 128101, 59.5, 14336, 0
Python, mandelbrot, 25, 3190.403930664062500000, 3151.494689941406250000, 0.0, 0.0, 127883, 59.5, 14336, 0
Python, mandelbrot, 25, 3173.014221191406250000, 3134.298950195312500000, 0.0, 0.0, 127183, 59.5, 14464, 0
Python, mandelbrot, 25, 3195.251098632812500000, 3156.278747558593750000, 0.0, 0.0, 128084, 60.0, 14336, 0
Python, mandelbrot, 25, 3200.903686523437500000, 3161.835876464843750000, 0.0, 0.0, 128310, 59.2, 14336, 0
Python, mandelbrot, 25, 3195.724487304687500000, 3156.727233886718750000, 0.0, 0.0, 128104, 59.8, 14336, 0
Python, mandelbrot, 25, 3191.730285644531250000, 3152.788146972656250000, 0.0, 0.0, 127937, 59.8, 14336, 0
Python, n-body, 25, 2685.231079101562500000, 2614.815307617187500000, 0.0, 0.0, 233540, 51.8, 9344, 0
Python, n-body, 25, 2667.332580566406250000, 2596.953247070312500000, 0.0, 0.0, 233359, 51.5, 9344, 0
Python, n-body, 25, 2670.966003417968750000, 2599.757568359375000000, 0.0, 0.0, 235684, 51.0, 9344, 0
Python, n-body, 25, 2732.066467285156250000, 2659.589904785156250000, 0.0, 0.0, 239702, 50.5, 9344, 0
Python, n-body, 25, 2657.795776367187500000, 2587.281127929687500000, 0.0, 0.0, 233245, 50.8, 9344, 0
Python, n-body, 25, 2770.378540039062500000, 2698.162841796875000000, 0.0, 0.0, 233870, 50.5, 9344, 0
Python, n-body, 25, 2671.860107421875000000, 2601.367614746093750000, 0.0, 0.0, 233249, 51.2, 9344, 0
Python, n-body, 25, 2676.579589843750000000, 2605.653503417968750000, 0.0, 0.0, 233341, 50.2, 9344, 0
Python, n-body, 25, 2673.640441894531250000, 2602.705383300781250000, 0.0, 0.0, 233282, 50.5, 9344, 0
Python, n-body, 25, 2721.823852539062500000, 2649.742431640625000000, 0.0, 0.0, 236242, 51.0, 9344, 0
Python, n-body, 25, 2697.346252441406250000, 2626.183837890625000000, 0.0, 0.0, 233431, 50.8, 9344, 0
Python, n-body, 25, 2693.226501464843750000, 2622.809326171875000000, 0.0, 0.0, 233933, 51.2, 9472, 0
Python, n-body, 25, 2767.379211425781250000, 2695.648010253906250000, 0.0, 0.0, 237662, 51.0, 9344, 0
Python, n-body, 25, 2755.886291503906250000, 2682.907775878906250000, 0.0, 0.0, 239237, 50.2, 9344, 0
Python, n-body, 25, 2712.529357910156250000, 2641.927429199218750000, 0.0, 0.0, 234618, 51.0, 9344, 0
Python, n-body, 25, 2691.120788574218750000, 2620.077941894531250000, 0.0, 0.0, 233218, 50.8, 9344, 0
Python, n-body, 25, 2706.733947753906250000, 2636.308837890625000000, 0.0, 0.0, 234216, 51.0, 9472, 0
Python, n-body, 25, 2694.048034667968750000, 2622.885437011718750000, 0.0, 0.0, 233280, 50.0, 9216, 0
Python, n-body, 25, 2718.447326660156250000, 2646.637451171875000000, 0.0, 0.0, 235742, 50.0, 9472, 0
Python, n-body, 25, 2696.638732910156250000, 2624.924255371093750000, 0.0, 0.0, 237025, 50.5, 9344, 0
Python, regex-redux, 25, 106.453918457031250000, 104.205444335937500000, 0.0, 0.0, 7205, 49.5, 460516, 0
Python, regex-redux, 25, 107.458618164062500000, 105.201965332031250000, 0.0, 0.0, 7244, 49.0, 460496, 0
Python, regex-redux, 25, 107.298278808593750000, 105.052062988281250000, 0.0, 0.0, 7227, 48.8, 460648, 0
Python, regex-redux, 25, 106.891174316406250000, 104.647399902343750000, 0.0, 0.0, 7222, 49.2, 460624, 0
Python, regex-redux, 25, 107.406799316406250000, 105.156188964843750000, 0.0, 0.0, 7251, 49.2, 460656, 0
Python, regex-redux, 25, 106.995605468750000000, 104.742736816406250000, 0.0, 0.0, 7236, 49.0, 460520, 0
Python, regex-redux, 25, 106.475036621093750000, 104.226318359375000000, 0.0, 0.0, 7207, 49.0, 460552, 0
Python, regex-redux, 25, 106.788452148437500000, 104.541320800781250000, 0.0, 0.0, 7221, 49.0, 460552, 0
Python, regex-redux, 25, 106.528015136718750000, 104.276977539062500000, 0.0, 0.0, 7215, 49.5, 460624, 0
Python, regex-redux, 25, 106.724853515625000000, 104.474365234375000000, 0.0, 0.0, 7232, 49.8, 460652, 0
Python, regex-redux, 25, 106.487365722656250000, 104.228210449218750000, 0.0, 0.0, 7229, 49.2, 460612, 0
Python, regex-redux, 25, 108.163085937500000000, 105.872070312500000000, 0.0, 0.0, 7357, 49.5, 460632, 0
Python, regex-redux, 25, 106.425354003906250000, 104.177673339843750000, 0.0, 0.0, 7210, 48.8, 460504, 0
Python, regex-redux, 25, 106.727661132812500000, 104.479003906250000000, 0.0, 0.0, 7211, 49.0, 460404, 0
Python, regex-redux, 25, 107.032287597656250000, 104.783752441406250000, 0.0, 0.0, 7251, 49.5, 460660, 0
Python, regex-redux, 25, 106.528198242187500000, 104.279052734375000000, 0.0, 0.0, 7240, 50.0, 460620, 0
Python, regex-redux, 25, 106.653015136718750000, 104.392272949218750000, 0.0, 0.0, 7230, 49.8, 460576, 0
Python, regex-redux, 25, 107.327087402343750000, 105.076293945312500000, 0.0, 0.0, 7237, 49.0, 460656, 0
Python, regex-redux, 25, 108.786743164062500000, 106.486267089843750000, 0.0, 0.0, 7397, 49.0, 460660, 0
Python, regex-redux, 25, 106.983398437500000000, 104.734802246093750000, 0.0, 0.0, 7226, 48.8, 460616, 0
Python, reverse-complement, 25, 19.799499511718750000, 19.354553222656250000, 0.0, 0.0, 1365, 49.0, 628292, 0
Python, reverse-complement, 25, 19.754455566406250000, 19.303527832031250000, 0.0, 0.0, 1368, 49.0, 628296, 0
Python, reverse-complement, 25, 19.696838378906250000, 19.259338378906250000, 0.0, 0.0, 1367, 49.2, 628192, 0
Python, reverse-complement, 25, 19.742126464843750000, 19.300476074218750000, 0.0, 0.0, 1373, 48.2, 628316, 0
Python, reverse-complement, 25, 19.821411132812500000, 19.372436523437500000, 0.0, 0.0, 1369, 49.0, 628192, 0
Python, reverse-complement, 25, 19.710327148437500000, 19.259704589843750000, 0.0, 0.0, 1377, 48.5, 628292, 0
Python, reverse-complement, 25, 19.768615722656250000, 19.316711425781250000, 0.0, 0.0, 1370, 49.5, 628416, 0
Python, reverse-complement, 25, 19.685729980468750000, 19.240600585937500000, 0.0, 0.0, 1363, 48.8, 628292, 0
Python, reverse-complement, 25, 19.610656738281250000, 19.161987304687500000, 0.0, 0.0, 1374, 48.5, 628292, 0
Python, reverse-complement, 25, 19.688964843750000000, 19.247802734375000000, 0.0, 0.0, 1371, 48.8, 628188, 0
Python, reverse-complement, 25, 19.619873046875000000, 19.172241210937500000, 0.0, 0.0, 1363, 49.0, 628416, 0
Python, reverse-complement, 25, 19.674804687500000000, 19.234863281250000000, 0.0, 0.0, 1370, 48.5, 628192, 0
Python, reverse-complement, 25, 19.628112792968750000, 19.187744140625000000, 0.0, 0.0, 1373, 48.2, 628292, 0
Python, reverse-complement, 25, 19.593444824218750000, 19.152160644531250000, 0.0, 0.0, 1369, 48.5, 628324, 0
Python, reverse-complement, 25, 20.091003417968750000, 19.627746582031250000, 0.0, 0.0, 1418, 49.0, 628300, 0
Python, reverse-complement, 25, 19.570434570312500000, 19.121032714843750000, 0.0, 0.0, 1370, 49.5, 628308, 0
Python, reverse-complement, 25, 19.670410156250000000, 19.224853515625000000, 0.0, 0.0, 1365, 48.0, 628420, 0
Python, reverse-complement, 25, 19.748718261718750000, 19.300537109375000000, 0.0, 0.0, 1368, 49.2, 628180, 0
Python, reverse-complement, 25, 19.882263183593750000, 19.433349609375000000, 0.0, 0.0, 1371, 48.5, 628416, 0
Python, reverse-complement, 25, 19.557495117187500000, 19.113098144531250000, 0.0, 0.0, 1360, 48.8, 628292, 0
Python, spectral-norm, 25, 2213.649536132812500000, 2186.643371582031250000, 0.0, 0.0, 88828, 58.2, 15744, 0
Python, spectral-norm, 25, 2210.427673339843750000, 2183.462585449218750000, 0.0, 0.0, 88694, 58.2, 15744, 0
Python, spectral-norm, 25, 2201.324768066406250000, 2174.460998535156250000, 0.0, 0.0, 88338, 58.2, 15872, 0
Python, spectral-norm, 25, 2217.282958984375000000, 2190.230651855468750000, 0.0, 0.0, 88973, 58.2, 16000, 0
Python, spectral-norm, 25, 2218.277221679687500000, 2191.210205078125000000, 0.0, 0.0, 89006, 58.5, 15872, 0
Python, spectral-norm, 25, 2206.299621582031250000, 2179.378662109375000000, 0.0, 0.0, 88528, 58.0, 15744, 0
Python, spectral-norm, 25, 2213.700683593750000000, 2186.688903808593750000, 0.0, 0.0, 88833, 58.0, 16000, 0
Python, spectral-norm, 25, 2215.780822753906250000, 2188.724121093750000000, 0.0, 0.0, 88962, 57.2, 15744, 0
Python, spectral-norm, 25, 2216.162231445312500000, 2189.117370605468750000, 0.0, 0.0, 88924, 57.5, 15744, 0
Python, spectral-norm, 25, 2211.707702636718750000, 2184.706054687500000000, 0.0, 0.0, 88773, 58.0, 15872, 0
Python, spectral-norm, 25, 2200.753479003906250000, 2173.886718750000000000, 0.0, 0.0, 88343, 58.2, 15744, 0
Python, spectral-norm, 25, 2205.641967773437500000, 2178.734558105468750000, 0.0, 0.0, 88509, 57.8, 15744, 0
Python, spectral-norm, 25, 2201.931762695312500000, 2175.040832519531250000, 0.0, 0.0, 88365, 58.2, 15744, 0
Python, spectral-norm, 25, 2223.934692382812500000, 2196.796142578125000000, 0.0, 0.0, 89233, 58.0, 15744, 0
Python, spectral-norm, 25, 2214.799621582031250000, 2187.785644531250000000, 0.0, 0.0, 88863, 58.0, 15744, 0
Python, spectral-norm, 25, 2223.920593261718750000, 2196.771118164062500000, 0.0, 0.0, 89265, 58.0, 15744, 0
Python, spectral-norm, 25, 2213.837463378906250000, 2186.826049804687500000, 0.0, 0.0, 88821, 58.0, 15744, 0
Python, spectral-norm, 25, 2217.913146972656250000, 2190.853149414062500000, 0.0, 0.0, 88995, 58.0, 15744, 0
Python, spectral-norm, 25, 2212.723327636718750000, 2185.712280273437500000, 0.0, 0.0, 88801, 57.8, 15872, 0
Python, spectral-norm, 25, 2204.330749511718750000, 2177.438049316406250000, 0.0, 0.0, 88454, 57.8, 15744, 0
