Language, Program, PowerLimit, PSys, Package, Core, GPU, DRAM, Time(ms), User Time, System Time, Temperature, Memory, Perf
C, binary-trees, -1,  57.88, 29.62, 28.78, 0.00, 1.84, 2627, 2410, 203, 42.0, , 1
C, binary-trees, -1,  58.27, 29.85, 29.00, 0.00, 1.84, 2628, 2420, 194, 42.0, , 1
C, binary-trees, -1,  58.26, 29.73, 28.88, 0.00, 1.84, 2614, 2400, 196, 43.0, , 1
C, binary-trees, -1,  57.72, 29.45, 28.61, 0.00, 1.83, 2610, 2401, 194, 43.0, , 1
C, binary-trees, -1,  58.83, 29.99, 29.13, 0.00, 1.87, 2661, 2454, 195, 43.0, , 1
C, binary-trees, -1,  58.27, 29.44, 28.57, 0.00, 1.85, 2618, 2394, 202, 43.0, , 1
C, binary-trees, -1,  58.24, 29.32, 28.47, 0.00, 1.86, 2622, 2413, 185, 43.0, , 1
C, binary-trees, -1,  60.21, 30.49, 29.63, 0.00, 1.88, 2692, 2483, 196, 43.0, , 1
C, binary-trees, -1,  59.70, 30.10, 29.23, 0.00, 1.88, 2698, 2497, 188, 43.0, , 1
C, binary-trees, -1,  59.63, 30.07, 29.20, 0.00, 1.88, 2669, 2390, 204, 44.0, , 1
C, binary-trees, -1,  58.28, 29.55, 28.70, 0.00, 1.84, 2613, 2414, 185, 44.0, , 1
C, binary-trees, -1,  57.79, 29.39, 28.54, 0.00, 1.84, 2614, 2403, 197, 44.0, , 1
C, binary-trees, -1,  57.81, 29.32, 28.48, 0.00, 1.83, 2609, 2423, 173, 44.0, , 1
C, binary-trees, -1,  57.97, 29.48, 28.63, 0.00, 1.84, 2612, 2411, 186, 44.0, , 1
C, binary-trees, -1,  62.28, 31.56, 30.66, 0.00, 1.93, 2800, 2608, 179, 44.0, , 1
C, binary-trees, -1,  58.35, 29.59, 28.73, 0.00, 1.85, 2633, 2418, 203, 44.0, , 1
C, binary-trees, -1,  57.96, 29.49, 28.65, 0.00, 1.84, 2617, 2407, 189, 44.0, , 1
C, binary-trees, -1,  58.04, 29.49, 28.65, 0.00, 1.84, 2609, 2403, 192, 43.0, , 1
C, binary-trees, -1,  58.13, 29.43, 28.59, 0.00, 1.84, 2608, 2399, 197, 44.0, , 1
C, binary-trees, -1,  58.29, 29.46, 28.60, 0.00, 1.88, 2625, 2406, 196, 44.0, , 1
C, fannkuch-redux, -1,  149.06, 70.19, 67.94, 0.00, 3.79, 7511, 7404, 3, 44.0, , 1
C, fannkuch-redux, -1,  147.70, 69.22, 67.00, 0.00, 3.73, 7418, 7408, 7408, 45.0, , 1
C, fannkuch-redux, -1,  147.49, 69.42, 67.20, 0.00, 3.73, 7413, 7407, 7407, 44.0, , 1
C, fannkuch-redux, -1,  147.37, 70.04, 67.81, 0.00, 3.73, 7414, 7406, 0, 44.0, , 1
C, fannkuch-redux, -1,  147.34, 69.65, 67.42, 0.00, 3.74, 7416, 7406, 0, 44.0, , 1
C, fannkuch-redux, -1,  148.02, 69.59, 67.36, 0.00, 3.75, 7444, 7406, 0, 45.0, , 1
C, fannkuch-redux, -1,  147.15, 69.54, 67.30, 0.00, 3.74, 7423, 7407, 0, 45.0, , 1
C, fannkuch-redux, -1,  147.09, 69.84, 67.60, 0.00, 3.74, 7423, 7405, 1, 44.0, , 1
C, fannkuch-redux, -1,  147.88, 70.47, 68.24, 0.00, 3.74, 7420, 7405, 1, 44.0, , 1
C, fannkuch-redux, -1,  146.99, 69.51, 67.29, 0.00, 3.73, 7417, 7406, 0, 45.0, , 1
C, fannkuch-redux, -1,  146.93, 69.36, 67.14, 0.00, 3.73, 7418, 7406, 0, 45.0, , 1
C, fannkuch-redux, -1,  147.52, 70.01, 67.78, 0.00, 3.73, 7414, 7406, 0, 45.0, , 1
C, fannkuch-redux, -1,  147.14, 69.81, 67.59, 0.00, 3.73, 7414, 7406, 0, 44.0, , 1
C, fannkuch-redux, -1,  147.07, 70.19, 67.96, 0.00, 3.74, 7421, 7407, 7407, 45.0, , 1
C, fannkuch-redux, -1,  147.27, 69.83, 67.61, 0.00, 3.74, 7418, 7406, 0, 45.0, , 1
C, fannkuch-redux, -1,  147.49, 69.49, 67.26, 0.00, 3.74, 7427, 7407, 7407, 45.0, , 1
C, fannkuch-redux, -1,  148.12, 69.33, 67.11, 0.00, 3.74, 7421, 7407, 0, 46.0, , 1
C, fannkuch-redux, -1,  148.21, 69.27, 67.06, 0.00, 3.73, 7416, 7407, 7407, 45.0, , 1
C, fannkuch-redux, -1,  147.41, 69.63, 67.42, 0.00, 3.73, 7414, 7406, 0, 46.0, , 1
C, fannkuch-redux, -1,  149.07, 69.44, 67.21, 0.00, 3.73, 7414, 7405, 1, 46.0, , 1
C, fasta, -1,  12.62, 5.52, 5.32, 0.00, 0.33, 662, 651, 9, 46.0, , 1
C, fasta, -1,  12.62, 5.53, 5.33, 0.00, 0.33, 662, 648, 12, 45.0, , 1
C, fasta, -1,  12.63, 5.53, 5.33, 0.00, 0.34, 661, 639, 21, 45.0, , 1
C, fasta, -1,  12.60, 5.53, 5.33, 0.00, 0.33, 661, 654, 6, 45.0, , 1
C, fasta, -1,  12.61, 5.56, 5.36, 0.00, 0.34, 661, 650, 10, 45.0, , 1
C, fasta, -1,  12.56, 5.52, 5.33, 0.00, 0.33, 662, 648, 12, 44.0, , 1
C, fasta, -1,  12.53, 5.49, 5.29, 0.00, 0.34, 662, 649, 11, 44.0, , 1
C, fasta, -1,  12.62, 5.54, 5.34, 0.00, 0.33, 662, 641, 20, 44.0, , 1
C, fasta, -1,  12.59, 5.55, 5.35, 0.00, 0.33, 662, 652, 9, 44.0, , 1
C, fasta, -1,  12.61, 5.54, 5.33, 0.00, 0.34, 662, 653, 9, 44.0, , 1
C, fasta, -1,  12.74, 5.55, 5.35, 0.00, 0.34, 662, 646, 16, 44.0, , 1
C, fasta, -1,  12.60, 5.53, 5.33, 0.00, 0.33, 662, 658, 3, 44.0, , 1
C, fasta, -1,  12.60, 5.54, 5.34, 0.00, 0.33, 661, 653, 7, 44.0, , 1
C, fasta, -1,  12.44, 5.51, 5.32, 0.00, 0.33, 662, 648, 13, 44.0, , 1
C, fasta, -1,  12.68, 5.54, 5.34, 0.00, 0.34, 662, 654, 6, 44.0, , 1
C, fasta, -1,  12.57, 5.52, 5.32, 0.00, 0.33, 661, 645, 15, 44.0, , 1
C, fasta, -1,  12.56, 5.49, 5.29, 0.00, 0.33, 662, 643, 17, 44.0, , 1
C, fasta, -1,  12.60, 5.48, 5.28, 0.00, 0.33, 661, 647, 13, 45.0, , 1
C, fasta, -1,  12.60, 5.55, 5.35, 0.00, 0.34, 664, 646, 14, 45.0, , 1
C, fasta, -1,  12.65, 5.53, 5.33, 0.00, 0.33, 662, 652, 8, 44.0, , 1
C, k-nucleotide, -1,  164.35, 83.96, 81.74, 0.00, 4.04, 7450, 7335, 95, 47.0, , 1
C, k-nucleotide, -1,  165.27, 83.71, 81.49, 0.00, 4.05, 7446, 7333, 99, 47.0, , 1
C, k-nucleotide, -1,  164.82, 83.87, 81.65, 0.00, 4.04, 7449, 7339, 94, 47.0, , 1
C, k-nucleotide, -1,  164.48, 83.89, 81.67, 0.00, 4.04, 7438, 7319, 110, 47.0, , 1
C, k-nucleotide, -1,  164.85, 84.21, 81.98, 0.00, 4.04, 7441, 7328, 97, 48.0, , 1
C, k-nucleotide, -1,  166.18, 84.89, 82.66, 0.00, 4.06, 7477, 7370, 98, 47.0, , 1
C, k-nucleotide, -1,  165.69, 84.13, 81.91, 0.00, 4.05, 7456, 7347, 97, 48.0, , 1
C, k-nucleotide, -1,  165.39, 83.89, 81.67, 0.00, 4.05, 7443, 7325, 104, 47.0, , 1
C, k-nucleotide, -1,  166.08, 83.82, 81.60, 0.00, 4.05, 7453, 7332, 100, 48.0, , 1
C, k-nucleotide, -1,  170.44, 86.48, 84.17, 0.00, 4.18, 7723, 7606, 101, 48.0, , 1
C, k-nucleotide, -1,  164.80, 83.77, 81.54, 0.00, 4.05, 7443, 7345, 85, 48.0, , 1
C, k-nucleotide, -1,  164.72, 83.71, 81.50, 0.00, 4.04, 7437, 7333, 96, 48.0, , 1
C, k-nucleotide, -1,  165.47, 84.07, 81.85, 0.00, 4.04, 7440, 7330, 101, 48.0, , 1
C, k-nucleotide, -1,  164.67, 84.09, 81.87, 0.00, 4.04, 7436, 7324, 103, 48.0, , 1
C, k-nucleotide, -1,  165.03, 84.09, 81.87, 0.00, 4.04, 7443, 7331, 96, 49.0, , 1
C, k-nucleotide, -1,  165.80, 83.99, 81.76, 0.00, 4.06, 7469, 7359, 101, 48.0, , 1
C, k-nucleotide, -1,  166.83, 84.13, 81.89, 0.00, 4.07, 7492, 7335, 96, 48.0, , 1
C, k-nucleotide, -1,  165.90, 83.93, 81.70, 0.00, 4.05, 7458, 7338, 104, 49.0, , 1
C, k-nucleotide, -1,  165.12, 83.68, 81.45, 0.00, 4.04, 7439, 7333, 94, 49.0, , 1
C, k-nucleotide, -1,  165.44, 83.64, 81.42, 0.00, 4.04, 7443, 7338, 97, 48.0, , 1
C, mandelbrot, -1,  70.60, 32.58, 31.49, 0.00, 1.80, 3571, 3556, 11, 47.0, , 1
C, mandelbrot, -1,  70.98, 32.77, 31.69, 0.00, 1.81, 3573, 3555, 13, 47.0, , 1
C, mandelbrot, -1,  71.19, 32.79, 31.70, 0.00, 1.81, 3577, 3558, 9, 47.0, , 1
C, mandelbrot, -1,  70.94, 32.61, 31.53, 0.00, 1.81, 3573, 3553, 15, 47.0, , 1
C, mandelbrot, -1,  70.98, 32.66, 31.59, 0.00, 1.81, 3578, 3559, 8, 47.0, , 1
C, mandelbrot, -1,  70.86, 32.58, 31.50, 0.00, 1.80, 3572, 3551, 17, 47.0, , 1
C, mandelbrot, -1,  70.99, 32.66, 31.58, 0.00, 1.81, 3576, 3551, 16, 48.0, , 1
C, mandelbrot, -1,  70.88, 32.70, 31.62, 0.00, 1.81, 3581, 3561, 7, 48.0, , 1
C, mandelbrot, -1,  71.08, 32.67, 31.59, 0.00, 1.81, 3574, 3558, 9, 48.0, , 1
C, mandelbrot, -1,  71.13, 32.52, 31.44, 0.00, 1.80, 3573, 3560, 8, 48.0, , 1
C, mandelbrot, -1,  71.12, 32.57, 31.49, 0.00, 1.81, 3577, 3557, 9, 47.0, , 1
C, mandelbrot, -1,  71.08, 32.44, 31.36, 0.00, 1.80, 3572, 3552, 15, 48.0, , 1
C, mandelbrot, -1,  71.22, 32.56, 31.48, 0.00, 1.81, 3576, 3559, 10, 48.0, , 1
C, mandelbrot, -1,  70.84, 32.49, 31.41, 0.00, 1.80, 3571, 3553, 14, 47.0, , 1
C, mandelbrot, -1,  71.00, 32.61, 31.53, 0.00, 1.80, 3571, 3557, 11, 48.0, , 1
C, mandelbrot, -1,  70.98, 32.66, 31.58, 0.00, 1.81, 3573, 3549, 19, 48.0, , 1
C, mandelbrot, -1,  71.08, 32.56, 31.48, 0.00, 1.81, 3572, 3552, 16, 48.0, , 1
C, mandelbrot, -1,  71.18, 32.49, 31.41, 0.00, 1.80, 3572, 3552, 16, 47.0, , 1
C, mandelbrot, -1,  71.03, 32.31, 31.23, 0.00, 1.80, 3571, 3554, 13, 47.0, , 1
C, mandelbrot, -1,  70.91, 32.41, 31.33, 0.00, 1.80, 3571, 3563, 4, 48.0, , 1
C, n-body, -1,  35.44, 16.86, 16.35, 0.00, 0.87, 1725, 1719, 1719, 48.0, , 1
C, n-body, -1,  35.26, 16.73, 16.21, 0.00, 0.87, 1720, 1719, 1719, 48.0, , 1
C, n-body, -1,  35.35, 16.74, 16.22, 0.00, 0.87, 1720, 1719, 1719, 48.0, , 1
C, n-body, -1,  35.40, 16.83, 16.32, 0.00, 0.87, 1720, 1719, 1719, 48.0, , 1
C, n-body, -1,  35.33, 16.72, 16.20, 0.00, 0.87, 1720, 1718, 0, 48.0, , 1
C, n-body, -1,  35.32, 16.64, 16.13, 0.00, 0.87, 1719, 1719, 1719, 48.0, , 1
C, n-body, -1,  35.35, 16.74, 16.23, 0.00, 0.87, 1720, 1719, 1719, 48.0, , 1
C, n-body, -1,  35.34, 16.72, 16.22, 0.00, 0.87, 1720, 1718, 0, 48.0, , 1
C, n-body, -1,  35.59, 16.73, 16.22, 0.00, 0.87, 1728, 1718, 0, 48.0, , 1
C, n-body, -1,  35.42, 16.65, 16.14, 0.00, 0.87, 1720, 1718, 0, 48.0, , 1
C, n-body, -1,  35.42, 16.66, 16.16, 0.00, 0.87, 1724, 1718, 0, 49.0, , 1
C, n-body, -1,  35.54, 16.63, 16.12, 0.00, 0.87, 1720, 1718, 0, 48.0, , 1
C, n-body, -1,  35.68, 16.68, 16.17, 0.00, 0.87, 1726, 1718, 0, 48.0, , 1
C, n-body, -1,  35.40, 16.68, 16.16, 0.00, 0.87, 1721, 1718, 0, 48.0, , 1
C, n-body, -1,  35.56, 16.85, 16.33, 0.00, 0.87, 1721, 1719, 1719, 48.0, , 1
C, n-body, -1,  35.42, 16.72, 16.21, 0.00, 0.87, 1720, 1718, 0, 48.0, , 1
C, n-body, -1,  35.38, 16.79, 16.27, 0.00, 0.87, 1720, 1719, 1719, 48.0, , 1
C, n-body, -1,  35.67, 16.74, 16.22, 0.00, 0.87, 1726, 1717, 2, 48.0, , 1
C, n-body, -1,  35.36, 16.69, 16.18, 0.00, 0.87, 1720, 1719, 1719, 48.0, , 1
C, n-body, -1,  35.41, 16.80, 16.30, 0.00, 0.87, 1719, 1719, 1719, 48.0, , 1
C, regex-redux, -1,  36.26, 17.45, 16.93, 0.00, 1.09, 1683, 1609, 72, 48.0, , 1
C, regex-redux, -1,  36.30, 17.45, 16.94, 0.00, 1.09, 1684, 1608, 73, 50.0, , 1
C, regex-redux, -1,  36.35, 17.38, 16.87, 0.00, 1.09, 1685, 1596, 85, 49.0, , 1
C, regex-redux, -1,  36.37, 17.42, 16.90, 0.00, 1.09, 1683, 1607, 74, 49.0, , 1
C, regex-redux, -1,  36.34, 17.35, 16.84, 0.00, 1.09, 1686, 1608, 74, 49.0, , 1
C, regex-redux, -1,  36.27, 17.41, 16.89, 0.00, 1.09, 1683, 1612, 69, 49.0, , 1
C, regex-redux, -1,  36.35, 17.43, 16.92, 0.00, 1.09, 1685, 1607, 75, 49.0, , 1
C, regex-redux, -1,  36.25, 17.39, 16.88, 0.00, 1.09, 1684, 1597, 84, 48.0, , 1
C, regex-redux, -1,  36.22, 17.44, 16.92, 0.00, 1.09, 1684, 1608, 73, 49.0, , 1
C, regex-redux, -1,  36.19, 17.38, 16.87, 0.00, 1.09, 1683, 1609, 72, 49.0, , 1
C, regex-redux, -1,  36.28, 17.46, 16.95, 0.00, 1.09, 1685, 1610, 73, 49.0, , 1
C, regex-redux, -1,  36.21, 17.43, 16.92, 0.00, 1.09, 1684, 1602, 79, 50.0, , 1
C, regex-redux, -1,  36.32, 17.41, 16.90, 0.00, 1.09, 1686, 1600, 82, 49.0, , 1
C, regex-redux, -1,  36.29, 17.46, 16.95, 0.00, 1.09, 1687, 1605, 76, 49.0, , 1
C, regex-redux, -1,  36.53, 17.51, 17.00, 0.00, 1.09, 1689, 1609, 77, 49.0, , 1
C, regex-redux, -1,  36.25, 17.43, 16.92, 0.00, 1.09, 1684, 1604, 78, 49.0, , 1
C, regex-redux, -1,  36.24, 17.34, 16.83, 0.00, 1.09, 1684, 1607, 75, 48.0, , 1
C, regex-redux, -1,  36.26, 17.34, 16.83, 0.00, 1.09, 1684, 1605, 76, 49.0, , 1
C, regex-redux, -1,  36.31, 17.38, 16.86, 0.00, 1.09, 1688, 1609, 72, 49.0, , 1
C, regex-redux, -1,  36.16, 17.39, 16.89, 0.00, 1.09, 1685, 1599, 83, 49.0, , 1
C, reverse-complement, -1,  2.72, 1.26, 1.22, 0.00, 0.16, 117, 33, 83, 49.0, , 1
C, reverse-complement, -1,  2.76, 1.26, 1.21, 0.00, 0.16, 118, 35, 82, 49.0, , 1
C, reverse-complement, -1,  2.79, 1.26, 1.21, 0.00, 0.16, 117, 35, 81, 49.0, , 1
C, reverse-complement, -1,  2.73, 1.26, 1.21, 0.00, 0.16, 117, 36, 80, 49.0, , 1
C, reverse-complement, -1,  2.75, 1.27, 1.22, 0.00, 0.16, 116, 38, 79, 49.0, , 1
C, reverse-complement, -1,  2.76, 1.27, 1.22, 0.00, 0.16, 116, 35, 82, 49.0, , 1
C, reverse-complement, -1,  2.72, 1.27, 1.23, 0.00, 0.16, 117, 38, 78, 48.0, , 1
C, reverse-complement, -1,  2.75, 1.29, 1.24, 0.00, 0.16, 117, 35, 81, 48.0, , 1
C, reverse-complement, -1,  2.71, 1.27, 1.22, 0.00, 0.16, 116, 43, 74, 48.0, , 1
C, reverse-complement, -1,  2.72, 1.26, 1.22, 0.00, 0.16, 116, 36, 79, 48.0, , 1
C, reverse-complement, -1,  2.74, 1.28, 1.24, 0.00, 0.16, 117, 41, 75, 48.0, , 1
C, reverse-complement, -1,  2.72, 1.27, 1.23, 0.00, 0.16, 117, 38, 78, 48.0, , 1
C, reverse-complement, -1,  2.74, 1.28, 1.23, 0.00, 0.16, 116, 39, 78, 48.0, , 1
C, reverse-complement, -1,  2.74, 1.29, 1.23, 0.00, 0.16, 116, 40, 77, 50.0, , 1
C, reverse-complement, -1,  2.72, 1.27, 1.22, 0.00, 0.16, 117, 35, 81, 50.0, , 1
C, reverse-complement, -1,  2.74, 1.28, 1.23, 0.00, 0.16, 116, 40, 76, 50.0, , 1
C, reverse-complement, -1,  2.72, 1.27, 1.22, 0.00, 0.16, 116, 38, 77, 50.0, , 1
C, reverse-complement, -1,  2.72, 1.28, 1.23, 0.00, 0.16, 117, 38, 78, 50.0, , 1
C, reverse-complement, -1,  2.77, 1.29, 1.24, 0.00, 0.16, 117, 38, 78, 50.0, , 1
C, reverse-complement, -1,  2.75, 1.29, 1.24, 0.00, 0.16, 117, 39, 77, 50.0, , 1
C, spectral-norm, -1,  23.78, 11.33, 10.99, 0.00, 0.58, 1154, 1149, 0, 48.0, , 1
C, spectral-norm, -1,  23.73, 11.24, 10.89, 0.00, 0.58, 1151, 1149, 0, 49.0, , 1
C, spectral-norm, -1,  23.83, 11.27, 10.92, 0.00, 0.59, 1156, 1150, 1150, 48.0, , 1
C, spectral-norm, -1,  23.63, 11.24, 10.89, 0.00, 0.58, 1150, 1149, 0, 48.0, , 1
C, spectral-norm, -1,  23.66, 11.28, 10.94, 0.00, 0.58, 1151, 1149, 0, 48.0, , 1
C, spectral-norm, -1,  23.63, 11.16, 10.82, 0.00, 0.58, 1151, 1148, 1, 48.0, , 1
C, spectral-norm, -1,  23.64, 11.28, 10.94, 0.00, 0.58, 1151, 1149, 0, 48.0, , 1
C, spectral-norm, -1,  23.62, 11.22, 10.87, 0.00, 0.58, 1150, 1150, 1150, 49.0, , 1
C, spectral-norm, -1,  23.68, 11.23, 10.89, 0.00, 0.58, 1151, 1149, 0, 48.0, , 1
C, spectral-norm, -1,  23.75, 11.25, 10.91, 0.00, 0.58, 1150, 1150, 1150, 48.0, , 1
C, spectral-norm, -1,  23.82, 11.29, 10.95, 0.00, 0.59, 1158, 1149, 1, 48.0, , 1
C, spectral-norm, -1,  23.70, 11.25, 10.90, 0.00, 0.58, 1151, 1149, 0, 48.0, , 1
C, spectral-norm, -1,  23.87, 11.23, 10.87, 0.00, 0.58, 1153, 1149, 1, 48.0, , 1
C, spectral-norm, -1,  23.73, 11.23, 10.89, 0.00, 0.58, 1151, 1149, 0, 48.0, , 1
C, spectral-norm, -1,  23.65, 11.28, 10.93, 0.00, 0.58, 1150, 1149, 0, 48.0, , 1
C, spectral-norm, -1,  23.66, 11.25, 10.90, 0.00, 0.58, 1150, 1149, 0, 48.0, , 1
C, spectral-norm, -1,  23.64, 11.25, 10.90, 0.00, 0.58, 1151, 1149, 0, 48.0, , 1
C, spectral-norm, -1,  23.67, 11.21, 10.87, 0.00, 0.58, 1151, 1149, 0, 48.0, , 1
C, spectral-norm, -1,  23.66, 11.22, 10.87, 0.00, 0.58, 1151, 1148, 1, 48.0, , 1
C, spectral-norm, -1,  23.70, 11.20, 10.85, 0.00, 0.58, 1151, 1149, 0, 48.0, , 1
C++, binary-trees, -1,  54.33, 26.85, 26.05, 0.00, 1.73, 2435, 2357, 76, 48.0, , 1
C++, binary-trees, -1,  54.50, 26.95, 26.15, 0.00, 1.73, 2435, 2350, 83, 49.0, , 1
C++, binary-trees, -1,  54.43, 27.13, 26.33, 0.00, 1.73, 2440, 2353, 84, 49.0, , 1
C++, binary-trees, -1,  54.39, 26.96, 26.16, 0.00, 1.74, 2437, 2353, 80, 49.0, , 1
C++, binary-trees, -1,  54.12, 26.89, 26.09, 0.00, 1.73, 2433, 2364, 66, 49.0, , 1
C++, binary-trees, -1,  54.53, 27.00, 26.21, 0.00, 1.73, 2438, 2350, 83, 49.0, , 1
C++, binary-trees, -1,  55.06, 27.05, 26.25, 0.00, 1.73, 2443, 2355, 84, 49.0, , 1
C++, binary-trees, -1,  54.57, 26.99, 26.18, 0.00, 1.74, 2445, 2362, 80, 49.0, , 1
C++, binary-trees, -1,  54.62, 27.07, 26.27, 0.00, 1.73, 2444, 2366, 75, 49.0, , 1
C++, binary-trees, -1,  54.29, 26.93, 26.13, 0.00, 1.73, 2438, 2358, 77, 49.0, , 1
C++, binary-trees, -1,  54.86, 27.02, 26.21, 0.00, 1.76, 2448, 2357, 79, 49.0, , 1
C++, binary-trees, -1,  54.46, 27.04, 26.25, 0.00, 1.73, 2438, 2351, 84, 50.0, , 1
C++, binary-trees, -1,  54.37, 27.03, 26.24, 0.00, 1.73, 2436, 2346, 83, 50.0, , 1
C++, binary-trees, -1,  54.74, 27.23, 26.42, 0.00, 1.74, 2448, 2345, 94, 49.0, , 1
C++, binary-trees, -1,  54.33, 27.03, 26.22, 0.00, 1.74, 2437, 2345, 87, 49.0, , 1
C++, binary-trees, -1,  54.45, 26.86, 26.06, 0.00, 1.73, 2435, 2358, 74, 49.0, , 1
C++, binary-trees, -1,  54.42, 27.08, 26.29, 0.00, 1.73, 2441, 2346, 89, 50.0, , 1
C++, binary-trees, -1,  54.29, 27.19, 26.38, 0.00, 1.73, 2439, 2347, 84, 50.0, , 1
C++, binary-trees, -1,  55.04, 27.18, 26.36, 0.00, 1.79, 2457, 2357, 80, 50.0, , 1
C++, binary-trees, -1,  54.41, 27.00, 26.20, 0.00, 1.74, 2439, 2360, 76, 50.0, , 1
C++, fannkuch-redux, -1,  254.92, 115.89, 111.89, 0.00, 6.67, 13259, 13242, 13242, 48.0, , 1
C++, fannkuch-redux, -1,  255.78, 116.10, 112.11, 0.00, 6.69, 13275, 13243, 0, 48.0, , 1
C++, fannkuch-redux, -1,  255.41, 116.12, 112.11, 0.00, 6.68, 13275, 13245, 0, 48.0, , 1
C++, fannkuch-redux, -1,  254.63, 115.84, 111.84, 0.00, 6.67, 13247, 13237, 13237, 48.0, , 1
C++, fannkuch-redux, -1,  255.07, 115.44, 111.45, 0.00, 6.67, 13248, 13235, 0, 48.0, , 1
C++, fannkuch-redux, -1,  255.14, 115.88, 111.88, 0.00, 6.68, 13268, 13243, 0, 48.0, , 1
C++, fannkuch-redux, -1,  255.79, 116.02, 112.02, 0.00, 6.69, 13280, 13237, 0, 48.0, , 1
C++, fannkuch-redux, -1,  255.21, 116.38, 112.38, 0.00, 6.67, 13261, 13243, 0, 48.0, , 1
C++, fannkuch-redux, -1,  255.13, 116.13, 112.12, 0.00, 6.67, 13249, 13238, 13238, 48.0, , 1
C++, fannkuch-redux, -1,  257.38, 115.98, 111.97, 0.00, 6.68, 13260, 13241, 0, 49.0, , 1
C++, fannkuch-redux, -1,  256.07, 116.34, 112.33, 0.00, 6.68, 13266, 13240, 0, 49.0, , 1
C++, fannkuch-redux, -1,  255.85, 116.23, 112.22, 0.00, 6.68, 13265, 13237, 0, 48.0, , 1
C++, fannkuch-redux, -1,  256.47, 116.29, 112.29, 0.00, 6.67, 13258, 13243, 0, 48.0, , 1
C++, fannkuch-redux, -1,  256.10, 115.59, 111.59, 0.00, 6.67, 13251, 13234, 2, 48.0, , 1
C++, fannkuch-redux, -1,  255.84, 115.28, 111.28, 0.00, 6.67, 13263, 13244, 1, 48.0, , 1
C++, fannkuch-redux, -1,  256.41, 115.25, 111.25, 0.00, 6.68, 13270, 13244, 1, 48.0, , 1
C++, fannkuch-redux, -1,  255.35, 115.25, 111.25, 0.00, 6.67, 13262, 13241, 13241, 48.0, , 1
C++, fannkuch-redux, -1,  256.34, 115.11, 111.11, 0.00, 6.68, 13266, 13244, 13244, 49.0, , 1
C++, fannkuch-redux, -1,  257.69, 115.19, 111.18, 0.00, 6.67, 13262, 13240, 13240, 48.0, , 1
C++, fannkuch-redux, -1,  257.86, 116.16, 112.15, 0.00, 6.68, 13273, 13243, 1, 49.0, , 1
C++, fasta, -1,  19.32, 8.54, 8.25, 0.00, 0.50, 992, 980, 5, 48.0, , 1
C++, fasta, -1,  19.32, 8.42, 8.12, 0.00, 0.50, 987, 975, 10, 49.0, , 1
C++, fasta, -1,  19.20, 8.49, 8.18, 0.00, 0.50, 988, 982, 3, 48.0, , 1
C++, fasta, -1,  19.21, 8.51, 8.21, 0.00, 0.50, 987, 980, 5, 48.0, , 1
C++, fasta, -1,  19.27, 8.46, 8.16, 0.00, 0.50, 987, 982, 3, 48.0, , 1
C++, fasta, -1,  19.22, 8.49, 8.20, 0.00, 0.50, 986, 981, 4, 48.0, , 1
C++, fasta, -1,  19.26, 8.50, 8.20, 0.00, 0.50, 987, 978, 7, 48.0, , 1
C++, fasta, -1,  19.20, 8.44, 8.14, 0.00, 0.50, 987, 980, 5, 48.0, , 1
C++, fasta, -1,  19.25, 8.48, 8.18, 0.00, 0.50, 988, 980, 5, 48.0, , 1
C++, fasta, -1,  19.18, 8.47, 8.16, 0.00, 0.50, 989, 975, 10, 48.0, , 1
C++, fasta, -1,  19.12, 8.45, 8.15, 0.00, 0.50, 987, 982, 3, 48.0, , 1
C++, fasta, -1,  19.07, 8.38, 8.09, 0.00, 0.50, 987, 974, 11, 48.0, , 1
C++, fasta, -1,  19.19, 8.47, 8.17, 0.00, 0.50, 987, 981, 4, 49.0, , 1
C++, fasta, -1,  19.04, 8.48, 8.19, 0.00, 0.50, 987, 983, 2, 48.0, , 1
C++, fasta, -1,  19.22, 8.49, 8.19, 0.00, 0.50, 986, 980, 5, 49.0, , 1
C++, fasta, -1,  19.12, 8.46, 8.16, 0.00, 0.50, 985, 977, 9, 49.0, , 1
C++, fasta, -1,  19.12, 8.40, 8.10, 0.00, 0.50, 987, 978, 7, 48.0, , 1
C++, fasta, -1,  19.18, 8.49, 8.20, 0.00, 0.50, 986, 982, 3, 48.0, , 1
C++, fasta, -1,  19.06, 8.59, 8.29, 0.00, 0.50, 986, 979, 6, 48.0, , 1
C++, fasta, -1,  19.11, 8.55, 8.26, 0.00, 0.50, 985, 981, 5, 49.0, , 1
C++, k-nucleotide, -1,  79.84, 37.26, 36.07, 0.00, 2.94, 3756, 3612, 138, 50.0, , 1
C++, k-nucleotide, -1,  80.37, 37.35, 36.14, 0.00, 2.95, 3752, 3591, 153, 50.0, , 1
C++, k-nucleotide, -1,  79.50, 37.20, 36.00, 0.00, 2.92, 3741, 3581, 153, 50.0, , 1
C++, k-nucleotide, -1,  79.85, 37.11, 35.91, 0.00, 2.94, 3747, 3597, 141, 50.0, , 1
C++, k-nucleotide, -1,  80.02, 37.08, 35.89, 0.00, 2.95, 3753, 3603, 144, 50.0, , 1
C++, k-nucleotide, -1,  79.87, 36.98, 35.80, 0.00, 2.94, 3745, 3579, 159, 50.0, , 1
C++, k-nucleotide, -1,  80.94, 37.15, 35.94, 0.00, 2.96, 3786, 3570, 169, 50.0, , 1
C++, k-nucleotide, -1,  80.89, 36.94, 35.74, 0.00, 2.98, 3766, 3602, 145, 50.0, , 1
C++, k-nucleotide, -1,  79.98, 36.74, 35.54, 0.00, 2.93, 3742, 3564, 166, 50.0, , 1
C++, k-nucleotide, -1,  80.38, 37.02, 35.83, 0.00, 2.97, 3753, 3606, 139, 50.0, , 1
C++, k-nucleotide, -1,  80.43, 37.07, 35.88, 0.00, 2.93, 3749, 3597, 143, 50.0, , 1
C++, k-nucleotide, -1,  80.26, 37.24, 36.05, 0.00, 2.94, 3749, 3573, 166, 50.0, , 1
C++, k-nucleotide, -1,  79.98, 37.43, 36.23, 0.00, 2.94, 3750, 3604, 140, 50.0, , 1
C++, k-nucleotide, -1,  79.86, 37.10, 35.90, 0.00, 2.95, 3753, 3581, 166, 51.0, , 1
C++, k-nucleotide, -1,  79.86, 37.07, 35.88, 0.00, 2.94, 3743, 3580, 157, 50.0, , 1
C++, k-nucleotide, -1,  79.85, 36.97, 35.79, 0.00, 2.93, 3736, 3566, 164, 50.0, , 1
C++, k-nucleotide, -1,  79.96, 37.07, 35.88, 0.00, 2.96, 3754, 3588, 160, 50.0, , 1
C++, k-nucleotide, -1,  80.21, 36.75, 35.55, 0.00, 2.93, 3744, 3593, 145, 50.0, , 1
C++, k-nucleotide, -1,  79.74, 36.67, 35.47, 0.00, 2.93, 3741, 3570, 166, 50.0, , 1
C++, k-nucleotide, -1,  80.43, 37.00, 35.81, 0.00, 2.94, 3761, 3599, 141, 50.0, , 1
C++, mandelbrot, -1,  56.54, 24.81, 24.00, 0.00, 1.38, 2718, 2702, 7, 49.0, , 1
C++, mandelbrot, -1,  56.50, 24.77, 23.96, 0.00, 1.37, 2713, 2697, 13, 50.0, , 1
C++, mandelbrot, -1,  56.91, 24.85, 24.03, 0.00, 1.38, 2723, 2694, 16, 50.0, , 1
C++, mandelbrot, -1,  57.12, 24.91, 24.09, 0.00, 1.38, 2722, 2700, 10, 50.0, , 1
C++, mandelbrot, -1,  57.13, 24.74, 23.92, 0.00, 1.37, 2713, 2703, 6, 50.0, , 1
C++, mandelbrot, -1,  57.04, 24.62, 23.80, 0.00, 1.38, 2716, 2698, 10, 50.0, , 1
C++, mandelbrot, -1,  56.88, 24.57, 23.76, 0.00, 1.37, 2711, 2690, 18, 50.0, , 1
C++, mandelbrot, -1,  56.70, 24.59, 23.77, 0.00, 1.37, 2712, 2693, 15, 50.0, , 1
C++, mandelbrot, -1,  56.79, 24.87, 24.05, 0.00, 1.38, 2719, 2700, 9, 50.0, , 1
C++, mandelbrot, -1,  57.07, 24.70, 23.89, 0.00, 1.37, 2716, 2698, 13, 50.0, , 1
C++, mandelbrot, -1,  56.62, 24.84, 24.02, 0.00, 1.37, 2713, 2699, 11, 50.0, , 1
C++, mandelbrot, -1,  56.58, 24.84, 24.03, 0.00, 1.37, 2714, 2700, 10, 50.0, , 1
C++, mandelbrot, -1,  56.63, 24.72, 23.90, 0.00, 1.37, 2713, 2698, 12, 50.0, , 1
C++, mandelbrot, -1,  56.61, 24.99, 24.17, 0.00, 1.37, 2711, 2695, 13, 50.0, , 1
C++, mandelbrot, -1,  56.57, 24.75, 23.93, 0.00, 1.37, 2711, 2701, 7, 50.0, , 1
C++, mandelbrot, -1,  56.80, 24.74, 23.92, 0.00, 1.37, 2711, 2700, 8, 51.0, , 1
C++, mandelbrot, -1,  56.66, 24.79, 23.97, 0.00, 1.37, 2711, 2695, 13, 50.0, , 1
C++, mandelbrot, -1,  56.67, 24.77, 23.96, 0.00, 1.37, 2712, 2700, 8, 50.0, , 1
C++, mandelbrot, -1,  56.92, 24.69, 23.87, 0.00, 1.37, 2712, 2692, 16, 50.0, , 1
C++, mandelbrot, -1,  56.56, 24.54, 23.73, 0.00, 1.37, 2715, 2697, 11, 51.0, , 1
C++, n-body, -1,  36.29, 17.51, 16.99, 0.00, 0.86, 1710, 1707, 0, 50.0, , 1
C++, n-body, -1,  36.16, 17.36, 16.84, 0.00, 0.86, 1709, 1706, 0, 50.0, , 1
C++, n-body, -1,  36.14, 17.33, 16.82, 0.00, 0.86, 1709, 1705, 1, 50.0, , 1
C++, n-body, -1,  36.26, 17.44, 16.92, 0.00, 0.86, 1709, 1706, 0, 50.0, , 1
C++, n-body, -1,  36.20, 17.55, 17.04, 0.00, 0.86, 1708, 1707, 1707, 51.0, , 1
C++, n-body, -1,  36.36, 17.63, 17.11, 0.00, 0.87, 1717, 1706, 0, 50.0, , 1
C++, n-body, -1,  36.08, 17.57, 17.06, 0.00, 0.86, 1708, 1707, 1707, 50.0, , 1
C++, n-body, -1,  36.19, 17.55, 17.04, 0.00, 0.86, 1709, 1706, 0, 50.0, , 1
C++, n-body, -1,  36.09, 17.47, 16.95, 0.00, 0.86, 1709, 1706, 0, 51.0, , 1
C++, n-body, -1,  36.29, 17.62, 17.10, 0.00, 0.87, 1714, 1705, 1, 50.0, , 1
C++, n-body, -1,  36.16, 17.60, 17.08, 0.00, 0.86, 1709, 1706, 0, 51.0, , 1
C++, n-body, -1,  36.18, 17.63, 17.10, 0.00, 0.86, 1709, 1708, 1708, 50.0, , 1
C++, n-body, -1,  36.19, 17.55, 17.03, 0.00, 0.86, 1708, 1707, 1707, 50.0, , 1
C++, n-body, -1,  36.16, 17.58, 17.06, 0.00, 0.86, 1709, 1706, 0, 51.0, , 1
C++, n-body, -1,  36.23, 17.62, 17.10, 0.00, 0.86, 1712, 1706, 0, 51.0, , 1
C++, n-body, -1,  36.22, 17.67, 17.15, 0.00, 0.86, 1713, 1706, 0, 50.0, , 1
C++, n-body, -1,  36.12, 17.66, 17.13, 0.00, 0.86, 1709, 1707, 1707, 51.0, , 1
C++, n-body, -1,  36.18, 17.65, 17.13, 0.00, 0.86, 1709, 1706, 0, 50.0, , 1
C++, n-body, -1,  36.25, 17.65, 17.13, 0.00, 0.86, 1710, 1705, 2, 51.0, , 1
C++, n-body, -1,  36.14, 17.67, 17.14, 0.00, 0.86, 1709, 1706, 0, 50.0, , 1
C++, regex-redux, -1,  40.29, 19.58, 19.00, 0.00, 1.23, 1866, 1713, 148, 50.0, , 1
C++, regex-redux, -1,  40.66, 19.72, 19.13, 0.00, 1.24, 1876, 1729, 144, 51.0, , 1
C++, regex-redux, -1,  40.46, 19.44, 18.87, 0.00, 1.23, 1862, 1704, 155, 50.0, , 1
C++, regex-redux, -1,  40.62, 19.50, 18.92, 0.00, 1.22, 1859, 1721, 135, 51.0, , 1
C++, regex-redux, -1,  40.47, 19.56, 18.99, 0.00, 1.23, 1863, 1706, 154, 51.0, , 1
C++, regex-redux, -1,  40.62, 19.61, 19.02, 0.00, 1.23, 1869, 1717, 149, 51.0, , 1
C++, regex-redux, -1,  40.53, 19.44, 18.86, 0.00, 1.23, 1862, 1705, 154, 51.0, , 1
C++, regex-redux, -1,  40.45, 19.40, 18.82, 0.00, 1.23, 1861, 1711, 146, 51.0, , 1
C++, regex-redux, -1,  40.52, 19.47, 18.88, 0.00, 1.23, 1864, 1705, 152, 51.0, , 1
C++, regex-redux, -1,  40.54, 19.46, 18.88, 0.00, 1.22, 1862, 1707, 152, 51.0, , 1
C++, regex-redux, -1,  40.61, 19.49, 18.91, 0.00, 1.23, 1862, 1703, 156, 51.0, , 1
C++, regex-redux, -1,  40.60, 19.57, 18.98, 0.00, 1.23, 1865, 1713, 149, 51.0, , 1
C++, regex-redux, -1,  40.57, 19.46, 18.88, 0.00, 1.22, 1859, 1699, 157, 51.0, , 1
C++, regex-redux, -1,  40.66, 19.63, 19.04, 0.00, 1.23, 1866, 1706, 152, 51.0, , 1
C++, regex-redux, -1,  40.46, 19.53, 18.94, 0.00, 1.23, 1861, 1701, 157, 51.0, , 1
C++, regex-redux, -1,  40.74, 19.48, 18.90, 0.00, 1.23, 1871, 1709, 149, 51.0, , 1
C++, regex-redux, -1,  40.54, 19.49, 18.91, 0.00, 1.23, 1866, 1711, 151, 51.0, , 1
C++, regex-redux, -1,  40.52, 19.42, 18.84, 0.00, 1.23, 1860, 1708, 148, 51.0, , 1
C++, regex-redux, -1,  40.60, 19.50, 18.92, 0.00, 1.23, 1862, 1705, 154, 51.0, , 1
C++, regex-redux, -1,  40.55, 19.49, 18.90, 0.00, 1.23, 1865, 1716, 141, 51.0, , 1
C++, reverse-complement, -1,  3.63, 1.63, 1.56, 0.00, 0.20, 158, 72, 85, 51.0, , 1
C++, reverse-complement, -1,  3.58, 1.63, 1.57, 0.00, 0.20, 157, 77, 79, 51.0, , 1
C++, reverse-complement, -1,  3.62, 1.63, 1.56, 0.00, 0.20, 158, 74, 83, 51.0, , 1
C++, reverse-complement, -1,  3.60, 1.62, 1.57, 0.00, 0.20, 157, 71, 87, 51.0, , 1
C++, reverse-complement, -1,  3.61, 1.63, 1.56, 0.00, 0.20, 158, 69, 88, 51.0, , 1
C++, reverse-complement, -1,  3.59, 1.61, 1.55, 0.00, 0.20, 157, 65, 91, 51.0, , 1
C++, reverse-complement, -1,  3.58, 1.62, 1.55, 0.00, 0.20, 157, 76, 82, 51.0, , 1
C++, reverse-complement, -1,  3.58, 1.63, 1.57, 0.00, 0.20, 157, 64, 94, 51.0, , 1
C++, reverse-complement, -1,  3.60, 1.63, 1.56, 0.00, 0.20, 158, 59, 98, 51.0, , 1
C++, reverse-complement, -1,  3.61, 1.64, 1.56, 0.00, 0.20, 158, 73, 83, 51.0, , 1
C++, reverse-complement, -1,  3.59, 1.63, 1.56, 0.00, 0.20, 157, 76, 80, 51.0, , 1
C++, reverse-complement, -1,  3.61, 1.65, 1.57, 0.00, 0.20, 158, 73, 84, 51.0, , 1
C++, reverse-complement, -1,  3.61, 1.63, 1.56, 0.00, 0.20, 157, 76, 80, 51.0, , 1
C++, reverse-complement, -1,  3.62, 1.63, 1.56, 0.00, 0.20, 158, 75, 82, 51.0, , 1
C++, reverse-complement, -1,  3.60, 1.62, 1.56, 0.00, 0.20, 157, 72, 84, 51.0, , 1
C++, reverse-complement, -1,  3.60, 1.62, 1.56, 0.00, 0.20, 157, 75, 82, 51.0, , 1
C++, reverse-complement, -1,  3.60, 1.62, 1.55, 0.00, 0.20, 157, 74, 82, 51.0, , 1
C++, reverse-complement, -1,  3.61, 1.62, 1.56, 0.00, 0.20, 157, 66, 90, 51.0, , 1
C++, reverse-complement, -1,  3.60, 1.62, 1.55, 0.00, 0.20, 157, 62, 96, 51.0, , 1
C++, reverse-complement, -1,  3.66, 1.64, 1.57, 0.00, 0.21, 159, 66, 91, 51.0, , 1
C++, spectral-norm, -1,  25.41, 10.84, 10.44, 0.00, 0.67, 1329, 1325, 1, 49.0, , 1
C++, spectral-norm, -1,  25.39, 10.99, 10.60, 0.00, 0.67, 1333, 1326, 1, 50.0, , 1
C++, spectral-norm, -1,  25.38, 10.96, 10.56, 0.00, 0.67, 1332, 1326, 0, 50.0, , 1
C++, spectral-norm, -1,  25.25, 10.89, 10.49, 0.00, 0.67, 1328, 1325, 1, 49.0, , 1
C++, spectral-norm, -1,  25.67, 10.90, 10.49, 0.00, 0.67, 1330, 1328, 1328, 49.0, , 1
C++, spectral-norm, -1,  25.28, 10.80, 10.40, 0.00, 0.67, 1328, 1326, 0, 50.0, , 1
C++, spectral-norm, -1,  25.28, 10.89, 10.48, 0.00, 0.67, 1328, 1326, 0, 50.0, , 1
C++, spectral-norm, -1,  25.22, 10.81, 10.41, 0.00, 0.67, 1328, 1326, 0, 50.0, , 1
C++, spectral-norm, -1,  25.25, 10.96, 10.57, 0.00, 0.67, 1329, 1326, 0, 49.0, , 1
C++, spectral-norm, -1,  25.29, 10.96, 10.55, 0.00, 0.67, 1327, 1327, 1327, 49.0, , 1
C++, spectral-norm, -1,  25.27, 10.76, 10.37, 0.00, 0.67, 1328, 1325, 1, 49.0, , 1
C++, spectral-norm, -1,  25.23, 10.73, 10.33, 0.00, 0.67, 1328, 1327, 1327, 49.0, , 1
C++, spectral-norm, -1,  25.33, 10.71, 10.32, 0.00, 0.67, 1329, 1326, 0, 49.0, , 1
C++, spectral-norm, -1,  25.47, 10.84, 10.43, 0.00, 0.68, 1337, 1327, 1327, 49.0, , 1
C++, spectral-norm, -1,  25.29, 10.79, 10.39, 0.00, 0.67, 1327, 1327, 1327, 49.0, , 1
C++, spectral-norm, -1,  25.25, 10.90, 10.50, 0.00, 0.67, 1328, 1327, 1327, 49.0, , 1
C++, spectral-norm, -1,  25.16, 10.72, 10.33, 0.00, 0.67, 1329, 1326, 0, 49.0, , 1
C++, spectral-norm, -1,  25.34, 10.70, 10.30, 0.00, 0.67, 1328, 1326, 0, 49.0, , 1
C++, spectral-norm, -1,  25.28, 10.74, 10.34, 0.00, 0.67, 1328, 1326, 0, 49.0, , 1
C++, spectral-norm, -1,  25.22, 10.82, 10.42, 0.00, 0.67, 1328, 1327, 1327, 49.0, , 1
Java, binary-trees, -1,  133.06, 62.64, 60.21, 0.00, 8.06, 5445, 5233, 186, 48.0, , 1
Java, binary-trees, -1,  138.21, 65.08, 62.56, 0.00, 8.36, 5673, 5498, 154, 51.0, , 1
Java, binary-trees, -1,  137.92, 65.01, 62.49, 0.00, 8.33, 5659, 5468, 180, 51.0, , 1
Java, binary-trees, -1,  138.06, 65.21, 62.69, 0.00, 8.34, 5662, 5473, 169, 50.0, , 1
Java, binary-trees, -1,  138.84, 64.96, 62.43, 0.00, 8.37, 5678, 5487, 163, 50.0, , 1
Java, binary-trees, -1,  132.91, 62.32, 59.89, 0.00, 8.07, 5441, 5256, 172, 51.0, , 1
Java, binary-trees, -1,  138.68, 64.92, 62.39, 0.00, 8.37, 5665, 5471, 182, 52.0, , 1
Java, binary-trees, -1,  138.05, 65.23, 62.70, 0.00, 8.37, 5667, 5494, 162, 51.0, , 1
Java, binary-trees, -1,  138.86, 65.68, 63.16, 0.00, 8.37, 5679, 5486, 181, 52.0, , 1
Java, binary-trees, -1,  132.63, 63.03, 60.59, 0.00, 8.07, 5438, 5235, 188, 51.0, , 1
Java, binary-trees, -1,  138.51, 65.76, 63.23, 0.00, 8.36, 5658, 5467, 180, 52.0, , 1
Java, binary-trees, -1,  133.62, 63.28, 60.84, 0.00, 8.08, 5419, 5199, 192, 52.0, , 1
Java, binary-trees, -1,  133.93, 63.09, 60.64, 0.00, 8.11, 5455, 5234, 179, 52.0, , 1
Java, binary-trees, -1,  132.74, 62.76, 60.33, 0.00, 8.05, 5427, 5238, 178, 52.0, , 1
Java, binary-trees, -1,  138.63, 65.04, 62.51, 0.00, 8.39, 5660, 5493, 152, 52.0, , 1
Java, binary-trees, -1,  138.29, 65.01, 62.48, 0.00, 8.36, 5651, 5470, 167, 52.0, , 1
Java, binary-trees, -1,  138.75, 65.11, 62.58, 0.00, 8.39, 5674, 5461, 201, 52.0, , 1
Java, binary-trees, -1,  132.81, 62.39, 59.96, 0.00, 8.06, 5419, 5235, 174, 51.0, , 1
Java, binary-trees, -1,  138.16, 65.10, 62.57, 0.00, 8.38, 5656, 5452, 190, 51.0, , 1
Java, binary-trees, -1,  138.63, 65.29, 62.76, 0.00, 8.39, 5668, 5459, 187, 50.0, , 1
Java, fannkuch-redux, -1,  637.11, 308.62, 299.54, 0.00, 15.19, 30171, 30113, 19, 51.0, , 1
Java, fannkuch-redux, -1,  598.82, 286.24, 277.66, 0.00, 14.30, 28391, 28309, 16, 50.0, , 1
Java, fannkuch-redux, -1,  595.10, 286.11, 277.54, 0.00, 14.28, 28360, 28295, 17, 50.0, , 1
Java, fannkuch-redux, -1,  606.87, 295.94, 287.26, 0.00, 14.52, 28826, 28763, 17, 51.0, , 1
Java, fannkuch-redux, -1,  638.45, 310.75, 301.69, 0.00, 15.18, 30141, 30077, 19, 52.0, , 1
Java, fannkuch-redux, -1,  594.77, 285.81, 277.22, 0.00, 14.30, 28378, 28295, 17, 50.0, , 1
Java, fannkuch-redux, -1,  595.42, 284.80, 276.22, 0.00, 14.28, 28354, 28297, 15, 50.0, , 1
Java, fannkuch-redux, -1,  640.14, 306.58, 297.46, 0.00, 15.23, 30230, 30114, 23, 51.0, , 1
Java, fannkuch-redux, -1,  637.82, 305.39, 296.26, 0.00, 15.21, 30191, 30117, 18, 50.0, , 1
Java, fannkuch-redux, -1,  637.86, 307.76, 298.67, 0.00, 15.20, 30148, 30075, 14, 52.0, , 1
Java, fannkuch-redux, -1,  593.44, 285.34, 276.74, 0.00, 14.29, 28366, 28320, 15, 51.0, , 1
Java, fannkuch-redux, -1,  594.75, 286.29, 277.70, 0.00, 14.29, 28355, 28288, 20, 51.0, , 1
Java, fannkuch-redux, -1,  638.72, 309.97, 300.87, 0.00, 15.20, 30187, 30118, 19, 50.0, , 1
Java, fannkuch-redux, -1,  595.06, 286.65, 278.05, 0.00, 14.30, 28365, 28292, 22, 52.0, , 1
Java, fannkuch-redux, -1,  595.33, 286.92, 278.32, 0.00, 14.30, 28388, 28325, 13, 50.0, , 1
Java, fannkuch-redux, -1,  596.94, 285.60, 276.98, 0.00, 14.30, 28371, 28305, 20, 52.0, , 1
Java, fannkuch-redux, -1,  597.31, 286.57, 277.95, 0.00, 14.30, 28394, 28330, 18, 50.0, , 1
Java, fannkuch-redux, -1,  637.37, 308.83, 299.72, 0.00, 15.20, 30166, 30081, 16, 50.0, , 1
Java, fannkuch-redux, -1,  597.75, 284.70, 276.07, 0.00, 14.28, 28356, 28299, 14, 50.0, , 1
Java, fannkuch-redux, -1,  596.58, 285.66, 277.05, 0.00, 14.29, 28357, 28298, 12, 52.0, , 1
Java, fasta, -1,  55.38, 24.58, 23.73, 0.00, 1.44, 2791, 2756, 29, 52.0, , 1
Java, fasta, -1,  54.91, 24.42, 23.58, 0.00, 1.43, 2777, 2744, 23, 51.0, , 1
Java, fasta, -1,  54.81, 24.41, 23.58, 0.00, 1.42, 2766, 2732, 29, 51.0, , 1
Java, fasta, -1,  55.46, 24.57, 23.72, 0.00, 1.44, 2797, 2752, 28, 49.0, , 1
Java, fasta, -1,  54.90, 24.24, 23.41, 0.00, 1.42, 2766, 2740, 21, 51.0, , 1
Java, fasta, -1,  55.32, 24.49, 23.64, 0.00, 1.44, 2793, 2752, 21, 49.0, , 1
Java, fasta, -1,  55.41, 24.50, 23.65, 0.00, 1.44, 2793, 2762, 25, 51.0, , 1
Java, fasta, -1,  55.21, 24.36, 23.51, 0.00, 1.44, 2781, 2743, 33, 51.0, , 1
Java, fasta, -1,  55.34, 24.46, 23.61, 0.00, 1.44, 2780, 2741, 28, 51.0, , 1
Java, fasta, -1,  55.54, 24.52, 23.67, 0.00, 1.45, 2808, 2757, 28, 48.0, , 1
Java, fasta, -1,  55.25, 24.68, 23.84, 0.00, 1.43, 2782, 2758, 18, 52.0, , 1
Java, fasta, -1,  55.05, 24.55, 23.71, 0.00, 1.44, 2785, 2748, 28, 50.0, , 1
Java, fasta, -1,  55.10, 24.53, 23.69, 0.00, 1.43, 2780, 2750, 24, 51.0, , 1
Java, fasta, -1,  54.94, 24.40, 23.55, 0.00, 1.43, 2780, 2750, 26, 51.0, , 1
Java, fasta, -1,  55.00, 24.52, 23.68, 0.00, 1.44, 2785, 2748, 27, 51.0, , 1
Java, fasta, -1,  55.24, 24.53, 23.68, 0.00, 1.44, 2799, 2755, 23, 48.0, , 1
Java, fasta, -1,  55.15, 24.58, 23.74, 0.00, 1.44, 2791, 2754, 20, 51.0, , 1
Java, fasta, -1,  55.25, 24.65, 23.79, 0.00, 1.44, 2800, 2747, 29, 49.0, , 1
Java, fasta, -1,  54.68, 24.58, 23.74, 0.00, 1.43, 2773, 2744, 24, 51.0, , 1
Java, fasta, -1,  55.19, 24.66, 23.81, 0.00, 1.44, 2788, 2755, 22, 51.0, , 1
Java, k-nucleotide, -1,  221.52, 105.15, 102.02, 0.00, 6.82, 10437, 10237, 176, 52.0, , 1
Java, k-nucleotide, -1,  220.43, 104.40, 101.29, 0.00, 6.78, 10341, 10132, 182, 52.0, , 1
Java, k-nucleotide, -1,  220.51, 104.85, 101.73, 0.00, 6.80, 10383, 10185, 184, 52.0, , 1
Java, k-nucleotide, -1,  218.75, 104.18, 101.09, 0.00, 6.74, 10269, 10033, 197, 52.0, , 1
Java, k-nucleotide, -1,  222.64, 105.34, 102.18, 0.00, 6.85, 10464, 10255, 181, 52.0, , 1
Java, k-nucleotide, -1,  220.40, 104.11, 101.00, 0.00, 6.75, 10313, 10109, 191, 53.0, , 1
Java, k-nucleotide, -1,  220.25, 104.55, 101.44, 0.00, 6.78, 10342, 10142, 166, 52.0, , 1
Java, k-nucleotide, -1,  220.01, 104.70, 101.59, 0.00, 6.78, 10349, 10147, 186, 52.0, , 1
Java, k-nucleotide, -1,  223.10, 106.37, 103.21, 0.00, 6.85, 10480, 10264, 191, 52.0, , 1
Java, k-nucleotide, -1,  220.28, 103.97, 100.84, 0.00, 6.78, 10342, 10126, 182, 51.0, , 1
Java, k-nucleotide, -1,  222.89, 105.39, 102.25, 0.00, 6.82, 10421, 10230, 177, 52.0, , 1
Java, k-nucleotide, -1,  222.20, 105.04, 101.91, 0.00, 6.80, 10380, 10187, 179, 52.0, , 1
Java, k-nucleotide, -1,  219.61, 103.74, 100.65, 0.00, 6.71, 10239, 10033, 179, 51.0, , 1
Java, k-nucleotide, -1,  222.01, 104.97, 101.85, 0.00, 6.76, 10341, 10091, 183, 52.0, , 1
Java, k-nucleotide, -1,  221.65, 104.64, 101.52, 0.00, 6.79, 10352, 10144, 177, 52.0, , 1
Java, k-nucleotide, -1,  222.18, 105.21, 102.08, 0.00, 6.80, 10392, 10186, 173, 52.0, , 1
Java, k-nucleotide, -1,  220.96, 104.43, 101.33, 0.00, 6.72, 10271, 10058, 200, 52.0, , 1
Java, k-nucleotide, -1,  222.57, 104.77, 101.61, 0.00, 6.83, 10444, 10254, 173, 52.0, , 1
Java, k-nucleotide, -1,  221.96, 104.37, 101.22, 0.00, 6.83, 10426, 10243, 153, 52.0, , 1
Java, k-nucleotide, -1,  219.38, 103.97, 100.86, 0.00, 6.76, 10302, 10102, 170, 52.0, , 1
Java, mandelbrot, -1,  229.87, 101.44, 97.87, 0.00, 5.97, 11762, 11686, 33, 48.0, , 1
Java, mandelbrot, -1,  229.53, 101.12, 97.54, 0.00, 5.98, 11781, 11708, 46, 51.0, , 1
Java, mandelbrot, -1,  229.29, 100.99, 97.42, 0.00, 5.97, 11752, 11681, 43, 51.0, , 1
Java, mandelbrot, -1,  238.12, 106.12, 102.42, 0.00, 6.18, 12157, 12078, 31, 49.0, , 1
Java, mandelbrot, -1,  228.93, 102.04, 98.46, 0.00, 5.99, 11789, 11719, 40, 51.0, , 1
Java, mandelbrot, -1,  232.75, 103.50, 99.88, 0.00, 6.05, 11926, 11867, 36, 51.0, , 1
Java, mandelbrot, -1,  228.84, 102.31, 98.72, 0.00, 5.98, 11773, 11709, 40, 51.0, , 1
Java, mandelbrot, -1,  231.90, 103.83, 100.20, 0.00, 6.05, 11920, 11846, 35, 50.0, , 1
Java, mandelbrot, -1,  229.82, 102.36, 98.78, 0.00, 5.99, 11777, 11702, 37, 51.0, , 1
Java, mandelbrot, -1,  227.92, 102.11, 98.53, 0.00, 5.96, 11735, 11667, 37, 51.0, , 1
Java, mandelbrot, -1,  227.97, 101.76, 98.19, 0.00, 5.95, 11721, 11655, 42, 52.0, , 1
Java, mandelbrot, -1,  229.90, 102.49, 98.88, 0.00, 6.01, 11833, 11711, 41, 46.0, , 1
Java, mandelbrot, -1,  227.03, 101.96, 98.41, 0.00, 5.95, 11709, 11645, 34, 51.0, , 1
Java, mandelbrot, -1,  227.26, 101.72, 98.16, 0.00, 5.95, 11702, 11622, 41, 51.0, , 1
Java, mandelbrot, -1,  228.43, 101.80, 98.23, 0.00, 5.95, 11719, 11652, 31, 51.0, , 1
Java, mandelbrot, -1,  232.67, 104.49, 100.86, 0.00, 6.07, 11961, 11893, 44, 51.0, , 1
Java, mandelbrot, -1,  227.49, 101.97, 98.42, 0.00, 5.94, 11696, 11639, 34, 51.0, , 1
Java, mandelbrot, -1,  228.73, 101.88, 98.31, 0.00, 5.95, 11719, 11653, 36, 51.0, , 1
Java, mandelbrot, -1,  229.71, 102.26, 98.69, 0.00, 5.98, 11759, 11689, 36, 52.0, , 1
Java, mandelbrot, -1,  229.43, 103.41, 99.80, 0.00, 6.01, 11833, 11767, 35, 51.0, , 1
Java, n-body, -1,  79.99, 37.34, 36.15, 0.00, 2.03, 4005, 3982, 17, 51.0, , 1
Java, n-body, -1,  80.66, 37.34, 36.14, 0.00, 2.03, 4007, 3986, 15, 52.0, , 1
Java, n-body, -1,  80.81, 37.30, 36.10, 0.00, 2.03, 4007, 3989, 11, 51.0, , 1
Java, n-body, -1,  80.75, 37.31, 36.11, 0.00, 2.03, 4004, 3984, 14, 52.0, , 1
Java, n-body, -1,  80.55, 37.31, 36.11, 0.00, 2.03, 4010, 3990, 10, 51.0, , 1
Java, n-body, -1,  80.71, 37.37, 36.18, 0.00, 2.04, 4010, 3985, 16, 51.0, , 1
Java, n-body, -1,  80.98, 37.59, 36.39, 0.00, 2.03, 4007, 3986, 15, 52.0, , 1
Java, n-body, -1,  80.74, 37.42, 36.21, 0.00, 2.03, 4009, 3986, 17, 51.0, , 1
Java, n-body, -1,  80.70, 37.36, 36.17, 0.00, 2.04, 4013, 3988, 11, 52.0, , 1
Java, n-body, -1,  81.12, 37.69, 36.48, 0.00, 2.05, 4030, 3986, 13, 49.0, , 1
Java, n-body, -1,  81.07, 37.47, 36.27, 0.00, 2.03, 4010, 3992, 11, 52.0, , 1
Java, n-body, -1,  80.14, 37.30, 36.12, 0.00, 2.03, 4007, 3982, 14, 52.0, , 1
Java, n-body, -1,  79.83, 37.52, 36.32, 0.00, 2.03, 4004, 3987, 11, 51.0, , 1
Java, n-body, -1,  80.25, 37.51, 36.32, 0.00, 2.03, 4003, 3986, 11, 51.0, , 1
Java, n-body, -1,  80.59, 37.45, 36.25, 0.00, 2.03, 4006, 3987, 13, 51.0, , 1
Java, n-body, -1,  80.76, 37.37, 36.17, 0.00, 2.03, 4008, 3986, 15, 51.0, , 1
Java, n-body, -1,  80.64, 37.20, 36.00, 0.00, 2.03, 4006, 3986, 14, 51.0, , 1
Java, n-body, -1,  80.56, 37.30, 36.10, 0.00, 2.03, 4008, 3991, 11, 52.0, , 1
Java, n-body, -1,  80.51, 37.32, 36.12, 0.00, 2.03, 4007, 3986, 15, 50.0, , 1
Java, n-body, -1,  81.12, 37.33, 36.12, 0.00, 2.04, 4008, 3984, 15, 51.0, , 1
Java, regex-redux, -1,  249.60, 119.74, 116.10, 0.00, 7.15, 11628, 11345, 259, 52.0, , 1
Java, regex-redux, -1,  251.58, 120.33, 116.65, 0.00, 7.22, 11755, 11480, 259, 53.0, , 1
Java, regex-redux, -1,  248.45, 119.28, 115.65, 0.00, 7.13, 11583, 11300, 264, 53.0, , 1
Java, regex-redux, -1,  252.56, 122.10, 118.40, 0.00, 7.26, 11829, 11546, 258, 52.0, , 1
Java, regex-redux, -1,  248.19, 119.45, 115.82, 0.00, 7.12, 11572, 11266, 275, 52.0, , 1
Java, regex-redux, -1,  251.13, 119.47, 115.78, 0.00, 7.22, 11773, 11481, 268, 53.0, , 1
Java, regex-redux, -1,  245.42, 117.74, 114.14, 0.00, 7.06, 11442, 11143, 269, 52.0, , 1
Java, regex-redux, -1,  247.28, 119.07, 115.44, 0.00, 7.12, 11569, 11283, 266, 52.0, , 1
Java, regex-redux, -1,  254.51, 121.68, 117.94, 0.00, 7.31, 11934, 11633, 261, 52.0, , 1
Java, regex-redux, -1,  254.13, 122.54, 118.81, 0.00, 7.31, 11936, 11650, 264, 52.0, , 1
Java, regex-redux, -1,  253.57, 121.65, 117.92, 0.00, 7.27, 11860, 11571, 256, 52.0, , 1
Java, regex-redux, -1,  258.20, 123.77, 119.99, 0.00, 7.36, 12055, 11769, 269, 52.0, , 1
Java, regex-redux, -1,  254.79, 122.45, 118.73, 0.00, 7.28, 11865, 11571, 274, 53.0, , 1
Java, regex-redux, -1,  249.65, 119.75, 116.12, 0.00, 7.13, 11590, 11269, 254, 53.0, , 1
Java, regex-redux, -1,  250.94, 120.30, 116.64, 0.00, 7.17, 11655, 11369, 252, 52.0, , 1
Java, regex-redux, -1,  251.45, 120.62, 116.95, 0.00, 7.18, 11688, 11391, 270, 52.0, , 1
Java, regex-redux, -1,  249.69, 119.85, 116.20, 0.00, 7.15, 11618, 11285, 272, 48.0, , 1
Java, regex-redux, -1,  252.40, 120.51, 116.83, 0.00, 7.22, 11739, 11436, 277, 52.0, , 1
Java, regex-redux, -1,  248.65, 118.65, 115.01, 0.00, 7.14, 11599, 11289, 267, 52.0, , 1
Java, regex-redux, -1,  248.24, 118.31, 114.67, 0.00, 7.10, 11548, 11280, 250, 52.0, , 1
Java, reverse-complement, -1,  17.91, 8.19, 7.89, 0.00, 0.80, 818, 505, 309, 43.0, , 1
Java, reverse-complement, -1,  17.58, 7.98, 7.69, 0.00, 0.80, 802, 491, 308, 52.0, , 1
Java, reverse-complement, -1,  17.91, 8.19, 7.89, 0.00, 0.81, 822, 502, 317, 42.0, , 1
Java, reverse-complement, -1,  17.88, 8.17, 7.87, 0.00, 0.81, 818, 515, 300, 52.0, , 1
Java, reverse-complement, -1,  17.83, 8.14, 7.84, 0.00, 0.81, 819, 515, 302, 42.0, , 1
Java, reverse-complement, -1,  17.84, 8.08, 7.77, 0.00, 0.81, 816, 513, 300, 52.0, , 1
Java, reverse-complement, -1,  17.89, 8.13, 7.83, 0.00, 0.81, 819, 514, 302, 43.0, , 1
Java, reverse-complement, -1,  17.99, 8.09, 7.79, 0.00, 0.81, 817, 499, 315, 52.0, , 1
Java, reverse-complement, -1,  17.95, 8.12, 7.83, 0.00, 0.81, 821, 506, 312, 43.0, , 1
Java, reverse-complement, -1,  18.12, 8.20, 7.90, 0.00, 0.82, 829, 514, 304, 50.0, , 1
Java, reverse-complement, -1,  17.93, 8.12, 7.81, 0.00, 0.81, 817, 493, 322, 50.0, , 1
Java, reverse-complement, -1,  17.87, 8.11, 7.82, 0.00, 0.80, 816, 509, 304, 52.0, , 1
Java, reverse-complement, -1,  17.90, 8.12, 7.81, 0.00, 0.81, 817, 523, 290, 42.0, , 1
Java, reverse-complement, -1,  17.83, 8.09, 7.79, 0.00, 0.81, 815, 495, 317, 51.0, , 1
Java, reverse-complement, -1,  17.97, 8.12, 7.82, 0.00, 0.81, 824, 501, 312, 51.0, , 1
Java, reverse-complement, -1,  18.01, 8.23, 7.93, 0.00, 0.81, 823, 507, 313, 52.0, , 1
Java, reverse-complement, -1,  17.96, 8.18, 7.88, 0.00, 0.81, 821, 508, 311, 42.0, , 1
Java, reverse-complement, -1,  17.96, 8.14, 7.84, 0.00, 0.81, 819, 508, 308, 52.0, , 1
Java, reverse-complement, -1,  18.14, 8.22, 7.92, 0.00, 0.81, 830, 511, 307, 42.0, , 1
Java, reverse-complement, -1,  17.89, 8.13, 7.83, 0.00, 0.81, 818, 528, 287, 52.0, , 1
Java, spectral-norm, -1,  34.71, 15.72, 15.20, 0.00, 0.89, 1720, 1662, 19, 49.0, , 1
Java, spectral-norm, -1,  34.16, 15.55, 15.03, 0.00, 0.87, 1684, 1663, 16, 52.0, , 1
Java, spectral-norm, -1,  34.59, 15.81, 15.30, 0.00, 0.87, 1693, 1673, 14, 51.0, , 1
Java, spectral-norm, -1,  34.64, 15.79, 15.27, 0.00, 0.87, 1691, 1669, 13, 51.0, , 1
Java, spectral-norm, -1,  33.41, 15.28, 14.79, 0.00, 0.85, 1649, 1623, 21, 52.0, , 1
Java, spectral-norm, -1,  33.41, 15.25, 14.75, 0.00, 0.85, 1648, 1629, 14, 52.0, , 1
Java, spectral-norm, -1,  33.09, 15.34, 14.85, 0.00, 0.85, 1646, 1623, 19, 51.0, , 1
Java, spectral-norm, -1,  34.32, 15.77, 15.26, 0.00, 0.88, 1695, 1668, 15, 52.0, , 1
Java, spectral-norm, -1,  33.38, 15.32, 14.81, 0.00, 0.85, 1648, 1621, 21, 52.0, , 1
Java, spectral-norm, -1,  33.12, 15.25, 14.75, 0.00, 0.84, 1637, 1617, 15, 51.0, , 1
Java, spectral-norm, -1,  34.66, 15.90, 15.39, 0.00, 0.87, 1696, 1677, 14, 52.0, , 1
Java, spectral-norm, -1,  34.10, 15.68, 15.17, 0.00, 0.87, 1692, 1661, 21, 51.0, , 1
Java, spectral-norm, -1,  34.15, 15.70, 15.19, 0.00, 0.87, 1687, 1662, 20, 52.0, , 1
Java, spectral-norm, -1,  33.95, 15.77, 15.26, 0.00, 0.86, 1678, 1654, 18, 51.0, , 1
Java, spectral-norm, -1,  34.31, 15.82, 15.31, 0.00, 0.87, 1697, 1674, 18, 51.0, , 1
Java, spectral-norm, -1,  34.21, 15.71, 15.20, 0.00, 0.87, 1686, 1662, 20, 51.0, , 1
Java, spectral-norm, -1,  34.27, 15.69, 15.17, 0.00, 0.87, 1694, 1657, 18, 49.0, , 1
Java, spectral-norm, -1,  34.44, 15.85, 15.34, 0.00, 0.87, 1695, 1676, 13, 51.0, , 1
Java, spectral-norm, -1,  33.36, 15.33, 14.83, 0.00, 0.85, 1648, 1621, 22, 51.0, , 1
Java, spectral-norm, -1,  34.26, 15.72, 15.21, 0.00, 0.87, 1685, 1667, 12, 51.0, , 1
Python, binary-trees, -1,  1934.92, 951.77, 924.39, 0.00, 54.94, 86914, 85245, 1491, 53.0, , 1
Python, binary-trees, -1,  1921.35, 940.17, 913.02, 0.00, 54.47, 86233, 84616, 1474, 53.0, , 1
Python, binary-trees, -1,  1918.24, 939.18, 912.03, 0.00, 54.58, 86206, 84505, 1531, 53.0, , 1
Python, binary-trees, -1,  1923.53, 942.64, 915.43, 0.00, 54.58, 86334, 84651, 1522, 53.0, , 1
Python, binary-trees, -1,  1931.73, 946.70, 919.35, 0.00, 54.83, 86903, 85229, 1463, 53.0, , 1
Python, binary-trees, -1,  1917.17, 937.27, 910.09, 0.00, 54.59, 86285, 84451, 1684, 53.0, , 1
Python, binary-trees, -1,  1916.71, 940.60, 913.44, 0.00, 54.54, 86258, 84543, 1533, 53.0, , 1
Python, binary-trees, -1,  1911.93, 936.71, 909.54, 0.00, 54.65, 86263, 84533, 1565, 52.0, , 1
Python, binary-trees, -1,  1917.66, 940.59, 913.39, 0.00, 54.58, 86498, 84808, 1512, 53.0, , 1
Python, binary-trees, -1,  1909.44, 930.27, 903.18, 0.00, 54.44, 86089, 84355, 1578, 52.0, , 1
Python, binary-trees, -1,  1907.98, 931.42, 904.36, 0.00, 54.39, 86061, 84322, 1540, 52.0, , 1
Python, binary-trees, -1,  1926.68, 937.69, 910.42, 0.00, 54.82, 86715, 84969, 1559, 52.0, , 1
Python, binary-trees, -1,  1916.03, 935.46, 908.32, 0.00, 54.59, 86335, 84628, 1561, 51.0, , 1
Python, binary-trees, -1,  1913.74, 932.40, 905.23, 0.00, 54.74, 86350, 84717, 1454, 52.0, , 1
Python, binary-trees, -1,  1922.29, 941.26, 914.09, 0.00, 54.66, 86433, 84713, 1510, 51.0, , 1
Python, binary-trees, -1,  1916.34, 942.22, 915.09, 0.00, 54.75, 86277, 84573, 1531, 51.0, , 1
Python, binary-trees, -1,  1926.92, 946.10, 918.82, 0.00, 54.87, 86844, 85103, 1588, 51.0, , 1
Python, binary-trees, -1,  1916.47, 939.18, 912.10, 0.00, 54.42, 86204, 84511, 1491, 51.0, , 1
Python, binary-trees, -1,  1918.08, 935.31, 908.16, 0.00, 54.59, 86322, 84604, 1546, 51.0, , 1
Python, binary-trees, -1,  1976.96, 963.75, 935.73, 0.00, 56.23, 88885, 86595, 1506, 51.0, , 1
Python, fannkuch-redux, -1,  18666.23, 9382.84, 9128.90, 0.00, 424.37, 843397, 842082, 9, 51.0, , 1
Python, fannkuch-redux, -1,  18755.81, 9429.89, 9176.36, 0.00, 424.21, 843107, 841852, 14, 50.0, , 1
Python, fannkuch-redux, -1,  19529.13, 9831.92, 9570.44, 0.00, 437.54, 869611, 868311, 16, 50.0, , 1
Python, fannkuch-redux, -1,  19490.71, 9813.52, 9552.60, 0.00, 436.62, 867820, 866421, 20, 50.0, , 1
Python, fannkuch-redux, -1,  18860.23, 9424.36, 9168.42, 0.00, 427.81, 850245, 848927, 17, 50.0, , 1
Python, fannkuch-redux, -1,  19014.13, 9567.24, 9309.78, 0.00, 430.55, 855643, 854306, 11, 51.0, , 1
Python, fannkuch-redux, -1,  19003.02, 9568.49, 9313.45, 0.00, 427.23, 848975, 847665, 13, 50.0, , 1
Python, fannkuch-redux, -1,  19415.05, 9787.02, 9527.31, 0.00, 434.92, 864110, 862694, 12, 51.0, , 1
Python, fannkuch-redux, -1,  18648.07, 9248.78, 8994.32, 0.00, 425.34, 844964, 843170, 15, 50.0, , 1
Python, fannkuch-redux, -1,  18876.20, 9482.21, 9225.84, 0.00, 425.76, 845868, 844589, 13, 50.0, , 1
Python, fannkuch-redux, -1,  19095.96, 9641.60, 9381.08, 0.00, 432.95, 860100, 858744, 11, 50.0, , 1
Python, fannkuch-redux, -1,  18799.12, 9516.63, 9260.26, 0.00, 426.81, 847927, 846650, 14, 50.0, , 1
Python, fannkuch-redux, -1,  18809.38, 9533.44, 9277.83, 0.00, 424.70, 843739, 842376, 12, 50.0, , 1
Python, fannkuch-redux, -1,  18767.36, 9470.05, 9214.12, 0.00, 426.99, 848289, 846975, 18, 51.0, , 1
Python, fannkuch-redux, -1,  18734.20, 9415.32, 9159.34, 0.00, 426.96, 848220, 846903, 14, 50.0, , 1
Python, fannkuch-redux, -1,  18842.31, 9471.59, 9216.12, 0.00, 425.16, 844616, 843405, 9, 50.0, , 1
Python, fannkuch-redux, -1,  18698.90, 9405.20, 9149.78, 0.00, 424.88, 844059, 842770, 15, 50.0, , 1
Python, fannkuch-redux, -1,  18803.08, 9444.48, 9188.77, 0.00, 424.98, 844304, 842797, 18, 50.0, , 1
Python, fannkuch-redux, -1,  18856.97, 9468.35, 9212.73, 0.00, 424.59, 843535, 842224, 17, 50.0, , 1
Python, fannkuch-redux, -1,  18915.44, 9492.01, 9236.36, 0.00, 424.49, 843331, 842017, 14, 51.0, , 1
Python, fasta, -1,  894.78, 448.49, 436.17, 0.00, 20.64, 41010, 40932, 20, 50.0, , 1
Python, fasta, -1,  901.87, 453.11, 440.79, 0.00, 20.68, 41096, 41010, 26, 50.0, , 1
Python, fasta, -1,  898.03, 447.05, 434.72, 0.00, 20.66, 41032, 40926, 26, 50.0, , 1
Python, fasta, -1,  896.48, 447.34, 435.02, 0.00, 20.63, 40993, 40907, 31, 50.0, , 1
Python, fasta, -1,  896.82, 445.62, 433.27, 0.00, 20.64, 41006, 40936, 19, 50.0, , 1
Python, fasta, -1,  909.84, 453.04, 440.59, 0.00, 20.88, 41461, 41337, 31, 50.0, , 1
Python, fasta, -1,  898.24, 446.97, 434.63, 0.00, 20.64, 41010, 40925, 25, 50.0, , 1
Python, fasta, -1,  898.11, 443.20, 430.81, 0.00, 20.67, 41061, 40985, 23, 50.0, , 1
Python, fasta, -1,  897.72, 443.82, 431.45, 0.00, 20.65, 41012, 40911, 19, 51.0, , 1
Python, fasta, -1,  899.94, 447.13, 434.76, 0.00, 20.70, 41120, 41033, 27, 50.0, , 1
Python, fasta, -1,  898.91, 447.55, 435.20, 0.00, 20.68, 41073, 41001, 19, 50.0, , 1
Python, fasta, -1,  896.70, 442.48, 430.13, 0.00, 20.62, 40934, 40834, 26, 50.0, , 1
Python, fasta, -1,  904.68, 450.98, 438.59, 0.00, 20.76, 41231, 41108, 18, 50.0, , 1
Python, fasta, -1,  896.46, 446.66, 434.33, 0.00, 20.63, 40985, 40914, 22, 50.0, , 1
Python, fasta, -1,  903.67, 449.73, 437.38, 0.00, 20.72, 41153, 41061, 26, 50.0, , 1
Python, fasta, -1,  898.57, 445.42, 433.07, 0.00, 20.64, 40987, 40903, 17, 50.0, , 1
Python, fasta, -1,  899.92, 445.96, 433.59, 0.00, 20.67, 41061, 40988, 26, 50.0, , 1
Python, fasta, -1,  897.01, 441.81, 429.41, 0.00, 20.65, 41011, 40914, 29, 51.0, , 1
Python, fasta, -1,  901.44, 447.52, 435.15, 0.00, 20.67, 41063, 40985, 19, 50.0, , 1
Python, fasta, -1,  902.59, 449.38, 437.02, 0.00, 20.70, 41114, 41035, 22, 51.0, , 1
Python, k-nucleotide, -1,  3011.88, 1413.66, 1371.87, 0.00, 107.73, 137652, 136676, 721, 48.0, , 1
Python, k-nucleotide, -1,  3060.14, 1444.17, 1401.82, 0.00, 109.19, 139710, 138709, 682, 48.0, , 1
Python, k-nucleotide, -1,  2996.13, 1411.18, 1369.65, 0.00, 106.61, 137008, 136018, 717, 48.0, , 1
Python, k-nucleotide, -1,  3009.16, 1405.85, 1364.05, 0.00, 107.78, 137822, 136827, 724, 48.0, , 1
Python, k-nucleotide, -1,  2978.37, 1396.97, 1355.63, 0.00, 106.87, 136224, 135252, 711, 48.0, , 1
Python, k-nucleotide, -1,  2995.08, 1401.74, 1360.05, 0.00, 107.40, 137401, 136323, 757, 48.0, , 1
Python, k-nucleotide, -1,  3036.88, 1438.40, 1396.33, 0.00, 108.41, 138901, 137939, 660, 48.0, , 1
Python, k-nucleotide, -1,  3005.18, 1411.48, 1369.75, 0.00, 107.70, 137629, 136630, 716, 48.0, , 1
Python, k-nucleotide, -1,  2983.78, 1405.59, 1364.13, 0.00, 107.06, 136709, 135736, 694, 48.0, , 1
Python, k-nucleotide, -1,  3001.00, 1426.09, 1384.40, 0.00, 107.13, 137484, 136482, 680, 48.0, , 1
Python, k-nucleotide, -1,  2997.18, 1425.84, 1384.28, 0.00, 107.27, 136989, 135984, 732, 48.0, , 1
Python, k-nucleotide, -1,  2997.11, 1415.72, 1374.13, 0.00, 107.27, 137175, 136186, 728, 48.0, , 1
Python, k-nucleotide, -1,  2977.64, 1410.65, 1369.28, 0.00, 106.80, 136386, 135400, 722, 48.0, , 1
Python, k-nucleotide, -1,  2990.42, 1423.40, 1381.88, 0.00, 106.91, 136885, 135859, 738, 48.0, , 1
Python, k-nucleotide, -1,  3023.43, 1442.49, 1400.52, 0.00, 107.45, 138268, 137262, 697, 48.0, , 1
Python, k-nucleotide, -1,  2977.28, 1415.76, 1374.35, 0.00, 106.50, 136598, 135688, 664, 48.0, , 1
Python, k-nucleotide, -1,  3038.75, 1446.00, 1403.88, 0.00, 108.20, 139060, 138102, 691, 48.0, , 1
Python, k-nucleotide, -1,  2994.12, 1425.34, 1383.76, 0.00, 106.75, 137198, 136259, 700, 48.0, , 1
Python, k-nucleotide, -1,  3015.10, 1431.02, 1389.27, 0.00, 107.50, 137750, 136730, 724, 48.0, , 1
Python, k-nucleotide, -1,  2983.64, 1412.51, 1371.11, 0.00, 107.18, 136595, 135661, 692, 47.0, , 1
Python, mandelbrot, -1,  9760.21, 4954.95, 4826.05, 0.00, 216.04, 429219, 428554, 11, 50.0, , 1
Python, mandelbrot, -1,  9723.22, 4935.01, 4806.81, 0.00, 214.98, 427114, 426425, 11, 50.0, , 1
Python, mandelbrot, -1,  9869.60, 5033.28, 4903.58, 0.00, 216.93, 430998, 430281, 8, 50.0, , 1
Python, mandelbrot, -1,  9760.88, 4950.19, 4821.53, 0.00, 215.30, 427808, 427176, 13, 50.0, , 1
Python, mandelbrot, -1,  9830.69, 4992.25, 4863.31, 0.00, 215.54, 428268, 427599, 12, 50.0, , 1
Python, mandelbrot, -1,  9717.18, 4927.17, 4798.57, 0.00, 215.02, 427273, 426619, 5, 50.0, , 1
Python, mandelbrot, -1,  10083.51, 5144.43, 5013.00, 0.00, 219.56, 436270, 435542, 16, 51.0, , 1
Python, mandelbrot, -1,  9682.41, 4931.46, 4802.99, 0.00, 214.87, 426908, 426252, 10, 50.0, , 1
Python, mandelbrot, -1,  9683.13, 4915.34, 4786.78, 0.00, 214.92, 426974, 426303, 11, 51.0, , 1
Python, mandelbrot, -1,  9825.13, 5024.03, 4894.86, 0.00, 215.92, 428958, 428300, 7, 50.0, , 1
Python, mandelbrot, -1,  9893.11, 5062.17, 4932.42, 0.00, 216.86, 430814, 430177, 11, 50.0, , 1
Python, mandelbrot, -1,  9892.19, 5026.53, 4895.81, 0.00, 218.56, 434193, 433498, 6, 50.0, , 1
Python, mandelbrot, -1,  9795.37, 4979.38, 4849.91, 0.00, 216.52, 430151, 429476, 13, 50.0, , 1
Python, mandelbrot, -1,  9830.32, 4986.84, 4857.86, 0.00, 215.73, 428603, 427925, 10, 51.0, , 1
Python, mandelbrot, -1,  9980.89, 5057.31, 4926.96, 0.00, 218.38, 433847, 433172, 12, 50.0, , 1
Python, mandelbrot, -1,  9697.53, 4921.78, 4793.39, 0.00, 215.00, 427109, 426360, 5, 51.0, , 1
Python, mandelbrot, -1,  9793.07, 4974.68, 4845.28, 0.00, 216.64, 430384, 429694, 15, 51.0, , 1
Python, mandelbrot, -1,  9716.59, 4949.18, 4820.85, 0.00, 215.08, 427301, 426671, 10, 51.0, , 1
Python, mandelbrot, -1,  9717.34, 4957.93, 4829.70, 0.00, 215.04, 427203, 426468, 17, 51.0, , 1
Python, mandelbrot, -1,  9728.01, 4966.24, 4837.39, 0.00, 215.68, 428493, 427786, 15, 51.0, , 1
Python, n-body, -1,  5299.04, 2712.11, 2641.97, 0.00, 117.43, 233363, 232950, 3, 51.0, , 1
Python, n-body, -1,  5275.85, 2698.17, 2628.15, 0.00, 117.10, 232711, 232357, 5, 50.0, , 1
Python, n-body, -1,  5289.62, 2708.92, 2638.57, 0.00, 117.68, 233861, 233514, 6, 50.0, , 1
Python, n-body, -1,  5294.99, 2725.78, 2655.60, 0.00, 117.37, 233245, 232857, 2, 50.0, , 1
Python, n-body, -1,  5311.83, 2723.70, 2653.22, 0.00, 117.96, 234404, 234075, 5, 51.0, , 1
Python, n-body, -1,  5369.68, 2744.81, 2673.78, 0.00, 119.18, 236843, 236439, 1, 51.0, , 1
Python, n-body, -1,  5279.18, 2700.99, 2631.42, 0.00, 117.25, 233004, 232657, 3, 51.0, , 1
Python, n-body, -1,  5288.39, 2718.19, 2648.29, 0.00, 117.39, 233244, 232913, 6, 51.0, , 1
Python, n-body, -1,  5322.23, 2732.58, 2662.07, 0.00, 118.14, 234710, 234325, 3, 50.0, , 1
Python, n-body, -1,  5296.30, 2718.63, 2648.47, 0.00, 117.52, 233484, 233160, 2, 50.0, , 1
Python, n-body, -1,  5457.90, 2794.20, 2721.65, 0.00, 121.54, 241464, 241048, 5, 50.0, , 1
Python, n-body, -1,  5326.44, 2738.52, 2667.88, 0.00, 118.30, 235030, 234693, 5, 50.0, , 1
Python, n-body, -1,  5299.60, 2712.45, 2642.37, 0.00, 117.50, 233448, 233115, 4, 51.0, , 1
Python, n-body, -1,  5345.52, 2739.51, 2668.73, 0.00, 118.89, 236207, 235812, 8, 51.0, , 1
Python, n-body, -1,  5281.25, 2710.97, 2641.22, 0.00, 117.20, 232837, 232484, 1, 51.0, , 1
Python, n-body, -1,  5285.01, 2711.78, 2641.99, 0.00, 117.24, 232923, 232574, 1, 51.0, , 1
Python, n-body, -1,  5284.14, 2728.06, 2657.96, 0.00, 117.31, 233076, 232712, 1, 51.0, , 1
Python, n-body, -1,  5459.90, 2809.83, 2737.32, 0.00, 121.41, 241219, 240863, 5, 50.0, , 1
Python, n-body, -1,  5314.40, 2745.83, 2675.31, 0.00, 118.00, 234435, 234065, 7, 51.0, , 1
Python, n-body, -1,  5334.22, 2745.08, 2674.28, 0.00, 118.56, 235560, 235226, 3, 50.0, , 1
Python, regex-redux, -1,  272.45, 133.94, 130.11, 0.00, 7.10, 12489, 12040, 428, 50.0, , 1
Python, regex-redux, -1,  273.39, 135.21, 131.39, 0.00, 7.12, 12507, 12075, 410, 49.0, , 1
Python, regex-redux, -1,  272.75, 134.11, 130.29, 0.00, 7.11, 12504, 12029, 451, 49.0, , 1
Python, regex-redux, -1,  272.77, 134.75, 130.91, 0.00, 7.13, 12512, 12047, 449, 49.0, , 1
Python, regex-redux, -1,  273.07, 134.51, 130.67, 0.00, 7.13, 12521, 12014, 479, 49.0, , 1
Python, regex-redux, -1,  274.97, 135.43, 131.58, 0.00, 7.14, 12542, 12078, 447, 49.0, , 1
Python, regex-redux, -1,  272.53, 134.17, 130.35, 0.00, 7.13, 12499, 12036, 433, 49.0, , 1
Python, regex-redux, -1,  273.01, 134.06, 130.23, 0.00, 7.13, 12505, 12042, 426, 50.0, , 1
Python, regex-redux, -1,  273.41, 134.37, 130.54, 0.00, 7.12, 12490, 12050, 423, 48.0, , 1
Python, regex-redux, -1,  274.29, 135.15, 131.31, 0.00, 7.14, 12515, 12052, 436, 49.0, , 1
Python, regex-redux, -1,  273.69, 134.26, 130.43, 0.00, 7.13, 12504, 12049, 438, 50.0, , 1
Python, regex-redux, -1,  274.53, 135.30, 131.45, 0.00, 7.15, 12535, 12043, 469, 48.0, , 1
Python, regex-redux, -1,  272.06, 133.99, 130.17, 0.00, 7.11, 12478, 12027, 431, 49.0, , 1
Python, regex-redux, -1,  272.66, 134.01, 130.19, 0.00, 7.12, 12493, 12042, 430, 48.0, , 1
Python, regex-redux, -1,  273.08, 134.05, 130.21, 0.00, 7.13, 12498, 12012, 456, 49.0, , 1
Python, regex-redux, -1,  273.44, 134.02, 130.19, 0.00, 7.14, 12522, 12055, 450, 49.0, , 1
Python, regex-redux, -1,  272.05, 133.87, 130.05, 0.00, 7.13, 12514, 12032, 456, 48.0, , 1
Python, regex-redux, -1,  273.02, 134.44, 130.59, 0.00, 7.15, 12546, 12042, 468, 49.0, , 1
Python, regex-redux, -1,  271.34, 133.81, 129.98, 0.00, 7.12, 12486, 12001, 457, 49.0, , 1
Python, regex-redux, -1,  273.31, 133.47, 129.63, 0.00, 7.13, 12527, 12086, 417, 49.0, , 1
Python, reverse-complement, -1,  44.78, 21.79, 21.17, 0.00, 1.39, 2012, 1559, 409, 49.0, , 1
Python, reverse-complement, -1,  44.17, 21.38, 20.75, 0.00, 1.37, 1978, 1554, 420, 49.0, , 1
Python, reverse-complement, -1,  44.08, 21.48, 20.86, 0.00, 1.37, 1976, 1546, 426, 49.0, , 1
Python, reverse-complement, -1,  44.04, 21.39, 20.77, 0.00, 1.37, 1971, 1538, 430, 50.0, , 1
Python, reverse-complement, -1,  44.26, 21.47, 20.84, 0.00, 1.37, 1978, 1548, 421, 49.0, , 1
Python, reverse-complement, -1,  44.27, 21.57, 20.94, 0.00, 1.37, 1979, 1566, 409, 49.0, , 1
Python, reverse-complement, -1,  44.19, 21.57, 20.96, 0.00, 1.37, 1977, 1562, 408, 48.0, , 1
Python, reverse-complement, -1,  44.16, 21.60, 20.97, 0.00, 1.37, 1975, 1571, 400, 49.0, , 1
Python, reverse-complement, -1,  45.50, 22.22, 21.58, 0.00, 1.40, 2038, 1605, 426, 49.0, , 1
Python, reverse-complement, -1,  44.02, 21.49, 20.87, 0.00, 1.37, 1978, 1555, 419, 49.0, , 1
Python, reverse-complement, -1,  44.06, 21.59, 20.97, 0.00, 1.37, 1972, 1544, 424, 50.0, , 1
Python, reverse-complement, -1,  44.03, 21.70, 21.09, 0.00, 1.37, 1973, 1588, 382, 49.0, , 1
Python, reverse-complement, -1,  44.09, 21.62, 21.00, 0.00, 1.37, 1974, 1568, 403, 49.0, , 1
Python, reverse-complement, -1,  44.10, 21.52, 20.90, 0.00, 1.37, 1974, 1552, 419, 48.0, , 1
Python, reverse-complement, -1,  44.04, 21.54, 20.92, 0.00, 1.37, 1971, 1571, 397, 49.0, , 1
Python, reverse-complement, -1,  44.19, 21.67, 21.05, 0.00, 1.37, 1977, 1570, 403, 43.0, , 1
Python, reverse-complement, -1,  44.48, 21.66, 21.03, 0.00, 1.37, 1978, 1587, 387, 48.0, , 1
Python, reverse-complement, -1,  44.23, 21.57, 20.96, 0.00, 1.37, 1977, 1576, 396, 49.0, , 1
Python, reverse-complement, -1,  44.30, 21.51, 20.89, 0.00, 1.37, 1973, 1548, 421, 50.0, , 1
Python, reverse-complement, -1,  44.48, 21.98, 21.35, 0.00, 1.37, 1978, 1575, 400, 48.0, , 1
Python, spectral-norm, -1,  6794.61, 3408.19, 3317.58, 0.00, 151.36, 300391, 299828, 57, 50.0, , 1
Python, spectral-norm, -1,  6787.68, 3393.96, 3302.93, 0.00, 152.20, 302038, 301503, 58, 51.0, , 1
Python, spectral-norm, -1,  6765.72, 3374.33, 3283.76, 0.00, 151.37, 300375, 299755, 40, 50.0, , 1
Python, spectral-norm, -1,  6821.77, 3409.75, 3318.68, 0.00, 152.22, 302083, 301542, 56, 50.0, , 1
Python, spectral-norm, -1,  6789.80, 3385.77, 3295.07, 0.00, 151.55, 300803, 300251, 56, 51.0, , 1
Python, spectral-norm, -1,  6860.96, 3463.27, 3371.82, 0.00, 152.65, 302963, 302416, 52, 51.0, , 1
Python, spectral-norm, -1,  6849.53, 3463.14, 3371.80, 0.00, 152.47, 302639, 302058, 61, 51.0, , 1
Python, spectral-norm, -1,  6812.05, 3428.78, 3337.64, 0.00, 152.17, 301962, 301415, 61, 51.0, , 1
Python, spectral-norm, -1,  6811.41, 3404.35, 3312.97, 0.00, 152.52, 302664, 302101, 63, 52.0, , 1
Python, spectral-norm, -1,  6808.64, 3410.15, 3318.90, 0.00, 152.21, 302080, 301572, 45, 53.0, , 1
Python, spectral-norm, -1,  6894.44, 3445.24, 3352.62, 0.00, 154.59, 306774, 306189, 52, 52.0, , 1
Python, spectral-norm, -1,  6803.02, 3406.29, 3315.51, 0.00, 151.36, 300411, 299889, 65, 53.0, , 1
Python, spectral-norm, -1,  6786.81, 3381.79, 3291.01, 0.00, 151.37, 300456, 299903, 57, 53.0, , 1
Python, spectral-norm, -1,  6796.92, 3374.27, 3283.04, 0.00, 152.15, 302023, 301519, 46, 54.0, , 1
Python, spectral-norm, -1,  6842.97, 3444.08, 3352.42, 0.00, 152.67, 303038, 302440, 65, 54.0, , 1
Python, spectral-norm, -1,  6782.90, 3371.36, 3280.40, 0.00, 151.58, 300920, 300409, 57, 54.0, , 1
Python, spectral-norm, -1,  6821.19, 3417.44, 3326.50, 0.00, 151.47, 300712, 300152, 47, 54.0, , 1
Python, spectral-norm, -1,  6789.96, 3383.74, 3292.97, 0.00, 151.24, 300246, 299704, 61, 54.0, , 1
Python, spectral-norm, -1,  6782.44, 3368.11, 3277.14, 0.00, 151.29, 300360, 299776, 60, 54.0, , 1
Python, spectral-norm, -1,  6797.25, 3369.64, 3278.65, 0.00, 151.50, 300783, 300269, 56, 55.0, , 1
C, binary-trees, 2,  85.59, 13.70, 11.56, 0.00, 4.15, 6964, 6448, 474, 44.0, , 1
C, binary-trees, 2,  87.25, 13.89, 11.72, 0.00, 4.21, 7059, 6518, 493, 44.0, , 1
C, binary-trees, 2,  86.05, 13.75, 11.60, 0.00, 4.18, 6988, 6474, 471, 44.0, , 1
C, binary-trees, 2,  85.58, 13.61, 11.48, 0.00, 4.14, 6916, 6413, 457, 44.0, , 1
C, binary-trees, 2,  85.61, 13.51, 11.40, 0.00, 4.12, 6866, 6327, 473, 44.0, , 1
C, binary-trees, 2,  86.27, 13.71, 11.57, 0.00, 4.17, 6968, 6417, 487, 43.0, , 1
C, binary-trees, 2,  84.90, 13.46, 11.35, 0.00, 4.10, 6839, 6338, 454, 44.0, , 1
C, binary-trees, 2,  84.91, 13.46, 11.36, 0.00, 4.10, 6842, 6318, 454, 43.0, , 1
C, binary-trees, 2,  85.44, 13.44, 11.34, 0.00, 4.09, 6832, 6347, 443, 43.0, , 1
C, binary-trees, 2,  89.57, 14.07, 11.88, 0.00, 4.26, 7155, 6636, 472, 43.0, , 1
C, binary-trees, 2,  92.13, 14.59, 12.32, 0.00, 4.39, 7417, 6893, 472, 43.0, , 1
C, binary-trees, 2,  86.27, 13.65, 11.52, 0.00, 4.15, 6935, 6440, 452, 43.0, , 1
C, binary-trees, 2,  90.52, 14.27, 12.05, 0.00, 4.33, 7256, 6772, 442, 43.0, , 1
C, binary-trees, 2,  86.31, 13.63, 11.52, 0.00, 4.15, 6935, 6392, 487, 42.0, , 1
C, binary-trees, 2,  85.82, 13.60, 11.50, 0.00, 4.14, 6922, 6374, 485, 42.0, , 1
C, binary-trees, 2,  86.40, 13.88, 11.72, 0.00, 4.22, 7055, 6508, 502, 42.0, , 1
C, binary-trees, 2,  85.88, 13.77, 11.63, 0.00, 4.20, 7002, 6493, 463, 42.0, , 1
C, binary-trees, 2,  86.64, 13.93, 11.76, 0.00, 4.22, 7081, 6561, 477, 42.0, , 1
C, binary-trees, 2,  86.60, 13.79, 11.65, 0.00, 4.20, 7013, 6493, 474, 42.0, , 1
C, binary-trees, 2,  91.07, 14.58, 12.31, 0.00, 4.40, 7412, 6887, 478, 42.0, , 1
C, fannkuch-redux, 2,  210.92, 34.57, 29.23, 0.00, 8.83, 17531, 17442, 2, 42.0, , 1
C, fannkuch-redux, 2,  211.42, 34.84, 29.45, 0.00, 8.88, 17661, 17624, 1, 41.0, , 1
C, fannkuch-redux, 2,  213.27, 35.02, 29.62, 0.00, 8.94, 17761, 17626, 0, 41.0, , 1
C, fannkuch-redux, 2,  212.40, 34.99, 29.60, 0.00, 8.93, 17746, 17680, 0, 40.0, , 1
C, fannkuch-redux, 2,  211.42, 34.72, 29.35, 0.00, 8.85, 17598, 17558, 2, 40.0, , 1
C, fannkuch-redux, 2,  212.47, 34.97, 29.56, 0.00, 8.92, 17724, 17682, 1, 40.0, , 1
C, fannkuch-redux, 2,  211.72, 34.65, 29.33, 0.00, 8.85, 17582, 17521, 2, 40.0, , 1
C, fannkuch-redux, 2,  213.45, 35.00, 29.64, 0.00, 8.95, 17768, 17696, 3, 40.0, , 1
C, fannkuch-redux, 2,  214.49, 35.47, 30.03, 0.00, 9.06, 18003, 17954, 2, 40.0, , 1
C, fannkuch-redux, 2,  215.20, 35.68, 30.21, 0.00, 9.12, 18112, 18056, 1, 40.0, , 1
C, fannkuch-redux, 2,  212.09, 34.95, 29.62, 0.00, 8.94, 17755, 17705, 1, 40.0, , 1
C, fannkuch-redux, 2,  208.48, 34.21, 29.02, 0.00, 8.75, 17393, 17357, 1, 40.0, , 1
C, fannkuch-redux, 2,  212.52, 34.80, 29.50, 0.00, 8.90, 17684, 17646, 3, 39.0, , 1
C, fannkuch-redux, 2,  212.43, 35.05, 29.71, 0.00, 8.97, 17810, 17737, 1, 40.0, , 1
C, fannkuch-redux, 2,  212.02, 34.84, 29.53, 0.00, 8.91, 17700, 17641, 1, 39.0, , 1
C, fannkuch-redux, 2,  213.10, 35.00, 29.66, 0.00, 8.95, 17777, 17737, 1, 39.0, , 1
C, fannkuch-redux, 2,  211.43, 34.57, 29.30, 0.00, 8.84, 17565, 17518, 0, 39.0, , 1
C, fannkuch-redux, 2,  213.77, 35.13, 29.74, 0.00, 8.97, 17832, 17781, 1, 40.0, , 1
C, fannkuch-redux, 2,  212.24, 34.64, 29.36, 0.00, 8.86, 17596, 17554, 1, 39.0, , 1
C, fannkuch-redux, 2,  214.65, 35.29, 29.88, 0.00, 9.02, 17910, 17859, 2, 40.0, , 1
C, fasta, 2,  18.38, 2.96, 2.52, 0.00, 0.76, 1509, 1471, 33, 39.0, , 1
C, fasta, 2,  18.63, 3.02, 2.56, 0.00, 0.77, 1537, 1503, 30, 38.0, , 1
C, fasta, 2,  18.66, 3.04, 2.58, 0.00, 0.78, 1545, 1500, 36, 39.0, , 1
C, fasta, 2,  18.38, 2.99, 2.54, 0.00, 0.77, 1522, 1489, 30, 39.0, , 1
C, fasta, 2,  18.46, 2.99, 2.54, 0.00, 0.77, 1524, 1488, 32, 39.0, , 1
C, fasta, 2,  18.41, 3.01, 2.55, 0.00, 0.77, 1530, 1490, 36, 39.0, , 1
C, fasta, 2,  18.62, 3.02, 2.56, 0.00, 0.78, 1535, 1477, 35, 38.0, , 1
C, fasta, 2,  18.25, 2.97, 2.52, 0.00, 0.76, 1514, 1471, 32, 38.0, , 1
C, fasta, 2,  18.22, 2.97, 2.52, 0.00, 0.77, 1516, 1472, 32, 39.0, , 1
C, fasta, 2,  18.33, 2.96, 2.51, 0.00, 0.77, 1522, 1493, 26, 39.0, , 1
C, fasta, 2,  18.28, 2.96, 2.51, 0.00, 0.77, 1518, 1479, 35, 39.0, , 1
C, fasta, 2,  18.37, 2.98, 2.53, 0.00, 0.77, 1524, 1487, 34, 39.0, , 1
C, fasta, 2,  18.23, 2.95, 2.50, 0.00, 0.76, 1515, 1480, 31, 39.0, , 1
C, fasta, 2,  18.30, 2.96, 2.51, 0.00, 0.76, 1515, 1481, 30, 39.0, , 1
C, fasta, 2,  18.19, 2.93, 2.49, 0.00, 0.76, 1503, 1472, 27, 39.0, , 1
C, fasta, 2,  18.25, 2.94, 2.50, 0.00, 0.76, 1512, 1470, 39, 39.0, , 1
C, fasta, 2,  18.61, 3.04, 2.58, 0.00, 0.78, 1551, 1517, 31, 39.0, , 1
C, fasta, 2,  18.24, 2.97, 2.52, 0.00, 0.77, 1519, 1491, 24, 39.0, , 1
C, fasta, 2,  18.23, 2.96, 2.51, 0.00, 0.76, 1511, 1481, 27, 39.0, , 1
C, fasta, 2,  18.32, 2.99, 2.54, 0.00, 0.77, 1530, 1494, 32, 38.0, , 1
C, k-nucleotide, 2,  253.22, 41.35, 35.10, 0.00, 10.90, 21043, 20745, 222, 39.0, , 1
C, k-nucleotide, 2,  251.33, 41.01, 34.81, 0.00, 10.83, 20898, 20604, 240, 38.0, , 1
C, k-nucleotide, 2,  252.56, 41.28, 35.03, 0.00, 10.89, 21021, 20721, 236, 38.0, , 1
C, k-nucleotide, 2,  254.38, 41.60, 35.31, 0.00, 10.98, 21193, 20867, 223, 39.0, , 1
C, k-nucleotide, 2,  252.06, 41.41, 35.14, 0.00, 10.93, 21091, 20801, 231, 38.0, , 1
C, k-nucleotide, 2,  254.74, 41.56, 35.27, 0.00, 10.96, 21167, 20884, 223, 38.0, , 1
C, k-nucleotide, 2,  250.93, 40.95, 34.75, 0.00, 10.80, 20850, 20560, 224, 38.0, , 1
C, k-nucleotide, 2,  251.49, 41.01, 34.80, 0.00, 10.82, 20885, 20584, 250, 39.0, , 1
C, k-nucleotide, 2,  255.22, 42.13, 35.75, 0.00, 11.10, 21430, 21122, 225, 38.0, , 1
C, k-nucleotide, 2,  257.50, 42.21, 35.81, 0.00, 11.14, 21506, 21158, 251, 38.0, , 1
C, k-nucleotide, 2,  255.29, 41.65, 35.34, 0.00, 10.99, 21207, 20807, 238, 38.0, , 1
C, k-nucleotide, 2,  256.78, 42.09, 35.70, 0.00, 11.12, 21451, 21098, 267, 38.0, , 1
C, k-nucleotide, 2,  253.80, 41.81, 35.48, 0.00, 11.02, 21246, 20982, 208, 38.0, , 1
C, k-nucleotide, 2,  254.10, 41.65, 35.32, 0.00, 11.00, 21206, 20922, 231, 38.0, , 1
C, k-nucleotide, 2,  255.39, 41.85, 35.51, 0.00, 11.11, 21294, 20960, 237, 38.0, , 1
C, k-nucleotide, 2,  257.06, 42.20, 35.79, 0.00, 11.13, 21478, 21175, 225, 38.0, , 1
C, k-nucleotide, 2,  252.80, 41.61, 35.29, 0.00, 10.98, 21173, 20874, 230, 38.0, , 1
C, k-nucleotide, 2,  252.71, 41.51, 35.21, 0.00, 10.97, 21176, 20848, 270, 38.0, , 1
C, k-nucleotide, 2,  250.71, 41.25, 34.99, 0.00, 10.88, 20991, 20691, 242, 37.0, , 1
C, k-nucleotide, 2,  251.53, 41.34, 35.07, 0.00, 10.90, 21014, 20714, 239, 37.0, , 1
C, mandelbrot, 2,  104.26, 16.98, 14.39, 0.00, 4.37, 8649, 8573, 33, 38.0, , 1
C, mandelbrot, 2,  103.09, 16.80, 14.23, 0.00, 4.32, 8566, 8501, 37, 38.0, , 1
C, mandelbrot, 2,  103.11, 16.82, 14.26, 0.00, 4.32, 8559, 8512, 22, 37.0, , 1
C, mandelbrot, 2,  102.62, 16.71, 14.14, 0.00, 4.30, 8526, 8479, 31, 37.0, , 1
C, mandelbrot, 2,  101.80, 16.66, 14.11, 0.00, 4.27, 8468, 8415, 36, 38.0, , 1
C, mandelbrot, 2,  103.01, 16.83, 14.25, 0.00, 4.32, 8559, 8496, 32, 37.0, , 1
C, mandelbrot, 2,  103.82, 16.97, 14.37, 0.00, 4.35, 8616, 8550, 29, 37.0, , 1
C, mandelbrot, 2,  102.93, 16.82, 14.25, 0.00, 4.32, 8562, 8503, 41, 37.0, , 1
C, mandelbrot, 2,  103.21, 16.94, 14.36, 0.00, 4.35, 8629, 8565, 28, 37.0, , 1
C, mandelbrot, 2,  102.63, 16.80, 14.24, 0.00, 4.32, 8560, 8510, 27, 38.0, , 1
C, mandelbrot, 2,  103.12, 16.83, 14.26, 0.00, 4.32, 8572, 8530, 23, 37.0, , 1
C, mandelbrot, 2,  103.20, 16.93, 14.34, 0.00, 4.35, 8613, 8544, 34, 37.0, , 1
C, mandelbrot, 2,  103.90, 16.96, 14.36, 0.00, 4.36, 8638, 8565, 36, 37.0, , 1
C, mandelbrot, 2,  102.91, 16.87, 14.30, 0.00, 4.34, 8594, 8522, 34, 37.0, , 1
C, mandelbrot, 2,  103.35, 16.91, 14.33, 0.00, 4.35, 8611, 8548, 20, 37.0, , 1
C, mandelbrot, 2,  102.89, 16.88, 14.30, 0.00, 4.33, 8596, 8534, 36, 37.0, , 1
C, mandelbrot, 2,  102.91, 16.96, 14.37, 0.00, 4.35, 8634, 8575, 34, 37.0, , 1
C, mandelbrot, 2,  102.85, 16.91, 14.32, 0.00, 4.34, 8606, 8543, 40, 37.0, , 1
C, mandelbrot, 2,  102.50, 16.74, 14.16, 0.00, 4.31, 8541, 8492, 33, 37.0, , 1
C, mandelbrot, 2,  101.84, 16.63, 14.08, 0.00, 4.27, 8467, 8404, 35, 38.0, , 1
C, n-body, 2,  50.48, 8.33, 7.07, 0.00, 2.13, 4234, 4225, 1, 37.0, , 1
C, n-body, 2,  50.61, 8.29, 7.03, 0.00, 2.12, 4212, 4205, 4205, 37.0, , 1
C, n-body, 2,  51.34, 8.30, 7.04, 0.00, 2.12, 4221, 4214, 0, 38.0, , 1
C, n-body, 2,  51.56, 8.52, 7.21, 0.00, 2.18, 4335, 4322, 2, 37.0, , 1
C, n-body, 2,  51.56, 8.50, 7.19, 0.00, 2.18, 4322, 4303, 2, 36.0, , 1
C, n-body, 2,  51.71, 8.52, 7.21, 0.00, 2.18, 4332, 4316, 1, 37.0, , 1
C, n-body, 2,  52.30, 8.61, 7.29, 0.00, 2.19, 4360, 4348, 1, 37.0, , 1
C, n-body, 2,  51.92, 8.52, 7.21, 0.00, 2.19, 4346, 4337, 1, 37.0, , 1
C, n-body, 2,  52.40, 8.65, 7.32, 0.00, 2.21, 4381, 4371, 1, 37.0, , 1
C, n-body, 2,  51.52, 8.43, 7.13, 0.00, 2.16, 4301, 4294, 0, 37.0, , 1
C, n-body, 2,  51.43, 8.39, 7.11, 0.00, 2.15, 4264, 4246, 4246, 37.0, , 1
C, n-body, 2,  51.00, 8.28, 7.02, 0.00, 2.12, 4216, 4204, 1, 37.0, , 1
C, n-body, 2,  51.79, 8.35, 7.08, 0.00, 2.14, 4248, 4233, 1, 37.0, , 1
C, n-body, 2,  50.76, 8.22, 6.97, 0.00, 2.11, 4184, 4175, 1, 36.0, , 1
C, n-body, 2,  51.31, 8.31, 7.05, 0.00, 2.14, 4235, 4195, 0, 37.0, , 1
C, n-body, 2,  51.07, 8.30, 7.04, 0.00, 2.13, 4231, 4213, 1, 38.0, , 1
C, n-body, 2,  51.31, 8.23, 6.98, 0.00, 2.11, 4197, 4188, 1, 37.0, , 1
C, n-body, 2,  51.02, 8.24, 6.99, 0.00, 2.11, 4198, 4189, 0, 38.0, , 1
C, n-body, 2,  51.09, 8.25, 7.00, 0.00, 2.12, 4210, 4189, 3, 37.0, , 1
C, n-body, 2,  51.66, 8.45, 7.16, 0.00, 2.16, 4294, 4281, 1, 37.0, , 1
C, regex-redux, 2,  51.62, 8.38, 7.09, 0.00, 2.41, 4247, 4053, 184, 37.0, , 1
C, regex-redux, 2,  52.29, 8.43, 7.14, 0.00, 2.44, 4294, 4092, 191, 37.0, , 1
C, regex-redux, 2,  51.42, 8.33, 7.05, 0.00, 2.41, 4238, 4044, 185, 37.0, , 1
C, regex-redux, 2,  51.48, 8.36, 7.07, 0.00, 2.42, 4249, 4044, 183, 37.0, , 1
C, regex-redux, 2,  51.40, 8.30, 7.02, 0.00, 2.40, 4225, 4028, 188, 37.0, , 1
C, regex-redux, 2,  52.00, 8.46, 7.16, 0.00, 2.43, 4274, 4082, 179, 38.0, , 1
C, regex-redux, 2,  52.40, 8.50, 7.20, 0.00, 2.45, 4314, 4125, 178, 37.0, , 1
C, regex-redux, 2,  52.12, 8.41, 7.12, 0.00, 2.43, 4275, 4081, 184, 38.0, , 1
C, regex-redux, 2,  52.22, 8.45, 7.16, 0.00, 2.43, 4281, 4088, 184, 37.0, , 1
C, regex-redux, 2,  52.06, 8.34, 7.05, 0.00, 2.42, 4259, 4042, 204, 37.0, , 1
C, regex-redux, 2,  52.11, 8.44, 7.14, 0.00, 2.44, 4289, 4090, 189, 37.0, , 1
C, regex-redux, 2,  52.88, 8.59, 7.28, 0.00, 2.47, 4351, 4144, 187, 37.0, , 1
C, regex-redux, 2,  52.17, 8.45, 7.15, 0.00, 2.43, 4286, 4103, 167, 37.0, , 1
C, regex-redux, 2,  52.47, 8.54, 7.23, 0.00, 2.46, 4334, 4140, 185, 37.0, , 1
C, regex-redux, 2,  52.27, 8.51, 7.20, 0.00, 2.45, 4317, 4120, 184, 37.0, , 1
C, regex-redux, 2,  52.28, 8.40, 7.10, 0.00, 2.44, 4301, 4100, 192, 37.0, , 1
C, regex-redux, 2,  51.97, 8.44, 7.14, 0.00, 2.43, 4280, 4074, 197, 37.0, , 1
C, regex-redux, 2,  52.08, 8.42, 7.12, 0.00, 2.44, 4288, 4080, 186, 38.0, , 1
C, regex-redux, 2,  52.34, 8.51, 7.20, 0.00, 2.45, 4316, 4117, 184, 37.0, , 1
C, regex-redux, 2,  52.25, 8.46, 7.15, 0.00, 2.44, 4289, 4074, 186, 37.0, , 1
C, reverse-complement, 2,  3.60, 0.55, 0.46, 0.00, 0.25, 277, 106, 170, 37.0, , 1
C, reverse-complement, 2,  3.59, 0.55, 0.46, 0.00, 0.25, 278, 102, 175, 37.0, , 1
C, reverse-complement, 2,  3.63, 0.56, 0.47, 0.00, 0.25, 281, 110, 170, 37.0, , 1
C, reverse-complement, 2,  3.73, 0.57, 0.47, 0.00, 0.26, 287, 114, 171, 37.0, , 1
C, reverse-complement, 2,  3.66, 0.56, 0.46, 0.00, 0.25, 282, 102, 178, 37.0, , 1
C, reverse-complement, 2,  3.93, 0.60, 0.50, 0.00, 0.27, 301, 106, 174, 37.0, , 1
C, reverse-complement, 2,  3.70, 0.56, 0.46, 0.00, 0.25, 283, 107, 175, 37.0, , 1
C, reverse-complement, 2,  3.65, 0.56, 0.46, 0.00, 0.25, 282, 113, 166, 37.0, , 1
C, reverse-complement, 2,  3.64, 0.56, 0.46, 0.00, 0.25, 280, 107, 171, 38.0, , 1
C, reverse-complement, 2,  3.61, 0.55, 0.46, 0.00, 0.25, 277, 114, 162, 38.0, , 1
C, reverse-complement, 2,  3.64, 0.56, 0.46, 0.00, 0.25, 281, 106, 174, 38.0, , 1
C, reverse-complement, 2,  3.56, 0.55, 0.46, 0.00, 0.25, 273, 106, 166, 37.0, , 1
C, reverse-complement, 2,  3.58, 0.55, 0.46, 0.00, 0.25, 275, 96, 178, 37.0, , 1
C, reverse-complement, 2,  3.60, 0.56, 0.46, 0.00, 0.25, 277, 106, 170, 37.0, , 1
C, reverse-complement, 2,  3.64, 0.56, 0.47, 0.00, 0.25, 280, 106, 173, 37.0, , 1
C, reverse-complement, 2,  3.78, 0.59, 0.49, 0.00, 0.26, 293, 102, 179, 37.0, , 1
C, reverse-complement, 2,  3.72, 0.58, 0.48, 0.00, 0.26, 290, 100, 189, 37.0, , 1
C, reverse-complement, 2,  3.64, 0.57, 0.47, 0.00, 0.25, 281, 108, 170, 37.0, , 1
C, reverse-complement, 2,  3.60, 0.56, 0.47, 0.00, 0.25, 277, 104, 172, 37.0, , 1
C, reverse-complement, 2,  3.61, 0.57, 0.47, 0.00, 0.25, 278, 99, 178, 37.0, , 1
C, spectral-norm, 2,  35.12, 5.74, 4.86, 0.00, 1.47, 2915, 2904, 1, 37.0, , 1
C, spectral-norm, 2,  34.86, 5.66, 4.79, 0.00, 1.45, 2888, 2879, 3, 37.0, , 1
C, spectral-norm, 2,  35.02, 5.67, 4.80, 0.00, 1.45, 2884, 2876, 2, 37.0, , 1
C, spectral-norm, 2,  35.03, 5.72, 4.84, 0.00, 1.47, 2915, 2900, 0, 37.0, , 1
C, spectral-norm, 2,  35.10, 5.72, 4.84, 0.00, 1.46, 2901, 2880, 5, 38.0, , 1
C, spectral-norm, 2,  35.07, 5.81, 4.91, 0.00, 1.48, 2937, 2931, 0, 37.0, , 1
C, spectral-norm, 2,  35.22, 5.77, 4.88, 0.00, 1.48, 2932, 2923, 1, 37.0, , 1
C, spectral-norm, 2,  34.85, 5.77, 4.88, 0.00, 1.47, 2927, 2921, 0, 37.0, , 1
C, spectral-norm, 2,  36.31, 6.00, 5.08, 0.00, 1.53, 3031, 2921, 0, 37.0, , 1
C, spectral-norm, 2,  34.98, 5.71, 4.82, 0.00, 1.47, 2922, 2912, 2, 37.0, , 1
C, spectral-norm, 2,  34.89, 5.72, 4.84, 0.00, 1.46, 2901, 2892, 3, 37.0, , 1
C, spectral-norm, 2,  34.86, 5.68, 4.81, 0.00, 1.46, 2890, 2872, 1, 38.0, , 1
C, spectral-norm, 2,  35.16, 5.78, 4.89, 0.00, 1.48, 2943, 2932, 1, 36.0, , 1
C, spectral-norm, 2,  35.13, 5.77, 4.87, 0.00, 1.48, 2934, 2922, 1, 37.0, , 1
C, spectral-norm, 2,  34.75, 5.70, 4.82, 0.00, 1.46, 2895, 2884, 0, 36.0, , 1
C, spectral-norm, 2,  34.83, 5.69, 4.81, 0.00, 1.46, 2895, 2887, 1, 37.0, , 1
C, spectral-norm, 2,  35.27, 5.76, 4.87, 0.00, 1.48, 2930, 2921, 1, 36.0, , 1
C, spectral-norm, 2,  35.03, 5.76, 4.87, 0.00, 1.47, 2920, 2914, 0, 37.0, , 1
C, spectral-norm, 2,  34.81, 5.69, 4.81, 0.00, 1.46, 2900, 2894, 0, 37.0, , 1
C, spectral-norm, 2,  35.15, 5.81, 4.91, 0.00, 1.48, 2943, 2937, 0, 37.0, , 1
C++, binary-trees, 2,  82.07, 13.39, 11.31, 0.00, 4.05, 6804, 6576, 197, 37.0, , 1
C++, binary-trees, 2,  82.23, 13.34, 11.27, 0.00, 4.03, 6774, 6553, 203, 37.0, , 1
C++, binary-trees, 2,  81.10, 13.14, 11.10, 0.00, 3.98, 6677, 6454, 210, 37.0, , 1
C++, binary-trees, 2,  82.89, 13.40, 11.31, 0.00, 4.06, 6817, 6576, 210, 37.0, , 1
C++, binary-trees, 2,  83.53, 13.63, 11.52, 0.00, 4.12, 6934, 6669, 239, 37.0, , 1
C++, binary-trees, 2,  85.25, 13.82, 11.70, 0.00, 4.17, 7029, 6789, 201, 36.0, , 1
C++, binary-trees, 2,  84.37, 13.70, 11.59, 0.00, 4.14, 6981, 6715, 238, 37.0, , 1
C++, binary-trees, 2,  84.83, 13.80, 11.66, 0.00, 4.17, 7028, 6793, 218, 37.0, , 1
C++, binary-trees, 2,  84.95, 13.86, 11.73, 0.00, 4.18, 7049, 6805, 214, 36.0, , 1
C++, binary-trees, 2,  83.13, 13.65, 11.54, 0.00, 4.13, 6954, 6699, 230, 37.0, , 1
C++, binary-trees, 2,  82.10, 13.39, 11.31, 0.00, 4.05, 6817, 6581, 217, 37.0, , 1
C++, binary-trees, 2,  83.47, 13.60, 11.50, 0.00, 4.12, 6914, 6663, 224, 37.0, , 1
C++, binary-trees, 2,  82.97, 13.38, 11.30, 0.00, 4.05, 6816, 6574, 223, 36.0, , 1
C++, binary-trees, 2,  81.62, 13.34, 11.26, 0.00, 4.04, 6788, 6549, 219, 37.0, , 1
C++, binary-trees, 2,  85.09, 13.90, 11.74, 0.00, 4.18, 7078, 6845, 217, 37.0, , 1
C++, binary-trees, 2,  81.05, 13.22, 11.17, 0.00, 4.01, 6729, 6500, 213, 37.0, , 1
C++, binary-trees, 2,  83.47, 13.48, 11.39, 0.00, 4.07, 6862, 6629, 216, 36.0, , 1
C++, binary-trees, 2,  81.59, 13.24, 11.19, 0.00, 4.02, 6744, 6508, 204, 37.0, , 1
C++, binary-trees, 2,  81.67, 13.33, 11.26, 0.00, 4.04, 6782, 6545, 221, 37.0, , 1
C++, binary-trees, 2,  82.46, 13.52, 11.43, 0.00, 4.09, 6882, 6659, 206, 37.0, , 1
C++, fannkuch-redux, 2,  360.00, 59.62, 50.60, 0.00, 15.30, 30408, 30339, 2, 37.0, , 1
C++, fannkuch-redux, 2,  360.01, 59.69, 50.64, 0.00, 15.32, 30435, 30356, 1, 37.0, , 1
C++, fannkuch-redux, 2,  361.08, 59.62, 50.59, 0.00, 15.31, 30422, 30336, 3, 37.0, , 1
C++, fannkuch-redux, 2,  358.56, 58.74, 49.85, 0.00, 15.09, 29974, 29878, 3, 37.0, , 1
C++, fannkuch-redux, 2,  360.96, 59.17, 50.22, 0.00, 15.17, 30145, 30065, 3, 38.0, , 1
C++, fannkuch-redux, 2,  358.35, 58.57, 49.70, 0.00, 15.04, 29903, 29849, 0, 36.0, , 1
C++, fannkuch-redux, 2,  358.66, 58.63, 49.76, 0.00, 15.03, 29868, 29778, 2, 37.0, , 1
C++, fannkuch-redux, 2,  361.03, 59.12, 50.18, 0.00, 15.19, 30168, 30074, 2, 37.0, , 1
C++, fannkuch-redux, 2,  362.08, 59.13, 50.19, 0.00, 15.17, 30132, 30034, 1, 37.0, , 1
C++, fannkuch-redux, 2,  366.48, 60.36, 51.19, 0.00, 15.48, 30767, 30702, 4, 36.0, , 1
C++, fannkuch-redux, 2,  362.27, 59.48, 50.46, 0.00, 15.29, 30372, 30293, 1, 38.0, , 1
C++, fannkuch-redux, 2,  361.62, 59.68, 50.65, 0.00, 15.32, 30420, 30307, 3, 38.0, , 1
C++, fannkuch-redux, 2,  363.66, 59.84, 50.79, 0.00, 15.36, 30507, 30325, 1, 38.0, , 1
C++, fannkuch-redux, 2,  358.87, 58.85, 49.96, 0.00, 15.11, 30030, 29967, 3, 38.0, , 1
C++, fannkuch-redux, 2,  356.88, 58.71, 49.82, 0.00, 15.08, 29964, 29889, 2, 37.0, , 1
C++, fannkuch-redux, 2,  358.65, 59.12, 50.18, 0.00, 15.16, 30114, 30020, 1, 37.0, , 1
C++, fannkuch-redux, 2,  359.49, 59.29, 50.33, 0.00, 15.23, 30253, 30178, 2, 37.0, , 1
C++, fannkuch-redux, 2,  354.97, 58.01, 49.19, 0.00, 14.89, 29597, 29528, 1, 37.0, , 1
C++, fannkuch-redux, 2,  356.26, 58.36, 49.53, 0.00, 14.97, 29749, 29677, 0, 37.0, , 1
C++, fannkuch-redux, 2,  356.71, 58.51, 49.65, 0.00, 15.02, 29827, 29734, 2, 37.0, , 1
C++, fasta, 2,  27.74, 4.52, 3.83, 0.00, 1.16, 2298, 2278, 15, 37.0, , 1
C++, fasta, 2,  27.82, 4.52, 3.83, 0.00, 1.16, 2298, 2276, 16, 37.0, , 1
C++, fasta, 2,  28.01, 4.54, 3.85, 0.00, 1.17, 2315, 2296, 15, 37.0, , 1
C++, fasta, 2,  27.50, 4.47, 3.78, 0.00, 1.15, 2275, 2257, 14, 37.0, , 1
C++, fasta, 2,  27.56, 4.51, 3.82, 0.00, 1.16, 2302, 2288, 9, 37.0, , 1
C++, fasta, 2,  27.52, 4.48, 3.79, 0.00, 1.15, 2283, 2272, 8, 37.0, , 1
C++, fasta, 2,  27.45, 4.47, 3.79, 0.00, 1.15, 2285, 2273, 7, 37.0, , 1
C++, fasta, 2,  27.47, 4.50, 3.81, 0.00, 1.16, 2290, 2269, 8, 37.0, , 1
C++, fasta, 2,  27.97, 4.54, 3.84, 0.00, 1.17, 2315, 2291, 10, 37.0, , 1
C++, fasta, 2,  28.01, 4.52, 3.82, 0.00, 1.16, 2311, 2293, 12, 37.0, , 1
C++, fasta, 2,  28.05, 4.57, 3.87, 0.00, 1.18, 2334, 2319, 9, 37.0, , 1
C++, fasta, 2,  28.32, 4.56, 3.86, 0.00, 1.18, 2332, 2309, 15, 37.0, , 1
C++, fasta, 2,  28.23, 4.51, 3.82, 0.00, 1.16, 2309, 2285, 15, 37.0, , 1
C++, fasta, 2,  27.83, 4.51, 3.81, 0.00, 1.16, 2301, 2282, 13, 36.0, , 1
C++, fasta, 2,  27.47, 4.44, 3.76, 0.00, 1.14, 2264, 2249, 12, 37.0, , 1
C++, fasta, 2,  27.29, 4.46, 3.78, 0.00, 1.15, 2273, 2262, 7, 36.0, , 1
C++, fasta, 2,  27.60, 4.45, 3.77, 0.00, 1.15, 2274, 2250, 18, 37.0, , 1
C++, fasta, 2,  27.01, 4.37, 3.70, 0.00, 1.13, 2237, 2218, 15, 37.0, , 1
C++, fasta, 2,  27.13, 4.36, 3.69, 0.00, 1.12, 2231, 2218, 8, 37.0, , 1
C++, fasta, 2,  27.44, 4.41, 3.74, 0.00, 1.14, 2250, 2223, 13, 37.0, , 1
C++, k-nucleotide, 2,  115.00, 18.08, 15.23, 0.00, 6.56, 9192, 8817, 353, 36.0, , 1
C++, k-nucleotide, 2,  116.11, 18.26, 15.38, 0.00, 6.68, 9281, 8858, 380, 37.0, , 1
C++, k-nucleotide, 2,  116.30, 18.17, 15.31, 0.00, 6.62, 9244, 8827, 379, 37.0, , 1
C++, k-nucleotide, 2,  116.85, 18.38, 15.48, 0.00, 6.75, 9349, 8943, 360, 36.0, , 1
C++, k-nucleotide, 2,  116.22, 18.48, 15.57, 0.00, 6.74, 9401, 9001, 368, 37.0, , 1
C++, k-nucleotide, 2,  116.16, 18.41, 15.51, 0.00, 6.76, 9362, 8979, 355, 37.0, , 1
C++, k-nucleotide, 2,  117.10, 18.57, 15.64, 0.00, 6.80, 9446, 9067, 357, 36.0, , 1
C++, k-nucleotide, 2,  117.28, 18.50, 15.58, 0.00, 6.75, 9411, 9043, 345, 36.0, , 1
C++, k-nucleotide, 2,  117.26, 18.56, 15.64, 0.00, 6.82, 9444, 9064, 336, 37.0, , 1
C++, k-nucleotide, 2,  116.62, 18.41, 15.51, 0.00, 6.75, 9364, 8997, 339, 37.0, , 1
C++, k-nucleotide, 2,  115.41, 18.23, 15.35, 0.00, 6.65, 9268, 8892, 353, 36.0, , 1
C++, k-nucleotide, 2,  115.77, 18.27, 15.39, 0.00, 6.63, 9287, 8902, 363, 37.0, , 1
C++, k-nucleotide, 2,  117.74, 18.59, 15.66, 0.00, 6.83, 9462, 9071, 350, 36.0, , 1
C++, k-nucleotide, 2,  118.36, 18.69, 15.75, 0.00, 6.82, 9497, 9106, 366, 37.0, , 1
C++, k-nucleotide, 2,  117.75, 18.60, 15.67, 0.00, 6.83, 9459, 9076, 340, 37.0, , 1
C++, k-nucleotide, 2,  117.56, 18.49, 15.57, 0.00, 6.78, 9402, 9019, 354, 37.0, , 1
C++, k-nucleotide, 2,  117.52, 18.61, 15.68, 0.00, 6.80, 9468, 9057, 356, 37.0, , 1
C++, k-nucleotide, 2,  117.10, 18.63, 15.69, 0.00, 6.81, 9479, 9078, 379, 37.0, , 1
C++, k-nucleotide, 2,  117.17, 18.60, 15.66, 0.00, 6.78, 9459, 9077, 350, 37.0, , 1
C++, k-nucleotide, 2,  117.29, 18.49, 15.58, 0.00, 6.76, 9406, 9038, 344, 37.0, , 1
C++, mandelbrot, 2,  79.44, 13.03, 11.05, 0.00, 3.35, 6641, 6582, 35, 37.0, , 1
C++, mandelbrot, 2,  79.67, 13.04, 11.06, 0.00, 3.35, 6636, 6578, 34, 37.0, , 1
C++, mandelbrot, 2,  79.86, 13.10, 11.11, 0.00, 3.36, 6668, 6623, 32, 38.0, , 1
C++, mandelbrot, 2,  80.35, 13.02, 11.05, 0.00, 3.35, 6643, 6594, 33, 37.0, , 1
C++, mandelbrot, 2,  79.57, 13.03, 11.05, 0.00, 3.34, 6631, 6584, 35, 37.0, , 1
C++, mandelbrot, 2,  78.95, 12.86, 10.91, 0.00, 3.31, 6563, 6508, 38, 37.0, , 1
C++, mandelbrot, 2,  79.11, 12.97, 11.01, 0.00, 3.33, 6595, 6556, 26, 37.0, , 1
C++, mandelbrot, 2,  78.72, 12.92, 10.96, 0.00, 3.32, 6583, 6538, 32, 37.0, , 1
C++, mandelbrot, 2,  79.47, 12.94, 10.98, 0.00, 3.33, 6593, 6534, 33, 37.0, , 1
C++, mandelbrot, 2,  79.38, 12.95, 10.99, 0.00, 3.33, 6591, 6535, 34, 37.0, , 1
C++, mandelbrot, 2,  79.44, 12.94, 10.97, 0.00, 3.33, 6599, 6541, 36, 37.0, , 1
C++, mandelbrot, 2,  79.87, 13.04, 11.06, 0.00, 3.36, 6639, 6565, 29, 38.0, , 1
C++, mandelbrot, 2,  78.98, 12.93, 10.97, 0.00, 3.32, 6575, 6527, 30, 38.0, , 1
C++, mandelbrot, 2,  79.39, 12.90, 10.94, 0.00, 3.31, 6570, 6526, 31, 38.0, , 1
C++, mandelbrot, 2,  79.53, 13.02, 11.04, 0.00, 3.34, 6621, 6574, 31, 38.0, , 1
C++, mandelbrot, 2,  79.79, 13.06, 11.07, 0.00, 3.36, 6651, 6612, 26, 37.0, , 1
C++, mandelbrot, 2,  81.38, 13.21, 11.21, 0.00, 3.40, 6728, 6592, 18, 38.0, , 1
C++, mandelbrot, 2,  79.52, 13.14, 11.14, 0.00, 3.37, 6682, 6630, 26, 37.0, , 1
C++, mandelbrot, 2,  80.54, 13.21, 11.20, 0.00, 3.40, 6727, 6658, 33, 37.0, , 1
C++, mandelbrot, 2,  79.26, 12.93, 10.97, 0.00, 3.32, 6583, 6534, 33, 37.0, , 1
C++, n-body, 2,  52.31, 8.67, 7.35, 0.00, 2.21, 4394, 4385, 1, 36.0, , 1
C++, n-body, 2,  52.88, 8.78, 7.43, 0.00, 2.24, 4451, 4442, 0, 38.0, , 1
C++, n-body, 2,  52.97, 8.83, 7.47, 0.00, 2.26, 4487, 4479, 0, 37.0, , 1
C++, n-body, 2,  52.36, 8.67, 7.33, 0.00, 2.21, 4392, 4371, 1, 36.0, , 1
C++, n-body, 2,  53.10, 8.69, 7.35, 0.00, 2.22, 4410, 4397, 1, 37.0, , 1
C++, n-body, 2,  52.47, 8.66, 7.33, 0.00, 2.22, 4403, 4392, 2, 37.0, , 1
C++, n-body, 2,  52.25, 8.57, 7.25, 0.00, 2.20, 4371, 4359, 1, 37.0, , 1
C++, n-body, 2,  51.74, 8.56, 7.25, 0.00, 2.19, 4345, 4336, 1, 38.0, , 1
C++, n-body, 2,  52.19, 8.53, 7.22, 0.00, 2.20, 4357, 4336, 1, 36.0, , 1
C++, n-body, 2,  52.17, 8.58, 7.26, 0.00, 2.19, 4353, 4344, 0, 38.0, , 1
C++, n-body, 2,  52.72, 8.73, 7.38, 0.00, 2.23, 4423, 4397, 0, 37.0, , 1
C++, n-body, 2,  52.80, 8.70, 7.37, 0.00, 2.22, 4413, 4404, 1, 37.0, , 1
C++, n-body, 2,  53.27, 8.76, 7.41, 0.00, 2.24, 4437, 4401, 4401, 37.0, , 1
C++, n-body, 2,  52.43, 8.63, 7.30, 0.00, 2.21, 4378, 4360, 1, 36.0, , 1
C++, n-body, 2,  52.24, 8.62, 7.30, 0.00, 2.20, 4370, 4358, 2, 37.0, , 1
C++, n-body, 2,  52.34, 8.61, 7.29, 0.00, 2.20, 4374, 4365, 0, 38.0, , 1
C++, n-body, 2,  52.72, 8.67, 7.33, 0.00, 2.22, 4400, 4390, 0, 37.0, , 1
C++, n-body, 2,  52.19, 8.56, 7.25, 0.00, 2.19, 4357, 4343, 1, 37.0, , 1
C++, n-body, 2,  52.21, 8.48, 7.17, 0.00, 2.19, 4344, 4335, 1, 37.0, , 1
C++, n-body, 2,  52.18, 8.54, 7.23, 0.00, 2.18, 4335, 4324, 1, 37.0, , 1
C++, regex-redux, 2,  56.29, 9.13, 7.72, 0.00, 2.67, 4638, 4264, 351, 37.0, , 1
C++, regex-redux, 2,  57.67, 9.33, 7.88, 0.00, 2.72, 4737, 4326, 400, 38.0, , 1
C++, regex-redux, 2,  58.42, 9.54, 8.08, 0.00, 2.77, 4846, 4464, 353, 37.0, , 1
C++, regex-redux, 2,  58.77, 9.54, 8.07, 0.00, 2.77, 4844, 4444, 386, 37.0, , 1
C++, regex-redux, 2,  58.25, 9.46, 7.99, 0.00, 2.76, 4807, 4410, 383, 37.0, , 1
C++, regex-redux, 2,  58.10, 9.31, 7.87, 0.00, 2.72, 4750, 4356, 381, 37.0, , 1
C++, regex-redux, 2,  57.50, 9.29, 7.85, 0.00, 2.71, 4720, 4324, 385, 37.0, , 1
C++, regex-redux, 2,  57.40, 9.18, 7.76, 0.00, 2.68, 4665, 4274, 381, 37.0, , 1
C++, regex-redux, 2,  57.10, 9.19, 7.77, 0.00, 2.68, 4665, 4287, 360, 37.0, , 1
C++, regex-redux, 2,  57.56, 9.20, 7.78, 0.00, 2.69, 4677, 4310, 355, 38.0, , 1
C++, regex-redux, 2,  57.54, 9.20, 7.77, 0.00, 2.69, 4676, 4293, 371, 37.0, , 1
C++, regex-redux, 2,  57.04, 9.16, 7.74, 0.00, 2.67, 4644, 4265, 368, 38.0, , 1
C++, regex-redux, 2,  57.89, 9.36, 7.91, 0.00, 2.73, 4750, 4349, 378, 37.0, , 1
C++, regex-redux, 2,  57.48, 9.31, 7.87, 0.00, 2.72, 4739, 4362, 363, 37.0, , 1
C++, regex-redux, 2,  57.51, 9.22, 7.79, 0.00, 2.69, 4687, 4311, 346, 37.0, , 1
C++, regex-redux, 2,  56.93, 9.19, 7.76, 0.00, 2.68, 4670, 4274, 386, 37.0, , 1
C++, regex-redux, 2,  58.22, 9.33, 7.89, 0.00, 2.73, 4740, 4335, 363, 37.0, , 1
C++, regex-redux, 2,  57.45, 9.27, 7.83, 0.00, 2.71, 4710, 4334, 354, 37.0, , 1
C++, regex-redux, 2,  56.13, 9.09, 7.68, 0.00, 2.66, 4622, 4248, 362, 37.0, , 1
C++, regex-redux, 2,  57.87, 9.37, 7.92, 0.00, 2.73, 4754, 4356, 387, 36.0, , 1
C++, reverse-complement, 2,  4.62, 0.72, 0.60, 0.00, 0.32, 362, 166, 195, 37.0, , 1
C++, reverse-complement, 2,  4.69, 0.72, 0.59, 0.00, 0.32, 361, 153, 207, 37.0, , 1
C++, reverse-complement, 2,  4.71, 0.73, 0.60, 0.00, 0.33, 366, 173, 189, 37.0, , 1
C++, reverse-complement, 2,  4.76, 0.74, 0.61, 0.00, 0.33, 372, 166, 204, 37.0, , 1
C++, reverse-complement, 2,  4.65, 0.72, 0.59, 0.00, 0.32, 363, 171, 190, 37.0, , 1
C++, reverse-complement, 2,  4.70, 0.73, 0.61, 0.00, 0.33, 370, 176, 192, 37.0, , 1
C++, reverse-complement, 2,  4.71, 0.73, 0.60, 0.00, 0.33, 371, 175, 196, 37.0, , 1
C++, reverse-complement, 2,  4.80, 0.74, 0.62, 0.00, 0.33, 378, 173, 202, 37.0, , 1
C++, reverse-complement, 2,  4.79, 0.74, 0.61, 0.00, 0.33, 375, 178, 196, 36.0, , 1
C++, reverse-complement, 2,  4.98, 0.75, 0.62, 0.00, 0.34, 379, 168, 208, 36.0, , 1
C++, reverse-complement, 2,  4.76, 0.74, 0.61, 0.00, 0.33, 372, 177, 194, 36.0, , 1
C++, reverse-complement, 2,  4.80, 0.74, 0.61, 0.00, 0.33, 374, 177, 195, 36.0, , 1
C++, reverse-complement, 2,  4.77, 0.74, 0.61, 0.00, 0.33, 372, 170, 201, 36.0, , 1
C++, reverse-complement, 2,  4.76, 0.73, 0.61, 0.00, 0.33, 369, 162, 206, 36.0, , 1
C++, reverse-complement, 2,  4.73, 0.73, 0.60, 0.00, 0.33, 369, 173, 195, 37.0, , 1
C++, reverse-complement, 2,  4.66, 0.72, 0.60, 0.00, 0.32, 359, 175, 183, 37.0, , 1
C++, reverse-complement, 2,  4.69, 0.72, 0.60, 0.00, 0.32, 363, 165, 197, 37.0, , 1
C++, reverse-complement, 2,  4.69, 0.73, 0.60, 0.00, 0.32, 363, 161, 202, 37.0, , 1
C++, reverse-complement, 2,  4.67, 0.73, 0.60, 0.00, 0.32, 364, 162, 201, 37.0, , 1
C++, reverse-complement, 2,  4.64, 0.73, 0.60, 0.00, 0.32, 364, 167, 195, 37.0, , 1
C++, spectral-norm, 2,  34.93, 5.75, 4.88, 0.00, 1.48, 2931, 2925, 1, 38.0, , 1
C++, spectral-norm, 2,  34.82, 5.68, 4.80, 0.00, 1.46, 2889, 2883, 0, 37.0, , 1
C++, spectral-norm, 2,  35.31, 5.72, 4.85, 0.00, 1.47, 2927, 2917, 3, 37.0, , 1
C++, spectral-norm, 2,  34.95, 5.70, 4.83, 0.00, 1.47, 2912, 2894, 2, 37.0, , 1
C++, spectral-norm, 2,  35.23, 5.74, 4.86, 0.00, 1.48, 2929, 2922, 1, 37.0, , 1
C++, spectral-norm, 2,  35.50, 5.76, 4.87, 0.00, 1.48, 2939, 2925, 3, 37.0, , 1
C++, spectral-norm, 2,  35.16, 5.74, 4.86, 0.00, 1.47, 2924, 2909, 1, 38.0, , 1
C++, spectral-norm, 2,  35.27, 5.69, 4.81, 0.00, 1.47, 2914, 2904, 2, 38.0, , 1
C++, spectral-norm, 2,  34.48, 5.63, 4.76, 0.00, 1.44, 2866, 2859, 2, 37.0, , 1
C++, spectral-norm, 2,  34.46, 5.63, 4.77, 0.00, 1.45, 2870, 2861, 2, 38.0, , 1
C++, spectral-norm, 2,  34.82, 5.68, 4.81, 0.00, 1.46, 2893, 2890, 2890, 38.0, , 1
C++, spectral-norm, 2,  35.21, 5.73, 4.85, 0.00, 1.47, 2921, 2904, 1, 37.0, , 1
C++, spectral-norm, 2,  34.91, 5.66, 4.79, 0.00, 1.46, 2890, 2885, 0, 37.0, , 1
C++, spectral-norm, 2,  34.81, 5.67, 4.80, 0.00, 1.46, 2895, 2890, 0, 37.0, , 1
C++, spectral-norm, 2,  35.08, 5.67, 4.80, 0.00, 1.46, 2895, 2889, 1, 38.0, , 1
C++, spectral-norm, 2,  35.34, 5.79, 4.91, 0.00, 1.49, 2950, 2942, 2, 37.0, , 1
C++, spectral-norm, 2,  35.58, 5.79, 4.90, 0.00, 1.49, 2963, 2957, 0, 37.0, , 1
C++, spectral-norm, 2,  34.67, 5.65, 4.78, 0.00, 1.45, 2883, 2878, 0, 37.0, , 1
C++, spectral-norm, 2,  34.66, 5.66, 4.79, 0.00, 1.45, 2880, 2874, 0, 37.0, , 1
C++, spectral-norm, 2,  34.79, 5.65, 4.79, 0.00, 1.45, 2886, 2879, 0, 37.0, , 1
Java, binary-trees, 2,  205.82, 31.43, 25.97, 0.00, 14.86, 15958, 15378, 479, 36.0, , 1
Java, binary-trees, 2,  203.82, 31.05, 25.65, 0.00, 14.76, 15768, 15232, 483, 37.0, , 1
Java, binary-trees, 2,  204.44, 31.18, 25.76, 0.00, 14.78, 15835, 15288, 496, 37.0, , 1
Java, binary-trees, 2,  200.87, 30.63, 25.28, 0.00, 14.61, 15562, 15010, 488, 37.0, , 1
Java, binary-trees, 2,  201.16, 30.70, 25.34, 0.00, 14.65, 15607, 15082, 470, 37.0, , 1
Java, binary-trees, 2,  201.60, 30.72, 25.36, 0.00, 14.65, 15617, 15091, 466, 37.0, , 1
Java, binary-trees, 2,  201.87, 30.92, 25.53, 0.00, 14.72, 15728, 15164, 510, 38.0, , 1
Java, binary-trees, 2,  206.96, 31.85, 26.33, 0.00, 15.00, 16192, 15627, 481, 37.0, , 1
Java, binary-trees, 2,  207.78, 31.88, 26.35, 0.00, 15.03, 16214, 15618, 499, 37.0, , 1
Java, binary-trees, 2,  203.88, 31.25, 25.80, 0.00, 14.83, 15894, 15332, 506, 38.0, , 1
Java, binary-trees, 2,  204.38, 31.36, 25.90, 0.00, 14.87, 15952, 15417, 473, 37.0, , 1
Java, binary-trees, 2,  205.58, 31.46, 25.99, 0.00, 14.91, 16003, 15436, 501, 37.0, , 1
Java, binary-trees, 2,  208.01, 31.95, 26.42, 0.00, 15.05, 16241, 15695, 491, 36.0, , 1
Java, binary-trees, 2,  207.31, 31.98, 26.43, 0.00, 15.09, 16290, 15708, 498, 37.0, , 1
Java, binary-trees, 2,  204.75, 31.34, 25.88, 0.00, 14.86, 15925, 15350, 504, 37.0, , 1
Java, binary-trees, 2,  205.47, 31.33, 25.87, 0.00, 14.85, 15932, 15334, 493, 37.0, , 1
Java, binary-trees, 2,  205.27, 31.38, 25.91, 0.00, 14.85, 15963, 15407, 485, 37.0, , 1
Java, binary-trees, 2,  204.30, 31.25, 25.80, 0.00, 14.82, 15883, 15229, 485, 37.0, , 1
Java, binary-trees, 2,  203.46, 31.12, 25.71, 0.00, 14.78, 15822, 15259, 476, 37.0, , 1
Java, binary-trees, 2,  205.22, 31.58, 26.09, 0.00, 14.93, 16062, 15526, 472, 37.0, , 1
Java, fannkuch-redux, 2,  931.80, 153.49, 129.86, 0.00, 39.27, 78018, 77755, 47, 37.0, , 1
Java, fannkuch-redux, 2,  946.93, 155.88, 131.97, 0.00, 39.90, 79262, 78980, 43, 36.0, , 1
Java, fannkuch-redux, 2,  960.34, 158.65, 134.44, 0.00, 40.65, 80742, 80435, 48, 36.0, , 1
Java, fannkuch-redux, 2,  950.11, 156.07, 132.15, 0.00, 39.96, 79377, 79126, 40, 36.0, , 1
Java, fannkuch-redux, 2,  940.40, 154.51, 130.76, 0.00, 39.54, 78532, 78247, 47, 37.0, , 1
Java, fannkuch-redux, 2,  952.45, 155.97, 131.96, 0.00, 39.93, 79302, 79001, 34, 37.0, , 1
Java, fannkuch-redux, 2,  963.83, 158.20, 134.02, 0.00, 40.52, 80490, 80107, 51, 36.0, , 1
Java, fannkuch-redux, 2,  955.42, 157.67, 133.58, 0.00, 40.39, 80222, 79926, 49, 36.0, , 1
Java, fannkuch-redux, 2,  936.40, 154.43, 130.71, 0.00, 39.54, 78511, 78220, 53, 37.0, , 1
Java, fannkuch-redux, 2,  940.05, 154.68, 130.91, 0.00, 39.59, 78620, 78344, 40, 36.0, , 1
Java, fannkuch-redux, 2,  946.01, 156.17, 132.27, 0.00, 40.01, 79451, 79176, 45, 38.0, , 1
Java, fannkuch-redux, 2,  894.83, 147.55, 124.95, 0.00, 37.80, 75045, 74755, 50, 37.0, , 1
Java, fannkuch-redux, 2,  951.29, 156.98, 132.96, 0.00, 40.22, 79870, 79605, 53, 37.0, , 1
Java, fannkuch-redux, 2,  945.42, 155.56, 131.67, 0.00, 39.83, 79088, 78676, 47, 37.0, , 1
Java, fannkuch-redux, 2,  943.74, 154.88, 131.08, 0.00, 39.64, 78726, 78466, 37, 37.0, , 1
Java, fannkuch-redux, 2,  948.23, 156.16, 132.25, 0.00, 40.01, 79450, 79196, 37, 37.0, , 1
Java, fannkuch-redux, 2,  952.76, 157.45, 133.37, 0.00, 40.34, 80097, 79784, 47, 36.0, , 1
Java, fannkuch-redux, 2,  948.27, 156.54, 132.55, 0.00, 40.09, 79610, 79314, 41, 37.0, , 1
Java, fannkuch-redux, 2,  953.75, 157.30, 133.25, 0.00, 40.31, 80058, 79787, 43, 36.0, , 1
Java, fannkuch-redux, 2,  945.15, 155.64, 131.74, 0.00, 39.85, 79125, 78836, 40, 37.0, , 1
Java, fasta, 2,  80.11, 13.01, 11.01, 0.00, 3.39, 6664, 6596, 53, 37.0, , 1
Java, fasta, 2,  80.60, 13.18, 11.17, 0.00, 3.42, 6717, 6631, 61, 37.0, , 1
Java, fasta, 2,  79.91, 13.06, 11.06, 0.00, 3.39, 6652, 6566, 70, 37.0, , 1
Java, fasta, 2,  80.13, 13.09, 11.09, 0.00, 3.39, 6664, 6594, 54, 36.0, , 1
Java, fasta, 2,  80.80, 13.17, 11.16, 0.00, 3.42, 6710, 6606, 69, 37.0, , 1
Java, fasta, 2,  80.81, 13.22, 11.20, 0.00, 3.43, 6726, 6636, 68, 37.0, , 1
Java, fasta, 2,  80.64, 13.27, 11.24, 0.00, 3.43, 6739, 6651, 68, 37.0, , 1
Java, fasta, 2,  82.17, 13.39, 11.34, 0.00, 3.48, 6821, 6713, 66, 36.0, , 1
Java, fasta, 2,  81.92, 13.45, 11.40, 0.00, 3.49, 6842, 6751, 63, 37.0, , 1
Java, fasta, 2,  81.75, 13.34, 11.30, 0.00, 3.46, 6794, 6693, 71, 37.0, , 1
Java, fasta, 2,  81.88, 13.54, 11.48, 0.00, 3.51, 6897, 6804, 63, 38.0, , 1
Java, fasta, 2,  81.78, 13.39, 11.34, 0.00, 3.47, 6823, 6747, 60, 37.0, , 1
Java, fasta, 2,  83.05, 13.57, 11.49, 0.00, 3.52, 6918, 6719, 71, 37.0, , 1
Java, fasta, 2,  81.87, 13.36, 11.31, 0.00, 3.48, 6817, 6713, 66, 38.0, , 1
Java, fasta, 2,  81.52, 13.30, 11.26, 0.00, 3.45, 6769, 6670, 65, 37.0, , 1
Java, fasta, 2,  80.33, 13.11, 11.09, 0.00, 3.42, 6715, 6632, 67, 38.0, , 1
Java, fasta, 2,  78.20, 12.73, 10.79, 0.00, 3.31, 6493, 6412, 66, 37.0, , 1
Java, fasta, 2,  80.00, 13.16, 11.16, 0.00, 3.41, 6693, 6602, 74, 37.0, , 1
Java, fasta, 2,  79.42, 12.89, 10.92, 0.00, 3.35, 6576, 6494, 68, 37.0, , 1
Java, fasta, 2,  80.81, 13.19, 11.18, 0.00, 3.41, 6704, 6609, 74, 36.0, , 1
Java, k-nucleotide, 2,  325.37, 52.98, 44.97, 0.00, 15.56, 26971, 26448, 412, 37.0, , 1
Java, k-nucleotide, 2,  330.75, 54.01, 45.90, 0.00, 15.83, 27520, 26938, 480, 37.0, , 1
Java, k-nucleotide, 2,  335.95, 55.27, 47.00, 0.00, 16.15, 28160, 27636, 449, 37.0, , 1
Java, k-nucleotide, 2,  329.66, 53.88, 45.80, 0.00, 15.80, 27470, 26923, 462, 37.0, , 1
Java, k-nucleotide, 2,  331.08, 54.09, 45.96, 0.00, 15.86, 27580, 27022, 436, 37.0, , 1
Java, k-nucleotide, 2,  331.27, 54.12, 45.99, 0.00, 15.87, 27575, 27027, 455, 37.0, , 1
Java, k-nucleotide, 2,  332.61, 54.42, 46.22, 0.00, 15.94, 27729, 27156, 473, 36.0, , 1
Java, k-nucleotide, 2,  331.90, 54.23, 46.08, 0.00, 15.89, 27638, 27091, 466, 36.0, , 1
Java, k-nucleotide, 2,  328.33, 53.98, 45.87, 0.00, 15.84, 27516, 26907, 460, 37.0, , 1
Java, k-nucleotide, 2,  325.59, 53.24, 45.20, 0.00, 15.63, 27116, 26596, 434, 37.0, , 1
Java, k-nucleotide, 2,  332.90, 54.61, 46.44, 0.00, 15.98, 27790, 27212, 479, 37.0, , 1
Java, k-nucleotide, 2,  332.97, 54.61, 46.44, 0.00, 16.03, 27886, 27362, 443, 37.0, , 1
Java, k-nucleotide, 2,  333.84, 54.58, 46.40, 0.00, 16.01, 27846, 27263, 474, 37.0, , 1
Java, k-nucleotide, 2,  335.06, 55.10, 46.86, 0.00, 16.12, 28058, 27489, 441, 37.0, , 1
Java, k-nucleotide, 2,  331.71, 54.30, 46.13, 0.00, 15.94, 27705, 27109, 491, 37.0, , 1
Java, k-nucleotide, 2,  326.64, 53.34, 45.26, 0.00, 15.65, 27135, 26567, 483, 36.0, , 1
Java, k-nucleotide, 2,  334.76, 54.77, 46.53, 0.00, 16.03, 27882, 27366, 431, 37.0, , 1
Java, k-nucleotide, 2,  331.90, 54.43, 46.23, 0.00, 15.96, 27757, 27145, 476, 36.0, , 1
Java, k-nucleotide, 2,  332.16, 54.28, 46.12, 0.00, 15.89, 27624, 26944, 461, 37.0, , 1
Java, k-nucleotide, 2,  332.88, 54.40, 46.26, 0.00, 15.95, 27738, 27199, 450, 37.0, , 1
Java, mandelbrot, 2,  332.05, 54.81, 46.42, 0.00, 14.11, 27904, 27713, 88, 37.0, , 1
Java, mandelbrot, 2,  326.76, 54.25, 45.97, 0.00, 13.97, 27633, 27454, 99, 37.0, , 1
Java, mandelbrot, 2,  333.46, 54.60, 46.25, 0.00, 14.06, 27801, 27571, 110, 37.0, , 1
Java, mandelbrot, 2,  334.33, 55.03, 46.60, 0.00, 14.15, 28001, 27822, 98, 37.0, , 1
Java, mandelbrot, 2,  329.65, 53.51, 45.39, 0.00, 13.79, 27282, 27085, 103, 38.0, , 1
Java, mandelbrot, 2,  329.22, 53.68, 45.54, 0.00, 13.83, 27368, 27175, 96, 37.0, , 1
Java, mandelbrot, 2,  330.92, 54.12, 45.88, 0.00, 13.94, 27573, 27399, 95, 37.0, , 1
Java, mandelbrot, 2,  328.65, 53.61, 45.45, 0.00, 13.82, 27341, 27157, 97, 38.0, , 1
Java, mandelbrot, 2,  327.53, 53.30, 45.23, 0.00, 13.73, 27165, 26970, 111, 38.0, , 1
Java, mandelbrot, 2,  329.31, 53.58, 45.46, 0.00, 13.81, 27316, 27121, 110, 37.0, , 1
Java, mandelbrot, 2,  326.51, 53.95, 45.75, 0.00, 13.90, 27489, 27310, 91, 37.0, , 1
Java, mandelbrot, 2,  326.31, 53.49, 45.37, 0.00, 13.78, 27272, 27113, 86, 37.0, , 1
Java, mandelbrot, 2,  324.02, 53.25, 45.17, 0.00, 13.72, 27152, 26988, 94, 37.0, , 1
Java, mandelbrot, 2,  330.55, 54.40, 46.09, 0.00, 14.01, 27700, 27489, 86, 37.0, , 1
Java, mandelbrot, 2,  327.17, 53.96, 45.74, 0.00, 13.89, 27487, 27306, 101, 37.0, , 1
Java, mandelbrot, 2,  332.23, 54.92, 46.52, 0.00, 14.13, 27951, 27756, 111, 37.0, , 1
Java, mandelbrot, 2,  332.53, 55.50, 47.03, 0.00, 14.26, 28219, 28051, 89, 38.0, , 1
Java, mandelbrot, 2,  333.20, 55.40, 46.95, 0.00, 14.27, 28221, 28018, 105, 37.0, , 1
Java, mandelbrot, 2,  335.19, 55.49, 47.03, 0.00, 14.29, 28256, 28043, 108, 37.0, , 1
Java, mandelbrot, 2,  328.80, 54.32, 46.05, 0.00, 14.01, 27711, 27428, 92, 37.0, , 1
Java, n-body, 2,  118.14, 19.62, 16.60, 0.00, 5.03, 9963, 9907, 27, 38.0, , 1
Java, n-body, 2,  119.50, 20.12, 17.00, 0.00, 5.15, 10202, 10140, 35, 37.0, , 1
Java, n-body, 2,  121.85, 20.69, 17.50, 0.00, 5.29, 10481, 10421, 35, 37.0, , 1
Java, n-body, 2,  119.63, 20.12, 16.99, 0.00, 5.18, 10246, 10164, 36, 36.0, , 1
Java, n-body, 2,  119.23, 20.29, 17.15, 0.00, 5.19, 10275, 10204, 33, 37.0, , 1
Java, n-body, 2,  121.91, 20.42, 17.25, 0.00, 5.23, 10354, 10283, 36, 37.0, , 1
Java, n-body, 2,  120.76, 20.20, 17.06, 0.00, 5.20, 10298, 10218, 27, 37.0, , 1
Java, n-body, 2,  121.98, 20.24, 17.10, 0.00, 5.19, 10260, 10188, 37, 36.0, , 1
Java, n-body, 2,  122.17, 20.39, 17.22, 0.00, 5.23, 10341, 10270, 36, 38.0, , 1
Java, n-body, 2,  121.16, 20.06, 16.94, 0.00, 5.15, 10201, 10134, 40, 37.0, , 1
Java, n-body, 2,  120.20, 20.02, 16.91, 0.00, 5.14, 10165, 10110, 35, 37.0, , 1
Java, n-body, 2,  119.64, 19.90, 16.82, 0.00, 5.11, 10114, 10053, 40, 36.0, , 1
Java, n-body, 2,  120.06, 20.04, 16.94, 0.00, 5.15, 10190, 10117, 38, 37.0, , 1
Java, n-body, 2,  117.19, 19.29, 16.33, 0.00, 4.96, 9815, 9757, 36, 37.0, , 1
Java, n-body, 2,  118.84, 19.68, 16.65, 0.00, 5.06, 10008, 9938, 39, 38.0, , 1
Java, n-body, 2,  120.47, 20.05, 16.95, 0.00, 5.14, 10176, 10103, 43, 37.0, , 1
Java, n-body, 2,  121.80, 20.11, 16.99, 0.00, 5.16, 10199, 10129, 35, 37.0, , 1
Java, n-body, 2,  117.21, 19.20, 16.26, 0.00, 4.95, 9798, 9732, 35, 37.0, , 1
Java, n-body, 2,  118.15, 19.45, 16.47, 0.00, 5.00, 9896, 9816, 34, 37.0, , 1
Java, n-body, 2,  117.59, 19.34, 16.38, 0.00, 4.97, 9843, 9791, 32, 37.0, , 1
Java, regex-redux, 2,  360.23, 58.68, 49.57, 0.00, 16.46, 29841, 29045, 701, 37.0, , 1
Java, regex-redux, 2,  361.17, 59.07, 49.90, 0.00, 16.54, 29999, 29183, 688, 37.0, , 1
Java, regex-redux, 2,  368.31, 60.51, 51.11, 0.00, 16.93, 30788, 29994, 685, 38.0, , 1
Java, regex-redux, 2,  364.75, 59.47, 50.24, 0.00, 16.65, 30243, 29481, 674, 37.0, , 1
Java, regex-redux, 2,  370.66, 60.31, 50.96, 0.00, 16.88, 30670, 29872, 704, 36.0, , 1
Java, regex-redux, 2,  370.56, 59.99, 50.68, 0.00, 16.82, 30527, 29695, 686, 37.0, , 1
Java, regex-redux, 2,  373.65, 61.10, 51.64, 0.00, 17.06, 31019, 30223, 687, 36.0, , 1
Java, regex-redux, 2,  373.36, 60.74, 51.31, 0.00, 17.03, 30934, 30138, 691, 38.0, , 1
Java, regex-redux, 2,  370.65, 59.78, 50.51, 0.00, 16.76, 30419, 29634, 688, 37.0, , 1
Java, regex-redux, 2,  363.03, 58.54, 49.46, 0.00, 16.43, 29765, 28942, 694, 36.0, , 1
Java, regex-redux, 2,  364.17, 59.17, 50.00, 0.00, 16.60, 30098, 29186, 691, 36.0, , 1
Java, regex-redux, 2,  366.93, 59.81, 50.53, 0.00, 16.75, 30421, 29647, 682, 38.0, , 1
Java, regex-redux, 2,  373.33, 61.20, 51.74, 0.00, 17.11, 31124, 30321, 698, 36.0, , 1
Java, regex-redux, 2,  368.90, 60.56, 51.19, 0.00, 16.97, 30839, 30041, 690, 37.0, , 1
Java, regex-redux, 2,  364.82, 59.44, 50.21, 0.00, 16.67, 30250, 29476, 670, 37.0, , 1
Java, regex-redux, 2,  363.73, 59.27, 50.10, 0.00, 16.61, 30132, 29379, 664, 37.0, , 1
Java, regex-redux, 2,  367.50, 60.24, 50.90, 0.00, 16.87, 30639, 29833, 704, 37.0, , 1
Java, regex-redux, 2,  363.58, 59.42, 50.21, 0.00, 16.67, 30230, 29461, 661, 37.0, , 1
Java, regex-redux, 2,  361.39, 58.85, 49.72, 0.00, 16.51, 29938, 29138, 682, 37.0, , 1
Java, regex-redux, 2,  367.30, 59.80, 50.51, 0.00, 16.76, 30415, 29653, 671, 36.0, , 1
Java, reverse-complement, 2,  25.88, 4.09, 3.43, 0.00, 1.54, 2074, 1309, 758, 37.0, , 1
Java, reverse-complement, 2,  25.51, 4.01, 3.35, 0.00, 1.51, 2040, 1262, 771, 38.0, , 1
Java, reverse-complement, 2,  25.61, 4.06, 3.39, 0.00, 1.51, 2065, 1320, 737, 37.0, , 1
Java, reverse-complement, 2,  25.43, 3.99, 3.33, 0.00, 1.50, 2032, 1268, 756, 37.0, , 1
Java, reverse-complement, 2,  25.37, 4.02, 3.36, 0.00, 1.51, 2047, 1297, 742, 38.0, , 1
Java, reverse-complement, 2,  25.36, 4.03, 3.37, 0.00, 1.51, 2050, 1299, 744, 37.0, , 1
Java, reverse-complement, 2,  25.67, 4.08, 3.41, 0.00, 1.52, 2067, 1284, 777, 38.0, , 1
Java, reverse-complement, 2,  25.77, 4.00, 3.34, 0.00, 1.52, 2063, 1303, 751, 37.0, , 1
Java, reverse-complement, 2,  24.98, 3.89, 3.25, 0.00, 1.48, 1985, 1228, 747, 36.0, , 1
Java, reverse-complement, 2,  25.92, 4.00, 3.34, 0.00, 1.51, 2033, 1262, 751, 37.0, , 1
Java, reverse-complement, 2,  25.58, 3.98, 3.32, 0.00, 1.51, 2051, 1256, 751, 36.0, , 1
Java, reverse-complement, 2,  25.11, 3.93, 3.29, 0.00, 1.48, 1986, 1233, 742, 36.0, , 1
Java, reverse-complement, 2,  24.98, 3.91, 3.27, 0.00, 1.48, 1984, 1253, 724, 37.0, , 1
Java, reverse-complement, 2,  24.82, 3.89, 3.25, 0.00, 1.47, 1968, 1240, 714, 38.0, , 1
Java, reverse-complement, 2,  25.83, 4.07, 3.40, 0.00, 1.52, 2063, 1315, 739, 37.0, , 1
Java, reverse-complement, 2,  25.38, 4.06, 3.39, 0.00, 1.51, 2057, 1283, 766, 37.0, , 1
Java, reverse-complement, 2,  25.42, 4.00, 3.35, 0.00, 1.52, 2044, 1263, 773, 37.0, , 1
Java, reverse-complement, 2,  25.49, 4.01, 3.35, 0.00, 1.50, 2038, 1287, 744, 38.0, , 1
Java, reverse-complement, 2,  25.76, 4.08, 3.41, 0.00, 1.53, 2074, 1291, 758, 37.0, , 1
Java, reverse-complement, 2,  25.71, 4.06, 3.39, 0.00, 1.51, 2061, 1287, 767, 37.0, , 1
Java, spectral-norm, 2,  49.30, 8.07, 6.84, 0.00, 2.09, 4106, 4053, 40, 37.0, , 1
Java, spectral-norm, 2,  48.67, 7.99, 6.76, 0.00, 2.07, 4069, 4019, 37, 37.0, , 1
Java, spectral-norm, 2,  49.57, 8.13, 6.88, 0.00, 2.11, 4145, 4079, 35, 37.0, , 1
Java, spectral-norm, 2,  49.93, 8.18, 6.92, 0.00, 2.12, 4162, 4103, 38, 37.0, , 1
Java, spectral-norm, 2,  49.58, 8.10, 6.86, 0.00, 2.10, 4123, 4063, 46, 37.0, , 1
Java, spectral-norm, 2,  50.14, 8.26, 6.99, 0.00, 2.14, 4196, 4131, 45, 36.0, , 1
Java, spectral-norm, 2,  51.15, 8.42, 7.12, 0.00, 2.18, 4290, 4236, 41, 38.0, , 1
Java, spectral-norm, 2,  50.71, 8.40, 7.10, 0.00, 2.18, 4279, 4204, 50, 37.0, , 1
Java, spectral-norm, 2,  50.90, 8.29, 7.02, 0.00, 2.15, 4220, 4165, 42, 37.0, , 1
Java, spectral-norm, 2,  48.12, 7.81, 6.61, 0.00, 2.03, 3989, 3912, 44, 37.0, , 1
Java, spectral-norm, 2,  50.21, 8.24, 6.98, 0.00, 2.13, 4189, 4135, 43, 38.0, , 1
Java, spectral-norm, 2,  49.22, 8.06, 6.82, 0.00, 2.09, 4102, 4049, 40, 37.0, , 1
Java, spectral-norm, 2,  49.70, 8.23, 6.96, 0.00, 2.13, 4193, 4142, 39, 38.0, , 1
Java, spectral-norm, 2,  49.16, 8.20, 6.93, 0.00, 2.12, 4173, 4119, 43, 38.0, , 1
Java, spectral-norm, 2,  49.59, 8.23, 6.97, 0.00, 2.13, 4187, 4139, 35, 37.0, , 1
Java, spectral-norm, 2,  48.93, 8.04, 6.80, 0.00, 2.08, 4096, 4049, 34, 37.0, , 1
Java, spectral-norm, 2,  49.29, 8.07, 6.84, 0.00, 2.09, 4108, 4035, 42, 37.0, , 1
Java, spectral-norm, 2,  48.95, 7.95, 6.74, 0.00, 2.07, 4060, 4016, 33, 37.0, , 1
Java, spectral-norm, 2,  48.78, 8.05, 6.81, 0.00, 2.08, 4091, 4033, 44, 38.0, , 1
Java, spectral-norm, 2,  49.50, 8.18, 6.92, 0.00, 2.12, 4168, 4115, 33, 37.0, , 1
Python, binary-trees, 2,  2826.32, 461.66, 390.68, 0.00, 131.36, 235153, 230275, 4030, 37.0, , 1
Python, binary-trees, 2,  2812.30, 459.24, 388.65, 0.00, 130.93, 233920, 229093, 3994, 38.0, , 1
Python, binary-trees, 2,  2763.40, 451.72, 382.16, 0.00, 128.91, 230071, 225341, 3800, 37.0, , 1
Python, binary-trees, 2,  2753.08, 448.19, 378.93, 0.00, 127.84, 228120, 223204, 4093, 37.0, , 1
Python, binary-trees, 2,  2763.50, 449.10, 379.70, 0.00, 128.18, 228549, 223580, 4057, 37.0, , 1
Python, binary-trees, 2,  2770.68, 450.30, 380.72, 0.00, 128.49, 229169, 224450, 3958, 37.0, , 1
Python, binary-trees, 2,  2786.20, 453.62, 383.53, 0.00, 129.46, 230916, 226016, 4058, 37.0, , 1
Python, binary-trees, 2,  2817.13, 460.71, 389.86, 0.00, 131.13, 234656, 229660, 4036, 37.0, , 1
Python, binary-trees, 2,  2793.08, 456.35, 386.04, 0.00, 130.12, 232378, 227497, 4016, 37.0, , 1
Python, binary-trees, 2,  2809.94, 457.78, 387.34, 0.00, 130.73, 233212, 227082, 3842, 37.0, , 1
Python, binary-trees, 2,  2708.90, 439.80, 371.67, 0.00, 125.77, 223756, 219213, 3668, 37.0, , 1
Python, binary-trees, 2,  2760.57, 449.51, 380.08, 0.00, 128.25, 228752, 224035, 3919, 37.0, , 1
Python, binary-trees, 2,  2774.51, 452.85, 382.94, 0.00, 129.16, 230516, 225559, 4045, 37.0, , 1
Python, binary-trees, 2,  2801.64, 457.24, 386.69, 0.00, 130.19, 232756, 227997, 3944, 38.0, , 1
Python, binary-trees, 2,  2789.98, 454.01, 383.79, 0.00, 129.65, 231059, 225992, 3887, 37.0, , 1
Python, binary-trees, 2,  2759.38, 449.06, 379.61, 0.00, 128.19, 228515, 223713, 3870, 38.0, , 1
Python, binary-trees, 2,  2780.96, 455.01, 384.71, 0.00, 129.69, 231636, 226898, 3909, 37.0, , 1
Python, binary-trees, 2,  2806.76, 460.11, 389.30, 0.00, 130.96, 234324, 229531, 3836, 37.0, , 1
Python, binary-trees, 2,  2784.49, 455.09, 385.02, 0.00, 129.69, 231751, 226990, 3957, 37.0, , 1
Python, binary-trees, 2,  2765.89, 453.48, 383.48, 0.00, 129.58, 230849, 225966, 4049, 37.0, , 1
Python, fannkuch-redux, 2,  28886.49, 4791.92, 4064.61, 0.00, 1228.77, 2441864, 2433682, 79, 38.0, , 1
Python, fannkuch-redux, 2,  29425.17, 4866.63, 4132.11, 0.00, 1249.15, 2482341, 2474085, 64, 38.0, , 1
Python, fannkuch-redux, 2,  29091.00, 4806.37, 4076.60, 0.00, 1232.54, 2449179, 2440948, 75, 37.0, , 1
Python, fannkuch-redux, 2,  28837.12, 4772.12, 4047.38, 0.00, 1223.75, 2431739, 2423114, 86, 37.0, , 1
Python, fannkuch-redux, 2,  29559.46, 4866.45, 4127.73, 0.00, 1248.09, 2479969, 2471456, 85, 38.0, , 1
Python, fannkuch-redux, 2,  28531.96, 4701.12, 3987.03, 0.00, 1205.54, 2395325, 2385431, 69, 37.0, , 1
Python, fannkuch-redux, 2,  27988.25, 4625.47, 3920.08, 0.00, 1185.21, 2355102, 2347384, 61, 38.0, , 1
Python, fannkuch-redux, 2,  28021.09, 4629.11, 3921.82, 0.00, 1186.76, 2355978, 2343043, 72, 38.0, , 1
Python, fannkuch-redux, 2,  28452.81, 4705.43, 3985.85, 0.00, 1205.43, 2394593, 2386802, 52, 38.0, , 1
Python, fannkuch-redux, 2,  27604.65, 4574.66, 3873.38, 0.00, 1171.52, 2327181, 2319528, 57, 38.0, , 1
Python, fannkuch-redux, 2,  27761.87, 4553.43, 3853.43, 0.00, 1165.66, 2315415, 2306229, 91, 38.0, , 1
Python, fannkuch-redux, 2,  27214.35, 4476.74, 3788.64, 0.00, 1145.94, 2276458, 2269374, 70, 38.0, , 1
Python, fannkuch-redux, 2,  27384.65, 4511.74, 3819.87, 0.00, 1155.34, 2295077, 2287740, 68, 38.0, , 1
Python, fannkuch-redux, 2,  27668.76, 4541.18, 3845.87, 0.00, 1162.66, 2309673, 2302354, 52, 33.0, , 1
Python, fannkuch-redux, 2,  29287.57, 4855.85, 4115.64, 0.00, 1243.63, 2470491, 2462298, 43, 31.0, , 1
Python, fannkuch-redux, 2,  29147.18, 4821.36, 4090.17, 0.00, 1235.76, 2454853, 2446455, 80, 31.0, , 1
Python, fannkuch-redux, 2,  29519.39, 4877.90, 4141.42, 0.00, 1251.13, 2485352, 2476910, 96, 30.0, , 1
Python, fannkuch-redux, 2,  29391.00, 4870.40, 4131.23, 0.00, 1248.19, 2479561, 2471053, 77, 30.0, , 1
Python, fannkuch-redux, 2,  28576.24, 4702.86, 3986.83, 0.00, 1204.50, 2392756, 2384875, 86, 31.0, , 1
Python, fannkuch-redux, 2,  28515.48, 4671.82, 3958.38, 0.00, 1195.91, 2375682, 2367889, 60, 31.0, , 1
Python, fasta, 2,  1346.17, 220.90, 187.10, 0.00, 56.51, 112268, 111758, 52, 31.0, , 1
Python, fasta, 2,  1378.56, 225.53, 190.98, 0.00, 57.68, 114613, 114205, 79, 30.0, , 1
Python, fasta, 2,  1330.55, 218.29, 184.87, 0.00, 55.85, 110955, 110551, 74, 30.0, , 1
Python, fasta, 2,  1335.39, 219.16, 185.59, 0.00, 56.05, 111361, 110941, 71, 30.0, , 1
Python, fasta, 2,  1326.58, 216.15, 183.13, 0.00, 55.33, 109926, 109509, 52, 31.0, , 1
Python, fasta, 2,  1338.26, 218.47, 185.01, 0.00, 55.88, 111025, 110494, 62, 30.0, , 1
Python, fasta, 2,  1348.48, 220.47, 186.71, 0.00, 56.38, 112012, 111593, 71, 31.0, , 1
Python, fasta, 2,  1379.31, 226.13, 191.53, 0.00, 57.86, 114931, 114517, 60, 30.0, , 1
Python, fasta, 2,  1368.27, 224.04, 189.74, 0.00, 57.31, 113844, 113409, 84, 30.0, , 1
Python, fasta, 2,  1349.72, 220.84, 186.90, 0.00, 56.45, 112139, 111718, 63, 31.0, , 1
Python, fasta, 2,  1355.45, 221.86, 187.55, 0.00, 56.72, 112670, 112120, 70, 31.0, , 1
Python, fasta, 2,  1360.81, 223.70, 189.31, 0.00, 57.18, 113588, 113161, 89, 31.0, , 1
Python, fasta, 2,  1353.72, 221.93, 187.78, 0.00, 56.73, 112684, 112291, 75, 32.0, , 1
Python, fasta, 2,  1362.65, 223.84, 189.52, 0.00, 57.24, 113700, 113298, 66, 30.0, , 1
Python, fasta, 2,  1345.87, 220.75, 186.87, 0.00, 56.44, 112131, 111756, 64, 30.0, , 1
Python, fasta, 2,  1355.24, 222.93, 188.79, 0.00, 57.02, 113275, 112872, 67, 30.0, , 1
Python, fasta, 2,  1374.16, 225.52, 190.96, 0.00, 57.70, 114622, 114079, 74, 30.0, , 1
Python, fasta, 2,  1365.30, 224.16, 189.88, 0.00, 57.34, 113912, 113513, 60, 31.0, , 1
Python, fasta, 2,  1365.85, 224.36, 190.03, 0.00, 57.41, 114035, 113606, 72, 30.0, , 1
Python, fasta, 2,  1362.06, 223.92, 189.61, 0.00, 57.27, 113759, 113332, 70, 30.0, , 1
Python, k-nucleotide, 2,  4228.31, 682.69, 579.59, 0.00, 218.39, 346942, 343981, 1772, 31.0, , 1
Python, k-nucleotide, 2,  4187.84, 674.29, 572.68, 0.00, 215.72, 342873, 339790, 1764, 30.0, , 1
Python, k-nucleotide, 2,  4246.76, 680.86, 577.94, 0.00, 217.57, 346017, 342913, 1748, 30.0, , 1
Python, k-nucleotide, 2,  4306.74, 691.27, 587.16, 0.00, 220.52, 351551, 348554, 1766, 30.0, , 1
Python, k-nucleotide, 2,  4213.25, 679.35, 576.49, 0.00, 216.02, 345250, 342013, 1782, 30.0, , 1
Python, k-nucleotide, 2,  4142.67, 666.61, 565.66, 0.00, 213.73, 338736, 335871, 1724, 30.0, , 1
Python, k-nucleotide, 2,  4227.06, 683.32, 580.99, 0.00, 218.40, 347777, 344692, 1743, 30.0, , 1
Python, k-nucleotide, 2,  4798.71, 771.61, 653.71, 0.00, 243.02, 392691, 343658, 1939, 31.0, , 1
Python, k-nucleotide, 2,  4249.41, 682.94, 577.50, 0.00, 212.11, 347344, 337260, 2291, 30.0, , 1
Python, k-nucleotide, 2,  4242.33, 683.98, 581.32, 0.00, 219.38, 348068, 344932, 1822, 30.0, , 1
Python, k-nucleotide, 2,  4332.72, 701.88, 596.81, 0.00, 224.59, 357290, 354185, 1833, 30.0, , 1
Python, k-nucleotide, 2,  4375.07, 707.04, 600.77, 0.00, 225.66, 359701, 356502, 1845, 31.0, , 1
Python, k-nucleotide, 2,  4215.96, 677.77, 575.06, 0.00, 216.32, 344490, 341422, 1757, 30.0, , 1
Python, k-nucleotide, 2,  4229.30, 679.24, 576.24, 0.00, 217.15, 345030, 342029, 1711, 30.0, , 1
Python, k-nucleotide, 2,  4201.41, 673.81, 571.79, 0.00, 216.40, 342341, 339207, 1779, 30.0, , 1
Python, k-nucleotide, 2,  4292.11, 693.62, 589.20, 0.00, 220.57, 352800, 349728, 1794, 30.0, , 1
Python, k-nucleotide, 2,  4195.69, 671.84, 570.39, 0.00, 216.52, 341552, 338596, 1689, 30.0, , 1
Python, k-nucleotide, 2,  4224.95, 678.10, 575.32, 0.00, 217.47, 344400, 341522, 1702, 30.0, , 1
Python, k-nucleotide, 2,  4326.35, 694.92, 590.26, 0.00, 222.66, 353351, 350175, 1792, 30.0, , 1
Python, k-nucleotide, 2,  4252.40, 684.17, 580.67, 0.00, 219.58, 347566, 344667, 1707, 30.0, , 1
Python, mandelbrot, 2,  15644.83, 2570.55, 2182.68, 0.00, 659.41, 1309962, 1305435, 56, 31.0, , 1
Python, mandelbrot, 2,  15544.18, 2553.68, 2168.31, 0.00, 655.12, 1301538, 1296880, 61, 32.0, , 1
Python, mandelbrot, 2,  15123.88, 2475.04, 2100.94, 0.00, 634.70, 1260944, 1256436, 65, 31.0, , 1
Python, mandelbrot, 2,  15121.91, 2480.18, 2105.43, 0.00, 636.08, 1263700, 1259146, 80, 30.0, , 1
Python, mandelbrot, 2,  15240.53, 2502.01, 2122.73, 0.00, 641.19, 1274011, 1269684, 57, 31.0, , 1
Python, mandelbrot, 2,  15159.50, 2487.85, 2110.77, 0.00, 637.58, 1266824, 1262465, 58, 32.0, , 1
Python, mandelbrot, 2,  15033.28, 2477.10, 2100.85, 0.00, 634.72, 1261166, 1256695, 71, 33.0, , 1
Python, mandelbrot, 2,  14554.22, 2385.09, 2023.66, 0.00, 611.73, 1215324, 1211293, 65, 35.0, , 1
Python, mandelbrot, 2,  14631.79, 2387.83, 2028.45, 0.00, 613.30, 1218358, 1214134, 62, 36.0, , 1
Python, mandelbrot, 2,  14599.33, 2391.51, 2030.84, 0.00, 614.31, 1219875, 1214470, 50, 36.0, , 1
Python, mandelbrot, 2,  14583.47, 2399.21, 2037.14, 0.00, 615.99, 1223695, 1219536, 56, 36.0, , 1
Python, mandelbrot, 2,  14346.79, 2367.53, 2008.35, 0.00, 607.36, 1206515, 1202446, 54, 36.0, , 1
Python, mandelbrot, 2,  14642.07, 2419.07, 2051.07, 0.00, 620.31, 1232226, 1227883, 68, 36.0, , 1
Python, mandelbrot, 2,  14537.57, 2401.00, 2035.19, 0.00, 615.54, 1222812, 1218710, 49, 38.0, , 1
Python, mandelbrot, 2,  14700.03, 2417.90, 2050.24, 0.00, 620.01, 1231626, 1227648, 49, 37.0, , 1
Python, mandelbrot, 2,  14261.00, 2341.13, 1983.43, 0.00, 599.92, 1191761, 1187892, 43, 37.0, , 1
Python, mandelbrot, 2,  14298.23, 2346.53, 1987.89, 0.00, 601.13, 1194209, 1190321, 52, 38.0, , 1
Python, mandelbrot, 2,  14279.26, 2339.62, 1982.86, 0.00, 599.63, 1191159, 1187120, 55, 38.0, , 1
Python, mandelbrot, 2,  14833.12, 2416.83, 2049.13, 0.00, 619.74, 1231168, 1227107, 47, 38.0, , 1
Python, mandelbrot, 2,  14763.48, 2417.38, 2049.98, 0.00, 619.98, 1231580, 1227141, 35, 37.0, , 1
Python, n-body, 2,  8089.91, 1328.79, 1127.46, 0.00, 340.89, 677356, 675016, 25, 38.0, , 1
Python, n-body, 2,  8096.15, 1329.78, 1127.77, 0.00, 340.98, 677593, 675382, 28, 37.0, , 1
Python, n-body, 2,  8024.68, 1316.00, 1116.27, 0.00, 337.51, 670676, 668501, 21, 37.0, , 1
Python, n-body, 2,  8311.27, 1360.79, 1154.31, 0.00, 349.00, 693508, 691116, 24, 37.0, , 1
Python, n-body, 2,  8612.33, 1412.44, 1198.08, 0.00, 362.24, 719847, 717374, 19, 37.0, , 1
Python, n-body, 2,  8052.33, 1323.66, 1122.57, 0.00, 339.48, 674564, 670443, 166, 38.0, , 1
Python, n-body, 2,  8362.67, 1372.95, 1164.30, 0.00, 352.04, 699566, 697254, 19, 38.0, , 1
Python, n-body, 2,  8378.33, 1396.20, 1183.69, 0.00, 357.89, 711082, 708678, 21, 38.0, , 1
Python, n-body, 2,  8354.10, 1374.25, 1165.63, 0.00, 352.53, 700379, 698120, 20, 38.0, , 1
Python, n-body, 2,  8075.26, 1327.82, 1126.26, 0.00, 340.62, 676697, 674304, 28, 37.0, , 1
Python, n-body, 2,  8095.78, 1333.62, 1131.38, 0.00, 342.16, 679746, 677428, 12, 38.0, , 1
Python, n-body, 2,  8095.34, 1327.58, 1126.08, 0.00, 340.59, 676608, 674255, 25, 38.0, , 1
Python, n-body, 2,  8130.99, 1333.80, 1131.43, 0.00, 342.18, 679825, 677638, 21, 37.0, , 1
Python, n-body, 2,  7949.35, 1305.48, 1106.97, 0.00, 334.83, 665165, 662886, 19, 38.0, , 1
Python, n-body, 2,  7812.80, 1274.22, 1079.64, 0.00, 326.52, 648683, 646568, 28, 38.0, , 1
Python, n-body, 2,  7920.11, 1294.39, 1097.06, 0.00, 331.80, 659202, 657077, 15, 38.0, , 1
Python, n-body, 2,  8025.88, 1318.44, 1118.31, 0.00, 338.21, 671940, 669725, 20, 38.0, , 1
Python, n-body, 2,  7981.10, 1309.20, 1110.26, 0.00, 335.81, 667179, 665055, 19, 37.0, , 1
Python, n-body, 2,  8444.24, 1392.96, 1181.31, 0.00, 357.26, 709746, 707265, 18, 38.0, , 1
Python, n-body, 2,  8310.65, 1370.52, 1162.12, 0.00, 351.47, 698243, 695847, 37, 38.0, , 1
Python, regex-redux, 2,  402.69, 65.64, 55.51, 0.00, 17.77, 33364, 32088, 1149, 38.0, , 1
Python, regex-redux, 2,  407.67, 66.60, 56.33, 0.00, 18.03, 33859, 32613, 1104, 38.0, , 1
Python, regex-redux, 2,  406.65, 66.55, 56.29, 0.00, 18.02, 33841, 32582, 1146, 38.0, , 1
Python, regex-redux, 2,  409.91, 67.43, 57.09, 0.00, 18.24, 34295, 33027, 1165, 38.0, , 1
Python, regex-redux, 2,  412.20, 67.44, 57.08, 0.00, 18.26, 34315, 33053, 1147, 38.0, , 1
Python, regex-redux, 2,  413.19, 67.44, 57.10, 0.00, 18.28, 34329, 33041, 1136, 38.0, , 1
Python, regex-redux, 2,  403.63, 65.70, 55.55, 0.00, 17.80, 33410, 32220, 1105, 38.0, , 1
Python, regex-redux, 2,  408.63, 66.82, 56.56, 0.00, 18.11, 33972, 32699, 1136, 38.0, , 1
Python, regex-redux, 2,  412.06, 67.70, 57.30, 0.00, 18.33, 34436, 33137, 1187, 38.0, , 1
Python, regex-redux, 2,  412.72, 67.56, 57.18, 0.00, 18.30, 34384, 33078, 1179, 38.0, , 1
Python, regex-redux, 2,  411.59, 67.15, 56.79, 0.00, 18.19, 34143, 32781, 1156, 38.0, , 1
Python, regex-redux, 2,  408.33, 66.89, 56.60, 0.00, 18.12, 34030, 32796, 1108, 38.0, , 1
Python, regex-redux, 2,  404.65, 66.49, 56.26, 0.00, 18.03, 33831, 32514, 1184, 38.0, , 1
Python, regex-redux, 2,  405.45, 66.01, 55.82, 0.00, 17.88, 33553, 32344, 1115, 38.0, , 1
Python, regex-redux, 2,  403.73, 66.10, 55.90, 0.00, 17.90, 33600, 32346, 1121, 38.0, , 1
Python, regex-redux, 2,  406.45, 66.36, 56.11, 0.00, 17.97, 33733, 32489, 1130, 38.0, , 1
Python, regex-redux, 2,  406.07, 66.04, 55.85, 0.00, 17.90, 33588, 32391, 1074, 38.0, , 1
Python, regex-redux, 2,  402.13, 65.58, 55.45, 0.00, 17.77, 33339, 32116, 1140, 38.0, , 1
Python, regex-redux, 2,  403.60, 65.76, 55.59, 0.00, 17.83, 33429, 32138, 1154, 38.0, , 1
Python, regex-redux, 2,  404.15, 65.78, 55.63, 0.00, 17.83, 33445, 32169, 1142, 38.0, , 1
Python, reverse-complement, 2,  63.89, 10.42, 8.82, 0.00, 3.12, 5294, 4253, 1017, 38.0, , 1
Python, reverse-complement, 2,  65.22, 10.53, 8.91, 0.00, 3.14, 5352, 4252, 1086, 38.0, , 1
Python, reverse-complement, 2,  65.54, 10.57, 8.94, 0.00, 3.16, 5386, 4308, 1065, 37.0, , 1
Python, reverse-complement, 2,  65.01, 10.60, 8.97, 0.00, 3.16, 5388, 4297, 1076, 38.0, , 1
Python, reverse-complement, 2,  65.82, 10.59, 8.96, 0.00, 3.16, 5386, 4273, 1098, 38.0, , 1
Python, reverse-complement, 2,  64.00, 10.30, 8.71, 0.00, 3.08, 5235, 4208, 1012, 38.0, , 1
Python, reverse-complement, 2,  63.93, 10.41, 8.80, 0.00, 3.11, 5289, 4241, 1034, 38.0, , 1
Python, reverse-complement, 2,  64.67, 10.49, 8.87, 0.00, 3.14, 5342, 4281, 1046, 38.0, , 1
Python, reverse-complement, 2,  65.73, 10.54, 8.92, 0.00, 3.16, 5363, 4263, 1076, 38.0, , 1
Python, reverse-complement, 2,  65.70, 10.63, 8.99, 0.00, 3.18, 5411, 4409, 986, 38.0, , 1
Python, reverse-complement, 2,  65.06, 10.52, 8.90, 0.00, 3.14, 5344, 4281, 1046, 38.0, , 1
Python, reverse-complement, 2,  65.21, 10.53, 8.91, 0.00, 3.15, 5357, 4202, 1120, 38.0, , 1
Python, reverse-complement, 2,  65.19, 10.58, 8.95, 0.00, 3.16, 5378, 4293, 1061, 38.0, , 1
Python, reverse-complement, 2,  64.49, 10.46, 8.84, 0.00, 3.13, 5312, 4297, 1001, 38.0, , 1
Python, reverse-complement, 2,  66.08, 10.82, 9.15, 0.00, 3.22, 5492, 4449, 1027, 38.0, , 1
Python, reverse-complement, 2,  67.38, 10.89, 9.21, 0.00, 3.24, 5552, 4424, 1094, 38.0, , 1
Python, reverse-complement, 2,  65.76, 10.66, 9.02, 0.00, 3.18, 5422, 4242, 1164, 38.0, , 1
Python, reverse-complement, 2,  65.77, 10.62, 8.99, 0.00, 3.18, 5409, 4216, 1165, 38.0, , 1
Python, reverse-complement, 2,  65.53, 10.64, 9.00, 0.00, 3.17, 5411, 4380, 1015, 38.0, , 1
Python, reverse-complement, 2,  64.44, 10.41, 8.80, 0.00, 3.11, 5299, 4218, 1052, 38.0, , 1
Python, spectral-norm, 2,  9966.79, 1642.94, 1390.73, 0.00, 420.92, 835549, 831506, 153, 38.0, , 1
Python, spectral-norm, 2,  9917.89, 1634.54, 1383.20, 0.00, 418.63, 830971, 828201, 165, 38.0, , 1
Python, spectral-norm, 2,  9991.50, 1647.09, 1394.47, 0.00, 421.99, 837784, 834825, 162, 38.0, , 1
Python, spectral-norm, 2,  10041.73, 1649.27, 1396.24, 0.00, 422.55, 838901, 835923, 178, 38.0, , 1
Python, spectral-norm, 2,  9905.43, 1629.58, 1379.28, 0.00, 417.37, 828716, 825771, 169, 38.0, , 1
Python, spectral-norm, 2,  10033.63, 1644.34, 1392.28, 0.00, 421.37, 836584, 833194, 188, 38.0, , 1
Python, spectral-norm, 2,  9966.55, 1628.56, 1378.51, 0.00, 418.59, 828210, 817872, 159, 38.0, , 1
Python, spectral-norm, 2,  11994.47, 1934.44, 1634.07, 0.00, 524.54, 984290, 812122, 1203, 37.0, , 1
Python, spectral-norm, 2,  10019.96, 1637.86, 1387.71, 0.00, 420.01, 833629, 830493, 174, 38.0, , 1
Python, spectral-norm, 2,  9956.75, 1626.67, 1378.05, 0.00, 417.07, 827888, 824986, 186, 38.0, , 1
Python, spectral-norm, 2,  10086.26, 1648.58, 1395.67, 0.00, 424.35, 838795, 822704, 285, 38.0, , 1
Python, spectral-norm, 2,  9785.40, 1606.24, 1359.38, 0.00, 411.41, 816667, 813832, 167, 38.0, , 1
Python, spectral-norm, 2,  9771.40, 1604.27, 1357.73, 0.00, 410.96, 815731, 812882, 162, 38.0, , 1
Python, spectral-norm, 2,  9741.50, 1594.71, 1350.21, 0.00, 408.69, 811204, 808237, 184, 38.0, , 1
Python, spectral-norm, 2,  9625.49, 1575.60, 1333.59, 0.00, 403.62, 801210, 798421, 172, 38.0, , 1
Python, spectral-norm, 2,  9847.50, 1613.00, 1365.07, 0.00, 413.17, 820169, 817449, 164, 37.0, , 1
Python, spectral-norm, 2,  10274.64, 1664.09, 1408.99, 0.00, 426.45, 846488, 843503, 189, 38.0, , 1
Python, spectral-norm, 2,  10318.32, 1677.14, 1419.83, 0.00, 429.73, 853003, 849909, 185, 37.0, , 1
Python, spectral-norm, 2,  10049.13, 1643.27, 1393.49, 0.00, 421.67, 837044, 834169, 181, 35.0, , 1
Python, spectral-norm, 2,  10337.39, 1696.48, 1439.22, 0.00, 435.38, 864238, 861024, 205, 34.0, , 1
C, binary-trees, 10,  57.58, 27.51, 26.61, 0.00, 1.92, 2760, 2544, 201, 42.0, , 1
C, binary-trees, 10,  57.40, 27.41, 26.52, 0.00, 1.92, 2751, 2541, 193, 42.0, , 1
C, binary-trees, 10,  57.69, 27.41, 26.52, 0.00, 1.92, 2750, 2547, 189, 42.0, , 1
C, binary-trees, 10,  57.99, 27.54, 26.65, 0.00, 1.93, 2765, 2558, 189, 43.0, , 1
C, binary-trees, 10,  57.90, 27.58, 26.69, 0.00, 1.93, 2767, 2565, 189, 43.0, , 1
C, binary-trees, 10,  57.61, 27.36, 26.48, 0.00, 1.91, 2746, 2530, 202, 42.0, , 1
C, binary-trees, 10,  57.72, 27.40, 26.51, 0.00, 1.92, 2750, 2535, 201, 43.0, , 1
C, binary-trees, 10,  57.59, 27.44, 26.55, 0.00, 1.92, 2753, 2546, 191, 43.0, , 1
C, binary-trees, 10,  57.96, 27.47, 26.58, 0.00, 1.92, 2756, 2557, 187, 43.0, , 1
C, binary-trees, 10,  58.31, 27.43, 26.54, 0.00, 1.92, 2755, 2549, 190, 43.0, , 1
C, binary-trees, 10,  57.92, 27.31, 26.42, 0.00, 1.91, 2742, 2536, 191, 43.0, , 1
C, binary-trees, 10,  57.66, 27.30, 26.42, 0.00, 1.91, 2740, 2549, 177, 43.0, , 1
C, binary-trees, 10,  62.18, 29.60, 28.64, 0.00, 2.03, 2970, 2746, 205, 43.0, , 1
C, binary-trees, 10,  57.76, 27.52, 26.63, 0.00, 1.93, 2761, 2563, 186, 43.0, , 1
C, binary-trees, 10,  57.60, 27.43, 26.54, 0.00, 1.92, 2753, 2540, 200, 44.0, , 1
C, binary-trees, 10,  57.65, 27.53, 26.63, 0.00, 1.94, 2762, 2565, 183, 43.0, , 1
C, binary-trees, 10,  57.60, 27.44, 26.56, 0.00, 1.92, 2755, 2559, 181, 43.0, , 1
C, binary-trees, 10,  61.99, 29.47, 28.52, 0.00, 2.03, 2958, 2741, 195, 43.0, , 1
C, binary-trees, 10,  57.72, 27.49, 26.59, 0.00, 1.92, 2758, 2548, 195, 44.0, , 1
C, binary-trees, 10,  57.92, 27.52, 26.62, 0.00, 1.93, 2761, 2554, 188, 44.0, , 1
C, fannkuch-redux, 10,  147.34, 69.08, 66.85, 0.00, 3.74, 7426, 7406, 0, 44.0, , 1
C, fannkuch-redux, 10,  146.74, 69.00, 66.79, 0.00, 3.73, 7414, 7407, 0, 44.0, , 1
C, fannkuch-redux, 10,  147.08, 68.99, 66.76, 0.00, 3.74, 7422, 7405, 1, 44.0, , 1
C, fannkuch-redux, 10,  147.11, 69.21, 66.97, 0.00, 3.74, 7423, 7408, 7408, 44.0, , 1
C, fannkuch-redux, 10,  147.19, 69.20, 66.96, 0.00, 3.73, 7419, 7407, 7407, 44.0, , 1
C, fannkuch-redux, 10,  147.00, 69.06, 66.83, 0.00, 3.74, 7418, 7406, 0, 44.0, , 1
C, fannkuch-redux, 10,  146.73, 69.01, 66.78, 0.00, 3.73, 7417, 7407, 7407, 45.0, , 1
C, fannkuch-redux, 10,  146.84, 69.22, 66.99, 0.00, 3.73, 7413, 7405, 1, 44.0, , 1
C, fannkuch-redux, 10,  147.44, 69.07, 66.84, 0.00, 3.74, 7427, 7406, 0, 45.0, , 1
C, fannkuch-redux, 10,  147.31, 69.04, 66.81, 0.00, 3.74, 7419, 7408, 7408, 44.0, , 1
C, fannkuch-redux, 10,  147.47, 69.15, 66.93, 0.00, 3.73, 7417, 7407, 0, 44.0, , 1
C, fannkuch-redux, 10,  146.94, 69.55, 67.31, 0.00, 3.73, 7414, 7406, 0, 44.0, , 1
C, fannkuch-redux, 10,  146.99, 69.76, 67.53, 0.00, 3.74, 7420, 7406, 0, 45.0, , 1
C, fannkuch-redux, 10,  147.54, 69.19, 66.97, 0.00, 3.73, 7415, 7406, 0, 45.0, , 1
C, fannkuch-redux, 10,  147.14, 69.93, 67.71, 0.00, 3.73, 7414, 7407, 0, 44.0, , 1
C, fannkuch-redux, 10,  147.21, 69.60, 67.37, 0.00, 3.74, 7418, 7406, 0, 45.0, , 1
C, fannkuch-redux, 10,  147.81, 69.76, 67.53, 0.00, 3.74, 7418, 7406, 0, 45.0, , 1
C, fannkuch-redux, 10,  147.17, 69.36, 67.12, 0.00, 3.74, 7417, 7406, 0, 44.0, , 1
C, fannkuch-redux, 10,  147.24, 69.42, 67.19, 0.00, 3.74, 7427, 7406, 0, 45.0, , 1
C, fannkuch-redux, 10,  147.58, 69.34, 67.11, 0.00, 3.74, 7428, 7405, 1, 45.0, , 1
C, fasta, 10,  12.64, 5.63, 5.44, 0.00, 0.34, 663, 644, 16, 45.0, , 1
C, fasta, 10,  12.52, 5.54, 5.35, 0.00, 0.33, 661, 647, 14, 44.0, , 1
C, fasta, 10,  12.57, 5.54, 5.34, 0.00, 0.33, 662, 645, 16, 44.0, , 1
C, fasta, 10,  12.49, 5.51, 5.32, 0.00, 0.33, 661, 651, 9, 44.0, , 1
C, fasta, 10,  12.57, 5.53, 5.34, 0.00, 0.33, 661, 642, 18, 44.0, , 1
C, fasta, 10,  12.57, 5.56, 5.36, 0.00, 0.33, 662, 649, 11, 43.0, , 1
C, fasta, 10,  12.49, 5.54, 5.34, 0.00, 0.33, 662, 647, 13, 43.0, , 1
C, fasta, 10,  12.61, 5.62, 5.41, 0.00, 0.33, 662, 638, 22, 44.0, , 1
C, fasta, 10,  12.54, 5.54, 5.34, 0.00, 0.34, 662, 648, 13, 44.0, , 1
C, fasta, 10,  12.54, 5.53, 5.34, 0.00, 0.33, 661, 643, 17, 44.0, , 1
C, fasta, 10,  12.39, 5.46, 5.26, 0.00, 0.33, 662, 636, 24, 44.0, , 1
C, fasta, 10,  12.42, 5.46, 5.26, 0.00, 0.34, 662, 651, 9, 44.0, , 1
C, fasta, 10,  12.61, 5.58, 5.38, 0.00, 0.33, 661, 646, 16, 44.0, , 1
C, fasta, 10,  12.50, 5.51, 5.32, 0.00, 0.33, 660, 651, 10, 44.0, , 1
C, fasta, 10,  12.42, 5.50, 5.31, 0.00, 0.33, 661, 644, 18, 44.0, , 1
C, fasta, 10,  12.44, 5.52, 5.33, 0.00, 0.33, 661, 647, 13, 45.0, , 1
C, fasta, 10,  12.71, 5.70, 5.50, 0.00, 0.34, 666, 649, 11, 45.0, , 1
C, fasta, 10,  12.48, 5.51, 5.31, 0.00, 0.34, 662, 650, 12, 44.0, , 1
C, fasta, 10,  12.50, 5.53, 5.32, 0.00, 0.33, 662, 649, 11, 44.0, , 1
C, fasta, 10,  12.55, 5.57, 5.37, 0.00, 0.33, 662, 646, 14, 44.0, , 1
C, k-nucleotide, 10,  163.53, 78.27, 75.93, 0.00, 4.25, 7854, 7745, 100, 46.0, , 1
C, k-nucleotide, 10,  163.61, 78.52, 76.17, 0.00, 4.27, 7879, 7769, 92, 46.0, , 1
C, k-nucleotide, 10,  166.16, 79.49, 77.12, 0.00, 4.51, 7975, 7869, 92, 46.0, , 1
C, k-nucleotide, 10,  163.15, 78.44, 76.08, 0.00, 4.27, 7869, 7758, 101, 46.0, , 1
C, k-nucleotide, 10,  164.20, 78.53, 76.18, 0.00, 4.28, 7880, 7760, 106, 46.0, , 1
C, k-nucleotide, 10,  164.23, 78.33, 76.00, 0.00, 4.27, 7861, 7743, 109, 46.0, , 1
C, k-nucleotide, 10,  163.30, 78.33, 75.98, 0.00, 4.26, 7859, 7735, 115, 47.0, , 1
C, k-nucleotide, 10,  164.45, 78.47, 76.13, 0.00, 4.29, 7875, 7771, 88, 47.0, , 1
C, k-nucleotide, 10,  164.33, 78.42, 76.07, 0.00, 4.28, 7868, 7750, 105, 46.0, , 1
C, k-nucleotide, 10,  164.14, 78.45, 76.10, 0.00, 4.30, 7871, 7759, 102, 46.0, , 1
C, k-nucleotide, 10,  163.83, 78.14, 75.80, 0.00, 4.26, 7840, 7730, 98, 47.0, , 1
C, k-nucleotide, 10,  163.89, 78.29, 75.95, 0.00, 4.27, 7857, 7733, 104, 46.0, , 1
C, k-nucleotide, 10,  165.37, 78.49, 76.14, 0.00, 4.30, 7877, 7749, 105, 46.0, , 1
C, k-nucleotide, 10,  164.25, 78.28, 75.94, 0.00, 4.26, 7854, 7748, 92, 46.0, , 1
C, k-nucleotide, 10,  164.53, 78.80, 76.45, 0.00, 4.35, 7907, 7794, 103, 46.0, , 1
C, k-nucleotide, 10,  164.63, 78.53, 76.18, 0.00, 4.35, 7879, 7775, 91, 46.0, , 1
C, k-nucleotide, 10,  164.53, 78.09, 75.75, 0.00, 4.25, 7835, 7712, 103, 47.0, , 1
C, k-nucleotide, 10,  164.40, 78.15, 75.81, 0.00, 4.25, 7841, 7717, 112, 46.0, , 1
C, k-nucleotide, 10,  167.43, 79.60, 77.24, 0.00, 4.56, 7987, 7890, 87, 47.0, , 1
C, k-nucleotide, 10,  164.26, 78.28, 75.93, 0.00, 4.26, 7856, 7728, 107, 46.0, , 1
C, mandelbrot, 10,  70.75, 31.99, 30.91, 0.00, 1.81, 3573, 3553, 15, 47.0, , 1
C, mandelbrot, 10,  70.28, 32.26, 31.17, 0.00, 1.81, 3574, 3559, 11, 46.0, , 1
C, mandelbrot, 10,  70.70, 32.11, 31.02, 0.00, 1.81, 3578, 3554, 14, 47.0, , 1
C, mandelbrot, 10,  70.43, 31.80, 30.73, 0.00, 1.80, 3572, 3553, 15, 47.0, , 1
C, mandelbrot, 10,  70.95, 32.05, 30.97, 0.00, 1.81, 3578, 3558, 10, 46.0, , 1
C, mandelbrot, 10,  70.78, 32.02, 30.94, 0.00, 1.80, 3571, 3556, 11, 46.0, , 1
C, mandelbrot, 10,  70.79, 32.11, 31.03, 0.00, 1.81, 3572, 3558, 9, 46.0, , 1
C, mandelbrot, 10,  70.88, 31.99, 30.91, 0.00, 1.81, 3576, 3558, 10, 46.0, , 1
C, mandelbrot, 10,  70.66, 31.83, 30.75, 0.00, 1.80, 3571, 3546, 20, 46.0, , 1
C, mandelbrot, 10,  70.88, 32.39, 31.31, 0.00, 1.80, 3573, 3554, 14, 47.0, , 1
C, mandelbrot, 10,  70.67, 32.44, 31.36, 0.00, 1.80, 3571, 3555, 12, 46.0, , 1
C, mandelbrot, 10,  70.83, 32.49, 31.40, 0.00, 1.81, 3581, 3563, 7, 46.0, , 1
C, mandelbrot, 10,  70.95, 32.61, 31.52, 0.00, 1.81, 3583, 3557, 12, 46.0, , 1
C, mandelbrot, 10,  70.49, 32.43, 31.35, 0.00, 1.80, 3571, 3561, 6, 47.0, , 1
C, mandelbrot, 10,  70.71, 32.43, 31.35, 0.00, 1.81, 3581, 3558, 9, 46.0, , 1
C, mandelbrot, 10,  70.39, 32.44, 31.35, 0.00, 1.81, 3574, 3556, 11, 47.0, , 1
C, mandelbrot, 10,  70.44, 32.36, 31.28, 0.00, 1.80, 3571, 3553, 14, 46.0, , 1
C, mandelbrot, 10,  70.46, 32.43, 31.35, 0.00, 1.80, 3570, 3561, 6, 46.0, , 1
C, mandelbrot, 10,  70.50, 32.64, 31.55, 0.00, 1.81, 3576, 3557, 10, 47.0, , 1
C, mandelbrot, 10,  70.36, 32.44, 31.36, 0.00, 1.80, 3571, 3553, 14, 47.0, , 1
C, n-body, 10,  35.31, 16.67, 16.15, 0.00, 0.87, 1720, 1718, 0, 47.0, , 1
C, n-body, 10,  35.28, 16.75, 16.22, 0.00, 0.87, 1724, 1718, 0, 47.0, , 1
C, n-body, 10,  35.17, 16.66, 16.15, 0.00, 0.87, 1720, 1718, 0, 47.0, , 1
C, n-body, 10,  35.27, 16.64, 16.13, 0.00, 0.87, 1720, 1718, 0, 46.0, , 1
C, n-body, 10,  35.23, 16.70, 16.18, 0.00, 0.87, 1720, 1718, 0, 46.0, , 1
C, n-body, 10,  35.36, 16.71, 16.19, 0.00, 0.87, 1722, 1718, 0, 46.0, , 1
C, n-body, 10,  35.28, 16.73, 16.21, 0.00, 0.87, 1724, 1718, 0, 46.0, , 1
C, n-body, 10,  35.25, 16.73, 16.21, 0.00, 0.87, 1720, 1718, 0, 47.0, , 1
C, n-body, 10,  35.27, 16.78, 16.27, 0.00, 0.87, 1720, 1719, 1719, 47.0, , 1
C, n-body, 10,  35.21, 16.83, 16.31, 0.00, 0.87, 1720, 1718, 0, 47.0, , 1
C, n-body, 10,  35.34, 16.90, 16.39, 0.00, 0.87, 1720, 1718, 0, 47.0, , 1
C, n-body, 10,  35.24, 16.82, 16.31, 0.00, 0.87, 1720, 1718, 0, 47.0, , 1
C, n-body, 10,  35.23, 16.74, 16.23, 0.00, 0.87, 1720, 1718, 0, 47.0, , 1
C, n-body, 10,  35.25, 16.71, 16.19, 0.00, 0.87, 1719, 1719, 1719, 47.0, , 1
C, n-body, 10,  35.48, 16.74, 16.22, 0.00, 0.87, 1722, 1720, 1720, 47.0, , 1
C, n-body, 10,  35.26, 16.84, 16.32, 0.00, 0.87, 1723, 1719, 1719, 46.0, , 1
C, n-body, 10,  35.56, 16.84, 16.32, 0.00, 0.87, 1729, 1718, 0, 46.0, , 1
C, n-body, 10,  35.31, 16.72, 16.20, 0.00, 0.87, 1721, 1718, 0, 47.0, , 1
C, n-body, 10,  35.22, 16.81, 16.29, 0.00, 0.87, 1721, 1718, 0, 47.0, , 1
C, n-body, 10,  35.18, 16.83, 16.31, 0.00, 0.87, 1719, 1718, 0, 47.0, , 1
C, regex-redux, 10,  36.31, 17.12, 16.59, 0.00, 1.11, 1720, 1643, 73, 48.0, , 1
C, regex-redux, 10,  36.15, 17.14, 16.61, 0.00, 1.11, 1722, 1638, 81, 47.0, , 1
C, regex-redux, 10,  36.23, 17.12, 16.59, 0.00, 1.11, 1720, 1630, 83, 48.0, , 1
C, regex-redux, 10,  36.12, 17.08, 16.56, 0.00, 1.11, 1716, 1636, 77, 48.0, , 1
C, regex-redux, 10,  36.36, 17.04, 16.52, 0.00, 1.11, 1712, 1627, 83, 48.0, , 1
C, regex-redux, 10,  36.18, 17.04, 16.51, 0.00, 1.11, 1712, 1636, 74, 47.0, , 1
C, regex-redux, 10,  36.25, 17.05, 16.52, 0.00, 1.11, 1714, 1636, 74, 47.0, , 1
C, regex-redux, 10,  36.57, 17.09, 16.56, 0.00, 1.11, 1718, 1638, 76, 47.0, , 1
C, regex-redux, 10,  36.23, 17.04, 16.52, 0.00, 1.11, 1713, 1637, 73, 48.0, , 1
C, regex-redux, 10,  36.09, 16.97, 16.45, 0.00, 1.10, 1706, 1619, 85, 48.0, , 1
C, regex-redux, 10,  37.17, 17.38, 16.85, 0.00, 1.12, 1749, 1628, 76, 47.0, , 1
C, regex-redux, 10,  36.34, 16.95, 16.43, 0.00, 1.10, 1706, 1629, 74, 48.0, , 1
C, regex-redux, 10,  36.29, 17.04, 16.51, 0.00, 1.11, 1713, 1629, 80, 48.0, , 1
C, regex-redux, 10,  36.47, 17.00, 16.48, 0.00, 1.10, 1711, 1630, 78, 48.0, , 1
C, regex-redux, 10,  36.25, 17.03, 16.50, 0.00, 1.11, 1713, 1625, 81, 48.0, , 1
C, regex-redux, 10,  36.18, 17.02, 16.49, 0.00, 1.11, 1710, 1625, 83, 48.0, , 1
C, regex-redux, 10,  36.14, 17.04, 16.52, 0.00, 1.11, 1715, 1635, 77, 48.0, , 1
C, regex-redux, 10,  36.17, 17.06, 16.53, 0.00, 1.11, 1715, 1635, 77, 48.0, , 1
C, regex-redux, 10,  36.19, 17.01, 16.48, 0.00, 1.10, 1709, 1626, 80, 47.0, , 1
C, regex-redux, 10,  36.10, 17.00, 16.47, 0.00, 1.11, 1711, 1623, 82, 48.0, , 1
C, reverse-complement, 10,  2.72, 1.21, 1.16, 0.00, 0.16, 121, 41, 79, 48.0, , 1
C, reverse-complement, 10,  2.72, 1.22, 1.17, 0.00, 0.16, 121, 41, 79, 47.0, , 1
C, reverse-complement, 10,  2.73, 1.21, 1.17, 0.00, 0.16, 121, 37, 83, 47.0, , 1
C, reverse-complement, 10,  2.72, 1.21, 1.16, 0.00, 0.16, 121, 41, 79, 47.0, , 1
C, reverse-complement, 10,  2.73, 1.22, 1.17, 0.00, 0.16, 121, 40, 80, 47.0, , 1
C, reverse-complement, 10,  2.74, 1.22, 1.17, 0.00, 0.16, 122, 39, 81, 47.0, , 1
C, reverse-complement, 10,  2.71, 1.21, 1.16, 0.00, 0.16, 120, 47, 73, 47.0, , 1
C, reverse-complement, 10,  2.71, 1.22, 1.17, 0.00, 0.16, 121, 37, 83, 47.0, , 1
C, reverse-complement, 10,  2.74, 1.23, 1.17, 0.00, 0.16, 121, 42, 80, 48.0, , 1
C, reverse-complement, 10,  2.71, 1.21, 1.16, 0.00, 0.16, 121, 36, 84, 48.0, , 1
C, reverse-complement, 10,  2.70, 1.21, 1.16, 0.00, 0.16, 120, 41, 79, 48.0, , 1
C, reverse-complement, 10,  2.71, 1.22, 1.16, 0.00, 0.16, 121, 36, 84, 48.0, , 1
C, reverse-complement, 10,  2.70, 1.22, 1.17, 0.00, 0.16, 122, 37, 84, 48.0, , 1
C, reverse-complement, 10,  2.72, 1.23, 1.17, 0.00, 0.16, 121, 38, 84, 48.0, , 1
C, reverse-complement, 10,  2.71, 1.22, 1.16, 0.00, 0.16, 120, 39, 82, 48.0, , 1
C, reverse-complement, 10,  2.73, 1.22, 1.17, 0.00, 0.16, 121, 35, 85, 48.0, , 1
C, reverse-complement, 10,  2.73, 1.21, 1.16, 0.00, 0.16, 120, 37, 84, 48.0, , 1
C, reverse-complement, 10,  2.71, 1.21, 1.16, 0.00, 0.16, 121, 45, 75, 48.0, , 1
C, reverse-complement, 10,  2.72, 1.22, 1.17, 0.00, 0.16, 121, 44, 76, 48.0, , 1
C, reverse-complement, 10,  2.73, 1.22, 1.17, 0.00, 0.16, 121, 41, 79, 48.0, , 1
C, spectral-norm, 10,  23.64, 11.16, 10.81, 0.00, 0.58, 1150, 1150, 1150, 48.0, , 1
C, spectral-norm, 10,  23.62, 11.21, 10.87, 0.00, 0.58, 1151, 1150, 1150, 47.0, , 1
C, spectral-norm, 10,  23.66, 11.22, 10.87, 0.00, 0.58, 1151, 1149, 0, 47.0, , 1
C, spectral-norm, 10,  23.88, 11.24, 10.90, 0.00, 0.58, 1153, 1149, 1, 47.0, , 1
C, spectral-norm, 10,  23.61, 11.18, 10.84, 0.00, 0.58, 1150, 1150, 1150, 47.0, , 1
C, spectral-norm, 10,  23.59, 11.23, 10.88, 0.00, 0.58, 1150, 1150, 1150, 47.0, , 1
C, spectral-norm, 10,  23.72, 11.30, 10.96, 0.00, 0.58, 1151, 1149, 0, 47.0, , 1
C, spectral-norm, 10,  23.69, 11.24, 10.91, 0.00, 0.58, 1151, 1149, 0, 48.0, , 1
C, spectral-norm, 10,  23.76, 11.31, 10.97, 0.00, 0.58, 1154, 1148, 1, 48.0, , 1
C, spectral-norm, 10,  23.81, 11.25, 10.90, 0.00, 0.58, 1150, 1150, 1150, 47.0, , 1
C, spectral-norm, 10,  23.80, 11.15, 10.80, 0.00, 0.58, 1151, 1149, 0, 47.0, , 1
C, spectral-norm, 10,  23.88, 11.21, 10.86, 0.00, 0.59, 1161, 1149, 0, 47.0, , 1
C, spectral-norm, 10,  23.70, 11.19, 10.85, 0.00, 0.58, 1151, 1148, 1, 47.0, , 1
C, spectral-norm, 10,  23.70, 11.26, 10.92, 0.00, 0.58, 1151, 1149, 0, 47.0, , 1
C, spectral-norm, 10,  23.66, 11.22, 10.88, 0.00, 0.58, 1150, 1150, 1150, 48.0, , 1
C, spectral-norm, 10,  23.71, 11.26, 10.92, 0.00, 0.58, 1151, 1149, 0, 47.0, , 1
C, spectral-norm, 10,  23.64, 11.29, 10.95, 0.00, 0.58, 1151, 1149, 0, 47.0, , 1
C, spectral-norm, 10,  23.85, 11.27, 10.93, 0.00, 0.59, 1159, 1149, 0, 47.0, , 1
C, spectral-norm, 10,  23.69, 11.24, 10.90, 0.00, 0.58, 1151, 1147, 2, 46.0, , 1
C, spectral-norm, 10,  23.80, 11.25, 10.90, 0.00, 0.58, 1156, 1150, 1150, 47.0, , 1
C++, binary-trees, 10,  54.79, 25.46, 24.63, 0.00, 1.79, 2555, 2471, 81, 43.0, , 1
C++, binary-trees, 10,  54.19, 25.21, 24.38, 0.00, 1.78, 2538, 2448, 85, 48.0, , 1
C++, binary-trees, 10,  54.55, 25.32, 24.49, 0.00, 1.79, 2542, 2451, 81, 47.0, , 1
C++, binary-trees, 10,  54.11, 25.32, 24.49, 0.00, 1.78, 2541, 2467, 70, 47.0, , 1
C++, binary-trees, 10,  54.30, 25.26, 24.43, 0.00, 1.78, 2536, 2452, 81, 47.0, , 1
C++, binary-trees, 10,  54.29, 25.38, 24.55, 0.00, 1.79, 2548, 2459, 85, 47.0, , 1
C++, binary-trees, 10,  54.31, 25.46, 24.62, 0.00, 1.80, 2553, 2463, 82, 48.0, , 1
C++, binary-trees, 10,  54.12, 25.38, 24.56, 0.00, 1.79, 2548, 2462, 82, 47.0, , 1
C++, binary-trees, 10,  54.17, 25.39, 24.56, 0.00, 1.79, 2547, 2463, 78, 47.0, , 1
C++, binary-trees, 10,  54.12, 25.39, 24.56, 0.00, 1.79, 2548, 2466, 74, 48.0, , 1
C++, binary-trees, 10,  54.27, 25.34, 24.51, 0.00, 1.80, 2542, 2459, 79, 47.0, , 1
C++, binary-trees, 10,  54.24, 25.31, 24.49, 0.00, 1.78, 2540, 2449, 87, 47.0, , 1
C++, binary-trees, 10,  54.31, 25.36, 24.53, 0.00, 1.79, 2544, 2450, 90, 48.0, , 1
C++, binary-trees, 10,  54.17, 25.34, 24.51, 0.00, 1.79, 2543, 2466, 74, 48.0, , 1
C++, binary-trees, 10,  53.96, 25.35, 24.52, 0.00, 1.79, 2542, 2459, 81, 47.0, , 1
C++, binary-trees, 10,  54.03, 25.30, 24.47, 0.00, 1.78, 2539, 2448, 87, 47.0, , 1
C++, binary-trees, 10,  54.49, 25.45, 24.61, 0.00, 1.79, 2553, 2466, 79, 47.0, , 1
C++, binary-trees, 10,  54.47, 25.51, 24.68, 0.00, 1.80, 2559, 2479, 76, 47.0, , 1
C++, binary-trees, 10,  54.37, 25.38, 24.55, 0.00, 1.80, 2546, 2468, 74, 48.0, , 1
C++, binary-trees, 10,  54.40, 25.48, 24.64, 0.00, 1.80, 2556, 2456, 89, 47.0, , 1
C++, fannkuch-redux, 10,  257.68, 114.52, 110.51, 0.00, 6.67, 13259, 13244, 13244, 46.0, , 1
C++, fannkuch-redux, 10,  255.67, 114.03, 110.03, 0.00, 6.67, 13261, 13240, 2, 47.0, , 1
C++, fannkuch-redux, 10,  257.15, 114.98, 110.97, 0.00, 6.68, 13271, 13244, 13244, 47.0, , 1
C++, fannkuch-redux, 10,  256.27, 114.30, 110.29, 0.00, 6.68, 13264, 13236, 1, 46.0, , 1
C++, fannkuch-redux, 10,  256.58, 114.28, 110.28, 0.00, 6.67, 13262, 13246, 13246, 46.0, , 1
C++, fannkuch-redux, 10,  255.83, 114.27, 110.26, 0.00, 6.68, 13264, 13244, 0, 46.0, , 1
C++, fannkuch-redux, 10,  256.30, 113.90, 109.89, 0.00, 6.67, 13257, 13244, 0, 46.0, , 1
C++, fannkuch-redux, 10,  257.88, 114.78, 110.77, 0.00, 6.67, 13256, 13236, 0, 46.0, , 1
C++, fannkuch-redux, 10,  255.85, 113.92, 109.91, 0.00, 6.67, 13259, 13243, 13243, 47.0, , 1
C++, fannkuch-redux, 10,  256.33, 114.60, 110.59, 0.00, 6.68, 13260, 13243, 0, 47.0, , 1
C++, fannkuch-redux, 10,  256.45, 114.97, 110.96, 0.00, 6.67, 13256, 13234, 2, 47.0, , 1
C++, fannkuch-redux, 10,  257.11, 114.81, 110.73, 0.00, 6.68, 13269, 13243, 0, 46.0, , 1
C++, fannkuch-redux, 10,  256.79, 114.13, 110.12, 0.00, 6.68, 13267, 13238, 2, 46.0, , 1
C++, fannkuch-redux, 10,  257.03, 115.07, 111.06, 0.00, 6.67, 13255, 13237, 1, 46.0, , 1
C++, fannkuch-redux, 10,  257.01, 114.87, 110.85, 0.00, 6.68, 13262, 13241, 13241, 46.0, , 1
C++, fannkuch-redux, 10,  256.49, 115.34, 111.32, 0.00, 6.67, 13256, 13245, 13245, 47.0, , 1
C++, fannkuch-redux, 10,  256.69, 114.88, 110.87, 0.00, 6.67, 13257, 13242, 0, 46.0, , 1
C++, fannkuch-redux, 10,  257.36, 114.38, 110.37, 0.00, 6.68, 13266, 13243, 1, 47.0, , 1
C++, fannkuch-redux, 10,  257.09, 114.45, 110.44, 0.00, 6.67, 13254, 13237, 1, 46.0, , 1
C++, fannkuch-redux, 10,  256.26, 114.71, 110.71, 0.00, 6.67, 13256, 13237, 3, 47.0, , 1
C++, fasta, 10,  18.94, 8.38, 8.07, 0.00, 0.50, 986, 982, 3, 46.0, , 1
C++, fasta, 10,  19.03, 8.40, 8.10, 0.00, 0.50, 987, 978, 7, 46.0, , 1
C++, fasta, 10,  19.11, 8.36, 8.06, 0.00, 0.50, 987, 981, 4, 46.0, , 1
C++, fasta, 10,  18.93, 8.37, 8.07, 0.00, 0.50, 986, 976, 9, 46.0, , 1
C++, fasta, 10,  18.95, 8.35, 8.06, 0.00, 0.50, 987, 975, 10, 46.0, , 1
C++, fasta, 10,  19.00, 8.34, 8.04, 0.00, 0.50, 987, 981, 4, 45.0, , 1
C++, fasta, 10,  19.01, 8.35, 8.05, 0.00, 0.50, 986, 983, 2, 46.0, , 1
C++, fasta, 10,  19.25, 8.32, 8.02, 0.00, 0.50, 987, 979, 6, 46.0, , 1
C++, fasta, 10,  19.02, 8.34, 8.05, 0.00, 0.50, 986, 982, 3, 46.0, , 1
C++, fasta, 10,  19.03, 8.28, 7.98, 0.00, 0.50, 986, 982, 3, 46.0, , 1
C++, fasta, 10,  19.21, 8.37, 8.08, 0.00, 0.51, 997, 978, 7, 46.0, , 1
C++, fasta, 10,  19.05, 8.36, 8.06, 0.00, 0.50, 987, 975, 10, 46.0, , 1
C++, fasta, 10,  19.00, 8.33, 8.03, 0.00, 0.50, 986, 982, 3, 46.0, , 1
C++, fasta, 10,  19.02, 8.37, 8.07, 0.00, 0.50, 987, 977, 8, 46.0, , 1
C++, fasta, 10,  19.23, 8.33, 8.03, 0.00, 0.50, 987, 980, 5, 46.0, , 1
C++, fasta, 10,  19.14, 8.35, 8.05, 0.00, 0.50, 986, 981, 4, 46.0, , 1
C++, fasta, 10,  19.00, 8.39, 8.10, 0.00, 0.50, 990, 976, 9, 47.0, , 1
C++, fasta, 10,  19.30, 8.43, 8.12, 0.00, 0.51, 995, 982, 3, 46.0, , 1
C++, fasta, 10,  19.01, 8.37, 8.07, 0.00, 0.50, 986, 980, 5, 47.0, , 1
C++, fasta, 10,  19.07, 8.38, 8.08, 0.00, 0.50, 987, 982, 3, 46.0, , 1
C++, k-nucleotide, 10,  79.84, 36.50, 35.31, 0.00, 2.95, 3761, 3589, 164, 47.0, , 1
C++, k-nucleotide, 10,  79.77, 36.48, 35.28, 0.00, 2.96, 3768, 3601, 157, 48.0, , 1
C++, k-nucleotide, 10,  80.45, 36.74, 35.54, 0.00, 2.97, 3780, 3616, 153, 46.0, , 1
C++, k-nucleotide, 10,  79.97, 36.58, 35.39, 0.00, 2.96, 3771, 3603, 162, 48.0, , 1
C++, k-nucleotide, 10,  80.59, 36.59, 35.40, 0.00, 2.95, 3767, 3608, 152, 47.0, , 1
C++, k-nucleotide, 10,  79.95, 36.63, 35.44, 0.00, 2.96, 3769, 3607, 155, 48.0, , 1
C++, k-nucleotide, 10,  80.11, 36.62, 35.43, 0.00, 2.94, 3766, 3595, 161, 47.0, , 1
C++, k-nucleotide, 10,  80.01, 36.62, 35.43, 0.00, 2.97, 3767, 3602, 160, 47.0, , 1
C++, k-nucleotide, 10,  80.38, 36.70, 35.50, 0.00, 2.96, 3769, 3617, 146, 47.0, , 1
C++, k-nucleotide, 10,  80.42, 36.77, 35.58, 0.00, 2.97, 3778, 3612, 161, 47.0, , 1
C++, k-nucleotide, 10,  80.38, 36.76, 35.57, 0.00, 2.97, 3765, 3614, 145, 47.0, , 1
C++, k-nucleotide, 10,  80.10, 36.77, 35.58, 0.00, 2.96, 3768, 3599, 162, 47.0, , 1
C++, k-nucleotide, 10,  80.27, 36.63, 35.44, 0.00, 2.95, 3764, 3612, 145, 47.0, , 1
C++, k-nucleotide, 10,  80.51, 36.74, 35.54, 0.00, 2.97, 3774, 3604, 159, 47.0, , 1
C++, k-nucleotide, 10,  79.94, 36.63, 35.43, 0.00, 2.95, 3767, 3617, 140, 48.0, , 1
C++, k-nucleotide, 10,  79.73, 36.58, 35.39, 0.00, 2.93, 3760, 3610, 145, 47.0, , 1
C++, k-nucleotide, 10,  80.25, 36.55, 35.34, 0.00, 2.96, 3767, 3610, 150, 47.0, , 1
C++, k-nucleotide, 10,  80.23, 36.60, 35.41, 0.00, 2.97, 3772, 3597, 168, 48.0, , 1
C++, k-nucleotide, 10,  80.11, 36.45, 35.26, 0.00, 2.93, 3759, 3583, 169, 48.0, , 1
C++, k-nucleotide, 10,  80.10, 36.64, 35.44, 0.00, 2.96, 3768, 3608, 149, 48.0, , 1
C++, mandelbrot, 10,  56.32, 24.39, 23.57, 0.00, 1.37, 2714, 2693, 17, 48.0, , 1
C++, mandelbrot, 10,  56.81, 24.49, 23.67, 0.00, 1.38, 2719, 2698, 12, 48.0, , 1
C++, mandelbrot, 10,  56.56, 24.42, 23.61, 0.00, 1.37, 2712, 2696, 12, 48.0, , 1
C++, mandelbrot, 10,  56.46, 24.43, 23.62, 0.00, 1.37, 2712, 2694, 14, 48.0, , 1
C++, mandelbrot, 10,  56.49, 24.37, 23.55, 0.00, 1.37, 2713, 2701, 9, 48.0, , 1
C++, mandelbrot, 10,  56.59, 24.40, 23.58, 0.00, 1.37, 2712, 2703, 5, 48.0, , 1
C++, mandelbrot, 10,  56.74, 24.53, 23.70, 0.00, 1.37, 2714, 2698, 12, 48.0, , 1
C++, mandelbrot, 10,  56.77, 24.40, 23.59, 0.00, 1.37, 2715, 2703, 7, 47.0, , 1
C++, mandelbrot, 10,  56.60, 24.39, 23.58, 0.00, 1.37, 2711, 2696, 12, 48.0, , 1
C++, mandelbrot, 10,  56.60, 24.49, 23.66, 0.00, 1.38, 2722, 2695, 14, 48.0, , 1
C++, mandelbrot, 10,  56.45, 24.37, 23.55, 0.00, 1.37, 2713, 2691, 18, 48.0, , 1
C++, mandelbrot, 10,  56.88, 24.38, 23.55, 0.00, 1.38, 2721, 2698, 11, 48.0, , 1
C++, mandelbrot, 10,  56.81, 24.53, 23.71, 0.00, 1.38, 2719, 2700, 10, 47.0, , 1
C++, mandelbrot, 10,  56.59, 24.58, 23.77, 0.00, 1.37, 2715, 2699, 12, 48.0, , 1
C++, mandelbrot, 10,  56.63, 24.61, 23.79, 0.00, 1.37, 2712, 2700, 9, 48.0, , 1
C++, mandelbrot, 10,  56.64, 24.46, 23.65, 0.00, 1.37, 2715, 2702, 8, 48.0, , 1
C++, mandelbrot, 10,  56.70, 24.55, 23.73, 0.00, 1.38, 2718, 2696, 14, 48.0, , 1
C++, mandelbrot, 10,  56.56, 24.51, 23.70, 0.00, 1.37, 2712, 2699, 10, 48.0, , 1
C++, mandelbrot, 10,  56.58, 24.55, 23.73, 0.00, 1.37, 2713, 2700, 9, 47.0, , 1
C++, mandelbrot, 10,  56.62, 24.47, 23.65, 0.00, 1.37, 2712, 2697, 12, 48.0, , 1
C++, n-body, 10,  35.89, 17.15, 16.64, 0.00, 0.87, 1721, 1719, 0, 48.0, , 1
C++, n-body, 10,  36.19, 17.08, 16.57, 0.00, 0.86, 1714, 1711, 0, 48.0, , 1
C++, n-body, 10,  36.17, 17.08, 16.57, 0.00, 0.86, 1713, 1712, 1712, 48.0, , 1
C++, n-body, 10,  36.14, 17.08, 16.57, 0.00, 0.86, 1713, 1710, 0, 48.0, , 1
C++, n-body, 10,  36.18, 17.08, 16.56, 0.00, 0.86, 1714, 1709, 0, 48.0, , 1
C++, n-body, 10,  36.18, 17.08, 16.58, 0.00, 0.86, 1714, 1713, 1713, 48.0, , 1
C++, n-body, 10,  36.41, 17.17, 16.66, 0.00, 0.87, 1723, 1720, 1, 48.0, , 1
C++, n-body, 10,  36.41, 17.18, 16.66, 0.00, 0.87, 1723, 1722, 1722, 48.0, , 1
C++, n-body, 10,  36.20, 17.13, 16.62, 0.00, 0.87, 1719, 1716, 0, 48.0, , 1
C++, n-body, 10,  36.26, 17.17, 16.65, 0.00, 0.87, 1722, 1721, 1721, 48.0, , 1
C++, n-body, 10,  36.14, 17.16, 16.64, 0.00, 0.87, 1721, 1718, 0, 48.0, , 1
C++, n-body, 10,  36.25, 17.16, 16.63, 0.00, 0.87, 1721, 1719, 0, 48.0, , 1
C++, n-body, 10,  36.19, 17.08, 16.57, 0.00, 0.87, 1714, 1712, 0, 48.0, , 1
C++, n-body, 10,  36.25, 17.11, 16.60, 0.00, 0.87, 1718, 1710, 0, 48.0, , 1
C++, n-body, 10,  36.17, 17.06, 16.55, 0.00, 0.86, 1712, 1711, 0, 48.0, , 1
C++, n-body, 10,  36.20, 17.07, 16.57, 0.00, 0.86, 1713, 1711, 1711, 48.0, , 1
C++, n-body, 10,  36.17, 17.05, 16.54, 0.00, 0.86, 1711, 1710, 1710, 48.0, , 1
C++, n-body, 10,  36.19, 17.05, 16.54, 0.00, 0.86, 1712, 1709, 0, 48.0, , 1
C++, n-body, 10,  36.18, 17.06, 16.55, 0.00, 0.86, 1712, 1711, 1711, 48.0, , 1
C++, n-body, 10,  36.22, 17.08, 16.57, 0.00, 0.87, 1714, 1710, 0, 48.0, , 1
C++, regex-redux, 10,  40.31, 18.80, 18.20, 0.00, 1.25, 1898, 1744, 151, 48.0, , 1
C++, regex-redux, 10,  40.53, 18.85, 18.26, 0.00, 1.25, 1903, 1741, 159, 48.0, , 1
C++, regex-redux, 10,  41.05, 18.98, 18.38, 0.00, 1.26, 1914, 1754, 155, 48.0, , 1
C++, regex-redux, 10,  40.61, 18.93, 18.34, 0.00, 1.26, 1910, 1754, 152, 48.0, , 1
C++, regex-redux, 10,  40.34, 18.82, 18.23, 0.00, 1.25, 1898, 1751, 144, 48.0, , 1
C++, regex-redux, 10,  40.44, 18.88, 18.28, 0.00, 1.26, 1905, 1743, 157, 48.0, , 1
C++, regex-redux, 10,  41.43, 19.29, 18.68, 0.00, 1.28, 1944, 1749, 151, 47.0, , 1
C++, regex-redux, 10,  40.30, 18.80, 18.22, 0.00, 1.25, 1898, 1746, 149, 48.0, , 1
C++, regex-redux, 10,  40.61, 19.07, 18.47, 0.00, 1.26, 1921, 1760, 158, 48.0, , 1
C++, regex-redux, 10,  40.32, 18.84, 18.24, 0.00, 1.25, 1901, 1744, 153, 48.0, , 1
C++, regex-redux, 10,  40.67, 18.91, 18.31, 0.00, 1.26, 1907, 1745, 155, 48.0, , 1
C++, regex-redux, 10,  40.43, 18.83, 18.25, 0.00, 1.25, 1901, 1743, 154, 48.0, , 1
C++, regex-redux, 10,  40.55, 18.89, 18.30, 0.00, 1.25, 1905, 1741, 159, 48.0, , 1
C++, regex-redux, 10,  40.78, 19.00, 18.40, 0.00, 1.26, 1915, 1759, 153, 48.0, , 1
C++, regex-redux, 10,  40.67, 18.86, 18.27, 0.00, 1.25, 1905, 1736, 158, 48.0, , 1
C++, regex-redux, 10,  40.50, 18.80, 18.22, 0.00, 1.25, 1899, 1742, 153, 48.0, , 1
C++, regex-redux, 10,  40.42, 18.81, 18.22, 0.00, 1.25, 1899, 1746, 149, 48.0, , 1
C++, regex-redux, 10,  40.51, 18.85, 18.26, 0.00, 1.25, 1900, 1740, 157, 48.0, , 1
C++, regex-redux, 10,  40.41, 18.74, 18.15, 0.00, 1.25, 1895, 1741, 151, 48.0, , 1
C++, regex-redux, 10,  40.61, 18.78, 18.18, 0.00, 1.25, 1897, 1745, 148, 48.0, , 1
C++, reverse-complement, 10,  3.72, 1.57, 1.50, 0.00, 0.21, 161, 70, 90, 49.0, , 1
C++, reverse-complement, 10,  3.66, 1.56, 1.50, 0.00, 0.21, 160, 70, 89, 49.0, , 1
C++, reverse-complement, 10,  3.58, 1.56, 1.49, 0.00, 0.21, 160, 76, 83, 49.0, , 1
C++, reverse-complement, 10,  3.58, 1.57, 1.50, 0.00, 0.21, 159, 76, 84, 49.0, , 1
C++, reverse-complement, 10,  3.55, 1.56, 1.50, 0.00, 0.20, 160, 70, 89, 49.0, , 1
C++, reverse-complement, 10,  3.55, 1.57, 1.51, 0.00, 0.20, 160, 72, 87, 48.0, , 1
C++, reverse-complement, 10,  3.57, 1.57, 1.50, 0.00, 0.21, 160, 77, 82, 48.0, , 1
C++, reverse-complement, 10,  3.57, 1.58, 1.51, 0.00, 0.21, 160, 65, 94, 48.0, , 1
C++, reverse-complement, 10,  3.59, 1.59, 1.52, 0.00, 0.21, 161, 81, 79, 48.0, , 1
C++, reverse-complement, 10,  3.60, 1.59, 1.52, 0.00, 0.21, 160, 67, 94, 48.0, , 1
C++, reverse-complement, 10,  3.59, 1.56, 1.50, 0.00, 0.21, 161, 73, 86, 48.0, , 1
C++, reverse-complement, 10,  3.59, 1.57, 1.50, 0.00, 0.21, 160, 68, 91, 48.0, , 1
C++, reverse-complement, 10,  3.61, 1.58, 1.51, 0.00, 0.21, 160, 74, 87, 48.0, , 1
C++, reverse-complement, 10,  3.61, 1.59, 1.52, 0.00, 0.21, 160, 76, 85, 48.0, , 1
C++, reverse-complement, 10,  3.62, 1.58, 1.51, 0.00, 0.21, 160, 72, 89, 48.0, , 1
C++, reverse-complement, 10,  3.60, 1.57, 1.50, 0.00, 0.21, 160, 73, 87, 48.0, , 1
C++, reverse-complement, 10,  3.61, 1.58, 1.51, 0.00, 0.21, 160, 69, 92, 48.0, , 1
C++, reverse-complement, 10,  3.61, 1.58, 1.51, 0.00, 0.21, 160, 74, 85, 48.0, , 1
C++, reverse-complement, 10,  3.61, 1.58, 1.52, 0.00, 0.21, 160, 77, 82, 48.0, , 1
C++, reverse-complement, 10,  3.64, 1.59, 1.52, 0.00, 0.21, 161, 83, 77, 48.0, , 1
C++, spectral-norm, 10,  25.06, 10.63, 10.23, 0.00, 0.67, 1328, 1325, 0, 46.0, , 1
C++, spectral-norm, 10,  25.27, 10.62, 10.22, 0.00, 0.67, 1328, 1326, 0, 46.0, , 1
C++, spectral-norm, 10,  25.52, 10.73, 10.33, 0.00, 0.68, 1340, 1325, 1, 46.0, , 1
C++, spectral-norm, 10,  25.17, 10.62, 10.23, 0.00, 0.67, 1328, 1326, 0, 46.0, , 1
C++, spectral-norm, 10,  25.10, 10.56, 10.16, 0.00, 0.67, 1327, 1327, 1327, 46.0, , 1
C++, spectral-norm, 10,  25.20, 10.59, 10.18, 0.00, 0.67, 1327, 1326, 0, 47.0, , 1
C++, spectral-norm, 10,  25.23, 10.60, 10.20, 0.00, 0.67, 1328, 1326, 0, 46.0, , 1
C++, spectral-norm, 10,  25.25, 10.61, 10.22, 0.00, 0.67, 1329, 1326, 0, 46.0, , 1
C++, spectral-norm, 10,  25.22, 10.65, 10.25, 0.00, 0.67, 1331, 1326, 0, 46.0, , 1
C++, spectral-norm, 10,  25.27, 10.64, 10.24, 0.00, 0.67, 1330, 1327, 1327, 46.0, , 1
C++, spectral-norm, 10,  25.22, 10.71, 10.31, 0.00, 0.67, 1332, 1325, 1, 46.0, , 1
C++, spectral-norm, 10,  25.23, 10.65, 10.24, 0.00, 0.67, 1328, 1326, 0, 46.0, , 1
C++, spectral-norm, 10,  25.09, 10.66, 10.26, 0.00, 0.67, 1326, 1326, 0, 47.0, , 1
C++, spectral-norm, 10,  25.07, 10.65, 10.25, 0.00, 0.67, 1327, 1327, 1327, 46.0, , 1
C++, spectral-norm, 10,  25.19, 10.73, 10.34, 0.00, 0.67, 1328, 1327, 1327, 46.0, , 1
C++, spectral-norm, 10,  25.25, 10.72, 10.31, 0.00, 0.67, 1328, 1326, 0, 46.0, , 1
C++, spectral-norm, 10,  25.16, 10.66, 10.26, 0.00, 0.67, 1328, 1325, 1, 46.0, , 1
C++, spectral-norm, 10,  25.27, 10.62, 10.21, 0.00, 0.67, 1328, 1326, 0, 46.0, , 1
C++, spectral-norm, 10,  25.63, 10.71, 10.30, 0.00, 0.68, 1334, 1328, 0, 46.0, , 1
C++, spectral-norm, 10,  25.17, 10.64, 10.25, 0.00, 0.67, 1329, 1325, 1, 46.0, , 1
Java, binary-trees, 10,  135.86, 59.37, 56.76, 0.00, 8.58, 5986, 5788, 187, 47.0, , 1
Java, binary-trees, 10,  136.37, 59.75, 57.12, 0.00, 8.61, 6023, 5834, 171, 47.0, , 1
Java, binary-trees, 10,  136.45, 59.33, 56.71, 0.00, 8.56, 5983, 5786, 183, 47.0, , 1
Java, binary-trees, 10,  136.25, 59.43, 56.82, 0.00, 8.58, 5993, 5799, 181, 48.0, , 1
Java, binary-trees, 10,  135.70, 59.20, 56.60, 0.00, 8.57, 5974, 5767, 191, 46.0, , 1
Java, binary-trees, 10,  135.56, 59.17, 56.56, 0.00, 8.58, 5969, 5772, 185, 48.0, , 1
Java, binary-trees, 10,  130.46, 56.73, 54.21, 0.00, 8.26, 5724, 5534, 168, 48.0, , 1
Java, binary-trees, 10,  130.21, 56.75, 54.23, 0.00, 8.26, 5725, 5518, 196, 48.0, , 1
Java, binary-trees, 10,  136.62, 59.21, 56.59, 0.00, 8.59, 5975, 5789, 173, 48.0, , 1
Java, binary-trees, 10,  136.54, 59.22, 56.61, 0.00, 8.59, 5977, 5778, 177, 48.0, , 1
Java, binary-trees, 10,  136.21, 59.30, 56.68, 0.00, 8.59, 5980, 5791, 175, 48.0, , 1
Java, binary-trees, 10,  135.78, 59.22, 56.61, 0.00, 8.58, 5976, 5763, 194, 48.0, , 1
Java, binary-trees, 10,  136.25, 59.17, 56.56, 0.00, 8.60, 5970, 5801, 158, 48.0, , 1
Java, binary-trees, 10,  135.78, 59.22, 56.61, 0.00, 8.60, 5973, 5767, 194, 48.0, , 1
Java, binary-trees, 10,  130.92, 57.06, 54.54, 0.00, 8.29, 5753, 5571, 162, 48.0, , 1
Java, binary-trees, 10,  136.04, 59.09, 56.48, 0.00, 8.59, 5962, 5744, 208, 48.0, , 1
Java, binary-trees, 10,  131.15, 56.88, 54.36, 0.00, 8.29, 5738, 5506, 204, 48.0, , 1
Java, binary-trees, 10,  136.39, 59.55, 56.93, 0.00, 8.63, 6010, 5815, 172, 45.0, , 1
Java, binary-trees, 10,  130.63, 56.87, 54.35, 0.00, 8.28, 5733, 5517, 200, 48.0, , 1
Java, binary-trees, 10,  136.66, 59.16, 56.55, 0.00, 8.60, 5967, 5767, 188, 48.0, , 1
Java, fannkuch-redux, 10,  597.41, 283.83, 275.26, 0.00, 14.35, 28492, 28439, 18, 47.0, , 1
Java, fannkuch-redux, 10,  639.07, 304.02, 294.83, 0.00, 15.38, 30521, 30438, 13, 48.0, , 1
Java, fannkuch-redux, 10,  638.08, 303.53, 294.36, 0.00, 15.36, 30479, 30396, 18, 46.0, , 1
Java, fannkuch-redux, 10,  592.71, 283.58, 275.02, 0.00, 14.34, 28475, 28417, 13, 47.0, , 1
Java, fannkuch-redux, 10,  639.31, 304.89, 295.68, 0.00, 15.41, 30603, 30551, 14, 48.0, , 1
Java, fannkuch-redux, 10,  595.75, 284.33, 275.74, 0.00, 14.38, 28543, 28492, 16, 47.0, , 1
Java, fannkuch-redux, 10,  597.94, 284.24, 275.66, 0.00, 14.38, 28531, 28448, 16, 48.0, , 1
Java, fannkuch-redux, 10,  638.33, 303.13, 293.96, 0.00, 15.33, 30427, 30372, 18, 47.0, , 1
Java, fannkuch-redux, 10,  595.76, 283.22, 274.66, 0.00, 14.33, 28449, 28397, 16, 48.0, , 1
Java, fannkuch-redux, 10,  596.74, 283.93, 275.36, 0.00, 14.36, 28497, 28433, 19, 47.0, , 1
Java, fannkuch-redux, 10,  613.40, 290.44, 281.62, 0.00, 14.79, 29198, 28394, 16, 47.0, , 1
Java, fannkuch-redux, 10,  627.72, 298.31, 289.13, 0.00, 15.20, 30165, 30103, 13, 46.0, , 1
Java, fannkuch-redux, 10,  640.51, 303.35, 294.18, 0.00, 15.34, 30444, 30345, 13, 48.0, , 1
Java, fannkuch-redux, 10,  598.09, 283.37, 274.78, 0.00, 14.33, 28444, 28389, 17, 48.0, , 1
Java, fannkuch-redux, 10,  640.80, 304.55, 295.35, 0.00, 15.41, 30570, 30494, 18, 48.0, , 1
Java, fannkuch-redux, 10,  638.10, 302.54, 293.39, 0.00, 15.30, 30370, 30309, 15, 48.0, , 1
Java, fannkuch-redux, 10,  638.09, 302.99, 293.83, 0.00, 15.32, 30415, 30364, 17, 48.0, , 1
Java, fannkuch-redux, 10,  597.44, 284.54, 275.93, 0.00, 14.39, 28557, 28490, 11, 48.0, , 1
Java, fannkuch-redux, 10,  596.84, 284.56, 275.95, 0.00, 14.40, 28564, 28492, 17, 48.0, , 1
Java, fannkuch-redux, 10,  637.18, 303.65, 294.46, 0.00, 15.36, 30488, 30417, 19, 46.0, , 1
Java, fasta, 10,  55.21, 24.47, 23.63, 0.00, 1.44, 2788, 2753, 30, 46.0, , 1
Java, fasta, 10,  54.55, 24.37, 23.53, 0.00, 1.43, 2782, 2750, 27, 47.0, , 1
Java, fasta, 10,  53.99, 24.27, 23.43, 0.00, 1.42, 2755, 2725, 24, 47.0, , 1
Java, fasta, 10,  54.66, 24.38, 23.53, 0.00, 1.45, 2809, 2744, 24, 43.0, , 1
Java, fasta, 10,  54.74, 24.46, 23.61, 0.00, 1.44, 2795, 2740, 28, 44.0, , 1
Java, fasta, 10,  54.14, 24.39, 23.55, 0.00, 1.43, 2770, 2740, 25, 47.0, , 1
Java, fasta, 10,  55.03, 24.63, 23.77, 0.00, 1.45, 2812, 2752, 33, 45.0, , 1
Java, fasta, 10,  54.46, 24.44, 23.60, 0.00, 1.43, 2777, 2749, 22, 47.0, , 1
Java, fasta, 10,  54.80, 24.53, 23.69, 0.00, 1.43, 2783, 2744, 34, 47.0, , 1
Java, fasta, 10,  54.65, 24.37, 23.53, 0.00, 1.43, 2780, 2749, 25, 47.0, , 1
Java, fasta, 10,  55.28, 24.27, 23.43, 0.00, 1.44, 2799, 2742, 33, 44.0, , 1
Java, fasta, 10,  54.93, 24.28, 23.44, 0.00, 1.44, 2783, 2747, 23, 46.0, , 1
Java, fasta, 10,  55.52, 24.42, 23.57, 0.00, 1.44, 2805, 2745, 36, 44.0, , 1
Java, fasta, 10,  54.71, 24.41, 23.57, 0.00, 1.44, 2782, 2752, 25, 47.0, , 1
Java, fasta, 10,  54.81, 24.47, 23.63, 0.00, 1.44, 2786, 2756, 22, 47.0, , 1
Java, fasta, 10,  54.77, 24.39, 23.54, 0.00, 1.43, 2779, 2745, 23, 47.0, , 1
Java, fasta, 10,  54.76, 24.35, 23.51, 0.00, 1.43, 2782, 2749, 27, 46.0, , 1
Java, fasta, 10,  54.76, 24.35, 23.52, 0.00, 1.43, 2782, 2756, 21, 46.0, , 1
Java, fasta, 10,  55.21, 24.58, 23.73, 0.00, 1.45, 2804, 2754, 26, 44.0, , 1
Java, fasta, 10,  54.56, 24.32, 23.47, 0.00, 1.43, 2772, 2739, 27, 46.0, , 1
Java, k-nucleotide, 10,  221.00, 103.06, 99.93, 0.00, 6.82, 10413, 10206, 168, 48.0, , 1
Java, k-nucleotide, 10,  226.01, 104.99, 101.79, 0.00, 6.95, 10636, 10410, 182, 48.0, , 1
Java, k-nucleotide, 10,  221.84, 103.48, 100.34, 0.00, 6.84, 10449, 10223, 190, 48.0, , 1
Java, k-nucleotide, 10,  229.47, 106.81, 103.58, 0.00, 7.03, 10771, 10564, 182, 48.0, , 1
Java, k-nucleotide, 10,  225.58, 105.03, 101.84, 0.00, 6.94, 10621, 10414, 181, 48.0, , 1
Java, k-nucleotide, 10,  225.52, 105.22, 102.03, 0.00, 6.94, 10622, 10411, 194, 48.0, , 1
Java, k-nucleotide, 10,  222.43, 104.05, 100.89, 0.00, 6.87, 10514, 10319, 177, 48.0, , 1
Java, k-nucleotide, 10,  222.07, 103.95, 100.80, 0.00, 6.87, 10489, 10290, 182, 48.0, , 1
Java, k-nucleotide, 10,  221.73, 103.80, 100.65, 0.00, 6.86, 10492, 10299, 173, 48.0, , 1
Java, k-nucleotide, 10,  220.65, 103.01, 99.89, 0.00, 6.83, 10414, 10235, 163, 48.0, , 1
Java, k-nucleotide, 10,  220.73, 102.30, 99.18, 0.00, 6.80, 10378, 10159, 184, 48.0, , 1
Java, k-nucleotide, 10,  221.27, 103.18, 100.05, 0.00, 6.83, 10430, 10222, 179, 48.0, , 1
Java, k-nucleotide, 10,  224.06, 104.41, 101.24, 0.00, 6.91, 10561, 10339, 200, 48.0, , 1
Java, k-nucleotide, 10,  221.75, 103.27, 100.13, 0.00, 6.83, 10414, 10190, 186, 47.0, , 1
Java, k-nucleotide, 10,  221.65, 103.74, 100.60, 0.00, 6.84, 10452, 10233, 197, 48.0, , 1
Java, k-nucleotide, 10,  221.00, 103.24, 100.11, 0.00, 6.83, 10425, 10228, 172, 48.0, , 1
Java, k-nucleotide, 10,  219.95, 102.99, 99.86, 0.00, 6.82, 10406, 10193, 189, 48.0, , 1
Java, k-nucleotide, 10,  222.50, 103.64, 100.49, 0.00, 6.85, 10475, 10260, 186, 48.0, , 1
Java, k-nucleotide, 10,  221.73, 103.02, 99.88, 0.00, 6.83, 10414, 10205, 185, 47.0, , 1
Java, k-nucleotide, 10,  222.34, 103.20, 100.06, 0.00, 6.84, 10432, 10213, 187, 48.0, , 1
Java, mandelbrot, 10,  229.23, 101.81, 98.27, 0.00, 5.98, 11758, 11681, 38, 46.0, , 1
Java, mandelbrot, 10,  229.75, 101.82, 98.30, 0.00, 5.96, 11729, 11668, 34, 46.0, , 1
Java, mandelbrot, 10,  230.61, 102.16, 98.61, 0.00, 6.01, 11818, 11737, 44, 46.0, , 1
Java, mandelbrot, 10,  229.48, 101.23, 97.70, 0.00, 5.96, 11724, 11651, 41, 46.0, , 1
Java, mandelbrot, 10,  229.00, 101.87, 98.34, 0.00, 5.95, 11719, 11639, 38, 46.0, , 1
Java, mandelbrot, 10,  229.82, 101.65, 98.12, 0.00, 5.95, 11721, 11663, 35, 46.0, , 1
Java, mandelbrot, 10,  228.88, 101.29, 97.77, 0.00, 5.95, 11716, 11645, 44, 46.0, , 1
Java, mandelbrot, 10,  230.91, 101.53, 97.98, 0.00, 5.99, 11798, 11688, 36, 41.0, , 1
Java, mandelbrot, 10,  229.78, 101.64, 98.10, 0.00, 5.98, 11767, 11682, 46, 46.0, , 1
Java, mandelbrot, 10,  228.74, 101.13, 97.60, 0.00, 5.97, 11757, 11685, 40, 46.0, , 1
Java, mandelbrot, 10,  229.20, 101.62, 98.09, 0.00, 5.96, 11725, 11660, 42, 47.0, , 1
Java, mandelbrot, 10,  228.60, 100.96, 97.43, 0.00, 5.97, 11757, 11686, 40, 47.0, , 1
Java, mandelbrot, 10,  230.10, 101.58, 98.05, 0.00, 5.96, 11733, 11672, 38, 48.0, , 1
Java, mandelbrot, 10,  230.29, 101.09, 97.57, 0.00, 5.97, 11746, 11678, 41, 46.0, , 1
Java, mandelbrot, 10,  229.77, 101.51, 97.98, 0.00, 5.97, 11752, 11685, 37, 46.0, , 1
Java, mandelbrot, 10,  229.66, 100.65, 97.12, 0.00, 5.97, 11759, 11689, 48, 46.0, , 1
Java, mandelbrot, 10,  229.10, 101.32, 97.80, 0.00, 5.94, 11702, 11644, 33, 46.0, , 1
Java, mandelbrot, 10,  228.71, 101.22, 97.68, 0.00, 5.97, 11762, 11706, 37, 48.0, , 1
Java, mandelbrot, 10,  229.83, 100.38, 96.85, 0.00, 5.96, 11716, 11631, 43, 44.0, , 1
Java, mandelbrot, 10,  229.78, 100.99, 97.47, 0.00, 5.95, 11708, 11639, 40, 46.0, , 1
Java, n-body, 10,  80.69, 37.29, 36.07, 0.00, 2.03, 4007, 3984, 17, 46.0, , 1
Java, n-body, 10,  80.94, 37.31, 36.09, 0.00, 2.04, 4008, 3991, 11, 47.0, , 1
Java, n-body, 10,  82.00, 37.51, 36.29, 0.00, 2.04, 4019, 3990, 12, 47.0, , 1
Java, n-body, 10,  81.25, 37.38, 36.17, 0.00, 2.03, 4010, 3989, 15, 46.0, , 1
Java, n-body, 10,  81.53, 37.37, 36.15, 0.00, 2.04, 4017, 3988, 15, 46.0, , 1
Java, n-body, 10,  80.93, 37.39, 36.17, 0.00, 2.03, 4008, 3992, 9, 46.0, , 1
Java, n-body, 10,  81.11, 37.44, 36.22, 0.00, 2.04, 4017, 3990, 12, 46.0, , 1
Java, n-body, 10,  81.22, 37.43, 36.21, 0.00, 2.03, 4008, 3989, 13, 47.0, , 1
Java, n-body, 10,  81.49, 37.32, 36.11, 0.00, 2.04, 4009, 3981, 18, 47.0, , 1
Java, n-body, 10,  80.94, 37.30, 36.08, 0.00, 2.03, 4005, 3992, 8, 46.0, , 1
Java, n-body, 10,  81.11, 37.27, 36.06, 0.00, 2.04, 4012, 3988, 13, 47.0, , 1
Java, n-body, 10,  80.40, 37.52, 36.31, 0.00, 2.04, 4007, 3983, 18, 47.0, , 1
Java, n-body, 10,  80.68, 37.31, 36.09, 0.00, 2.04, 4012, 3981, 18, 47.0, , 1
Java, n-body, 10,  80.67, 37.29, 36.07, 0.00, 2.04, 4008, 3992, 10, 47.0, , 1
Java, n-body, 10,  80.74, 37.34, 36.13, 0.00, 2.03, 4008, 3986, 16, 46.0, , 1
Java, n-body, 10,  80.51, 37.44, 36.22, 0.00, 2.04, 4009, 3992, 8, 46.0, , 1
Java, n-body, 10,  81.07, 37.51, 36.29, 0.00, 2.04, 4022, 4002, 12, 46.0, , 1
Java, n-body, 10,  80.62, 37.32, 36.11, 0.00, 2.04, 4010, 3987, 15, 46.0, , 1
Java, n-body, 10,  80.53, 37.35, 36.14, 0.00, 2.03, 4008, 3984, 18, 46.0, , 1
Java, n-body, 10,  80.25, 37.39, 36.18, 0.00, 2.04, 4009, 3980, 21, 47.0, , 1
Java, regex-redux, 10,  247.85, 116.20, 112.54, 0.00, 7.21, 11704, 11407, 277, 48.0, , 1
Java, regex-redux, 10,  251.51, 117.75, 114.04, 0.00, 7.29, 11872, 11558, 269, 48.0, , 1
Java, regex-redux, 10,  251.54, 117.47, 113.68, 0.00, 7.27, 11845, 11560, 268, 48.0, , 1
Java, regex-redux, 10,  252.31, 117.97, 114.25, 0.00, 7.30, 11893, 11576, 274, 48.0, , 1
Java, regex-redux, 10,  247.19, 115.46, 111.83, 0.00, 7.17, 11638, 11331, 275, 48.0, , 1
Java, regex-redux, 10,  260.94, 122.34, 118.49, 0.00, 7.51, 12326, 12051, 251, 47.0, , 1
Java, regex-redux, 10,  251.26, 118.00, 114.28, 0.00, 7.29, 11883, 11592, 256, 47.0, , 1
Java, regex-redux, 10,  248.24, 116.10, 112.43, 0.00, 7.19, 11704, 11403, 273, 48.0, , 1
Java, regex-redux, 10,  254.06, 118.81, 115.07, 0.00, 7.34, 11966, 11671, 270, 48.0, , 1
Java, regex-redux, 10,  253.74, 118.99, 115.23, 0.00, 7.35, 11994, 11711, 263, 48.0, , 1
Java, regex-redux, 10,  252.30, 118.62, 114.89, 0.00, 7.31, 11948, 11659, 268, 48.0, , 1
Java, regex-redux, 10,  249.89, 117.12, 113.43, 0.00, 7.25, 11793, 11477, 280, 48.0, , 1
Java, regex-redux, 10,  252.75, 118.09, 114.37, 0.00, 7.30, 11900, 11600, 284, 48.0, , 1
Java, regex-redux, 10,  249.72, 117.07, 113.39, 0.00, 7.24, 11799, 11501, 262, 48.0, , 1
Java, regex-redux, 10,  249.89, 116.73, 113.04, 0.00, 7.22, 11763, 11472, 263, 48.0, , 1
Java, regex-redux, 10,  249.64, 117.39, 113.69, 0.00, 7.26, 11828, 11519, 271, 48.0, , 1
Java, regex-redux, 10,  250.30, 117.19, 113.50, 0.00, 7.26, 11807, 11515, 267, 48.0, , 1
Java, regex-redux, 10,  251.31, 117.79, 114.06, 0.00, 7.30, 11909, 11580, 272, 43.0, , 1
Java, regex-redux, 10,  252.79, 118.38, 114.64, 0.00, 7.32, 11930, 11636, 268, 48.0, , 1
Java, regex-redux, 10,  246.88, 115.93, 112.27, 0.00, 7.20, 11700, 11411, 272, 48.0, , 1
Java, reverse-complement, 10,  18.14, 8.18, 7.86, 0.00, 0.83, 842, 512, 326, 49.0, , 1
Java, reverse-complement, 10,  18.02, 8.16, 7.86, 0.00, 0.83, 838, 527, 308, 48.0, , 1
Java, reverse-complement, 10,  18.07, 8.18, 7.88, 0.00, 0.83, 840, 513, 324, 48.0, , 1
Java, reverse-complement, 10,  18.15, 8.16, 7.86, 0.00, 0.82, 839, 503, 333, 48.0, , 1
Java, reverse-complement, 10,  17.99, 8.09, 7.78, 0.00, 0.82, 835, 506, 325, 48.0, , 1
Java, reverse-complement, 10,  18.10, 8.12, 7.82, 0.00, 0.83, 837, 522, 312, 48.0, , 1
Java, reverse-complement, 10,  18.15, 8.19, 7.89, 0.00, 0.83, 841, 512, 326, 48.0, , 1
Java, reverse-complement, 10,  18.27, 8.22, 7.92, 0.00, 0.83, 845, 521, 316, 48.0, , 1
Java, reverse-complement, 10,  18.14, 8.09, 7.79, 0.00, 0.82, 836, 514, 320, 48.0, , 1
Java, reverse-complement, 10,  18.49, 8.08, 7.77, 0.00, 0.82, 837, 514, 319, 47.0, , 1
Java, reverse-complement, 10,  18.10, 8.01, 7.71, 0.00, 0.82, 831, 506, 322, 47.0, , 1
Java, reverse-complement, 10,  18.34, 8.09, 7.79, 0.00, 0.82, 841, 508, 330, 48.0, , 1
Java, reverse-complement, 10,  18.25, 8.06, 7.76, 0.00, 0.83, 836, 512, 321, 48.0, , 1
Java, reverse-complement, 10,  18.16, 8.12, 7.80, 0.00, 0.82, 836, 515, 318, 48.0, , 1
Java, reverse-complement, 10,  18.17, 8.11, 7.80, 0.00, 0.82, 836, 511, 321, 48.0, , 1
Java, reverse-complement, 10,  18.22, 8.14, 7.83, 0.00, 0.82, 839, 509, 325, 46.0, , 1
Java, reverse-complement, 10,  18.14, 8.14, 7.84, 0.00, 0.83, 838, 514, 321, 46.0, , 1
Java, reverse-complement, 10,  18.28, 8.18, 7.86, 0.00, 0.83, 840, 507, 327, 47.0, , 1
Java, reverse-complement, 10,  18.14, 8.13, 7.83, 0.00, 0.82, 838, 510, 325, 47.0, , 1
Java, reverse-complement, 10,  18.19, 8.17, 7.87, 0.00, 0.82, 840, 515, 321, 48.0, , 1
Java, spectral-norm, 10,  32.98, 15.32, 14.82, 0.00, 0.84, 1640, 1618, 14, 47.0, , 1
Java, spectral-norm, 10,  34.16, 15.69, 15.18, 0.00, 0.86, 1680, 1655, 21, 47.0, , 1
Java, spectral-norm, 10,  34.62, 15.89, 15.37, 0.00, 0.88, 1714, 1672, 21, 44.0, , 1
Java, spectral-norm, 10,  34.08, 15.73, 15.22, 0.00, 0.87, 1686, 1661, 20, 47.0, , 1
Java, spectral-norm, 10,  34.18, 15.65, 15.14, 0.00, 0.87, 1685, 1663, 17, 48.0, , 1
Java, spectral-norm, 10,  34.26, 15.66, 15.13, 0.00, 0.88, 1704, 1651, 21, 44.0, , 1
Java, spectral-norm, 10,  34.41, 15.76, 15.25, 0.00, 0.87, 1695, 1668, 18, 47.0, , 1
Java, spectral-norm, 10,  34.23, 15.73, 15.21, 0.00, 0.87, 1689, 1663, 22, 47.0, , 1
Java, spectral-norm, 10,  33.13, 15.24, 14.74, 0.00, 0.85, 1655, 1614, 17, 44.0, , 1
Java, spectral-norm, 10,  34.66, 15.95, 15.44, 0.00, 0.88, 1703, 1672, 16, 47.0, , 1
Java, spectral-norm, 10,  34.48, 15.85, 15.33, 0.00, 0.87, 1695, 1674, 14, 47.0, , 1
Java, spectral-norm, 10,  34.31, 15.84, 15.32, 0.00, 0.88, 1704, 1667, 16, 44.0, , 1
Java, spectral-norm, 10,  34.14, 15.98, 15.46, 0.00, 0.87, 1698, 1678, 15, 47.0, , 1
Java, spectral-norm, 10,  34.00, 15.77, 15.25, 0.00, 0.87, 1690, 1668, 16, 46.0, , 1
Java, spectral-norm, 10,  34.09, 15.71, 15.19, 0.00, 0.87, 1693, 1667, 18, 47.0, , 1
Java, spectral-norm, 10,  33.86, 15.58, 15.07, 0.00, 0.87, 1684, 1663, 16, 48.0, , 1
Java, spectral-norm, 10,  33.74, 15.64, 15.13, 0.00, 0.86, 1680, 1658, 17, 46.0, , 1
Java, spectral-norm, 10,  34.25, 15.73, 15.21, 0.00, 0.88, 1702, 1669, 12, 44.0, , 1
Java, spectral-norm, 10,  33.90, 15.75, 15.24, 0.00, 0.87, 1689, 1669, 14, 47.0, , 1
Java, spectral-norm, 10,  34.06, 15.76, 15.25, 0.00, 0.88, 1697, 1669, 16, 47.0, , 1
Python, binary-trees, 10,  1903.25, 890.11, 861.82, 0.00, 56.65, 90344, 88639, 1537, 48.0, , 1
Python, binary-trees, 10,  1916.79, 891.49, 863.16, 0.00, 56.67, 90483, 88807, 1504, 48.0, , 1
Python, binary-trees, 10,  1915.97, 889.37, 861.07, 0.00, 56.89, 90268, 88513, 1574, 48.0, , 1
Python, binary-trees, 10,  1928.41, 898.02, 869.48, 0.00, 57.09, 91182, 89433, 1588, 48.0, , 1
Python, binary-trees, 10,  1912.13, 889.06, 860.79, 0.00, 56.60, 90299, 88393, 1724, 48.0, , 1
Python, binary-trees, 10,  1913.68, 891.10, 862.74, 0.00, 56.73, 90526, 88683, 1641, 48.0, , 1
Python, binary-trees, 10,  1920.82, 892.67, 864.29, 0.00, 56.83, 90641, 88644, 1755, 48.0, , 1
Python, binary-trees, 10,  1916.88, 892.20, 863.84, 0.00, 56.75, 90590, 88864, 1560, 48.0, , 1
Python, binary-trees, 10,  1911.16, 889.56, 861.26, 0.00, 56.71, 90341, 88536, 1631, 48.0, , 1
Python, binary-trees, 10,  1917.85, 892.74, 864.35, 0.00, 56.80, 90672, 88869, 1615, 48.0, , 1
Python, binary-trees, 10,  1911.13, 887.42, 859.16, 0.00, 56.74, 90153, 88446, 1527, 48.0, , 1
Python, binary-trees, 10,  1921.04, 894.97, 866.52, 0.00, 56.98, 90881, 89141, 1573, 47.0, , 1
Python, binary-trees, 10,  1910.72, 892.78, 864.40, 0.00, 56.85, 90643, 88876, 1549, 47.0, , 1
Python, binary-trees, 10,  1910.73, 894.03, 865.64, 0.00, 56.94, 90746, 88996, 1575, 48.0, , 1
Python, binary-trees, 10,  1913.42, 893.85, 865.42, 0.00, 57.01, 90768, 88984, 1600, 48.0, , 1
Python, binary-trees, 10,  1899.83, 886.66, 858.47, 0.00, 56.50, 90030, 88290, 1565, 48.0, , 1
Python, binary-trees, 10,  1919.40, 896.99, 868.48, 0.00, 57.09, 91066, 89267, 1629, 48.0, , 1
Python, binary-trees, 10,  1899.18, 889.66, 861.37, 0.00, 56.64, 90348, 88510, 1657, 48.0, , 1
Python, binary-trees, 10,  1907.37, 893.17, 864.76, 0.00, 56.93, 90673, 88935, 1561, 48.0, , 1
Python, binary-trees, 10,  1897.82, 890.13, 861.79, 0.00, 56.67, 90399, 88544, 1660, 48.0, , 1
Python, fannkuch-redux, 10,  18561.38, 8839.37, 8571.60, 0.00, 446.50, 887392, 885959, 17, 51.0, , 1
Python, fannkuch-redux, 10,  18525.65, 8844.01, 8576.60, 0.00, 446.81, 887939, 886519, 11, 52.0, , 1
Python, fannkuch-redux, 10,  18613.91, 8877.47, 8608.95, 0.00, 448.40, 891269, 889822, 12, 53.0, , 1
Python, fannkuch-redux, 10,  18657.30, 8909.94, 8640.80, 0.00, 450.05, 894551, 893160, 6, 51.0, , 1
Python, fannkuch-redux, 10,  18575.60, 8848.12, 8580.15, 0.00, 446.88, 888248, 886885, 14, 50.0, , 1
Python, fannkuch-redux, 10,  18665.28, 8861.21, 8592.39, 0.00, 447.54, 889505, 888054, 15, 49.0, , 1
Python, fannkuch-redux, 10,  18492.39, 8851.84, 8583.16, 0.00, 447.08, 888486, 887095, 13, 49.0, , 1
Python, fannkuch-redux, 10,  19107.52, 9124.65, 8848.07, 0.00, 460.98, 915931, 914466, 13, 48.0, , 1
Python, fannkuch-redux, 10,  18698.12, 8926.45, 8656.02, 0.00, 451.01, 896124, 894707, 16, 48.0, , 1
Python, fannkuch-redux, 10,  19308.39, 9150.76, 8873.54, 0.00, 462.32, 918609, 917070, 15, 47.0, , 1
Python, fannkuch-redux, 10,  18531.00, 8865.20, 8596.67, 0.00, 447.90, 889927, 888524, 11, 48.0, , 1
Python, fannkuch-redux, 10,  18508.29, 8847.54, 8579.83, 0.00, 447.06, 888194, 886762, 22, 48.0, , 1
Python, fannkuch-redux, 10,  18440.97, 8832.95, 8565.82, 0.00, 446.36, 886750, 885324, 14, 48.0, , 1
Python, fannkuch-redux, 10,  18718.55, 8892.72, 8623.70, 0.00, 449.37, 892749, 891268, 25, 48.0, , 1
Python, fannkuch-redux, 10,  18573.16, 8830.42, 8563.64, 0.00, 446.22, 886485, 885051, 28, 48.0, , 1
Python, fannkuch-redux, 10,  18685.48, 8835.59, 8568.39, 0.00, 446.49, 887014, 885561, 24, 48.0, , 1
Python, fannkuch-redux, 10,  18594.37, 8843.45, 8576.47, 0.00, 446.92, 887861, 886486, 15, 47.0, , 1
Python, fannkuch-redux, 10,  18539.81, 8831.23, 8564.68, 0.00, 446.31, 886658, 885246, 20, 48.0, , 1
Python, fannkuch-redux, 10,  18919.99, 9029.99, 8755.62, 0.00, 459.28, 906581, 891332, 37, 47.0, , 1
Python, fannkuch-redux, 10,  18839.90, 8926.62, 8656.66, 0.00, 451.10, 896179, 894719, 14, 46.0, , 1
Python, fasta, 10,  899.63, 428.65, 415.73, 0.00, 21.66, 43031, 42924, 27, 47.0, , 1
Python, fasta, 10,  904.02, 431.51, 418.50, 0.00, 21.81, 43318, 43222, 32, 47.0, , 1
Python, fasta, 10,  913.51, 439.04, 425.80, 0.00, 22.18, 44076, 44004, 21, 47.0, , 1
Python, fasta, 10,  898.73, 431.87, 418.83, 0.00, 21.82, 43354, 43242, 31, 47.0, , 1
Python, fasta, 10,  892.66, 427.11, 414.24, 0.00, 21.58, 42879, 42795, 22, 47.0, , 1
Python, fasta, 10,  896.96, 426.96, 414.09, 0.00, 21.57, 42863, 42787, 22, 47.0, , 1
Python, fasta, 10,  900.32, 429.28, 416.33, 0.00, 21.69, 43081, 42965, 32, 47.0, , 1
Python, fasta, 10,  895.05, 426.80, 413.95, 0.00, 21.57, 42849, 42748, 27, 47.0, , 1
Python, fasta, 10,  900.89, 430.01, 417.05, 0.00, 21.73, 43171, 43048, 23, 47.0, , 1
Python, fasta, 10,  894.54, 427.33, 414.46, 0.00, 21.60, 42902, 42797, 20, 47.0, , 1
Python, fasta, 10,  892.44, 426.23, 413.40, 0.00, 21.54, 42790, 42715, 27, 46.0, , 1
Python, fasta, 10,  895.58, 428.98, 416.07, 0.00, 21.68, 43066, 42968, 26, 46.0, , 1
Python, fasta, 10,  894.06, 426.62, 413.77, 0.00, 21.57, 42829, 42731, 24, 46.0, , 1
Python, fasta, 10,  895.05, 426.69, 413.84, 0.00, 21.58, 42836, 42719, 23, 47.0, , 1
Python, fasta, 10,  893.53, 425.34, 412.52, 0.00, 21.50, 42699, 42580, 30, 47.0, , 1
Python, fasta, 10,  895.03, 427.50, 414.61, 0.00, 21.61, 42916, 42835, 25, 47.0, , 1
Python, fasta, 10,  891.92, 427.66, 414.78, 0.00, 21.61, 42933, 42841, 32, 47.0, , 1
Python, fasta, 10,  894.34, 427.32, 414.46, 0.00, 21.60, 42902, 42811, 25, 47.0, , 1
Python, fasta, 10,  902.37, 431.27, 418.28, 0.00, 21.80, 43296, 43201, 34, 46.0, , 1
Python, fasta, 10,  898.70, 428.50, 415.60, 0.00, 21.66, 43019, 42931, 22, 47.0, , 1
Python, k-nucleotide, 10,  3056.58, 1411.24, 1368.05, 0.00, 110.77, 142578, 141580, 707, 47.0, , 1
Python, k-nucleotide, 10,  3051.26, 1406.24, 1363.20, 0.00, 110.11, 142196, 141215, 696, 47.0, , 1
Python, k-nucleotide, 10,  3057.20, 1410.28, 1367.14, 0.00, 110.69, 142621, 141608, 748, 47.0, , 1
Python, k-nucleotide, 10,  3026.86, 1397.62, 1354.77, 0.00, 110.29, 141322, 140285, 720, 47.0, , 1
Python, k-nucleotide, 10,  3037.34, 1407.68, 1364.61, 0.00, 110.59, 142208, 141223, 729, 47.0, , 1
Python, k-nucleotide, 10,  2997.84, 1383.89, 1341.53, 0.00, 109.24, 139832, 138855, 706, 47.0, , 1
Python, k-nucleotide, 10,  3008.02, 1383.45, 1341.03, 0.00, 109.16, 139923, 138946, 704, 48.0, , 1
Python, k-nucleotide, 10,  2976.41, 1366.60, 1324.65, 0.00, 106.71, 138339, 137340, 743, 49.0, , 1
Python, k-nucleotide, 10,  3022.77, 1390.17, 1347.53, 0.00, 109.13, 140779, 139716, 760, 48.0, , 1
Python, k-nucleotide, 10,  3047.15, 1400.72, 1357.77, 0.00, 109.89, 141721, 140670, 718, 48.0, , 1
Python, k-nucleotide, 10,  3051.42, 1402.00, 1358.99, 0.00, 110.29, 141972, 141017, 704, 48.0, , 1
Python, k-nucleotide, 10,  3003.52, 1380.59, 1338.21, 0.00, 109.27, 139756, 138745, 731, 48.0, , 1
Python, k-nucleotide, 10,  3363.62, 1519.65, 1471.31, 0.00, 121.22, 154436, 141968, 842, 48.0, , 1
Python, k-nucleotide, 10,  3063.29, 1389.28, 1346.55, 0.00, 110.23, 141190, 140148, 789, 47.0, , 1
Python, k-nucleotide, 10,  3030.64, 1375.87, 1333.48, 0.00, 109.44, 139891, 138883, 743, 48.0, , 1
Python, k-nucleotide, 10,  3039.25, 1396.44, 1353.60, 0.00, 110.48, 141319, 140313, 732, 48.0, , 1
Python, k-nucleotide, 10,  3053.97, 1403.27, 1360.20, 0.00, 111.03, 142085, 140986, 762, 48.0, , 1
Python, k-nucleotide, 10,  3037.16, 1393.68, 1350.89, 0.00, 110.07, 141086, 140147, 671, 47.0, , 1
Python, k-nucleotide, 10,  3060.38, 1398.67, 1355.77, 0.00, 110.76, 141578, 140591, 714, 47.0, , 1
Python, k-nucleotide, 10,  2996.22, 1379.92, 1337.57, 0.00, 108.27, 139664, 138697, 707, 48.0, , 1
Python, mandelbrot, 10,  9677.17, 4572.16, 4434.08, 0.00, 231.04, 459011, 458236, 17, 47.0, , 1
Python, mandelbrot, 10,  9662.55, 4546.26, 4408.53, 0.00, 229.69, 456358, 455569, 21, 48.0, , 1
Python, mandelbrot, 10,  9601.02, 4522.14, 4385.18, 0.00, 228.47, 453940, 453235, 8, 48.0, , 1
Python, mandelbrot, 10,  9614.58, 4527.61, 4390.68, 0.00, 228.77, 454525, 453776, 12, 48.0, , 1
Python, mandelbrot, 10,  9619.65, 4542.67, 4405.47, 0.00, 229.54, 456068, 455278, 15, 47.0, , 1
Python, mandelbrot, 10,  9777.28, 4648.19, 4507.91, 0.00, 234.86, 466647, 465817, 17, 47.0, , 1
Python, mandelbrot, 10,  9711.68, 4613.26, 4473.98, 0.00, 233.07, 463140, 462402, 11, 48.0, , 1
Python, mandelbrot, 10,  9638.86, 4578.13, 4439.75, 0.00, 231.33, 459600, 458838, 17, 48.0, , 1
Python, mandelbrot, 10,  9776.59, 4654.51, 4513.86, 0.00, 235.21, 467271, 466504, 11, 47.0, , 1
Python, mandelbrot, 10,  9577.59, 4543.72, 4406.43, 0.00, 229.61, 456157, 455371, 19, 47.0, , 1
Python, mandelbrot, 10,  9909.78, 4697.79, 4555.82, 0.00, 237.41, 471629, 470842, 11, 47.0, , 1
Python, mandelbrot, 10,  9535.82, 4515.63, 4379.04, 0.00, 228.18, 453321, 452600, 12, 48.0, , 1
Python, mandelbrot, 10,  9606.70, 4540.91, 4403.60, 0.00, 229.45, 455847, 455089, 9, 48.0, , 1
Python, mandelbrot, 10,  9575.65, 4545.84, 4408.48, 0.00, 229.71, 456359, 455614, 9, 48.0, , 1
Python, mandelbrot, 10,  9583.80, 4565.37, 4427.40, 0.00, 230.70, 458312, 457553, 15, 47.0, , 1
Python, mandelbrot, 10,  9694.43, 4586.08, 4447.59, 0.00, 231.75, 460406, 459690, 13, 48.0, , 1
Python, mandelbrot, 10,  9613.21, 4531.52, 4394.47, 0.00, 229.00, 454907, 454058, 7, 48.0, , 1
Python, mandelbrot, 10,  9631.40, 4570.80, 4432.60, 0.00, 230.98, 458866, 458080, 13, 48.0, , 1
Python, mandelbrot, 10,  9778.91, 4639.45, 4499.10, 0.00, 234.45, 465736, 464944, 12, 48.0, , 1
Python, mandelbrot, 10,  9566.07, 4540.14, 4402.92, 0.00, 229.43, 455797, 455059, 13, 48.0, , 1
Python, n-body, 10,  5214.36, 2479.91, 2405.15, 0.00, 125.30, 248986, 248593, 6, 48.0, , 1
Python, n-body, 10,  5217.41, 2482.13, 2407.10, 0.00, 125.38, 249164, 248741, 5, 48.0, , 1
Python, n-body, 10,  5255.55, 2506.44, 2430.67, 0.00, 126.66, 251636, 250758, 4, 49.0, , 1
Python, n-body, 10,  5205.17, 2486.90, 2411.97, 0.00, 125.65, 249680, 249302, 10, 48.0, , 1
Python, n-body, 10,  5235.58, 2504.04, 2428.62, 0.00, 126.51, 251420, 251009, 4, 49.0, , 1
Python, n-body, 10,  5207.68, 2490.80, 2415.62, 0.00, 125.83, 250062, 249674, 3, 48.0, , 1
Python, n-body, 10,  5241.52, 2509.27, 2433.55, 0.00, 126.77, 251914, 251485, 4, 47.0, , 1
Python, n-body, 10,  5708.01, 2733.51, 2650.98, 0.00, 138.12, 274411, 273952, 9, 48.0, , 1
Python, n-body, 10,  5257.42, 2513.84, 2438.05, 0.00, 127.03, 252365, 251926, 8, 48.0, , 1
Python, n-body, 10,  5526.64, 2640.39, 2560.68, 0.00, 133.41, 265056, 264652, 4, 48.0, , 1
Python, n-body, 10,  5193.96, 2484.11, 2408.97, 0.00, 125.53, 249385, 248971, 4, 48.0, , 1
Python, n-body, 10,  5273.24, 2521.49, 2445.44, 0.00, 127.42, 253145, 252707, 4, 49.0, , 1
Python, n-body, 10,  5203.35, 2490.06, 2414.95, 0.00, 125.84, 250003, 249606, 6, 49.0, , 1
Python, n-body, 10,  5531.49, 2635.47, 2555.91, 0.00, 133.18, 264603, 264140, 4, 50.0, , 1
Python, n-body, 10,  5252.53, 2504.64, 2429.07, 0.00, 126.56, 251446, 251102, 3, 50.0, , 1
Python, n-body, 10,  5413.15, 2580.35, 2502.17, 0.00, 130.39, 259053, 258594, 3, 50.0, , 1
Python, n-body, 10,  5193.56, 2480.26, 2405.21, 0.00, 125.33, 248991, 248610, 6, 50.0, , 1
Python, n-body, 10,  5199.16, 2481.55, 2406.39, 0.00, 125.39, 249127, 248751, 8, 50.0, , 1
Python, n-body, 10,  5198.95, 2479.57, 2404.46, 0.00, 125.29, 248923, 248500, 1, 50.0, , 1
Python, n-body, 10,  5345.70, 2542.67, 2465.68, 0.00, 128.49, 255268, 254883, 6, 51.0, , 1
Python, regex-redux, 10,  270.41, 127.52, 123.59, 0.00, 7.28, 12822, 12338, 458, 51.0, , 1
Python, regex-redux, 10,  270.14, 127.78, 123.84, 0.00, 7.29, 12845, 12370, 453, 51.0, , 1
Python, regex-redux, 10,  271.80, 127.80, 123.85, 0.00, 7.30, 12846, 12379, 447, 51.0, , 1
Python, regex-redux, 10,  270.68, 127.59, 123.64, 0.00, 7.28, 12825, 12336, 471, 50.0, , 1
Python, regex-redux, 10,  270.25, 127.72, 123.78, 0.00, 7.30, 12840, 12367, 446, 51.0, , 1
Python, regex-redux, 10,  272.06, 127.97, 124.02, 0.00, 7.31, 12866, 12386, 454, 51.0, , 1
Python, regex-redux, 10,  271.69, 128.13, 124.17, 0.00, 7.32, 12878, 12363, 485, 51.0, , 1
Python, regex-redux, 10,  270.90, 128.02, 124.07, 0.00, 7.31, 12867, 12394, 453, 51.0, , 1
Python, regex-redux, 10,  270.74, 128.10, 124.14, 0.00, 7.31, 12875, 12381, 472, 51.0, , 1
Python, regex-redux, 10,  271.68, 128.43, 124.46, 0.00, 7.33, 12908, 12390, 486, 51.0, , 1
Python, regex-redux, 10,  271.92, 129.31, 125.32, 0.00, 7.38, 12993, 12434, 493, 51.0, , 1
Python, regex-redux, 10,  269.48, 128.47, 124.50, 0.00, 7.33, 12911, 12420, 465, 50.0, , 1
Python, regex-redux, 10,  270.48, 128.59, 124.63, 0.00, 7.35, 12924, 12454, 451, 51.0, , 1
Python, regex-redux, 10,  271.70, 128.48, 124.51, 0.00, 7.34, 12914, 12462, 427, 51.0, , 1
Python, regex-redux, 10,  270.64, 127.67, 123.72, 0.00, 7.29, 12833, 12353, 452, 51.0, , 1
Python, regex-redux, 10,  270.53, 127.88, 123.93, 0.00, 7.31, 12853, 12367, 465, 51.0, , 1
Python, regex-redux, 10,  270.56, 128.05, 124.10, 0.00, 7.31, 12869, 12397, 444, 51.0, , 1
Python, regex-redux, 10,  271.60, 127.83, 123.87, 0.00, 7.30, 12848, 12397, 434, 51.0, , 1
Python, regex-redux, 10,  271.90, 128.22, 124.27, 0.00, 7.33, 12887, 12416, 447, 51.0, , 1
Python, regex-redux, 10,  271.29, 128.62, 124.65, 0.00, 7.34, 12926, 12465, 438, 51.0, , 1
Python, reverse-complement, 10,  43.96, 20.52, 19.87, 0.00, 1.42, 2059, 1639, 415, 51.0, , 1
Python, reverse-complement, 10,  44.21, 20.64, 19.98, 0.00, 1.42, 2069, 1648, 417, 51.0, , 1
Python, reverse-complement, 10,  43.88, 20.60, 19.95, 0.00, 1.42, 2066, 1628, 427, 51.0, , 1
Python, reverse-complement, 10,  43.77, 20.47, 19.82, 0.00, 1.41, 2053, 1625, 424, 52.0, , 1
Python, reverse-complement, 10,  43.68, 20.53, 19.88, 0.00, 1.41, 2059, 1639, 416, 51.0, , 1
Python, reverse-complement, 10,  43.81, 20.63, 19.97, 0.00, 1.42, 2068, 1671, 393, 51.0, , 1
Python, reverse-complement, 10,  43.99, 20.63, 19.98, 0.00, 1.42, 2069, 1638, 419, 51.0, , 1
Python, reverse-complement, 10,  43.86, 20.63, 19.98, 0.00, 1.42, 2069, 1645, 420, 51.0, , 1
Python, reverse-complement, 10,  43.68, 20.54, 19.89, 0.00, 1.42, 2061, 1617, 439, 52.0, , 1
Python, reverse-complement, 10,  43.57, 20.49, 19.85, 0.00, 1.41, 2056, 1623, 429, 51.0, , 1
Python, reverse-complement, 10,  43.83, 20.49, 19.84, 0.00, 1.41, 2055, 1619, 432, 46.0, , 1
Python, reverse-complement, 10,  44.14, 20.57, 19.92, 0.00, 1.42, 2064, 1643, 414, 51.0, , 1
Python, reverse-complement, 10,  43.94, 20.55, 19.90, 0.00, 1.41, 2061, 1637, 420, 51.0, , 1
Python, reverse-complement, 10,  43.77, 20.61, 19.96, 0.00, 1.42, 2067, 1602, 461, 52.0, , 1
Python, reverse-complement, 10,  44.22, 20.59, 19.94, 0.00, 1.42, 2065, 1612, 449, 51.0, , 1
Python, reverse-complement, 10,  44.18, 20.63, 19.98, 0.00, 1.42, 2070, 1579, 482, 51.0, , 1
Python, reverse-complement, 10,  43.93, 20.58, 19.92, 0.00, 1.42, 2063, 1635, 420, 51.0, , 1
Python, reverse-complement, 10,  44.01, 20.59, 19.94, 0.00, 1.42, 2066, 1623, 437, 51.0, , 1
Python, reverse-complement, 10,  44.09, 20.66, 20.00, 0.00, 1.42, 2071, 1687, 381, 51.0, , 1
Python, reverse-complement, 10,  43.76, 20.50, 19.86, 0.00, 1.41, 2057, 1604, 448, 51.0, , 1
Python, spectral-norm, 10,  6768.60, 3183.70, 3087.19, 0.00, 161.01, 319605, 319004, 60, 51.0, , 1
Python, spectral-norm, 10,  6707.65, 3150.05, 3054.43, 0.00, 159.32, 316234, 315676, 56, 51.0, , 1
Python, spectral-norm, 10,  6753.84, 3175.48, 3079.17, 0.00, 160.59, 318782, 318156, 59, 52.0, , 1
Python, spectral-norm, 10,  6709.68, 3154.57, 3058.89, 0.00, 159.54, 316671, 316056, 66, 51.0, , 1
Python, spectral-norm, 10,  6735.12, 3168.50, 3072.39, 0.00, 160.22, 318082, 317495, 51, 52.0, , 1
Python, spectral-norm, 10,  6712.64, 3154.88, 3059.19, 0.00, 159.54, 316704, 316097, 57, 52.0, , 1
Python, spectral-norm, 10,  6745.48, 3159.77, 3063.89, 0.00, 159.80, 317206, 316616, 60, 52.0, , 1
Python, spectral-norm, 10,  6716.35, 3150.70, 3055.11, 0.00, 159.34, 316290, 315698, 49, 53.0, , 1
Python, spectral-norm, 10,  6867.94, 3218.40, 3120.77, 0.00, 162.74, 323083, 322529, 52, 53.0, , 1
Python, spectral-norm, 10,  6751.48, 3151.79, 3056.15, 0.00, 159.38, 316390, 315776, 54, 52.0, , 1
Python, spectral-norm, 10,  6780.06, 3168.39, 3072.24, 0.00, 160.20, 318061, 317485, 64, 52.0, , 1
Python, spectral-norm, 10,  6741.08, 3143.58, 3048.21, 0.00, 158.94, 315569, 314961, 61, 52.0, , 1
Python, spectral-norm, 10,  6776.26, 3155.88, 3060.12, 0.00, 159.56, 316798, 316208, 70, 53.0, , 1
Python, spectral-norm, 10,  6751.69, 3148.15, 3052.62, 0.00, 159.18, 316013, 315418, 58, 53.0, , 1
Python, spectral-norm, 10,  6750.29, 3152.19, 3056.53, 0.00, 159.38, 316422, 315895, 48, 53.0, , 1
Python, spectral-norm, 10,  6754.99, 3154.93, 3059.20, 0.00, 159.52, 316702, 316104, 57, 52.0, , 1
Python, spectral-norm, 10,  6717.89, 3146.36, 3050.89, 0.00, 159.10, 315845, 315285, 56, 53.0, , 1
Python, spectral-norm, 10,  6760.31, 3149.61, 3054.03, 0.00, 159.25, 316171, 315562, 59, 53.0, , 1
Python, spectral-norm, 10,  6778.29, 3157.47, 3061.63, 0.00, 159.64, 316956, 316394, 61, 52.0, , 1
Python, spectral-norm, 10,  6758.51, 3167.79, 3071.67, 0.00, 160.17, 317975, 317416, 47, 53.0, , 1
C, binary-trees, 15,  60.47, 29.73, 28.85, 0.00, 1.88, 2675, 2472, 190, 54.0, , 1
C, binary-trees, 15,  58.84, 28.79, 27.94, 0.00, 1.84, 2612, 2400, 199, 52.0, , 1
C, binary-trees, 15,  59.49, 28.88, 28.02, 0.00, 1.85, 2627, 2417, 196, 52.0, , 1
C, binary-trees, 15,  58.79, 28.88, 28.04, 0.00, 1.84, 2606, 2397, 195, 52.0, , 1
C, binary-trees, 15,  59.32, 29.05, 28.19, 0.00, 1.85, 2617, 2427, 178, 53.0, , 1
C, binary-trees, 15,  59.12, 28.89, 28.04, 0.00, 1.85, 2616, 2419, 183, 53.0, , 1
C, binary-trees, 15,  59.42, 29.04, 28.18, 0.00, 1.85, 2614, 2414, 183, 53.0, , 1
C, binary-trees, 15,  59.42, 29.19, 28.33, 0.00, 1.85, 2621, 2418, 187, 53.0, , 1
C, binary-trees, 15,  59.60, 29.05, 28.19, 0.00, 1.85, 2624, 2419, 191, 53.0, , 1
C, binary-trees, 15,  58.59, 28.57, 27.71, 0.00, 1.84, 2612, 2406, 192, 53.0, , 1
C, binary-trees, 15,  59.47, 29.06, 28.21, 0.00, 1.86, 2627, 2416, 190, 52.0, , 1
C, binary-trees, 15,  58.97, 28.91, 28.05, 0.00, 1.85, 2612, 2400, 198, 53.0, , 1
C, binary-trees, 15,  59.38, 29.09, 28.22, 0.00, 1.85, 2619, 2408, 193, 53.0, , 1
C, binary-trees, 15,  59.42, 29.12, 28.25, 0.00, 1.87, 2644, 2449, 182, 53.0, , 1
C, binary-trees, 15,  59.07, 28.94, 28.08, 0.00, 1.84, 2615, 2412, 186, 53.0, , 1
C, binary-trees, 15,  58.88, 29.37, 28.52, 0.00, 1.85, 2615, 2420, 182, 53.0, , 1
C, binary-trees, 15,  59.23, 29.04, 28.19, 0.00, 1.85, 2617, 2423, 180, 53.0, , 1
C, binary-trees, 15,  59.33, 29.00, 28.14, 0.00, 1.85, 2618, 2405, 194, 53.0, , 1
C, binary-trees, 15,  59.14, 28.73, 27.87, 0.00, 1.84, 2611, 2408, 190, 53.0, , 1
C, binary-trees, 15,  59.03, 28.96, 28.10, 0.00, 1.85, 2608, 2393, 201, 52.0, , 1
C, fannkuch-redux, 15,  150.21, 68.99, 66.74, 0.00, 3.73, 7419, 7407, 7407, 52.0, , 1
C, fannkuch-redux, 15,  149.84, 68.82, 66.57, 0.00, 3.73, 7415, 7407, 0, 52.0, , 1
C, fannkuch-redux, 15,  150.10, 68.83, 66.57, 0.00, 3.73, 7417, 7407, 7407, 53.0, , 1
C, fannkuch-redux, 15,  150.13, 68.80, 66.56, 0.00, 3.73, 7413, 7407, 7407, 52.0, , 1
C, fannkuch-redux, 15,  149.40, 67.83, 65.58, 0.00, 3.73, 7414, 7407, 0, 53.0, , 1
C, fannkuch-redux, 15,  149.81, 68.87, 66.62, 0.00, 3.74, 7425, 7405, 1, 52.0, , 1
C, fannkuch-redux, 15,  149.23, 68.42, 66.18, 0.00, 3.73, 7412, 7407, 7407, 52.0, , 1
C, fannkuch-redux, 15,  149.38, 68.79, 66.54, 0.00, 3.74, 7426, 7406, 0, 52.0, , 1
C, fannkuch-redux, 15,  149.07, 68.63, 66.39, 0.00, 3.73, 7414, 7407, 7407, 52.0, , 1
C, fannkuch-redux, 15,  151.07, 68.57, 66.32, 0.00, 3.75, 7437, 7406, 1, 52.0, , 1
C, fannkuch-redux, 15,  149.57, 68.64, 66.40, 0.00, 3.73, 7413, 7405, 1, 52.0, , 1
C, fannkuch-redux, 15,  148.86, 68.85, 66.61, 0.00, 3.73, 7415, 7407, 0, 52.0, , 1
C, fannkuch-redux, 15,  149.46, 68.62, 66.38, 0.00, 3.74, 7421, 7408, 7408, 52.0, , 1
C, fannkuch-redux, 15,  149.59, 68.79, 66.54, 0.00, 3.73, 7413, 7405, 1, 52.0, , 1
C, fannkuch-redux, 15,  149.80, 68.95, 66.71, 0.00, 3.73, 7420, 7406, 0, 52.0, , 1
C, fannkuch-redux, 15,  149.87, 68.97, 66.73, 0.00, 3.73, 7414, 7406, 0, 51.0, , 1
C, fannkuch-redux, 15,  149.26, 68.96, 66.72, 0.00, 3.73, 7413, 7406, 0, 52.0, , 1
C, fannkuch-redux, 15,  149.41, 68.92, 66.68, 0.00, 3.74, 7418, 7407, 0, 52.0, , 1
C, fannkuch-redux, 15,  149.78, 69.28, 67.04, 0.00, 3.73, 7416, 7406, 0, 52.0, , 1
C, fannkuch-redux, 15,  149.43, 68.79, 66.56, 0.00, 3.74, 7420, 7406, 0, 51.0, , 1
C, fasta, 15,  12.69, 5.51, 5.31, 0.00, 0.33, 662, 644, 17, 43.0, , 1
C, fasta, 15,  12.55, 5.34, 5.14, 0.00, 0.33, 661, 648, 12, 50.0, , 1
C, fasta, 15,  12.61, 5.40, 5.20, 0.00, 0.33, 661, 650, 10, 50.0, , 1
C, fasta, 15,  12.60, 5.46, 5.26, 0.00, 0.33, 661, 647, 13, 50.0, , 1
C, fasta, 15,  12.65, 5.50, 5.31, 0.00, 0.33, 661, 653, 7, 50.0, , 1
C, fasta, 15,  12.57, 5.48, 5.27, 0.00, 0.34, 661, 645, 16, 51.0, , 1
C, fasta, 15,  12.57, 5.44, 5.25, 0.00, 0.33, 661, 654, 6, 51.0, , 1
C, fasta, 15,  12.58, 5.47, 5.26, 0.00, 0.33, 661, 641, 19, 50.0, , 1
C, fasta, 15,  12.60, 5.45, 5.25, 0.00, 0.34, 662, 644, 17, 50.0, , 1
C, fasta, 15,  12.57, 5.49, 5.29, 0.00, 0.33, 661, 650, 10, 51.0, , 1
C, fasta, 15,  12.61, 5.42, 5.22, 0.00, 0.34, 661, 649, 11, 51.0, , 1
C, fasta, 15,  12.82, 5.54, 5.33, 0.00, 0.34, 662, 645, 15, 51.0, , 1
C, fasta, 15,  12.88, 5.53, 5.33, 0.00, 0.34, 665, 638, 24, 51.0, , 1
C, fasta, 15,  12.60, 5.39, 5.19, 0.00, 0.33, 661, 649, 11, 50.0, , 1
C, fasta, 15,  12.59, 5.36, 5.17, 0.00, 0.33, 662, 643, 17, 50.0, , 1
C, fasta, 15,  12.63, 5.48, 5.29, 0.00, 0.33, 662, 651, 9, 50.0, , 1
C, fasta, 15,  12.94, 5.54, 5.33, 0.00, 0.34, 663, 644, 17, 50.0, , 1
C, fasta, 15,  12.69, 5.52, 5.32, 0.00, 0.34, 662, 648, 12, 51.0, , 1
C, fasta, 15,  12.67, 5.53, 5.33, 0.00, 0.34, 662, 647, 14, 51.0, , 1
C, fasta, 15,  12.80, 5.59, 5.40, 0.00, 0.34, 668, 646, 15, 51.0, , 1
C, k-nucleotide, 15,  166.41, 83.11, 80.87, 0.00, 4.05, 7455, 7337, 99, 53.0, , 1
C, k-nucleotide, 15,  167.67, 83.40, 81.15, 0.00, 4.09, 7482, 7367, 103, 52.0, , 1
C, k-nucleotide, 15,  167.22, 83.04, 80.80, 0.00, 4.07, 7460, 7330, 115, 52.0, , 1
C, k-nucleotide, 15,  166.84, 82.88, 80.64, 0.00, 4.09, 7481, 7380, 92, 53.0, , 1
C, k-nucleotide, 15,  167.83, 83.71, 81.45, 0.00, 4.22, 7539, 7418, 103, 52.0, , 1
C, k-nucleotide, 15,  166.14, 83.11, 80.88, 0.00, 4.05, 7444, 7317, 119, 53.0, , 1
C, k-nucleotide, 15,  168.24, 83.68, 81.43, 0.00, 4.22, 7534, 7425, 100, 53.0, , 1
C, k-nucleotide, 15,  168.14, 83.58, 81.32, 0.00, 4.09, 7502, 7358, 93, 53.0, , 1
C, k-nucleotide, 15,  166.43, 82.97, 80.74, 0.00, 4.07, 7457, 7347, 99, 52.0, , 1
C, k-nucleotide, 15,  166.02, 83.04, 80.80, 0.00, 4.05, 7450, 7342, 94, 53.0, , 1
C, k-nucleotide, 15,  167.37, 83.44, 81.21, 0.00, 4.11, 7483, 7375, 93, 53.0, , 1
C, k-nucleotide, 15,  167.13, 83.32, 81.10, 0.00, 4.04, 7446, 7329, 104, 53.0, , 1
C, k-nucleotide, 15,  166.97, 82.85, 80.62, 0.00, 4.04, 7439, 7342, 89, 53.0, , 1
C, k-nucleotide, 15,  166.58, 82.67, 80.44, 0.00, 4.04, 7443, 7348, 85, 53.0, , 1
C, k-nucleotide, 15,  167.75, 83.40, 81.16, 0.00, 4.13, 7494, 7369, 106, 53.0, , 1
C, k-nucleotide, 15,  166.56, 83.46, 81.24, 0.00, 4.05, 7447, 7337, 97, 53.0, , 1
C, k-nucleotide, 15,  166.86, 83.06, 80.82, 0.00, 4.06, 7468, 7359, 92, 53.0, , 1
C, k-nucleotide, 15,  166.80, 83.11, 80.88, 0.00, 4.04, 7438, 7337, 93, 53.0, , 1
C, k-nucleotide, 15,  166.62, 83.18, 80.94, 0.00, 4.05, 7447, 7331, 100, 53.0, , 1
C, k-nucleotide, 15,  166.93, 83.24, 81.01, 0.00, 4.05, 7463, 7334, 120, 53.0, , 1
C, mandelbrot, 15,  70.92, 32.43, 31.35, 0.00, 1.80, 3571, 3556, 11, 52.0, , 1
C, mandelbrot, 15,  70.89, 32.37, 31.30, 0.00, 1.80, 3574, 3558, 11, 52.0, , 1
C, mandelbrot, 15,  71.10, 32.48, 31.40, 0.00, 1.80, 3573, 3556, 12, 52.0, , 1
C, mandelbrot, 15,  71.43, 32.32, 31.23, 0.00, 1.81, 3573, 3553, 16, 52.0, , 1
C, mandelbrot, 15,  70.98, 32.27, 31.19, 0.00, 1.80, 3571, 3548, 19, 52.0, , 1
C, mandelbrot, 15,  71.04, 32.52, 31.43, 0.00, 1.81, 3577, 3558, 11, 52.0, , 1
C, mandelbrot, 15,  70.89, 32.39, 31.30, 0.00, 1.80, 3571, 3550, 17, 52.0, , 1
C, mandelbrot, 15,  70.88, 32.48, 31.39, 0.00, 1.80, 3569, 3554, 12, 52.0, , 1
C, mandelbrot, 15,  71.22, 32.35, 31.27, 0.00, 1.81, 3579, 3556, 12, 52.0, , 1
C, mandelbrot, 15,  71.24, 32.33, 31.24, 0.00, 1.81, 3573, 3556, 11, 52.0, , 1
C, mandelbrot, 15,  71.33, 32.49, 31.41, 0.00, 1.81, 3575, 3548, 19, 52.0, , 1
C, mandelbrot, 15,  71.03, 32.39, 31.31, 0.00, 1.80, 3573, 3558, 11, 52.0, , 1
C, mandelbrot, 15,  70.96, 32.26, 31.18, 0.00, 1.81, 3578, 3563, 5, 52.0, , 1
C, mandelbrot, 15,  70.84, 32.27, 31.18, 0.00, 1.80, 3572, 3559, 9, 52.0, , 1
C, mandelbrot, 15,  70.92, 32.31, 31.22, 0.00, 1.81, 3574, 3554, 15, 52.0, , 1
C, mandelbrot, 15,  71.63, 32.35, 31.27, 0.00, 1.81, 3584, 3555, 13, 52.0, , 1
C, mandelbrot, 15,  71.06, 32.29, 31.21, 0.00, 1.80, 3573, 3553, 15, 51.0, , 1
C, mandelbrot, 15,  71.44, 32.17, 31.09, 0.00, 1.81, 3575, 3562, 5, 52.0, , 1
C, mandelbrot, 15,  71.09, 32.29, 31.21, 0.00, 1.80, 3570, 3550, 16, 51.0, , 1
C, mandelbrot, 15,  71.26, 32.19, 31.11, 0.00, 1.81, 3578, 3556, 13, 51.0, , 1
C, n-body, 15,  35.37, 16.63, 16.10, 0.00, 0.87, 1721, 1718, 0, 51.0, , 1
C, n-body, 15,  35.62, 16.62, 16.10, 0.00, 0.87, 1720, 1719, 1719, 52.0, , 1
C, n-body, 15,  35.44, 16.63, 16.11, 0.00, 0.87, 1720, 1718, 0, 51.0, , 1
C, n-body, 15,  35.43, 16.65, 16.12, 0.00, 0.87, 1720, 1718, 0, 52.0, , 1
C, n-body, 15,  35.73, 16.68, 16.16, 0.00, 0.87, 1726, 1718, 0, 51.0, , 1
C, n-body, 15,  35.46, 16.67, 16.15, 0.00, 0.87, 1720, 1718, 0, 51.0, , 1
C, n-body, 15,  35.85, 16.63, 16.11, 0.00, 0.87, 1721, 1718, 0, 51.0, , 1
C, n-body, 15,  35.88, 16.66, 16.13, 0.00, 0.87, 1720, 1719, 1719, 51.0, , 1
C, n-body, 15,  35.75, 16.77, 16.25, 0.00, 0.87, 1724, 1718, 0, 51.0, , 1
C, n-body, 15,  35.85, 16.69, 16.17, 0.00, 0.87, 1725, 1718, 1, 46.0, , 1
C, n-body, 15,  35.66, 16.64, 16.12, 0.00, 0.87, 1719, 1719, 1719, 51.0, , 1
C, n-body, 15,  35.50, 16.62, 16.10, 0.00, 0.87, 1720, 1718, 0, 52.0, , 1
C, n-body, 15,  35.44, 16.65, 16.12, 0.00, 0.87, 1720, 1719, 1719, 52.0, , 1
C, n-body, 15,  35.45, 16.65, 16.13, 0.00, 0.87, 1720, 1719, 1719, 52.0, , 1
C, n-body, 15,  35.90, 16.78, 16.26, 0.00, 0.87, 1721, 1717, 1, 52.0, , 1
C, n-body, 15,  35.44, 16.66, 16.14, 0.00, 0.87, 1720, 1719, 1719, 51.0, , 1
C, n-body, 15,  35.37, 16.66, 16.14, 0.00, 0.87, 1720, 1719, 1719, 51.0, , 1
C, n-body, 15,  35.49, 16.68, 16.15, 0.00, 0.87, 1720, 1719, 1719, 52.0, , 1
C, n-body, 15,  35.44, 16.69, 16.17, 0.00, 0.87, 1720, 1719, 1719, 51.0, , 1
C, n-body, 15,  35.44, 16.76, 16.23, 0.00, 0.87, 1720, 1718, 0, 51.0, , 1
C, regex-redux, 15,  36.59, 17.40, 16.88, 0.00, 1.10, 1690, 1603, 79, 52.0, , 1
C, regex-redux, 15,  36.44, 17.33, 16.80, 0.00, 1.09, 1686, 1607, 76, 52.0, , 1
C, regex-redux, 15,  36.37, 17.32, 16.81, 0.00, 1.09, 1686, 1609, 74, 52.0, , 1
C, regex-redux, 15,  36.47, 17.45, 16.92, 0.00, 1.09, 1690, 1611, 73, 52.0, , 1
C, regex-redux, 15,  36.49, 17.49, 16.96, 0.00, 1.09, 1686, 1609, 73, 52.0, , 1
C, regex-redux, 15,  36.30, 17.42, 16.90, 0.00, 1.09, 1686, 1608, 75, 52.0, , 1
C, regex-redux, 15,  36.54, 17.54, 17.02, 0.00, 1.09, 1687, 1609, 75, 52.0, , 1
C, regex-redux, 15,  36.40, 17.37, 16.86, 0.00, 1.09, 1684, 1604, 78, 52.0, , 1
C, regex-redux, 15,  36.55, 17.51, 16.99, 0.00, 1.10, 1692, 1609, 73, 52.0, , 1
C, regex-redux, 15,  36.32, 17.56, 17.03, 0.00, 1.09, 1685, 1607, 77, 52.0, , 1
C, regex-redux, 15,  36.37, 17.43, 16.92, 0.00, 1.09, 1685, 1595, 87, 52.0, , 1
C, regex-redux, 15,  36.50, 17.52, 17.00, 0.00, 1.09, 1685, 1605, 78, 52.0, , 1
C, regex-redux, 15,  36.44, 17.46, 16.94, 0.00, 1.09, 1687, 1600, 84, 52.0, , 1
C, regex-redux, 15,  36.59, 17.48, 16.96, 0.00, 1.09, 1686, 1603, 81, 52.0, , 1
C, regex-redux, 15,  36.38, 17.39, 16.88, 0.00, 1.09, 1687, 1594, 89, 52.0, , 1
C, regex-redux, 15,  36.19, 17.26, 16.74, 0.00, 1.09, 1687, 1602, 81, 52.0, , 1
C, regex-redux, 15,  36.32, 17.31, 16.80, 0.00, 1.09, 1685, 1608, 75, 51.0, , 1
C, regex-redux, 15,  36.56, 17.33, 16.81, 0.00, 1.09, 1687, 1604, 80, 52.0, , 1
C, regex-redux, 15,  36.26, 17.31, 16.79, 0.00, 1.09, 1685, 1608, 74, 51.0, , 1
C, regex-redux, 15,  36.44, 17.38, 16.86, 0.00, 1.10, 1693, 1603, 81, 51.0, , 1
C, reverse-complement, 15,  2.76, 1.27, 1.23, 0.00, 0.16, 117, 38, 78, 51.0, , 1
C, reverse-complement, 15,  2.77, 1.28, 1.23, 0.00, 0.16, 118, 36, 81, 52.0, , 1
C, reverse-complement, 15,  2.76, 1.28, 1.23, 0.00, 0.16, 118, 38, 80, 42.0, , 1
C, reverse-complement, 15,  2.75, 1.27, 1.22, 0.00, 0.16, 117, 33, 83, 42.0, , 1
C, reverse-complement, 15,  2.77, 1.27, 1.22, 0.00, 0.16, 118, 36, 81, 42.0, , 1
C, reverse-complement, 15,  2.77, 1.28, 1.23, 0.00, 0.16, 119, 39, 79, 42.0, , 1
C, reverse-complement, 15,  3.02, 1.39, 1.34, 0.00, 0.17, 130, 40, 77, 42.0, , 1
C, reverse-complement, 15,  2.78, 1.28, 1.23, 0.00, 0.16, 117, 39, 79, 42.0, , 1
C, reverse-complement, 15,  2.79, 1.29, 1.23, 0.00, 0.16, 117, 35, 81, 52.0, , 1
C, reverse-complement, 15,  2.74, 1.27, 1.23, 0.00, 0.16, 118, 40, 77, 42.0, , 1
C, reverse-complement, 15,  2.77, 1.29, 1.24, 0.00, 0.16, 117, 34, 84, 42.0, , 1
C, reverse-complement, 15,  2.77, 1.29, 1.24, 0.00, 0.16, 118, 39, 78, 42.0, , 1
C, reverse-complement, 15,  2.76, 1.28, 1.24, 0.00, 0.16, 117, 35, 83, 42.0, , 1
C, reverse-complement, 15,  2.77, 1.29, 1.24, 0.00, 0.16, 118, 36, 81, 42.0, , 1
C, reverse-complement, 15,  2.81, 1.29, 1.24, 0.00, 0.16, 118, 36, 81, 42.0, , 1
C, reverse-complement, 15,  2.82, 1.28, 1.24, 0.00, 0.16, 118, 37, 80, 51.0, , 1
C, reverse-complement, 15,  2.79, 1.29, 1.24, 0.00, 0.16, 118, 40, 77, 51.0, , 1
C, reverse-complement, 15,  2.79, 1.27, 1.23, 0.00, 0.16, 118, 36, 81, 51.0, , 1
C, reverse-complement, 15,  2.82, 1.30, 1.24, 0.00, 0.16, 119, 35, 82, 51.0, , 1
C, reverse-complement, 15,  2.78, 1.28, 1.24, 0.00, 0.16, 118, 39, 78, 51.0, , 1
C, spectral-norm, 15,  23.54, 11.18, 10.84, 0.00, 0.58, 1151, 1150, 1150, 51.0, , 1
C, spectral-norm, 15,  23.65, 11.18, 10.83, 0.00, 0.58, 1151, 1150, 1150, 51.0, , 1
C, spectral-norm, 15,  23.58, 11.19, 10.83, 0.00, 0.58, 1150, 1150, 1150, 51.0, , 1
C, spectral-norm, 15,  23.62, 11.16, 10.82, 0.00, 0.58, 1151, 1149, 0, 51.0, , 1
C, spectral-norm, 15,  23.61, 11.16, 10.82, 0.00, 0.58, 1151, 1148, 1, 52.0, , 1
C, spectral-norm, 15,  24.08, 11.19, 10.84, 0.00, 0.58, 1153, 1149, 1, 51.0, , 1
C, spectral-norm, 15,  23.69, 11.20, 10.85, 0.00, 0.58, 1155, 1150, 1150, 51.0, , 1
C, spectral-norm, 15,  23.66, 11.16, 10.82, 0.00, 0.58, 1151, 1149, 0, 51.0, , 1
C, spectral-norm, 15,  23.63, 11.25, 10.90, 0.00, 0.58, 1151, 1149, 0, 52.0, , 1
C, spectral-norm, 15,  23.69, 11.26, 10.91, 0.00, 0.58, 1151, 1149, 0, 51.0, , 1
C, spectral-norm, 15,  23.64, 11.26, 10.91, 0.00, 0.58, 1150, 1150, 1150, 51.0, , 1
C, spectral-norm, 15,  23.62, 11.20, 10.86, 0.00, 0.58, 1151, 1148, 1, 52.0, , 1
C, spectral-norm, 15,  23.77, 11.28, 10.94, 0.00, 0.58, 1151, 1149, 0, 51.0, , 1
C, spectral-norm, 15,  23.87, 11.25, 10.91, 0.00, 0.58, 1151, 1149, 0, 52.0, , 1
C, spectral-norm, 15,  23.71, 11.21, 10.86, 0.00, 0.58, 1150, 1149, 0, 51.0, , 1
C, spectral-norm, 15,  23.81, 11.17, 10.83, 0.00, 0.58, 1151, 1150, 1150, 51.0, , 1
C, spectral-norm, 15,  23.80, 11.20, 10.85, 0.00, 0.59, 1156, 1148, 1, 51.0, , 1
C, spectral-norm, 15,  23.76, 11.11, 10.76, 0.00, 0.58, 1150, 1150, 1150, 51.0, , 1
C, spectral-norm, 15,  23.69, 11.15, 10.81, 0.00, 0.58, 1150, 1150, 1150, 52.0, , 1
C, spectral-norm, 15,  23.80, 11.18, 10.83, 0.00, 0.58, 1151, 1149, 0, 51.0, , 1
C++, binary-trees, 15,  54.65, 26.68, 25.87, 0.00, 1.73, 2441, 2361, 73, 51.0, , 1
C++, binary-trees, 15,  54.96, 26.77, 25.97, 0.00, 1.73, 2437, 2343, 90, 51.0, , 1
C++, binary-trees, 15,  54.52, 26.53, 25.73, 0.00, 1.73, 2437, 2347, 82, 51.0, , 1
C++, binary-trees, 15,  54.68, 26.70, 25.89, 0.00, 1.73, 2436, 2365, 67, 52.0, , 1
C++, binary-trees, 15,  54.53, 26.70, 25.90, 0.00, 1.73, 2435, 2340, 92, 52.0, , 1
C++, binary-trees, 15,  54.37, 26.82, 26.02, 0.00, 1.73, 2435, 2353, 77, 52.0, , 1
C++, binary-trees, 15,  54.46, 26.68, 25.88, 0.00, 1.73, 2436, 2349, 84, 51.0, , 1
C++, binary-trees, 15,  54.70, 26.78, 25.99, 0.00, 1.73, 2438, 2344, 90, 52.0, , 1
C++, binary-trees, 15,  54.59, 26.63, 25.84, 0.00, 1.74, 2444, 2366, 70, 52.0, , 1
C++, binary-trees, 15,  54.55, 26.66, 25.87, 0.00, 1.73, 2437, 2350, 84, 52.0, , 1
C++, binary-trees, 15,  54.87, 26.68, 25.88, 0.00, 1.73, 2442, 2361, 77, 52.0, , 1
C++, binary-trees, 15,  55.06, 26.41, 25.60, 0.00, 1.74, 2451, 2360, 79, 51.0, , 1
C++, binary-trees, 15,  54.79, 26.60, 25.79, 0.00, 1.74, 2441, 2344, 93, 52.0, , 1
C++, binary-trees, 15,  54.70, 26.57, 25.78, 0.00, 1.73, 2435, 2349, 82, 52.0, , 1
C++, binary-trees, 15,  54.58, 26.41, 25.60, 0.00, 1.73, 2435, 2354, 78, 52.0, , 1
C++, binary-trees, 15,  57.24, 27.88, 27.04, 0.00, 1.81, 2580, 2498, 68, 52.0, , 1
C++, binary-trees, 15,  54.58, 26.56, 25.77, 0.00, 1.73, 2436, 2354, 79, 52.0, , 1
C++, binary-trees, 15,  54.46, 26.68, 25.88, 0.00, 1.73, 2438, 2344, 90, 52.0, , 1
C++, binary-trees, 15,  54.58, 26.51, 25.71, 0.00, 1.73, 2439, 2361, 75, 52.0, , 1
C++, binary-trees, 15,  54.96, 26.88, 26.08, 0.00, 1.74, 2446, 2361, 79, 51.0, , 1
C++, fannkuch-redux, 15,  257.10, 113.56, 109.54, 0.00, 6.68, 13269, 13238, 1, 51.0, , 1
C++, fannkuch-redux, 15,  256.88, 114.10, 110.08, 0.00, 6.67, 13256, 13234, 2, 51.0, , 1
C++, fannkuch-redux, 15,  256.52, 113.89, 109.88, 0.00, 6.67, 13256, 13240, 13240, 52.0, , 1
C++, fannkuch-redux, 15,  255.99, 114.10, 110.09, 0.00, 6.67, 13266, 13241, 1, 51.0, , 1
C++, fannkuch-redux, 15,  257.30, 114.12, 110.12, 0.00, 6.67, 13253, 13235, 1, 51.0, , 1
C++, fannkuch-redux, 15,  258.25, 114.56, 110.55, 0.00, 6.67, 13264, 13241, 2, 51.0, , 1
C++, fannkuch-redux, 15,  258.20, 114.33, 110.32, 0.00, 6.67, 13257, 13235, 2, 51.0, , 1
C++, fannkuch-redux, 15,  257.21, 113.83, 109.82, 0.00, 6.68, 13265, 13238, 1, 51.0, , 1
C++, fannkuch-redux, 15,  256.74, 114.84, 110.82, 0.00, 6.67, 13257, 13244, 13244, 51.0, , 1
C++, fannkuch-redux, 15,  257.52, 115.23, 111.21, 0.00, 6.69, 13276, 13246, 0, 51.0, , 1
C++, fannkuch-redux, 15,  258.67, 115.95, 111.94, 0.00, 6.68, 13258, 13238, 0, 51.0, , 1
C++, fannkuch-redux, 15,  257.17, 114.66, 110.64, 0.00, 6.68, 13262, 13245, 1, 51.0, , 1
C++, fannkuch-redux, 15,  256.18, 114.43, 110.42, 0.00, 6.67, 13255, 13237, 0, 51.0, , 1
C++, fannkuch-redux, 15,  258.89, 115.70, 111.68, 0.00, 6.69, 13290, 13235, 1, 52.0, , 1
C++, fannkuch-redux, 15,  257.17, 114.61, 110.58, 0.00, 6.68, 13261, 13244, 0, 51.0, , 1
C++, fannkuch-redux, 15,  257.31, 115.19, 111.18, 0.00, 6.67, 13258, 13237, 13237, 51.0, , 1
C++, fannkuch-redux, 15,  257.22, 114.38, 110.38, 0.00, 6.67, 13260, 13244, 0, 52.0, , 1
C++, fannkuch-redux, 15,  257.38, 114.48, 110.46, 0.00, 6.68, 13261, 13235, 1, 51.0, , 1
C++, fannkuch-redux, 15,  257.29, 115.17, 111.15, 0.00, 6.68, 13262, 13242, 3, 51.0, , 1
C++, fannkuch-redux, 15,  256.65, 115.22, 111.19, 0.00, 6.67, 13263, 13243, 0, 51.0, , 1
C++, fasta, 15,  19.11, 8.36, 8.06, 0.00, 0.50, 987, 979, 7, 51.0, , 1
C++, fasta, 15,  19.03, 8.45, 8.15, 0.00, 0.50, 986, 975, 10, 51.0, , 1
C++, fasta, 15,  19.20, 8.48, 8.18, 0.00, 0.50, 987, 975, 10, 51.0, , 1
C++, fasta, 15,  19.03, 8.36, 8.06, 0.00, 0.50, 986, 979, 6, 51.0, , 1
C++, fasta, 15,  19.03, 8.37, 8.06, 0.00, 0.50, 986, 981, 4, 51.0, , 1
C++, fasta, 15,  19.06, 8.36, 8.07, 0.00, 0.50, 986, 980, 5, 50.0, , 1
C++, fasta, 15,  19.15, 8.40, 8.09, 0.00, 0.50, 987, 982, 3, 51.0, , 1
C++, fasta, 15,  19.06, 8.41, 8.11, 0.00, 0.50, 986, 980, 5, 51.0, , 1
C++, fasta, 15,  19.03, 8.39, 8.08, 0.00, 0.50, 987, 983, 2, 51.0, , 1
C++, fasta, 15,  19.02, 8.36, 8.05, 0.00, 0.50, 987, 981, 4, 51.0, , 1
C++, fasta, 15,  19.00, 8.41, 8.11, 0.00, 0.50, 986, 983, 2, 51.0, , 1
C++, fasta, 15,  18.95, 8.37, 8.07, 0.00, 0.50, 986, 979, 6, 51.0, , 1
C++, fasta, 15,  18.93, 8.37, 8.07, 0.00, 0.50, 986, 985, 0, 51.0, , 1
C++, fasta, 15,  19.10, 8.35, 8.05, 0.00, 0.50, 990, 981, 4, 51.0, , 1
C++, fasta, 15,  18.98, 8.36, 8.05, 0.00, 0.50, 987, 981, 4, 51.0, , 1
C++, fasta, 15,  18.97, 8.34, 8.04, 0.00, 0.50, 986, 981, 4, 51.0, , 1
C++, fasta, 15,  18.98, 8.39, 8.08, 0.00, 0.50, 987, 980, 5, 51.0, , 1
C++, fasta, 15,  19.08, 8.36, 8.06, 0.00, 0.50, 990, 979, 6, 51.0, , 1
C++, fasta, 15,  18.95, 8.40, 8.11, 0.00, 0.50, 986, 981, 4, 51.0, , 1
C++, fasta, 15,  19.09, 8.44, 8.14, 0.00, 0.50, 986, 979, 6, 51.0, , 1
C++, k-nucleotide, 15,  80.63, 37.17, 35.97, 0.00, 2.94, 3754, 3577, 168, 52.0, , 1
C++, k-nucleotide, 15,  80.07, 36.93, 35.74, 0.00, 2.94, 3746, 3572, 164, 52.0, , 1
C++, k-nucleotide, 15,  79.58, 36.92, 35.72, 0.00, 2.97, 3754, 3607, 141, 52.0, , 1
C++, k-nucleotide, 15,  79.82, 36.99, 35.80, 0.00, 2.93, 3745, 3589, 148, 52.0, , 1
C++, k-nucleotide, 15,  80.26, 37.08, 35.88, 0.00, 2.93, 3747, 3593, 148, 52.0, , 1
C++, k-nucleotide, 15,  80.03, 37.00, 35.80, 0.00, 2.94, 3745, 3593, 146, 52.0, , 1
C++, k-nucleotide, 15,  80.39, 37.25, 36.06, 0.00, 2.95, 3757, 3584, 158, 51.0, , 1
C++, k-nucleotide, 15,  80.93, 37.16, 35.95, 0.00, 2.97, 3767, 3590, 170, 52.0, , 1
C++, k-nucleotide, 15,  80.07, 37.04, 35.85, 0.00, 2.92, 3743, 3577, 160, 52.0, , 1
C++, k-nucleotide, 15,  80.14, 37.02, 35.83, 0.00, 2.93, 3751, 3562, 172, 52.0, , 1
C++, k-nucleotide, 15,  80.01, 37.00, 35.81, 0.00, 2.92, 3745, 3596, 143, 51.0, , 1
C++, k-nucleotide, 15,  79.87, 36.98, 35.78, 0.00, 2.94, 3756, 3586, 161, 52.0, , 1
C++, k-nucleotide, 15,  80.41, 36.82, 35.63, 0.00, 2.93, 3743, 3584, 152, 51.0, , 1
C++, k-nucleotide, 15,  80.00, 37.02, 35.83, 0.00, 2.95, 3753, 3574, 166, 51.0, , 1
C++, k-nucleotide, 15,  80.29, 37.05, 35.86, 0.00, 2.97, 3756, 3597, 153, 52.0, , 1
C++, k-nucleotide, 15,  79.86, 36.90, 35.71, 0.00, 2.94, 3749, 3585, 158, 52.0, , 1
C++, k-nucleotide, 15,  79.90, 36.90, 35.71, 0.00, 2.95, 3753, 3589, 153, 52.0, , 1
C++, k-nucleotide, 15,  79.96, 37.01, 35.82, 0.00, 2.94, 3751, 3590, 155, 52.0, , 1
C++, k-nucleotide, 15,  79.85, 36.97, 35.78, 0.00, 2.95, 3752, 3594, 151, 51.0, , 1
C++, k-nucleotide, 15,  80.08, 36.78, 35.57, 0.00, 2.94, 3756, 3603, 147, 51.0, , 1
C++, mandelbrot, 15,  56.73, 24.66, 23.84, 0.00, 1.37, 2712, 2693, 15, 52.0, , 1
C++, mandelbrot, 15,  56.91, 24.62, 23.79, 0.00, 1.37, 2711, 2698, 10, 52.0, , 1
C++, mandelbrot, 15,  56.67, 24.65, 23.84, 0.00, 1.37, 2713, 2696, 13, 51.0, , 1
C++, mandelbrot, 15,  56.76, 24.77, 23.94, 0.00, 1.37, 2715, 2698, 10, 51.0, , 1
C++, mandelbrot, 15,  56.63, 24.52, 23.70, 0.00, 1.37, 2713, 2698, 10, 51.0, , 1
C++, mandelbrot, 15,  57.20, 24.69, 23.87, 0.00, 1.37, 2716, 2696, 14, 52.0, , 1
C++, mandelbrot, 15,  56.80, 24.74, 23.92, 0.00, 1.37, 2713, 2703, 7, 51.0, , 1
C++, mandelbrot, 15,  56.66, 24.47, 23.66, 0.00, 1.37, 2711, 2695, 13, 51.0, , 1
C++, mandelbrot, 15,  56.84, 24.70, 23.87, 0.00, 1.37, 2713, 2698, 12, 51.0, , 1
C++, mandelbrot, 15,  56.79, 24.50, 23.68, 0.00, 1.37, 2713, 2697, 13, 51.0, , 1
C++, mandelbrot, 15,  56.79, 24.54, 23.72, 0.00, 1.38, 2716, 2700, 8, 52.0, , 1
C++, mandelbrot, 15,  56.76, 24.37, 23.55, 0.00, 1.37, 2711, 2692, 16, 52.0, , 1
C++, mandelbrot, 15,  57.10, 24.49, 23.66, 0.00, 1.37, 2713, 2691, 17, 52.0, , 1
C++, mandelbrot, 15,  56.79, 24.61, 23.79, 0.00, 1.37, 2713, 2694, 14, 52.0, , 1
C++, mandelbrot, 15,  56.83, 24.43, 23.61, 0.00, 1.37, 2712, 2702, 8, 52.0, , 1
C++, mandelbrot, 15,  56.89, 24.42, 23.60, 0.00, 1.37, 2712, 2702, 6, 52.0, , 1
C++, mandelbrot, 15,  56.94, 24.55, 23.73, 0.00, 1.37, 2712, 2692, 16, 52.0, , 1
C++, mandelbrot, 15,  56.84, 24.39, 23.56, 0.00, 1.37, 2716, 2698, 12, 52.0, , 1
C++, mandelbrot, 15,  56.97, 24.33, 23.51, 0.00, 1.37, 2714, 2695, 15, 51.0, , 1
C++, mandelbrot, 15,  56.61, 24.33, 23.51, 0.00, 1.37, 2710, 2698, 10, 52.0, , 1
C++, n-body, 15,  36.17, 17.35, 16.84, 0.00, 0.86, 1708, 1707, 1707, 52.0, , 1
C++, n-body, 15,  36.27, 17.35, 16.84, 0.00, 0.86, 1708, 1707, 1707, 51.0, , 1
C++, n-body, 15,  36.17, 17.32, 16.81, 0.00, 0.86, 1710, 1706, 0, 52.0, , 1
C++, n-body, 15,  36.29, 17.35, 16.83, 0.00, 0.86, 1708, 1707, 1707, 51.0, , 1
C++, n-body, 15,  36.21, 17.37, 16.85, 0.00, 0.86, 1711, 1707, 1707, 52.0, , 1
C++, n-body, 15,  36.24, 17.24, 16.73, 0.00, 0.86, 1709, 1708, 1708, 51.0, , 1
C++, n-body, 15,  36.22, 17.27, 16.76, 0.00, 0.86, 1709, 1707, 1707, 52.0, , 1
C++, n-body, 15,  36.49, 17.30, 16.78, 0.00, 0.87, 1719, 1706, 0, 52.0, , 1
C++, n-body, 15,  36.23, 17.27, 16.75, 0.00, 0.86, 1709, 1706, 0, 51.0, , 1
C++, n-body, 15,  36.07, 17.20, 16.69, 0.00, 0.86, 1709, 1706, 0, 51.0, , 1
C++, n-body, 15,  36.28, 17.31, 16.79, 0.00, 0.87, 1713, 1706, 0, 52.0, , 1
C++, n-body, 15,  36.26, 17.20, 16.69, 0.00, 0.86, 1709, 1705, 1, 52.0, , 1
C++, n-body, 15,  36.28, 17.46, 16.94, 0.00, 0.86, 1708, 1707, 1707, 52.0, , 1
C++, n-body, 15,  36.52, 17.32, 16.80, 0.00, 0.86, 1714, 1707, 1, 52.0, , 1
C++, n-body, 15,  36.26, 17.36, 16.85, 0.00, 0.86, 1710, 1707, 0, 52.0, , 1
C++, n-body, 15,  36.34, 17.52, 17.00, 0.00, 0.86, 1710, 1707, 0, 52.0, , 1
C++, n-body, 15,  36.24, 17.41, 16.90, 0.00, 0.86, 1709, 1706, 0, 52.0, , 1
C++, n-body, 15,  36.22, 17.52, 17.01, 0.00, 0.86, 1708, 1706, 0, 51.0, , 1
C++, n-body, 15,  36.14, 17.51, 17.00, 0.00, 0.86, 1708, 1706, 0, 52.0, , 1
C++, n-body, 15,  36.37, 17.36, 16.85, 0.00, 0.86, 1712, 1707, 1707, 52.0, , 1
C++, regex-redux, 15,  40.65, 19.28, 18.70, 0.00, 1.23, 1865, 1714, 148, 52.0, , 1
C++, regex-redux, 15,  40.39, 19.29, 18.71, 0.00, 1.23, 1866, 1710, 153, 51.0, , 1
C++, regex-redux, 15,  40.55, 19.30, 18.71, 0.00, 1.24, 1864, 1703, 157, 51.0, , 1
C++, regex-redux, 15,  40.43, 19.39, 18.80, 0.00, 1.23, 1863, 1710, 149, 51.0, , 1
C++, regex-redux, 15,  40.43, 19.45, 18.86, 0.00, 1.24, 1868, 1714, 147, 52.0, , 1
C++, regex-redux, 15,  40.78, 19.44, 18.86, 0.00, 1.24, 1875, 1719, 151, 52.0, , 1
C++, regex-redux, 15,  40.65, 19.35, 18.77, 0.00, 1.23, 1867, 1717, 146, 51.0, , 1
C++, regex-redux, 15,  40.89, 19.60, 19.00, 0.00, 1.24, 1882, 1730, 149, 52.0, , 1
C++, regex-redux, 15,  41.07, 19.37, 18.78, 0.00, 1.24, 1877, 1720, 150, 52.0, , 1
C++, regex-redux, 15,  40.64, 19.15, 18.57, 0.00, 1.23, 1863, 1705, 155, 52.0, , 1
C++, regex-redux, 15,  40.68, 19.30, 18.72, 0.00, 1.23, 1864, 1705, 155, 52.0, , 1
C++, regex-redux, 15,  40.59, 19.29, 18.71, 0.00, 1.23, 1863, 1710, 150, 52.0, , 1
C++, regex-redux, 15,  40.42, 19.33, 18.75, 0.00, 1.23, 1869, 1705, 157, 52.0, , 1
C++, regex-redux, 15,  40.31, 19.25, 18.67, 0.00, 1.23, 1861, 1707, 151, 52.0, , 1
C++, regex-redux, 15,  40.53, 19.07, 18.49, 0.00, 1.22, 1860, 1702, 155, 52.0, , 1
C++, regex-redux, 15,  40.42, 19.31, 18.73, 0.00, 1.23, 1869, 1704, 155, 52.0, , 1
C++, regex-redux, 15,  40.51, 19.26, 18.68, 0.00, 1.23, 1864, 1708, 152, 52.0, , 1
C++, regex-redux, 15,  40.56, 19.42, 18.84, 0.00, 1.23, 1865, 1707, 155, 52.0, , 1
C++, regex-redux, 15,  40.29, 19.29, 18.71, 0.00, 1.23, 1861, 1705, 153, 52.0, , 1
C++, regex-redux, 15,  40.58, 19.47, 18.89, 0.00, 1.23, 1864, 1703, 158, 52.0, , 1
C++, reverse-complement, 15,  3.56, 1.61, 1.55, 0.00, 0.20, 158, 78, 79, 41.0, , 1
C++, reverse-complement, 15,  3.58, 1.63, 1.56, 0.00, 0.20, 158, 69, 88, 41.0, , 1
C++, reverse-complement, 15,  3.56, 1.62, 1.55, 0.00, 0.20, 157, 77, 81, 41.0, , 1
C++, reverse-complement, 15,  3.56, 1.61, 1.55, 0.00, 0.20, 158, 72, 85, 41.0, , 1
C++, reverse-complement, 15,  3.60, 1.63, 1.56, 0.00, 0.20, 157, 73, 85, 41.0, , 1
C++, reverse-complement, 15,  3.59, 1.63, 1.56, 0.00, 0.20, 158, 78, 79, 51.0, , 1
C++, reverse-complement, 15,  3.59, 1.63, 1.56, 0.00, 0.21, 158, 69, 88, 51.0, , 1
C++, reverse-complement, 15,  3.59, 1.63, 1.57, 0.00, 0.21, 158, 68, 89, 51.0, , 1
C++, reverse-complement, 15,  3.58, 1.63, 1.56, 0.00, 0.20, 158, 78, 79, 51.0, , 1
C++, reverse-complement, 15,  3.61, 1.64, 1.57, 0.00, 0.21, 159, 66, 92, 51.0, , 1
C++, reverse-complement, 15,  3.60, 1.63, 1.56, 0.00, 0.21, 158, 73, 84, 51.0, , 1
C++, reverse-complement, 15,  3.60, 1.62, 1.55, 0.00, 0.21, 158, 65, 92, 52.0, , 1
C++, reverse-complement, 15,  3.57, 1.62, 1.56, 0.00, 0.21, 159, 76, 82, 42.0, , 1
C++, reverse-complement, 15,  3.64, 1.64, 1.57, 0.00, 0.21, 158, 77, 82, 42.0, , 1
C++, reverse-complement, 15,  3.61, 1.64, 1.57, 0.00, 0.21, 160, 74, 85, 42.0, , 1
C++, reverse-complement, 15,  3.58, 1.62, 1.56, 0.00, 0.21, 159, 70, 88, 42.0, , 1
C++, reverse-complement, 15,  3.56, 1.62, 1.56, 0.00, 0.20, 158, 74, 83, 42.0, , 1
C++, reverse-complement, 15,  3.57, 1.62, 1.56, 0.00, 0.20, 158, 64, 93, 51.0, , 1
C++, reverse-complement, 15,  3.59, 1.62, 1.55, 0.00, 0.20, 158, 74, 83, 51.0, , 1
C++, reverse-complement, 15,  3.59, 1.62, 1.56, 0.00, 0.21, 158, 83, 74, 51.0, , 1
C++, spectral-norm, 15,  24.99, 10.77, 10.36, 0.00, 0.67, 1328, 1326, 0, 50.0, , 1
C++, spectral-norm, 15,  25.07, 10.64, 10.25, 0.00, 0.67, 1328, 1326, 0, 50.0, , 1
C++, spectral-norm, 15,  25.10, 10.62, 10.22, 0.00, 0.67, 1328, 1326, 0, 51.0, , 1
C++, spectral-norm, 15,  25.07, 10.65, 10.25, 0.00, 0.67, 1328, 1326, 0, 50.0, , 1
C++, spectral-norm, 15,  25.07, 10.63, 10.23, 0.00, 0.67, 1327, 1326, 0, 50.0, , 1
C++, spectral-norm, 15,  25.13, 10.66, 10.26, 0.00, 0.67, 1329, 1326, 0, 51.0, , 1
C++, spectral-norm, 15,  25.00, 10.75, 10.35, 0.00, 0.67, 1328, 1327, 1327, 50.0, , 1
C++, spectral-norm, 15,  24.92, 10.76, 10.36, 0.00, 0.67, 1328, 1326, 0, 50.0, , 1
C++, spectral-norm, 15,  25.04, 10.82, 10.42, 0.00, 0.67, 1329, 1326, 0, 50.0, , 1
C++, spectral-norm, 15,  24.95, 10.77, 10.37, 0.00, 0.67, 1328, 1326, 0, 50.0, , 1
C++, spectral-norm, 15,  24.91, 10.64, 10.24, 0.00, 0.67, 1327, 1326, 0, 50.0, , 1
C++, spectral-norm, 15,  24.94, 10.71, 10.30, 0.00, 0.67, 1327, 1327, 1327, 50.0, , 1
C++, spectral-norm, 15,  24.98, 10.73, 10.33, 0.00, 0.67, 1328, 1326, 1326, 50.0, , 1
C++, spectral-norm, 15,  24.99, 10.69, 10.29, 0.00, 0.67, 1331, 1326, 0, 50.0, , 1
C++, spectral-norm, 15,  24.97, 10.64, 10.25, 0.00, 0.67, 1328, 1326, 0, 50.0, , 1
C++, spectral-norm, 15,  25.49, 10.70, 10.30, 0.00, 0.67, 1330, 1325, 2, 50.0, , 1
C++, spectral-norm, 15,  25.10, 10.73, 10.32, 0.00, 0.67, 1329, 1326, 0, 50.0, , 1
C++, spectral-norm, 15,  25.51, 10.78, 10.37, 0.00, 0.68, 1341, 1327, 1327, 50.0, , 1
C++, spectral-norm, 15,  25.62, 10.78, 10.37, 0.00, 0.68, 1341, 1327, 1327, 50.0, , 1
C++, spectral-norm, 15,  25.23, 10.67, 10.27, 0.00, 0.67, 1329, 1326, 0, 50.0, , 1
Java, binary-trees, 15,  141.14, 66.33, 63.78, 0.00, 8.42, 5747, 5539, 180, 52.0, , 1
Java, binary-trees, 15,  138.55, 64.88, 62.34, 0.00, 8.38, 5680, 5487, 182, 51.0, , 1
Java, binary-trees, 15,  138.75, 64.77, 62.24, 0.00, 8.36, 5674, 5485, 172, 50.0, , 1
Java, binary-trees, 15,  138.53, 64.76, 62.23, 0.00, 8.38, 5672, 5483, 170, 51.0, , 1
Java, binary-trees, 15,  139.05, 64.99, 62.46, 0.00, 8.38, 5675, 5506, 158, 52.0, , 1
Java, binary-trees, 15,  138.44, 65.06, 62.53, 0.00, 8.38, 5659, 5477, 168, 52.0, , 1
Java, binary-trees, 15,  138.37, 64.79, 62.27, 0.00, 8.37, 5663, 5460, 189, 52.0, , 1
Java, binary-trees, 15,  133.10, 62.78, 60.34, 0.00, 8.08, 5428, 5222, 186, 52.0, , 1
Java, binary-trees, 15,  138.74, 65.24, 62.71, 0.00, 8.39, 5665, 5463, 187, 52.0, , 1
Java, binary-trees, 15,  138.33, 65.07, 62.54, 0.00, 8.40, 5667, 5470, 177, 52.0, , 1
Java, binary-trees, 15,  137.90, 65.32, 62.79, 0.00, 8.39, 5674, 5476, 187, 52.0, , 1
Java, binary-trees, 15,  132.27, 61.82, 59.38, 0.00, 8.08, 5421, 5218, 193, 52.0, , 1
Java, binary-trees, 15,  138.84, 64.79, 62.26, 0.00, 8.40, 5680, 5469, 191, 52.0, , 1
Java, binary-trees, 15,  139.48, 64.94, 62.40, 0.00, 8.39, 5666, 5439, 212, 53.0, , 1
Java, binary-trees, 15,  138.99, 65.06, 62.52, 0.00, 8.39, 5661, 5463, 182, 53.0, , 1
Java, binary-trees, 15,  138.49, 65.12, 62.59, 0.00, 8.38, 5654, 5480, 163, 52.0, , 1
Java, binary-trees, 15,  133.58, 62.75, 60.32, 0.00, 8.08, 5440, 5231, 181, 52.0, , 1
Java, binary-trees, 15,  139.02, 65.18, 62.65, 0.00, 8.41, 5685, 5468, 195, 53.0, , 1
Java, binary-trees, 15,  133.75, 62.83, 60.39, 0.00, 8.10, 5454, 5259, 183, 53.0, , 1
Java, binary-trees, 15,  133.51, 62.18, 59.73, 0.00, 8.08, 5420, 5232, 178, 52.0, , 1
Java, fannkuch-redux, 15,  640.24, 308.10, 299.00, 0.00, 15.20, 30178, 30075, 15, 52.0, , 1
Java, fannkuch-redux, 15,  597.16, 284.60, 275.96, 0.00, 14.29, 28381, 28328, 17, 52.0, , 1
Java, fannkuch-redux, 15,  639.02, 306.68, 297.56, 0.00, 15.19, 30154, 30081, 14, 52.0, , 1
Java, fannkuch-redux, 15,  639.50, 309.50, 300.40, 0.00, 15.20, 30186, 30121, 19, 51.0, , 1
Java, fannkuch-redux, 15,  638.40, 307.31, 298.20, 0.00, 15.18, 30149, 30078, 15, 52.0, , 1
Java, fannkuch-redux, 15,  597.96, 284.26, 275.63, 0.00, 14.29, 28375, 28319, 16, 52.0, , 1
Java, fannkuch-redux, 15,  598.04, 284.23, 275.58, 0.00, 14.30, 28377, 28296, 14, 50.0, , 1
Java, fannkuch-redux, 15,  596.81, 284.08, 275.42, 0.00, 14.29, 28370, 28307, 22, 52.0, , 1
Java, fannkuch-redux, 15,  638.79, 305.01, 295.88, 0.00, 15.18, 30131, 30071, 17, 52.0, , 1
Java, fannkuch-redux, 15,  598.18, 284.02, 275.36, 0.00, 14.30, 28380, 28311, 15, 50.0, , 1
Java, fannkuch-redux, 15,  640.54, 306.00, 296.85, 0.00, 15.22, 30205, 30130, 13, 51.0, , 1
Java, fannkuch-redux, 15,  598.47, 283.88, 275.22, 0.00, 14.29, 28373, 28311, 11, 51.0, , 1
Java, fannkuch-redux, 15,  599.00, 283.91, 275.25, 0.00, 14.29, 28365, 28312, 14, 53.0, , 1
Java, fannkuch-redux, 15,  639.62, 304.88, 295.72, 0.00, 15.20, 30181, 30126, 14, 53.0, , 1
Java, fannkuch-redux, 15,  600.77, 283.42, 274.75, 0.00, 14.31, 28408, 28320, 17, 51.0, , 1
Java, fannkuch-redux, 15,  600.88, 284.72, 276.08, 0.00, 14.29, 28371, 28314, 21, 52.0, , 1
Java, fannkuch-redux, 15,  601.76, 285.72, 277.09, 0.00, 14.30, 28382, 28318, 18, 53.0, , 1
Java, fannkuch-redux, 15,  640.45, 310.08, 300.98, 0.00, 15.21, 30200, 30125, 20, 53.0, , 1
Java, fannkuch-redux, 15,  641.75, 310.25, 301.14, 0.00, 15.22, 30202, 30122, 15, 53.0, , 1
Java, fannkuch-redux, 15,  640.73, 310.23, 301.13, 0.00, 15.21, 30195, 30128, 13, 51.0, , 1
Java, fasta, 15,  56.88, 24.91, 24.06, 0.00, 1.45, 2823, 2749, 29, 51.0, , 1
Java, fasta, 15,  55.75, 24.38, 23.53, 0.00, 1.44, 2793, 2736, 32, 49.0, , 1
Java, fasta, 15,  55.04, 24.30, 23.46, 0.00, 1.42, 2766, 2732, 29, 52.0, , 1
Java, fasta, 15,  55.25, 24.45, 23.61, 0.00, 1.43, 2779, 2742, 27, 52.0, , 1
Java, fasta, 15,  55.49, 24.36, 23.51, 0.00, 1.43, 2781, 2756, 19, 51.0, , 1
Java, fasta, 15,  55.38, 24.41, 23.56, 0.00, 1.43, 2781, 2743, 19, 51.0, , 1
Java, fasta, 15,  55.49, 24.63, 23.79, 0.00, 1.44, 2786, 2758, 23, 51.0, , 1
Java, fasta, 15,  55.80, 24.52, 23.66, 0.00, 1.45, 2815, 2763, 27, 49.0, , 1
Java, fasta, 15,  56.01, 24.55, 23.70, 0.00, 1.44, 2787, 2751, 29, 52.0, , 1
Java, fasta, 15,  55.34, 24.39, 23.54, 0.00, 1.43, 2781, 2760, 16, 52.0, , 1
Java, fasta, 15,  55.19, 24.20, 23.37, 0.00, 1.43, 2767, 2746, 16, 52.0, , 1
Java, fasta, 15,  55.32, 24.37, 23.52, 0.00, 1.43, 2785, 2754, 26, 51.0, , 1
Java, fasta, 15,  55.60, 24.49, 23.64, 0.00, 1.45, 2799, 2756, 23, 49.0, , 1
Java, fasta, 15,  55.14, 24.31, 23.47, 0.00, 1.42, 2768, 2740, 21, 52.0, , 1
Java, fasta, 15,  55.34, 24.54, 23.69, 0.00, 1.43, 2781, 2747, 28, 51.0, , 1
Java, fasta, 15,  55.46, 24.64, 23.80, 0.00, 1.43, 2776, 2734, 26, 51.0, , 1
Java, fasta, 15,  55.74, 24.48, 23.63, 0.00, 1.44, 2789, 2749, 33, 51.0, , 1
Java, fasta, 15,  55.42, 24.30, 23.46, 0.00, 1.43, 2769, 2740, 25, 51.0, , 1
Java, fasta, 15,  55.76, 24.42, 23.57, 0.00, 1.44, 2798, 2737, 31, 50.0, , 1
Java, fasta, 15,  55.67, 24.52, 23.67, 0.00, 1.44, 2794, 2770, 18, 52.0, , 1
Java, k-nucleotide, 15,  224.08, 104.63, 101.47, 0.00, 6.83, 10440, 10233, 185, 52.0, , 1
Java, k-nucleotide, 15,  221.78, 103.60, 100.51, 0.00, 6.73, 10277, 10072, 177, 52.0, , 1
Java, k-nucleotide, 15,  223.00, 103.97, 100.85, 0.00, 6.79, 10369, 10161, 176, 53.0, , 1
Java, k-nucleotide, 15,  222.41, 104.41, 101.28, 0.00, 6.77, 10328, 10138, 164, 52.0, , 1
Java, k-nucleotide, 15,  222.39, 104.44, 101.34, 0.00, 6.75, 10299, 10101, 160, 52.0, , 1
Java, k-nucleotide, 15,  224.10, 104.92, 101.78, 0.00, 6.82, 10419, 10220, 176, 52.0, , 1
Java, k-nucleotide, 15,  221.12, 103.52, 100.39, 0.00, 6.77, 10317, 10120, 182, 52.0, , 1
Java, k-nucleotide, 15,  224.74, 105.26, 102.09, 0.00, 6.84, 10461, 10243, 186, 52.0, , 1
Java, k-nucleotide, 15,  224.68, 105.22, 102.07, 0.00, 6.84, 10452, 10245, 178, 52.0, , 1
Java, k-nucleotide, 15,  223.80, 105.14, 101.99, 0.00, 6.83, 10432, 10230, 177, 52.0, , 1
Java, k-nucleotide, 15,  223.47, 103.46, 100.33, 0.00, 6.78, 10347, 10135, 176, 52.0, , 1
Java, k-nucleotide, 15,  223.08, 103.59, 100.46, 0.00, 6.78, 10339, 10127, 192, 52.0, , 1
Java, k-nucleotide, 15,  223.68, 104.08, 100.94, 0.00, 6.81, 10389, 10186, 184, 53.0, , 1
Java, k-nucleotide, 15,  221.91, 103.54, 100.43, 0.00, 6.74, 10289, 10054, 202, 52.0, , 1
Java, k-nucleotide, 15,  223.29, 104.29, 101.18, 0.00, 6.77, 10329, 10122, 184, 52.0, , 1
Java, k-nucleotide, 15,  222.74, 103.66, 100.54, 0.00, 6.77, 10320, 10124, 178, 53.0, , 1
Java, k-nucleotide, 15,  222.58, 103.79, 100.66, 0.00, 6.76, 10327, 10122, 180, 52.0, , 1
Java, k-nucleotide, 15,  222.46, 104.25, 101.13, 0.00, 6.78, 10343, 10149, 168, 52.0, , 1
Java, k-nucleotide, 15,  221.14, 104.28, 101.18, 0.00, 6.74, 10285, 10070, 189, 52.0, , 1
Java, k-nucleotide, 15,  232.93, 109.58, 106.33, 0.00, 7.02, 10761, 10544, 192, 52.0, , 1
Java, mandelbrot, 15,  231.60, 100.68, 97.13, 0.00, 5.97, 11755, 11685, 37, 51.0, , 1
Java, mandelbrot, 15,  230.07, 100.33, 96.77, 0.00, 5.94, 11693, 11624, 41, 51.0, , 1
Java, mandelbrot, 15,  231.37, 101.14, 97.59, 0.00, 5.95, 11714, 11640, 42, 52.0, , 1
Java, mandelbrot, 15,  230.82, 100.33, 96.78, 0.00, 5.95, 11710, 11642, 44, 51.0, , 1
Java, mandelbrot, 15,  230.79, 101.17, 97.61, 0.00, 5.96, 11726, 11641, 44, 49.0, , 1
Java, mandelbrot, 15,  232.47, 100.96, 97.39, 0.00, 5.98, 11779, 11707, 41, 51.0, , 1
Java, mandelbrot, 15,  231.23, 101.30, 97.74, 0.00, 5.97, 11746, 11678, 46, 51.0, , 1
Java, mandelbrot, 15,  231.28, 101.08, 97.52, 0.00, 5.97, 11760, 11684, 37, 51.0, , 1
Java, mandelbrot, 15,  235.06, 103.07, 99.42, 0.00, 6.09, 11990, 11927, 40, 51.0, , 1
Java, mandelbrot, 15,  230.83, 101.65, 98.06, 0.00, 5.98, 11762, 11682, 40, 51.0, , 1
Java, mandelbrot, 15,  231.13, 101.49, 97.92, 0.00, 5.96, 11723, 11654, 42, 51.0, , 1
Java, mandelbrot, 15,  231.58, 101.83, 98.26, 0.00, 5.98, 11771, 11703, 37, 51.0, , 1
Java, mandelbrot, 15,  231.38, 100.78, 97.21, 0.00, 5.97, 11751, 11690, 35, 52.0, , 1
Java, mandelbrot, 15,  231.06, 101.28, 97.71, 0.00, 5.96, 11721, 11669, 37, 52.0, , 1
Java, mandelbrot, 15,  230.28, 100.69, 97.13, 0.00, 5.95, 11703, 11633, 42, 50.0, , 1
Java, mandelbrot, 15,  230.40, 101.28, 97.73, 0.00, 5.94, 11701, 11634, 35, 51.0, , 1
Java, mandelbrot, 15,  231.75, 101.36, 97.79, 0.00, 5.98, 11778, 11701, 35, 50.0, , 1
Java, mandelbrot, 15,  230.52, 101.46, 97.90, 0.00, 5.96, 11730, 11651, 40, 50.0, , 1
Java, mandelbrot, 15,  228.86, 100.88, 97.34, 0.00, 5.94, 11704, 11636, 45, 51.0, , 1
Java, mandelbrot, 15,  229.88, 100.71, 97.14, 0.00, 5.98, 11766, 11691, 37, 50.0, , 1
Java, n-body, 15,  82.04, 37.42, 36.20, 0.00, 2.04, 4021, 4000, 15, 52.0, , 1
Java, n-body, 15,  81.49, 37.19, 35.97, 0.00, 2.03, 4008, 3991, 11, 51.0, , 1
Java, n-body, 15,  81.42, 37.30, 36.09, 0.00, 2.04, 4011, 3992, 10, 51.0, , 1
Java, n-body, 15,  81.72, 37.26, 36.03, 0.00, 2.04, 4011, 3986, 13, 52.0, , 1
Java, n-body, 15,  80.94, 37.28, 36.06, 0.00, 2.03, 4007, 3990, 12, 51.0, , 1
Java, n-body, 15,  81.68, 37.25, 36.03, 0.00, 2.03, 4007, 3983, 17, 51.0, , 1
Java, n-body, 15,  81.92, 37.29, 36.07, 0.00, 2.05, 4032, 3984, 14, 49.0, , 1
Java, n-body, 15,  81.44, 37.28, 36.07, 0.00, 2.03, 4005, 3992, 8, 52.0, , 1
Java, n-body, 15,  81.15, 37.29, 36.08, 0.00, 2.03, 4009, 3986, 16, 51.0, , 1
Java, n-body, 15,  82.61, 37.74, 36.50, 0.00, 2.05, 4047, 3991, 10, 52.0, , 1
Java, n-body, 15,  81.77, 37.36, 36.14, 0.00, 2.04, 4027, 3985, 15, 49.0, , 1
Java, n-body, 15,  81.24, 37.26, 36.05, 0.00, 2.03, 4006, 3983, 17, 51.0, , 1
Java, n-body, 15,  81.33, 37.32, 36.11, 0.00, 2.03, 4006, 3982, 16, 51.0, , 1
Java, n-body, 15,  81.91, 37.35, 36.13, 0.00, 2.04, 4015, 3987, 15, 52.0, , 1
Java, n-body, 15,  81.75, 37.37, 36.15, 0.00, 2.04, 4018, 3985, 13, 48.0, , 1
Java, n-body, 15,  81.27, 37.54, 36.33, 0.00, 2.03, 4006, 3991, 9, 52.0, , 1
Java, n-body, 15,  81.80, 37.91, 36.70, 0.00, 2.04, 4012, 3982, 20, 51.0, , 1
Java, n-body, 15,  81.55, 37.38, 36.18, 0.00, 2.03, 4006, 3983, 16, 51.0, , 1
Java, n-body, 15,  81.45, 37.36, 36.15, 0.00, 2.03, 4006, 3986, 14, 52.0, , 1
Java, n-body, 15,  81.22, 37.38, 36.17, 0.00, 2.04, 4009, 3980, 17, 52.0, , 1
Java, regex-redux, 15,  251.05, 119.56, 115.90, 0.00, 7.17, 11658, 11322, 294, 51.0, , 1
Java, regex-redux, 15,  255.70, 121.44, 117.72, 0.00, 7.28, 11859, 11561, 264, 52.0, , 1
Java, regex-redux, 15,  254.81, 120.12, 116.40, 0.00, 7.27, 11842, 11551, 266, 52.0, , 1
Java, regex-redux, 15,  251.97, 119.85, 116.16, 0.00, 7.21, 11739, 11440, 279, 52.0, , 1
Java, regex-redux, 15,  248.20, 118.32, 114.70, 0.00, 7.12, 11508, 11224, 254, 52.0, , 1
Java, regex-redux, 15,  249.85, 119.16, 115.52, 0.00, 7.14, 11606, 11303, 273, 52.0, , 1
Java, regex-redux, 15,  252.98, 119.37, 115.69, 0.00, 7.23, 11757, 11465, 273, 53.0, , 1
Java, regex-redux, 15,  248.80, 118.39, 114.76, 0.00, 7.12, 11562, 11281, 260, 52.0, , 1
Java, regex-redux, 15,  257.48, 121.84, 118.08, 0.00, 7.33, 11991, 11699, 265, 53.0, , 1
Java, regex-redux, 15,  256.09, 121.64, 117.92, 0.00, 7.27, 11864, 11552, 271, 52.0, , 1
Java, regex-redux, 15,  254.34, 120.55, 116.85, 0.00, 7.24, 11811, 11517, 272, 53.0, , 1
Java, regex-redux, 15,  255.50, 121.18, 117.44, 0.00, 7.30, 11921, 11634, 262, 51.0, , 1
Java, regex-redux, 15,  258.02, 122.42, 118.65, 0.00, 7.36, 12025, 11719, 280, 53.0, , 1
Java, regex-redux, 15,  257.86, 122.43, 118.68, 0.00, 7.34, 11977, 11686, 271, 53.0, , 1
Java, regex-redux, 15,  247.97, 117.35, 113.72, 0.00, 7.13, 11563, 11254, 277, 52.0, , 1
Java, regex-redux, 15,  251.05, 118.81, 115.16, 0.00, 7.15, 11631, 11331, 278, 53.0, , 1
Java, regex-redux, 15,  252.97, 119.09, 115.40, 0.00, 7.22, 11742, 11448, 267, 52.0, , 1
Java, regex-redux, 15,  249.69, 118.32, 114.68, 0.00, 7.17, 11622, 11329, 264, 53.0, , 1
Java, regex-redux, 15,  250.84, 118.76, 115.09, 0.00, 7.17, 11672, 11403, 251, 52.0, , 1
Java, regex-redux, 15,  253.54, 119.80, 116.08, 0.00, 7.25, 11806, 11485, 287, 53.0, , 1
Java, reverse-complement, 15,  18.26, 8.18, 7.87, 0.00, 0.82, 828, 503, 323, 43.0, , 1
Java, reverse-complement, 15,  18.23, 8.15, 7.84, 0.00, 0.81, 823, 506, 315, 52.0, , 1
Java, reverse-complement, 15,  18.03, 8.07, 7.76, 0.00, 0.81, 821, 488, 330, 43.0, , 1
Java, reverse-complement, 15,  18.09, 8.14, 7.84, 0.00, 0.81, 823, 520, 300, 52.0, , 1
Java, reverse-complement, 15,  18.30, 8.18, 7.87, 0.00, 0.82, 829, 507, 319, 43.0, , 1
Java, reverse-complement, 15,  18.26, 8.19, 7.89, 0.00, 0.81, 827, 508, 316, 53.0, , 1
Java, reverse-complement, 15,  18.20, 8.16, 7.86, 0.00, 0.82, 825, 501, 322, 43.0, , 1
Java, reverse-complement, 15,  18.29, 8.15, 7.85, 0.00, 0.82, 828, 506, 320, 52.0, , 1
Java, reverse-complement, 15,  18.13, 8.12, 7.82, 0.00, 0.81, 824, 492, 329, 43.0, , 1
Java, reverse-complement, 15,  18.19, 8.18, 7.88, 0.00, 0.82, 827, 505, 318, 52.0, , 1
Java, reverse-complement, 15,  18.05, 8.15, 7.84, 0.00, 0.81, 825, 509, 314, 43.0, , 1
Java, reverse-complement, 15,  18.25, 8.18, 7.87, 0.00, 0.82, 829, 507, 319, 52.0, , 1
Java, reverse-complement, 15,  18.13, 8.15, 7.85, 0.00, 0.82, 826, 518, 306, 43.0, , 1
Java, reverse-complement, 15,  18.14, 8.14, 7.83, 0.00, 0.82, 826, 506, 317, 52.0, , 1
Java, reverse-complement, 15,  18.18, 8.17, 7.87, 0.00, 0.82, 828, 511, 315, 43.0, , 1
Java, reverse-complement, 15,  18.33, 8.21, 7.91, 0.00, 0.82, 831, 517, 307, 52.0, , 1
Java, reverse-complement, 15,  18.47, 8.33, 8.03, 0.00, 0.83, 837, 522, 312, 43.0, , 1
Java, reverse-complement, 15,  18.37, 8.31, 8.00, 0.00, 0.82, 835, 507, 319, 50.0, , 1
Java, reverse-complement, 15,  18.26, 8.27, 7.97, 0.00, 0.82, 830, 516, 311, 50.0, , 1
Java, reverse-complement, 15,  18.11, 8.18, 7.88, 0.00, 0.82, 823, 504, 316, 52.0, , 1
Java, spectral-norm, 15,  34.14, 15.64, 15.13, 0.00, 0.87, 1688, 1666, 16, 52.0, , 1
Java, spectral-norm, 15,  34.26, 15.61, 15.09, 0.00, 0.87, 1685, 1666, 14, 51.0, , 1
Java, spectral-norm, 15,  33.99, 15.68, 15.17, 0.00, 0.87, 1684, 1663, 16, 52.0, , 1
Java, spectral-norm, 15,  33.30, 15.14, 14.64, 0.00, 0.84, 1638, 1616, 16, 51.0, , 1
Java, spectral-norm, 15,  34.28, 15.68, 15.17, 0.00, 0.87, 1683, 1665, 14, 52.0, , 1
Java, spectral-norm, 15,  33.92, 15.67, 15.16, 0.00, 0.87, 1684, 1664, 16, 52.0, , 1
Java, spectral-norm, 15,  34.87, 15.63, 15.10, 0.00, 0.89, 1729, 1664, 20, 47.0, , 1
Java, spectral-norm, 15,  34.33, 15.58, 15.07, 0.00, 0.87, 1685, 1664, 16, 51.0, , 1
Java, spectral-norm, 15,  34.33, 15.53, 15.02, 0.00, 0.87, 1682, 1660, 18, 51.0, , 1
Java, spectral-norm, 15,  34.64, 15.87, 15.36, 0.00, 0.88, 1697, 1671, 17, 52.0, , 1
Java, spectral-norm, 15,  34.39, 15.61, 15.09, 0.00, 0.87, 1689, 1668, 15, 51.0, , 1
Java, spectral-norm, 15,  33.59, 15.25, 14.75, 0.00, 0.85, 1648, 1626, 17, 52.0, , 1
Java, spectral-norm, 15,  34.39, 15.68, 15.17, 0.00, 0.87, 1687, 1655, 27, 52.0, , 1
Java, spectral-norm, 15,  33.29, 15.32, 14.82, 0.00, 0.84, 1641, 1623, 10, 51.0, , 1
Java, spectral-norm, 15,  34.56, 15.78, 15.27, 0.00, 0.87, 1689, 1666, 16, 51.0, , 1
Java, spectral-norm, 15,  34.55, 15.77, 15.25, 0.00, 0.88, 1706, 1664, 17, 48.0, , 1
Java, spectral-norm, 15,  34.42, 15.96, 15.44, 0.00, 0.87, 1695, 1677, 13, 51.0, , 1
Java, spectral-norm, 15,  34.37, 15.76, 15.24, 0.00, 0.87, 1685, 1660, 20, 51.0, , 1
Java, spectral-norm, 15,  34.70, 15.82, 15.30, 0.00, 0.88, 1704, 1664, 17, 49.0, , 1
Java, spectral-norm, 15,  33.29, 15.23, 14.74, 0.00, 0.84, 1636, 1614, 16, 51.0, , 1
Python, binary-trees, 15,  1935.08, 938.48, 911.18, 0.00, 54.92, 86511, 84524, 1551, 53.0, , 1
Python, binary-trees, 15,  2130.35, 1036.06, 1005.97, 0.00, 59.57, 95783, 93986, 1578, 54.0, , 1
Python, binary-trees, 15,  1927.53, 939.03, 911.85, 0.00, 54.53, 86139, 84440, 1543, 54.0, , 1
Python, binary-trees, 15,  1928.44, 937.17, 909.97, 0.00, 54.68, 86267, 84523, 1583, 54.0, , 1
Python, binary-trees, 15,  1931.66, 939.92, 912.61, 0.00, 54.94, 86461, 84777, 1519, 54.0, , 1
Python, binary-trees, 15,  1949.54, 941.81, 914.35, 0.00, 55.04, 87082, 85294, 1633, 55.0, , 1
Python, binary-trees, 15,  1931.06, 937.62, 910.39, 0.00, 54.72, 86340, 84653, 1511, 54.0, , 1
Python, binary-trees, 15,  1936.70, 936.30, 909.02, 0.00, 54.64, 86443, 84695, 1570, 54.0, , 1
Python, binary-trees, 15,  1930.80, 937.67, 910.41, 0.00, 54.59, 86435, 84745, 1488, 55.0, , 1
Python, binary-trees, 15,  1932.32, 937.21, 909.99, 0.00, 54.55, 86305, 84533, 1618, 54.0, , 1
Python, binary-trees, 15,  1933.39, 937.87, 910.62, 0.00, 54.61, 86345, 84610, 1569, 55.0, , 1
Python, binary-trees, 15,  1938.80, 938.52, 911.13, 0.00, 54.91, 86775, 85036, 1559, 55.0, , 1
Python, binary-trees, 15,  1921.67, 933.75, 906.48, 0.00, 54.78, 86393, 84680, 1561, 54.0, , 1
Python, binary-trees, 15,  1940.82, 943.59, 916.13, 0.00, 55.20, 86979, 85204, 1609, 54.0, , 1
Python, binary-trees, 15,  1922.89, 940.58, 913.35, 0.00, 54.61, 86271, 84512, 1588, 55.0, , 1
Python, binary-trees, 15,  1929.36, 943.43, 916.22, 0.00, 54.55, 86205, 84410, 1589, 55.0, , 1
Python, binary-trees, 15,  1924.94, 935.08, 907.86, 0.00, 54.63, 86248, 84590, 1514, 54.0, , 1
Python, binary-trees, 15,  1916.26, 937.47, 910.29, 0.00, 54.43, 86085, 84373, 1548, 54.0, , 1
Python, binary-trees, 15,  1928.91, 939.50, 912.24, 0.00, 54.60, 86350, 84630, 1562, 55.0, , 1
Python, binary-trees, 15,  1926.86, 941.17, 913.87, 0.00, 54.72, 86545, 84910, 1471, 54.0, , 1
Python, fannkuch-redux, 15,  18947.97, 9452.73, 9197.51, 0.00, 425.14, 845247, 843991, 13, 56.0, , 1
Python, fannkuch-redux, 15,  19091.21, 9548.93, 9294.26, 0.00, 425.22, 845431, 844173, 12, 55.0, , 1
Python, fannkuch-redux, 15,  19384.34, 9665.96, 9404.22, 0.00, 437.38, 863898, 850372, 29, 56.0, , 1
Python, fannkuch-redux, 15,  19173.01, 9570.47, 9313.22, 0.00, 429.45, 853816, 852518, 6, 56.0, , 1
Python, fannkuch-redux, 15,  18838.87, 9407.64, 9153.84, 0.00, 423.50, 841946, 840651, 18, 56.0, , 1
Python, fannkuch-redux, 15,  19025.93, 9458.32, 9201.22, 0.00, 428.35, 851423, 850186, 12, 55.0, , 1
Python, fannkuch-redux, 15,  19254.58, 9653.48, 9395.34, 0.00, 429.86, 854457, 853167, 9, 55.0, , 1
Python, fannkuch-redux, 15,  19049.26, 9503.13, 9248.82, 0.00, 425.25, 845270, 843937, 12, 55.0, , 1
Python, fannkuch-redux, 15,  19579.01, 9818.26, 9556.73, 0.00, 436.00, 866676, 865360, 11, 57.0, , 1
Python, fannkuch-redux, 15,  18852.92, 9415.92, 9161.43, 0.00, 424.46, 843730, 842373, 12, 55.0, , 1
Python, fannkuch-redux, 15,  18963.36, 9473.30, 9218.78, 0.00, 425.26, 845325, 844020, 10, 55.0, , 1
Python, fannkuch-redux, 15,  18916.47, 9450.43, 9195.04, 0.00, 425.82, 846434, 845121, 13, 55.0, , 1
Python, fannkuch-redux, 15,  19033.35, 9585.06, 9330.27, 0.00, 424.42, 843628, 842334, 14, 56.0, , 1
Python, fannkuch-redux, 15,  19003.19, 9525.06, 9270.59, 0.00, 425.15, 845074, 843807, 12, 56.0, , 1
Python, fannkuch-redux, 15,  19138.83, 9562.78, 9306.92, 0.00, 427.64, 850068, 848749, 10, 56.0, , 1
Python, fannkuch-redux, 15,  18977.67, 9485.45, 9231.22, 0.00, 424.91, 844654, 843349, 14, 56.0, , 1
Python, fannkuch-redux, 15,  18927.80, 9415.35, 9161.06, 0.00, 424.32, 843446, 842128, 12, 55.0, , 1
Python, fannkuch-redux, 15,  19013.82, 9482.79, 9228.04, 0.00, 425.04, 844851, 843617, 12, 50.0, , 1
Python, fannkuch-redux, 15,  19147.30, 9624.42, 9368.56, 0.00, 426.53, 847775, 846452, 15, 57.0, , 1
Python, fannkuch-redux, 15,  19165.43, 9536.65, 9280.05, 0.00, 427.34, 849373, 848084, 15, 56.0, , 1
Python, fasta, 15,  902.32, 439.81, 427.39, 0.00, 20.68, 41104, 41022, 24, 56.0, , 1
Python, fasta, 15,  914.53, 450.96, 438.48, 0.00, 20.71, 41164, 41087, 20, 56.0, , 1
Python, fasta, 15,  903.41, 440.99, 428.58, 0.00, 20.64, 41027, 40941, 27, 56.0, , 1
Python, fasta, 15,  909.28, 449.89, 437.38, 0.00, 20.79, 41337, 41263, 19, 56.0, , 1
Python, fasta, 15,  906.77, 450.83, 438.34, 0.00, 20.74, 41219, 41132, 30, 56.0, , 1
Python, fasta, 15,  904.08, 443.32, 430.91, 0.00, 20.63, 40998, 40912, 26, 56.0, , 1
Python, fasta, 15,  907.00, 441.64, 429.12, 0.00, 20.66, 41053, 40932, 24, 56.0, , 1
Python, fasta, 15,  1000.15, 479.42, 465.59, 0.00, 23.03, 45770, 45695, 16, 55.0, , 1
Python, fasta, 15,  911.17, 448.23, 435.78, 0.00, 20.68, 41086, 40998, 31, 56.0, , 1
Python, fasta, 15,  908.55, 443.52, 431.05, 0.00, 20.75, 41233, 41138, 28, 55.0, , 1
Python, fasta, 15,  911.59, 449.04, 436.61, 0.00, 20.65, 41051, 40968, 38, 55.0, , 1
Python, fasta, 15,  912.27, 447.50, 435.01, 0.00, 20.77, 41265, 41178, 25, 55.0, , 1
Python, fasta, 15,  907.01, 444.22, 431.79, 0.00, 20.65, 41034, 40930, 32, 56.0, , 1
Python, fasta, 15,  912.24, 448.92, 436.46, 0.00, 20.66, 41047, 40959, 32, 55.0, , 1
Python, fasta, 15,  904.98, 444.27, 431.81, 0.00, 20.72, 41166, 41081, 22, 56.0, , 1
Python, fasta, 15,  901.01, 441.92, 429.51, 0.00, 20.65, 41045, 40973, 20, 55.0, , 1
Python, fasta, 15,  906.05, 449.81, 437.35, 0.00, 20.68, 41083, 40986, 27, 55.0, , 1
Python, fasta, 15,  906.31, 450.63, 438.17, 0.00, 20.67, 41074, 40996, 31, 55.0, , 1
Python, fasta, 15,  906.91, 449.74, 437.30, 0.00, 20.66, 41061, 40994, 15, 56.0, , 1
Python, fasta, 15,  905.08, 446.29, 433.86, 0.00, 20.67, 41067, 40985, 19, 56.0, , 1
Python, k-nucleotide, 15,  3033.45, 1406.04, 1363.98, 0.00, 107.68, 137826, 136870, 695, 55.0, , 1
Python, k-nucleotide, 15,  3041.65, 1412.76, 1370.67, 0.00, 108.38, 137905, 136906, 740, 55.0, , 1
Python, k-nucleotide, 15,  3095.79, 1444.50, 1401.88, 0.00, 109.30, 140059, 139039, 777, 54.0, , 1
Python, k-nucleotide, 15,  3088.69, 1437.21, 1394.60, 0.00, 109.22, 139795, 138751, 719, 55.0, , 1
Python, k-nucleotide, 15,  3045.59, 1434.54, 1392.41, 0.00, 108.64, 138232, 137226, 732, 55.0, , 1
Python, k-nucleotide, 15,  3081.76, 1441.16, 1398.45, 0.00, 109.20, 140125, 139097, 764, 55.0, , 1
Python, k-nucleotide, 15,  3081.97, 1445.76, 1403.21, 0.00, 109.06, 139737, 138761, 719, 55.0, , 1
Python, k-nucleotide, 15,  3068.97, 1436.75, 1394.32, 0.00, 108.58, 139175, 138153, 706, 54.0, , 1
Python, k-nucleotide, 15,  3051.53, 1422.14, 1380.03, 0.00, 107.60, 138209, 137219, 744, 55.0, , 1
Python, k-nucleotide, 15,  3044.83, 1429.15, 1387.13, 0.00, 107.95, 137892, 136944, 679, 54.0, , 1
Python, k-nucleotide, 15,  3126.81, 1468.29, 1425.12, 0.00, 111.44, 141484, 138045, 706, 55.0, , 1
Python, k-nucleotide, 15,  3034.07, 1419.99, 1378.08, 0.00, 108.01, 137514, 136502, 753, 55.0, , 1
Python, k-nucleotide, 15,  3074.27, 1443.46, 1401.03, 0.00, 108.47, 139366, 138340, 727, 54.0, , 1
Python, k-nucleotide, 15,  3058.79, 1428.59, 1386.25, 0.00, 108.51, 138862, 137867, 741, 55.0, , 1
Python, k-nucleotide, 15,  3037.32, 1425.76, 1383.74, 0.00, 106.57, 137892, 136884, 740, 55.0, , 1
Python, k-nucleotide, 15,  3070.67, 1441.28, 1398.86, 0.00, 109.02, 139364, 138388, 716, 55.0, , 1
Python, k-nucleotide, 15,  3012.63, 1424.80, 1382.93, 0.00, 107.56, 137002, 135965, 721, 55.0, , 1
Python, k-nucleotide, 15,  3005.76, 1423.83, 1382.20, 0.00, 107.29, 136522, 135501, 765, 55.0, , 1
Python, k-nucleotide, 15,  3132.99, 1477.66, 1434.20, 0.00, 111.99, 142615, 141595, 737, 55.0, , 1
Python, k-nucleotide, 15,  3058.42, 1439.04, 1396.67, 0.00, 108.56, 139110, 138120, 725, 54.0, , 1
Python, mandelbrot, 15,  9992.44, 5070.17, 4939.79, 0.00, 216.73, 430819, 430136, 10, 57.0, , 1
Python, mandelbrot, 15,  9887.47, 4967.00, 4836.79, 0.00, 215.59, 428534, 427836, 14, 57.0, , 1
Python, mandelbrot, 15,  10098.35, 5095.53, 4963.42, 0.00, 219.46, 436271, 435597, 9, 57.0, , 1
Python, mandelbrot, 15,  9798.35, 4939.53, 4810.04, 0.00, 214.87, 427132, 426471, 15, 57.0, , 1
Python, mandelbrot, 15,  9807.98, 4922.67, 4793.22, 0.00, 215.23, 427455, 426204, 10, 57.0, , 1
Python, mandelbrot, 15,  9836.18, 4934.29, 4804.94, 0.00, 214.85, 427036, 426382, 11, 57.0, , 1
Python, mandelbrot, 15,  9818.99, 4928.16, 4798.65, 0.00, 215.11, 427564, 426893, 6, 57.0, , 1
Python, mandelbrot, 15,  10022.11, 5054.96, 4924.24, 0.00, 217.20, 431720, 431040, 7, 57.0, , 1
Python, mandelbrot, 15,  9793.47, 4929.05, 4799.63, 0.00, 214.93, 427164, 426420, 15, 57.0, , 1
Python, mandelbrot, 15,  9793.24, 4907.99, 4778.74, 0.00, 214.74, 426841, 426211, 12, 58.0, , 1
Python, mandelbrot, 15,  9819.91, 4892.66, 4763.27, 0.00, 214.98, 427301, 426598, 12, 57.0, , 1
Python, mandelbrot, 15,  10071.18, 5036.18, 4904.27, 0.00, 218.98, 435228, 434487, 7, 57.0, , 1
Python, mandelbrot, 15,  9875.83, 4939.84, 4810.30, 0.00, 215.10, 427551, 426911, 16, 57.0, , 1
Python, mandelbrot, 15,  9901.93, 4922.59, 4793.07, 0.00, 215.13, 427597, 426908, 9, 58.0, , 1
Python, mandelbrot, 15,  10148.83, 5093.62, 4962.23, 0.00, 218.39, 434097, 433438, 12, 58.0, , 1
Python, mandelbrot, 15,  10024.67, 4977.02, 4845.63, 0.00, 218.34, 433959, 433241, 9, 57.0, , 1
Python, mandelbrot, 15,  9854.83, 4888.96, 4759.19, 0.00, 215.76, 428864, 428216, 15, 57.0, , 1
Python, mandelbrot, 15,  9769.33, 4827.92, 4698.61, 0.00, 215.07, 427396, 426222, 12, 57.0, , 1
Python, mandelbrot, 15,  9824.61, 4882.18, 4752.95, 0.00, 214.82, 426974, 426242, 17, 57.0, , 1
Python, mandelbrot, 15,  9854.36, 4904.44, 4774.93, 0.00, 215.16, 427667, 427027, 9, 57.0, , 1
Python, n-body, 15,  5402.81, 2720.60, 2649.21, 0.00, 118.60, 235760, 235396, 2, 58.0, , 1
Python, n-body, 15,  5315.04, 2685.13, 2614.83, 0.00, 116.77, 232142, 231748, 5, 57.0, , 1
Python, n-body, 15,  5325.52, 2680.95, 2610.27, 0.00, 117.47, 233532, 233188, 2, 57.0, , 1
Python, n-body, 15,  5341.06, 2691.34, 2620.69, 0.00, 117.37, 233322, 232986, 7, 57.0, , 1
Python, n-body, 15,  5511.56, 2774.06, 2700.99, 0.00, 121.41, 241357, 240956, 8, 58.0, , 1
Python, n-body, 15,  5349.86, 2693.58, 2622.97, 0.00, 117.21, 232961, 232617, 8, 57.0, , 1
Python, n-body, 15,  5373.15, 2707.37, 2636.52, 0.00, 117.64, 233808, 233422, 6, 58.0, , 1
Python, n-body, 15,  5330.52, 2687.83, 2617.35, 0.00, 117.05, 232668, 232347, 3, 57.0, , 1
Python, n-body, 15,  5366.27, 2697.92, 2627.18, 0.00, 117.49, 233539, 233218, 5, 58.0, , 1
Python, n-body, 15,  5394.93, 2702.74, 2632.03, 0.00, 117.44, 233417, 233007, 6, 57.0, , 1
Python, n-body, 15,  5343.81, 2695.39, 2624.57, 0.00, 117.59, 233742, 233400, 2, 58.0, , 1
Python, n-body, 15,  5399.48, 2729.72, 2658.22, 0.00, 118.73, 236003, 235663, 4, 58.0, , 1
Python, n-body, 15,  5343.62, 2692.24, 2621.70, 0.00, 117.29, 233144, 232775, 3, 58.0, , 1
Python, n-body, 15,  5417.19, 2730.27, 2659.07, 0.00, 118.56, 235633, 235112, 6, 58.0, , 1
Python, n-body, 15,  5410.32, 2728.31, 2656.99, 0.00, 118.48, 235499, 235131, 2, 57.0, , 1
Python, n-body, 15,  5370.00, 2714.35, 2643.39, 0.00, 117.86, 234284, 233922, 3, 56.0, , 1
Python, n-body, 15,  5353.83, 2712.79, 2642.18, 0.00, 117.37, 233339, 232949, 5, 55.0, , 1
Python, n-body, 15,  5395.83, 2743.11, 2671.44, 0.00, 119.06, 236671, 236212, 3, 55.0, , 1
Python, n-body, 15,  5340.95, 2717.81, 2646.92, 0.00, 117.76, 234073, 233700, 5, 54.0, , 1
Python, n-body, 15,  5377.84, 2722.88, 2651.69, 0.00, 118.33, 235223, 234813, 2, 54.0, , 1
Python, regex-redux, 15,  273.58, 133.08, 129.23, 0.00, 7.11, 12503, 12020, 462, 53.0, , 1
Python, regex-redux, 15,  277.32, 135.14, 131.25, 0.00, 7.21, 12683, 12198, 453, 52.0, , 1
Python, regex-redux, 15,  275.01, 134.08, 130.23, 0.00, 7.12, 12509, 12049, 439, 52.0, , 1
Python, regex-redux, 15,  275.14, 134.04, 130.17, 0.00, 7.14, 12537, 12074, 445, 53.0, , 1
Python, regex-redux, 15,  274.28, 133.41, 129.56, 0.00, 7.11, 12491, 12042, 434, 52.0, , 1
Python, regex-redux, 15,  276.27, 134.54, 130.67, 0.00, 7.17, 12598, 12087, 490, 52.0, , 1
Python, regex-redux, 15,  274.00, 134.02, 130.17, 0.00, 7.12, 12508, 12044, 443, 52.0, , 1
Python, regex-redux, 15,  275.02, 133.52, 129.67, 0.00, 7.13, 12511, 12041, 434, 52.0, , 1
Python, regex-redux, 15,  274.26, 133.13, 129.29, 0.00, 7.11, 12488, 12047, 424, 52.0, , 1
Python, regex-redux, 15,  274.84, 133.87, 130.01, 0.00, 7.14, 12533, 12079, 433, 52.0, , 1
Python, regex-redux, 15,  274.24, 133.30, 129.46, 0.00, 7.12, 12504, 12038, 447, 52.0, , 1
Python, regex-redux, 15,  274.27, 133.50, 129.66, 0.00, 7.13, 12505, 12047, 433, 51.0, , 1
Python, regex-redux, 15,  274.77, 133.55, 129.72, 0.00, 7.12, 12501, 12023, 459, 52.0, , 1
Python, regex-redux, 15,  273.90, 133.44, 129.58, 0.00, 7.12, 12503, 12026, 454, 52.0, , 1
Python, regex-redux, 15,  276.16, 134.43, 130.56, 0.00, 7.17, 12582, 12075, 485, 51.0, , 1
Python, regex-redux, 15,  273.19, 133.41, 129.57, 0.00, 7.12, 12490, 12021, 447, 52.0, , 1
Python, regex-redux, 15,  275.24, 134.97, 131.11, 0.00, 7.15, 12551, 12064, 447, 51.0, , 1
Python, regex-redux, 15,  273.86, 134.80, 130.94, 0.00, 7.12, 12496, 12062, 419, 52.0, , 1
Python, regex-redux, 15,  273.52, 134.18, 130.34, 0.00, 7.13, 12499, 12016, 461, 52.0, , 1
Python, regex-redux, 15,  274.33, 133.56, 129.71, 0.00, 7.12, 12505, 12028, 449, 51.0, , 1
Python, reverse-complement, 15,  44.59, 21.60, 20.97, 0.00, 1.38, 1985, 1562, 413, 51.0, , 1
Python, reverse-complement, 15,  44.57, 21.50, 20.88, 0.00, 1.37, 1977, 1581, 392, 52.0, , 1
Python, reverse-complement, 15,  44.45, 21.50, 20.88, 0.00, 1.37, 1979, 1547, 428, 52.0, , 1
Python, reverse-complement, 15,  44.65, 21.63, 21.00, 0.00, 1.38, 1991, 1592, 388, 51.0, , 1
Python, reverse-complement, 15,  44.37, 21.59, 20.96, 0.00, 1.37, 1975, 1581, 391, 45.0, , 1
Python, reverse-complement, 15,  44.39, 21.80, 21.17, 0.00, 1.37, 1976, 1533, 438, 52.0, , 1
Python, reverse-complement, 15,  44.83, 21.64, 21.02, 0.00, 1.38, 1980, 1566, 409, 51.0, , 1
Python, reverse-complement, 15,  44.42, 21.65, 21.02, 0.00, 1.37, 1983, 1585, 390, 52.0, , 1
Python, reverse-complement, 15,  44.05, 21.42, 20.80, 0.00, 1.37, 1974, 1561, 410, 52.0, , 1
Python, reverse-complement, 15,  44.62, 21.75, 21.13, 0.00, 1.37, 1982, 1571, 407, 52.0, , 1
Python, reverse-complement, 15,  44.15, 21.53, 20.90, 0.00, 1.37, 1978, 1568, 406, 50.0, , 1
Python, reverse-complement, 15,  44.41, 21.50, 20.88, 0.00, 1.38, 1981, 1555, 421, 51.0, , 1
Python, reverse-complement, 15,  44.31, 21.57, 20.95, 0.00, 1.37, 1979, 1553, 422, 51.0, , 1
Python, reverse-complement, 15,  44.36, 21.90, 21.27, 0.00, 1.37, 1982, 1568, 411, 52.0, , 1
Python, reverse-complement, 15,  44.69, 21.62, 20.99, 0.00, 1.37, 1980, 1529, 447, 52.0, , 1
Python, reverse-complement, 15,  44.52, 21.69, 21.07, 0.00, 1.38, 1985, 1564, 409, 51.0, , 1
Python, reverse-complement, 15,  44.24, 21.51, 20.89, 0.00, 1.37, 1979, 1563, 412, 51.0, , 1
Python, reverse-complement, 15,  44.56, 21.65, 21.03, 0.00, 1.37, 1981, 1541, 434, 51.0, , 1
Python, reverse-complement, 15,  44.28, 21.48, 20.86, 0.00, 1.37, 1978, 1556, 418, 51.0, , 1
Python, reverse-complement, 15,  44.08, 21.46, 20.84, 0.00, 1.37, 1977, 1571, 402, 51.0, , 1
Python, spectral-norm, 15,  6872.11, 3417.02, 3325.57, 0.00, 152.38, 302462, 301952, 44, 52.0, , 1
Python, spectral-norm, 15,  6879.61, 3459.34, 3367.91, 0.00, 152.57, 302832, 302258, 53, 52.0, , 1
Python, spectral-norm, 15,  6806.45, 3405.58, 3314.88, 0.00, 151.32, 300420, 299920, 48, 52.0, , 1
Python, spectral-norm, 15,  6854.46, 3386.56, 3295.42, 0.00, 152.10, 301993, 301410, 62, 52.0, , 1
Python, spectral-norm, 15,  6863.29, 3424.74, 3333.97, 0.00, 151.49, 300797, 300287, 54, 51.0, , 1
Python, spectral-norm, 15,  6854.06, 3388.77, 3297.65, 0.00, 152.13, 302022, 301433, 57, 51.0, , 1
Python, spectral-norm, 15,  6813.38, 3375.91, 3285.30, 0.00, 151.25, 300259, 299746, 57, 51.0, , 1
Python, spectral-norm, 15,  6796.70, 3361.07, 3270.53, 0.00, 151.25, 300224, 299651, 62, 51.0, , 1
Python, spectral-norm, 15,  6841.57, 3384.72, 3293.62, 0.00, 152.12, 301947, 301428, 53, 51.0, , 1
Python, spectral-norm, 15,  6819.71, 3365.17, 3274.53, 0.00, 151.35, 300353, 299775, 50, 51.0, , 1
Python, spectral-norm, 15,  6852.39, 3397.60, 3306.42, 0.00, 152.21, 302085, 301539, 62, 51.0, , 1
Python, spectral-norm, 15,  6870.71, 3415.74, 3324.56, 0.00, 152.26, 302155, 301580, 67, 51.0, , 1
Python, spectral-norm, 15,  6826.50, 3388.95, 3298.34, 0.00, 151.37, 300350, 299840, 61, 51.0, , 1
Python, spectral-norm, 15,  6801.30, 3368.14, 3277.55, 0.00, 151.33, 300277, 299738, 45, 51.0, , 1
Python, spectral-norm, 15,  6836.24, 3411.89, 3320.81, 0.00, 152.14, 301908, 301393, 66, 50.0, , 1
Python, spectral-norm, 15,  6820.74, 3392.39, 3301.54, 0.00, 151.77, 301131, 300556, 68, 50.0, , 1
Python, spectral-norm, 15,  6828.98, 3415.15, 3324.59, 0.00, 151.30, 300228, 299687, 57, 51.0, , 1
Python, spectral-norm, 15,  6863.71, 3435.54, 3344.40, 0.00, 152.27, 302115, 301517, 57, 51.0, , 1
Python, spectral-norm, 15,  6875.07, 3431.03, 3339.94, 0.00, 152.21, 302029, 301496, 49, 50.0, , 1
Python, spectral-norm, 15,  6815.17, 3401.07, 3310.48, 0.00, 151.36, 300367, 299787, 59, 50.0, , 1
C, binary-trees, 25,  59.54, 29.20, 28.34, 0.00, 1.85, 2623, 2407, 201, 50.0, , 1
C, binary-trees, 25,  59.31, 29.22, 28.36, 0.00, 1.86, 2625, 2422, 184, 50.0, , 1
C, binary-trees, 25,  59.04, 29.11, 28.26, 0.00, 1.84, 2612, 2410, 187, 50.0, , 1
C, binary-trees, 25,  59.85, 29.53, 28.67, 0.00, 1.87, 2651, 2447, 190, 50.0, , 1
C, binary-trees, 25,  59.03, 29.23, 28.38, 0.00, 1.85, 2617, 2413, 191, 50.0, , 1
C, binary-trees, 25,  59.48, 29.21, 28.35, 0.00, 1.86, 2618, 2415, 186, 50.0, , 1
C, binary-trees, 25,  59.40, 29.31, 28.46, 0.00, 1.85, 2626, 2425, 185, 50.0, , 1
C, binary-trees, 25,  59.13, 29.25, 28.40, 0.00, 1.85, 2616, 2422, 181, 50.0, , 1
C, binary-trees, 25,  59.49, 29.24, 28.38, 0.00, 1.85, 2621, 2406, 198, 50.0, , 1
C, binary-trees, 25,  59.26, 28.97, 28.12, 0.00, 1.84, 2607, 2406, 188, 50.0, , 1
C, binary-trees, 25,  59.03, 29.06, 28.21, 0.00, 1.85, 2611, 2409, 187, 50.0, , 1
C, binary-trees, 25,  59.52, 29.19, 28.33, 0.00, 1.85, 2614, 2408, 192, 50.0, , 1
C, binary-trees, 25,  59.83, 29.26, 28.41, 0.00, 1.85, 2614, 2411, 190, 51.0, , 1
C, binary-trees, 25,  59.73, 29.47, 28.61, 0.00, 1.86, 2633, 2426, 189, 50.0, , 1
C, binary-trees, 25,  59.98, 29.46, 28.60, 0.00, 1.85, 2624, 2410, 200, 51.0, , 1
C, binary-trees, 25,  59.25, 29.06, 28.22, 0.00, 1.85, 2613, 2415, 184, 51.0, , 1
C, binary-trees, 25,  59.46, 29.22, 28.36, 0.00, 1.85, 2622, 2412, 191, 50.0, , 1
C, binary-trees, 25,  59.30, 29.22, 28.37, 0.00, 1.85, 2615, 2414, 188, 50.0, , 1
C, binary-trees, 25,  59.16, 29.23, 28.38, 0.00, 1.84, 2608, 2403, 191, 50.0, , 1
C, binary-trees, 25,  59.66, 29.40, 28.54, 0.00, 1.86, 2629, 2405, 209, 50.0, , 1
C, fannkuch-redux, 25,  151.15, 69.23, 67.01, 0.00, 3.73, 7416, 7407, 0, 50.0, , 1
C, fannkuch-redux, 25,  150.45, 69.57, 67.35, 0.00, 3.73, 7417, 7407, 7407, 50.0, , 1
C, fannkuch-redux, 25,  150.50, 69.32, 67.10, 0.00, 3.73, 7418, 7406, 1, 50.0, , 1
C, fannkuch-redux, 25,  150.91, 69.05, 66.83, 0.00, 3.73, 7419, 7406, 0, 50.0, , 1
C, fannkuch-redux, 25,  151.04, 69.09, 66.87, 0.00, 3.74, 7422, 7407, 0, 50.0, , 1
C, fannkuch-redux, 25,  151.08, 69.01, 66.80, 0.00, 3.74, 7420, 7408, 7408, 50.0, , 1
C, fannkuch-redux, 25,  149.82, 69.04, 66.82, 0.00, 3.73, 7416, 7407, 0, 50.0, , 1
C, fannkuch-redux, 25,  149.96, 68.93, 66.72, 0.00, 3.73, 7413, 7407, 7407, 50.0, , 1
C, fannkuch-redux, 25,  150.53, 69.42, 67.19, 0.00, 3.75, 7433, 7407, 0, 49.0, , 1
C, fannkuch-redux, 25,  149.30, 69.30, 67.08, 0.00, 3.73, 7418, 7406, 0, 50.0, , 1
C, fannkuch-redux, 25,  150.36, 69.22, 66.99, 0.00, 3.74, 7417, 7405, 2, 49.0, , 1
C, fannkuch-redux, 25,  150.58, 68.98, 66.77, 0.00, 3.74, 7424, 7406, 0, 49.0, , 1
C, fannkuch-redux, 25,  150.50, 68.91, 66.70, 0.00, 3.74, 7419, 7406, 0, 50.0, , 1
C, fannkuch-redux, 25,  150.76, 68.94, 66.73, 0.00, 3.73, 7418, 7406, 0, 49.0, , 1
C, fannkuch-redux, 25,  150.03, 68.62, 66.40, 0.00, 3.73, 7416, 7406, 0, 49.0, , 1
C, fannkuch-redux, 25,  150.99, 69.07, 66.85, 0.00, 3.74, 7422, 7407, 0, 50.0, , 1
C, fannkuch-redux, 25,  149.35, 68.95, 66.74, 0.00, 3.73, 7413, 7406, 0, 49.0, , 1
C, fannkuch-redux, 25,  149.82, 68.70, 66.48, 0.00, 3.73, 7413, 7406, 0, 48.0, , 1
C, fannkuch-redux, 25,  149.17, 68.82, 66.60, 0.00, 3.74, 7417, 7407, 7407, 48.0, , 1
C, fannkuch-redux, 25,  149.41, 68.81, 66.58, 0.00, 3.73, 7418, 7407, 0, 49.0, , 1
C, fasta, 25,  12.70, 5.52, 5.33, 0.00, 0.33, 661, 647, 13, 49.0, , 1
C, fasta, 25,  12.69, 5.55, 5.36, 0.00, 0.34, 665, 645, 15, 47.0, , 1
C, fasta, 25,  12.61, 5.49, 5.28, 0.00, 0.33, 661, 654, 6, 47.0, , 1
C, fasta, 25,  12.68, 5.53, 5.33, 0.00, 0.33, 661, 648, 12, 48.0, , 1
C, fasta, 25,  12.75, 5.50, 5.30, 0.00, 0.34, 662, 649, 12, 48.0, , 1
C, fasta, 25,  12.66, 5.52, 5.33, 0.00, 0.33, 661, 629, 31, 48.0, , 1
C, fasta, 25,  12.71, 5.55, 5.35, 0.00, 0.34, 663, 640, 21, 48.0, , 1
C, fasta, 25,  12.83, 5.58, 5.38, 0.00, 0.34, 666, 648, 12, 47.0, , 1
C, fasta, 25,  12.62, 5.52, 5.32, 0.00, 0.33, 662, 644, 16, 47.0, , 1
C, fasta, 25,  12.61, 5.52, 5.32, 0.00, 0.33, 661, 648, 12, 47.0, , 1
C, fasta, 25,  12.63, 5.52, 5.32, 0.00, 0.34, 661, 649, 11, 47.0, , 1
C, fasta, 25,  12.64, 5.53, 5.34, 0.00, 0.33, 661, 650, 10, 47.0, , 1
C, fasta, 25,  12.62, 5.52, 5.32, 0.00, 0.33, 662, 650, 11, 47.0, , 1
C, fasta, 25,  12.63, 5.52, 5.32, 0.00, 0.33, 661, 649, 11, 47.0, , 1
C, fasta, 25,  12.71, 5.53, 5.34, 0.00, 0.34, 661, 640, 20, 47.0, , 1
C, fasta, 25,  12.63, 5.53, 5.33, 0.00, 0.34, 661, 643, 18, 46.0, , 1
C, fasta, 25,  12.63, 5.53, 5.34, 0.00, 0.33, 661, 649, 11, 46.0, , 1
C, fasta, 25,  12.65, 5.53, 5.33, 0.00, 0.33, 661, 651, 9, 48.0, , 1
C, fasta, 25,  12.68, 5.57, 5.37, 0.00, 0.33, 661, 650, 10, 48.0, , 1
C, fasta, 25,  12.82, 5.59, 5.39, 0.00, 0.34, 666, 647, 13, 48.0, , 1
C, k-nucleotide, 25,  168.83, 84.74, 82.48, 0.00, 4.32, 7589, 7490, 90, 50.0, , 1
C, k-nucleotide, 25,  168.79, 84.20, 81.96, 0.00, 4.19, 7544, 7430, 95, 50.0, , 1
C, k-nucleotide, 25,  168.72, 83.76, 81.51, 0.00, 4.18, 7514, 7403, 100, 50.0, , 1
C, k-nucleotide, 25,  166.86, 83.04, 80.81, 0.00, 4.06, 7460, 7356, 94, 50.0, , 1
C, k-nucleotide, 25,  166.98, 83.06, 80.83, 0.00, 4.06, 7452, 7339, 100, 50.0, , 1
C, k-nucleotide, 25,  168.82, 83.74, 81.49, 0.00, 4.23, 7537, 7421, 101, 50.0, , 1
C, k-nucleotide, 25,  167.52, 83.40, 81.17, 0.00, 4.05, 7449, 7332, 105, 50.0, , 1
C, k-nucleotide, 25,  167.44, 83.59, 81.36, 0.00, 4.09, 7468, 7351, 108, 50.0, , 1
C, k-nucleotide, 25,  171.25, 84.90, 82.64, 0.00, 4.43, 7655, 7530, 105, 49.0, , 1
C, k-nucleotide, 25,  167.05, 83.50, 81.27, 0.00, 4.08, 7464, 7348, 107, 50.0, , 1
C, k-nucleotide, 25,  169.14, 83.79, 81.55, 0.00, 4.25, 7551, 7431, 104, 50.0, , 1
C, k-nucleotide, 25,  167.28, 82.97, 80.74, 0.00, 4.06, 7451, 7351, 89, 50.0, , 1
C, k-nucleotide, 25,  167.47, 83.46, 81.23, 0.00, 4.11, 7480, 7370, 97, 50.0, , 1
C, k-nucleotide, 25,  167.23, 83.66, 81.43, 0.00, 4.09, 7467, 7343, 107, 49.0, , 1
C, k-nucleotide, 25,  167.41, 83.51, 81.27, 0.00, 4.07, 7475, 7358, 105, 50.0, , 1
C, k-nucleotide, 25,  167.98, 83.56, 81.32, 0.00, 4.07, 7465, 7360, 96, 49.0, , 1
C, k-nucleotide, 25,  167.49, 83.60, 81.38, 0.00, 4.05, 7446, 7338, 96, 50.0, , 1
C, k-nucleotide, 25,  167.17, 83.66, 81.43, 0.00, 4.05, 7451, 7327, 106, 50.0, , 1
C, k-nucleotide, 25,  167.10, 83.49, 81.26, 0.00, 4.05, 7452, 7325, 112, 50.0, , 1
C, k-nucleotide, 25,  167.00, 83.40, 81.17, 0.00, 4.05, 7445, 7337, 98, 50.0, , 1
C, mandelbrot, 25,  71.26, 32.43, 31.36, 0.00, 1.81, 3574, 3560, 8, 49.0, , 1
C, mandelbrot, 25,  71.80, 32.46, 31.39, 0.00, 1.81, 3576, 3558, 9, 49.0, , 1
C, mandelbrot, 25,  71.25, 32.56, 31.48, 0.00, 1.81, 3577, 3558, 10, 49.0, , 1
C, mandelbrot, 25,  71.30, 32.50, 31.43, 0.00, 1.80, 3573, 3560, 9, 49.0, , 1
C, mandelbrot, 25,  71.50, 32.56, 31.49, 0.00, 1.81, 3581, 3554, 13, 48.0, , 1
C, mandelbrot, 25,  71.27, 32.48, 31.40, 0.00, 1.80, 3572, 3555, 13, 49.0, , 1
C, mandelbrot, 25,  71.30, 32.53, 31.46, 0.00, 1.80, 3571, 3552, 15, 49.0, , 1
C, mandelbrot, 25,  71.52, 32.59, 31.52, 0.00, 1.81, 3579, 3549, 18, 48.0, , 1
C, mandelbrot, 25,  71.16, 32.44, 31.37, 0.00, 1.81, 3574, 3556, 13, 49.0, , 1
C, mandelbrot, 25,  70.92, 32.47, 31.39, 0.00, 1.81, 3578, 3559, 7, 49.0, , 1
C, mandelbrot, 25,  71.44, 32.43, 31.35, 0.00, 1.80, 3571, 3554, 12, 48.0, , 1
C, mandelbrot, 25,  71.38, 32.34, 31.26, 0.00, 1.81, 3574, 3559, 10, 48.0, , 1
C, mandelbrot, 25,  71.04, 32.28, 31.21, 0.00, 1.80, 3571, 3553, 14, 49.0, , 1
C, mandelbrot, 25,  71.29, 32.37, 31.29, 0.00, 1.81, 3580, 3557, 11, 49.0, , 1
C, mandelbrot, 25,  71.12, 32.38, 31.31, 0.00, 1.80, 3571, 3556, 10, 49.0, , 1
C, mandelbrot, 25,  71.27, 32.36, 31.29, 0.00, 1.81, 3572, 3561, 7, 48.0, , 1
C, mandelbrot, 25,  71.18, 32.50, 31.42, 0.00, 1.81, 3572, 3557, 10, 48.0, , 1
C, mandelbrot, 25,  71.57, 32.80, 31.72, 0.00, 1.82, 3597, 3554, 12, 48.0, , 1
C, mandelbrot, 25,  71.22, 32.59, 31.51, 0.00, 1.81, 3574, 3560, 6, 49.0, , 1
C, mandelbrot, 25,  71.38, 32.71, 31.63, 0.00, 1.81, 3577, 3556, 12, 48.0, , 1
C, n-body, 25,  35.61, 16.70, 16.18, 0.00, 0.87, 1720, 1719, 1719, 48.0, , 1
C, n-body, 25,  35.61, 16.88, 16.36, 0.00, 0.87, 1725, 1719, 1719, 49.0, , 1
C, n-body, 25,  35.45, 16.82, 16.31, 0.00, 0.87, 1720, 1719, 1719, 48.0, , 1
C, n-body, 25,  35.76, 16.90, 16.38, 0.00, 0.87, 1721, 1719, 1719, 48.0, , 1
C, n-body, 25,  35.52, 16.87, 16.35, 0.00, 0.87, 1720, 1719, 1719, 48.0, , 1
C, n-body, 25,  35.44, 16.70, 16.18, 0.00, 0.87, 1720, 1718, 0, 48.0, , 1
C, n-body, 25,  35.54, 16.74, 16.22, 0.00, 0.87, 1720, 1719, 1719, 49.0, , 1
C, n-body, 25,  35.59, 16.64, 16.12, 0.00, 0.87, 1720, 1718, 0, 48.0, , 1
C, n-body, 25,  35.48, 16.71, 16.20, 0.00, 0.87, 1719, 1719, 1719, 49.0, , 1
C, n-body, 25,  35.55, 16.79, 16.28, 0.00, 0.87, 1721, 1718, 0, 48.0, , 1
C, n-body, 25,  35.57, 16.79, 16.26, 0.00, 0.87, 1720, 1719, 1719, 48.0, , 1
C, n-body, 25,  36.09, 16.74, 16.22, 0.00, 0.87, 1722, 1719, 0, 48.0, , 1
C, n-body, 25,  35.84, 16.71, 16.19, 0.00, 0.87, 1723, 1718, 0, 48.0, , 1
C, n-body, 25,  35.68, 16.79, 16.27, 0.00, 0.87, 1727, 1719, 1719, 48.0, , 1
C, n-body, 25,  35.49, 16.72, 16.20, 0.00, 0.87, 1719, 1719, 1719, 48.0, , 1
C, n-body, 25,  35.50, 16.82, 16.30, 0.00, 0.87, 1720, 1718, 0, 48.0, , 1
C, n-body, 25,  35.54, 16.78, 16.26, 0.00, 0.87, 1720, 1719, 1719, 49.0, , 1
C, n-body, 25,  35.67, 16.77, 16.25, 0.00, 0.87, 1721, 1718, 0, 49.0, , 1
C, n-body, 25,  35.57, 16.80, 16.28, 0.00, 0.87, 1723, 1719, 1719, 48.0, , 1
C, n-body, 25,  35.71, 16.75, 16.22, 0.00, 0.87, 1720, 1719, 1719, 49.0, , 1
C, regex-redux, 25,  36.58, 17.40, 16.88, 0.00, 1.09, 1685, 1615, 68, 49.0, , 1
C, regex-redux, 25,  36.54, 17.38, 16.86, 0.00, 1.09, 1686, 1611, 73, 48.0, , 1
C, regex-redux, 25,  36.39, 17.34, 16.82, 0.00, 1.09, 1686, 1605, 78, 49.0, , 1
C, regex-redux, 25,  36.39, 17.41, 16.90, 0.00, 1.09, 1686, 1613, 70, 49.0, , 1
C, regex-redux, 25,  36.43, 17.40, 16.89, 0.00, 1.09, 1686, 1608, 75, 49.0, , 1
C, regex-redux, 25,  36.54, 17.42, 16.91, 0.00, 1.09, 1686, 1609, 74, 49.0, , 1
C, regex-redux, 25,  36.49, 17.37, 16.86, 0.00, 1.09, 1685, 1594, 88, 49.0, , 1
C, regex-redux, 25,  36.49, 17.30, 16.79, 0.00, 1.09, 1685, 1606, 77, 49.0, , 1
C, regex-redux, 25,  36.77, 17.42, 16.90, 0.00, 1.09, 1687, 1603, 81, 49.0, , 1
C, regex-redux, 25,  36.56, 17.54, 17.02, 0.00, 1.10, 1690, 1600, 83, 49.0, , 1
C, regex-redux, 25,  36.52, 17.48, 16.96, 0.00, 1.10, 1691, 1609, 75, 49.0, , 1
C, regex-redux, 25,  36.43, 17.39, 16.88, 0.00, 1.09, 1687, 1610, 74, 49.0, , 1
C, regex-redux, 25,  36.36, 17.46, 16.95, 0.00, 1.09, 1686, 1610, 73, 49.0, , 1
C, regex-redux, 25,  36.37, 17.43, 16.91, 0.00, 1.09, 1687, 1606, 77, 48.0, , 1
C, regex-redux, 25,  36.50, 17.51, 17.00, 0.00, 1.09, 1687, 1602, 82, 49.0, , 1
C, regex-redux, 25,  36.57, 17.47, 16.95, 0.00, 1.10, 1694, 1604, 78, 49.0, , 1
C, regex-redux, 25,  36.65, 17.44, 16.93, 0.00, 1.09, 1687, 1594, 91, 48.0, , 1
C, regex-redux, 25,  36.52, 17.45, 16.93, 0.00, 1.09, 1687, 1600, 83, 49.0, , 1
C, regex-redux, 25,  36.47, 17.43, 16.92, 0.00, 1.09, 1687, 1607, 77, 50.0, , 1
C, regex-redux, 25,  36.40, 17.47, 16.96, 0.00, 1.09, 1686, 1607, 76, 49.0, , 1
C, reverse-complement, 25,  2.81, 1.29, 1.24, 0.00, 0.16, 118, 38, 80, 49.0, , 1
C, reverse-complement, 25,  2.81, 1.28, 1.24, 0.00, 0.16, 118, 35, 84, 49.0, , 1
C, reverse-complement, 25,  2.79, 1.28, 1.23, 0.00, 0.16, 118, 38, 79, 49.0, , 1
C, reverse-complement, 25,  2.95, 1.35, 1.30, 0.00, 0.17, 125, 39, 77, 49.0, , 1
C, reverse-complement, 25,  2.81, 1.29, 1.24, 0.00, 0.16, 118, 38, 79, 49.0, , 1
C, reverse-complement, 25,  2.80, 1.30, 1.24, 0.00, 0.16, 118, 33, 84, 49.0, , 1
C, reverse-complement, 25,  2.78, 1.29, 1.24, 0.00, 0.16, 118, 40, 77, 49.0, , 1
C, reverse-complement, 25,  2.79, 1.28, 1.24, 0.00, 0.16, 118, 35, 83, 49.0, , 1
C, reverse-complement, 25,  2.77, 1.28, 1.24, 0.00, 0.16, 117, 39, 79, 50.0, , 1
C, reverse-complement, 25,  2.81, 1.29, 1.24, 0.00, 0.16, 119, 37, 81, 50.0, , 1
C, reverse-complement, 25,  2.77, 1.28, 1.24, 0.00, 0.16, 117, 37, 81, 50.0, , 1
C, reverse-complement, 25,  2.78, 1.28, 1.23, 0.00, 0.16, 118, 38, 79, 50.0, , 1
C, reverse-complement, 25,  2.77, 1.28, 1.23, 0.00, 0.16, 118, 36, 82, 50.0, , 1
C, reverse-complement, 25,  2.78, 1.30, 1.25, 0.00, 0.16, 118, 35, 83, 50.0, , 1
C, reverse-complement, 25,  2.81, 1.30, 1.24, 0.00, 0.16, 119, 38, 79, 50.0, , 1
C, reverse-complement, 25,  2.80, 1.30, 1.25, 0.00, 0.16, 118, 38, 79, 49.0, , 1
C, reverse-complement, 25,  2.80, 1.29, 1.23, 0.00, 0.16, 117, 36, 80, 49.0, , 1
C, reverse-complement, 25,  2.81, 1.29, 1.24, 0.00, 0.16, 118, 35, 82, 49.0, , 1
C, reverse-complement, 25,  2.79, 1.29, 1.24, 0.00, 0.16, 118, 36, 81, 49.0, , 1
C, reverse-complement, 25,  2.79, 1.29, 1.24, 0.00, 0.16, 118, 36, 81, 49.0, , 1
C, spectral-norm, 25,  23.80, 11.33, 10.98, 0.00, 0.58, 1151, 1150, 1150, 48.0, , 1
C, spectral-norm, 25,  23.77, 11.35, 11.00, 0.00, 0.58, 1151, 1149, 0, 48.0, , 1
C, spectral-norm, 25,  23.71, 11.32, 10.98, 0.00, 0.58, 1151, 1148, 1, 48.0, , 1
C, spectral-norm, 25,  23.79, 11.27, 10.92, 0.00, 0.58, 1151, 1149, 0, 48.0, , 1
C, spectral-norm, 25,  24.07, 11.29, 10.94, 0.00, 0.58, 1153, 1151, 1151, 48.0, , 1
C, spectral-norm, 25,  23.89, 11.24, 10.89, 0.00, 0.58, 1150, 1150, 1150, 48.0, , 1
C, spectral-norm, 25,  23.81, 11.22, 10.87, 0.00, 0.58, 1150, 1149, 0, 48.0, , 1
C, spectral-norm, 25,  23.85, 11.25, 10.90, 0.00, 0.58, 1151, 1148, 1, 48.0, , 1
C, spectral-norm, 25,  23.83, 11.19, 10.85, 0.00, 0.58, 1151, 1148, 1, 48.0, , 1
C, spectral-norm, 25,  23.94, 11.31, 10.96, 0.00, 0.58, 1151, 1149, 0, 48.0, , 1
C, spectral-norm, 25,  23.93, 11.39, 11.05, 0.00, 0.58, 1151, 1149, 0, 48.0, , 1
C, spectral-norm, 25,  23.85, 11.36, 11.02, 0.00, 0.58, 1151, 1148, 1, 48.0, , 1
C, spectral-norm, 25,  23.69, 11.25, 10.90, 0.00, 0.58, 1150, 1149, 0, 49.0, , 1
C, spectral-norm, 25,  23.87, 11.24, 10.89, 0.00, 0.58, 1154, 1149, 0, 48.0, , 1
C, spectral-norm, 25,  23.89, 11.16, 10.82, 0.00, 0.58, 1151, 1149, 0, 48.0, , 1
C, spectral-norm, 25,  23.77, 11.28, 10.93, 0.00, 0.58, 1151, 1149, 0, 48.0, , 1
C, spectral-norm, 25,  23.91, 11.34, 10.99, 0.00, 0.58, 1151, 1149, 0, 49.0, , 1
C, spectral-norm, 25,  23.72, 11.25, 10.90, 0.00, 0.58, 1150, 1150, 1150, 48.0, , 1
C, spectral-norm, 25,  23.72, 11.24, 10.89, 0.00, 0.58, 1150, 1150, 1150, 49.0, , 1
C, spectral-norm, 25,  23.74, 11.25, 10.90, 0.00, 0.58, 1151, 1149, 0, 49.0, , 1
C++, binary-trees, 25,  54.74, 26.66, 25.86, 0.00, 1.73, 2435, 2358, 74, 49.0, , 1
C++, binary-trees, 25,  54.76, 26.69, 25.90, 0.00, 1.73, 2438, 2353, 80, 49.0, , 1
C++, binary-trees, 25,  55.07, 26.96, 26.15, 0.00, 1.74, 2449, 2365, 67, 49.0, , 1
C++, binary-trees, 25,  55.41, 27.04, 26.24, 0.00, 1.75, 2456, 2364, 79, 49.0, , 1
C++, binary-trees, 25,  54.83, 26.89, 26.10, 0.00, 1.73, 2439, 2362, 73, 50.0, , 1
C++, binary-trees, 25,  54.79, 26.79, 25.99, 0.00, 1.73, 2433, 2357, 73, 49.0, , 1
C++, binary-trees, 25,  55.00, 26.94, 26.14, 0.00, 1.74, 2444, 2356, 84, 49.0, , 1
C++, binary-trees, 25,  55.25, 26.89, 26.08, 0.00, 1.74, 2448, 2355, 86, 49.0, , 1
C++, binary-trees, 25,  55.19, 26.74, 25.94, 0.00, 1.73, 2441, 2348, 88, 49.0, , 1
C++, binary-trees, 25,  54.86, 26.74, 25.94, 0.00, 1.73, 2433, 2350, 80, 49.0, , 1
C++, binary-trees, 25,  55.24, 26.85, 26.05, 0.00, 1.73, 2437, 2358, 76, 49.0, , 1
C++, binary-trees, 25,  54.65, 26.62, 25.83, 0.00, 1.73, 2434, 2337, 94, 49.0, , 1
C++, binary-trees, 25,  54.80, 26.82, 26.02, 0.00, 1.74, 2436, 2349, 83, 49.0, , 1
C++, binary-trees, 25,  55.41, 26.91, 26.12, 0.00, 1.74, 2442, 2358, 78, 50.0, , 1
C++, binary-trees, 25,  55.20, 26.77, 25.97, 0.00, 1.73, 2439, 2347, 87, 49.0, , 1
C++, binary-trees, 25,  55.05, 26.83, 26.04, 0.00, 1.74, 2441, 2367, 70, 49.0, , 1
C++, binary-trees, 25,  55.15, 26.81, 26.01, 0.00, 1.74, 2445, 2358, 76, 49.0, , 1
C++, binary-trees, 25,  54.80, 26.89, 26.09, 0.00, 1.73, 2439, 2357, 78, 49.0, , 1
C++, binary-trees, 25,  54.57, 26.78, 25.99, 0.00, 1.73, 2433, 2349, 80, 49.0, , 1
C++, binary-trees, 25,  54.96, 27.05, 26.25, 0.00, 1.74, 2446, 2351, 84, 50.0, , 1
C++, fannkuch-redux, 25,  259.22, 114.81, 110.81, 0.00, 6.68, 13265, 13242, 1, 48.0, , 1
C++, fannkuch-redux, 25,  258.58, 115.92, 111.92, 0.00, 6.68, 13265, 13236, 1, 48.0, , 1
C++, fannkuch-redux, 25,  258.30, 115.12, 111.12, 0.00, 6.67, 13258, 13244, 0, 48.0, , 1
C++, fannkuch-redux, 25,  257.60, 115.33, 111.34, 0.00, 6.68, 13269, 13241, 1, 47.0, , 1
C++, fannkuch-redux, 25,  258.08, 115.50, 111.50, 0.00, 6.68, 13259, 13235, 1, 48.0, , 1
C++, fannkuch-redux, 25,  257.56, 115.46, 111.46, 0.00, 6.68, 13266, 13244, 1, 47.0, , 1
C++, fannkuch-redux, 25,  258.04, 115.09, 111.10, 0.00, 6.68, 13267, 13242, 1, 47.0, , 1
C++, fannkuch-redux, 25,  256.82, 114.35, 110.33, 0.00, 6.68, 13269, 13241, 2, 47.0, , 1
C++, fannkuch-redux, 25,  257.17, 114.18, 110.19, 0.00, 6.67, 13258, 13243, 0, 47.0, , 1
C++, fannkuch-redux, 25,  257.55, 114.01, 110.01, 0.00, 6.68, 13261, 13238, 1, 48.0, , 1
C++, fannkuch-redux, 25,  257.89, 113.63, 109.62, 0.00, 6.69, 13275, 13242, 0, 48.0, , 1
C++, fannkuch-redux, 25,  257.96, 113.49, 109.49, 0.00, 6.67, 13257, 13242, 1, 46.0, , 1
C++, fannkuch-redux, 25,  257.61, 113.74, 109.74, 0.00, 6.68, 13263, 13244, 0, 47.0, , 1
C++, fannkuch-redux, 25,  257.55, 113.50, 109.49, 0.00, 6.68, 13266, 13244, 1, 47.0, , 1
C++, fannkuch-redux, 25,  257.74, 113.92, 109.92, 0.00, 6.68, 13268, 13243, 1, 48.0, , 1
C++, fannkuch-redux, 25,  257.30, 114.36, 110.36, 0.00, 6.67, 13250, 13237, 0, 47.0, , 1
C++, fannkuch-redux, 25,  257.29, 114.16, 110.16, 0.00, 6.67, 13259, 13238, 0, 48.0, , 1
C++, fannkuch-redux, 25,  256.72, 114.70, 110.69, 0.00, 6.67, 13250, 13234, 1, 47.0, , 1
C++, fannkuch-redux, 25,  258.03, 115.07, 111.06, 0.00, 6.68, 13272, 13244, 0, 47.0, , 1
C++, fannkuch-redux, 25,  257.46, 113.97, 109.96, 0.00, 6.68, 13267, 13236, 0, 48.0, , 1
C++, fasta, 25,  19.08, 8.38, 8.09, 0.00, 0.50, 986, 979, 6, 46.0, , 1
C++, fasta, 25,  19.01, 8.37, 8.08, 0.00, 0.50, 986, 980, 5, 47.0, , 1
C++, fasta, 25,  19.47, 8.36, 8.06, 0.00, 0.50, 988, 980, 6, 46.0, , 1
C++, fasta, 25,  19.05, 8.35, 8.05, 0.00, 0.50, 987, 980, 5, 46.0, , 1
C++, fasta, 25,  18.98, 8.36, 8.06, 0.00, 0.50, 986, 982, 4, 46.0, , 1
C++, fasta, 25,  19.23, 8.35, 8.04, 0.00, 0.50, 987, 978, 7, 46.0, , 1
C++, fasta, 25,  19.09, 8.32, 8.03, 0.00, 0.50, 987, 980, 5, 46.0, , 1
C++, fasta, 25,  18.99, 8.30, 8.00, 0.00, 0.50, 987, 982, 3, 46.0, , 1
C++, fasta, 25,  18.99, 8.33, 8.03, 0.00, 0.50, 986, 981, 3, 46.0, , 1
C++, fasta, 25,  19.12, 8.42, 8.12, 0.00, 0.50, 987, 982, 3, 46.0, , 1
C++, fasta, 25,  18.98, 8.37, 8.07, 0.00, 0.50, 986, 977, 8, 46.0, , 1
C++, fasta, 25,  19.06, 8.35, 8.05, 0.00, 0.50, 987, 979, 6, 47.0, , 1
C++, fasta, 25,  19.02, 8.38, 8.08, 0.00, 0.50, 987, 976, 9, 46.0, , 1
C++, fasta, 25,  19.00, 8.33, 8.04, 0.00, 0.50, 987, 982, 3, 46.0, , 1
C++, fasta, 25,  18.95, 8.35, 8.05, 0.00, 0.50, 986, 980, 5, 46.0, , 1
C++, fasta, 25,  19.51, 8.51, 8.20, 0.00, 0.51, 1001, 977, 8, 46.0, , 1
C++, fasta, 25,  19.02, 8.37, 8.08, 0.00, 0.50, 986, 982, 3, 47.0, , 1
C++, fasta, 25,  19.00, 8.35, 8.05, 0.00, 0.50, 986, 983, 2, 46.0, , 1
C++, fasta, 25,  19.00, 8.33, 8.04, 0.00, 0.50, 987, 976, 9, 46.0, , 1
C++, fasta, 25,  18.99, 8.30, 8.01, 0.00, 0.50, 987, 984, 1, 47.0, , 1
C++, k-nucleotide, 25,  80.70, 37.02, 35.83, 0.00, 2.95, 3756, 3603, 141, 48.0, , 1
C++, k-nucleotide, 25,  80.77, 36.97, 35.79, 0.00, 2.94, 3750, 3572, 167, 47.0, , 1
C++, k-nucleotide, 25,  80.06, 36.79, 35.59, 0.00, 2.94, 3746, 3572, 163, 47.0, , 1
C++, k-nucleotide, 25,  79.93, 36.93, 35.74, 0.00, 2.94, 3746, 3581, 159, 47.0, , 1
C++, k-nucleotide, 25,  79.95, 37.01, 35.82, 0.00, 2.94, 3748, 3570, 172, 47.0, , 1
C++, k-nucleotide, 25,  80.35, 36.96, 35.77, 0.00, 2.94, 3760, 3574, 168, 47.0, , 1
C++, k-nucleotide, 25,  80.26, 36.83, 35.64, 0.00, 2.96, 3755, 3588, 161, 47.0, , 1
C++, k-nucleotide, 25,  80.11, 36.54, 35.34, 0.00, 2.95, 3746, 3570, 169, 47.0, , 1
C++, k-nucleotide, 25,  80.32, 36.82, 35.63, 0.00, 2.97, 3766, 3599, 161, 47.0, , 1
C++, k-nucleotide, 25,  80.51, 36.62, 35.43, 0.00, 2.93, 3745, 3576, 162, 48.0, , 1
C++, k-nucleotide, 25,  80.30, 36.60, 35.40, 0.00, 2.94, 3744, 3596, 142, 48.0, , 1
C++, k-nucleotide, 25,  80.24, 36.91, 35.71, 0.00, 2.96, 3760, 3614, 131, 48.0, , 1
C++, k-nucleotide, 25,  79.91, 36.82, 35.63, 0.00, 2.94, 3747, 3581, 159, 47.0, , 1
C++, k-nucleotide, 25,  80.42, 36.76, 35.56, 0.00, 2.97, 3768, 3590, 164, 47.0, , 1
C++, k-nucleotide, 25,  80.25, 36.78, 35.58, 0.00, 2.95, 3760, 3608, 145, 48.0, , 1
C++, k-nucleotide, 25,  79.89, 36.67, 35.49, 0.00, 2.94, 3747, 3570, 171, 48.0, , 1
C++, k-nucleotide, 25,  80.09, 36.82, 35.62, 0.00, 2.95, 3754, 3587, 160, 48.0, , 1
C++, k-nucleotide, 25,  80.11, 36.84, 35.64, 0.00, 2.94, 3749, 3586, 157, 47.0, , 1
C++, k-nucleotide, 25,  80.07, 37.02, 35.83, 0.00, 2.95, 3752, 3575, 167, 48.0, , 1
C++, k-nucleotide, 25,  80.18, 37.01, 35.82, 0.00, 2.93, 3746, 3579, 161, 48.0, , 1
C++, mandelbrot, 25,  56.81, 24.72, 23.90, 0.00, 1.38, 2719, 2692, 16, 48.0, , 1
C++, mandelbrot, 25,  56.90, 24.59, 23.77, 0.00, 1.37, 2713, 2694, 14, 48.0, , 1
C++, mandelbrot, 25,  56.81, 24.49, 23.67, 0.00, 1.37, 2712, 2697, 11, 48.0, , 1
C++, mandelbrot, 25,  56.96, 24.66, 23.84, 0.00, 1.38, 2723, 2686, 22, 48.0, , 1
C++, mandelbrot, 25,  56.69, 24.57, 23.75, 0.00, 1.37, 2713, 2697, 13, 48.0, , 1
C++, mandelbrot, 25,  56.72, 24.71, 23.89, 0.00, 1.37, 2713, 2700, 10, 48.0, , 1
C++, mandelbrot, 25,  56.56, 24.60, 23.79, 0.00, 1.37, 2711, 2705, 3, 48.0, , 1
C++, mandelbrot, 25,  57.04, 24.73, 23.90, 0.00, 1.37, 2713, 2696, 13, 47.0, , 1
C++, mandelbrot, 25,  56.82, 24.85, 24.03, 0.00, 1.37, 2713, 2698, 11, 48.0, , 1
C++, mandelbrot, 25,  56.89, 24.60, 23.78, 0.00, 1.37, 2712, 2692, 16, 47.0, , 1
C++, mandelbrot, 25,  56.75, 24.65, 23.84, 0.00, 1.37, 2711, 2700, 8, 48.0, , 1
C++, mandelbrot, 25,  56.97, 24.75, 23.93, 0.00, 1.37, 2715, 2696, 14, 48.0, , 1
C++, mandelbrot, 25,  56.90, 24.82, 24.00, 0.00, 1.38, 2716, 2700, 9, 48.0, , 1
C++, mandelbrot, 25,  56.67, 24.73, 23.90, 0.00, 1.37, 2713, 2693, 17, 47.0, , 1
C++, mandelbrot, 25,  56.72, 24.71, 23.90, 0.00, 1.37, 2713, 2699, 11, 48.0, , 1
C++, mandelbrot, 25,  56.78, 24.66, 23.85, 0.00, 1.37, 2712, 2693, 15, 47.0, , 1
C++, mandelbrot, 25,  56.83, 25.06, 24.23, 0.00, 1.38, 2718, 2693, 15, 48.0, , 1
C++, mandelbrot, 25,  56.79, 24.92, 24.09, 0.00, 1.38, 2718, 2702, 8, 48.0, , 1
C++, mandelbrot, 25,  56.76, 24.73, 23.91, 0.00, 1.38, 2718, 2701, 9, 48.0, , 1
C++, mandelbrot, 25,  56.66, 24.87, 24.05, 0.00, 1.37, 2710, 2702, 6, 47.0, , 1
C++, n-body, 25,  36.17, 17.40, 16.89, 0.00, 0.86, 1709, 1707, 1707, 48.0, , 1
C++, n-body, 25,  36.24, 17.59, 17.07, 0.00, 0.86, 1710, 1707, 1707, 48.0, , 1
C++, n-body, 25,  36.17, 17.48, 16.96, 0.00, 0.86, 1709, 1706, 0, 48.0, , 1
C++, n-body, 25,  36.18, 17.31, 16.79, 0.00, 0.86, 1712, 1707, 1707, 48.0, , 1
C++, n-body, 25,  36.15, 17.35, 16.83, 0.00, 0.86, 1708, 1707, 1707, 48.0, , 1
C++, n-body, 25,  36.29, 17.53, 17.02, 0.00, 0.86, 1711, 1707, 0, 48.0, , 1
C++, n-body, 25,  36.02, 17.47, 16.96, 0.00, 0.86, 1708, 1707, 1707, 48.0, , 1
C++, n-body, 25,  36.05, 17.53, 17.02, 0.00, 0.86, 1709, 1706, 0, 48.0, , 1
C++, n-body, 25,  36.05, 17.47, 16.95, 0.00, 0.86, 1708, 1706, 0, 48.0, , 1
C++, n-body, 25,  36.08, 17.34, 16.83, 0.00, 0.86, 1709, 1706, 0, 48.0, , 1
C++, n-body, 25,  36.15, 17.44, 16.92, 0.00, 0.86, 1708, 1707, 1707, 48.0, , 1
C++, n-body, 25,  36.12, 17.48, 16.96, 0.00, 0.86, 1708, 1707, 1707, 48.0, , 1
C++, n-body, 25,  36.20, 17.49, 16.97, 0.00, 0.86, 1708, 1707, 1707, 48.0, , 1
C++, n-body, 25,  36.17, 17.42, 16.90, 0.00, 0.86, 1708, 1707, 1707, 47.0, , 1
C++, n-body, 25,  36.37, 17.45, 16.94, 0.00, 0.87, 1718, 1706, 0, 48.0, , 1
C++, n-body, 25,  36.13, 17.59, 17.07, 0.00, 0.86, 1707, 1707, 1707, 48.0, , 1
C++, n-body, 25,  36.26, 17.54, 17.03, 0.00, 0.86, 1710, 1707, 0, 48.0, , 1
C++, n-body, 25,  36.20, 17.54, 17.03, 0.00, 0.86, 1713, 1710, 0, 48.0, , 1
C++, n-body, 25,  36.11, 17.52, 17.01, 0.00, 0.86, 1711, 1705, 1, 48.0, , 1
C++, n-body, 25,  36.06, 17.55, 17.04, 0.00, 0.86, 1709, 1706, 0, 48.0, , 1
C++, regex-redux, 25,  40.42, 19.44, 18.85, 0.00, 1.23, 1861, 1694, 164, 48.0, , 1
C++, regex-redux, 25,  40.22, 19.36, 18.78, 0.00, 1.22, 1862, 1701, 158, 48.0, , 1
C++, regex-redux, 25,  40.64, 19.53, 18.94, 0.00, 1.24, 1875, 1716, 155, 48.0, , 1
C++, regex-redux, 25,  40.55, 19.30, 18.71, 0.00, 1.23, 1866, 1717, 145, 48.0, , 1
C++, regex-redux, 25,  40.24, 19.30, 18.71, 0.00, 1.23, 1862, 1700, 159, 48.0, , 1
C++, regex-redux, 25,  40.36, 19.31, 18.73, 0.00, 1.23, 1866, 1700, 162, 48.0, , 1
C++, regex-redux, 25,  40.37, 19.41, 18.83, 0.00, 1.23, 1864, 1699, 162, 48.0, , 1
C++, regex-redux, 25,  40.34, 19.37, 18.78, 0.00, 1.23, 1861, 1712, 145, 48.0, , 1
C++, regex-redux, 25,  40.48, 19.24, 18.66, 0.00, 1.24, 1871, 1696, 167, 48.0, , 1
C++, regex-redux, 25,  40.52, 19.33, 18.75, 0.00, 1.23, 1864, 1696, 165, 48.0, , 1
C++, regex-redux, 25,  40.29, 19.33, 18.75, 0.00, 1.23, 1862, 1696, 162, 48.0, , 1
C++, regex-redux, 25,  40.97, 19.61, 19.02, 0.00, 1.24, 1878, 1718, 156, 49.0, , 1
C++, regex-redux, 25,  40.47, 19.37, 18.79, 0.00, 1.24, 1869, 1710, 150, 48.0, , 1
C++, regex-redux, 25,  40.37, 19.38, 18.80, 0.00, 1.23, 1863, 1718, 142, 48.0, , 1
C++, regex-redux, 25,  40.54, 19.37, 18.79, 0.00, 1.24, 1865, 1719, 142, 48.0, , 1
C++, regex-redux, 25,  40.45, 19.41, 18.84, 0.00, 1.23, 1865, 1702, 156, 48.0, , 1
C++, regex-redux, 25,  40.37, 19.45, 18.86, 0.00, 1.23, 1864, 1709, 152, 49.0, , 1
C++, regex-redux, 25,  40.35, 19.43, 18.86, 0.00, 1.23, 1864, 1700, 160, 48.0, , 1
C++, regex-redux, 25,  40.55, 19.50, 18.92, 0.00, 1.24, 1875, 1699, 163, 49.0, , 1
C++, regex-redux, 25,  40.27, 19.47, 18.89, 0.00, 1.23, 1864, 1708, 153, 49.0, , 1
C++, reverse-complement, 25,  3.58, 1.64, 1.57, 0.00, 0.21, 159, 69, 88, 49.0, , 1
C++, reverse-complement, 25,  3.59, 1.63, 1.57, 0.00, 0.20, 158, 65, 93, 49.0, , 1
C++, reverse-complement, 25,  3.60, 1.64, 1.57, 0.00, 0.21, 158, 69, 88, 49.0, , 1
C++, reverse-complement, 25,  3.59, 1.64, 1.58, 0.00, 0.21, 159, 68, 90, 49.0, , 1
C++, reverse-complement, 25,  3.61, 1.65, 1.57, 0.00, 0.21, 158, 80, 77, 49.0, , 1
C++, reverse-complement, 25,  3.62, 1.65, 1.57, 0.00, 0.21, 158, 76, 81, 49.0, , 1
C++, reverse-complement, 25,  3.59, 1.65, 1.58, 0.00, 0.21, 158, 80, 78, 49.0, , 1
C++, reverse-complement, 25,  3.59, 1.64, 1.57, 0.00, 0.21, 158, 77, 80, 49.0, , 1
C++, reverse-complement, 25,  3.61, 1.65, 1.58, 0.00, 0.21, 158, 75, 82, 49.0, , 1
C++, reverse-complement, 25,  3.59, 1.64, 1.57, 0.00, 0.21, 158, 80, 78, 49.0, , 1
C++, reverse-complement, 25,  3.60, 1.63, 1.57, 0.00, 0.21, 158, 69, 88, 49.0, , 1
C++, reverse-complement, 25,  3.60, 1.63, 1.56, 0.00, 0.20, 158, 72, 85, 48.0, , 1
C++, reverse-complement, 25,  3.58, 1.63, 1.57, 0.00, 0.20, 157, 62, 96, 48.0, , 1
C++, reverse-complement, 25,  3.60, 1.63, 1.57, 0.00, 0.20, 159, 78, 80, 48.0, , 1
C++, reverse-complement, 25,  3.57, 1.63, 1.57, 0.00, 0.20, 158, 76, 81, 48.0, , 1
C++, reverse-complement, 25,  3.63, 1.64, 1.57, 0.00, 0.21, 159, 66, 92, 48.0, , 1
C++, reverse-complement, 25,  3.70, 1.66, 1.59, 0.00, 0.21, 160, 70, 89, 48.0, , 1
C++, reverse-complement, 25,  3.74, 1.65, 1.57, 0.00, 0.20, 157, 72, 86, 48.0, , 1
C++, reverse-complement, 25,  3.62, 1.65, 1.59, 0.00, 0.21, 158, 74, 85, 48.0, , 1
C++, reverse-complement, 25,  3.62, 1.65, 1.59, 0.00, 0.21, 158, 69, 89, 48.0, , 1
C++, spectral-norm, 25,  25.22, 10.92, 10.52, 0.00, 0.67, 1328, 1326, 0, 46.0, , 1
C++, spectral-norm, 25,  25.15, 10.87, 10.46, 0.00, 0.67, 1327, 1326, 0, 46.0, , 1
C++, spectral-norm, 25,  25.16, 10.88, 10.48, 0.00, 0.67, 1328, 1326, 0, 46.0, , 1
C++, spectral-norm, 25,  25.08, 11.01, 10.60, 0.00, 0.67, 1328, 1326, 0, 46.0, , 1
C++, spectral-norm, 25,  25.17, 10.86, 10.47, 0.00, 0.67, 1328, 1325, 1, 46.0, , 1
C++, spectral-norm, 25,  25.37, 10.95, 10.55, 0.00, 0.67, 1329, 1326, 0, 46.0, , 1
C++, spectral-norm, 25,  25.14, 10.97, 10.56, 0.00, 0.67, 1329, 1325, 1, 46.0, , 1
C++, spectral-norm, 25,  25.18, 10.73, 10.33, 0.00, 0.67, 1332, 1326, 0, 46.0, , 1
C++, spectral-norm, 25,  25.18, 10.71, 10.30, 0.00, 0.67, 1328, 1327, 1327, 47.0, , 1
C++, spectral-norm, 25,  25.25, 10.91, 10.51, 0.00, 0.67, 1329, 1326, 0, 46.0, , 1
C++, spectral-norm, 25,  25.13, 10.83, 10.42, 0.00, 0.67, 1328, 1326, 0, 46.0, , 1
C++, spectral-norm, 25,  25.41, 10.82, 10.42, 0.00, 0.67, 1327, 1327, 1327, 46.0, , 1
C++, spectral-norm, 25,  25.17, 10.85, 10.45, 0.00, 0.67, 1328, 1326, 0, 46.0, , 1
C++, spectral-norm, 25,  25.21, 10.70, 10.29, 0.00, 0.67, 1328, 1326, 0, 46.0, , 1
C++, spectral-norm, 25,  25.24, 10.70, 10.30, 0.00, 0.67, 1328, 1326, 0, 46.0, , 1
C++, spectral-norm, 25,  25.16, 10.86, 10.46, 0.00, 0.67, 1328, 1327, 1327, 46.0, , 1
C++, spectral-norm, 25,  25.14, 10.88, 10.48, 0.00, 0.67, 1328, 1326, 0, 46.0, , 1
C++, spectral-norm, 25,  25.17, 10.89, 10.49, 0.00, 0.67, 1328, 1326, 0, 46.0, , 1
C++, spectral-norm, 25,  25.23, 10.89, 10.48, 0.00, 0.67, 1328, 1326, 0, 46.0, , 1
C++, spectral-norm, 25,  25.36, 10.88, 10.47, 0.00, 0.68, 1338, 1326, 0, 46.0, , 1
Java, binary-trees, 25,  138.99, 65.69, 63.15, 0.00, 8.38, 5677, 5487, 164, 46.0, , 1
Java, binary-trees, 25,  138.78, 65.37, 62.85, 0.00, 8.38, 5670, 5483, 172, 48.0, , 1
Java, binary-trees, 25,  133.00, 62.55, 60.13, 0.00, 8.08, 5421, 5230, 181, 48.0, , 1
Java, binary-trees, 25,  139.67, 65.12, 62.56, 0.00, 8.43, 5764, 5475, 174, 40.0, , 1
Java, binary-trees, 25,  139.54, 65.41, 62.87, 0.00, 8.42, 5725, 5523, 190, 48.0, , 1
Java, binary-trees, 25,  139.20, 64.77, 62.24, 0.00, 8.39, 5668, 5475, 171, 46.0, , 1
Java, binary-trees, 25,  140.12, 66.03, 63.48, 0.00, 8.43, 5752, 5550, 171, 46.0, , 1
Java, binary-trees, 25,  138.87, 64.94, 62.42, 0.00, 8.41, 5685, 5504, 171, 49.0, , 1
Java, binary-trees, 25,  132.56, 62.32, 59.88, 0.00, 8.09, 5431, 5230, 184, 46.0, , 1
Java, binary-trees, 25,  139.05, 65.22, 62.68, 0.00, 8.39, 5676, 5493, 160, 46.0, , 1
Java, binary-trees, 25,  132.90, 62.34, 59.92, 0.00, 8.08, 5434, 5231, 192, 48.0, , 1
Java, binary-trees, 25,  138.55, 64.75, 62.22, 0.00, 8.39, 5672, 5488, 159, 47.0, , 1
Java, binary-trees, 25,  138.27, 64.57, 62.04, 0.00, 8.40, 5664, 5476, 169, 46.0, , 1
Java, binary-trees, 25,  139.14, 65.25, 62.73, 0.00, 8.41, 5677, 5482, 174, 49.0, , 1
Java, binary-trees, 25,  138.78, 65.43, 62.91, 0.00, 8.39, 5648, 5455, 181, 48.0, , 1
Java, binary-trees, 25,  138.35, 64.42, 61.89, 0.00, 8.40, 5667, 5480, 171, 46.0, , 1
Java, binary-trees, 25,  138.76, 64.71, 62.18, 0.00, 8.39, 5665, 5467, 180, 49.0, , 1
Java, binary-trees, 25,  140.18, 64.89, 62.35, 0.00, 8.41, 5682, 5477, 191, 48.0, , 1
Java, binary-trees, 25,  133.26, 62.66, 60.22, 0.00, 8.09, 5424, 5242, 170, 48.0, , 1
Java, binary-trees, 25,  134.58, 63.11, 60.65, 0.00, 8.13, 5494, 5324, 155, 49.0, , 1
Java, fannkuch-redux, 25,  599.11, 284.89, 276.32, 0.00, 14.30, 28380, 28319, 19, 48.0, , 1
Java, fannkuch-redux, 25,  638.52, 306.37, 297.30, 0.00, 15.18, 30143, 30075, 19, 48.0, , 1
Java, fannkuch-redux, 25,  639.16, 306.81, 297.75, 0.00, 15.18, 30137, 30073, 17, 46.0, , 1
Java, fannkuch-redux, 25,  639.45, 306.96, 297.88, 0.00, 15.21, 30189, 30128, 15, 48.0, , 1
Java, fannkuch-redux, 25,  601.05, 283.28, 274.77, 0.00, 14.30, 28388, 28318, 17, 46.0, , 1
Java, fannkuch-redux, 25,  598.52, 283.31, 274.78, 0.00, 14.31, 28393, 28324, 12, 48.0, , 1
Java, fannkuch-redux, 25,  599.99, 283.57, 275.04, 0.00, 14.29, 28374, 28317, 12, 47.0, , 1
Java, fannkuch-redux, 25,  598.51, 283.00, 274.46, 0.00, 14.30, 28378, 28313, 16, 46.0, , 1
Java, fannkuch-redux, 25,  607.87, 287.26, 278.59, 0.00, 14.55, 28863, 28798, 19, 48.0, , 1
Java, fannkuch-redux, 25,  639.02, 301.77, 292.71, 0.00, 15.20, 30168, 30114, 17, 48.0, , 1
Java, fannkuch-redux, 25,  599.72, 282.99, 274.46, 0.00, 14.30, 28375, 28287, 24, 46.0, , 1
Java, fannkuch-redux, 25,  641.15, 306.83, 297.73, 0.00, 15.24, 30234, 30129, 14, 46.0, , 1
Java, fannkuch-redux, 25,  639.13, 307.24, 298.17, 0.00, 15.19, 30149, 30086, 12, 46.0, , 1
Java, fannkuch-redux, 25,  611.00, 288.93, 280.26, 0.00, 14.55, 28878, 28826, 14, 48.0, , 1
Java, fannkuch-redux, 25,  598.04, 283.57, 275.05, 0.00, 14.29, 28366, 28305, 21, 48.0, , 1
Java, fannkuch-redux, 25,  639.49, 303.89, 294.81, 0.00, 15.21, 30185, 30119, 14, 48.0, , 1
Java, fannkuch-redux, 25,  637.94, 302.13, 293.06, 0.00, 15.19, 30144, 30077, 15, 46.0, , 1
Java, fannkuch-redux, 25,  640.16, 304.77, 295.68, 0.00, 15.21, 30175, 30121, 16, 48.0, , 1
Java, fannkuch-redux, 25,  598.93, 284.54, 276.02, 0.00, 14.30, 28381, 28323, 11, 47.0, , 1
Java, fannkuch-redux, 25,  601.36, 284.17, 275.66, 0.00, 14.30, 28375, 28313, 18, 47.0, , 1
Java, fasta, 25,  55.45, 24.53, 23.69, 0.00, 1.43, 2782, 2753, 23, 47.0, , 1
Java, fasta, 25,  55.54, 24.56, 23.71, 0.00, 1.44, 2792, 2767, 21, 47.0, , 1
Java, fasta, 25,  55.34, 24.42, 23.58, 0.00, 1.44, 2782, 2747, 30, 47.0, , 1
Java, fasta, 25,  55.40, 24.41, 23.57, 0.00, 1.43, 2782, 2746, 30, 46.0, , 1
Java, fasta, 25,  55.58, 24.53, 23.68, 0.00, 1.44, 2797, 2748, 27, 44.0, , 1
Java, fasta, 25,  55.28, 24.27, 23.43, 0.00, 1.43, 2774, 2743, 21, 46.0, , 1
Java, fasta, 25,  55.40, 24.31, 23.47, 0.00, 1.44, 2792, 2742, 27, 44.0, , 1
Java, fasta, 25,  55.46, 24.32, 23.48, 0.00, 1.43, 2782, 2749, 27, 46.0, , 1
Java, fasta, 25,  55.60, 24.43, 23.59, 0.00, 1.44, 2799, 2747, 17, 44.0, , 1
Java, fasta, 25,  55.41, 24.50, 23.66, 0.00, 1.44, 2782, 2750, 25, 46.0, , 1
Java, fasta, 25,  55.29, 24.43, 23.60, 0.00, 1.43, 2773, 2744, 23, 46.0, , 1
Java, fasta, 25,  55.10, 24.34, 23.51, 0.00, 1.43, 2765, 2727, 32, 46.0, , 1
Java, fasta, 25,  55.05, 24.36, 23.52, 0.00, 1.43, 2769, 2736, 27, 47.0, , 1
Java, fasta, 25,  55.24, 24.48, 23.64, 0.00, 1.43, 2775, 2743, 28, 46.0, , 1
Java, fasta, 25,  55.88, 24.52, 23.67, 0.00, 1.45, 2808, 2748, 30, 44.0, , 1
Java, fasta, 25,  55.51, 24.49, 23.64, 0.00, 1.44, 2792, 2752, 31, 46.0, , 1
Java, fasta, 25,  55.54, 24.42, 23.58, 0.00, 1.44, 2793, 2761, 26, 46.0, , 1
Java, fasta, 25,  55.01, 24.27, 23.44, 0.00, 1.43, 2775, 2747, 23, 46.0, , 1
Java, fasta, 25,  55.19, 24.33, 23.50, 0.00, 1.43, 2782, 2751, 25, 46.0, , 1
Java, fasta, 25,  55.27, 24.36, 23.52, 0.00, 1.43, 2782, 2751, 25, 47.0, , 1
Java, k-nucleotide, 25,  220.71, 103.98, 100.89, 0.00, 6.73, 10260, 10057, 187, 48.0, , 1
Java, k-nucleotide, 25,  222.77, 104.87, 101.75, 0.00, 6.79, 10369, 10163, 177, 48.0, , 1
Java, k-nucleotide, 25,  222.77, 104.72, 101.60, 0.00, 6.79, 10369, 10182, 173, 48.0, , 1
Java, k-nucleotide, 25,  222.72, 105.27, 102.14, 0.00, 6.81, 10391, 10176, 183, 48.0, , 1
Java, k-nucleotide, 25,  222.47, 105.02, 101.90, 0.00, 6.80, 10373, 10145, 198, 48.0, , 1
Java, k-nucleotide, 25,  223.45, 106.35, 103.20, 0.00, 6.85, 10467, 10263, 180, 47.0, , 1
Java, k-nucleotide, 25,  221.81, 104.79, 101.67, 0.00, 6.80, 10365, 10137, 189, 44.0, , 1
Java, k-nucleotide, 25,  222.00, 104.97, 101.85, 0.00, 6.79, 10359, 10148, 174, 48.0, , 1
Java, k-nucleotide, 25,  223.04, 105.85, 102.71, 0.00, 6.84, 10453, 10222, 196, 48.0, , 1
Java, k-nucleotide, 25,  222.62, 105.34, 102.22, 0.00, 6.81, 10392, 10208, 165, 48.0, , 1
Java, k-nucleotide, 25,  221.27, 104.59, 101.49, 0.00, 6.76, 10310, 10105, 179, 47.0, , 1
Java, k-nucleotide, 25,  225.14, 106.00, 102.82, 0.00, 6.89, 10539, 10325, 190, 48.0, , 1
Java, k-nucleotide, 25,  220.40, 103.93, 100.82, 0.00, 6.77, 10318, 10100, 179, 45.0, , 1
Java, k-nucleotide, 25,  222.42, 104.33, 101.21, 0.00, 6.81, 10386, 10180, 192, 48.0, , 1
Java, k-nucleotide, 25,  222.28, 104.32, 101.18, 0.00, 6.81, 10374, 10138, 203, 48.0, , 1
Java, k-nucleotide, 25,  221.07, 104.35, 101.23, 0.00, 6.76, 10331, 10085, 187, 44.0, , 1
Java, k-nucleotide, 25,  224.81, 105.64, 102.48, 0.00, 6.87, 10492, 10288, 190, 48.0, , 1
Java, k-nucleotide, 25,  221.47, 104.29, 101.18, 0.00, 6.78, 10338, 10145, 178, 48.0, , 1
Java, k-nucleotide, 25,  222.30, 104.31, 101.20, 0.00, 6.77, 10327, 10100, 183, 47.0, , 1
Java, k-nucleotide, 25,  223.47, 104.67, 101.52, 0.00, 6.86, 10473, 10276, 171, 48.0, , 1
Java, mandelbrot, 25,  230.87, 102.31, 98.74, 0.00, 5.99, 11779, 11718, 34, 47.0, , 1
Java, mandelbrot, 25,  229.64, 101.82, 98.26, 0.00, 5.96, 11719, 11640, 46, 46.0, , 1
Java, mandelbrot, 25,  230.29, 101.93, 98.38, 0.00, 5.97, 11752, 11685, 36, 46.0, , 1
Java, mandelbrot, 25,  230.82, 102.14, 98.57, 0.00, 5.98, 11770, 11686, 43, 46.0, , 1
Java, mandelbrot, 25,  231.30, 102.39, 98.83, 0.00, 5.97, 11744, 11659, 43, 46.0, , 1
Java, mandelbrot, 25,  229.45, 102.01, 98.46, 0.00, 5.96, 11746, 11682, 37, 46.0, , 1
Java, mandelbrot, 25,  231.88, 101.88, 98.30, 0.00, 5.98, 11773, 11715, 36, 46.0, , 1
Java, mandelbrot, 25,  229.17, 101.82, 98.26, 0.00, 5.95, 11711, 11642, 37, 46.0, , 1
Java, mandelbrot, 25,  229.27, 102.32, 98.78, 0.00, 5.96, 11724, 11642, 42, 46.0, , 1
Java, mandelbrot, 25,  229.21, 102.08, 98.53, 0.00, 5.96, 11727, 11657, 40, 45.0, , 1
Java, mandelbrot, 25,  229.45, 101.78, 98.21, 0.00, 5.96, 11743, 11675, 42, 45.0, , 1
Java, mandelbrot, 25,  230.82, 101.87, 98.31, 0.00, 5.97, 11741, 11681, 32, 47.0, , 1
Java, mandelbrot, 25,  234.08, 102.95, 99.33, 0.00, 6.06, 11919, 11853, 40, 46.0, , 1
Java, mandelbrot, 25,  238.40, 105.17, 101.51, 0.00, 6.14, 12098, 12020, 50, 46.0, , 1
Java, mandelbrot, 25,  230.97, 101.14, 97.58, 0.00, 5.97, 11741, 11668, 34, 44.0, , 1
Java, mandelbrot, 25,  229.70, 101.11, 97.56, 0.00, 5.95, 11703, 11635, 40, 45.0, , 1
Java, mandelbrot, 25,  230.31, 102.35, 98.78, 0.00, 5.98, 11772, 11700, 49, 46.0, , 1
Java, mandelbrot, 25,  229.76, 101.78, 98.23, 0.00, 5.95, 11720, 11651, 46, 45.0, , 1
Java, mandelbrot, 25,  230.71, 101.43, 97.86, 0.00, 5.99, 11787, 11711, 43, 46.0, , 1
Java, mandelbrot, 25,  232.05, 100.86, 97.29, 0.00, 5.98, 11778, 11710, 41, 45.0, , 1
Java, n-body, 25,  81.14, 37.01, 35.80, 0.00, 2.04, 4010, 3982, 17, 46.0, , 1
Java, n-body, 25,  80.85, 36.89, 35.68, 0.00, 2.04, 4008, 3991, 11, 47.0, , 1
Java, n-body, 25,  81.41, 37.12, 35.92, 0.00, 2.04, 4025, 4009, 10, 46.0, , 1
Java, n-body, 25,  81.95, 37.15, 35.95, 0.00, 2.04, 4017, 3989, 11, 46.0, , 1
Java, n-body, 25,  81.38, 37.12, 35.91, 0.00, 2.03, 4004, 3983, 13, 46.0, , 1
Java, n-body, 25,  81.12, 37.04, 35.85, 0.00, 2.03, 4005, 3985, 14, 46.0, , 1
Java, n-body, 25,  81.41, 37.14, 35.93, 0.00, 2.03, 4007, 3989, 12, 46.0, , 1
Java, n-body, 25,  81.12, 37.14, 35.94, 0.00, 2.04, 4011, 3985, 17, 46.0, , 1
Java, n-body, 25,  80.89, 37.07, 35.87, 0.00, 2.04, 4011, 3989, 12, 46.0, , 1
Java, n-body, 25,  81.56, 37.36, 36.15, 0.00, 2.04, 4027, 4008, 10, 46.0, , 1
Java, n-body, 25,  80.87, 37.29, 36.08, 0.00, 2.04, 4009, 3990, 12, 46.0, , 1
Java, n-body, 25,  80.92, 37.21, 36.01, 0.00, 2.04, 4009, 3985, 17, 46.0, , 1
Java, n-body, 25,  81.69, 37.10, 35.89, 0.00, 2.04, 4010, 3986, 14, 46.0, , 1
Java, n-body, 25,  81.57, 37.32, 36.11, 0.00, 2.04, 4017, 3992, 15, 46.0, , 1
Java, n-body, 25,  80.68, 37.14, 35.94, 0.00, 2.03, 4006, 3984, 16, 46.0, , 1
Java, n-body, 25,  81.23, 37.17, 35.96, 0.00, 2.04, 4015, 3988, 12, 46.0, , 1
Java, n-body, 25,  81.44, 37.06, 35.85, 0.00, 2.03, 4003, 3985, 11, 46.0, , 1
Java, n-body, 25,  81.22, 37.25, 36.05, 0.00, 2.04, 4011, 3987, 14, 45.0, , 1
Java, n-body, 25,  81.61, 37.21, 36.00, 0.00, 2.04, 4019, 3993, 10, 47.0, , 1
Java, n-body, 25,  81.37, 37.19, 35.98, 0.00, 2.05, 4046, 3986, 13, 42.0, , 1
Java, regex-redux, 25,  252.57, 119.58, 115.89, 0.00, 7.24, 11799, 11512, 259, 48.0, , 1
Java, regex-redux, 25,  251.87, 119.23, 115.56, 0.00, 7.21, 11729, 11440, 267, 48.0, , 1
Java, regex-redux, 25,  247.35, 116.81, 113.21, 0.00, 7.08, 11486, 11178, 273, 48.0, , 1
Java, regex-redux, 25,  248.11, 117.90, 114.30, 0.00, 7.10, 11510, 11214, 269, 48.0, , 1
Java, regex-redux, 25,  250.56, 118.54, 114.90, 0.00, 7.16, 11632, 11349, 263, 48.0, , 1
Java, regex-redux, 25,  249.64, 117.40, 113.76, 0.00, 7.18, 11652, 11368, 263, 48.0, , 1
Java, regex-redux, 25,  248.00, 117.59, 113.98, 0.00, 7.13, 11544, 11269, 250, 47.0, , 1
Java, regex-redux, 25,  249.15, 117.31, 113.67, 0.00, 7.16, 11619, 11324, 274, 47.0, , 1
Java, regex-redux, 25,  252.48, 118.82, 115.14, 0.00, 7.23, 11758, 11467, 274, 48.0, , 1
Java, regex-redux, 25,  251.34, 117.59, 113.94, 0.00, 7.20, 11702, 11417, 267, 48.0, , 1
Java, regex-redux, 25,  251.57, 117.80, 114.14, 0.00, 7.20, 11726, 11430, 261, 48.0, , 1
Java, regex-redux, 25,  254.55, 119.23, 115.52, 0.00, 7.28, 11856, 11545, 274, 48.0, , 1
Java, regex-redux, 25,  250.09, 116.83, 113.17, 0.00, 7.19, 11690, 11384, 285, 48.0, , 1
Java, regex-redux, 25,  249.40, 116.82, 113.19, 0.00, 7.15, 11591, 11303, 260, 48.0, , 1
Java, regex-redux, 25,  249.74, 116.01, 112.38, 0.00, 7.15, 11585, 11302, 266, 48.0, , 1
Java, regex-redux, 25,  254.83, 119.11, 115.38, 0.00, 7.29, 11916, 11612, 280, 48.0, , 1
Java, regex-redux, 25,  257.36, 121.29, 117.53, 0.00, 7.38, 12030, 11724, 267, 47.0, , 1
Java, regex-redux, 25,  261.38, 122.71, 118.90, 0.00, 7.47, 12209, 11918, 271, 48.0, , 1
Java, regex-redux, 25,  249.98, 117.87, 114.22, 0.00, 7.18, 11663, 11369, 267, 48.0, , 1
Java, regex-redux, 25,  252.33, 118.67, 114.99, 0.00, 7.23, 11763, 11488, 256, 48.0, , 1
Java, reverse-complement, 25,  17.83, 8.12, 7.82, 0.00, 0.81, 812, 493, 316, 48.0, , 1
Java, reverse-complement, 25,  18.33, 8.27, 7.96, 0.00, 0.82, 834, 506, 319, 48.0, , 1
Java, reverse-complement, 25,  18.40, 8.29, 7.98, 0.00, 0.82, 838, 506, 323, 48.0, , 1
Java, reverse-complement, 25,  18.15, 8.11, 7.80, 0.00, 0.82, 822, 504, 315, 48.0, , 1
Java, reverse-complement, 25,  18.30, 8.28, 7.97, 0.00, 0.82, 839, 498, 329, 48.0, , 1
Java, reverse-complement, 25,  17.99, 8.16, 7.86, 0.00, 0.82, 825, 508, 315, 48.0, , 1
Java, reverse-complement, 25,  18.01, 8.12, 7.81, 0.00, 0.81, 814, 488, 323, 48.0, , 1
Java, reverse-complement, 25,  18.20, 8.27, 7.96, 0.00, 0.82, 827, 496, 328, 48.0, , 1
Java, reverse-complement, 25,  18.07, 8.25, 7.94, 0.00, 0.82, 827, 515, 309, 48.0, , 1
Java, reverse-complement, 25,  18.11, 8.27, 7.97, 0.00, 0.82, 829, 517, 309, 48.0, , 1
Java, reverse-complement, 25,  18.16, 8.20, 7.90, 0.00, 0.82, 830, 515, 312, 48.0, , 1
Java, reverse-complement, 25,  18.11, 8.21, 7.91, 0.00, 0.82, 829, 504, 322, 48.0, , 1
Java, reverse-complement, 25,  18.10, 8.18, 7.88, 0.00, 0.82, 827, 511, 313, 48.0, , 1
Java, reverse-complement, 25,  18.01, 8.15, 7.85, 0.00, 0.82, 825, 504, 317, 48.0, , 1
Java, reverse-complement, 25,  18.07, 8.15, 7.86, 0.00, 0.82, 827, 499, 324, 48.0, , 1
Java, reverse-complement, 25,  18.12, 8.17, 7.87, 0.00, 0.82, 827, 507, 317, 47.0, , 1
Java, reverse-complement, 25,  18.11, 8.24, 7.93, 0.00, 0.82, 829, 511, 310, 47.0, , 1
Java, reverse-complement, 25,  18.08, 8.20, 7.90, 0.00, 0.82, 825, 504, 318, 47.0, , 1
Java, reverse-complement, 25,  18.07, 8.19, 7.88, 0.00, 0.82, 825, 511, 311, 47.0, , 1
Java, reverse-complement, 25,  18.12, 8.22, 7.92, 0.00, 0.82, 829, 513, 314, 48.0, , 1
Java, spectral-norm, 25,  33.33, 15.21, 14.71, 0.00, 0.85, 1640, 1616, 18, 47.0, , 1
Java, spectral-norm, 25,  33.09, 15.24, 14.74, 0.00, 0.85, 1643, 1620, 14, 47.0, , 1
Java, spectral-norm, 25,  33.39, 15.39, 14.90, 0.00, 0.85, 1658, 1622, 19, 45.0, , 1
Java, spectral-norm, 25,  33.11, 15.25, 14.76, 0.00, 0.85, 1643, 1618, 20, 47.0, , 1
Java, spectral-norm, 25,  33.94, 15.64, 15.13, 0.00, 0.87, 1683, 1665, 13, 46.0, , 1
Java, spectral-norm, 25,  33.43, 15.18, 14.68, 0.00, 0.86, 1661, 1619, 16, 43.0, , 1
Java, spectral-norm, 25,  34.12, 15.65, 15.13, 0.00, 0.87, 1691, 1662, 17, 46.0, , 1
Java, spectral-norm, 25,  34.06, 15.61, 15.10, 0.00, 0.87, 1688, 1662, 20, 46.0, , 1
Java, spectral-norm, 25,  34.25, 15.63, 15.11, 0.00, 0.88, 1709, 1664, 20, 44.0, , 1
Java, spectral-norm, 25,  34.36, 15.66, 15.15, 0.00, 0.87, 1684, 1662, 15, 47.0, , 1
Java, spectral-norm, 25,  34.08, 15.66, 15.15, 0.00, 0.87, 1690, 1668, 16, 47.0, , 1
Java, spectral-norm, 25,  33.12, 15.03, 14.54, 0.00, 0.85, 1652, 1620, 14, 44.0, , 1
Java, spectral-norm, 25,  34.43, 15.81, 15.29, 0.00, 0.88, 1707, 1673, 16, 47.0, , 1
Java, spectral-norm, 25,  33.80, 15.44, 14.94, 0.00, 0.86, 1681, 1659, 17, 46.0, , 1
Java, spectral-norm, 25,  33.44, 15.17, 14.67, 0.00, 0.86, 1662, 1625, 17, 44.0, , 1
Java, spectral-norm, 25,  34.02, 15.54, 15.03, 0.00, 0.87, 1686, 1666, 15, 48.0, , 1
Java, spectral-norm, 25,  34.46, 15.71, 15.20, 0.00, 0.88, 1698, 1669, 17, 47.0, , 1
Java, spectral-norm, 25,  34.33, 15.51, 14.99, 0.00, 0.88, 1708, 1666, 16, 44.0, , 1
Java, spectral-norm, 25,  34.51, 15.45, 14.94, 0.00, 0.87, 1693, 1669, 19, 46.0, , 1
Java, spectral-norm, 25,  33.94, 15.42, 14.91, 0.00, 0.87, 1684, 1665, 14, 46.0, , 1
Python, binary-trees, 25,  1932.06, 940.41, 913.13, 0.00, 55.06, 86990, 85336, 1494, 49.0, , 1
Python, binary-trees, 25,  1919.71, 932.81, 905.72, 0.00, 54.69, 86333, 84574, 1602, 49.0, , 1
Python, binary-trees, 25,  1935.43, 938.81, 911.56, 0.00, 54.83, 86835, 85267, 1401, 49.0, , 1
Python, binary-trees, 25,  1924.58, 933.93, 906.85, 0.00, 54.58, 86264, 84652, 1445, 49.0, , 1
Python, binary-trees, 25,  1926.56, 937.12, 910.04, 0.00, 54.65, 86283, 84571, 1540, 49.0, , 1
Python, binary-trees, 25,  1923.65, 939.79, 912.67, 0.00, 54.70, 86345, 84649, 1541, 49.0, , 1
Python, binary-trees, 25,  1915.35, 938.65, 911.51, 0.00, 54.75, 86353, 84650, 1508, 49.0, , 1
Python, binary-trees, 25,  1914.07, 936.16, 909.03, 0.00, 54.72, 86343, 84677, 1508, 49.0, , 1
Python, binary-trees, 25,  1909.99, 925.37, 898.31, 0.00, 54.63, 86113, 84406, 1559, 49.0, , 1
Python, binary-trees, 25,  1913.18, 931.72, 904.61, 0.00, 54.55, 86242, 84557, 1511, 49.0, , 1
Python, binary-trees, 25,  1914.48, 927.37, 900.27, 0.00, 54.71, 86206, 84584, 1474, 49.0, , 1
Python, binary-trees, 25,  1916.51, 934.00, 906.94, 0.00, 54.51, 86123, 84444, 1526, 49.0, , 1
Python, binary-trees, 25,  1909.17, 929.97, 902.84, 0.00, 54.80, 86304, 84611, 1535, 50.0, , 1
Python, binary-trees, 25,  1907.43, 926.99, 899.88, 0.00, 54.64, 86352, 84523, 1635, 49.0, , 1
Python, binary-trees, 25,  1915.76, 938.68, 911.62, 0.00, 54.52, 86223, 84498, 1556, 49.0, , 1
Python, binary-trees, 25,  1925.58, 936.58, 909.45, 0.00, 54.66, 86420, 84783, 1473, 49.0, , 1
Python, binary-trees, 25,  1931.61, 940.62, 913.37, 0.00, 54.91, 86762, 85071, 1531, 49.0, , 1
Python, binary-trees, 25,  1944.22, 941.96, 914.49, 0.00, 55.33, 87491, 85831, 1514, 49.0, , 1
Python, binary-trees, 25,  1928.75, 943.96, 916.75, 0.00, 54.87, 86631, 84880, 1583, 49.0, , 1
Python, binary-trees, 25,  1935.38, 953.69, 926.33, 0.00, 55.11, 87127, 85390, 1569, 49.0, , 1
Python, fannkuch-redux, 25,  18785.35, 9500.28, 9246.77, 0.00, 424.14, 842938, 841648, 17, 50.0, , 1
Python, fannkuch-redux, 25,  18992.85, 9583.80, 9328.13, 0.00, 427.16, 848896, 847548, 12, 50.0, , 1
Python, fannkuch-redux, 25,  18794.54, 9532.76, 9278.49, 0.00, 425.19, 845014, 843722, 10, 49.0, , 1
Python, fannkuch-redux, 25,  18778.16, 9483.31, 9229.29, 0.00, 424.70, 844046, 842693, 9, 50.0, , 1
Python, fannkuch-redux, 25,  19574.12, 9879.75, 9617.64, 0.00, 438.07, 870585, 869240, 8, 50.0, , 1
Python, fannkuch-redux, 25,  18886.05, 9518.36, 9263.63, 0.00, 425.75, 846064, 844749, 16, 49.0, , 1
Python, fannkuch-redux, 25,  18717.77, 9473.57, 9219.27, 0.00, 424.79, 844086, 842692, 11, 49.0, , 1
Python, fannkuch-redux, 25,  18898.84, 9528.02, 9273.89, 0.00, 424.73, 843859, 842560, 15, 50.0, , 1
Python, fannkuch-redux, 25,  18999.16, 9543.30, 9288.48, 0.00, 425.80, 845923, 844581, 9, 49.0, , 1
Python, fannkuch-redux, 25,  18917.29, 9549.32, 9294.98, 0.00, 425.05, 844458, 843192, 11, 50.0, , 1
Python, fannkuch-redux, 25,  18741.76, 9505.28, 9251.65, 0.00, 424.10, 842511, 841214, 14, 49.0, , 1
Python, fannkuch-redux, 25,  18886.05, 9538.49, 9284.14, 0.00, 425.09, 844509, 843232, 9, 50.0, , 1
Python, fannkuch-redux, 25,  18780.13, 9539.06, 9284.78, 0.00, 424.87, 844117, 842837, 16, 49.0, , 1
Python, fannkuch-redux, 25,  18899.79, 9601.51, 9345.97, 0.00, 426.72, 847752, 846440, 12, 48.0, , 1
Python, fannkuch-redux, 25,  18959.39, 9591.37, 9334.68, 0.00, 428.92, 852131, 850827, 18, 49.0, , 1
Python, fannkuch-redux, 25,  18717.52, 9488.13, 9234.71, 0.00, 423.60, 841561, 840279, 12, 49.0, , 1
Python, fannkuch-redux, 25,  18872.27, 9615.48, 9360.00, 0.00, 427.30, 848907, 847580, 14, 49.0, , 1
Python, fannkuch-redux, 25,  18721.69, 9536.41, 9281.28, 0.00, 425.80, 845906, 844676, 13, 49.0, , 1
Python, fannkuch-redux, 25,  18636.08, 9508.98, 9254.40, 0.00, 424.51, 843347, 842053, 13, 49.0, , 1
Python, fannkuch-redux, 25,  18818.89, 9581.47, 9326.75, 0.00, 426.39, 847094, 845863, 10, 49.0, , 1
Python, fasta, 25,  911.84, 457.17, 444.61, 0.00, 20.95, 41620, 41517, 30, 49.0, , 1
Python, fasta, 25,  897.24, 446.11, 433.77, 0.00, 20.64, 40994, 40904, 20, 50.0, , 1
Python, fasta, 25,  895.65, 442.73, 430.36, 0.00, 20.65, 41033, 40958, 27, 49.0, , 1
Python, fasta, 25,  898.89, 443.35, 430.96, 0.00, 20.68, 41071, 40958, 30, 49.0, , 1
Python, fasta, 25,  894.21, 444.21, 431.85, 0.00, 20.65, 41029, 40888, 26, 50.0, , 1
Python, fasta, 25,  895.03, 448.35, 435.99, 0.00, 20.64, 41024, 40965, 16, 49.0, , 1
Python, fasta, 25,  901.28, 451.36, 438.97, 0.00, 20.71, 41139, 41047, 26, 49.0, , 1
Python, fasta, 25,  894.72, 443.75, 431.42, 0.00, 20.62, 40953, 40861, 20, 49.0, , 1
Python, fasta, 25,  897.77, 449.00, 436.63, 0.00, 20.67, 41057, 40971, 23, 49.0, , 1
Python, fasta, 25,  899.85, 448.51, 436.12, 0.00, 20.71, 41147, 41053, 29, 49.0, , 1
Python, fasta, 25,  902.97, 450.14, 437.78, 0.00, 20.65, 41007, 40912, 34, 49.0, , 1
Python, fasta, 25,  900.84, 449.21, 436.82, 0.00, 20.67, 41059, 40971, 22, 49.0, , 1
Python, fasta, 25,  903.97, 450.81, 438.38, 0.00, 20.76, 41235, 41140, 32, 50.0, , 1
Python, fasta, 25,  901.86, 452.89, 440.49, 0.00, 20.70, 41106, 41028, 25, 49.0, , 1
Python, fasta, 25,  897.59, 449.39, 437.04, 0.00, 20.62, 40964, 40860, 24, 49.0, , 1
Python, fasta, 25,  898.01, 448.32, 435.96, 0.00, 20.64, 41025, 40924, 21, 49.0, , 1
Python, fasta, 25,  904.61, 451.10, 438.69, 0.00, 20.72, 41165, 41063, 28, 50.0, , 1
Python, fasta, 25,  904.51, 452.52, 440.08, 0.00, 20.77, 41263, 41167, 26, 50.0, , 1
Python, fasta, 25,  905.44, 452.68, 440.24, 0.00, 20.76, 41237, 41091, 23, 49.0, , 1
Python, fasta, 25,  904.62, 451.67, 439.26, 0.00, 20.71, 41151, 41050, 30, 49.0, , 1
Python, k-nucleotide, 25,  3097.04, 1477.31, 1434.43, 0.00, 111.33, 141545, 140495, 761, 48.0, , 1
Python, k-nucleotide, 25,  3032.83, 1452.35, 1410.30, 0.00, 108.78, 138769, 137800, 712, 47.0, , 1
Python, k-nucleotide, 25,  2986.39, 1419.47, 1378.08, 0.00, 106.96, 136635, 135619, 725, 47.0, , 1
Python, k-nucleotide, 25,  3012.32, 1428.69, 1387.03, 0.00, 107.81, 137376, 136368, 728, 48.0, , 1
Python, k-nucleotide, 25,  3049.18, 1447.04, 1404.81, 0.00, 108.98, 139379, 138404, 721, 47.0, , 1
Python, k-nucleotide, 25,  3041.52, 1446.31, 1404.18, 0.00, 108.63, 139040, 138120, 683, 47.0, , 1
Python, k-nucleotide, 25,  3086.66, 1463.68, 1420.87, 0.00, 111.26, 141232, 140181, 755, 47.0, , 1
Python, k-nucleotide, 25,  3043.28, 1449.51, 1407.21, 0.00, 109.08, 139584, 138630, 661, 48.0, , 1
Python, k-nucleotide, 25,  2996.27, 1434.96, 1393.32, 0.00, 107.65, 137364, 136365, 733, 48.0, , 1
Python, k-nucleotide, 25,  3001.27, 1433.81, 1392.13, 0.00, 107.18, 137500, 136547, 684, 48.0, , 1
Python, k-nucleotide, 25,  3016.41, 1435.62, 1393.64, 0.00, 108.66, 138504, 137548, 708, 47.0, , 1
Python, k-nucleotide, 25,  3058.96, 1457.63, 1415.16, 0.00, 109.84, 140269, 139249, 703, 47.0, , 1
Python, k-nucleotide, 25,  3063.37, 1458.29, 1415.99, 0.00, 109.41, 139726, 138734, 737, 47.0, , 1
Python, k-nucleotide, 25,  3042.52, 1451.05, 1408.96, 0.00, 108.89, 138839, 137846, 720, 48.0, , 1
Python, k-nucleotide, 25,  3049.40, 1460.17, 1417.91, 0.00, 109.54, 139585, 138600, 714, 47.0, , 1
Python, k-nucleotide, 25,  3055.87, 1460.11, 1417.70, 0.00, 109.87, 139861, 138834, 722, 48.0, , 1
Python, k-nucleotide, 25,  3037.99, 1448.66, 1406.48, 0.00, 108.72, 139331, 138293, 757, 47.0, , 1
Python, k-nucleotide, 25,  3007.75, 1438.37, 1396.58, 0.00, 107.58, 137894, 136924, 722, 48.0, , 1
Python, k-nucleotide, 25,  2990.91, 1422.96, 1381.33, 0.00, 107.38, 137227, 136258, 712, 47.0, , 1
Python, k-nucleotide, 25,  3056.81, 1459.88, 1417.39, 0.00, 109.89, 140251, 139225, 755, 46.0, , 1
Python, mandelbrot, 25,  9683.66, 4935.32, 4806.98, 0.00, 215.04, 427248, 426590, 11, 50.0, , 1
Python, mandelbrot, 25,  9737.25, 4961.23, 4831.99, 0.00, 215.94, 429009, 428319, 17, 51.0, , 1
Python, mandelbrot, 25,  9949.05, 5116.24, 4985.03, 0.00, 218.93, 434982, 434322, 10, 52.0, , 1
Python, mandelbrot, 25,  9741.09, 5009.57, 4880.53, 0.00, 215.34, 427966, 427283, 15, 53.0, , 1
Python, mandelbrot, 25,  9698.83, 4958.63, 4829.86, 0.00, 215.07, 427453, 426776, 15, 53.0, , 1
Python, mandelbrot, 25,  9753.91, 4975.67, 4846.54, 0.00, 215.19, 427703, 427066, 9, 54.0, , 1
Python, mandelbrot, 25,  9765.62, 4961.50, 4831.97, 0.00, 215.88, 429031, 428329, 10, 53.0, , 1
Python, mandelbrot, 25,  9738.80, 4933.91, 4805.18, 0.00, 214.98, 427257, 426574, 10, 52.0, , 1
Python, mandelbrot, 25,  9848.61, 4990.92, 4861.05, 0.00, 216.73, 430805, 430094, 12, 51.0, , 1
Python, mandelbrot, 25,  9748.96, 4958.83, 4829.40, 0.00, 216.11, 429550, 428907, 15, 52.0, , 1
Python, mandelbrot, 25,  9753.54, 4964.93, 4835.68, 0.00, 215.75, 428781, 428092, 9, 51.0, , 1
Python, mandelbrot, 25,  9696.38, 4944.63, 4816.02, 0.00, 214.80, 426867, 426233, 10, 53.0, , 1
Python, mandelbrot, 25,  9698.57, 4943.75, 4814.82, 0.00, 214.81, 426875, 426201, 12, 53.0, , 1
Python, mandelbrot, 25,  9812.89, 4958.57, 4829.21, 0.00, 215.63, 428512, 427810, 12, 54.0, , 1
Python, mandelbrot, 25,  9860.82, 4996.07, 4865.36, 0.00, 217.58, 432411, 431752, 12, 54.0, , 1
Python, mandelbrot, 25,  9766.56, 4949.72, 4819.88, 0.00, 215.92, 429123, 428419, 7, 54.0, , 1
Python, mandelbrot, 25,  9842.87, 5017.51, 4887.28, 0.00, 216.72, 430746, 430094, 12, 54.0, , 1
Python, mandelbrot, 25,  9952.85, 5071.14, 4940.42, 0.00, 217.64, 432585, 431855, 17, 55.0, , 1
Python, mandelbrot, 25,  9741.04, 4919.19, 4790.16, 0.00, 214.78, 426898, 426239, 11, 54.0, , 1
Python, mandelbrot, 25,  9752.81, 4934.55, 4804.98, 0.00, 215.65, 428646, 427993, 13, 55.0, , 1
Python, n-body, 25,  5403.65, 2742.10, 2669.76, 0.00, 120.23, 239021, 238662, 4, 55.0, , 1
Python, n-body, 25,  5354.96, 2727.54, 2656.00, 0.00, 118.89, 236347, 235975, 3, 55.0, , 1
Python, n-body, 25,  5290.55, 2700.16, 2629.70, 0.00, 117.18, 232957, 232612, 1, 55.0, , 1
Python, n-body, 25,  5338.64, 2719.33, 2648.20, 0.00, 118.31, 235225, 234881, 7, 56.0, , 1
Python, n-body, 25,  5309.71, 2701.58, 2631.04, 0.00, 117.31, 233242, 232856, 3, 56.0, , 1
Python, n-body, 25,  5310.83, 2707.70, 2637.18, 0.00, 117.26, 233093, 232733, 8, 55.0, , 1
Python, n-body, 25,  5348.10, 2719.50, 2648.63, 0.00, 117.65, 233859, 233471, 3, 55.0, , 1
Python, n-body, 25,  5367.07, 2735.36, 2663.70, 0.00, 119.18, 236908, 236535, 7, 55.0, , 1
Python, n-body, 25,  5286.14, 2693.19, 2622.73, 0.00, 117.21, 232983, 232617, 1, 55.0, , 1
Python, n-body, 25,  5325.73, 2710.69, 2639.79, 0.00, 117.93, 234420, 234029, 3, 56.0, , 1
Python, n-body, 25,  5309.74, 2701.64, 2631.06, 0.00, 117.33, 233234, 232897, 4, 55.0, , 1
Python, n-body, 25,  5302.79, 2692.93, 2622.46, 0.00, 117.14, 232855, 232490, 2, 56.0, , 1
Python, n-body, 25,  5297.97, 2689.85, 2619.30, 0.00, 117.21, 232983, 232645, 4, 56.0, , 1
Python, n-body, 25,  5314.91, 2701.07, 2630.56, 0.00, 117.15, 232887, 232555, 7, 56.0, , 1
Python, n-body, 25,  5393.14, 2733.38, 2662.01, 0.00, 118.60, 235749, 235368, 4, 56.0, , 1
Python, n-body, 25,  5328.06, 2705.96, 2635.35, 0.00, 117.36, 233289, 232948, 3, 56.0, , 1
Python, n-body, 25,  5323.83, 2711.55, 2640.99, 0.00, 117.23, 233037, 232659, 2, 56.0, , 1
Python, n-body, 25,  5349.45, 2722.32, 2651.27, 0.00, 118.11, 234785, 234457, 6, 56.0, , 1
Python, n-body, 25,  5332.06, 2706.70, 2635.98, 0.00, 117.58, 233722, 233385, 7, 56.0, , 1
Python, n-body, 25,  5323.34, 2695.13, 2624.57, 0.00, 117.40, 233334, 232899, 4, 57.0, , 1
Python, regex-redux, 25,  274.50, 132.90, 129.05, 0.00, 7.12, 12500, 12051, 418, 55.0, , 1
Python, regex-redux, 25,  273.50, 132.28, 128.42, 0.00, 7.11, 12494, 12011, 458, 55.0, , 1
Python, regex-redux, 25,  273.41, 132.76, 128.89, 0.00, 7.13, 12508, 12034, 445, 55.0, , 1
Python, regex-redux, 25,  274.55, 133.51, 129.64, 0.00, 7.14, 12557, 12091, 444, 55.0, , 1
Python, regex-redux, 25,  274.68, 133.33, 129.46, 0.00, 7.15, 12558, 12083, 452, 55.0, , 1
Python, regex-redux, 25,  273.42, 133.02, 129.17, 0.00, 7.12, 12509, 11999, 477, 54.0, , 1
Python, regex-redux, 25,  274.02, 133.39, 129.54, 0.00, 7.12, 12494, 12043, 431, 54.0, , 1
Python, regex-redux, 25,  274.47, 132.05, 128.19, 0.00, 7.15, 12543, 12050, 471, 54.0, , 1
Python, regex-redux, 25,  274.31, 132.30, 128.45, 0.00, 7.12, 12493, 12033, 443, 54.0, , 1
Python, regex-redux, 25,  272.75, 131.45, 127.60, 0.00, 7.12, 12500, 12021, 455, 55.0, , 1
Python, regex-redux, 25,  272.92, 132.41, 128.55, 0.00, 7.14, 12526, 12039, 457, 54.0, , 1
Python, regex-redux, 25,  273.39, 132.61, 128.75, 0.00, 7.13, 12503, 12053, 421, 54.0, , 1
Python, regex-redux, 25,  272.75, 132.79, 128.92, 0.00, 7.12, 12513, 12032, 462, 54.0, , 1
Python, regex-redux, 25,  273.00, 132.52, 128.67, 0.00, 7.12, 12499, 12007, 472, 54.0, , 1
Python, regex-redux, 25,  273.31, 132.17, 128.31, 0.00, 7.13, 12503, 12029, 447, 55.0, , 1
Python, regex-redux, 25,  273.53, 132.92, 129.06, 0.00, 7.12, 12502, 12014, 471, 54.0, , 1
Python, regex-redux, 25,  272.68, 132.36, 128.50, 0.00, 7.11, 12491, 11988, 477, 54.0, , 1
Python, regex-redux, 25,  273.61, 132.71, 128.86, 0.00, 7.12, 12496, 12022, 453, 54.0, , 1
Python, regex-redux, 25,  272.82, 133.05, 129.21, 0.00, 7.11, 12491, 12035, 437, 53.0, , 1
Python, regex-redux, 25,  273.24, 133.93, 130.08, 0.00, 7.13, 12502, 12033, 449, 54.0, , 1
Python, reverse-complement, 25,  44.62, 21.67, 21.05, 0.00, 1.39, 1999, 1550, 429, 54.0, , 1
Python, reverse-complement, 25,  43.97, 21.52, 20.90, 0.00, 1.37, 1978, 1564, 410, 54.0, , 1
Python, reverse-complement, 25,  44.16, 21.50, 20.87, 0.00, 1.37, 1975, 1583, 389, 54.0, , 1
Python, reverse-complement, 25,  44.42, 21.56, 20.94, 0.00, 1.37, 1981, 1543, 435, 54.0, , 1
Python, reverse-complement, 25,  44.52, 21.56, 20.93, 0.00, 1.37, 1982, 1557, 421, 54.0, , 1
Python, reverse-complement, 25,  44.40, 21.58, 20.95, 0.00, 1.38, 1984, 1548, 432, 54.0, , 1
Python, reverse-complement, 25,  44.27, 21.55, 20.93, 0.00, 1.37, 1983, 1548, 431, 54.0, , 1
Python, reverse-complement, 25,  44.16, 21.55, 20.92, 0.00, 1.37, 1976, 1537, 435, 54.0, , 1
Python, reverse-complement, 25,  44.06, 21.43, 20.81, 0.00, 1.37, 1976, 1553, 420, 54.0, , 1
Python, reverse-complement, 25,  44.14, 21.63, 21.00, 0.00, 1.37, 1978, 1568, 406, 54.0, , 1
Python, reverse-complement, 25,  44.29, 21.55, 20.92, 0.00, 1.37, 1982, 1559, 418, 54.0, , 1
Python, reverse-complement, 25,  44.14, 21.52, 20.90, 0.00, 1.37, 1977, 1541, 432, 54.0, , 1
Python, reverse-complement, 25,  44.60, 21.60, 20.98, 0.00, 1.38, 1986, 1538, 441, 54.0, , 1
Python, reverse-complement, 25,  44.53, 21.61, 20.99, 0.00, 1.38, 1993, 1564, 425, 54.0, , 1
Python, reverse-complement, 25,  44.21, 21.58, 20.96, 0.00, 1.38, 1987, 1571, 409, 53.0, , 1
Python, reverse-complement, 25,  44.31, 21.69, 21.06, 0.00, 1.37, 1981, 1569, 409, 53.0, , 1
Python, reverse-complement, 25,  44.01, 21.66, 21.04, 0.00, 1.37, 1976, 1592, 380, 53.0, , 1
Python, reverse-complement, 25,  44.31, 21.56, 20.94, 0.00, 1.37, 1980, 1550, 426, 53.0, , 1
Python, reverse-complement, 25,  43.98, 21.35, 20.73, 0.00, 1.37, 1977, 1566, 407, 53.0, , 1
Python, reverse-complement, 25,  44.11, 21.38, 20.76, 0.00, 1.37, 1980, 1575, 401, 54.0, , 1
Python, spectral-norm, 25,  6882.99, 3401.62, 3309.98, 0.00, 152.46, 302691, 302181, 55, 55.0, , 1
Python, spectral-norm, 25,  6867.69, 3392.73, 3301.27, 0.00, 152.13, 302043, 301484, 56, 56.0, , 1
Python, spectral-norm, 25,  6820.04, 3376.93, 3285.89, 0.00, 151.41, 300627, 300107, 50, 55.0, , 1
Python, spectral-norm, 25,  6880.73, 3408.09, 3316.92, 0.00, 151.64, 301078, 300502, 59, 55.0, , 1
Python, spectral-norm, 25,  6907.25, 3411.45, 3319.88, 0.00, 152.26, 302260, 301622, 39, 56.0, , 1
Python, spectral-norm, 25,  6890.01, 3431.38, 3339.93, 0.00, 152.09, 301950, 301371, 61, 55.0, , 1
Python, spectral-norm, 25,  6873.09, 3433.65, 3342.72, 0.00, 151.30, 300387, 299868, 58, 56.0, , 1
Python, spectral-norm, 25,  6870.67, 3420.72, 3329.74, 0.00, 151.38, 300527, 299989, 52, 56.0, , 1
Python, spectral-norm, 25,  6988.98, 3481.07, 3388.41, 0.00, 154.14, 306021, 305487, 55, 56.0, , 1
Python, spectral-norm, 25,  6864.83, 3445.29, 3354.28, 0.00, 151.44, 300634, 300107, 53, 55.0, , 1
Python, spectral-norm, 25,  6850.79, 3415.86, 3324.33, 0.00, 152.17, 302099, 301569, 65, 56.0, , 1
Python, spectral-norm, 25,  6884.94, 3446.84, 3355.39, 0.00, 152.15, 302068, 301501, 68, 56.0, , 1
Python, spectral-norm, 25,  6863.65, 3406.83, 3315.33, 0.00, 152.14, 302049, 301527, 61, 56.0, , 1
Python, spectral-norm, 25,  6867.57, 3417.38, 3325.90, 0.00, 152.15, 302062, 301501, 59, 56.0, , 1
Python, spectral-norm, 25,  6832.02, 3392.77, 3301.64, 0.00, 151.50, 300772, 300274, 51, 56.0, , 1
Python, spectral-norm, 25,  6886.83, 3410.91, 3319.11, 0.00, 152.61, 302977, 302411, 60, 55.0, , 1
Python, spectral-norm, 25,  6915.98, 3436.21, 3344.76, 0.00, 152.04, 301878, 301348, 71, 56.0, , 1
Python, spectral-norm, 25,  6893.96, 3430.96, 3339.60, 0.00, 151.92, 301617, 301060, 60, 56.0, , 1
Python, spectral-norm, 25,  6871.79, 3412.95, 3321.45, 0.00, 152.16, 302068, 301557, 61, 56.0, , 1
Python, spectral-norm, 25,  6844.22, 3390.62, 3299.61, 0.00, 151.29, 300380, 299802, 46, 57.0, , 1
